ordinal	kind	start	end	depth	sha256	payload-base64
0	PREPROCESSOR	0	711	0	3dfbd91ef61189c004a3dd4e78c8813c039659c4e75c94cd8fadb4c4c720a056	LyoqKioqKioqKioqKioqKioqKioqKioqKioqKioqKioqKioqKioqKioqKioqKioqKioqKioqKioqKioqKioqKioqKioqKioqKioqKioqKioKICogQ29weXJpZ2h0IChjKSAyMDAwLCAyMDIyIElCTSBDb3Jwb3JhdGlvbiBhbmQgb3RoZXJzLgogKgogKiBUaGlzIHByb2dyYW0gYW5kIHRoZSBhY2NvbXBhbnlpbmcgbWF0ZXJpYWxzCiAqIGFyZSBtYWRlIGF2YWlsYWJsZSB1bmRlciB0aGUgdGVybXMgb2YgdGhlIEVjbGlwc2UgUHVibGljIExpY2Vuc2UgMi4wCiAqIHdoaWNoIGFjY29tcGFuaWVzIHRoaXMgZGlzdHJpYnV0aW9uLCBhbmQgaXMgYXZhaWxhYmxlIGF0CiAqIGh0dHBzOi8vd3d3LmVjbGlwc2Uub3JnL2xlZ2FsL2VwbC0yLjAvCiAqCiAqIFNQRFgtTGljZW5zZS1JZGVudGlmaWVyOiBFUEwtMi4wCiAqCiAqIENvbnRyaWJ1dG9yczoKICogICAgSUJNIENvcnBvcmF0aW9uIC0gaW5pdGlhbCBBUEkgYW5kIGltcGxlbWVudGF0aW9uCiAqKioqKioqKioqKioqKioqKioqKioqKioqKioqKioqKioqKioqKioqKioqKioqKioqKioqKioqKioqKioqKioqKioqKioqKioqKioqKioqLwoKLyogTm90ZTogVGhpcyBmaWxlIHdhcyBhdXRvLWdlbmVyYXRlZCBieSBvcmcuZWNsaXBzZS5zd3QudG9vbHMuaW50ZXJuYWwuSk5JR2VuZXJhdG9yICovCi8qIERPIE5PVCBFRElUIC0geW91ciBjaGFuZ2VzIHdpbGwgYmUgbG9zdC4gKi8KCiNpbmNsdWRlICJzd3QuaCIK
1	PREPROCESSOR	711	736	0	fdef2f278ce2fee40e620f7b9e2fa349d0c071a81568e51cb8d7a6ef60896b1e	I2luY2x1ZGUgImNvbV9zdHJ1Y3RzLmgiCg==
2	PREPROCESSOR	736	759	0	7a23d49ee5a91c9add23e4ff0b7555b06609e6ecbf89edf036ef184c33156da1	I2luY2x1ZGUgImNvbV9zdGF0cy5oIgo=
3	PREPROCESSOR	759	779	0	58529bbb51a4c23597a6828794ae679b47a51c4a1a9c626f2ecae45c3e70a525	CiNpZm5kZWYgQ09NX05BVElWRQo=
4	PREPROCESSOR	779	855	0	74bb7ccc752b19175291db5cfd4f58ee7eb4ba801e1bb388ba0409e349195897	I2RlZmluZSBDT01fTkFUSVZFKGZ1bmMpIEphdmFfb3JnX2VjbGlwc2Vfc3d0X2ludGVybmFsX29sZV93aW4zMl9DT01fIyNmdW5jCg==
5	PREPROCESSOR	855	862	0	9a349bbd1a21104f051e34b2c8a9e70cc7fbb50bc19a67781f2a140c386d9438	I2VuZGlmCg==
6	PREPROCESSOR	862	877	0	02ad66e4edcb58f9dcce2125c273677e0528ffa10333cf47499fd422f58700a9	CiNpZmRlZiBfV0lOMzIK
7	PREPROCESSOR	877	975	0	e45025baf96bfb1438a08cb2f2124a2f8c95de5484000985b1dfbdc0f4a30f80	ICAvKiBNYW55IG1ldGhvZHMgZG9uJ3QgdXNlIHRoZWlyICdlbnYnIGFuZCAndGhhdCcgYXJndW1lbnRzICovCiAgI3ByYWdtYSB3YXJuaW5nIChkaXNhYmxlOiA0MTAwKQo=
8	PREPROCESSOR	975	982	0	9a349bbd1a21104f051e34b2c8a9e70cc7fbb50bc19a67781f2a140c386d9438	I2VuZGlmCg==
9	PREPROCESSOR	982	1009	0	df0c36b79852d623c451ac90e092177663484da8937a949826d41a04ff201cf0	CiNpZm5kZWYgTk9fQ0FVVUlEXzFzaXplb2YK
10	FUNCTION_OPEN	1009	1088	0	c4720da805293ff19fdd51ccc2283c02f2c54e7dabb977e7249b9e6410b37060	Sk5JRVhQT1JUIGppbnQgSk5JQ0FMTCBDT01fTkFUSVZFKENBVVVJRF8xc2l6ZW9mKQoJKEpOSUVudiAqZW52LCBqY2xhc3MgdGhhdCkKew==
11	STATEMENT	1088	1102	1	ab2eac128ef6225b35f40b35e2bd8fba39be8b3b6b281960b3c51646eba99890	CglqaW50IHJjID0gMDs=
12	STATEMENT	1102	1153	1	9890fe035216228ec5935cec6f1b6094a26fd8a688f1a3523528c8926c1a494a	CglDT01fTkFUSVZFX0VOVEVSKGVudiwgdGhhdCwgQ0FVVUlEXzFzaXplb2ZfRlVOQyk7
13	STATEMENT	1153	1182	1	a0f46466c120ad0f7f2651e85d1587d313b88a90bc7ef325bd3ae31af8815811	CglyYyA9IChqaW50KUNBVVVJRF9zaXplb2YoKTs=
14	STATEMENT	1182	1232	1	1ce86cc3da9128f4098a9119adcc76ec38efc646be462b6853b2be2abf4bd269	CglDT01fTkFUSVZFX0VYSVQoZW52LCB0aGF0LCBDQVVVSURfMXNpemVvZl9GVU5DKTs=
15	STATEMENT	1232	1244	1	a028c9c9501df4846ec72c7b4432d4a3cb499b36b781bb1c38853498151d0ba7	CglyZXR1cm4gcmM7
16	FRAGMENT	1244	1245	1	01ba4719c80b6fe911b091a7c05124b64eeece964e09c058ef8f9805daca546b	Cg==
17	BLOCK_CLOSE	1245	1246	0	d10b36aa74a59bcf4a88185837f658afaf3646eff2bb16c3928d0e9335e945d2	fQ==
18	PREPROCESSOR	1246	1254	0	626de321eb397f6600939892a0009f31bc378f7e886f9acc5ec0af18db6a99a7	CiNlbmRpZgo=
19	PREPROCESSOR	1254	1282	0	5b3f50db55027db506cebf6c2a4eda26084d2254f1096e7f704aac3ccc61cbcc	CiNpZm5kZWYgTk9fQ0xTSURGcm9tUHJvZ0lECg==
20	FUNCTION_OPEN	1282	1393	0	19ed493bf356e56321f649ae80e264bf6b54d3ae7dfb89209a32dad3e017aeeb	Sk5JRVhQT1JUIGppbnQgSk5JQ0FMTCBDT01fTkFUSVZFKENMU0lERnJvbVByb2dJRCkKCShKTklFbnYgKmVudiwgamNsYXNzIHRoYXQsIGpjaGFyQXJyYXkgYXJnMCwgam9iamVjdCBhcmcxKQp7
21	STATEMENT	1393	1414	1	32d4fa5b94dcc2f72cec1836d8f945855495beb83b8fcd9e37cff5be14c8885c	CglqY2hhciAqbHBhcmcwPU5VTEw7
22	STATEMENT	1414	1441	1	a8c55500f955dda9c4186360af5ea7da390fdff3f54ee492d39541e7b08a4cbd	CglHVUlEIF9hcmcxLCAqbHBhcmcxPU5VTEw7
23	STATEMENT	1441	1455	1	ab2eac128ef6225b35f40b35e2bd8fba39be8b3b6b281960b3c51646eba99890	CglqaW50IHJjID0gMDs=
24	STATEMENT	1455	1507	1	4865e5c656b6b7e40b511e2ca7d425072893ef733bc46ef0b4d0852496a713ae	CglDT01fTkFUSVZFX0VOVEVSKGVudiwgdGhhdCwgQ0xTSURGcm9tUHJvZ0lEX0ZVTkMpOw==
25	STATEMENT	1507	1599	1	3cde537b5b4a10c588b62bff850c918d62afc294a9ea231c50b64e440acf07a6	CglpZiAoYXJnMCkgaWYgKChscGFyZzAgPSAoKmVudiktPkdldENoYXJBcnJheUVsZW1lbnRzKGVudiwgYXJnMCwgTlVMTCkpID09IE5VTEwpIGdvdG8gZmFpbDs=
26	STATEMENT	1599	1652	1	ef6d95c86d2caec068377a27503d22d9f9a62f1923700d2f92b880b93e67d421	CglpZiAoYXJnMSkgaWYgKChscGFyZzEgPSAmX2FyZzEpID09IE5VTEwpIGdvdG8gZmFpbDs=
27	STATEMENT	1652	1708	1	b0fadc0343a210f299a6f774f6a09d285f84fbf3a59b855c5890fa5be1e4e26d	CglyYyA9IChqaW50KUNMU0lERnJvbVByb2dJRCgoTFBDT0xFU1RSKWxwYXJnMCwgbHBhcmcxKTs=
28	STATEMENT	1708	1769	1	8292d8b62d8c929f39922bd03714c98284d76a2c9b4919e12b272e4a9d579419	CmZhaWw6CglpZiAoYXJnMSAmJiBscGFyZzEpIHNldEdVSURGaWVsZHMoZW52LCBhcmcxLCBscGFyZzEpOw==
29	STATEMENT	1769	1854	1	42796fc80b305d208119e8fabe3fd193a4a084ca5cb870c817de38f109fb0872	CglpZiAoYXJnMCAmJiBscGFyZzApICgqZW52KS0+UmVsZWFzZUNoYXJBcnJheUVsZW1lbnRzKGVudiwgYXJnMCwgbHBhcmcwLCBKTklfQUJPUlQpOw==
30	STATEMENT	1854	1905	1	5d9605a2cd6e2b3416b05e9ebfb206cf63f6ee498a5affecf23108fa820af75c	CglDT01fTkFUSVZFX0VYSVQoZW52LCB0aGF0LCBDTFNJREZyb21Qcm9nSURfRlVOQyk7
31	STATEMENT	1905	1917	1	a028c9c9501df4846ec72c7b4432d4a3cb499b36b781bb1c38853498151d0ba7	CglyZXR1cm4gcmM7
32	FRAGMENT	1917	1918	1	01ba4719c80b6fe911b091a7c05124b64eeece964e09c058ef8f9805daca546b	Cg==
33	BLOCK_CLOSE	1918	1919	0	d10b36aa74a59bcf4a88185837f658afaf3646eff2bb16c3928d0e9335e945d2	fQ==
34	PREPROCESSOR	1919	1927	0	626de321eb397f6600939892a0009f31bc378f7e886f9acc5ec0af18db6a99a7	CiNlbmRpZgo=
35	PREPROCESSOR	1927	1955	0	7b73d8acdb10a46a45e0b42e1c423f76c5cb6df8294b2a5a1194167894017f8c	CiNpZm5kZWYgTk9fQ0xTSURGcm9tU3RyaW5nCg==
36	FUNCTION_OPEN	1955	2066	0	1a7f7e09a93acce1bf3a52c6d6c2cd296f87ad4566992ab4e59ee2d027d4f9fa	Sk5JRVhQT1JUIGppbnQgSk5JQ0FMTCBDT01fTkFUSVZFKENMU0lERnJvbVN0cmluZykKCShKTklFbnYgKmVudiwgamNsYXNzIHRoYXQsIGpjaGFyQXJyYXkgYXJnMCwgam9iamVjdCBhcmcxKQp7
37	STATEMENT	2066	2087	1	32d4fa5b94dcc2f72cec1836d8f945855495beb83b8fcd9e37cff5be14c8885c	CglqY2hhciAqbHBhcmcwPU5VTEw7
38	STATEMENT	2087	2114	1	a8c55500f955dda9c4186360af5ea7da390fdff3f54ee492d39541e7b08a4cbd	CglHVUlEIF9hcmcxLCAqbHBhcmcxPU5VTEw7
39	STATEMENT	2114	2128	1	ab2eac128ef6225b35f40b35e2bd8fba39be8b3b6b281960b3c51646eba99890	CglqaW50IHJjID0gMDs=
40	STATEMENT	2128	2180	1	9df126d4c2b0a047761287024852c5eb12ea930279d7d4c32c6670a92b70dfab	CglDT01fTkFUSVZFX0VOVEVSKGVudiwgdGhhdCwgQ0xTSURGcm9tU3RyaW5nX0ZVTkMpOw==
41	STATEMENT	2180	2272	1	3cde537b5b4a10c588b62bff850c918d62afc294a9ea231c50b64e440acf07a6	CglpZiAoYXJnMCkgaWYgKChscGFyZzAgPSAoKmVudiktPkdldENoYXJBcnJheUVsZW1lbnRzKGVudiwgYXJnMCwgTlVMTCkpID09IE5VTEwpIGdvdG8gZmFpbDs=
42	STATEMENT	2272	2325	1	ef6d95c86d2caec068377a27503d22d9f9a62f1923700d2f92b880b93e67d421	CglpZiAoYXJnMSkgaWYgKChscGFyZzEgPSAmX2FyZzEpID09IE5VTEwpIGdvdG8gZmFpbDs=
43	STATEMENT	2325	2380	1	f0c05d43fa5d058a44a0598878eac3c2d7045c3ef453cc0374d6365bd7b48521	CglyYyA9IChqaW50KUNMU0lERnJvbVN0cmluZygoTFBPTEVTVFIpbHBhcmcwLCBscGFyZzEpOw==
44	STATEMENT	2380	2441	1	8292d8b62d8c929f39922bd03714c98284d76a2c9b4919e12b272e4a9d579419	CmZhaWw6CglpZiAoYXJnMSAmJiBscGFyZzEpIHNldEdVSURGaWVsZHMoZW52LCBhcmcxLCBscGFyZzEpOw==
45	STATEMENT	2441	2526	1	42796fc80b305d208119e8fabe3fd193a4a084ca5cb870c817de38f109fb0872	CglpZiAoYXJnMCAmJiBscGFyZzApICgqZW52KS0+UmVsZWFzZUNoYXJBcnJheUVsZW1lbnRzKGVudiwgYXJnMCwgbHBhcmcwLCBKTklfQUJPUlQpOw==
46	STATEMENT	2526	2577	1	0f1c1f0945fd9ccdbcbccb5754ed720f2ec83e4e899d2635ef2bbc8e801695e1	CglDT01fTkFUSVZFX0VYSVQoZW52LCB0aGF0LCBDTFNJREZyb21TdHJpbmdfRlVOQyk7
47	STATEMENT	2577	2589	1	a028c9c9501df4846ec72c7b4432d4a3cb499b36b781bb1c38853498151d0ba7	CglyZXR1cm4gcmM7
48	FRAGMENT	2589	2590	1	01ba4719c80b6fe911b091a7c05124b64eeece964e09c058ef8f9805daca546b	Cg==
49	BLOCK_CLOSE	2590	2591	0	d10b36aa74a59bcf4a88185837f658afaf3646eff2bb16c3928d0e9335e945d2	fQ==
50	PREPROCESSOR	2591	2599	0	626de321eb397f6600939892a0009f31bc378f7e886f9acc5ec0af18db6a99a7	CiNlbmRpZgo=
51	PREPROCESSOR	2599	2631	0	2c374175295559d3c949d7a3c24e09ee44c6e2be820ed46025e85545751451ed	CiNpZm5kZWYgTk9fQ09OVFJPTElORk9fMXNpemVvZgo=
52	FUNCTION_OPEN	2631	2715	0	6911991a6acec5340358fa86725fdee9140f275ed176058f5ff750e1068a72b7	Sk5JRVhQT1JUIGppbnQgSk5JQ0FMTCBDT01fTkFUSVZFKENPTlRST0xJTkZPXzFzaXplb2YpCgkoSk5JRW52ICplbnYsIGpjbGFzcyB0aGF0KQp7
53	STATEMENT	2715	2729	1	ab2eac128ef6225b35f40b35e2bd8fba39be8b3b6b281960b3c51646eba99890	CglqaW50IHJjID0gMDs=
54	STATEMENT	2729	2785	1	50ab6b9e837d9a27fbfb9b9d9798fb41f85ead3d5e792df7f43f79d50c54b269	CglDT01fTkFUSVZFX0VOVEVSKGVudiwgdGhhdCwgQ09OVFJPTElORk9fMXNpemVvZl9GVU5DKTs=
55	STATEMENT	2785	2819	1	4869e231a83f98d98bf6b3bcc2a9ba77390f33250becd8bfb448fcfa3aced659	CglyYyA9IChqaW50KUNPTlRST0xJTkZPX3NpemVvZigpOw==
56	STATEMENT	2819	2874	1	d47a196c3a5daa48826fbe5cb4cc764a6cbf716f9785d40ffc88eb0af0d05c3c	CglDT01fTkFUSVZFX0VYSVQoZW52LCB0aGF0LCBDT05UUk9MSU5GT18xc2l6ZW9mX0ZVTkMpOw==
57	STATEMENT	2874	2886	1	a028c9c9501df4846ec72c7b4432d4a3cb499b36b781bb1c38853498151d0ba7	CglyZXR1cm4gcmM7
58	FRAGMENT	2886	2887	1	01ba4719c80b6fe911b091a7c05124b64eeece964e09c058ef8f9805daca546b	Cg==
59	BLOCK_CLOSE	2887	2888	0	d10b36aa74a59bcf4a88185837f658afaf3646eff2bb16c3928d0e9335e945d2	fQ==
60	PREPROCESSOR	2888	2896	0	626de321eb397f6600939892a0009f31bc378f7e886f9acc5ec0af18db6a99a7	CiNlbmRpZgo=
61	PREPROCESSOR	2896	2925	0	8b5cfd24deec68bcaefba28161e8a264f25c8176bd17eb4452ba87b743c1324a	CiNpZm5kZWYgTk9fQ29DcmVhdGVJbnN0YW5jZQo=
62	FUNCTION_OPEN	2925	3074	0	68866b349e97cc207746527f8635bf492a6d0cb8403fb12e264630d1fb211561	Sk5JRVhQT1JUIGppbnQgSk5JQ0FMTCBDT01fTkFUSVZFKENvQ3JlYXRlSW5zdGFuY2UpCgkoSk5JRW52ICplbnYsIGpjbGFzcyB0aGF0LCBqb2JqZWN0IGFyZzAsIGpsb25nIGFyZzEsIGppbnQgYXJnMiwgam9iamVjdCBhcmczLCBqbG9uZ0FycmF5IGFyZzQpCns=
63	STATEMENT	3074	3101	1	301c2b47745706a7bd7f70527fe28dafe91c02b932bb630137d39594eebc7680	CglHVUlEIF9hcmcwLCAqbHBhcmcwPU5VTEw7
64	STATEMENT	3101	3128	1	9e857266909880811ea223b35d439b8088b7290e439c4d48da4a7b681d23dfb7	CglHVUlEIF9hcmczLCAqbHBhcmczPU5VTEw7
65	STATEMENT	3128	3149	1	d5941330676a0efdcc4e14ed01bfebd7ed584a147eee22df8f09b4193a1a1f2a	CglqbG9uZyAqbHBhcmc0PU5VTEw7
66	STATEMENT	3149	3163	1	ab2eac128ef6225b35f40b35e2bd8fba39be8b3b6b281960b3c51646eba99890	CglqaW50IHJjID0gMDs=
67	STATEMENT	3163	3216	1	8ded37e32b858da10d25281c7b1de3b5af74b5ed907d1917547c836acd339459	CglDT01fTkFUSVZFX0VOVEVSKGVudiwgdGhhdCwgQ29DcmVhdGVJbnN0YW5jZV9GVU5DKTs=
68	STATEMENT	3216	3295	1	55529d73ec176a64ddf913ac92ae23dc55a2ff2c620bf05d172977c29ffd60c4	CglpZiAoYXJnMCkgaWYgKChscGFyZzAgPSBnZXRHVUlERmllbGRzKGVudiwgYXJnMCwgJl9hcmcwKSkgPT0gTlVMTCkgZ290byBmYWlsOw==
69	STATEMENT	3295	3374	1	114b3fe658b6b796a863e03d9a682318efd3287cee79219c65a142687c89c362	CglpZiAoYXJnMykgaWYgKChscGFyZzMgPSBnZXRHVUlERmllbGRzKGVudiwgYXJnMywgJl9hcmczKSkgPT0gTlVMTCkgZ290byBmYWlsOw==
70	STATEMENT	3374	3466	1	b069cb587d210b697c539ab4dbb60d9994a00fbbb79f643c8129aef4a641b760	CglpZiAoYXJnNCkgaWYgKChscGFyZzQgPSAoKmVudiktPkdldExvbmdBcnJheUVsZW1lbnRzKGVudiwgYXJnNCwgTlVMTCkpID09IE5VTEwpIGdvdG8gZmFpbDs=
71	STATEMENT	3466	3553	1	fc9e8d4c8a85928ff1ac681e220bdb2647beb0543c4dacda3b33378bea1d598e	CglyYyA9IChqaW50KUNvQ3JlYXRlSW5zdGFuY2UobHBhcmcwLCAoTFBVTktOT1dOKWFyZzEsIGFyZzIsIGxwYXJnMywgKExQVk9JRCAqKWxwYXJnNCk7
72	STATEMENT	3553	3636	1	0014bfa0995db1670483f6366d1abbebb260240894655d9589b76b9988929bb2	CmZhaWw6CglpZiAoYXJnNCAmJiBscGFyZzQpICgqZW52KS0+UmVsZWFzZUxvbmdBcnJheUVsZW1lbnRzKGVudiwgYXJnNCwgbHBhcmc0LCAwKTs=
73	STATEMENT	3636	3688	1	0df1294a01b0821592fe3551203dec81259e4b4e3f866924d03b8c3d7fcfe2f2	CglDT01fTkFUSVZFX0VYSVQoZW52LCB0aGF0LCBDb0NyZWF0ZUluc3RhbmNlX0ZVTkMpOw==
74	STATEMENT	3688	3700	1	a028c9c9501df4846ec72c7b4432d4a3cb499b36b781bb1c38853498151d0ba7	CglyZXR1cm4gcmM7
75	FRAGMENT	3700	3701	1	01ba4719c80b6fe911b091a7c05124b64eeece964e09c058ef8f9805daca546b	Cg==
76	BLOCK_CLOSE	3701	3702	0	d10b36aa74a59bcf4a88185837f658afaf3646eff2bb16c3928d0e9335e945d2	fQ==
77	PREPROCESSOR	3702	3710	0	626de321eb397f6600939892a0009f31bc378f7e886f9acc5ec0af18db6a99a7	CiNlbmRpZgo=
78	PREPROCESSOR	3710	3744	0	b6028f6c9f5954a782fecaef5b240b75cfbcfdcfbdd8567bca6fe2f068159cbb	CiNpZm5kZWYgTk9fQ29GcmVlVW51c2VkTGlicmFyaWVzCg==
79	FUNCTION_OPEN	3744	3830	0	698f683d65708d265e29e6bbcda3cf8b2f6214461fc742578d21118867c0074a	Sk5JRVhQT1JUIHZvaWQgSk5JQ0FMTCBDT01fTkFUSVZFKENvRnJlZVVudXNlZExpYnJhcmllcykKCShKTklFbnYgKmVudiwgamNsYXNzIHRoYXQpCns=
80	STATEMENT	3830	3888	1	a81cc714d9f737f933c764e2c74e5d2a6a16926c273f037a5dec33eb11a32e54	CglDT01fTkFUSVZFX0VOVEVSKGVudiwgdGhhdCwgQ29GcmVlVW51c2VkTGlicmFyaWVzX0ZVTkMpOw==
81	STATEMENT	3888	3914	1	22812958a5f2d3502c8434ef2cc5ffec39702060bb4567196e8561cdbe8fbf3b	CglDb0ZyZWVVbnVzZWRMaWJyYXJpZXMoKTs=
82	STATEMENT	3914	3971	1	c3c5f355d0d5cf6fe0b41a228aa4b2ce7a759d7afcc5222ee89d64c30caf58d1	CglDT01fTkFUSVZFX0VYSVQoZW52LCB0aGF0LCBDb0ZyZWVVbnVzZWRMaWJyYXJpZXNfRlVOQyk7
83	FRAGMENT	3971	3972	1	01ba4719c80b6fe911b091a7c05124b64eeece964e09c058ef8f9805daca546b	Cg==
84	BLOCK_CLOSE	3972	3973	0	d10b36aa74a59bcf4a88185837f658afaf3646eff2bb16c3928d0e9335e945d2	fQ==
85	PREPROCESSOR	3973	3981	0	626de321eb397f6600939892a0009f31bc378f7e886f9acc5ec0af18db6a99a7	CiNlbmRpZgo=
86	PREPROCESSOR	3981	4010	0	3ffb2b3bc4489d0a903fe90d22731d77f03f3f29a00956e3af09faf75199e00a	CiNpZm5kZWYgTk9fQ29HZXRDbGFzc09iamVjdAo=
87	FUNCTION_OPEN	4010	4159	0	7bb77cafb40601e6037ed88b445bc0896a590fce1f43d755f284ddc15a510b28	Sk5JRVhQT1JUIGppbnQgSk5JQ0FMTCBDT01fTkFUSVZFKENvR2V0Q2xhc3NPYmplY3QpCgkoSk5JRW52ICplbnYsIGpjbGFzcyB0aGF0LCBqb2JqZWN0IGFyZzAsIGppbnQgYXJnMSwgamxvbmcgYXJnMiwgam9iamVjdCBhcmczLCBqbG9uZ0FycmF5IGFyZzQpCns=
88	STATEMENT	4159	4186	1	301c2b47745706a7bd7f70527fe28dafe91c02b932bb630137d39594eebc7680	CglHVUlEIF9hcmcwLCAqbHBhcmcwPU5VTEw7
89	STATEMENT	4186	4213	1	9e857266909880811ea223b35d439b8088b7290e439c4d48da4a7b681d23dfb7	CglHVUlEIF9hcmczLCAqbHBhcmczPU5VTEw7
90	STATEMENT	4213	4234	1	d5941330676a0efdcc4e14ed01bfebd7ed584a147eee22df8f09b4193a1a1f2a	CglqbG9uZyAqbHBhcmc0PU5VTEw7
91	STATEMENT	4234	4248	1	ab2eac128ef6225b35f40b35e2bd8fba39be8b3b6b281960b3c51646eba99890	CglqaW50IHJjID0gMDs=
92	STATEMENT	4248	4301	1	ae1b4e3b4290661181e644ebc0574980c58b9973bae5ca02687ed777f32bcd86	CglDT01fTkFUSVZFX0VOVEVSKGVudiwgdGhhdCwgQ29HZXRDbGFzc09iamVjdF9GVU5DKTs=
93	STATEMENT	4301	4380	1	55529d73ec176a64ddf913ac92ae23dc55a2ff2c620bf05d172977c29ffd60c4	CglpZiAoYXJnMCkgaWYgKChscGFyZzAgPSBnZXRHVUlERmllbGRzKGVudiwgYXJnMCwgJl9hcmcwKSkgPT0gTlVMTCkgZ290byBmYWlsOw==
94	STATEMENT	4380	4459	1	114b3fe658b6b796a863e03d9a682318efd3287cee79219c65a142687c89c362	CglpZiAoYXJnMykgaWYgKChscGFyZzMgPSBnZXRHVUlERmllbGRzKGVudiwgYXJnMywgJl9hcmczKSkgPT0gTlVMTCkgZ290byBmYWlsOw==
95	STATEMENT	4459	4551	1	b069cb587d210b697c539ab4dbb60d9994a00fbbb79f643c8129aef4a641b760	CglpZiAoYXJnNCkgaWYgKChscGFyZzQgPSAoKmVudiktPkdldExvbmdBcnJheUVsZW1lbnRzKGVudiwgYXJnNCwgTlVMTCkpID09IE5VTEwpIGdvdG8gZmFpbDs=
96	STATEMENT	4551	4643	1	acd4c92f74dfae397e7a4f8e99923ca79427fb43db5353e76caf2b2a4d2d8621	CglyYyA9IChqaW50KUNvR2V0Q2xhc3NPYmplY3QobHBhcmcwLCBhcmcxLCAoQ09TRVJWRVJJTkZPICopYXJnMiwgbHBhcmczLCAoTFBWT0lEICopbHBhcmc0KTs=
97	STATEMENT	4643	4726	1	0014bfa0995db1670483f6366d1abbebb260240894655d9589b76b9988929bb2	CmZhaWw6CglpZiAoYXJnNCAmJiBscGFyZzQpICgqZW52KS0+UmVsZWFzZUxvbmdBcnJheUVsZW1lbnRzKGVudiwgYXJnNCwgbHBhcmc0LCAwKTs=
98	STATEMENT	4726	4778	1	36b6b7cf2337879546b87bcd873630e457444f1a1f49c468c1b7e81e2b0a6091	CglDT01fTkFUSVZFX0VYSVQoZW52LCB0aGF0LCBDb0dldENsYXNzT2JqZWN0X0ZVTkMpOw==
99	STATEMENT	4778	4790	1	a028c9c9501df4846ec72c7b4432d4a3cb499b36b781bb1c38853498151d0ba7	CglyZXR1cm4gcmM7
100	FRAGMENT	4790	4791	1	01ba4719c80b6fe911b091a7c05124b64eeece964e09c058ef8f9805daca546b	Cg==
101	BLOCK_CLOSE	4791	4792	0	d10b36aa74a59bcf4a88185837f658afaf3646eff2bb16c3928d0e9335e945d2	fQ==
102	PREPROCESSOR	4792	4800	0	626de321eb397f6600939892a0009f31bc378f7e886f9acc5ec0af18db6a99a7	CiNlbmRpZgo=
103	PREPROCESSOR	4800	4833	0	56f19d5a42edde4afd3777754f813320258b7b6ec8bb679ac7aef8db2a110c61	CiNpZm5kZWYgTk9fQ29Mb2NrT2JqZWN0RXh0ZXJuYWwK
104	FUNCTION_OPEN	4833	4960	0	9377d41a1bf38a2cdb6128fa59a7faee7b86318eb80eb65f5e8ca45f33600ab7	Sk5JRVhQT1JUIGppbnQgSk5JQ0FMTCBDT01fTkFUSVZFKENvTG9ja09iamVjdEV4dGVybmFsKQoJKEpOSUVudiAqZW52LCBqY2xhc3MgdGhhdCwgamxvbmcgYXJnMCwgamJvb2xlYW4gYXJnMSwgamJvb2xlYW4gYXJnMikKew==
105	STATEMENT	4960	4974	1	ab2eac128ef6225b35f40b35e2bd8fba39be8b3b6b281960b3c51646eba99890	CglqaW50IHJjID0gMDs=
106	STATEMENT	4974	5031	1	e28b6d86015768c286f5cc63f5bd53e83a6a5f31669a1c11e120250ecc807e20	CglDT01fTkFUSVZFX0VOVEVSKGVudiwgdGhhdCwgQ29Mb2NrT2JqZWN0RXh0ZXJuYWxfRlVOQyk7
107	STATEMENT	5031	5107	1	de8d478205c81d8d037e992eeca58ab06248a1e65cff02bf9b35841fb6d81f32	CglyYyA9IChqaW50KUNvTG9ja09iamVjdEV4dGVybmFsKChJVW5rbm93biAqKWFyZzAsIChCT09MKWFyZzEsIChCT09MKWFyZzIpOw==
108	STATEMENT	5107	5163	1	1a45a21ae714b4a3a32d50471b6dae32e1a03dba45e5c96233a706e88ed744b8	CglDT01fTkFUSVZFX0VYSVQoZW52LCB0aGF0LCBDb0xvY2tPYmplY3RFeHRlcm5hbF9GVU5DKTs=
109	STATEMENT	5163	5175	1	a028c9c9501df4846ec72c7b4432d4a3cb499b36b781bb1c38853498151d0ba7	CglyZXR1cm4gcmM7
110	FRAGMENT	5175	5176	1	01ba4719c80b6fe911b091a7c05124b64eeece964e09c058ef8f9805daca546b	Cg==
111	BLOCK_CLOSE	5176	5177	0	d10b36aa74a59bcf4a88185837f658afaf3646eff2bb16c3928d0e9335e945d2	fQ==
112	PREPROCESSOR	5177	5185	0	626de321eb397f6600939892a0009f31bc378f7e886f9acc5ec0af18db6a99a7	CiNlbmRpZgo=
113	PREPROCESSOR	5185	5238	0	5504eaee8687d4003f076cf8531f93a6aacb85443d5d3665f0d33b8cc97d0882	CiNpZm5kZWYgTk9fQ3JlYXRlQ29yZVdlYlZpZXcyRW52aXJvbm1lbnRXaXRoT3B0aW9ucwo=
114	FUNCTION_OPEN	5238	5401	0	611d34342fcd5749744a232f53f6405deb30f53e89382c2a261084a3b2017346	Sk5JRVhQT1JUIGppbnQgSk5JQ0FMTCBDT01fTkFUSVZFKENyZWF0ZUNvcmVXZWJWaWV3MkVudmlyb25tZW50V2l0aE9wdGlvbnMpCgkoSk5JRW52ICplbnYsIGpjbGFzcyB0aGF0LCBqY2hhckFycmF5IGFyZzAsIGpjaGFyQXJyYXkgYXJnMSwgamxvbmcgYXJnMiwgamxvbmcgYXJnMykKew==
115	STATEMENT	5401	5422	1	32d4fa5b94dcc2f72cec1836d8f945855495beb83b8fcd9e37cff5be14c8885c	CglqY2hhciAqbHBhcmcwPU5VTEw7
116	STATEMENT	5422	5443	1	cb233fdf59df1dd8a069c3bfcfdc1736b1e106ad16a2ac4efdc03ccbc3d7e752	CglqY2hhciAqbHBhcmcxPU5VTEw7
117	STATEMENT	5443	5457	1	ab2eac128ef6225b35f40b35e2bd8fba39be8b3b6b281960b3c51646eba99890	CglqaW50IHJjID0gMDs=
118	STATEMENT	5457	5534	1	6240c009ce6e9539339de2e0e98ea817d224a58a851d990be3b1a8fa28001cc8	CglDT01fTkFUSVZFX0VOVEVSKGVudiwgdGhhdCwgQ3JlYXRlQ29yZVdlYlZpZXcyRW52aXJvbm1lbnRXaXRoT3B0aW9uc19GVU5DKTs=
119	STATEMENT	5534	5626	1	3cde537b5b4a10c588b62bff850c918d62afc294a9ea231c50b64e440acf07a6	CglpZiAoYXJnMCkgaWYgKChscGFyZzAgPSAoKmVudiktPkdldENoYXJBcnJheUVsZW1lbnRzKGVudiwgYXJnMCwgTlVMTCkpID09IE5VTEwpIGdvdG8gZmFpbDs=
120	STATEMENT	5626	5718	1	0b2f55509ee3161a35c27793f059e8258072026034612378fef81037e3a9817b	CglpZiAoYXJnMSkgaWYgKChscGFyZzEgPSAoKmVudiktPkdldENoYXJBcnJheUVsZW1lbnRzKGVudiwgYXJnMSwgTlVMTCkpID09IE5VTEwpIGdvdG8gZmFpbDs=
121	BLOCK_OPEN	5718	5809	1	ea6aba21bee796f617cfdf1890e93b11d5e207e9fcceb6eb8c86d4e127be3eed	Ci8qCglyYyA9IChqaW50KUNyZWF0ZUNvcmVXZWJWaWV3MkVudmlyb25tZW50V2l0aE9wdGlvbnMobHBhcmcwLCBscGFyZzEsIGFyZzIsIGFyZzMpOwoqLwoJew==
122	BLOCK_OPEN	5809	5887	2	992dd69eb5e48f93734a23a6b5be0e67933b348775b5b052266748e0a08bbdbd	CgkJQ09NX0xPQURfRlVOQ1RJT04oZnAsIENyZWF0ZUNvcmVXZWJWaWV3MkVudmlyb25tZW50V2l0aE9wdGlvbnMpCgkJaWYgKGZwKSB7
123	STATEMENT	5887	5995	3	343884ef70444cfd79be10899425bde1d1f36193b9aad69f177c8e3d1d5ac94c	CgkJCXJjID0gKGppbnQpKChqaW50IChDQUxMSU5HX0NPTlZFTlRJT04qKShqY2hhciAqLCBqY2hhciAqLCBqbG9uZywgamxvbmcpKWZwKShscGFyZzAsIGxwYXJnMSwgYXJnMiwgYXJnMyk7
124	FRAGMENT	5995	5998	3	3e13fafe8992426ccfcfbe1e1135fcbb8364b4a0a7331c64ba06546009b758f1	CgkJ
125	BLOCK_CLOSE	5998	5999	2	d10b36aa74a59bcf4a88185837f658afaf3646eff2bb16c3928d0e9335e945d2	fQ==
126	FRAGMENT	5999	6001	2	e8822f532ae9349b2b5743c494efd216ed4e44f9ebc82a6b1cb54895a5b88433	Cgk=
127	BLOCK_CLOSE	6001	6002	1	d10b36aa74a59bcf4a88185837f658afaf3646eff2bb16c3928d0e9335e945d2	fQ==
128	STATEMENT	6002	6093	1	5b9e81cefa301b8765cc817dd2efadc60e884289547751ec517b14aa9f62b40d	CmZhaWw6CglpZiAoYXJnMSAmJiBscGFyZzEpICgqZW52KS0+UmVsZWFzZUNoYXJBcnJheUVsZW1lbnRzKGVudiwgYXJnMSwgbHBhcmcxLCBKTklfQUJPUlQpOw==
129	STATEMENT	6093	6178	1	42796fc80b305d208119e8fabe3fd193a4a084ca5cb870c817de38f109fb0872	CglpZiAoYXJnMCAmJiBscGFyZzApICgqZW52KS0+UmVsZWFzZUNoYXJBcnJheUVsZW1lbnRzKGVudiwgYXJnMCwgbHBhcmcwLCBKTklfQUJPUlQpOw==
130	STATEMENT	6178	6254	1	a0d114afdd92496f9474622571b44df7003326b5bb32e79afb21d3c40c1ba6ea	CglDT01fTkFUSVZFX0VYSVQoZW52LCB0aGF0LCBDcmVhdGVDb3JlV2ViVmlldzJFbnZpcm9ubWVudFdpdGhPcHRpb25zX0ZVTkMpOw==
131	STATEMENT	6254	6266	1	a028c9c9501df4846ec72c7b4432d4a3cb499b36b781bb1c38853498151d0ba7	CglyZXR1cm4gcmM7
132	FRAGMENT	6266	6267	1	01ba4719c80b6fe911b091a7c05124b64eeece964e09c058ef8f9805daca546b	Cg==
133	BLOCK_CLOSE	6267	6268	0	d10b36aa74a59bcf4a88185837f658afaf3646eff2bb16c3928d0e9335e945d2	fQ==
134	PREPROCESSOR	6268	6276	0	626de321eb397f6600939892a0009f31bc378f7e886f9acc5ec0af18db6a99a7	CiNlbmRpZgo=
135	PREPROCESSOR	6276	6314	0	8378ad25990af3e1d563f2ead3b3d8b22e8b7b52f827470a166bc778bb95b645	CiNpZm5kZWYgTk9fQ3JlYXRlU3RkQWNjZXNzaWJsZU9iamVjdAo=
136	FUNCTION_OPEN	6314	6458	0	3106413e98d3d6d4e14a284b238b39957b9a58dc63586494beae915fb4af2a89	Sk5JRVhQT1JUIGppbnQgSk5JQ0FMTCBDT01fTkFUSVZFKENyZWF0ZVN0ZEFjY2Vzc2libGVPYmplY3QpCgkoSk5JRW52ICplbnYsIGpjbGFzcyB0aGF0LCBqbG9uZyBhcmcwLCBqaW50IGFyZzEsIGpvYmplY3QgYXJnMiwgamxvbmdBcnJheSBhcmczKQp7
137	STATEMENT	6458	6485	1	d9ee67e714c57414548cae86e72f0fb70b38060d70125731619d0c8777e13808	CglHVUlEIF9hcmcyLCAqbHBhcmcyPU5VTEw7
138	STATEMENT	6485	6506	1	8ee0624ff69df7caa4a6f36603c3326c6c26e821a3f31345176b5e3e05ab3464	CglqbG9uZyAqbHBhcmczPU5VTEw7
139	STATEMENT	6506	6520	1	ab2eac128ef6225b35f40b35e2bd8fba39be8b3b6b281960b3c51646eba99890	CglqaW50IHJjID0gMDs=
140	STATEMENT	6520	6582	1	0ffd5880bd3d9f886e6e36b449d28ff9825081119f128994e627b5050c699738	CglDT01fTkFUSVZFX0VOVEVSKGVudiwgdGhhdCwgQ3JlYXRlU3RkQWNjZXNzaWJsZU9iamVjdF9GVU5DKTs=
141	STATEMENT	6582	6661	1	234f362547d83714c48eaa9774205ff8edee5d7159c1fcabb74c46bd190395ef	CglpZiAoYXJnMikgaWYgKChscGFyZzIgPSBnZXRHVUlERmllbGRzKGVudiwgYXJnMiwgJl9hcmcyKSkgPT0gTlVMTCkgZ290byBmYWlsOw==
142	STATEMENT	6661	6753	1	198070916f65a7a336d1d5c94f3a7481dc996ecc48f71f8ce36e2770b764de4c	CglpZiAoYXJnMykgaWYgKChscGFyZzMgPSAoKmVudiktPkdldExvbmdBcnJheUVsZW1lbnRzKGVudiwgYXJnMywgTlVMTCkpID09IE5VTEwpIGdvdG8gZmFpbDs=
143	STATEMENT	6753	6836	1	df901fb5c2eee4bbc7cabd0ab64f4f52e70b892c5aa367157f7692f0c939f0ac	CglyYyA9IChqaW50KUNyZWF0ZVN0ZEFjY2Vzc2libGVPYmplY3QoKEhXTkQpYXJnMCwgYXJnMSwgbHBhcmcyLCAoTFBWT0lEICopbHBhcmczKTs=
144	STATEMENT	6836	6919	1	7bef3c7fed260585b1618d0789dbd54f93bee93ea39f6164094bf40d6ec979d9	CmZhaWw6CglpZiAoYXJnMyAmJiBscGFyZzMpICgqZW52KS0+UmVsZWFzZUxvbmdBcnJheUVsZW1lbnRzKGVudiwgYXJnMywgbHBhcmczLCAwKTs=
145	STATEMENT	6919	6980	1	859ab142f156f64b74573e794edb05dc2d3d3153f958c136eb0cd260f0064ff0	CglDT01fTkFUSVZFX0VYSVQoZW52LCB0aGF0LCBDcmVhdGVTdGRBY2Nlc3NpYmxlT2JqZWN0X0ZVTkMpOw==
146	STATEMENT	6980	6992	1	a028c9c9501df4846ec72c7b4432d4a3cb499b36b781bb1c38853498151d0ba7	CglyZXR1cm4gcmM7
147	FRAGMENT	6992	6993	1	01ba4719c80b6fe911b091a7c05124b64eeece964e09c058ef8f9805daca546b	Cg==
148	BLOCK_CLOSE	6993	6994	0	d10b36aa74a59bcf4a88185837f658afaf3646eff2bb16c3928d0e9335e945d2	fQ==
149	PREPROCESSOR	6994	7002	0	626de321eb397f6600939892a0009f31bc378f7e886f9acc5ec0af18db6a99a7	CiNlbmRpZgo=
150	PREPROCESSOR	7002	7033	0	2a792b8eb7c6862119e1fe427af219a5efe76adb28342bc255c9418776062587	CiNpZm5kZWYgTk9fRElTUFBBUkFNU18xc2l6ZW9mCg==
151	FUNCTION_OPEN	7033	7116	0	961c4b9aa26662e54488d61db2b0540484d22c5b642565c0402bf4ee3207d4ae	Sk5JRVhQT1JUIGppbnQgSk5JQ0FMTCBDT01fTkFUSVZFKERJU1BQQVJBTVNfMXNpemVvZikKCShKTklFbnYgKmVudiwgamNsYXNzIHRoYXQpCns=
152	STATEMENT	7116	7130	1	ab2eac128ef6225b35f40b35e2bd8fba39be8b3b6b281960b3c51646eba99890	CglqaW50IHJjID0gMDs=
153	STATEMENT	7130	7185	1	a76bc8557333aca6e08ff550345e398fd583f928508b82f78684adb198354b53	CglDT01fTkFUSVZFX0VOVEVSKGVudiwgdGhhdCwgRElTUFBBUkFNU18xc2l6ZW9mX0ZVTkMpOw==
154	STATEMENT	7185	7218	1	ce16e922a5c2f6731b66fda863e47502868986a04a4241e10fad1b5b944fd774	CglyYyA9IChqaW50KURJU1BQQVJBTVNfc2l6ZW9mKCk7
155	STATEMENT	7218	7272	1	911eb7bf212d42fc31c20d592897a0e797cbfb419a65a91baf86327b80607f5e	CglDT01fTkFUSVZFX0VYSVQoZW52LCB0aGF0LCBESVNQUEFSQU1TXzFzaXplb2ZfRlVOQyk7
156	STATEMENT	7272	7284	1	a028c9c9501df4846ec72c7b4432d4a3cb499b36b781bb1c38853498151d0ba7	CglyZXR1cm4gcmM7
157	FRAGMENT	7284	7285	1	01ba4719c80b6fe911b091a7c05124b64eeece964e09c058ef8f9805daca546b	Cg==
158	BLOCK_CLOSE	7285	7286	0	d10b36aa74a59bcf4a88185837f658afaf3646eff2bb16c3928d0e9335e945d2	fQ==
159	PREPROCESSOR	7286	7294	0	626de321eb397f6600939892a0009f31bc378f7e886f9acc5ec0af18db6a99a7	CiNlbmRpZgo=
160	PREPROCESSOR	7294	7317	0	a60a7736371a845ea801e61a5bf90e31a3d867ee3f0c9de94133436d42ba0254	CiNpZm5kZWYgTk9fRG9EcmFnRHJvcAo=
161	FUNCTION_OPEN	7317	7443	0	9dc7770b67a7e9270faa246858cf059262cee2c107be57a03dc3a62dc58d74c1	Sk5JRVhQT1JUIGppbnQgSk5JQ0FMTCBDT01fTkFUSVZFKERvRHJhZ0Ryb3ApCgkoSk5JRW52ICplbnYsIGpjbGFzcyB0aGF0LCBqbG9uZyBhcmcwLCBqbG9uZyBhcmcxLCBqaW50IGFyZzIsIGppbnRBcnJheSBhcmczKQp7
162	STATEMENT	7443	7463	1	0f4babeb3fabdb0096eafa4397c27097595e5b24e72497515f7bc834d6e696e6	CglqaW50ICpscGFyZzM9TlVMTDs=
163	STATEMENT	7463	7477	1	ab2eac128ef6225b35f40b35e2bd8fba39be8b3b6b281960b3c51646eba99890	CglqaW50IHJjID0gMDs=
164	STATEMENT	7477	7524	1	5f7a969d3197cc203249ad0fc058e1244db500a9ad525498d6b9ad23dc190fee	CglDT01fTkFUSVZFX0VOVEVSKGVudiwgdGhhdCwgRG9EcmFnRHJvcF9GVU5DKTs=
165	STATEMENT	7524	7615	1	7632bbb38eb7590a94c2214c3112651826b6ce953b00f0b1eb8eda5e1152fdd9	CglpZiAoYXJnMykgaWYgKChscGFyZzMgPSAoKmVudiktPkdldEludEFycmF5RWxlbWVudHMoZW52LCBhcmczLCBOVUxMKSkgPT0gTlVMTCkgZ290byBmYWlsOw==
166	STATEMENT	7615	7704	1	44de6ab80335410dd219d252da3b8a05ec808f8b1d1046e23f59b1d9e45103fc	CglyYyA9IChqaW50KURvRHJhZ0Ryb3AoKElEYXRhT2JqZWN0ICopYXJnMCwgKElEcm9wU291cmNlICopYXJnMSwgYXJnMiwgKExQRFdPUkQpbHBhcmczKTs=
167	STATEMENT	7704	7786	1	c93876a6b6eccbaa66ebcc5b123e27f00ff3bf4551e55ebdd675082af1fdc367	CmZhaWw6CglpZiAoYXJnMyAmJiBscGFyZzMpICgqZW52KS0+UmVsZWFzZUludEFycmF5RWxlbWVudHMoZW52LCBhcmczLCBscGFyZzMsIDApOw==
168	STATEMENT	7786	7832	1	43357bc4a022d767fff5f07ac0c6f0930b5d157bc316920179611349c76851b9	CglDT01fTkFUSVZFX0VYSVQoZW52LCB0aGF0LCBEb0RyYWdEcm9wX0ZVTkMpOw==
169	STATEMENT	7832	7844	1	a028c9c9501df4846ec72c7b4432d4a3cb499b36b781bb1c38853498151d0ba7	CglyZXR1cm4gcmM7
170	FRAGMENT	7844	7845	1	01ba4719c80b6fe911b091a7c05124b64eeece964e09c058ef8f9805daca546b	Cg==
171	BLOCK_CLOSE	7845	7846	0	d10b36aa74a59bcf4a88185837f658afaf3646eff2bb16c3928d0e9335e945d2	fQ==
172	PREPROCESSOR	7846	7854	0	626de321eb397f6600939892a0009f31bc378f7e886f9acc5ec0af18db6a99a7	CiNlbmRpZgo=
173	PREPROCESSOR	7854	7883	0	699d3f48335d3c84b3ae954343582632781e1684e5cbc3a4e1ac6e1df6689f4d	CiNpZm5kZWYgTk9fRUxFTURFU0NfMXNpemVvZgo=
174	FUNCTION_OPEN	7883	7964	0	334b6aee603d211e28c4c023dc4e86091fc2475e757941f30d605bef71a9e3ee	Sk5JRVhQT1JUIGppbnQgSk5JQ0FMTCBDT01fTkFUSVZFKEVMRU1ERVNDXzFzaXplb2YpCgkoSk5JRW52ICplbnYsIGpjbGFzcyB0aGF0KQp7
175	STATEMENT	7964	7978	1	ab2eac128ef6225b35f40b35e2bd8fba39be8b3b6b281960b3c51646eba99890	CglqaW50IHJjID0gMDs=
176	STATEMENT	7978	8031	1	8101ac85eb0e26304fa55c8223d5c94e043bc1055f7e87c9ea0a42063edf6aab	CglDT01fTkFUSVZFX0VOVEVSKGVudiwgdGhhdCwgRUxFTURFU0NfMXNpemVvZl9GVU5DKTs=
177	STATEMENT	8031	8062	1	5af964f9c6ddac5731c6c1ab47f5a887019569a92e8d7ac4288d58eb6ebb8b4c	CglyYyA9IChqaW50KUVMRU1ERVNDX3NpemVvZigpOw==
178	STATEMENT	8062	8114	1	112f20cedba81354a68bf34470b0728ddc7d05949084b8146ef96f567fe1adfb	CglDT01fTkFUSVZFX0VYSVQoZW52LCB0aGF0LCBFTEVNREVTQ18xc2l6ZW9mX0ZVTkMpOw==
179	STATEMENT	8114	8126	1	a028c9c9501df4846ec72c7b4432d4a3cb499b36b781bb1c38853498151d0ba7	CglyZXR1cm4gcmM7
180	FRAGMENT	8126	8127	1	01ba4719c80b6fe911b091a7c05124b64eeece964e09c058ef8f9805daca546b	Cg==
181	BLOCK_CLOSE	8127	8128	0	d10b36aa74a59bcf4a88185837f658afaf3646eff2bb16c3928d0e9335e945d2	fQ==
182	PREPROCESSOR	8128	8136	0	626de321eb397f6600939892a0009f31bc378f7e886f9acc5ec0af18db6a99a7	CiNlbmRpZgo=
183	PREPROCESSOR	8136	8166	0	d48d49d1d8a2fac79e83fa04e17a3bbdff16946b63c81dd9cbdfb2550a5f9f45	CiNpZm5kZWYgTk9fRVhDRVBJTkZPXzFzaXplb2YK
184	FUNCTION_OPEN	8166	8248	0	6425ec2cddac974acc5bdbbd14ea00a45c5f5234afc6d253b62789fa0f0f6ddb	Sk5JRVhQT1JUIGppbnQgSk5JQ0FMTCBDT01fTkFUSVZFKEVYQ0VQSU5GT18xc2l6ZW9mKQoJKEpOSUVudiAqZW52LCBqY2xhc3MgdGhhdCkKew==
185	STATEMENT	8248	8262	1	ab2eac128ef6225b35f40b35e2bd8fba39be8b3b6b281960b3c51646eba99890	CglqaW50IHJjID0gMDs=
186	STATEMENT	8262	8316	1	18071f00064db8e1363b235962b9fbe9d26523326075add8a524a5c713ac40b6	CglDT01fTkFUSVZFX0VOVEVSKGVudiwgdGhhdCwgRVhDRVBJTkZPXzFzaXplb2ZfRlVOQyk7
187	STATEMENT	8316	8348	1	ea01e92fc1cf48b6c6db33935f2a1e0ebff1e95b43245d6b026ca9f14320fd5f	CglyYyA9IChqaW50KUVYQ0VQSU5GT19zaXplb2YoKTs=
188	STATEMENT	8348	8401	1	34add3db6736b400566373d5cee34efbded226508f2179e3eab972248b25e9f4	CglDT01fTkFUSVZFX0VYSVQoZW52LCB0aGF0LCBFWENFUElORk9fMXNpemVvZl9GVU5DKTs=
189	STATEMENT	8401	8413	1	a028c9c9501df4846ec72c7b4432d4a3cb499b36b781bb1c38853498151d0ba7	CglyZXR1cm4gcmM7
190	FRAGMENT	8413	8414	1	01ba4719c80b6fe911b091a7c05124b64eeece964e09c058ef8f9805daca546b	Cg==
191	BLOCK_CLOSE	8414	8415	0	d10b36aa74a59bcf4a88185837f658afaf3646eff2bb16c3928d0e9335e945d2	fQ==
192	PREPROCESSOR	8415	8423	0	626de321eb397f6600939892a0009f31bc378f7e886f9acc5ec0af18db6a99a7	CiNlbmRpZgo=
193	PREPROCESSOR	8423	8453	0	c5270ccbd2c2f577f36765340680c0010b993d0987421c0f9ee1a2104160ccea	CiNpZm5kZWYgTk9fRk9STUFURVRDXzFzaXplb2YK
194	FUNCTION_OPEN	8453	8535	0	7bfb864315865c75f9ddc9687d9482b6e5ce6e0b2ec77a2c34c6e97f7f75cdf2	Sk5JRVhQT1JUIGppbnQgSk5JQ0FMTCBDT01fTkFUSVZFKEZPUk1BVEVUQ18xc2l6ZW9mKQoJKEpOSUVudiAqZW52LCBqY2xhc3MgdGhhdCkKew==
195	STATEMENT	8535	8549	1	ab2eac128ef6225b35f40b35e2bd8fba39be8b3b6b281960b3c51646eba99890	CglqaW50IHJjID0gMDs=
196	STATEMENT	8549	8603	1	e28b3a84890261bc8f0fc2a41790d164a1262bd047ddbf8f40f2a305b00d474d	CglDT01fTkFUSVZFX0VOVEVSKGVudiwgdGhhdCwgRk9STUFURVRDXzFzaXplb2ZfRlVOQyk7
197	STATEMENT	8603	8635	1	da234a4d3df8cf483a82124d9f7b9b427baf10d0fccd5806fec12f1e98701fad	CglyYyA9IChqaW50KUZPUk1BVEVUQ19zaXplb2YoKTs=
198	STATEMENT	8635	8688	1	e83d4aee1ac03a472ae8b92979ee6d542bf119fec11feaed7485562060254977	CglDT01fTkFUSVZFX0VYSVQoZW52LCB0aGF0LCBGT1JNQVRFVENfMXNpemVvZl9GVU5DKTs=
199	STATEMENT	8688	8700	1	a028c9c9501df4846ec72c7b4432d4a3cb499b36b781bb1c38853498151d0ba7	CglyZXR1cm4gcmM7
200	FRAGMENT	8700	8701	1	01ba4719c80b6fe911b091a7c05124b64eeece964e09c058ef8f9805daca546b	Cg==
201	BLOCK_CLOSE	8701	8702	0	d10b36aa74a59bcf4a88185837f658afaf3646eff2bb16c3928d0e9335e945d2	fQ==
202	PREPROCESSOR	8702	8710	0	626de321eb397f6600939892a0009f31bc378f7e886f9acc5ec0af18db6a99a7	CiNlbmRpZgo=
203	PREPROCESSOR	8710	8739	0	636aeb8cfe86021dfbeeb0df853066b7da18b15052da7fa51866b4236c832417	CiNpZm5kZWYgTk9fRlVOQ0RFU0NfMXNpemVvZgo=
204	FUNCTION_OPEN	8739	8820	0	c19389c641dd18307f0e8b011538059f0695126dcd6fd61505447a2aa26c4c21	Sk5JRVhQT1JUIGppbnQgSk5JQ0FMTCBDT01fTkFUSVZFKEZVTkNERVNDXzFzaXplb2YpCgkoSk5JRW52ICplbnYsIGpjbGFzcyB0aGF0KQp7
205	STATEMENT	8820	8834	1	ab2eac128ef6225b35f40b35e2bd8fba39be8b3b6b281960b3c51646eba99890	CglqaW50IHJjID0gMDs=
206	STATEMENT	8834	8887	1	5ee175589f5784eda896004c40154f82e1e47901c0a94ebf583f46a7b4fac114	CglDT01fTkFUSVZFX0VOVEVSKGVudiwgdGhhdCwgRlVOQ0RFU0NfMXNpemVvZl9GVU5DKTs=
207	STATEMENT	8887	8918	1	41046e725edfcc7b95b89b261834efb0f06976d0c19f3736c27bcda26a871703	CglyYyA9IChqaW50KUZVTkNERVNDX3NpemVvZigpOw==
208	STATEMENT	8918	8970	1	e449da0be14843b2c7f38a869732408891ecb774ec1c589a428b3b78ae30eede	CglDT01fTkFUSVZFX0VYSVQoZW52LCB0aGF0LCBGVU5DREVTQ18xc2l6ZW9mX0ZVTkMpOw==
209	STATEMENT	8970	8982	1	a028c9c9501df4846ec72c7b4432d4a3cb499b36b781bb1c38853498151d0ba7	CglyZXR1cm4gcmM7
210	FRAGMENT	8982	8983	1	01ba4719c80b6fe911b091a7c05124b64eeece964e09c058ef8f9805daca546b	Cg==
211	BLOCK_CLOSE	8983	8984	0	d10b36aa74a59bcf4a88185837f658afaf3646eff2bb16c3928d0e9335e945d2	fQ==
212	PREPROCESSOR	8984	8992	0	626de321eb397f6600939892a0009f31bc378f7e886f9acc5ec0af18db6a99a7	CiNlbmRpZgo=
213	PREPROCESSOR	8992	9017	0	694a952bb2b1cb157e237951fcc22f1d126e1d7bd39198e824ae16326018fde1	CiNpZm5kZWYgTk9fR1VJRF8xc2l6ZW9mCg==
214	FUNCTION_OPEN	9017	9094	0	3ff40d9abcc1b2d50dadf8d8a86b028ace3abe5f330da0dd4d6d8a95ec10adb9	Sk5JRVhQT1JUIGppbnQgSk5JQ0FMTCBDT01fTkFUSVZFKEdVSURfMXNpemVvZikKCShKTklFbnYgKmVudiwgamNsYXNzIHRoYXQpCns=
215	STATEMENT	9094	9108	1	ab2eac128ef6225b35f40b35e2bd8fba39be8b3b6b281960b3c51646eba99890	CglqaW50IHJjID0gMDs=
216	STATEMENT	9108	9157	1	e2442f08d2eeb37eb8e49c36e088158659a749c53a7b74b05d4260b17b4aa309	CglDT01fTkFUSVZFX0VOVEVSKGVudiwgdGhhdCwgR1VJRF8xc2l6ZW9mX0ZVTkMpOw==
217	STATEMENT	9157	9184	1	957a4e1cce011f3c04f2dd24bf339aa3d98d161e663b9c802025a6c76a5594db	CglyYyA9IChqaW50KUdVSURfc2l6ZW9mKCk7
218	STATEMENT	9184	9232	1	8a4b5138d5cd17986da7c0c49429700e561102fc251b135fcf8b7c20f48fd0ef	CglDT01fTkFUSVZFX0VYSVQoZW52LCB0aGF0LCBHVUlEXzFzaXplb2ZfRlVOQyk7
219	STATEMENT	9232	9244	1	a028c9c9501df4846ec72c7b4432d4a3cb499b36b781bb1c38853498151d0ba7	CglyZXR1cm4gcmM7
220	FRAGMENT	9244	9245	1	01ba4719c80b6fe911b091a7c05124b64eeece964e09c058ef8f9805daca546b	Cg==
221	BLOCK_CLOSE	9245	9246	0	d10b36aa74a59bcf4a88185837f658afaf3646eff2bb16c3928d0e9335e945d2	fQ==
222	PREPROCESSOR	9246	9254	0	626de321eb397f6600939892a0009f31bc378f7e886f9acc5ec0af18db6a99a7	CiNlbmRpZgo=
223	PREPROCESSOR	9254	9279	0	e955ccc506e79e937a446ea3251ac977a78f7a455ddcfc6070efd850cd093d8f	CiNpZm5kZWYgTk9fR2V0Q2xhc3NGaWxlCg==
224	FUNCTION_OPEN	9279	9387	0	fa73c0f54fe43b258f582202c6dc24ab40c6cb7c41c54e1a696d70bbf1ba2fa3	Sk5JRVhQT1JUIGppbnQgSk5JQ0FMTCBDT01fTkFUSVZFKEdldENsYXNzRmlsZSkKCShKTklFbnYgKmVudiwgamNsYXNzIHRoYXQsIGpjaGFyQXJyYXkgYXJnMCwgam9iamVjdCBhcmcxKQp7
225	STATEMENT	9387	9408	1	32d4fa5b94dcc2f72cec1836d8f945855495beb83b8fcd9e37cff5be14c8885c	CglqY2hhciAqbHBhcmcwPU5VTEw7
226	STATEMENT	9408	9435	1	a8c55500f955dda9c4186360af5ea7da390fdff3f54ee492d39541e7b08a4cbd	CglHVUlEIF9hcmcxLCAqbHBhcmcxPU5VTEw7
227	STATEMENT	9435	9449	1	ab2eac128ef6225b35f40b35e2bd8fba39be8b3b6b281960b3c51646eba99890	CglqaW50IHJjID0gMDs=
228	STATEMENT	9449	9498	1	4fb079e05e3e6e83a2fba08d4223e418df8c87ffc42661b8566c8161a533e94d	CglDT01fTkFUSVZFX0VOVEVSKGVudiwgdGhhdCwgR2V0Q2xhc3NGaWxlX0ZVTkMpOw==
229	STATEMENT	9498	9590	1	3cde537b5b4a10c588b62bff850c918d62afc294a9ea231c50b64e440acf07a6	CglpZiAoYXJnMCkgaWYgKChscGFyZzAgPSAoKmVudiktPkdldENoYXJBcnJheUVsZW1lbnRzKGVudiwgYXJnMCwgTlVMTCkpID09IE5VTEwpIGdvdG8gZmFpbDs=
230	STATEMENT	9590	9643	1	ef6d95c86d2caec068377a27503d22d9f9a62f1923700d2f92b880b93e67d421	CglpZiAoYXJnMSkgaWYgKChscGFyZzEgPSAmX2FyZzEpID09IE5VTEwpIGdvdG8gZmFpbDs=
231	STATEMENT	9643	9694	1	145573616f0e22f7a58095449bcc8b677917ea995d06d2c36ffd8a8dc9c78cf8	CglyYyA9IChqaW50KUdldENsYXNzRmlsZSgoTFBDV1NUUilscGFyZzAsIGxwYXJnMSk7
232	STATEMENT	9694	9755	1	8292d8b62d8c929f39922bd03714c98284d76a2c9b4919e12b272e4a9d579419	CmZhaWw6CglpZiAoYXJnMSAmJiBscGFyZzEpIHNldEdVSURGaWVsZHMoZW52LCBhcmcxLCBscGFyZzEpOw==
233	STATEMENT	9755	9840	1	42796fc80b305d208119e8fabe3fd193a4a084ca5cb870c817de38f109fb0872	CglpZiAoYXJnMCAmJiBscGFyZzApICgqZW52KS0+UmVsZWFzZUNoYXJBcnJheUVsZW1lbnRzKGVudiwgYXJnMCwgbHBhcmcwLCBKTklfQUJPUlQpOw==
234	STATEMENT	9840	9888	1	cf22764d472f2004072c224b68a1d7d76591c8d1e661c33e19fb8fc5d3295e57	CglDT01fTkFUSVZFX0VYSVQoZW52LCB0aGF0LCBHZXRDbGFzc0ZpbGVfRlVOQyk7
235	STATEMENT	9888	9900	1	a028c9c9501df4846ec72c7b4432d4a3cb499b36b781bb1c38853498151d0ba7	CglyZXR1cm4gcmM7
236	FRAGMENT	9900	9901	1	01ba4719c80b6fe911b091a7c05124b64eeece964e09c058ef8f9805daca546b	Cg==
237	BLOCK_CLOSE	9901	9902	0	d10b36aa74a59bcf4a88185837f658afaf3646eff2bb16c3928d0e9335e945d2	fQ==
238	PREPROCESSOR	9902	9910	0	626de321eb397f6600939892a0009f31bc378f7e886f9acc5ec0af18db6a99a7	CiNlbmRpZgo=
239	PREPROCESSOR	9910	9936	0	b7ba3bf2b0c8b9395dd8b5f42eb83f4a5490e586c9ccfac93ac2551b1d05cc6e	CiNpZm5kZWYgTk9fSUlERnJvbVN0cmluZwo=
240	FUNCTION_OPEN	9936	10045	0	a7ae906a7f74094dee4903fa44adff6ef06db71bbff11e6adbc0263fb3ba9a96	Sk5JRVhQT1JUIGppbnQgSk5JQ0FMTCBDT01fTkFUSVZFKElJREZyb21TdHJpbmcpCgkoSk5JRW52ICplbnYsIGpjbGFzcyB0aGF0LCBqY2hhckFycmF5IGFyZzAsIGpvYmplY3QgYXJnMSkKew==
241	STATEMENT	10045	10066	1	32d4fa5b94dcc2f72cec1836d8f945855495beb83b8fcd9e37cff5be14c8885c	CglqY2hhciAqbHBhcmcwPU5VTEw7
242	STATEMENT	10066	10093	1	a8c55500f955dda9c4186360af5ea7da390fdff3f54ee492d39541e7b08a4cbd	CglHVUlEIF9hcmcxLCAqbHBhcmcxPU5VTEw7
243	STATEMENT	10093	10107	1	ab2eac128ef6225b35f40b35e2bd8fba39be8b3b6b281960b3c51646eba99890	CglqaW50IHJjID0gMDs=
244	STATEMENT	10107	10157	1	7fd0fa7732e2281e7712b5285050f64b2ac401bb2e4336a3062eb141d1d74e15	CglDT01fTkFUSVZFX0VOVEVSKGVudiwgdGhhdCwgSUlERnJvbVN0cmluZ19GVU5DKTs=
245	STATEMENT	10157	10249	1	3cde537b5b4a10c588b62bff850c918d62afc294a9ea231c50b64e440acf07a6	CglpZiAoYXJnMCkgaWYgKChscGFyZzAgPSAoKmVudiktPkdldENoYXJBcnJheUVsZW1lbnRzKGVudiwgYXJnMCwgTlVMTCkpID09IE5VTEwpIGdvdG8gZmFpbDs=
246	STATEMENT	10249	10302	1	ef6d95c86d2caec068377a27503d22d9f9a62f1923700d2f92b880b93e67d421	CglpZiAoYXJnMSkgaWYgKChscGFyZzEgPSAmX2FyZzEpID09IE5VTEwpIGdvdG8gZmFpbDs=
247	STATEMENT	10302	10355	1	6c4062a991a51885c0ae5f3ed50f0426d4407f8e51bfa151c79babb24fbf87e2	CglyYyA9IChqaW50KUlJREZyb21TdHJpbmcoKExQT0xFU1RSKWxwYXJnMCwgbHBhcmcxKTs=
248	STATEMENT	10355	10416	1	8292d8b62d8c929f39922bd03714c98284d76a2c9b4919e12b272e4a9d579419	CmZhaWw6CglpZiAoYXJnMSAmJiBscGFyZzEpIHNldEdVSURGaWVsZHMoZW52LCBhcmcxLCBscGFyZzEpOw==
249	STATEMENT	10416	10501	1	42796fc80b305d208119e8fabe3fd193a4a084ca5cb870c817de38f109fb0872	CglpZiAoYXJnMCAmJiBscGFyZzApICgqZW52KS0+UmVsZWFzZUNoYXJBcnJheUVsZW1lbnRzKGVudiwgYXJnMCwgbHBhcmcwLCBKTklfQUJPUlQpOw==
250	STATEMENT	10501	10550	1	390e5ee2e82560b27555a6cf2e7c403519be3421820bca3177e5acd9d3e38e53	CglDT01fTkFUSVZFX0VYSVQoZW52LCB0aGF0LCBJSURGcm9tU3RyaW5nX0ZVTkMpOw==
251	STATEMENT	10550	10562	1	a028c9c9501df4846ec72c7b4432d4a3cb499b36b781bb1c38853498151d0ba7	CglyZXR1cm4gcmM7
252	FRAGMENT	10562	10563	1	01ba4719c80b6fe911b091a7c05124b64eeece964e09c058ef8f9805daca546b	Cg==
253	BLOCK_CLOSE	10563	10564	0	d10b36aa74a59bcf4a88185837f658afaf3646eff2bb16c3928d0e9335e945d2	fQ==
254	PREPROCESSOR	10564	10572	0	626de321eb397f6600939892a0009f31bc378f7e886f9acc5ec0af18db6a99a7	CiNlbmRpZgo=
255	PREPROCESSOR	10572	10596	0	1474f0c45a08fab493d9b3921db85b37f5448af3ffd6d7041b026453411f1c98	CiNpZm5kZWYgTk9fSXNFcXVhbEdVSUQK
256	FUNCTION_OPEN	10596	10704	0	808e7108821ea87987c68ed44b480b5c68aa2840dd44ec52df052545b1d2bd40	Sk5JRVhQT1JUIGpib29sZWFuIEpOSUNBTEwgQ09NX05BVElWRShJc0VxdWFsR1VJRCkKCShKTklFbnYgKmVudiwgamNsYXNzIHRoYXQsIGpvYmplY3QgYXJnMCwgam9iamVjdCBhcmcxKQp7
257	STATEMENT	10704	10731	1	301c2b47745706a7bd7f70527fe28dafe91c02b932bb630137d39594eebc7680	CglHVUlEIF9hcmcwLCAqbHBhcmcwPU5VTEw7
258	STATEMENT	10731	10758	1	a8c55500f955dda9c4186360af5ea7da390fdff3f54ee492d39541e7b08a4cbd	CglHVUlEIF9hcmcxLCAqbHBhcmcxPU5VTEw7
259	STATEMENT	10758	10776	1	6e389c725127046540fa228f0aca981232172a088ed5b7d88f2be6db7346caa1	CglqYm9vbGVhbiByYyA9IDA7
260	STATEMENT	10776	10824	1	eacf7021aff58978ef3487b71fb2a3f000273ce1e97e95a18f48187d988ec7f6	CglDT01fTkFUSVZFX0VOVEVSKGVudiwgdGhhdCwgSXNFcXVhbEdVSURfRlVOQyk7
261	STATEMENT	10824	10903	1	55529d73ec176a64ddf913ac92ae23dc55a2ff2c620bf05d172977c29ffd60c4	CglpZiAoYXJnMCkgaWYgKChscGFyZzAgPSBnZXRHVUlERmllbGRzKGVudiwgYXJnMCwgJl9hcmcwKSkgPT0gTlVMTCkgZ290byBmYWlsOw==
262	STATEMENT	10903	10982	1	36a59b127b31eca7ca455b1ee3482ce4b67f495945ccb67b85a1991210ceaff8	CglpZiAoYXJnMSkgaWYgKChscGFyZzEgPSBnZXRHVUlERmllbGRzKGVudiwgYXJnMSwgJl9hcmcxKSkgPT0gTlVMTCkgZ290byBmYWlsOw==
263	STATEMENT	10982	11027	1	b81e4ae93548446e6ee2782551541052198590302862c4b1ecf20c5a55e985c6	CglyYyA9IChqYm9vbGVhbilJc0VxdWFsR1VJRChscGFyZzAsIGxwYXJnMSk7
264	STATEMENT	11027	11080	1	ece6db88b564673a9db705f4cd19650f74e28e58308960de92358208d023b958	CmZhaWw6CglDT01fTkFUSVZFX0VYSVQoZW52LCB0aGF0LCBJc0VxdWFsR1VJRF9GVU5DKTs=
265	STATEMENT	11080	11092	1	a028c9c9501df4846ec72c7b4432d4a3cb499b36b781bb1c38853498151d0ba7	CglyZXR1cm4gcmM7
266	FRAGMENT	11092	11093	1	01ba4719c80b6fe911b091a7c05124b64eeece964e09c058ef8f9805daca546b	Cg==
267	BLOCK_CLOSE	11093	11094	0	d10b36aa74a59bcf4a88185837f658afaf3646eff2bb16c3928d0e9335e945d2	fQ==
268	PREPROCESSOR	11094	11102	0	626de321eb397f6600939892a0009f31bc378f7e886f9acc5ec0af18db6a99a7	CiNlbmRpZgo=
269	PREPROCESSOR	11102	11130	0	adb7fc396033849e1ad46b5b8552d92e0efca2bc0c57b028cfc46d3d06ef5da7	CiNpZm5kZWYgTk9fTElDSU5GT18xc2l6ZW9mCg==
270	FUNCTION_OPEN	11130	11210	0	4f7268206ba239c526e1d1cfa248f142bdb87ef08991e5e4417a2b55c4cb6f2c	Sk5JRVhQT1JUIGppbnQgSk5JQ0FMTCBDT01fTkFUSVZFKExJQ0lORk9fMXNpemVvZikKCShKTklFbnYgKmVudiwgamNsYXNzIHRoYXQpCns=
271	STATEMENT	11210	11224	1	ab2eac128ef6225b35f40b35e2bd8fba39be8b3b6b281960b3c51646eba99890	CglqaW50IHJjID0gMDs=
272	STATEMENT	11224	11276	1	dcd6092a61f99b35e3c706e2860e3a8a63749e9279e59f516b66d70fd08d5997	CglDT01fTkFUSVZFX0VOVEVSKGVudiwgdGhhdCwgTElDSU5GT18xc2l6ZW9mX0ZVTkMpOw==
273	STATEMENT	11276	11306	1	38b9c583ea7efba7932f0f4786bdcfa4d8f841dfacebce0724e669873eb21357	CglyYyA9IChqaW50KUxJQ0lORk9fc2l6ZW9mKCk7
274	STATEMENT	11306	11357	1	959914cb8416ba09aba8ac9effbbe5fba56cb6275a18076f836a00e663e333dd	CglDT01fTkFUSVZFX0VYSVQoZW52LCB0aGF0LCBMSUNJTkZPXzFzaXplb2ZfRlVOQyk7
275	STATEMENT	11357	11369	1	a028c9c9501df4846ec72c7b4432d4a3cb499b36b781bb1c38853498151d0ba7	CglyZXR1cm4gcmM7
276	FRAGMENT	11369	11370	1	01ba4719c80b6fe911b091a7c05124b64eeece964e09c058ef8f9805daca546b	Cg==
277	BLOCK_CLOSE	11370	11371	0	d10b36aa74a59bcf4a88185837f658afaf3646eff2bb16c3928d0e9335e945d2	fQ==
278	PREPROCESSOR	11371	11379	0	626de321eb397f6600939892a0009f31bc378f7e886f9acc5ec0af18db6a99a7	CiNlbmRpZgo=
279	PREPROCESSOR	11379	11409	0	54d4e092a49a782ec1acf2b374f819cfe50331e8c7d68ff5ab9bef52d9339d1e	CiNpZm5kZWYgTk9fTHJlc3VsdEZyb21PYmplY3QK
280	FUNCTION_OPEN	11409	11530	0	35055eff769e43582ca89790ee1d3873edae51c4ad1ef5ad5d20f43b331652b4	Sk5JRVhQT1JUIGpsb25nIEpOSUNBTEwgQ09NX05BVElWRShMcmVzdWx0RnJvbU9iamVjdCkKCShKTklFbnYgKmVudiwgamNsYXNzIHRoYXQsIGpvYmplY3QgYXJnMCwgamxvbmcgYXJnMSwgamxvbmcgYXJnMikKew==
281	STATEMENT	11530	11557	1	301c2b47745706a7bd7f70527fe28dafe91c02b932bb630137d39594eebc7680	CglHVUlEIF9hcmcwLCAqbHBhcmcwPU5VTEw7
282	STATEMENT	11557	11572	1	3411ceb5951bc52321d8d6cf00df310a159211846b0264e08db2a18b94173633	CglqbG9uZyByYyA9IDA7
283	STATEMENT	11572	11626	1	8521240903c3ef7af6373cdb1b6c8badf0dcb61aca8569e4b2096da5c101bc43	CglDT01fTkFUSVZFX0VOVEVSKGVudiwgdGhhdCwgTHJlc3VsdEZyb21PYmplY3RfRlVOQyk7
284	STATEMENT	11626	11705	1	55529d73ec176a64ddf913ac92ae23dc55a2ff2c620bf05d172977c29ffd60c4	CglpZiAoYXJnMCkgaWYgKChscGFyZzAgPSBnZXRHVUlERmllbGRzKGVudiwgYXJnMCwgJl9hcmcwKSkgPT0gTlVMTCkgZ290byBmYWlsOw==
285	STATEMENT	11705	11768	1	0a729939633ceca05d1d3466ec40bd74b40c1394b3e9389bc07e1251856a049d	CglyYyA9IChqbG9uZylMcmVzdWx0RnJvbU9iamVjdChscGFyZzAsIGFyZzEsIChMUFVOS05PV04pYXJnMik7
286	STATEMENT	11768	11827	1	8de783c35e58fc23f1227f13042baf2f50989121fac096ba51d8011e0a4ccf51	CmZhaWw6CglDT01fTkFUSVZFX0VYSVQoZW52LCB0aGF0LCBMcmVzdWx0RnJvbU9iamVjdF9GVU5DKTs=
287	STATEMENT	11827	11839	1	a028c9c9501df4846ec72c7b4432d4a3cb499b36b781bb1c38853498151d0ba7	CglyZXR1cm4gcmM7
288	FRAGMENT	11839	11840	1	01ba4719c80b6fe911b091a7c05124b64eeece964e09c058ef8f9805daca546b	Cg==
289	BLOCK_CLOSE	11840	11841	0	d10b36aa74a59bcf4a88185837f658afaf3646eff2bb16c3928d0e9335e945d2	fQ==
290	PREPROCESSOR	11841	11849	0	626de321eb397f6600939892a0009f31bc378f7e886f9acc5ec0af18db6a99a7	CiNlbmRpZgo=
291	PREPROCESSOR	11849	11923	0	79d4961541db95055fac82cdb127056ad2d616186c8fdd6dabf8853ce79bef85	CiNpZm5kZWYgTk9fTW92ZU1lbW9yeV9fSkxvcmdfZWNsaXBzZV9zd3RfaW50ZXJuYWxfb2xlX3dpbjMyX0ZPUk1BVEVUQ18ySQo=
292	FUNCTION_OPEN	11923	12086	0	3562c0b965f3a5bd27292ec5c98cab973fdbea435627280e95ecccd312a7bf95	Sk5JRVhQT1JUIHZvaWQgSk5JQ0FMTCBDT01fTkFUSVZFKE1vdmVNZW1vcnlfX0pMb3JnX2VjbGlwc2Vfc3d0X2ludGVybmFsX29sZV93aW4zMl9GT1JNQVRFVENfMkkpCgkoSk5JRW52ICplbnYsIGpjbGFzcyB0aGF0LCBqbG9uZyBhcmcwLCBqb2JqZWN0IGFyZzEsIGppbnQgYXJnMikKew==
293	STATEMENT	12086	12118	1	9e1a17f6d5dfec70e77a8d958932bd813abd43892aedf0cc1c59891288277e03	CglGT1JNQVRFVEMgX2FyZzEsICpscGFyZzE9TlVMTDs=
294	STATEMENT	12118	12216	1	ad12f7267f369b9369fd3a38f3a91dbf5aeef35fa57d12234a7bc4ef471a1eec	CglDT01fTkFUSVZFX0VOVEVSKGVudiwgdGhhdCwgTW92ZU1lbW9yeV9fSkxvcmdfZWNsaXBzZV9zd3RfaW50ZXJuYWxfb2xlX3dpbjMyX0ZPUk1BVEVUQ18ySV9GVU5DKTs=
295	STATEMENT	12216	12300	1	a6420e1b69eb8690bbb60b6e4400f5a68ff6717ed7d1a24983a5588ea93fbe3c	CglpZiAoYXJnMSkgaWYgKChscGFyZzEgPSBnZXRGT1JNQVRFVENGaWVsZHMoZW52LCBhcmcxLCAmX2FyZzEpKSA9PSBOVUxMKSBnb3RvIGZhaWw7
296	STATEMENT	12300	12354	1	089a04c33f33315fe6b51223015a05eb7fc50851d60d6943948ec611d397a9e7	CglNb3ZlTWVtb3J5KChQVk9JRClhcmcwLCAoQ09OU1QgVk9JRCAqKWxwYXJnMSwgYXJnMik7
297	STATEMENT	12354	12457	1	bfcc36ee2e11413256bd06fcc0bcb09e12aae02c41210e71822e33e5bcac78c7	CmZhaWw6CglDT01fTkFUSVZFX0VYSVQoZW52LCB0aGF0LCBNb3ZlTWVtb3J5X19KTG9yZ19lY2xpcHNlX3N3dF9pbnRlcm5hbF9vbGVfd2luMzJfRk9STUFURVRDXzJJX0ZVTkMpOw==
298	FRAGMENT	12457	12458	1	01ba4719c80b6fe911b091a7c05124b64eeece964e09c058ef8f9805daca546b	Cg==
299	BLOCK_CLOSE	12458	12459	0	d10b36aa74a59bcf4a88185837f658afaf3646eff2bb16c3928d0e9335e945d2	fQ==
300	PREPROCESSOR	12459	12467	0	626de321eb397f6600939892a0009f31bc378f7e886f9acc5ec0af18db6a99a7	CiNlbmRpZgo=
301	PREPROCESSOR	12467	12551	0	c008d0174beaa12bb46a59a7014809d0b79eca3cc353318e93af45d1351f6b75	CiNpZm5kZWYgTk9fTW92ZU1lbW9yeV9fSkxvcmdfZWNsaXBzZV9zd3RfaW50ZXJuYWxfb2xlX3dpbjMyX09MRUlOUExBQ0VGUkFNRUlORk9fMkkK
302	FUNCTION_OPEN	12551	12724	0	4048a88d056e7afee7ee89df0f118b4e36a08cd2e29d50bef04dbd1f78ddcc27	Sk5JRVhQT1JUIHZvaWQgSk5JQ0FMTCBDT01fTkFUSVZFKE1vdmVNZW1vcnlfX0pMb3JnX2VjbGlwc2Vfc3d0X2ludGVybmFsX29sZV93aW4zMl9PTEVJTlBMQUNFRlJBTUVJTkZPXzJJKQoJKEpOSUVudiAqZW52LCBqY2xhc3MgdGhhdCwgamxvbmcgYXJnMCwgam9iamVjdCBhcmcxLCBqaW50IGFyZzIpCns=
303	STATEMENT	12724	12766	1	5717e63da04269d775098673d9aafb2851db2df473fef7cc8a98a9f6b13049ac	CglPTEVJTlBMQUNFRlJBTUVJTkZPIF9hcmcxLCAqbHBhcmcxPU5VTEw7
304	STATEMENT	12766	12874	1	80d9b0431ceeb0e4a1f909594f246a5259bd41df2ecb89a0c93152708f32da6c	CglDT01fTkFUSVZFX0VOVEVSKGVudiwgdGhhdCwgTW92ZU1lbW9yeV9fSkxvcmdfZWNsaXBzZV9zd3RfaW50ZXJuYWxfb2xlX3dpbjMyX09MRUlOUExBQ0VGUkFNRUlORk9fMklfRlVOQyk7
305	STATEMENT	12874	12968	1	34029125fa2b1d8b2e9b679875625078107fb76643a31ae850b6e17f34b2a18e	CglpZiAoYXJnMSkgaWYgKChscGFyZzEgPSBnZXRPTEVJTlBMQUNFRlJBTUVJTkZPRmllbGRzKGVudiwgYXJnMSwgJl9hcmcxKSkgPT0gTlVMTCkgZ290byBmYWlsOw==
306	STATEMENT	12968	13022	1	089a04c33f33315fe6b51223015a05eb7fc50851d60d6943948ec611d397a9e7	CglNb3ZlTWVtb3J5KChQVk9JRClhcmcwLCAoQ09OU1QgVk9JRCAqKWxwYXJnMSwgYXJnMik7
307	STATEMENT	13022	13135	1	82105f1028b18c11f177d0d7bb1cb94b9ff8cc60fc4fa5b87402efb6e732455e	CmZhaWw6CglDT01fTkFUSVZFX0VYSVQoZW52LCB0aGF0LCBNb3ZlTWVtb3J5X19KTG9yZ19lY2xpcHNlX3N3dF9pbnRlcm5hbF9vbGVfd2luMzJfT0xFSU5QTEFDRUZSQU1FSU5GT18ySV9GVU5DKTs=
308	FRAGMENT	13135	13136	1	01ba4719c80b6fe911b091a7c05124b64eeece964e09c058ef8f9805daca546b	Cg==
309	BLOCK_CLOSE	13136	13137	0	d10b36aa74a59bcf4a88185837f658afaf3646eff2bb16c3928d0e9335e945d2	fQ==
310	PREPROCESSOR	13137	13145	0	626de321eb397f6600939892a0009f31bc378f7e886f9acc5ec0af18db6a99a7	CiNlbmRpZgo=
311	PREPROCESSOR	13145	13219	0	ded8153d05999c860de3cb29e62d92126a8b35efbbef16e901e2e8c5449f2949	CiNpZm5kZWYgTk9fTW92ZU1lbW9yeV9fSkxvcmdfZWNsaXBzZV9zd3RfaW50ZXJuYWxfb2xlX3dpbjMyX1NUR01FRElVTV8ySQo=
312	FUNCTION_OPEN	13219	13382	0	e678371885e5c0a25001e25bc6562310eaffc8bd23de74240f2a919d32ed3574	Sk5JRVhQT1JUIHZvaWQgSk5JQ0FMTCBDT01fTkFUSVZFKE1vdmVNZW1vcnlfX0pMb3JnX2VjbGlwc2Vfc3d0X2ludGVybmFsX29sZV93aW4zMl9TVEdNRURJVU1fMkkpCgkoSk5JRW52ICplbnYsIGpjbGFzcyB0aGF0LCBqbG9uZyBhcmcwLCBqb2JqZWN0IGFyZzEsIGppbnQgYXJnMikKew==
313	STATEMENT	13382	13414	1	43b8e5eefb5e34d0cc162373d10c23b2173ebcf6a4ce9979ecb412dd25425261	CglTVEdNRURJVU0gX2FyZzEsICpscGFyZzE9TlVMTDs=
314	STATEMENT	13414	13512	1	45e7e8480fae636da7a5e48d605cc188eeda781f34686c83af9af7dcf559074a	CglDT01fTkFUSVZFX0VOVEVSKGVudiwgdGhhdCwgTW92ZU1lbW9yeV9fSkxvcmdfZWNsaXBzZV9zd3RfaW50ZXJuYWxfb2xlX3dpbjMyX1NUR01FRElVTV8ySV9GVU5DKTs=
315	STATEMENT	13512	13596	1	6a559b0501d5daa6b8259c81ebc324948de123b64259d8b51a18768ab6da9154	CglpZiAoYXJnMSkgaWYgKChscGFyZzEgPSBnZXRTVEdNRURJVU1GaWVsZHMoZW52LCBhcmcxLCAmX2FyZzEpKSA9PSBOVUxMKSBnb3RvIGZhaWw7
316	STATEMENT	13596	13650	1	089a04c33f33315fe6b51223015a05eb7fc50851d60d6943948ec611d397a9e7	CglNb3ZlTWVtb3J5KChQVk9JRClhcmcwLCAoQ09OU1QgVk9JRCAqKWxwYXJnMSwgYXJnMik7
317	STATEMENT	13650	13753	1	5fe444bc3aa9d1ac617c4231efae6e5a2fa3c7c24a242c75b72a86461cf10919	CmZhaWw6CglDT01fTkFUSVZFX0VYSVQoZW52LCB0aGF0LCBNb3ZlTWVtb3J5X19KTG9yZ19lY2xpcHNlX3N3dF9pbnRlcm5hbF9vbGVfd2luMzJfU1RHTUVESVVNXzJJX0ZVTkMpOw==
318	FRAGMENT	13753	13754	1	01ba4719c80b6fe911b091a7c05124b64eeece964e09c058ef8f9805daca546b	Cg==
319	BLOCK_CLOSE	13754	13755	0	d10b36aa74a59bcf4a88185837f658afaf3646eff2bb16c3928d0e9335e945d2	fQ==
320	PREPROCESSOR	13755	13763	0	626de321eb397f6600939892a0009f31bc378f7e886f9acc5ec0af18db6a99a7	CiNlbmRpZgo=
321	PREPROCESSOR	13763	13838	0	186faf6ecb57c5ec041b947099f7e28215198fb9acd7272cc2918d4ae8e315a3	CiNpZm5kZWYgTk9fTW92ZU1lbW9yeV9fTG9yZ19lY2xpcHNlX3N3dF9pbnRlcm5hbF9vbGVfd2luMzJfRElTUFBBUkFNU18ySkkK
322	FUNCTION_OPEN	13838	14002	0	ce9f114652ac63cdf07ac07576a2c20c65d162a08ff7b79c465402d3efad5bc9	Sk5JRVhQT1JUIHZvaWQgSk5JQ0FMTCBDT01fTkFUSVZFKE1vdmVNZW1vcnlfX0xvcmdfZWNsaXBzZV9zd3RfaW50ZXJuYWxfb2xlX3dpbjMyX0RJU1BQQVJBTVNfMkpJKQoJKEpOSUVudiAqZW52LCBqY2xhc3MgdGhhdCwgam9iamVjdCBhcmcwLCBqbG9uZyBhcmcxLCBqaW50IGFyZzIpCns=
323	STATEMENT	14002	14035	1	115153558bde055d5943404c1f0ff44286c19c5c0c5385e9fd7a0a3dbb35b843	CglESVNQUEFSQU1TIF9hcmcwLCAqbHBhcmcwPU5VTEw7
324	STATEMENT	14035	14134	1	80398524fcc2f9adc9db089184e3a71788ff8b70a51c8d7fb12b7a3f5a52b394	CglDT01fTkFUSVZFX0VOVEVSKGVudiwgdGhhdCwgTW92ZU1lbW9yeV9fTG9yZ19lY2xpcHNlX3N3dF9pbnRlcm5hbF9vbGVfd2luMzJfRElTUFBBUkFNU18ySklfRlVOQyk7
325	STATEMENT	14134	14187	1	6b4ffd7a4c84f6b5f059207aecbc3d2ec32725179c9604c77a5cb09af2ce7e19	CglpZiAoYXJnMCkgaWYgKChscGFyZzAgPSAmX2FyZzApID09IE5VTEwpIGdvdG8gZmFpbDs=
326	STATEMENT	14187	14241	1	4c64603efa22e192768580fc0ac9f82e7751a609ab06042dbf6759a818c187a6	CglNb3ZlTWVtb3J5KChQVk9JRClscGFyZzAsIChDT05TVCBWT0lEICopYXJnMSwgYXJnMik7
327	STATEMENT	14241	14308	1	9a3763fea9ba058543570be2b067f7e02f0e4891ccf8c73b815efdeed4822abc	CmZhaWw6CglpZiAoYXJnMCAmJiBscGFyZzApIHNldERJU1BQQVJBTVNGaWVsZHMoZW52LCBhcmcwLCBscGFyZzApOw==
328	STATEMENT	14308	14406	1	d62402eb5681b4c7c9a0d56888a7f8a0d80f9b4d690260dce9df94a27784e7c5	CglDT01fTkFUSVZFX0VYSVQoZW52LCB0aGF0LCBNb3ZlTWVtb3J5X19Mb3JnX2VjbGlwc2Vfc3d0X2ludGVybmFsX29sZV93aW4zMl9ESVNQUEFSQU1TXzJKSV9GVU5DKTs=
329	FRAGMENT	14406	14407	1	01ba4719c80b6fe911b091a7c05124b64eeece964e09c058ef8f9805daca546b	Cg==
330	BLOCK_CLOSE	14407	14408	0	d10b36aa74a59bcf4a88185837f658afaf3646eff2bb16c3928d0e9335e945d2	fQ==
331	PREPROCESSOR	14408	14416	0	626de321eb397f6600939892a0009f31bc378f7e886f9acc5ec0af18db6a99a7	CiNlbmRpZgo=
332	PREPROCESSOR	14416	14490	0	d6005c129640b3f09899e430d487b09b2bbe71f9a88ba3887abbacf641789192	CiNpZm5kZWYgTk9fTW92ZU1lbW9yeV9fTG9yZ19lY2xpcHNlX3N3dF9pbnRlcm5hbF9vbGVfd2luMzJfRk9STUFURVRDXzJKSQo=
333	FUNCTION_OPEN	14490	14653	0	91ce16fa278a585d06e59edf96078f6611c0adf343f93523600c2d10d60ae428	Sk5JRVhQT1JUIHZvaWQgSk5JQ0FMTCBDT01fTkFUSVZFKE1vdmVNZW1vcnlfX0xvcmdfZWNsaXBzZV9zd3RfaW50ZXJuYWxfb2xlX3dpbjMyX0ZPUk1BVEVUQ18ySkkpCgkoSk5JRW52ICplbnYsIGpjbGFzcyB0aGF0LCBqb2JqZWN0IGFyZzAsIGpsb25nIGFyZzEsIGppbnQgYXJnMikKew==
334	STATEMENT	14653	14685	1	1b0e662bc375228db1844bb093b16b2bf28e51e432e6b6722a954e91defe8240	CglGT1JNQVRFVEMgX2FyZzAsICpscGFyZzA9TlVMTDs=
335	STATEMENT	14685	14783	1	e331f8e94848c7ab591e769a1ed962e096fef42d9d8ad86c6c321617d63bd823	CglDT01fTkFUSVZFX0VOVEVSKGVudiwgdGhhdCwgTW92ZU1lbW9yeV9fTG9yZ19lY2xpcHNlX3N3dF9pbnRlcm5hbF9vbGVfd2luMzJfRk9STUFURVRDXzJKSV9GVU5DKTs=
336	STATEMENT	14783	14836	1	6b4ffd7a4c84f6b5f059207aecbc3d2ec32725179c9604c77a5cb09af2ce7e19	CglpZiAoYXJnMCkgaWYgKChscGFyZzAgPSAmX2FyZzApID09IE5VTEwpIGdvdG8gZmFpbDs=
337	STATEMENT	14836	14890	1	4c64603efa22e192768580fc0ac9f82e7751a609ab06042dbf6759a818c187a6	CglNb3ZlTWVtb3J5KChQVk9JRClscGFyZzAsIChDT05TVCBWT0lEICopYXJnMSwgYXJnMik7
338	STATEMENT	14890	14956	1	6752bb1df96415fd2d8d65802916891c56a3af9b235224f9c441468dd3051440	CmZhaWw6CglpZiAoYXJnMCAmJiBscGFyZzApIHNldEZPUk1BVEVUQ0ZpZWxkcyhlbnYsIGFyZzAsIGxwYXJnMCk7
339	STATEMENT	14956	15053	1	3aed38fb2abab38811878a92e08c08b6168b0095762fbd4c5cee98bb8adfed8c	CglDT01fTkFUSVZFX0VYSVQoZW52LCB0aGF0LCBNb3ZlTWVtb3J5X19Mb3JnX2VjbGlwc2Vfc3d0X2ludGVybmFsX29sZV93aW4zMl9GT1JNQVRFVENfMkpJX0ZVTkMpOw==
340	FRAGMENT	15053	15054	1	01ba4719c80b6fe911b091a7c05124b64eeece964e09c058ef8f9805daca546b	Cg==
341	BLOCK_CLOSE	15054	15055	0	d10b36aa74a59bcf4a88185837f658afaf3646eff2bb16c3928d0e9335e945d2	fQ==
342	PREPROCESSOR	15055	15063	0	626de321eb397f6600939892a0009f31bc378f7e886f9acc5ec0af18db6a99a7	CiNlbmRpZgo=
343	PREPROCESSOR	15063	15136	0	12c22d7a035c558cde6c5d59a537cb379ffa2579d2c6426fb4683868993d7bfb	CiNpZm5kZWYgTk9fTW92ZU1lbW9yeV9fTG9yZ19lY2xpcHNlX3N3dF9pbnRlcm5hbF9vbGVfd2luMzJfRlVOQ0RFU0NfMkpJCg==
344	FUNCTION_OPEN	15136	15298	0	d210f9bec64c1d27b7970d6839ff3be4492fde0dda582d92666ebcb6ccead063	Sk5JRVhQT1JUIHZvaWQgSk5JQ0FMTCBDT01fTkFUSVZFKE1vdmVNZW1vcnlfX0xvcmdfZWNsaXBzZV9zd3RfaW50ZXJuYWxfb2xlX3dpbjMyX0ZVTkNERVNDXzJKSSkKCShKTklFbnYgKmVudiwgamNsYXNzIHRoYXQsIGpvYmplY3QgYXJnMCwgamxvbmcgYXJnMSwgamludCBhcmcyKQp7
345	STATEMENT	15298	15329	1	4311fe59fdfa9d7d7894b7fa796c6d2bf38e441438141fb78eea6bf01b993096	CglGVU5DREVTQyBfYXJnMCwgKmxwYXJnMD1OVUxMOw==
346	STATEMENT	15329	15426	1	f6068a1ee485f8c87e6af603008fa8e6bf3b9894e59e4797af1a388cf15cfed9	CglDT01fTkFUSVZFX0VOVEVSKGVudiwgdGhhdCwgTW92ZU1lbW9yeV9fTG9yZ19lY2xpcHNlX3N3dF9pbnRlcm5hbF9vbGVfd2luMzJfRlVOQ0RFU0NfMkpJX0ZVTkMpOw==
347	STATEMENT	15426	15479	1	6b4ffd7a4c84f6b5f059207aecbc3d2ec32725179c9604c77a5cb09af2ce7e19	CglpZiAoYXJnMCkgaWYgKChscGFyZzAgPSAmX2FyZzApID09IE5VTEwpIGdvdG8gZmFpbDs=
348	STATEMENT	15479	15533	1	4c64603efa22e192768580fc0ac9f82e7751a609ab06042dbf6759a818c187a6	CglNb3ZlTWVtb3J5KChQVk9JRClscGFyZzAsIChDT05TVCBWT0lEICopYXJnMSwgYXJnMik7
349	STATEMENT	15533	15598	1	fe6ddba14b41128e461aeac1298146d784589721ab3f036ed402f8b5301b26fc	CmZhaWw6CglpZiAoYXJnMCAmJiBscGFyZzApIHNldEZVTkNERVNDRmllbGRzKGVudiwgYXJnMCwgbHBhcmcwKTs=
350	STATEMENT	15598	15694	1	44328c6cf939138d79862f227d101d376fa4acf813e1dbd3cde9e0cd9a73183c	CglDT01fTkFUSVZFX0VYSVQoZW52LCB0aGF0LCBNb3ZlTWVtb3J5X19Mb3JnX2VjbGlwc2Vfc3d0X2ludGVybmFsX29sZV93aW4zMl9GVU5DREVTQ18ySklfRlVOQyk7
351	FRAGMENT	15694	15695	1	01ba4719c80b6fe911b091a7c05124b64eeece964e09c058ef8f9805daca546b	Cg==
352	BLOCK_CLOSE	15695	15696	0	d10b36aa74a59bcf4a88185837f658afaf3646eff2bb16c3928d0e9335e945d2	fQ==
353	PREPROCESSOR	15696	15704	0	626de321eb397f6600939892a0009f31bc378f7e886f9acc5ec0af18db6a99a7	CiNlbmRpZgo=
354	PREPROCESSOR	15704	15773	0	b85545fc5a5ecdca961d8b6afc6cd47a43ac62fca979f1d365f75d0235b1a945	CiNpZm5kZWYgTk9fTW92ZU1lbW9yeV9fTG9yZ19lY2xpcHNlX3N3dF9pbnRlcm5hbF9vbGVfd2luMzJfR1VJRF8ySkkK
355	FUNCTION_OPEN	15773	15931	0	b86d6be32bd02f2a8771c4a2a892e503a92dcaa36bb8d867f275d42bbae8ee3d	Sk5JRVhQT1JUIHZvaWQgSk5JQ0FMTCBDT01fTkFUSVZFKE1vdmVNZW1vcnlfX0xvcmdfZWNsaXBzZV9zd3RfaW50ZXJuYWxfb2xlX3dpbjMyX0dVSURfMkpJKQoJKEpOSUVudiAqZW52LCBqY2xhc3MgdGhhdCwgam9iamVjdCBhcmcwLCBqbG9uZyBhcmcxLCBqaW50IGFyZzIpCns=
356	STATEMENT	15931	15958	1	301c2b47745706a7bd7f70527fe28dafe91c02b932bb630137d39594eebc7680	CglHVUlEIF9hcmcwLCAqbHBhcmcwPU5VTEw7
357	STATEMENT	15958	16051	1	147fc4254de6886a29713281cccf75685c72ed1bb1173dfb87b5bb575b386987	CglDT01fTkFUSVZFX0VOVEVSKGVudiwgdGhhdCwgTW92ZU1lbW9yeV9fTG9yZ19lY2xpcHNlX3N3dF9pbnRlcm5hbF9vbGVfd2luMzJfR1VJRF8ySklfRlVOQyk7
358	STATEMENT	16051	16104	1	6b4ffd7a4c84f6b5f059207aecbc3d2ec32725179c9604c77a5cb09af2ce7e19	CglpZiAoYXJnMCkgaWYgKChscGFyZzAgPSAmX2FyZzApID09IE5VTEwpIGdvdG8gZmFpbDs=
359	STATEMENT	16104	16158	1	4c64603efa22e192768580fc0ac9f82e7751a609ab06042dbf6759a818c187a6	CglNb3ZlTWVtb3J5KChQVk9JRClscGFyZzAsIChDT05TVCBWT0lEICopYXJnMSwgYXJnMik7
360	STATEMENT	16158	16219	1	c8bb8b731b1197d948618f6ea03315db9839949362ebabdd2340e7565a44e62b	CmZhaWw6CglpZiAoYXJnMCAmJiBscGFyZzApIHNldEdVSURGaWVsZHMoZW52LCBhcmcwLCBscGFyZzApOw==
361	STATEMENT	16219	16311	1	34b2f9b4dcb036d0f4178906c35f8fd0bf75efc1ee3f4ac4130f510d09f09ee3	CglDT01fTkFUSVZFX0VYSVQoZW52LCB0aGF0LCBNb3ZlTWVtb3J5X19Mb3JnX2VjbGlwc2Vfc3d0X2ludGVybmFsX29sZV93aW4zMl9HVUlEXzJKSV9GVU5DKTs=
362	FRAGMENT	16311	16312	1	01ba4719c80b6fe911b091a7c05124b64eeece964e09c058ef8f9805daca546b	Cg==
363	BLOCK_CLOSE	16312	16313	0	d10b36aa74a59bcf4a88185837f658afaf3646eff2bb16c3928d0e9335e945d2	fQ==
364	PREPROCESSOR	16313	16321	0	626de321eb397f6600939892a0009f31bc378f7e886f9acc5ec0af18db6a99a7	CiNlbmRpZgo=
365	PREPROCESSOR	16321	16395	0	f052200c8d7c744a7b2e7d2623dffc5c413394315bb8d0675ea072a8dc1592b5	CiNpZm5kZWYgTk9fTW92ZU1lbW9yeV9fTG9yZ19lY2xpcHNlX3N3dF9pbnRlcm5hbF9vbGVfd2luMzJfU1RHTUVESVVNXzJKSQo=
366	FUNCTION_OPEN	16395	16558	0	551c01b7f7fdfef6d839707a505c6be9b4c03174401b81fd37ef3c82f81cae18	Sk5JRVhQT1JUIHZvaWQgSk5JQ0FMTCBDT01fTkFUSVZFKE1vdmVNZW1vcnlfX0xvcmdfZWNsaXBzZV9zd3RfaW50ZXJuYWxfb2xlX3dpbjMyX1NUR01FRElVTV8ySkkpCgkoSk5JRW52ICplbnYsIGpjbGFzcyB0aGF0LCBqb2JqZWN0IGFyZzAsIGpsb25nIGFyZzEsIGppbnQgYXJnMikKew==
367	STATEMENT	16558	16590	1	bbeb3c92d726071c5b19f395767f1ca6f2bc268479b9eed275f135d9f977642a	CglTVEdNRURJVU0gX2FyZzAsICpscGFyZzA9TlVMTDs=
368	STATEMENT	16590	16688	1	35f837ec79ef5da1a00f969e0ae7cf794065d2ceb93bb387d8392b34d6cce8d4	CglDT01fTkFUSVZFX0VOVEVSKGVudiwgdGhhdCwgTW92ZU1lbW9yeV9fTG9yZ19lY2xpcHNlX3N3dF9pbnRlcm5hbF9vbGVfd2luMzJfU1RHTUVESVVNXzJKSV9GVU5DKTs=
369	STATEMENT	16688	16741	1	6b4ffd7a4c84f6b5f059207aecbc3d2ec32725179c9604c77a5cb09af2ce7e19	CglpZiAoYXJnMCkgaWYgKChscGFyZzAgPSAmX2FyZzApID09IE5VTEwpIGdvdG8gZmFpbDs=
370	STATEMENT	16741	16795	1	4c64603efa22e192768580fc0ac9f82e7751a609ab06042dbf6759a818c187a6	CglNb3ZlTWVtb3J5KChQVk9JRClscGFyZzAsIChDT05TVCBWT0lEICopYXJnMSwgYXJnMik7
371	STATEMENT	16795	16861	1	39079abfabaaae10fd4f2108118ebf668ea7459bf355507abaaa236a5cd51875	CmZhaWw6CglpZiAoYXJnMCAmJiBscGFyZzApIHNldFNUR01FRElVTUZpZWxkcyhlbnYsIGFyZzAsIGxwYXJnMCk7
372	STATEMENT	16861	16958	1	7c8d4fe22e9d876c3f7157b99538a495e900168494ada872bd287464759df129	CglDT01fTkFUSVZFX0VYSVQoZW52LCB0aGF0LCBNb3ZlTWVtb3J5X19Mb3JnX2VjbGlwc2Vfc3d0X2ludGVybmFsX29sZV93aW4zMl9TVEdNRURJVU1fMkpJX0ZVTkMpOw==
373	FRAGMENT	16958	16959	1	01ba4719c80b6fe911b091a7c05124b64eeece964e09c058ef8f9805daca546b	Cg==
374	BLOCK_CLOSE	16959	16960	0	d10b36aa74a59bcf4a88185837f658afaf3646eff2bb16c3928d0e9335e945d2	fQ==
375	PREPROCESSOR	16960	16968	0	626de321eb397f6600939892a0009f31bc378f7e886f9acc5ec0af18db6a99a7	CiNlbmRpZgo=
376	PREPROCESSOR	16968	17041	0	be40c20cbd1b3b07ed3a9036d91011238f68687c198bc48a1dcf751169ff5fe8	CiNpZm5kZWYgTk9fTW92ZU1lbW9yeV9fTG9yZ19lY2xpcHNlX3N3dF9pbnRlcm5hbF9vbGVfd2luMzJfVFlQRUFUVFJfMkpJCg==
377	FUNCTION_OPEN	17041	17203	0	cdd6d2ab1335bdc49238fc103835a6c5bdd1c4b26d6c86d8674c4fa177575171	Sk5JRVhQT1JUIHZvaWQgSk5JQ0FMTCBDT01fTkFUSVZFKE1vdmVNZW1vcnlfX0xvcmdfZWNsaXBzZV9zd3RfaW50ZXJuYWxfb2xlX3dpbjMyX1RZUEVBVFRSXzJKSSkKCShKTklFbnYgKmVudiwgamNsYXNzIHRoYXQsIGpvYmplY3QgYXJnMCwgamxvbmcgYXJnMSwgamludCBhcmcyKQp7
378	STATEMENT	17203	17234	1	aaac14e6b23ce222e93f39a3828c9793c044e1fd314104f0ca28219d18877cc0	CglUWVBFQVRUUiBfYXJnMCwgKmxwYXJnMD1OVUxMOw==
379	STATEMENT	17234	17331	1	c3410692a16b6e658f6b9645b9872e7ab9676914ad49947525056b1d1a864c48	CglDT01fTkFUSVZFX0VOVEVSKGVudiwgdGhhdCwgTW92ZU1lbW9yeV9fTG9yZ19lY2xpcHNlX3N3dF9pbnRlcm5hbF9vbGVfd2luMzJfVFlQRUFUVFJfMkpJX0ZVTkMpOw==
380	STATEMENT	17331	17384	1	6b4ffd7a4c84f6b5f059207aecbc3d2ec32725179c9604c77a5cb09af2ce7e19	CglpZiAoYXJnMCkgaWYgKChscGFyZzAgPSAmX2FyZzApID09IE5VTEwpIGdvdG8gZmFpbDs=
381	STATEMENT	17384	17438	1	4c64603efa22e192768580fc0ac9f82e7751a609ab06042dbf6759a818c187a6	CglNb3ZlTWVtb3J5KChQVk9JRClscGFyZzAsIChDT05TVCBWT0lEICopYXJnMSwgYXJnMik7
382	STATEMENT	17438	17503	1	f104ce0f77f6f9c4caebbd9f0af7e31539971e31ed97356efdfd74e2c3713e9a	CmZhaWw6CglpZiAoYXJnMCAmJiBscGFyZzApIHNldFRZUEVBVFRSRmllbGRzKGVudiwgYXJnMCwgbHBhcmcwKTs=
383	STATEMENT	17503	17599	1	9bb36970e2eed5400aa50885bb5e21403b8b75aa6326e58c5e21e07ae86878a8	CglDT01fTkFUSVZFX0VYSVQoZW52LCB0aGF0LCBNb3ZlTWVtb3J5X19Mb3JnX2VjbGlwc2Vfc3d0X2ludGVybmFsX29sZV93aW4zMl9UWVBFQVRUUl8ySklfRlVOQyk7
384	FRAGMENT	17599	17600	1	01ba4719c80b6fe911b091a7c05124b64eeece964e09c058ef8f9805daca546b	Cg==
385	BLOCK_CLOSE	17600	17601	0	d10b36aa74a59bcf4a88185837f658afaf3646eff2bb16c3928d0e9335e945d2	fQ==
386	PREPROCESSOR	17601	17609	0	626de321eb397f6600939892a0009f31bc378f7e886f9acc5ec0af18db6a99a7	CiNlbmRpZgo=
387	PREPROCESSOR	17609	17681	0	de0484481e6ec2b6f480c24549877b9103da258223baebd0f3019464743a7af9	CiNpZm5kZWYgTk9fTW92ZU1lbW9yeV9fTG9yZ19lY2xpcHNlX3N3dF9pbnRlcm5hbF9vbGVfd2luMzJfVkFSREVTQ18ySkkK
388	FUNCTION_OPEN	17681	17842	0	0d618d5683100473732c098205da1020153250cf730cba1e4d465c87989274b4	Sk5JRVhQT1JUIHZvaWQgSk5JQ0FMTCBDT01fTkFUSVZFKE1vdmVNZW1vcnlfX0xvcmdfZWNsaXBzZV9zd3RfaW50ZXJuYWxfb2xlX3dpbjMyX1ZBUkRFU0NfMkpJKQoJKEpOSUVudiAqZW52LCBqY2xhc3MgdGhhdCwgam9iamVjdCBhcmcwLCBqbG9uZyBhcmcxLCBqaW50IGFyZzIpCns=
389	STATEMENT	17842	17872	1	c041fbc8174718f80e6c89bd5cbc7212f7dd9e449806b4fcc474112ab69081a6	CglWQVJERVNDIF9hcmcwLCAqbHBhcmcwPU5VTEw7
390	STATEMENT	17872	17968	1	5e7bad7b06f19cafdcf8a17253db106024750e8ef9832db1a0e52288931625c5	CglDT01fTkFUSVZFX0VOVEVSKGVudiwgdGhhdCwgTW92ZU1lbW9yeV9fTG9yZ19lY2xpcHNlX3N3dF9pbnRlcm5hbF9vbGVfd2luMzJfVkFSREVTQ18ySklfRlVOQyk7
391	STATEMENT	17968	18021	1	6b4ffd7a4c84f6b5f059207aecbc3d2ec32725179c9604c77a5cb09af2ce7e19	CglpZiAoYXJnMCkgaWYgKChscGFyZzAgPSAmX2FyZzApID09IE5VTEwpIGdvdG8gZmFpbDs=
392	STATEMENT	18021	18075	1	4c64603efa22e192768580fc0ac9f82e7751a609ab06042dbf6759a818c187a6	CglNb3ZlTWVtb3J5KChQVk9JRClscGFyZzAsIChDT05TVCBWT0lEICopYXJnMSwgYXJnMik7
393	STATEMENT	18075	18139	1	b83b066357f408e31ec3b64e41908ad8fdc2ea2e37684a9cfdd90c243e88b4d3	CmZhaWw6CglpZiAoYXJnMCAmJiBscGFyZzApIHNldFZBUkRFU0NGaWVsZHMoZW52LCBhcmcwLCBscGFyZzApOw==
394	STATEMENT	18139	18234	1	e5093de07403bb0e3069b3bea02249b6f1e8fb8b0ce5bcda515fb2d9e1c1615e	CglDT01fTkFUSVZFX0VYSVQoZW52LCB0aGF0LCBNb3ZlTWVtb3J5X19Mb3JnX2VjbGlwc2Vfc3d0X2ludGVybmFsX29sZV93aW4zMl9WQVJERVNDXzJKSV9GVU5DKTs=
395	FRAGMENT	18234	18235	1	01ba4719c80b6fe911b091a7c05124b64eeece964e09c058ef8f9805daca546b	Cg==
396	BLOCK_CLOSE	18235	18236	0	d10b36aa74a59bcf4a88185837f658afaf3646eff2bb16c3928d0e9335e945d2	fQ==
397	PREPROCESSOR	18236	18244	0	626de321eb397f6600939892a0009f31bc378f7e886f9acc5ec0af18db6a99a7	CiNlbmRpZgo=
398	PREPROCESSOR	18244	18316	0	fcebb175e6633063c63111fe2ebb28f2d82029ffa35bb27538bef864f00475d3	CiNpZm5kZWYgTk9fTW92ZU1lbW9yeV9fTG9yZ19lY2xpcHNlX3N3dF9pbnRlcm5hbF9vbGVfd2luMzJfVkFSSUFOVF8ySkkK
399	FUNCTION_OPEN	18316	18477	0	f0fe73764d73bb1a6fa4d6c78b0eb8b36ea17d8b450f682a5c5eedd643302e74	Sk5JRVhQT1JUIHZvaWQgSk5JQ0FMTCBDT01fTkFUSVZFKE1vdmVNZW1vcnlfX0xvcmdfZWNsaXBzZV9zd3RfaW50ZXJuYWxfb2xlX3dpbjMyX1ZBUklBTlRfMkpJKQoJKEpOSUVudiAqZW52LCBqY2xhc3MgdGhhdCwgam9iamVjdCBhcmcwLCBqbG9uZyBhcmcxLCBqaW50IGFyZzIpCns=
400	STATEMENT	18477	18507	1	b768d71b7edc5b4452551ba7a568107b31af9d8c0e069d3e9d586c4a3eb08b25	CglWQVJJQU5UIF9hcmcwLCAqbHBhcmcwPU5VTEw7
401	STATEMENT	18507	18603	1	7547fbe529ed2e9143c15529d0a4e75ecc543c3094fefedb85b1748486a8ff32	CglDT01fTkFUSVZFX0VOVEVSKGVudiwgdGhhdCwgTW92ZU1lbW9yeV9fTG9yZ19lY2xpcHNlX3N3dF9pbnRlcm5hbF9vbGVfd2luMzJfVkFSSUFOVF8ySklfRlVOQyk7
402	STATEMENT	18603	18656	1	6b4ffd7a4c84f6b5f059207aecbc3d2ec32725179c9604c77a5cb09af2ce7e19	CglpZiAoYXJnMCkgaWYgKChscGFyZzAgPSAmX2FyZzApID09IE5VTEwpIGdvdG8gZmFpbDs=
403	STATEMENT	18656	18710	1	4c64603efa22e192768580fc0ac9f82e7751a609ab06042dbf6759a818c187a6	CglNb3ZlTWVtb3J5KChQVk9JRClscGFyZzAsIChDT05TVCBWT0lEICopYXJnMSwgYXJnMik7
404	STATEMENT	18710	18774	1	305fab05e40118545891ce99f030fc32a6836799948db9d312720540c9a6272e	CmZhaWw6CglpZiAoYXJnMCAmJiBscGFyZzApIHNldFZBUklBTlRGaWVsZHMoZW52LCBhcmcwLCBscGFyZzApOw==
405	STATEMENT	18774	18869	1	50bc490bc4866c691960ee809ece05378fd64574d0cef51b518ca30e7499d155	CglDT01fTkFUSVZFX0VYSVQoZW52LCB0aGF0LCBNb3ZlTWVtb3J5X19Mb3JnX2VjbGlwc2Vfc3d0X2ludGVybmFsX29sZV93aW4zMl9WQVJJQU5UXzJKSV9GVU5DKTs=
406	FRAGMENT	18869	18870	1	01ba4719c80b6fe911b091a7c05124b64eeece964e09c058ef8f9805daca546b	Cg==
407	BLOCK_CLOSE	18870	18871	0	d10b36aa74a59bcf4a88185837f658afaf3646eff2bb16c3928d0e9335e945d2	fQ==
408	PREPROCESSOR	18871	18879	0	626de321eb397f6600939892a0009f31bc378f7e886f9acc5ec0af18db6a99a7	CiNlbmRpZgo=
409	PREPROCESSOR	18879	18944	0	10b81b288a62d12f5fa6a18a81a6fca548ec55f937e0f531194b9088da04a687	CiNpZm5kZWYgTk9fTW92ZU1lbW9yeV9fTG9yZ19lY2xpcHNlX3N3dF9pbnRlcm5hbF93aW4zMl9SRUNUXzJKSQo=
410	FUNCTION_OPEN	18944	19098	0	5ca169369aae19fb9458f5948280dacf0dd9069fb0b46b7841a6f52234ad2056	Sk5JRVhQT1JUIHZvaWQgSk5JQ0FMTCBDT01fTkFUSVZFKE1vdmVNZW1vcnlfX0xvcmdfZWNsaXBzZV9zd3RfaW50ZXJuYWxfd2luMzJfUkVDVF8ySkkpCgkoSk5JRW52ICplbnYsIGpjbGFzcyB0aGF0LCBqb2JqZWN0IGFyZzAsIGpsb25nIGFyZzEsIGppbnQgYXJnMikKew==
411	STATEMENT	19098	19125	1	cf36df630abac10c1f91120922213dda919c7e7ea162014cd12015a50227ecdb	CglSRUNUIF9hcmcwLCAqbHBhcmcwPU5VTEw7
412	STATEMENT	19125	19214	1	aa026a5b5e77e1370e4b817d28233f36652057c69ab34cf7966a169a56b10eeb	CglDT01fTkFUSVZFX0VOVEVSKGVudiwgdGhhdCwgTW92ZU1lbW9yeV9fTG9yZ19lY2xpcHNlX3N3dF9pbnRlcm5hbF93aW4zMl9SRUNUXzJKSV9GVU5DKTs=
413	STATEMENT	19214	19267	1	6b4ffd7a4c84f6b5f059207aecbc3d2ec32725179c9604c77a5cb09af2ce7e19	CglpZiAoYXJnMCkgaWYgKChscGFyZzAgPSAmX2FyZzApID09IE5VTEwpIGdvdG8gZmFpbDs=
414	STATEMENT	19267	19321	1	4c64603efa22e192768580fc0ac9f82e7751a609ab06042dbf6759a818c187a6	CglNb3ZlTWVtb3J5KChQVk9JRClscGFyZzAsIChDT05TVCBWT0lEICopYXJnMSwgYXJnMik7
415	STATEMENT	19321	19382	1	7a835a105fd3a2497a17e706e95a5ef381f7b74196c200c3f2a95982c28ea27f	CmZhaWw6CglpZiAoYXJnMCAmJiBscGFyZzApIHNldFJFQ1RGaWVsZHMoZW52LCBhcmcwLCBscGFyZzApOw==
416	STATEMENT	19382	19470	1	27abe6825db9d874a7533a628e7384c8d6c91ac9193f19a6927c61be0637fbb4	CglDT01fTkFUSVZFX0VYSVQoZW52LCB0aGF0LCBNb3ZlTWVtb3J5X19Mb3JnX2VjbGlwc2Vfc3d0X2ludGVybmFsX3dpbjMyX1JFQ1RfMkpJX0ZVTkMpOw==
417	FRAGMENT	19470	19471	1	01ba4719c80b6fe911b091a7c05124b64eeece964e09c058ef8f9805daca546b	Cg==
418	BLOCK_CLOSE	19471	19472	0	d10b36aa74a59bcf4a88185837f658afaf3646eff2bb16c3928d0e9335e945d2	fQ==
419	PREPROCESSOR	19472	19480	0	626de321eb397f6600939892a0009f31bc378f7e886f9acc5ec0af18db6a99a7	CiNlbmRpZgo=
420	PREPROCESSOR	19480	19507	0	3bee39471c16dbdf138c6aba2c4ea0b98980ac80ca563f9911fbfc2e0bb9020d	CiNpZm5kZWYgTk9fT0xFQ01EXzFzaXplb2YK
421	FUNCTION_OPEN	19507	19586	0	201fa65cb9f05ef387dd5d6e6d4666c66cffd712ce0301734c5997caa31cd481	Sk5JRVhQT1JUIGppbnQgSk5JQ0FMTCBDT01fTkFUSVZFKE9MRUNNRF8xc2l6ZW9mKQoJKEpOSUVudiAqZW52LCBqY2xhc3MgdGhhdCkKew==
422	STATEMENT	19586	19600	1	ab2eac128ef6225b35f40b35e2bd8fba39be8b3b6b281960b3c51646eba99890	CglqaW50IHJjID0gMDs=
423	STATEMENT	19600	19651	1	38fc0e06fc4125f87693bb6411c5ca018ec9e58e1cc5310d2ea5006d082eb0af	CglDT01fTkFUSVZFX0VOVEVSKGVudiwgdGhhdCwgT0xFQ01EXzFzaXplb2ZfRlVOQyk7
424	STATEMENT	19651	19680	1	984ff9ab31697fb85e647035817e3c8e50fc4950042cb6d4261753c398434618	CglyYyA9IChqaW50KU9MRUNNRF9zaXplb2YoKTs=
425	STATEMENT	19680	19730	1	2b8cccd12e1a03b53a9a105221bf6440157d213c0d485dea1bc7a3406cf8cec1	CglDT01fTkFUSVZFX0VYSVQoZW52LCB0aGF0LCBPTEVDTURfMXNpemVvZl9GVU5DKTs=
426	STATEMENT	19730	19742	1	a028c9c9501df4846ec72c7b4432d4a3cb499b36b781bb1c38853498151d0ba7	CglyZXR1cm4gcmM7
427	FRAGMENT	19742	19743	1	01ba4719c80b6fe911b091a7c05124b64eeece964e09c058ef8f9805daca546b	Cg==
428	BLOCK_CLOSE	19743	19744	0	d10b36aa74a59bcf4a88185837f658afaf3646eff2bb16c3928d0e9335e945d2	fQ==
429	PREPROCESSOR	19744	19752	0	626de321eb397f6600939892a0009f31bc378f7e886f9acc5ec0af18db6a99a7	CiNlbmRpZgo=
430	PREPROCESSOR	19752	19792	0	c7cdfd221fa02bbea0569d423bfdc2b77801e0842f5cbad1025a9be6580618b8	CiNpZm5kZWYgTk9fT0xFSU5QTEFDRUZSQU1FSU5GT18xc2l6ZW9mCg==
431	FUNCTION_OPEN	19792	19884	0	2d65b21ba3a136449764958d717bae5bfc34f98fa3315f08b6e3fd1adda70cd4	Sk5JRVhQT1JUIGppbnQgSk5JQ0FMTCBDT01fTkFUSVZFKE9MRUlOUExBQ0VGUkFNRUlORk9fMXNpemVvZikKCShKTklFbnYgKmVudiwgamNsYXNzIHRoYXQpCns=
432	STATEMENT	19884	19898	1	ab2eac128ef6225b35f40b35e2bd8fba39be8b3b6b281960b3c51646eba99890	CglqaW50IHJjID0gMDs=
433	STATEMENT	19898	19962	1	1fbedf11fb866c952bbb515b8549f569d178fd3a6019b1ce06dac343a2748a00	CglDT01fTkFUSVZFX0VOVEVSKGVudiwgdGhhdCwgT0xFSU5QTEFDRUZSQU1FSU5GT18xc2l6ZW9mX0ZVTkMpOw==
434	STATEMENT	19962	20004	1	af94e0045a4e4c42e96c5b8abb03edcb9fd76ac04d6d29e09c3baf3e4b3fbbd6	CglyYyA9IChqaW50KU9MRUlOUExBQ0VGUkFNRUlORk9fc2l6ZW9mKCk7
435	STATEMENT	20004	20067	1	92c15d0e201ad9ddf150ee5aa7aea6cede550cc6af248279294b12ba41977931	CglDT01fTkFUSVZFX0VYSVQoZW52LCB0aGF0LCBPTEVJTlBMQUNFRlJBTUVJTkZPXzFzaXplb2ZfRlVOQyk7
436	STATEMENT	20067	20079	1	a028c9c9501df4846ec72c7b4432d4a3cb499b36b781bb1c38853498151d0ba7	CglyZXR1cm4gcmM7
437	FRAGMENT	20079	20080	1	01ba4719c80b6fe911b091a7c05124b64eeece964e09c058ef8f9805daca546b	Cg==
438	BLOCK_CLOSE	20080	20081	0	d10b36aa74a59bcf4a88185837f658afaf3646eff2bb16c3928d0e9335e945d2	fQ==
439	PREPROCESSOR	20081	20089	0	626de321eb397f6600939892a0009f31bc378f7e886f9acc5ec0af18db6a99a7	CiNlbmRpZgo=
440	PREPROCESSOR	20089	20111	0	449611429e6cc18eb2f296e135323ab7c65021d19fd13ec0dd258f9566877aa9	CiNpZm5kZWYgTk9fT2xlQ3JlYXRlCg==
441	FUNCTION_OPEN	20111	20279	0	ee9c73cd07803e73921e5c49d9f2a490b5904b67411153c43156f37c841155dd	Sk5JRVhQT1JUIGppbnQgSk5JQ0FMTCBDT01fTkFUSVZFKE9sZUNyZWF0ZSkKCShKTklFbnYgKmVudiwgamNsYXNzIHRoYXQsIGpvYmplY3QgYXJnMCwgam9iamVjdCBhcmcxLCBqaW50IGFyZzIsIGpvYmplY3QgYXJnMywgamxvbmcgYXJnNCwgamxvbmcgYXJnNSwgamxvbmdBcnJheSBhcmc2KQp7
442	STATEMENT	20279	20306	1	301c2b47745706a7bd7f70527fe28dafe91c02b932bb630137d39594eebc7680	CglHVUlEIF9hcmcwLCAqbHBhcmcwPU5VTEw7
443	STATEMENT	20306	20333	1	a8c55500f955dda9c4186360af5ea7da390fdff3f54ee492d39541e7b08a4cbd	CglHVUlEIF9hcmcxLCAqbHBhcmcxPU5VTEw7
444	STATEMENT	20333	20365	1	182f1b66cb1290be99dd2bd879fd60910e3e0f83095fff59e8a2b4d056b2a404	CglGT1JNQVRFVEMgX2FyZzMsICpscGFyZzM9TlVMTDs=
445	STATEMENT	20365	20386	1	3edeb231b1fcaa85678ce70ef2924eadaa43c64a4b4c8605b2555a253731e5d6	CglqbG9uZyAqbHBhcmc2PU5VTEw7
446	STATEMENT	20386	20400	1	ab2eac128ef6225b35f40b35e2bd8fba39be8b3b6b281960b3c51646eba99890	CglqaW50IHJjID0gMDs=
447	STATEMENT	20400	20446	1	4f355011349faf916d2acb7a1101c225419a2fcc14e1e7b120c3e58bcee90c44	CglDT01fTkFUSVZFX0VOVEVSKGVudiwgdGhhdCwgT2xlQ3JlYXRlX0ZVTkMpOw==
448	STATEMENT	20446	20525	1	55529d73ec176a64ddf913ac92ae23dc55a2ff2c620bf05d172977c29ffd60c4	CglpZiAoYXJnMCkgaWYgKChscGFyZzAgPSBnZXRHVUlERmllbGRzKGVudiwgYXJnMCwgJl9hcmcwKSkgPT0gTlVMTCkgZ290byBmYWlsOw==
449	STATEMENT	20525	20604	1	36a59b127b31eca7ca455b1ee3482ce4b67f495945ccb67b85a1991210ceaff8	CglpZiAoYXJnMSkgaWYgKChscGFyZzEgPSBnZXRHVUlERmllbGRzKGVudiwgYXJnMSwgJl9hcmcxKSkgPT0gTlVMTCkgZ290byBmYWlsOw==
450	STATEMENT	20604	20688	1	4787c2b0fda49bcb78a95d85432e97ff266220df04576a273493508f4b57f55e	CglpZiAoYXJnMykgaWYgKChscGFyZzMgPSBnZXRGT1JNQVRFVENGaWVsZHMoZW52LCBhcmczLCAmX2FyZzMpKSA9PSBOVUxMKSBnb3RvIGZhaWw7
451	STATEMENT	20688	20780	1	02282f8e07ea1d7a274b42a8798e326cfaa602665b69bd1184266a1e28fbc5d0	CglpZiAoYXJnNikgaWYgKChscGFyZzYgPSAoKmVudiktPkdldExvbmdBcnJheUVsZW1lbnRzKGVudiwgYXJnNiwgTlVMTCkpID09IE5VTEwpIGdvdG8gZmFpbDs=
452	STATEMENT	20780	20892	1	5f0f9f1d90d29e953119838c5fc92af0341179743885d81d1cfde73a124a8351	CglyYyA9IChqaW50KU9sZUNyZWF0ZShscGFyZzAsIGxwYXJnMSwgYXJnMiwgbHBhcmczLCAoSU9sZUNsaWVudFNpdGUgKilhcmc0LCAoSVN0b3JhZ2UgKilhcmc1LCAodm9pZCAqKilscGFyZzYpOw==
453	STATEMENT	20892	20975	1	49e4c654593f6b0c5451030d3a60484652b2da7e0e2d3bf3b7be6232f58d1d4d	CmZhaWw6CglpZiAoYXJnNiAmJiBscGFyZzYpICgqZW52KS0+UmVsZWFzZUxvbmdBcnJheUVsZW1lbnRzKGVudiwgYXJnNiwgbHBhcmc2LCAwKTs=
454	STATEMENT	20975	21020	1	5f1cb1bb7c5574059ab1288e100652279eb0e04fda3bc8f066179b297aee4a29	CglDT01fTkFUSVZFX0VYSVQoZW52LCB0aGF0LCBPbGVDcmVhdGVfRlVOQyk7
455	STATEMENT	21020	21032	1	a028c9c9501df4846ec72c7b4432d4a3cb499b36b781bb1c38853498151d0ba7	CglyZXR1cm4gcmM7
456	FRAGMENT	21032	21033	1	01ba4719c80b6fe911b091a7c05124b64eeece964e09c058ef8f9805daca546b	Cg==
457	BLOCK_CLOSE	21033	21034	0	d10b36aa74a59bcf4a88185837f658afaf3646eff2bb16c3928d0e9335e945d2	fQ==
458	PREPROCESSOR	21034	21042	0	626de321eb397f6600939892a0009f31bc378f7e886f9acc5ec0af18db6a99a7	CiNlbmRpZgo=
459	PREPROCESSOR	21042	21072	0	81fd499d91966aa41bfa0d9de8e0cd513d4f94b0f9fdd1722d4bb86fc03c984e	CiNpZm5kZWYgTk9fT2xlQ3JlYXRlRnJvbUZpbGUK
460	FUNCTION_OPEN	21072	21265	0	a283122525c60fcf93cccd3f4dc89aca92ceeb2109dd531562139a1310b9f167	Sk5JRVhQT1JUIGppbnQgSk5JQ0FMTCBDT01fTkFUSVZFKE9sZUNyZWF0ZUZyb21GaWxlKQoJKEpOSUVudiAqZW52LCBqY2xhc3MgdGhhdCwgam9iamVjdCBhcmcwLCBqY2hhckFycmF5IGFyZzEsIGpvYmplY3QgYXJnMiwgamludCBhcmczLCBqb2JqZWN0IGFyZzQsIGpsb25nIGFyZzUsIGpsb25nIGFyZzYsIGpsb25nQXJyYXkgYXJnNykKew==
461	STATEMENT	21265	21292	1	301c2b47745706a7bd7f70527fe28dafe91c02b932bb630137d39594eebc7680	CglHVUlEIF9hcmcwLCAqbHBhcmcwPU5VTEw7
462	STATEMENT	21292	21313	1	cb233fdf59df1dd8a069c3bfcfdc1736b1e106ad16a2ac4efdc03ccbc3d7e752	CglqY2hhciAqbHBhcmcxPU5VTEw7
463	STATEMENT	21313	21340	1	d9ee67e714c57414548cae86e72f0fb70b38060d70125731619d0c8777e13808	CglHVUlEIF9hcmcyLCAqbHBhcmcyPU5VTEw7
464	STATEMENT	21340	21372	1	74b60eb81e28047ff360f60a176a6bcccbb50d8ce0363533878a51eef43c31e1	CglGT1JNQVRFVEMgX2FyZzQsICpscGFyZzQ9TlVMTDs=
465	STATEMENT	21372	21393	1	e8d20694dea44f5e7b89a4067a1510d0e4bf80c54f1886223957f242c005c4f1	CglqbG9uZyAqbHBhcmc3PU5VTEw7
466	STATEMENT	21393	21407	1	ab2eac128ef6225b35f40b35e2bd8fba39be8b3b6b281960b3c51646eba99890	CglqaW50IHJjID0gMDs=
467	STATEMENT	21407	21461	1	7f061524bdbb26fad42aeca379790a44bef864e3b24c258e690b55a6be45569d	CglDT01fTkFUSVZFX0VOVEVSKGVudiwgdGhhdCwgT2xlQ3JlYXRlRnJvbUZpbGVfRlVOQyk7
468	STATEMENT	21461	21540	1	55529d73ec176a64ddf913ac92ae23dc55a2ff2c620bf05d172977c29ffd60c4	CglpZiAoYXJnMCkgaWYgKChscGFyZzAgPSBnZXRHVUlERmllbGRzKGVudiwgYXJnMCwgJl9hcmcwKSkgPT0gTlVMTCkgZ290byBmYWlsOw==
469	STATEMENT	21540	21632	1	0b2f55509ee3161a35c27793f059e8258072026034612378fef81037e3a9817b	CglpZiAoYXJnMSkgaWYgKChscGFyZzEgPSAoKmVudiktPkdldENoYXJBcnJheUVsZW1lbnRzKGVudiwgYXJnMSwgTlVMTCkpID09IE5VTEwpIGdvdG8gZmFpbDs=
470	STATEMENT	21632	21711	1	234f362547d83714c48eaa9774205ff8edee5d7159c1fcabb74c46bd190395ef	CglpZiAoYXJnMikgaWYgKChscGFyZzIgPSBnZXRHVUlERmllbGRzKGVudiwgYXJnMiwgJl9hcmcyKSkgPT0gTlVMTCkgZ290byBmYWlsOw==
471	STATEMENT	21711	21795	1	1bb71e9f01d3acb33a3b79365c86b043d36dbdb62848fb391fbe8960b4b768d9	CglpZiAoYXJnNCkgaWYgKChscGFyZzQgPSBnZXRGT1JNQVRFVENGaWVsZHMoZW52LCBhcmc0LCAmX2FyZzQpKSA9PSBOVUxMKSBnb3RvIGZhaWw7
472	STATEMENT	21795	21887	1	b5d41ba1a8baf717f6672c8f9b27e186a692a74a7a9bcf6ffb55b55b2e00b66a	CglpZiAoYXJnNykgaWYgKChscGFyZzcgPSAoKmVudiktPkdldExvbmdBcnJheUVsZW1lbnRzKGVudiwgYXJnNywgTlVMTCkpID09IE5VTEwpIGdvdG8gZmFpbDs=
473	STATEMENT	21887	22025	1	c970352ddbcbed26d70059a199586934bc96b99fa67db025e9b53861a0c17022	CglyYyA9IChqaW50KU9sZUNyZWF0ZUZyb21GaWxlKGxwYXJnMCwgKExQQ09MRVNUUilscGFyZzEsIGxwYXJnMiwgYXJnMywgbHBhcmc0LCAoTFBPTEVDTElFTlRTSVRFKWFyZzUsIChMUFNUT1JBR0UpYXJnNiwgKExQVk9JRCAqKWxwYXJnNyk7
474	STATEMENT	22025	22108	1	1aa556cd83cd519d807fc2494b969d90c55161cfde9783b1f672b391c20699ee	CmZhaWw6CglpZiAoYXJnNyAmJiBscGFyZzcpICgqZW52KS0+UmVsZWFzZUxvbmdBcnJheUVsZW1lbnRzKGVudiwgYXJnNywgbHBhcmc3LCAwKTs=
475	STATEMENT	22108	22193	1	61111998cd961e7cb858510900459b65fc10dd4ea3852f15d44610dcd772d7a6	CglpZiAoYXJnMSAmJiBscGFyZzEpICgqZW52KS0+UmVsZWFzZUNoYXJBcnJheUVsZW1lbnRzKGVudiwgYXJnMSwgbHBhcmcxLCBKTklfQUJPUlQpOw==
476	STATEMENT	22193	22246	1	c9e15282c680d6b2d7bef532c2872be6b0866a94b5efbcd40f6358ba1007291f	CglDT01fTkFUSVZFX0VYSVQoZW52LCB0aGF0LCBPbGVDcmVhdGVGcm9tRmlsZV9GVU5DKTs=
477	STATEMENT	22246	22258	1	a028c9c9501df4846ec72c7b4432d4a3cb499b36b781bb1c38853498151d0ba7	CglyZXR1cm4gcmM7
478	FRAGMENT	22258	22259	1	01ba4719c80b6fe911b091a7c05124b64eeece964e09c058ef8f9805daca546b	Cg==
479	BLOCK_CLOSE	22259	22260	0	d10b36aa74a59bcf4a88185837f658afaf3646eff2bb16c3928d0e9335e945d2	fQ==
480	PREPROCESSOR	22260	22268	0	626de321eb397f6600939892a0009f31bc378f7e886f9acc5ec0af18db6a99a7	CiNlbmRpZgo=
481	PREPROCESSOR	22268	22303	0	7cc74153599d70c20b1d2f7f6b6e1b39678db825183e323f5cb544ee95b3bcd4	CiNpZm5kZWYgTk9fT2xlQ3JlYXRlUHJvcGVydHlGcmFtZQo=
482	FUNCTION_OPEN	22303	22527	0	92d18c7044ca914c2d3218a3ecaabbd85970041679e9a0294025e70cc36731fc	Sk5JRVhQT1JUIGppbnQgSk5JQ0FMTCBDT01fTkFUSVZFKE9sZUNyZWF0ZVByb3BlcnR5RnJhbWUpCgkoSk5JRW52ICplbnYsIGpjbGFzcyB0aGF0LCBqbG9uZyBhcmcwLCBqaW50IGFyZzEsIGppbnQgYXJnMiwgamNoYXJBcnJheSBhcmczLCBqaW50IGFyZzQsIGpsb25nQXJyYXkgYXJnNSwgamludCBhcmc2LCBqbG9uZyBhcmc3LCBqaW50IGFyZzgsIGppbnQgYXJnOSwgamxvbmcgYXJnMTApCns=
483	STATEMENT	22527	22548	1	7074268f4dee5493cdc65778de981aa586434dc5dc567c331bb955dc19548533	CglqY2hhciAqbHBhcmczPU5VTEw7
484	STATEMENT	22548	22569	1	243799fa9d3df43e4ccd5a39a6250575ff347362a05bbd8e416081e2d16b0c6b	CglqbG9uZyAqbHBhcmc1PU5VTEw7
485	STATEMENT	22569	22583	1	ab2eac128ef6225b35f40b35e2bd8fba39be8b3b6b281960b3c51646eba99890	CglqaW50IHJjID0gMDs=
486	STATEMENT	22583	22642	1	d1fd9ca5424a22eb4287c27c280dc59a86ddbf4474280e77d8c7754472ca4a01	CglDT01fTkFUSVZFX0VOVEVSKGVudiwgdGhhdCwgT2xlQ3JlYXRlUHJvcGVydHlGcmFtZV9GVU5DKTs=
487	STATEMENT	22642	22734	1	076859d015e9cd5108ea7c521051b0d2ec567b9050c0aae2aefc72d30db2e3e5	CglpZiAoYXJnMykgaWYgKChscGFyZzMgPSAoKmVudiktPkdldENoYXJBcnJheUVsZW1lbnRzKGVudiwgYXJnMywgTlVMTCkpID09IE5VTEwpIGdvdG8gZmFpbDs=
488	STATEMENT	22734	22826	1	104427ca0cd5a2e20a03898d3f1e2f9ac840a44f1cf9d2fb957c266bec3f975f	CglpZiAoYXJnNSkgaWYgKChscGFyZzUgPSAoKmVudiktPkdldExvbmdBcnJheUVsZW1lbnRzKGVudiwgYXJnNSwgTlVMTCkpID09IE5VTEwpIGdvdG8gZmFpbDs=
489	STATEMENT	22826	22989	1	38f7c8cd3d18b6180b87e0daf15622aeda01196fde92cb6f9518765d35909645	CglyYyA9IChqaW50KU9sZUNyZWF0ZVByb3BlcnR5RnJhbWUoKEhXTkQpYXJnMCwgYXJnMSwgYXJnMiwgKExQQ09MRVNUUilscGFyZzMsIGFyZzQsIChMUFVOS05PV04gRkFSKilscGFyZzUsIGFyZzYsIChMUENMU0lEKWFyZzcsIChMQ0lEKWFyZzgsIGFyZzksIChMUFZPSUQpYXJnMTApOw==
490	STATEMENT	22989	23072	1	5a92dde25f40fd9df52f3577b49d871fc1717840b3c8d6cefa3af3a0c91c1b9a	CmZhaWw6CglpZiAoYXJnNSAmJiBscGFyZzUpICgqZW52KS0+UmVsZWFzZUxvbmdBcnJheUVsZW1lbnRzKGVudiwgYXJnNSwgbHBhcmc1LCAwKTs=
491	STATEMENT	23072	23157	1	742919d8fcc2a699b660d126c27e065ff43ac739c02d7ada5e73eee56e4fb891	CglpZiAoYXJnMyAmJiBscGFyZzMpICgqZW52KS0+UmVsZWFzZUNoYXJBcnJheUVsZW1lbnRzKGVudiwgYXJnMywgbHBhcmczLCBKTklfQUJPUlQpOw==
492	STATEMENT	23157	23215	1	79bc35b4cf07be8a597a3fc1bb528af1520f6667bcab5e61893be24e931abce0	CglDT01fTkFUSVZFX0VYSVQoZW52LCB0aGF0LCBPbGVDcmVhdGVQcm9wZXJ0eUZyYW1lX0ZVTkMpOw==
493	STATEMENT	23215	23227	1	a028c9c9501df4846ec72c7b4432d4a3cb499b36b781bb1c38853498151d0ba7	CglyZXR1cm4gcmM7
494	FRAGMENT	23227	23228	1	01ba4719c80b6fe911b091a7c05124b64eeece964e09c058ef8f9805daca546b	Cg==
495	BLOCK_CLOSE	23228	23229	0	d10b36aa74a59bcf4a88185837f658afaf3646eff2bb16c3928d0e9335e945d2	fQ==
496	PREPROCESSOR	23229	23237	0	626de321eb397f6600939892a0009f31bc378f7e886f9acc5ec0af18db6a99a7	CiNlbmRpZgo=
497	PREPROCESSOR	23237	23257	0	ac35aca9ce0216d3656ef749c23d39b8159c4a322dd3635eb0cbcc714249a0f7	CiNpZm5kZWYgTk9fT2xlRHJhdwo=
498	FUNCTION_OPEN	23257	23376	0	2ef4acc903a0699245f1bcd76e0cee98ba1a2a6b84b7ee2d3e81f10f53bca93f	Sk5JRVhQT1JUIGppbnQgSk5JQ0FMTCBDT01fTkFUSVZFKE9sZURyYXcpCgkoSk5JRW52ICplbnYsIGpjbGFzcyB0aGF0LCBqbG9uZyBhcmcwLCBqaW50IGFyZzEsIGpsb25nIGFyZzIsIGpsb25nIGFyZzMpCns=
499	STATEMENT	23376	23390	1	ab2eac128ef6225b35f40b35e2bd8fba39be8b3b6b281960b3c51646eba99890	CglqaW50IHJjID0gMDs=
500	STATEMENT	23390	23434	1	bbe1a7778db01d04e41d4d39e2530d58ba46b4fead5501ebb4bdaa548011a7c8	CglDT01fTkFUSVZFX0VOVEVSKGVudiwgdGhhdCwgT2xlRHJhd19GVU5DKTs=
501	STATEMENT	23434	23510	1	beb8486d2d902a0e7689533bfa594f47a7df971b8b0dce1919af1ad55e0e2dac	CglyYyA9IChqaW50KU9sZURyYXcoKExQVU5LTk9XTilhcmcwLCAoRFdPUkQpYXJnMSwgKEhEQylhcmcyLCAoTFBSRUNUKWFyZzMpOw==
502	STATEMENT	23510	23553	1	3cd548e87c74bbd298ae73c8602c107363bc12abea933e49a7e1494f519c05e5	CglDT01fTkFUSVZFX0VYSVQoZW52LCB0aGF0LCBPbGVEcmF3X0ZVTkMpOw==
503	STATEMENT	23553	23565	1	a028c9c9501df4846ec72c7b4432d4a3cb499b36b781bb1c38853498151d0ba7	CglyZXR1cm4gcmM7
504	FRAGMENT	23565	23566	1	01ba4719c80b6fe911b091a7c05124b64eeece964e09c058ef8f9805daca546b	Cg==
505	BLOCK_CLOSE	23566	23567	0	d10b36aa74a59bcf4a88185837f658afaf3646eff2bb16c3928d0e9335e945d2	fQ==
506	PREPROCESSOR	23567	23575	0	626de321eb397f6600939892a0009f31bc378f7e886f9acc5ec0af18db6a99a7	CiNlbmRpZgo=
507	PREPROCESSOR	23575	23605	0	687bbeb19579ebc7e4f79c4eebef26673de5887eb68870a67d7913784c51921b	CiNpZm5kZWYgTk9fT2xlRmx1c2hDbGlwYm9hcmQK
508	FUNCTION_OPEN	23605	23687	0	c64eba530b758bef5edf8fb8d72a0a9755657b4de43ca28a5a6067e05db4ba2c	Sk5JRVhQT1JUIGppbnQgSk5JQ0FMTCBDT01fTkFUSVZFKE9sZUZsdXNoQ2xpcGJvYXJkKQoJKEpOSUVudiAqZW52LCBqY2xhc3MgdGhhdCkKew==
509	STATEMENT	23687	23701	1	ab2eac128ef6225b35f40b35e2bd8fba39be8b3b6b281960b3c51646eba99890	CglqaW50IHJjID0gMDs=
510	STATEMENT	23701	23755	1	aba7a72b3f4eca8f56c6750c26ab950a7a6db302510e254407eef1c67c2156a2	CglDT01fTkFUSVZFX0VOVEVSKGVudiwgdGhhdCwgT2xlRmx1c2hDbGlwYm9hcmRfRlVOQyk7
511	STATEMENT	23755	23788	1	78e10729c181784584db5c863dab230ae67f806762bf7728a78e9433dadec3fb	CglyYyA9IChqaW50KU9sZUZsdXNoQ2xpcGJvYXJkKCk7
512	STATEMENT	23788	23841	1	32b6ce437328c590d312ac708b86429d8553d2a68191fc7b9e5d61050e01d0e5	CglDT01fTkFUSVZFX0VYSVQoZW52LCB0aGF0LCBPbGVGbHVzaENsaXBib2FyZF9GVU5DKTs=
513	STATEMENT	23841	23853	1	a028c9c9501df4846ec72c7b4432d4a3cb499b36b781bb1c38853498151d0ba7	CglyZXR1cm4gcmM7
514	FRAGMENT	23853	23854	1	01ba4719c80b6fe911b091a7c05124b64eeece964e09c058ef8f9805daca546b	Cg==
515	BLOCK_CLOSE	23854	23855	0	d10b36aa74a59bcf4a88185837f658afaf3646eff2bb16c3928d0e9335e945d2	fQ==
516	PREPROCESSOR	23855	23863	0	626de321eb397f6600939892a0009f31bc378f7e886f9acc5ec0af18db6a99a7	CiNlbmRpZgo=
517	PREPROCESSOR	23863	23891	0	f4235d4409147dc79dfa0db961471cecdb461de78539ff3e47e265994ebcba47	CiNpZm5kZWYgTk9fT2xlR2V0Q2xpcGJvYXJkCg==
518	FUNCTION_OPEN	23891	23988	0	6972eabdbcfd5a1a6bf56273748345620584abea043c8ae0a63841e0a6024f7d	Sk5JRVhQT1JUIGppbnQgSk5JQ0FMTCBDT01fTkFUSVZFKE9sZUdldENsaXBib2FyZCkKCShKTklFbnYgKmVudiwgamNsYXNzIHRoYXQsIGpsb25nQXJyYXkgYXJnMCkKew==
519	STATEMENT	23988	24009	1	269c79e903cf4404638855d5b1a56c81a078535d3397034f7cd1f2e717aeffe9	CglqbG9uZyAqbHBhcmcwPU5VTEw7
520	STATEMENT	24009	24023	1	ab2eac128ef6225b35f40b35e2bd8fba39be8b3b6b281960b3c51646eba99890	CglqaW50IHJjID0gMDs=
521	STATEMENT	24023	24075	1	2edd65b7365401fce5947e1bc942774219c9f3f0001a3208a5ea88d4cf6e50d6	CglDT01fTkFUSVZFX0VOVEVSKGVudiwgdGhhdCwgT2xlR2V0Q2xpcGJvYXJkX0ZVTkMpOw==
522	STATEMENT	24075	24167	1	d0a7ac55941630eb47838086eab2dcc0e6d4e1b96c92010fbba531309de60460	CglpZiAoYXJnMCkgaWYgKChscGFyZzAgPSAoKmVudiktPkdldExvbmdBcnJheUVsZW1lbnRzKGVudiwgYXJnMCwgTlVMTCkpID09IE5VTEwpIGdvdG8gZmFpbDs=
523	STATEMENT	24167	24220	1	3fca3faa572b5d4ae58b059adfcf65fc85132a7eb40583de5db818a07bb8b1a5	CglyYyA9IChqaW50KU9sZUdldENsaXBib2FyZCgoSURhdGFPYmplY3QgKiopbHBhcmcwKTs=
524	STATEMENT	24220	24303	1	b085f774d76f83d208aa15215479f7bfaf6f0c6a2429c8367d8f8890f0ba6d53	CmZhaWw6CglpZiAoYXJnMCAmJiBscGFyZzApICgqZW52KS0+UmVsZWFzZUxvbmdBcnJheUVsZW1lbnRzKGVudiwgYXJnMCwgbHBhcmcwLCAwKTs=
525	STATEMENT	24303	24354	1	85ca87c369a3b1bcfa699136d8b30a9665e99ca3c32dcb192cca0c7abaa3e50b	CglDT01fTkFUSVZFX0VYSVQoZW52LCB0aGF0LCBPbGVHZXRDbGlwYm9hcmRfRlVOQyk7
526	STATEMENT	24354	24366	1	a028c9c9501df4846ec72c7b4432d4a3cb499b36b781bb1c38853498151d0ba7	CglyZXR1cm4gcmM7
527	FRAGMENT	24366	24367	1	01ba4719c80b6fe911b091a7c05124b64eeece964e09c058ef8f9805daca546b	Cg==
528	BLOCK_CLOSE	24367	24368	0	d10b36aa74a59bcf4a88185837f658afaf3646eff2bb16c3928d0e9335e945d2	fQ==
529	PREPROCESSOR	24368	24376	0	626de321eb397f6600939892a0009f31bc378f7e886f9acc5ec0af18db6a99a7	CiNlbmRpZgo=
530	PREPROCESSOR	24376	24410	0	8409dfc0e5d1c1a2b7550ed5c24bb9fef84dcdbddf81465ef7382f325c958859	CiNpZm5kZWYgTk9fT2xlSXNDdXJyZW50Q2xpcGJvYXJkCg==
531	FUNCTION_OPEN	24410	24508	0	4312221d901475e3fb76475cf3372bdab4e4c758dee754c69241ccd46f8bf64c	Sk5JRVhQT1JUIGppbnQgSk5JQ0FMTCBDT01fTkFUSVZFKE9sZUlzQ3VycmVudENsaXBib2FyZCkKCShKTklFbnYgKmVudiwgamNsYXNzIHRoYXQsIGpsb25nIGFyZzApCns=
532	STATEMENT	24508	24522	1	ab2eac128ef6225b35f40b35e2bd8fba39be8b3b6b281960b3c51646eba99890	CglqaW50IHJjID0gMDs=
533	STATEMENT	24522	24580	1	2343b984941cd5dd8af374d17b69639b84994a3179974c1c0ad391f488aebc36	CglDT01fTkFUSVZFX0VOVEVSKGVudiwgdGhhdCwgT2xlSXNDdXJyZW50Q2xpcGJvYXJkX0ZVTkMpOw==
534	STATEMENT	24580	24636	1	a81f891cea211611f27da123c441085b41acee9cd759b734044811c7606be8da	CglyYyA9IChqaW50KU9sZUlzQ3VycmVudENsaXBib2FyZCgoSURhdGFPYmplY3QgKilhcmcwKTs=
535	STATEMENT	24636	24693	1	74811e2f0e9c5e69426087e42cdd79fe95667fb671d93b420495e8c455ed097a	CglDT01fTkFUSVZFX0VYSVQoZW52LCB0aGF0LCBPbGVJc0N1cnJlbnRDbGlwYm9hcmRfRlVOQyk7
536	STATEMENT	24693	24705	1	a028c9c9501df4846ec72c7b4432d4a3cb499b36b781bb1c38853498151d0ba7	CglyZXR1cm4gcmM7
537	FRAGMENT	24705	24706	1	01ba4719c80b6fe911b091a7c05124b64eeece964e09c058ef8f9805daca546b	Cg==
538	BLOCK_CLOSE	24706	24707	0	d10b36aa74a59bcf4a88185837f658afaf3646eff2bb16c3928d0e9335e945d2	fQ==
539	PREPROCESSOR	24707	24715	0	626de321eb397f6600939892a0009f31bc378f7e886f9acc5ec0af18db6a99a7	CiNlbmRpZgo=
540	PREPROCESSOR	24715	24740	0	540288878b92e78d8fd534b4423b06efa761c5cdffb4e1b8905676c202993986	CiNpZm5kZWYgTk9fT2xlSXNSdW5uaW5nCg==
541	FUNCTION_OPEN	24740	24833	0	4a6aa850a72e71eff2853c1edb559029a3d9633458ae434ad6ddda5fd60661e1	Sk5JRVhQT1JUIGpib29sZWFuIEpOSUNBTEwgQ09NX05BVElWRShPbGVJc1J1bm5pbmcpCgkoSk5JRW52ICplbnYsIGpjbGFzcyB0aGF0LCBqbG9uZyBhcmcwKQp7
542	STATEMENT	24833	24851	1	6e389c725127046540fa228f0aca981232172a088ed5b7d88f2be6db7346caa1	CglqYm9vbGVhbiByYyA9IDA7
543	STATEMENT	24851	24900	1	3f5a7e2c724db0c6cf7962646799890449bdb0b713c06a4a5c7da5ff8a85a086	CglDT01fTkFUSVZFX0VOVEVSKGVudiwgdGhhdCwgT2xlSXNSdW5uaW5nX0ZVTkMpOw==
544	STATEMENT	24900	24949	1	cf31de42910b6f96023b12842b94f7a1881f00f0b60327238f6bac54e4e7114d	CglyYyA9IChqYm9vbGVhbilPbGVJc1J1bm5pbmcoKExQT0xFT0JKRUNUKWFyZzApOw==
545	STATEMENT	24949	24997	1	f44d1f9b48ab92c66850b12b81b9766b2ae308634a571e9b8415ac6de5c2fbf7	CglDT01fTkFUSVZFX0VYSVQoZW52LCB0aGF0LCBPbGVJc1J1bm5pbmdfRlVOQyk7
546	STATEMENT	24997	25009	1	a028c9c9501df4846ec72c7b4432d4a3cb499b36b781bb1c38853498151d0ba7	CglyZXR1cm4gcmM7
547	FRAGMENT	25009	25010	1	01ba4719c80b6fe911b091a7c05124b64eeece964e09c058ef8f9805daca546b	Cg==
548	BLOCK_CLOSE	25010	25011	0	d10b36aa74a59bcf4a88185837f658afaf3646eff2bb16c3928d0e9335e945d2	fQ==
549	PREPROCESSOR	25011	25019	0	626de321eb397f6600939892a0009f31bc378f7e886f9acc5ec0af18db6a99a7	CiNlbmRpZgo=
550	PREPROCESSOR	25019	25038	0	709dd02009c06364350fc0308476b9eeff5dd228278dcd6364d0704a3358fc6f	CiNpZm5kZWYgTk9fT2xlUnVuCg==
551	FUNCTION_OPEN	25038	25121	0	9b154726f6d913ae81276c268154cb905708cda782f97c9bd5d2c2676be3eca6	Sk5JRVhQT1JUIGppbnQgSk5JQ0FMTCBDT01fTkFUSVZFKE9sZVJ1bikKCShKTklFbnYgKmVudiwgamNsYXNzIHRoYXQsIGpsb25nIGFyZzApCns=
552	STATEMENT	25121	25135	1	ab2eac128ef6225b35f40b35e2bd8fba39be8b3b6b281960b3c51646eba99890	CglqaW50IHJjID0gMDs=
553	STATEMENT	25135	25178	1	910c6041d31708387614b5f1e1d49702418bd4f02ced41b3d12b0f61d2dd526e	CglDT01fTkFUSVZFX0VOVEVSKGVudiwgdGhhdCwgT2xlUnVuX0ZVTkMpOw==
554	STATEMENT	25178	25215	1	6e8939e54e6b43849fc5c66afa6c7e605aa94d5f83ebeb6533ec1264168209a5	CglyYyA9IChqaW50KU9sZVJ1bigoTFBVTktOT1dOKWFyZzApOw==
555	STATEMENT	25215	25257	1	6e58c89561ba8f8fd049d76c277f0c5aefe4b86a69dceb6eb8f68b29ef3976a8	CglDT01fTkFUSVZFX0VYSVQoZW52LCB0aGF0LCBPbGVSdW5fRlVOQyk7
556	STATEMENT	25257	25269	1	a028c9c9501df4846ec72c7b4432d4a3cb499b36b781bb1c38853498151d0ba7	CglyZXR1cm4gcmM7
557	FRAGMENT	25269	25270	1	01ba4719c80b6fe911b091a7c05124b64eeece964e09c058ef8f9805daca546b	Cg==
558	BLOCK_CLOSE	25270	25271	0	d10b36aa74a59bcf4a88185837f658afaf3646eff2bb16c3928d0e9335e945d2	fQ==
559	PREPROCESSOR	25271	25279	0	626de321eb397f6600939892a0009f31bc378f7e886f9acc5ec0af18db6a99a7	CiNlbmRpZgo=
560	PREPROCESSOR	25279	25299	0	d6aaa7592e012e25e826d4677d58e1a22c465f2f09a54ea817bdc64b24a9d2a5	CiNpZm5kZWYgTk9fT2xlU2F2ZQo=
561	FUNCTION_OPEN	25299	25410	0	5d48cb62b3c9581abea969d171954435b2f61bdbdb3bf7fd7774e7bee8a3e606	Sk5JRVhQT1JUIGppbnQgSk5JQ0FMTCBDT01fTkFUSVZFKE9sZVNhdmUpCgkoSk5JRW52ICplbnYsIGpjbGFzcyB0aGF0LCBqbG9uZyBhcmcwLCBqbG9uZyBhcmcxLCBqYm9vbGVhbiBhcmcyKQp7
562	STATEMENT	25410	25424	1	ab2eac128ef6225b35f40b35e2bd8fba39be8b3b6b281960b3c51646eba99890	CglqaW50IHJjID0gMDs=
563	STATEMENT	25424	25468	1	1a1e56036d8cc353a87c00c7695d74a1b0e6be4861be7f0388dc4a30f4e45023	CglDT01fTkFUSVZFX0VOVEVSKGVudiwgdGhhdCwgT2xlU2F2ZV9GVU5DKTs=
564	STATEMENT	25468	25538	1	3a451c8bdb27234326f9182704a5f78da9e8b684b81afa760e345a87c172a119	CglyYyA9IChqaW50KU9sZVNhdmUoKElQZXJzaXN0U3RvcmFnZSAqKWFyZzAsIChJU3RvcmFnZSAqKWFyZzEsIGFyZzIpOw==
565	STATEMENT	25538	25581	1	fb77b815b47798bb578580b7f2b7c11f9b2d083cffd4ceda2b7900614c258fe9	CglDT01fTkFUSVZFX0VYSVQoZW52LCB0aGF0LCBPbGVTYXZlX0ZVTkMpOw==
566	STATEMENT	25581	25593	1	a028c9c9501df4846ec72c7b4432d4a3cb499b36b781bb1c38853498151d0ba7	CglyZXR1cm4gcmM7
567	FRAGMENT	25593	25594	1	01ba4719c80b6fe911b091a7c05124b64eeece964e09c058ef8f9805daca546b	Cg==
568	BLOCK_CLOSE	25594	25595	0	d10b36aa74a59bcf4a88185837f658afaf3646eff2bb16c3928d0e9335e945d2	fQ==
569	PREPROCESSOR	25595	25603	0	626de321eb397f6600939892a0009f31bc378f7e886f9acc5ec0af18db6a99a7	CiNlbmRpZgo=
570	PREPROCESSOR	25603	25631	0	68f80c88a8e42780a1329f7f59b94aa4e906ab076ca575e5ca51c3933bba9bb6	CiNpZm5kZWYgTk9fT2xlU2V0Q2xpcGJvYXJkCg==
571	FUNCTION_OPEN	25631	25723	0	807ee5eb7d3b6760e4f1c9991d9a2d83565b971e8dbb27afdda5fbc63553413c	Sk5JRVhQT1JUIGppbnQgSk5JQ0FMTCBDT01fTkFUSVZFKE9sZVNldENsaXBib2FyZCkKCShKTklFbnYgKmVudiwgamNsYXNzIHRoYXQsIGpsb25nIGFyZzApCns=
572	STATEMENT	25723	25737	1	ab2eac128ef6225b35f40b35e2bd8fba39be8b3b6b281960b3c51646eba99890	CglqaW50IHJjID0gMDs=
573	STATEMENT	25737	25789	1	214771753a620926b29af6d1c4a54f9dd5fffda933a81b199e3ff9775c28fe9b	CglDT01fTkFUSVZFX0VOVEVSKGVudiwgdGhhdCwgT2xlU2V0Q2xpcGJvYXJkX0ZVTkMpOw==
574	STATEMENT	25789	25839	1	b33359d186f11a49d83e0755597ddd5450765d734b740806e2e5feb87d4591b0	CglyYyA9IChqaW50KU9sZVNldENsaXBib2FyZCgoSURhdGFPYmplY3QgKilhcmcwKTs=
575	STATEMENT	25839	25890	1	857f8e42b55c9dd1ae562f5799fce27fee106bdff918658a5df96ac6a8092508	CglDT01fTkFUSVZFX0VYSVQoZW52LCB0aGF0LCBPbGVTZXRDbGlwYm9hcmRfRlVOQyk7
576	STATEMENT	25890	25902	1	a028c9c9501df4846ec72c7b4432d4a3cb499b36b781bb1c38853498151d0ba7	CglyZXR1cm4gcmM7
577	FRAGMENT	25902	25903	1	01ba4719c80b6fe911b091a7c05124b64eeece964e09c058ef8f9805daca546b	Cg==
578	BLOCK_CLOSE	25903	25904	0	d10b36aa74a59bcf4a88185837f658afaf3646eff2bb16c3928d0e9335e945d2	fQ==
579	PREPROCESSOR	25904	25912	0	626de321eb397f6600939892a0009f31bc378f7e886f9acc5ec0af18db6a99a7	CiNlbmRpZgo=
580	PREPROCESSOR	25912	25946	0	8f21c505c0a9747f9181599e63d946ea9fb6a06cda54ec2690116ce3e501a009	CiNpZm5kZWYgTk9fT2xlU2V0Q29udGFpbmVkT2JqZWN0Cg==
581	FUNCTION_OPEN	25946	26059	0	16445850ea6edeadd80cd93df4c385dbe0f893914dccc71230e8f92028835f97	Sk5JRVhQT1JUIGppbnQgSk5JQ0FMTCBDT01fTkFUSVZFKE9sZVNldENvbnRhaW5lZE9iamVjdCkKCShKTklFbnYgKmVudiwgamNsYXNzIHRoYXQsIGpsb25nIGFyZzAsIGpib29sZWFuIGFyZzEpCns=
582	STATEMENT	26059	26073	1	ab2eac128ef6225b35f40b35e2bd8fba39be8b3b6b281960b3c51646eba99890	CglqaW50IHJjID0gMDs=
583	STATEMENT	26073	26131	1	46c1445fe104dbdea16a1cebb050b3048ed018d07c514bbac8d92a38790d3e5e	CglDT01fTkFUSVZFX0VOVEVSKGVudiwgdGhhdCwgT2xlU2V0Q29udGFpbmVkT2JqZWN0X0ZVTkMpOw==
584	STATEMENT	26131	26189	1	3dbbaf3166892c81b03985ca784e245421bac4facd6278331272ecfcef1e386e	CglyYyA9IChqaW50KU9sZVNldENvbnRhaW5lZE9iamVjdCgoTFBVTktOT1dOKWFyZzAsIGFyZzEpOw==
585	STATEMENT	26189	26246	1	5cdfdf7f49c1b9f8013d9232d2e88045b3f0783e7579ede437f182df29c9caea	CglDT01fTkFUSVZFX0VYSVQoZW52LCB0aGF0LCBPbGVTZXRDb250YWluZWRPYmplY3RfRlVOQyk7
586	STATEMENT	26246	26258	1	a028c9c9501df4846ec72c7b4432d4a3cb499b36b781bb1c38853498151d0ba7	CglyZXR1cm4gcmM7
587	FRAGMENT	26258	26259	1	01ba4719c80b6fe911b091a7c05124b64eeece964e09c058ef8f9805daca546b	Cg==
588	BLOCK_CLOSE	26259	26260	0	d10b36aa74a59bcf4a88185837f658afaf3646eff2bb16c3928d0e9335e945d2	fQ==
589	PREPROCESSOR	26260	26268	0	626de321eb397f6600939892a0009f31bc378f7e886f9acc5ec0af18db6a99a7	CiNlbmRpZgo=
590	PREPROCESSOR	26268	26301	0	f21a3357eb73058159129aeb083d75b6ee5e8bac22a0d6e4d8551225fc546471	CiNpZm5kZWYgTk9fT2xlU2V0TWVudURlc2NyaXB0b3IK
591	FUNCTION_OPEN	26301	26446	0	7a30d7f3974c08054eef1abe59d2cdb1b26c0b47b236bc656113311e09adb3d7	Sk5JRVhQT1JUIGppbnQgSk5JQ0FMTCBDT01fTkFUSVZFKE9sZVNldE1lbnVEZXNjcmlwdG9yKQoJKEpOSUVudiAqZW52LCBqY2xhc3MgdGhhdCwgamxvbmcgYXJnMCwgamxvbmcgYXJnMSwgamxvbmcgYXJnMiwgamxvbmcgYXJnMywgamxvbmcgYXJnNCkKew==
592	STATEMENT	26446	26460	1	ab2eac128ef6225b35f40b35e2bd8fba39be8b3b6b281960b3c51646eba99890	CglqaW50IHJjID0gMDs=
593	STATEMENT	26460	26517	1	a89abd26df561f0f911a1daa9d7083f1716e9e804ae60e60ccc924b7f6ac6bb2	CglDT01fTkFUSVZFX0VOVEVSKGVudiwgdGhhdCwgT2xlU2V0TWVudURlc2NyaXB0b3JfRlVOQyk7
594	STATEMENT	26517	26648	1	9270b4094823b86743a128d4af26cbaae0fd07ddf4a7b3f2e57727308ad492a2	CglyYyA9IChqaW50KU9sZVNldE1lbnVEZXNjcmlwdG9yKChIT0xFTUVOVSlhcmcwLCAoSFdORClhcmcxLCAoSFdORClhcmcyLCAoTFBPTEVJTlBMQUNFRlJBTUUpYXJnMywgKExQT0xFSU5QTEFDRUFDVElWRU9CSkVDVClhcmc0KTs=
595	STATEMENT	26648	26704	1	58bd3db589c5b64322b0183e42a99f87ecb8200d39ac636de7bbbd7b384ac9b7	CglDT01fTkFUSVZFX0VYSVQoZW52LCB0aGF0LCBPbGVTZXRNZW51RGVzY3JpcHRvcl9GVU5DKTs=
596	STATEMENT	26704	26716	1	a028c9c9501df4846ec72c7b4432d4a3cb499b36b781bb1c38853498151d0ba7	CglyZXR1cm4gcmM7
597	FRAGMENT	26716	26717	1	01ba4719c80b6fe911b091a7c05124b64eeece964e09c058ef8f9805daca546b	Cg==
598	BLOCK_CLOSE	26717	26718	0	d10b36aa74a59bcf4a88185837f658afaf3646eff2bb16c3928d0e9335e945d2	fQ==
599	PREPROCESSOR	26718	26726	0	626de321eb397f6600939892a0009f31bc378f7e886f9acc5ec0af18db6a99a7	CiNlbmRpZgo=
600	PREPROCESSOR	26726	26756	0	3a5e3ba00df3ab9fffb814b1cbd21e55c7a772540bdd72c88fa24cb55ac65324	CiNpZm5kZWYgTk9fT2xlVHJhbnNsYXRlQ29sb3IK
601	FUNCTION_OPEN	26756	26877	0	1b98254b1dbf0b0a42e5d450b133c1bffb457d00d76e94195f351edac6276973	Sk5JRVhQT1JUIGppbnQgSk5JQ0FMTCBDT01fTkFUSVZFKE9sZVRyYW5zbGF0ZUNvbG9yKQoJKEpOSUVudiAqZW52LCBqY2xhc3MgdGhhdCwgamludCBhcmcwLCBqbG9uZyBhcmcxLCBqaW50QXJyYXkgYXJnMikKew==
602	STATEMENT	26877	26897	1	6778f342eb5ab632481500374a71f394d94a272d1e7b47275cb4d780109a0ee9	CglqaW50ICpscGFyZzI9TlVMTDs=
603	STATEMENT	26897	26911	1	ab2eac128ef6225b35f40b35e2bd8fba39be8b3b6b281960b3c51646eba99890	CglqaW50IHJjID0gMDs=
604	STATEMENT	26911	26965	1	5d910d1e04ffe2a619c759453afd3ca25d228962e8bd3b05f3e4d55fd4e4bef1	CglDT01fTkFUSVZFX0VOVEVSKGVudiwgdGhhdCwgT2xlVHJhbnNsYXRlQ29sb3JfRlVOQyk7
605	STATEMENT	26965	27056	1	ca6aabd59f1383d487b020921ad77bd304b1a72e14905b7e1fbd1d51e7e45db1	CglpZiAoYXJnMikgaWYgKChscGFyZzIgPSAoKmVudiktPkdldEludEFycmF5RWxlbWVudHMoZW52LCBhcmcyLCBOVUxMKSkgPT0gTlVMTCkgZ290byBmYWlsOw==
606	STATEMENT	27056	27140	1	af0884bdc968f26c6626f6897e40904f5dedf2b033a4f7a5176874c1e5e139fd	CglyYyA9IChqaW50KU9sZVRyYW5zbGF0ZUNvbG9yKChPTEVfQ09MT1IpYXJnMCwgKEhQQUxFVFRFKWFyZzEsIChDT0xPUlJFRiAqKWxwYXJnMik7
607	STATEMENT	27140	27222	1	937b097e6910de483c3cbd1c30f882030c6c01ae1a410e62fb9a20783683ba76	CmZhaWw6CglpZiAoYXJnMiAmJiBscGFyZzIpICgqZW52KS0+UmVsZWFzZUludEFycmF5RWxlbWVudHMoZW52LCBhcmcyLCBscGFyZzIsIDApOw==
608	STATEMENT	27222	27275	1	739dabfeb53366015af9bbe9702f06fd45025b1583ea31dd5e15eaadbeb3e46c	CglDT01fTkFUSVZFX0VYSVQoZW52LCB0aGF0LCBPbGVUcmFuc2xhdGVDb2xvcl9GVU5DKTs=
609	STATEMENT	27275	27287	1	a028c9c9501df4846ec72c7b4432d4a3cb499b36b781bb1c38853498151d0ba7	CglyZXR1cm4gcmM7
610	FRAGMENT	27287	27288	1	01ba4719c80b6fe911b091a7c05124b64eeece964e09c058ef8f9805daca546b	Cg==
611	BLOCK_CLOSE	27288	27289	0	d10b36aa74a59bcf4a88185837f658afaf3646eff2bb16c3928d0e9335e945d2	fQ==
612	PREPROCESSOR	27289	27297	0	626de321eb397f6600939892a0009f31bc378f7e886f9acc5ec0af18db6a99a7	CiNlbmRpZgo=
613	PREPROCESSOR	27297	27320	0	ead5011d46e84372fb0e1fe3075c572d5a7247b907336b925c692ac89e0a7b5e	CiNpZm5kZWYgTk9fUGF0aFRvUElETAo=
614	FUNCTION_OPEN	27320	27429	0	0fbc55f41e594754d23ab230845bea0bc8218096ceb72d847b7472ab15b193e7	Sk5JRVhQT1JUIGppbnQgSk5JQ0FMTCBDT01fTkFUSVZFKFBhdGhUb1BJREwpCgkoSk5JRW52ICplbnYsIGpjbGFzcyB0aGF0LCBqY2hhckFycmF5IGFyZzAsIGpsb25nQXJyYXkgYXJnMSkKew==
615	STATEMENT	27429	27450	1	32d4fa5b94dcc2f72cec1836d8f945855495beb83b8fcd9e37cff5be14c8885c	CglqY2hhciAqbHBhcmcwPU5VTEw7
616	STATEMENT	27450	27471	1	84104d69410ad6cc8fdaad06bd2bd88feea8a653e3e4592b4d69b77f58fc6981	CglqbG9uZyAqbHBhcmcxPU5VTEw7
617	STATEMENT	27471	27485	1	ab2eac128ef6225b35f40b35e2bd8fba39be8b3b6b281960b3c51646eba99890	CglqaW50IHJjID0gMDs=
618	STATEMENT	27485	27532	1	1be310d7d4e6bff2716d4c20f1432855a63728a596b6dc1eade310f802e36a8f	CglDT01fTkFUSVZFX0VOVEVSKGVudiwgdGhhdCwgUGF0aFRvUElETF9GVU5DKTs=
619	STATEMENT	27532	27624	1	3cde537b5b4a10c588b62bff850c918d62afc294a9ea231c50b64e440acf07a6	CglpZiAoYXJnMCkgaWYgKChscGFyZzAgPSAoKmVudiktPkdldENoYXJBcnJheUVsZW1lbnRzKGVudiwgYXJnMCwgTlVMTCkpID09IE5VTEwpIGdvdG8gZmFpbDs=
620	STATEMENT	27624	27716	1	b3493fde566118305063efc5fcd8fdc54d3a16ffa4f685cc7401b2c150adc68c	CglpZiAoYXJnMSkgaWYgKChscGFyZzEgPSAoKmVudiktPkdldExvbmdBcnJheUVsZW1lbnRzKGVudiwgYXJnMSwgTlVMTCkpID09IE5VTEwpIGdvdG8gZmFpbDs=
621	STATEMENT	27716	27784	1	5e5721d192f0c9416a933d61290dbb2736f029f7ba1352c7463b48095631b572	CglyYyA9IChqaW50KVBhdGhUb1BJREwoKFBDV1NUUilscGFyZzAsIChQSURMSVNUX0FCU09MVVRFICopbHBhcmcxKTs=
622	STATEMENT	27784	27867	1	c534b0e81e2098e1043d245aeca24b9e40c91f01cf283bc6dd0e49998e2fece4	CmZhaWw6CglpZiAoYXJnMSAmJiBscGFyZzEpICgqZW52KS0+UmVsZWFzZUxvbmdBcnJheUVsZW1lbnRzKGVudiwgYXJnMSwgbHBhcmcxLCAwKTs=
623	STATEMENT	27867	27944	1	36a809cd57f1c3f66cad2a4f00e336d890e58790f0c796b3e2c4e884c75db64f	CglpZiAoYXJnMCAmJiBscGFyZzApICgqZW52KS0+UmVsZWFzZUNoYXJBcnJheUVsZW1lbnRzKGVudiwgYXJnMCwgbHBhcmcwLCAwKTs=
624	STATEMENT	27944	27990	1	ddf74bfc36ff1590b1d5d3ebb06e8afd0392ec970f0e260b0efa0f022c1a1a3e	CglDT01fTkFUSVZFX0VYSVQoZW52LCB0aGF0LCBQYXRoVG9QSURMX0ZVTkMpOw==
625	STATEMENT	27990	28002	1	a028c9c9501df4846ec72c7b4432d4a3cb499b36b781bb1c38853498151d0ba7	CglyZXR1cm4gcmM7
626	FRAGMENT	28002	28003	1	01ba4719c80b6fe911b091a7c05124b64eeece964e09c058ef8f9805daca546b	Cg==
627	BLOCK_CLOSE	28003	28004	0	d10b36aa74a59bcf4a88185837f658afaf3646eff2bb16c3928d0e9335e945d2	fQ==
628	PREPROCESSOR	28004	28012	0	626de321eb397f6600939892a0009f31bc378f7e886f9acc5ec0af18db6a99a7	CiNlbmRpZgo=
629	PREPROCESSOR	28012	28040	0	95f63656220b4112eda537a8d26585571d5acd21f37ac510720633d3e3965a98	CiNpZm5kZWYgTk9fUHJvZ0lERnJvbUNMU0lECg==
630	FUNCTION_OPEN	28040	28151	0	90598b3419a6a3c5654c699f3215a3771694e8bc59ea9d7903915ffc14b70a1e	Sk5JRVhQT1JUIGppbnQgSk5JQ0FMTCBDT01fTkFUSVZFKFByb2dJREZyb21DTFNJRCkKCShKTklFbnYgKmVudiwgamNsYXNzIHRoYXQsIGpvYmplY3QgYXJnMCwgamxvbmdBcnJheSBhcmcxKQp7
631	STATEMENT	28151	28178	1	301c2b47745706a7bd7f70527fe28dafe91c02b932bb630137d39594eebc7680	CglHVUlEIF9hcmcwLCAqbHBhcmcwPU5VTEw7
632	STATEMENT	28178	28199	1	84104d69410ad6cc8fdaad06bd2bd88feea8a653e3e4592b4d69b77f58fc6981	CglqbG9uZyAqbHBhcmcxPU5VTEw7
633	STATEMENT	28199	28213	1	ab2eac128ef6225b35f40b35e2bd8fba39be8b3b6b281960b3c51646eba99890	CglqaW50IHJjID0gMDs=
634	STATEMENT	28213	28265	1	12e1d84b1f708979c3ccbc6b47676c1c65f2802cb1d555c93bc88ff5dabff436	CglDT01fTkFUSVZFX0VOVEVSKGVudiwgdGhhdCwgUHJvZ0lERnJvbUNMU0lEX0ZVTkMpOw==
635	STATEMENT	28265	28344	1	55529d73ec176a64ddf913ac92ae23dc55a2ff2c620bf05d172977c29ffd60c4	CglpZiAoYXJnMCkgaWYgKChscGFyZzAgPSBnZXRHVUlERmllbGRzKGVudiwgYXJnMCwgJl9hcmcwKSkgPT0gTlVMTCkgZ290byBmYWlsOw==
636	STATEMENT	28344	28436	1	b3493fde566118305063efc5fcd8fdc54d3a16ffa4f685cc7401b2c150adc68c	CglpZiAoYXJnMSkgaWYgKChscGFyZzEgPSAoKmVudiktPkdldExvbmdBcnJheUVsZW1lbnRzKGVudiwgYXJnMSwgTlVMTCkpID09IE5VTEwpIGdvdG8gZmFpbDs=
637	STATEMENT	28436	28493	1	5cf07d8323eb4d436318fb9ee8996d51a20aee306477efe9f8bded03a90e41f8	CglyYyA9IChqaW50KVByb2dJREZyb21DTFNJRChscGFyZzAsIChMUE9MRVNUUiAqKWxwYXJnMSk7
638	STATEMENT	28493	28576	1	c534b0e81e2098e1043d245aeca24b9e40c91f01cf283bc6dd0e49998e2fece4	CmZhaWw6CglpZiAoYXJnMSAmJiBscGFyZzEpICgqZW52KS0+UmVsZWFzZUxvbmdBcnJheUVsZW1lbnRzKGVudiwgYXJnMSwgbHBhcmcxLCAwKTs=
639	STATEMENT	28576	28627	1	f3898d46a88969201a94ddab301a88de8bd114c73412cfc164c38be47900d238	CglDT01fTkFUSVZFX0VYSVQoZW52LCB0aGF0LCBQcm9nSURGcm9tQ0xTSURfRlVOQyk7
640	STATEMENT	28627	28639	1	a028c9c9501df4846ec72c7b4432d4a3cb499b36b781bb1c38853498151d0ba7	CglyZXR1cm4gcmM7
641	FRAGMENT	28639	28640	1	01ba4719c80b6fe911b091a7c05124b64eeece964e09c058ef8f9805daca546b	Cg==
642	BLOCK_CLOSE	28640	28641	0	d10b36aa74a59bcf4a88185837f658afaf3646eff2bb16c3928d0e9335e945d2	fQ==
643	PREPROCESSOR	28641	28649	0	626de321eb397f6600939892a0009f31bc378f7e886f9acc5ec0af18db6a99a7	CiNlbmRpZgo=
644	PREPROCESSOR	28649	28678	0	3d5bebd77da66f57831904a08452670f847978bc4e0156bb20f7c5a6ce8d241b	CiNpZm5kZWYgTk9fUmVnaXN0ZXJEcmFnRHJvcAo=
645	FUNCTION_OPEN	28678	28783	0	3638b7bf739a648eac08f191135d47dd0690431f7ff3dba1540ef94a8139db1a	Sk5JRVhQT1JUIGppbnQgSk5JQ0FMTCBDT01fTkFUSVZFKFJlZ2lzdGVyRHJhZ0Ryb3ApCgkoSk5JRW52ICplbnYsIGpjbGFzcyB0aGF0LCBqbG9uZyBhcmcwLCBqbG9uZyBhcmcxKQp7
646	STATEMENT	28783	28797	1	ab2eac128ef6225b35f40b35e2bd8fba39be8b3b6b281960b3c51646eba99890	CglqaW50IHJjID0gMDs=
647	STATEMENT	28797	28850	1	fc67ac73dddad8750918b5b44177ed72126008704edd94cdc1b7915a045dccb9	CglDT01fTkFUSVZFX0VOVEVSKGVudiwgdGhhdCwgUmVnaXN0ZXJEcmFnRHJvcF9GVU5DKTs=
648	STATEMENT	28850	28913	1	111f99e361f2c7d018bd5134a9a3566e7f7d0cc3a79c08e56f842af1218d0589	CglyYyA9IChqaW50KVJlZ2lzdGVyRHJhZ0Ryb3AoKEhXTkQpYXJnMCwgKElEcm9wVGFyZ2V0ICopYXJnMSk7
649	STATEMENT	28913	28965	1	04cb6795d62424786d72f47a220e62735c4ae4ee3d3140ff00ab74b176fe3ede	CglDT01fTkFUSVZFX0VYSVQoZW52LCB0aGF0LCBSZWdpc3RlckRyYWdEcm9wX0ZVTkMpOw==
650	STATEMENT	28965	28977	1	a028c9c9501df4846ec72c7b4432d4a3cb499b36b781bb1c38853498151d0ba7	CglyZXR1cm4gcmM7
651	FRAGMENT	28977	28978	1	01ba4719c80b6fe911b091a7c05124b64eeece964e09c058ef8f9805daca546b	Cg==
652	BLOCK_CLOSE	28978	28979	0	d10b36aa74a59bcf4a88185837f658afaf3646eff2bb16c3928d0e9335e945d2	fQ==
653	PREPROCESSOR	28979	28987	0	626de321eb397f6600939892a0009f31bc378f7e886f9acc5ec0af18db6a99a7	CiNlbmRpZgo=
654	PREPROCESSOR	28987	29016	0	1d8e26b723de11670d9f90ff135ff2a3537d4ff5f759a9329db13d162a0f123f	CiNpZm5kZWYgTk9fUmVsZWFzZVN0Z01lZGl1bQo=
655	FUNCTION_OPEN	29016	29109	0	5dd85f0d885113d87286617d4e0085612626e18609ac7b8e79670c0e4054f53d	Sk5JRVhQT1JUIHZvaWQgSk5JQ0FMTCBDT01fTkFUSVZFKFJlbGVhc2VTdGdNZWRpdW0pCgkoSk5JRW52ICplbnYsIGpjbGFzcyB0aGF0LCBqbG9uZyBhcmcwKQp7
656	STATEMENT	29109	29162	1	1c5fdf9e5f1f969a2b513bc6a4e1851490101e155c7a2c2394addb84be45de1e	CglDT01fTkFUSVZFX0VOVEVSKGVudiwgdGhhdCwgUmVsZWFzZVN0Z01lZGl1bV9GVU5DKTs=
657	STATEMENT	29162	29200	1	4fc941ab8eabffec7a89d3e61b13ccbe007503fb7968ab54815970307dc3b152	CglSZWxlYXNlU3RnTWVkaXVtKChTVEdNRURJVU0gKilhcmcwKTs=
658	STATEMENT	29200	29252	1	a4131ae670fde4831419c388ccb7c6e7e0db8450e4bb65b910eaa914d4a648df	CglDT01fTkFUSVZFX0VYSVQoZW52LCB0aGF0LCBSZWxlYXNlU3RnTWVkaXVtX0ZVTkMpOw==
659	FRAGMENT	29252	29253	1	01ba4719c80b6fe911b091a7c05124b64eeece964e09c058ef8f9805daca546b	Cg==
660	BLOCK_CLOSE	29253	29254	0	d10b36aa74a59bcf4a88185837f658afaf3646eff2bb16c3928d0e9335e945d2	fQ==
661	PREPROCESSOR	29254	29262	0	626de321eb397f6600939892a0009f31bc378f7e886f9acc5ec0af18db6a99a7	CiNlbmRpZgo=
662	PREPROCESSOR	29262	29289	0	2fc631e7cadefa7bef7a9bcd7bf568fd3204dfd623c41961869e6644f40282be	CiNpZm5kZWYgTk9fUmV2b2tlRHJhZ0Ryb3AK
663	FUNCTION_OPEN	29289	29380	0	36ebc473b1292bc6aa4ec6f13198429bcb01c0781d17dffe81ffa09e6ee3c3e8	Sk5JRVhQT1JUIGppbnQgSk5JQ0FMTCBDT01fTkFUSVZFKFJldm9rZURyYWdEcm9wKQoJKEpOSUVudiAqZW52LCBqY2xhc3MgdGhhdCwgamxvbmcgYXJnMCkKew==
664	STATEMENT	29380	29394	1	ab2eac128ef6225b35f40b35e2bd8fba39be8b3b6b281960b3c51646eba99890	CglqaW50IHJjID0gMDs=
665	STATEMENT	29394	29445	1	f8222f9a34f23dbcaa7498cb3f8969c77eb2876ac4202e14a72cbb5f8ead86ff	CglDT01fTkFUSVZFX0VOVEVSKGVudiwgdGhhdCwgUmV2b2tlRHJhZ0Ryb3BfRlVOQyk7
666	STATEMENT	29445	29485	1	07b7dc0830056de77cba69ad1acc28683095670b02d3789f5775a736f7fd1997	CglyYyA9IChqaW50KVJldm9rZURyYWdEcm9wKChIV05EKWFyZzApOw==
667	STATEMENT	29485	29535	1	2fa52f889e6823b7adeb0824d045544ef8b482c82b218526c0d4e26f9eb3a280	CglDT01fTkFUSVZFX0VYSVQoZW52LCB0aGF0LCBSZXZva2VEcmFnRHJvcF9GVU5DKTs=
668	STATEMENT	29535	29547	1	a028c9c9501df4846ec72c7b4432d4a3cb499b36b781bb1c38853498151d0ba7	CglyZXR1cm4gcmM7
669	FRAGMENT	29547	29548	1	01ba4719c80b6fe911b091a7c05124b64eeece964e09c058ef8f9805daca546b	Cg==
670	BLOCK_CLOSE	29548	29549	0	d10b36aa74a59bcf4a88185837f658afaf3646eff2bb16c3928d0e9335e945d2	fQ==
671	PREPROCESSOR	29549	29557	0	626de321eb397f6600939892a0009f31bc378f7e886f9acc5ec0af18db6a99a7	CiNlbmRpZgo=
672	PREPROCESSOR	29557	29597	0	073ebfbe52deafd5f3c28e7df63bd80a30f4f7cbfe5e1735199f93f14f698fa2	CiNpZm5kZWYgTk9fU0hDcmVhdGVJdGVtRnJvbVBhcnNpbmdOYW1lCg==
673	FUNCTION_OPEN	29597	29749	0	6c561c91d71b5be2f668866ab32924c320c8ebb69c3bb2ee55e7e4abc26d4790	Sk5JRVhQT1JUIGppbnQgSk5JQ0FMTCBDT01fTkFUSVZFKFNIQ3JlYXRlSXRlbUZyb21QYXJzaW5nTmFtZSkKCShKTklFbnYgKmVudiwgamNsYXNzIHRoYXQsIGpjaGFyQXJyYXkgYXJnMCwgamxvbmcgYXJnMSwgam9iamVjdCBhcmcyLCBqbG9uZ0FycmF5IGFyZzMpCns=
674	STATEMENT	29749	29770	1	32d4fa5b94dcc2f72cec1836d8f945855495beb83b8fcd9e37cff5be14c8885c	CglqY2hhciAqbHBhcmcwPU5VTEw7
675	STATEMENT	29770	29797	1	d9ee67e714c57414548cae86e72f0fb70b38060d70125731619d0c8777e13808	CglHVUlEIF9hcmcyLCAqbHBhcmcyPU5VTEw7
676	STATEMENT	29797	29818	1	8ee0624ff69df7caa4a6f36603c3326c6c26e821a3f31345176b5e3e05ab3464	CglqbG9uZyAqbHBhcmczPU5VTEw7
677	STATEMENT	29818	29832	1	ab2eac128ef6225b35f40b35e2bd8fba39be8b3b6b281960b3c51646eba99890	CglqaW50IHJjID0gMDs=
678	STATEMENT	29832	29896	1	f2c0320370eecf64718a923c6aca8d527c7c91e2c77c5f62b7f1a361d5b19a33	CglDT01fTkFUSVZFX0VOVEVSKGVudiwgdGhhdCwgU0hDcmVhdGVJdGVtRnJvbVBhcnNpbmdOYW1lX0ZVTkMpOw==
679	STATEMENT	29896	29988	1	3cde537b5b4a10c588b62bff850c918d62afc294a9ea231c50b64e440acf07a6	CglpZiAoYXJnMCkgaWYgKChscGFyZzAgPSAoKmVudiktPkdldENoYXJBcnJheUVsZW1lbnRzKGVudiwgYXJnMCwgTlVMTCkpID09IE5VTEwpIGdvdG8gZmFpbDs=
680	STATEMENT	29988	30067	1	234f362547d83714c48eaa9774205ff8edee5d7159c1fcabb74c46bd190395ef	CglpZiAoYXJnMikgaWYgKChscGFyZzIgPSBnZXRHVUlERmllbGRzKGVudiwgYXJnMiwgJl9hcmcyKSkgPT0gTlVMTCkgZ290byBmYWlsOw==
681	STATEMENT	30067	30159	1	198070916f65a7a336d1d5c94f3a7481dc996ecc48f71f8ce36e2770b764de4c	CglpZiAoYXJnMykgaWYgKChscGFyZzMgPSAoKmVudiktPkdldExvbmdBcnJheUVsZW1lbnRzKGVudiwgYXJnMywgTlVMTCkpID09IE5VTEwpIGdvdG8gZmFpbDs=
682	STATEMENT	30159	30259	1	4fc0dc852b56a7ebe1f33efb48678dca19bdceb06c359aee9a8a36de25e16809	CglyYyA9IChqaW50KVNIQ3JlYXRlSXRlbUZyb21QYXJzaW5nTmFtZSgoUENXU1RSKWxwYXJnMCwgKElCaW5kQ3R4ICopYXJnMSwgbHBhcmcyLCAodm9pZCAqKilscGFyZzMpOw==
683	STATEMENT	30259	30342	1	7bef3c7fed260585b1618d0789dbd54f93bee93ea39f6164094bf40d6ec979d9	CmZhaWw6CglpZiAoYXJnMyAmJiBscGFyZzMpICgqZW52KS0+UmVsZWFzZUxvbmdBcnJheUVsZW1lbnRzKGVudiwgYXJnMywgbHBhcmczLCAwKTs=
684	STATEMENT	30342	30427	1	42796fc80b305d208119e8fabe3fd193a4a084ca5cb870c817de38f109fb0872	CglpZiAoYXJnMCAmJiBscGFyZzApICgqZW52KS0+UmVsZWFzZUNoYXJBcnJheUVsZW1lbnRzKGVudiwgYXJnMCwgbHBhcmcwLCBKTklfQUJPUlQpOw==
685	STATEMENT	30427	30490	1	7144857d645d67f9607f17301f1cbd401a8064e501f1c655778eaf4f934ba3a6	CglDT01fTkFUSVZFX0VYSVQoZW52LCB0aGF0LCBTSENyZWF0ZUl0ZW1Gcm9tUGFyc2luZ05hbWVfRlVOQyk7
686	STATEMENT	30490	30502	1	a028c9c9501df4846ec72c7b4432d4a3cb499b36b781bb1c38853498151d0ba7	CglyZXR1cm4gcmM7
687	FRAGMENT	30502	30503	1	01ba4719c80b6fe911b091a7c05124b64eeece964e09c058ef8f9805daca546b	Cg==
688	BLOCK_CLOSE	30503	30504	0	d10b36aa74a59bcf4a88185837f658afaf3646eff2bb16c3928d0e9335e945d2	fQ==
689	PREPROCESSOR	30504	30512	0	626de321eb397f6600939892a0009f31bc378f7e886f9acc5ec0af18db6a99a7	CiNlbmRpZgo=
690	PREPROCESSOR	30512	30542	0	ac710fd3f000f134fd1f3eea903785a6f8ca169d96e57604b2257c54ead9b3d0	CiNpZm5kZWYgTk9fU0hDcmVhdGVNZW1TdHJlYW0K
691	FUNCTION_OPEN	30542	30653	0	52a461c8557f9b07b09e53e2e6a2f2cc9d260faf59755479bca68dc512b2a690	Sk5JRVhQT1JUIGpsb25nIEpOSUNBTEwgQ09NX05BVElWRShTSENyZWF0ZU1lbVN0cmVhbSkKCShKTklFbnYgKmVudiwgamNsYXNzIHRoYXQsIGpieXRlQXJyYXkgYXJnMCwgamludCBhcmcxKQp7
692	STATEMENT	30653	30674	1	822ac2a96a4768fd79b617c7eb04a2c27543630d08bb1e64e12cb44eb943d110	CglqYnl0ZSAqbHBhcmcwPU5VTEw7
693	STATEMENT	30674	30689	1	3411ceb5951bc52321d8d6cf00df310a159211846b0264e08db2a18b94173633	CglqbG9uZyByYyA9IDA7
694	STATEMENT	30689	30743	1	a719aff679960b740c2c9f258d5d019fa0677cc6e0bfbde7ad14695b15c57778	CglDT01fTkFUSVZFX0VOVEVSKGVudiwgdGhhdCwgU0hDcmVhdGVNZW1TdHJlYW1fRlVOQyk7
695	STATEMENT	30743	30841	1	4a9a2caaa4695357687c5fb1cfa67dbbee5d0dc40d90dbeba1e403e707afbed8	CgkJaWYgKGFyZzApIGlmICgobHBhcmcwID0gKCplbnYpLT5HZXRQcmltaXRpdmVBcnJheUNyaXRpY2FsKGVudiwgYXJnMCwgTlVMTCkpID09IE5VTEwpIGdvdG8gZmFpbDs=
696	STATEMENT	30841	30895	1	36eeddc5984b6dc8d70c87c6e4cc8745c21b73ecf0db638a94664c77bd8df298	CglyYyA9IChqbG9uZylTSENyZWF0ZU1lbVN0cmVhbSgoQllURSAqKWxwYXJnMCwgYXJnMSk7
697	STATEMENT	30895	30984	1	afaf4f679dcc7c3943c3a95bbe3b25273c7f069b518841b6e9be158cd78071cc	CmZhaWw6CgkJaWYgKGFyZzAgJiYgbHBhcmcwKSAoKmVudiktPlJlbGVhc2VQcmltaXRpdmVBcnJheUNyaXRpY2FsKGVudiwgYXJnMCwgbHBhcmcwLCAwKTs=
698	STATEMENT	30984	31037	1	e4ebefdf894334aabeb06a42fc09886c57e395e60c9230b9ee159839d1790d9f	CglDT01fTkFUSVZFX0VYSVQoZW52LCB0aGF0LCBTSENyZWF0ZU1lbVN0cmVhbV9GVU5DKTs=
699	STATEMENT	31037	31049	1	a028c9c9501df4846ec72c7b4432d4a3cb499b36b781bb1c38853498151d0ba7	CglyZXR1cm4gcmM7
700	FRAGMENT	31049	31050	1	01ba4719c80b6fe911b091a7c05124b64eeece964e09c058ef8f9805daca546b	Cg==
701	BLOCK_CLOSE	31050	31051	0	d10b36aa74a59bcf4a88185837f658afaf3646eff2bb16c3928d0e9335e945d2	fQ==
702	PREPROCESSOR	31051	31059	0	626de321eb397f6600939892a0009f31bc378f7e886f9acc5ec0af18db6a99a7	CiNlbmRpZgo=
703	PREPROCESSOR	31059	31089	0	f22f7fbda3ce7edfa21de0743e4598aa1e8772ac2e2ebdeb62cff20c519ca4df	CiNpZm5kZWYgTk9fU1RHTUVESVVNXzFzaXplb2YK
704	FUNCTION_OPEN	31089	31171	0	0b849383ebb3d399b1a084249b1902890826a6ce32cb8d8a71ac876601648559	Sk5JRVhQT1JUIGppbnQgSk5JQ0FMTCBDT01fTkFUSVZFKFNUR01FRElVTV8xc2l6ZW9mKQoJKEpOSUVudiAqZW52LCBqY2xhc3MgdGhhdCkKew==
705	STATEMENT	31171	31185	1	ab2eac128ef6225b35f40b35e2bd8fba39be8b3b6b281960b3c51646eba99890	CglqaW50IHJjID0gMDs=
706	STATEMENT	31185	31239	1	3562b65f57f0201040d4c998642b248a4f0651b2a759dcec258a1098b96c717e	CglDT01fTkFUSVZFX0VOVEVSKGVudiwgdGhhdCwgU1RHTUVESVVNXzFzaXplb2ZfRlVOQyk7
707	STATEMENT	31239	31271	1	3c9c89a48078034faab567c80ebe71bd6210798ab253f9b5561a26cea9d9839d	CglyYyA9IChqaW50KVNUR01FRElVTV9zaXplb2YoKTs=
708	STATEMENT	31271	31324	1	c96bc137a32760c8e05ae91511a6e822491914fa655cffb7777f1cd356954923	CglDT01fTkFUSVZFX0VYSVQoZW52LCB0aGF0LCBTVEdNRURJVU1fMXNpemVvZl9GVU5DKTs=
709	STATEMENT	31324	31336	1	a028c9c9501df4846ec72c7b4432d4a3cb499b36b781bb1c38853498151d0ba7	CglyZXR1cm4gcmM7
710	FRAGMENT	31336	31337	1	01ba4719c80b6fe911b091a7c05124b64eeece964e09c058ef8f9805daca546b	Cg==
711	BLOCK_CLOSE	31337	31338	0	d10b36aa74a59bcf4a88185837f658afaf3646eff2bb16c3928d0e9335e945d2	fQ==
712	PREPROCESSOR	31338	31346	0	626de321eb397f6600939892a0009f31bc378f7e886f9acc5ec0af18db6a99a7	CiNlbmRpZgo=
713	PREPROCESSOR	31346	31375	0	2e7105161b5900d64328201e8453b35104648321f85409eba84210d464a53177	CiNpZm5kZWYgTk9fU3RnQ3JlYXRlRG9jZmlsZQo=
714	FUNCTION_OPEN	31375	31512	0	279338eb8fd1edad674320ae9d5ca13cd64ab298c241a17a57fa9c4b766eeb18	Sk5JRVhQT1JUIGppbnQgSk5JQ0FMTCBDT01fTkFUSVZFKFN0Z0NyZWF0ZURvY2ZpbGUpCgkoSk5JRW52ICplbnYsIGpjbGFzcyB0aGF0LCBqY2hhckFycmF5IGFyZzAsIGppbnQgYXJnMSwgamludCBhcmcyLCBqbG9uZ0FycmF5IGFyZzMpCns=
715	STATEMENT	31512	31533	1	32d4fa5b94dcc2f72cec1836d8f945855495beb83b8fcd9e37cff5be14c8885c	CglqY2hhciAqbHBhcmcwPU5VTEw7
716	STATEMENT	31533	31554	1	8ee0624ff69df7caa4a6f36603c3326c6c26e821a3f31345176b5e3e05ab3464	CglqbG9uZyAqbHBhcmczPU5VTEw7
717	STATEMENT	31554	31568	1	ab2eac128ef6225b35f40b35e2bd8fba39be8b3b6b281960b3c51646eba99890	CglqaW50IHJjID0gMDs=
718	STATEMENT	31568	31621	1	b4edb9e463a7b6ca9d75ef5d133061b9d6cadca977e78c144c00cb070115ea42	CglDT01fTkFUSVZFX0VOVEVSKGVudiwgdGhhdCwgU3RnQ3JlYXRlRG9jZmlsZV9GVU5DKTs=
719	STATEMENT	31621	31713	1	3cde537b5b4a10c588b62bff850c918d62afc294a9ea231c50b64e440acf07a6	CglpZiAoYXJnMCkgaWYgKChscGFyZzAgPSAoKmVudiktPkdldENoYXJBcnJheUVsZW1lbnRzKGVudiwgYXJnMCwgTlVMTCkpID09IE5VTEwpIGdvdG8gZmFpbDs=
720	STATEMENT	31713	31805	1	198070916f65a7a336d1d5c94f3a7481dc996ecc48f71f8ce36e2770b764de4c	CglpZiAoYXJnMykgaWYgKChscGFyZzMgPSAoKmVudiktPkdldExvbmdBcnJheUVsZW1lbnRzKGVudiwgYXJnMywgTlVMTCkpID09IE5VTEwpIGdvdG8gZmFpbDs=
721	STATEMENT	31805	31891	1	ec2f1dba7cb7cb59e57f0b4cdd10edcd7ab3f88a7f748dfb1bca738da5e50e6e	CglyYyA9IChqaW50KVN0Z0NyZWF0ZURvY2ZpbGUoKGNvbnN0IFdDSEFSICopbHBhcmcwLCBhcmcxLCBhcmcyLCAoSVN0b3JhZ2UgKiopbHBhcmczKTs=
722	STATEMENT	31891	31974	1	7bef3c7fed260585b1618d0789dbd54f93bee93ea39f6164094bf40d6ec979d9	CmZhaWw6CglpZiAoYXJnMyAmJiBscGFyZzMpICgqZW52KS0+UmVsZWFzZUxvbmdBcnJheUVsZW1lbnRzKGVudiwgYXJnMywgbHBhcmczLCAwKTs=
723	STATEMENT	31974	32059	1	42796fc80b305d208119e8fabe3fd193a4a084ca5cb870c817de38f109fb0872	CglpZiAoYXJnMCAmJiBscGFyZzApICgqZW52KS0+UmVsZWFzZUNoYXJBcnJheUVsZW1lbnRzKGVudiwgYXJnMCwgbHBhcmcwLCBKTklfQUJPUlQpOw==
724	STATEMENT	32059	32111	1	8ae8f564f9f5ad712f90db91cb2bb7db8535e3820a1b7bede8c4305bc3e5048d	CglDT01fTkFUSVZFX0VYSVQoZW52LCB0aGF0LCBTdGdDcmVhdGVEb2NmaWxlX0ZVTkMpOw==
725	STATEMENT	32111	32123	1	a028c9c9501df4846ec72c7b4432d4a3cb499b36b781bb1c38853498151d0ba7	CglyZXR1cm4gcmM7
726	FRAGMENT	32123	32124	1	01ba4719c80b6fe911b091a7c05124b64eeece964e09c058ef8f9805daca546b	Cg==
727	BLOCK_CLOSE	32124	32125	0	d10b36aa74a59bcf4a88185837f658afaf3646eff2bb16c3928d0e9335e945d2	fQ==
728	PREPROCESSOR	32125	32133	0	626de321eb397f6600939892a0009f31bc378f7e886f9acc5ec0af18db6a99a7	CiNlbmRpZgo=
729	PREPROCESSOR	32133	32162	0	547f66f4e50086a19c92e541f8466e9192635c170e08eee5ce16b85f4460c34c	CiNpZm5kZWYgTk9fU3RnSXNTdG9yYWdlRmlsZQo=
730	FUNCTION_OPEN	32162	32260	0	19970a0ec782c035cb605eec5aa8ca151b0c86daa1398e350e7279c2ff9dfcf3	Sk5JRVhQT1JUIGppbnQgSk5JQ0FMTCBDT01fTkFUSVZFKFN0Z0lzU3RvcmFnZUZpbGUpCgkoSk5JRW52ICplbnYsIGpjbGFzcyB0aGF0LCBqY2hhckFycmF5IGFyZzApCns=
731	STATEMENT	32260	32281	1	32d4fa5b94dcc2f72cec1836d8f945855495beb83b8fcd9e37cff5be14c8885c	CglqY2hhciAqbHBhcmcwPU5VTEw7
732	STATEMENT	32281	32295	1	ab2eac128ef6225b35f40b35e2bd8fba39be8b3b6b281960b3c51646eba99890	CglqaW50IHJjID0gMDs=
733	STATEMENT	32295	32348	1	a3776df3826547d1599bbd60729b1b1ce808e7884cc39a1b5aac8664791d34a1	CglDT01fTkFUSVZFX0VOVEVSKGVudiwgdGhhdCwgU3RnSXNTdG9yYWdlRmlsZV9GVU5DKTs=
734	STATEMENT	32348	32440	1	3cde537b5b4a10c588b62bff850c918d62afc294a9ea231c50b64e440acf07a6	CglpZiAoYXJnMCkgaWYgKChscGFyZzAgPSAoKmVudiktPkdldENoYXJBcnJheUVsZW1lbnRzKGVudiwgYXJnMCwgTlVMTCkpID09IE5VTEwpIGdvdG8gZmFpbDs=
735	STATEMENT	32440	32493	1	1fe03eefa991c74c7e651d5dc6011dcd8ef855aef36ef716d88506a7c0ec9a85	CglyYyA9IChqaW50KVN0Z0lzU3RvcmFnZUZpbGUoKGNvbnN0IFdDSEFSICopbHBhcmcwKTs=
736	STATEMENT	32493	32584	1	ffdac49ab0f016052452a9e69b795f3dcc770657c72652f67c596d563a799129	CmZhaWw6CglpZiAoYXJnMCAmJiBscGFyZzApICgqZW52KS0+UmVsZWFzZUNoYXJBcnJheUVsZW1lbnRzKGVudiwgYXJnMCwgbHBhcmcwLCBKTklfQUJPUlQpOw==
737	STATEMENT	32584	32636	1	36532b8ad7ad780ebbcdabc8fd730b12bcff564e5933dbae6dbf7cfa7f35847d	CglDT01fTkFUSVZFX0VYSVQoZW52LCB0aGF0LCBTdGdJc1N0b3JhZ2VGaWxlX0ZVTkMpOw==
738	STATEMENT	32636	32648	1	a028c9c9501df4846ec72c7b4432d4a3cb499b36b781bb1c38853498151d0ba7	CglyZXR1cm4gcmM7
739	FRAGMENT	32648	32649	1	01ba4719c80b6fe911b091a7c05124b64eeece964e09c058ef8f9805daca546b	Cg==
740	BLOCK_CLOSE	32649	32650	0	d10b36aa74a59bcf4a88185837f658afaf3646eff2bb16c3928d0e9335e945d2	fQ==
741	PREPROCESSOR	32650	32658	0	626de321eb397f6600939892a0009f31bc378f7e886f9acc5ec0af18db6a99a7	CiNlbmRpZgo=
742	PREPROCESSOR	32658	32685	0	2fd9384434347f771bd423320fcc659ad03203f3b2946a8fecb252d525468d7f	CiNpZm5kZWYgTk9fU3RnT3BlblN0b3JhZ2UK
743	FUNCTION_OPEN	32685	32844	0	2fff414679209ac43173f81fa747a9af64128debf65cdc24bc679ce4502232cf	Sk5JRVhQT1JUIGppbnQgSk5JQ0FMTCBDT01fTkFUSVZFKFN0Z09wZW5TdG9yYWdlKQoJKEpOSUVudiAqZW52LCBqY2xhc3MgdGhhdCwgamNoYXJBcnJheSBhcmcwLCBqbG9uZyBhcmcxLCBqaW50IGFyZzIsIGpsb25nIGFyZzMsIGppbnQgYXJnNCwgamxvbmdBcnJheSBhcmc1KQp7
744	STATEMENT	32844	32865	1	32d4fa5b94dcc2f72cec1836d8f945855495beb83b8fcd9e37cff5be14c8885c	CglqY2hhciAqbHBhcmcwPU5VTEw7
745	STATEMENT	32865	32886	1	243799fa9d3df43e4ccd5a39a6250575ff347362a05bbd8e416081e2d16b0c6b	CglqbG9uZyAqbHBhcmc1PU5VTEw7
746	STATEMENT	32886	32900	1	ab2eac128ef6225b35f40b35e2bd8fba39be8b3b6b281960b3c51646eba99890	CglqaW50IHJjID0gMDs=
747	STATEMENT	32900	32951	1	3316ac6afbb1c3990e1497edb74c8c68251879703048680c644cf1a6e5cdf25d	CglDT01fTkFUSVZFX0VOVEVSKGVudiwgdGhhdCwgU3RnT3BlblN0b3JhZ2VfRlVOQyk7
748	STATEMENT	32951	33043	1	3cde537b5b4a10c588b62bff850c918d62afc294a9ea231c50b64e440acf07a6	CglpZiAoYXJnMCkgaWYgKChscGFyZzAgPSAoKmVudiktPkdldENoYXJBcnJheUVsZW1lbnRzKGVudiwgYXJnMCwgTlVMTCkpID09IE5VTEwpIGdvdG8gZmFpbDs=
749	STATEMENT	33043	33135	1	104427ca0cd5a2e20a03898d3f1e2f9ac840a44f1cf9d2fb957c266bec3f975f	CglpZiAoYXJnNSkgaWYgKChscGFyZzUgPSAoKmVudiktPkdldExvbmdBcnJheUVsZW1lbnRzKGVudiwgYXJnNSwgTlVMTCkpID09IE5VTEwpIGdvdG8gZmFpbDs=
750	STATEMENT	33135	33248	1	eac04280f8d42da3aa22014273a125ea77f3521e16e1bc7393e6b3eb39d89e67	CglyYyA9IChqaW50KVN0Z09wZW5TdG9yYWdlKChjb25zdCBXQ0hBUiAqKWxwYXJnMCwgKElTdG9yYWdlICopYXJnMSwgYXJnMiwgKFNOQilhcmczLCBhcmc0LCAoSVN0b3JhZ2UgKiopbHBhcmc1KTs=
751	STATEMENT	33248	33331	1	5a92dde25f40fd9df52f3577b49d871fc1717840b3c8d6cefa3af3a0c91c1b9a	CmZhaWw6CglpZiAoYXJnNSAmJiBscGFyZzUpICgqZW52KS0+UmVsZWFzZUxvbmdBcnJheUVsZW1lbnRzKGVudiwgYXJnNSwgbHBhcmc1LCAwKTs=
752	STATEMENT	33331	33416	1	42796fc80b305d208119e8fabe3fd193a4a084ca5cb870c817de38f109fb0872	CglpZiAoYXJnMCAmJiBscGFyZzApICgqZW52KS0+UmVsZWFzZUNoYXJBcnJheUVsZW1lbnRzKGVudiwgYXJnMCwgbHBhcmcwLCBKTklfQUJPUlQpOw==
753	STATEMENT	33416	33466	1	e19429cbb04a158f5bd06509e9d489b1815769372b34df828eceb6a877213fd8	CglDT01fTkFUSVZFX0VYSVQoZW52LCB0aGF0LCBTdGdPcGVuU3RvcmFnZV9GVU5DKTs=
754	STATEMENT	33466	33478	1	a028c9c9501df4846ec72c7b4432d4a3cb499b36b781bb1c38853498151d0ba7	CglyZXR1cm4gcmM7
755	FRAGMENT	33478	33479	1	01ba4719c80b6fe911b091a7c05124b64eeece964e09c058ef8f9805daca546b	Cg==
756	BLOCK_CLOSE	33479	33480	0	d10b36aa74a59bcf4a88185837f658afaf3646eff2bb16c3928d0e9335e945d2	fQ==
757	PREPROCESSOR	33480	33488	0	626de321eb397f6600939892a0009f31bc378f7e886f9acc5ec0af18db6a99a7	CiNlbmRpZgo=
758	PREPROCESSOR	33488	33515	0	c63234dd8aa4227ef06276832407d0bc2e6530885949e047ebba550472f3e4d1	CiNpZm5kZWYgTk9fU3lzQWxsb2NTdHJpbmcK
759	FUNCTION_OPEN	33515	33612	0	c2df447f1802751d648e2a2fa9430bf5a701179b623614313aea838abe7cc10e	Sk5JRVhQT1JUIGpsb25nIEpOSUNBTEwgQ09NX05BVElWRShTeXNBbGxvY1N0cmluZykKCShKTklFbnYgKmVudiwgamNsYXNzIHRoYXQsIGpjaGFyQXJyYXkgYXJnMCkKew==
760	STATEMENT	33612	33633	1	32d4fa5b94dcc2f72cec1836d8f945855495beb83b8fcd9e37cff5be14c8885c	CglqY2hhciAqbHBhcmcwPU5VTEw7
761	STATEMENT	33633	33648	1	3411ceb5951bc52321d8d6cf00df310a159211846b0264e08db2a18b94173633	CglqbG9uZyByYyA9IDA7
762	STATEMENT	33648	33699	1	08a097d1d9375d9e8ada4912281b879f68fafdc2f6c8a2ab87d21f6c2aca8c05	CglDT01fTkFUSVZFX0VOVEVSKGVudiwgdGhhdCwgU3lzQWxsb2NTdHJpbmdfRlVOQyk7
763	STATEMENT	33699	33797	1	4a9a2caaa4695357687c5fb1cfa67dbbee5d0dc40d90dbeba1e403e707afbed8	CgkJaWYgKGFyZzApIGlmICgobHBhcmcwID0gKCplbnYpLT5HZXRQcmltaXRpdmVBcnJheUNyaXRpY2FsKGVudiwgYXJnMCwgTlVMTCkpID09IE5VTEwpIGdvdG8gZmFpbDs=
764	STATEMENT	33797	33845	1	f0861e0723a7a1473fb39f8b44d5d08062f0da6c9ef8961af4139936c6533f24	CglyYyA9IChqbG9uZylTeXNBbGxvY1N0cmluZygoT0xFQ0hBUiAqKWxwYXJnMCk7
765	STATEMENT	33845	33942	1	8fddb69e9148011dfab6fe6bbe70c02cda00d933945e10db35b07461f21a3876	CmZhaWw6CgkJaWYgKGFyZzAgJiYgbHBhcmcwKSAoKmVudiktPlJlbGVhc2VQcmltaXRpdmVBcnJheUNyaXRpY2FsKGVudiwgYXJnMCwgbHBhcmcwLCBKTklfQUJPUlQpOw==
766	STATEMENT	33942	33992	1	80970bb4362eeaa649a922d82ae549ebcbf707b8ff407e4c74b62498b2d5b1e3	CglDT01fTkFUSVZFX0VYSVQoZW52LCB0aGF0LCBTeXNBbGxvY1N0cmluZ19GVU5DKTs=
767	STATEMENT	33992	34004	1	a028c9c9501df4846ec72c7b4432d4a3cb499b36b781bb1c38853498151d0ba7	CglyZXR1cm4gcmM7
768	FRAGMENT	34004	34005	1	01ba4719c80b6fe911b091a7c05124b64eeece964e09c058ef8f9805daca546b	Cg==
769	BLOCK_CLOSE	34005	34006	0	d10b36aa74a59bcf4a88185837f658afaf3646eff2bb16c3928d0e9335e945d2	fQ==
770	PREPROCESSOR	34006	34014	0	626de321eb397f6600939892a0009f31bc378f7e886f9acc5ec0af18db6a99a7	CiNlbmRpZgo=
771	PREPROCESSOR	34014	34044	0	50ecda991e0dd5750cccd413eadf3ea51f9e7c61a4422018d33a11582b51a89f	CiNpZm5kZWYgTk9fU3lzQWxsb2NTdHJpbmdMZW4K
772	FUNCTION_OPEN	34044	34155	0	5602ebc1db1a390c8e6ac1b9538265038fbef14623ba5a43025e855f93b4541f	Sk5JRVhQT1JUIGpsb25nIEpOSUNBTEwgQ09NX05BVElWRShTeXNBbGxvY1N0cmluZ0xlbikKCShKTklFbnYgKmVudiwgamNsYXNzIHRoYXQsIGpjaGFyQXJyYXkgYXJnMCwgamludCBhcmcxKQp7
773	STATEMENT	34155	34176	1	32d4fa5b94dcc2f72cec1836d8f945855495beb83b8fcd9e37cff5be14c8885c	CglqY2hhciAqbHBhcmcwPU5VTEw7
774	STATEMENT	34176	34191	1	3411ceb5951bc52321d8d6cf00df310a159211846b0264e08db2a18b94173633	CglqbG9uZyByYyA9IDA7
775	STATEMENT	34191	34245	1	0badf496a4d03b5f865e42506432f46e7a4070a8a38c9667590a9fded2ce5987	CglDT01fTkFUSVZFX0VOVEVSKGVudiwgdGhhdCwgU3lzQWxsb2NTdHJpbmdMZW5fRlVOQyk7
776	STATEMENT	34245	34337	1	3cde537b5b4a10c588b62bff850c918d62afc294a9ea231c50b64e440acf07a6	CglpZiAoYXJnMCkgaWYgKChscGFyZzAgPSAoKmVudiktPkdldENoYXJBcnJheUVsZW1lbnRzKGVudiwgYXJnMCwgTlVMTCkpID09IE5VTEwpIGdvdG8gZmFpbDs=
777	STATEMENT	34337	34394	1	562abbf268ba52e1f6050d49c2aca460bf66b2f656ec631fe5adf78f18f4db4d	CglyYyA9IChqbG9uZylTeXNBbGxvY1N0cmluZ0xlbigoT0xFQ0hBUiAqKWxwYXJnMCwgYXJnMSk7
778	STATEMENT	34394	34477	1	12a2712488ea79fea8352f30e374473121296ae2e59a16c5aec076faede8a868	CmZhaWw6CglpZiAoYXJnMCAmJiBscGFyZzApICgqZW52KS0+UmVsZWFzZUNoYXJBcnJheUVsZW1lbnRzKGVudiwgYXJnMCwgbHBhcmcwLCAwKTs=
779	STATEMENT	34477	34530	1	7b6f330df7feda55d4956e8861a5d25375a321449576ee34699f3496d71a1b56	CglDT01fTkFUSVZFX0VYSVQoZW52LCB0aGF0LCBTeXNBbGxvY1N0cmluZ0xlbl9GVU5DKTs=
780	STATEMENT	34530	34542	1	a028c9c9501df4846ec72c7b4432d4a3cb499b36b781bb1c38853498151d0ba7	CglyZXR1cm4gcmM7
781	FRAGMENT	34542	34543	1	01ba4719c80b6fe911b091a7c05124b64eeece964e09c058ef8f9805daca546b	Cg==
782	BLOCK_CLOSE	34543	34544	0	d10b36aa74a59bcf4a88185837f658afaf3646eff2bb16c3928d0e9335e945d2	fQ==
783	PREPROCESSOR	34544	34552	0	626de321eb397f6600939892a0009f31bc378f7e886f9acc5ec0af18db6a99a7	CiNlbmRpZgo=
784	PREPROCESSOR	34552	34578	0	990338ac3a7db2db9a709678a2e45db8fa8a3ce343e47227e54580fd9e2b51ed	CiNpZm5kZWYgTk9fU3lzRnJlZVN0cmluZwo=
785	FUNCTION_OPEN	34578	34668	0	8fa8beb15bb67d6455905b0fc4c13ad9b72397cfe92d95315e45660ca0a0c86f	Sk5JRVhQT1JUIHZvaWQgSk5JQ0FMTCBDT01fTkFUSVZFKFN5c0ZyZWVTdHJpbmcpCgkoSk5JRW52ICplbnYsIGpjbGFzcyB0aGF0LCBqbG9uZyBhcmcwKQp7
786	STATEMENT	34668	34718	1	9c0a582eecb9433cae0c85ca8b57f9759f41bc37eccc286e5ff520e88a997f4b	CglDT01fTkFUSVZFX0VOVEVSKGVudiwgdGhhdCwgU3lzRnJlZVN0cmluZ19GVU5DKTs=
787	STATEMENT	34718	34746	1	d389497dc2d6f35c10712eb37e00a304c5ea51d8f7b44cad8246e06d5a83c8dc	CglTeXNGcmVlU3RyaW5nKChCU1RSKWFyZzApOw==
788	STATEMENT	34746	34795	1	32f20fa95c3ba1543e3ca94ff6da00f205ece5c292163b6035f562cf0f33b35a	CglDT01fTkFUSVZFX0VYSVQoZW52LCB0aGF0LCBTeXNGcmVlU3RyaW5nX0ZVTkMpOw==
789	FRAGMENT	34795	34796	1	01ba4719c80b6fe911b091a7c05124b64eeece964e09c058ef8f9805daca546b	Cg==
790	BLOCK_CLOSE	34796	34797	0	d10b36aa74a59bcf4a88185837f658afaf3646eff2bb16c3928d0e9335e945d2	fQ==
791	PREPROCESSOR	34797	34805	0	626de321eb397f6600939892a0009f31bc378f7e886f9acc5ec0af18db6a99a7	CiNlbmRpZgo=
792	PREPROCESSOR	34805	34834	0	07b41949706559e01ae2531b545cc3b037135d5e3d929f4fc73aa7c513acbe56	CiNpZm5kZWYgTk9fU3lzU3RyaW5nQnl0ZUxlbgo=
793	FUNCTION_OPEN	34834	34927	0	cb9062b7ef83f21fc311c91b9352026025914a4c1679e81d17920605001056f6	Sk5JRVhQT1JUIGppbnQgSk5JQ0FMTCBDT01fTkFUSVZFKFN5c1N0cmluZ0J5dGVMZW4pCgkoSk5JRW52ICplbnYsIGpjbGFzcyB0aGF0LCBqbG9uZyBhcmcwKQp7
794	STATEMENT	34927	34941	1	ab2eac128ef6225b35f40b35e2bd8fba39be8b3b6b281960b3c51646eba99890	CglqaW50IHJjID0gMDs=
795	STATEMENT	34941	34994	1	f03f4d9049771d4bf8f86ef55cc169f93f78eab7bbdc32c2b6443cb5ddadaa70	CglDT01fTkFUSVZFX0VOVEVSKGVudiwgdGhhdCwgU3lzU3RyaW5nQnl0ZUxlbl9GVU5DKTs=
796	STATEMENT	34994	35036	1	079e17287028f85c1dbcf6608753f53e0fd33fd80fa25a1a9915d2ac7abe4f32	CglyYyA9IChqaW50KVN5c1N0cmluZ0J5dGVMZW4oKEJTVFIpYXJnMCk7
797	STATEMENT	35036	35088	1	3599840c3f0180ecbec988005f21e22cddc3cc671ef61e20a045a51b56d49d99	CglDT01fTkFUSVZFX0VYSVQoZW52LCB0aGF0LCBTeXNTdHJpbmdCeXRlTGVuX0ZVTkMpOw==
798	STATEMENT	35088	35100	1	a028c9c9501df4846ec72c7b4432d4a3cb499b36b781bb1c38853498151d0ba7	CglyZXR1cm4gcmM7
799	FRAGMENT	35100	35101	1	01ba4719c80b6fe911b091a7c05124b64eeece964e09c058ef8f9805daca546b	Cg==
800	BLOCK_CLOSE	35101	35102	0	d10b36aa74a59bcf4a88185837f658afaf3646eff2bb16c3928d0e9335e945d2	fQ==
801	PREPROCESSOR	35102	35110	0	626de321eb397f6600939892a0009f31bc378f7e886f9acc5ec0af18db6a99a7	CiNlbmRpZgo=
802	PREPROCESSOR	35110	35135	0	fc5ccc3dd6d74ffb2a01d0c68aa2362fa40c0dbeabb0a56bbce21a62f92ebabf	CiNpZm5kZWYgTk9fU3lzU3RyaW5nTGVuCg==
803	FUNCTION_OPEN	35135	35224	0	5659315db2e05896ba5c0cd46dff1d3a03a6816fc07fb7a5087b00ed8736b969	Sk5JRVhQT1JUIGppbnQgSk5JQ0FMTCBDT01fTkFUSVZFKFN5c1N0cmluZ0xlbikKCShKTklFbnYgKmVudiwgamNsYXNzIHRoYXQsIGpsb25nIGFyZzApCns=
804	STATEMENT	35224	35238	1	ab2eac128ef6225b35f40b35e2bd8fba39be8b3b6b281960b3c51646eba99890	CglqaW50IHJjID0gMDs=
805	STATEMENT	35238	35287	1	7627d476851297f4b05316f96b1c91e40e8ed67a8949d0b642123a4bf3afdbfb	CglDT01fTkFUSVZFX0VOVEVSKGVudiwgdGhhdCwgU3lzU3RyaW5nTGVuX0ZVTkMpOw==
806	STATEMENT	35287	35325	1	f58514d7ecffdcd4d854269a6de263cdedc45d3155de1f65d831d2576a0baf38	CglyYyA9IChqaW50KVN5c1N0cmluZ0xlbigoQlNUUilhcmcwKTs=
807	STATEMENT	35325	35373	1	1800c4eab7fd070785ddc30755908b66652b49ec8d11b1666dc458073aa60419	CglDT01fTkFUSVZFX0VYSVQoZW52LCB0aGF0LCBTeXNTdHJpbmdMZW5fRlVOQyk7
808	STATEMENT	35373	35385	1	a028c9c9501df4846ec72c7b4432d4a3cb499b36b781bb1c38853498151d0ba7	CglyZXR1cm4gcmM7
809	FRAGMENT	35385	35386	1	01ba4719c80b6fe911b091a7c05124b64eeece964e09c058ef8f9805daca546b	Cg==
810	BLOCK_CLOSE	35386	35387	0	d10b36aa74a59bcf4a88185837f658afaf3646eff2bb16c3928d0e9335e945d2	fQ==
811	PREPROCESSOR	35387	35395	0	626de321eb397f6600939892a0009f31bc378f7e886f9acc5ec0af18db6a99a7	CiNlbmRpZgo=
812	PREPROCESSOR	35395	35424	0	1a4b0478048339c17e83e997a90221026663a027db53474e7a0de718754e1039	CiNpZm5kZWYgTk9fVFlQRUFUVFJfMXNpemVvZgo=
813	FUNCTION_OPEN	35424	35505	0	3f74f8d3d3aad6705985ae666602f834e1358609644e0d2efe382cd47bbf0b79	Sk5JRVhQT1JUIGppbnQgSk5JQ0FMTCBDT01fTkFUSVZFKFRZUEVBVFRSXzFzaXplb2YpCgkoSk5JRW52ICplbnYsIGpjbGFzcyB0aGF0KQp7
814	STATEMENT	35505	35519	1	ab2eac128ef6225b35f40b35e2bd8fba39be8b3b6b281960b3c51646eba99890	CglqaW50IHJjID0gMDs=
815	STATEMENT	35519	35572	1	3f38d1dcb95dc19a0d1f1d596485bae8667a085f14d56ca68c556bb38a962f55	CglDT01fTkFUSVZFX0VOVEVSKGVudiwgdGhhdCwgVFlQRUFUVFJfMXNpemVvZl9GVU5DKTs=
816	STATEMENT	35572	35603	1	67ced1244f1bcd8ad523d9ac47fa7a7cc9017da86749cf3cfdff4f62df44327f	CglyYyA9IChqaW50KVRZUEVBVFRSX3NpemVvZigpOw==
817	STATEMENT	35603	35655	1	515ba1fbde0a46b2d6876164f2028092adb53e09f08221e3c57a57f20b38981c	CglDT01fTkFUSVZFX0VYSVQoZW52LCB0aGF0LCBUWVBFQVRUUl8xc2l6ZW9mX0ZVTkMpOw==
818	STATEMENT	35655	35667	1	a028c9c9501df4846ec72c7b4432d4a3cb499b36b781bb1c38853498151d0ba7	CglyZXR1cm4gcmM7
819	FRAGMENT	35667	35668	1	01ba4719c80b6fe911b091a7c05124b64eeece964e09c058ef8f9805daca546b	Cg==
820	BLOCK_CLOSE	35668	35669	0	d10b36aa74a59bcf4a88185837f658afaf3646eff2bb16c3928d0e9335e945d2	fQ==
821	PREPROCESSOR	35669	35677	0	626de321eb397f6600939892a0009f31bc378f7e886f9acc5ec0af18db6a99a7	CiNlbmRpZgo=
822	PREPROCESSOR	35677	35706	0	19076b95979986af57e73046e03b7bec808b2650a6c1c8120e0d35b88949eb7e	CiNpZm5kZWYgTk9fVFlQRURFU0NfMXNpemVvZgo=
823	FUNCTION_OPEN	35706	35787	0	ca2dfa83f04072bad8684ae86e4a4d087d9e0a0687a977465a895eb233b2b1f5	Sk5JRVhQT1JUIGppbnQgSk5JQ0FMTCBDT01fTkFUSVZFKFRZUEVERVNDXzFzaXplb2YpCgkoSk5JRW52ICplbnYsIGpjbGFzcyB0aGF0KQp7
824	STATEMENT	35787	35801	1	ab2eac128ef6225b35f40b35e2bd8fba39be8b3b6b281960b3c51646eba99890	CglqaW50IHJjID0gMDs=
825	STATEMENT	35801	35854	1	53265a76b2da83dceb005804e951173118b7f59f0b03769d849fa918f0db3634	CglDT01fTkFUSVZFX0VOVEVSKGVudiwgdGhhdCwgVFlQRURFU0NfMXNpemVvZl9GVU5DKTs=
826	STATEMENT	35854	35885	1	049638ace57779ef0568b34d971ddade4687b507ead91a27367142830d41df0f	CglyYyA9IChqaW50KVRZUEVERVNDX3NpemVvZigpOw==
827	STATEMENT	35885	35937	1	c13e48102133914cc3b13ee2a68ebb978025a57d33c352d3b49540e1501e1197	CglDT01fTkFUSVZFX0VYSVQoZW52LCB0aGF0LCBUWVBFREVTQ18xc2l6ZW9mX0ZVTkMpOw==
828	STATEMENT	35937	35949	1	a028c9c9501df4846ec72c7b4432d4a3cb499b36b781bb1c38853498151d0ba7	CglyZXR1cm4gcmM7
829	FRAGMENT	35949	35950	1	01ba4719c80b6fe911b091a7c05124b64eeece964e09c058ef8f9805daca546b	Cg==
830	BLOCK_CLOSE	35950	35951	0	d10b36aa74a59bcf4a88185837f658afaf3646eff2bb16c3928d0e9335e945d2	fQ==
831	PREPROCESSOR	35951	35959	0	626de321eb397f6600939892a0009f31bc378f7e886f9acc5ec0af18db6a99a7	CiNlbmRpZgo=
832	PREPROCESSOR	35959	35987	0	7f95810bbdea7d674d719ddbaf2564fba4000cea20b78a3be5dff8f90d01b9e2	CiNpZm5kZWYgTk9fVkFSREVTQ18xc2l6ZW9mCg==
833	FUNCTION_OPEN	35987	36067	0	db343289c84853b718c68032b1de9e1cdd4ad5667a389641e48229e7427a1ea7	Sk5JRVhQT1JUIGppbnQgSk5JQ0FMTCBDT01fTkFUSVZFKFZBUkRFU0NfMXNpemVvZikKCShKTklFbnYgKmVudiwgamNsYXNzIHRoYXQpCns=
834	STATEMENT	36067	36081	1	ab2eac128ef6225b35f40b35e2bd8fba39be8b3b6b281960b3c51646eba99890	CglqaW50IHJjID0gMDs=
835	STATEMENT	36081	36133	1	90f11cd68f139cc7c36045744a4646e97d642caa81830ce8ceaaa6ca337cea90	CglDT01fTkFUSVZFX0VOVEVSKGVudiwgdGhhdCwgVkFSREVTQ18xc2l6ZW9mX0ZVTkMpOw==
836	STATEMENT	36133	36163	1	57da6a692e56e4c95f61e6087abfe9b3045ef2153b05914c8ce27734ad36aceb	CglyYyA9IChqaW50KVZBUkRFU0Nfc2l6ZW9mKCk7
837	STATEMENT	36163	36214	1	fc2dd326f47baadfdaa98f6b886b2fc8df0fc138b07f4eea4421f79bf66770d6	CglDT01fTkFUSVZFX0VYSVQoZW52LCB0aGF0LCBWQVJERVNDXzFzaXplb2ZfRlVOQyk7
838	STATEMENT	36214	36226	1	a028c9c9501df4846ec72c7b4432d4a3cb499b36b781bb1c38853498151d0ba7	CglyZXR1cm4gcmM7
839	FRAGMENT	36226	36227	1	01ba4719c80b6fe911b091a7c05124b64eeece964e09c058ef8f9805daca546b	Cg==
840	BLOCK_CLOSE	36227	36228	0	d10b36aa74a59bcf4a88185837f658afaf3646eff2bb16c3928d0e9335e945d2	fQ==
841	PREPROCESSOR	36228	36236	0	626de321eb397f6600939892a0009f31bc378f7e886f9acc5ec0af18db6a99a7	CiNlbmRpZgo=
842	PREPROCESSOR	36236	36264	0	345d08770ee3d42177e62a681f076ee622c5039fd862fe8df4b1209f4c7c2c9a	CiNpZm5kZWYgTk9fVkFSSUFOVF8xc2l6ZW9mCg==
843	FUNCTION_OPEN	36264	36344	0	7e9e8886c17422c7911c80498f804b30d7084e522a979034dddcc84d5926e84f	Sk5JRVhQT1JUIGppbnQgSk5JQ0FMTCBDT01fTkFUSVZFKFZBUklBTlRfMXNpemVvZikKCShKTklFbnYgKmVudiwgamNsYXNzIHRoYXQpCns=
844	STATEMENT	36344	36358	1	ab2eac128ef6225b35f40b35e2bd8fba39be8b3b6b281960b3c51646eba99890	CglqaW50IHJjID0gMDs=
845	STATEMENT	36358	36410	1	5eb0e12994f95061a07345e7acfc38ea26f0e40df3593e44289fcaad88e3f6fe	CglDT01fTkFUSVZFX0VOVEVSKGVudiwgdGhhdCwgVkFSSUFOVF8xc2l6ZW9mX0ZVTkMpOw==
846	STATEMENT	36410	36440	1	dee066048453141da85ca2d283130ef8d0754bf145e53c37f01a78317577ade0	CglyYyA9IChqaW50KVZBUklBTlRfc2l6ZW9mKCk7
847	STATEMENT	36440	36491	1	b1a0d7dbcceb4f0e5b89546901077f0be7bebab24ad1f6386ba63e660fe3f3da	CglDT01fTkFUSVZFX0VYSVQoZW52LCB0aGF0LCBWQVJJQU5UXzFzaXplb2ZfRlVOQyk7
848	STATEMENT	36491	36503	1	a028c9c9501df4846ec72c7b4432d4a3cb499b36b781bb1c38853498151d0ba7	CglyZXR1cm4gcmM7
849	FRAGMENT	36503	36504	1	01ba4719c80b6fe911b091a7c05124b64eeece964e09c058ef8f9805daca546b	Cg==
850	BLOCK_CLOSE	36504	36505	0	d10b36aa74a59bcf4a88185837f658afaf3646eff2bb16c3928d0e9335e945d2	fQ==
851	PREPROCESSOR	36505	36513	0	626de321eb397f6600939892a0009f31bc378f7e886f9acc5ec0af18db6a99a7	CiNlbmRpZgo=
852	PREPROCESSOR	36513	36543	0	7436a254cff532cde02a7521fc7e0025ce2bb5c83e16e067a63cdde0090d24db	CiNpZm5kZWYgTk9fVmFyaWFudENoYW5nZVR5cGUK
853	FUNCTION_OPEN	36543	36675	0	49e30d9aea14135211b2702e2e2573a907d89c0cd303bc1ba4e0e46001c5365c	Sk5JRVhQT1JUIGppbnQgSk5JQ0FMTCBDT01fTkFUSVZFKFZhcmlhbnRDaGFuZ2VUeXBlKQoJKEpOSUVudiAqZW52LCBqY2xhc3MgdGhhdCwgamxvbmcgYXJnMCwgamxvbmcgYXJnMSwganNob3J0IGFyZzIsIGpzaG9ydCBhcmczKQp7
854	STATEMENT	36675	36689	1	ab2eac128ef6225b35f40b35e2bd8fba39be8b3b6b281960b3c51646eba99890	CglqaW50IHJjID0gMDs=
855	STATEMENT	36689	36743	1	8362fe9dc1f9e7fb63606c5048778af115b9cccdbfc0018735793ebd79d8bd33	CglDT01fTkFUSVZFX0VOVEVSKGVudiwgdGhhdCwgVmFyaWFudENoYW5nZVR5cGVfRlVOQyk7
856	STATEMENT	36743	36843	1	0ba2f91009d1ca6ece530db7fbda8d6167884720d188fbebb96741ea06669639	CglyYyA9IChqaW50KVZhcmlhbnRDaGFuZ2VUeXBlKChWQVJJQU5UQVJHIEZBUiogKWFyZzAsIChWQVJJQU5UQVJHIEZBUiogKWFyZzEsIGFyZzIsIChWQVJUWVBFKWFyZzMpOw==
857	STATEMENT	36843	36896	1	3422a01f2dc337c1098215f9c73d767c11a890c00d01ced030a2c70201c380a1	CglDT01fTkFUSVZFX0VYSVQoZW52LCB0aGF0LCBWYXJpYW50Q2hhbmdlVHlwZV9GVU5DKTs=
858	STATEMENT	36896	36908	1	a028c9c9501df4846ec72c7b4432d4a3cb499b36b781bb1c38853498151d0ba7	CglyZXR1cm4gcmM7
859	FRAGMENT	36908	36909	1	01ba4719c80b6fe911b091a7c05124b64eeece964e09c058ef8f9805daca546b	Cg==
860	BLOCK_CLOSE	36909	36910	0	d10b36aa74a59bcf4a88185837f658afaf3646eff2bb16c3928d0e9335e945d2	fQ==
861	PREPROCESSOR	36910	36918	0	626de321eb397f6600939892a0009f31bc378f7e886f9acc5ec0af18db6a99a7	CiNlbmRpZgo=
862	PREPROCESSOR	36918	36943	0	d4265e95a0e130f002be0b3ccd21b0f98caf70b98246ff382b6f47de905da49e	CiNpZm5kZWYgTk9fVmFyaWFudENsZWFyCg==
863	FUNCTION_OPEN	36943	37032	0	f0ff5514594d192c2a67c37914ee2714bfcc2ae3740df836513cbbe929108b10	Sk5JRVhQT1JUIGppbnQgSk5JQ0FMTCBDT01fTkFUSVZFKFZhcmlhbnRDbGVhcikKCShKTklFbnYgKmVudiwgamNsYXNzIHRoYXQsIGpsb25nIGFyZzApCns=
864	STATEMENT	37032	37046	1	ab2eac128ef6225b35f40b35e2bd8fba39be8b3b6b281960b3c51646eba99890	CglqaW50IHJjID0gMDs=
865	STATEMENT	37046	37095	1	bdf69daada69191e5d6bf9ab843ba1a291c24ecffd18fb422a0b19a4a0527369	CglDT01fTkFUSVZFX0VOVEVSKGVudiwgdGhhdCwgVmFyaWFudENsZWFyX0ZVTkMpOw==
866	STATEMENT	37095	37145	1	d4cd417141d1b57e294d9ddb37f3e9b90716a4ae8be89ffa29e50a2f9e11db84	CglyYyA9IChqaW50KVZhcmlhbnRDbGVhcigoVkFSSUFOVEFSRyBGQVIqIClhcmcwKTs=
867	STATEMENT	37145	37193	1	c84dda6c7fc7b7347df916bc773ae2fb67d49c4fcc097af9f0cdda828416e93f	CglDT01fTkFUSVZFX0VYSVQoZW52LCB0aGF0LCBWYXJpYW50Q2xlYXJfRlVOQyk7
868	STATEMENT	37193	37205	1	a028c9c9501df4846ec72c7b4432d4a3cb499b36b781bb1c38853498151d0ba7	CglyZXR1cm4gcmM7
869	FRAGMENT	37205	37206	1	01ba4719c80b6fe911b091a7c05124b64eeece964e09c058ef8f9805daca546b	Cg==
870	BLOCK_CLOSE	37206	37207	0	d10b36aa74a59bcf4a88185837f658afaf3646eff2bb16c3928d0e9335e945d2	fQ==
871	PREPROCESSOR	37207	37215	0	626de321eb397f6600939892a0009f31bc378f7e886f9acc5ec0af18db6a99a7	CiNlbmRpZgo=
872	PREPROCESSOR	37215	37239	0	6ddf21c72febf68ccec4acbb512fe67cf4efb21caf5cd6164e9ac5de1c94a7c8	CiNpZm5kZWYgTk9fVmFyaWFudEluaXQK
873	FUNCTION_OPEN	37239	37327	0	62455dac65db872992e2b6b02bf88441ad16ac5fcc4c0c7a441a1096612480fc	Sk5JRVhQT1JUIHZvaWQgSk5JQ0FMTCBDT01fTkFUSVZFKFZhcmlhbnRJbml0KQoJKEpOSUVudiAqZW52LCBqY2xhc3MgdGhhdCwgamxvbmcgYXJnMCkKew==
874	STATEMENT	37327	37375	1	3b2a1d2a94923b56de9fef3ce3e5b58e5a0b536251109a018420b0c5929c1eb5	CglDT01fTkFUSVZFX0VOVEVSKGVudiwgdGhhdCwgVmFyaWFudEluaXRfRlVOQyk7
875	STATEMENT	37375	37413	1	57cef2a96d8dc4412a98cbc734b098e5d8ad683dad57bded052d66535e19de5e	CglWYXJpYW50SW5pdCgoVkFSSUFOVEFSRyBGQVIqIClhcmcwKTs=
876	STATEMENT	37413	37460	1	1ce51ea4eb5d6c2f2c4926244646e7e3900ee81001e74fe9c58b2307b49d0fe0	CglDT01fTkFUSVZFX0VYSVQoZW52LCB0aGF0LCBWYXJpYW50SW5pdF9GVU5DKTs=
877	FRAGMENT	37460	37461	1	01ba4719c80b6fe911b091a7c05124b64eeece964e09c058ef8f9805daca546b	Cg==
878	BLOCK_CLOSE	37461	37462	0	d10b36aa74a59bcf4a88185837f658afaf3646eff2bb16c3928d0e9335e945d2	fQ==
879	PREPROCESSOR	37462	37470	0	626de321eb397f6600939892a0009f31bc378f7e886f9acc5ec0af18db6a99a7	CiNlbmRpZgo=
880	PREPROCESSOR	37470	37495	0	71f7a357b475db6f5b59d454f9f81977ac6c40131b9a7479431d66936d7e761b	CiNpZm5kZWYgTk9fVnRibENhbGxfX0lKCg==
881	FUNCTION_OPEN	37495	37595	0	f24cbec00cdb3c61b436c2fb3fef9e02693adf9184ca9565f1819068ec4988d0	Sk5JRVhQT1JUIGppbnQgSk5JQ0FMTCBDT01fTkFUSVZFKFZ0YmxDYWxsX19JSikKCShKTklFbnYgKmVudiwgamNsYXNzIHRoYXQsIGppbnQgYXJnMCwgamxvbmcgYXJnMSkKew==
882	STATEMENT	37595	37609	1	ab2eac128ef6225b35f40b35e2bd8fba39be8b3b6b281960b3c51646eba99890	CglqaW50IHJjID0gMDs=
883	STATEMENT	37609	37658	1	c68aa34fb049345631347e252b345ccd53d7fd7e0673a164f9e93bdd830209bc	CglDT01fTkFUSVZFX0VOVEVSKGVudiwgdGhhdCwgVnRibENhbGxfX0lKX0ZVTkMpOw==
884	STATEMENT	37658	37738	1	9809cc6e15d3bd8b2cc685b75ad65464514fc2c9056d0fa2488054e58202a777	CglyYyA9IChqaW50KSgoamludCAoU1RETUVUSE9EQ0FMTFRZUEUgKikoamxvbmcpKSgqKGpsb25nICoqKWFyZzEpW2FyZzBdKShhcmcxKTs=
885	STATEMENT	37738	37786	1	69ec2739e7ef408316461631f7b1bc20671e3220a45374bac90e2338645118e9	CglDT01fTkFUSVZFX0VYSVQoZW52LCB0aGF0LCBWdGJsQ2FsbF9fSUpfRlVOQyk7
886	STATEMENT	37786	37798	1	a028c9c9501df4846ec72c7b4432d4a3cb499b36b781bb1c38853498151d0ba7	CglyZXR1cm4gcmM7
887	FRAGMENT	37798	37799	1	01ba4719c80b6fe911b091a7c05124b64eeece964e09c058ef8f9805daca546b	Cg==
888	BLOCK_CLOSE	37799	37800	0	d10b36aa74a59bcf4a88185837f658afaf3646eff2bb16c3928d0e9335e945d2	fQ==
889	PREPROCESSOR	37800	37808	0	626de321eb397f6600939892a0009f31bc378f7e886f9acc5ec0af18db6a99a7	CiNlbmRpZgo=
890	PREPROCESSOR	37808	37834	0	7eed1a0508d173527914fee12b505d8268f248cbfd267acc478fa56ad1394c8a	CiNpZm5kZWYgTk9fVnRibENhbGxfX0lKRAo=
891	FUNCTION_OPEN	37834	37949	0	7125948bc43e76b783fe32f35ff48f7677e8ab1953981469cfe873dcbdd3953c	Sk5JRVhQT1JUIGppbnQgSk5JQ0FMTCBDT01fTkFUSVZFKFZ0YmxDYWxsX19JSkQpCgkoSk5JRW52ICplbnYsIGpjbGFzcyB0aGF0LCBqaW50IGFyZzAsIGpsb25nIGFyZzEsIGpkb3VibGUgYXJnMikKew==
892	STATEMENT	37949	37963	1	ab2eac128ef6225b35f40b35e2bd8fba39be8b3b6b281960b3c51646eba99890	CglqaW50IHJjID0gMDs=
893	STATEMENT	37963	38013	1	dcc8500f2686c41b153d5135f9a01ffa1b9c87995a22de75189fc2e4588b59df	CglDT01fTkFUSVZFX0VOVEVSKGVudiwgdGhhdCwgVnRibENhbGxfX0lKRF9GVU5DKTs=
894	STATEMENT	38013	38108	1	07902a947d2bd32718f0d8803bccca344e9cfebdc706674364bcb0a9f8820c6b	CglyYyA9IChqaW50KSgoamludCAoU1RETUVUSE9EQ0FMTFRZUEUgKikoamxvbmcsIGpkb3VibGUpKSgqKGpsb25nICoqKWFyZzEpW2FyZzBdKShhcmcxLCBhcmcyKTs=
895	STATEMENT	38108	38157	1	20d1bc641e9268ef6a348ad9a7c6227b1ac243cab3a5fe0a96679c35718873c5	CglDT01fTkFUSVZFX0VYSVQoZW52LCB0aGF0LCBWdGJsQ2FsbF9fSUpEX0ZVTkMpOw==
896	STATEMENT	38157	38169	1	a028c9c9501df4846ec72c7b4432d4a3cb499b36b781bb1c38853498151d0ba7	CglyZXR1cm4gcmM7
897	FRAGMENT	38169	38170	1	01ba4719c80b6fe911b091a7c05124b64eeece964e09c058ef8f9805daca546b	Cg==
898	BLOCK_CLOSE	38170	38171	0	d10b36aa74a59bcf4a88185837f658afaf3646eff2bb16c3928d0e9335e945d2	fQ==
899	PREPROCESSOR	38171	38179	0	626de321eb397f6600939892a0009f31bc378f7e886f9acc5ec0af18db6a99a7	CiNlbmRpZgo=
900	PREPROCESSOR	38179	38205	0	690e638cf04c6c8e89a1a802daa475488d8095557537cd564e8057a476782265	CiNpZm5kZWYgTk9fVnRibENhbGxfX0lKSQo=
901	FUNCTION_OPEN	38205	38317	0	bc91ad1e100eb31efcabe1d9bde4e415c37828854954260ff554e3d22975dd59	Sk5JRVhQT1JUIGppbnQgSk5JQ0FMTCBDT01fTkFUSVZFKFZ0YmxDYWxsX19JSkkpCgkoSk5JRW52ICplbnYsIGpjbGFzcyB0aGF0LCBqaW50IGFyZzAsIGpsb25nIGFyZzEsIGppbnQgYXJnMikKew==
902	STATEMENT	38317	38331	1	ab2eac128ef6225b35f40b35e2bd8fba39be8b3b6b281960b3c51646eba99890	CglqaW50IHJjID0gMDs=
903	STATEMENT	38331	38381	1	cb0106d6af391deba8daf3abc176720d181d4a0bd8a99f9cb3806367459b1e27	CglDT01fTkFUSVZFX0VOVEVSKGVudiwgdGhhdCwgVnRibENhbGxfX0lKSV9GVU5DKTs=
904	STATEMENT	38381	38473	1	000e7b14980c5718c41456f0da738382ce1b483f778488da91b7332fc3d2687c	CglyYyA9IChqaW50KSgoamludCAoU1RETUVUSE9EQ0FMTFRZUEUgKikoamxvbmcsIGppbnQpKSgqKGpsb25nICoqKWFyZzEpW2FyZzBdKShhcmcxLCBhcmcyKTs=
905	STATEMENT	38473	38522	1	f7d8ce9152dcc24f8759547ad7d72ca8bdcdeb59c2581de14768abc4c26fa920	CglDT01fTkFUSVZFX0VYSVQoZW52LCB0aGF0LCBWdGJsQ2FsbF9fSUpJX0ZVTkMpOw==
906	STATEMENT	38522	38534	1	a028c9c9501df4846ec72c7b4432d4a3cb499b36b781bb1c38853498151d0ba7	CglyZXR1cm4gcmM7
907	FRAGMENT	38534	38535	1	01ba4719c80b6fe911b091a7c05124b64eeece964e09c058ef8f9805daca546b	Cg==
908	BLOCK_CLOSE	38535	38536	0	d10b36aa74a59bcf4a88185837f658afaf3646eff2bb16c3928d0e9335e945d2	fQ==
909	PREPROCESSOR	38536	38544	0	626de321eb397f6600939892a0009f31bc378f7e886f9acc5ec0af18db6a99a7	CiNlbmRpZgo=
910	PREPROCESSOR	38544	38669	0	92c2f0a4b9ac479354877d416f6860c5d302d89fa07465bcf49f5ce9373d0536	CiNpZm5kZWYgTk9fVnRibENhbGxfX0lKSUlJTG9yZ19lY2xpcHNlX3N3dF9pbnRlcm5hbF9vbGVfd2luMzJfRElTUFBBUkFNU18ySkxvcmdfZWNsaXBzZV9zd3RfaW50ZXJuYWxfb2xlX3dpbjMyX0VYQ0VQSU5GT18ySgo=
911	FUNCTION_OPEN	38669	38954	0	8abf69e01548630094b41ad3d27271b36e8ed7a7820a29e114632a46a1936dfe	Sk5JRVhQT1JUIGppbnQgSk5JQ0FMTCBDT01fTkFUSVZFKFZ0YmxDYWxsX19JSklJSUxvcmdfZWNsaXBzZV9zd3RfaW50ZXJuYWxfb2xlX3dpbjMyX0RJU1BQQVJBTVNfMkpMb3JnX2VjbGlwc2Vfc3d0X2ludGVybmFsX29sZV93aW4zMl9FWENFUElORk9fMkopCgkoSk5JRW52ICplbnYsIGpjbGFzcyB0aGF0LCBqaW50IGFyZzAsIGpsb25nIGFyZzEsIGppbnQgYXJnMiwgamludCBhcmczLCBqaW50IGFyZzQsIGpvYmplY3QgYXJnNSwgamxvbmcgYXJnNiwgam9iamVjdCBhcmc3LCBqbG9uZyBhcmc4KQp7
912	STATEMENT	38954	38987	1	bf7a46612afb66255850e7eaa31246b02e0a6b15e5a891f2136d044e469dd36a	CglESVNQUEFSQU1TIF9hcmc1LCAqbHBhcmc1PU5VTEw7
913	STATEMENT	38987	39019	1	f2dbd55c3646890c1435f1779bd418eb51566b2fdf20612c029aa6bcd24ff419	CglFWENFUElORk8gX2FyZzcsICpscGFyZzc9TlVMTDs=
914	STATEMENT	39019	39033	1	ab2eac128ef6225b35f40b35e2bd8fba39be8b3b6b281960b3c51646eba99890	CglqaW50IHJjID0gMDs=
915	STATEMENT	39033	39182	1	abf783c9ac62823acf3d0846e8e5c0be624eb1d2f5f70136d98aa32f3a252972	CglDT01fTkFUSVZFX0VOVEVSKGVudiwgdGhhdCwgVnRibENhbGxfX0lKSUlJTG9yZ19lY2xpcHNlX3N3dF9pbnRlcm5hbF9vbGVfd2luMzJfRElTUFBBUkFNU18ySkxvcmdfZWNsaXBzZV9zd3RfaW50ZXJuYWxfb2xlX3dpbjMyX0VYQ0VQSU5GT18ySl9GVU5DKTs=
916	STATEMENT	39182	39267	1	55aabf49078a4a6dc3e0bdedcee310ed23124fe2d91cdd93f132d8aa9988ae19	CglpZiAoYXJnNSkgaWYgKChscGFyZzUgPSBnZXRESVNQUEFSQU1TRmllbGRzKGVudiwgYXJnNSwgJl9hcmc1KSkgPT0gTlVMTCkgZ290byBmYWlsOw==
917	STATEMENT	39267	39351	1	5772556b9858d00f3f6fd868884d0d5e2d2ee8e45259ddaa5303b4fdfe18f9ef	CglpZiAoYXJnNykgaWYgKChscGFyZzcgPSBnZXRFWENFUElORk9GaWVsZHMoZW52LCBhcmc3LCAmX2FyZzcpKSA9PSBOVUxMKSBnb3RvIGZhaWw7
918	STATEMENT	39351	39536	1	68530acb7b48efdf235d9b748bfdda7e9ccd42d31472c625c1364787e9d15fde	CglyYyA9IChqaW50KSgoamludCAoU1RETUVUSE9EQ0FMTFRZUEUgKikoamxvbmcsIGppbnQsIGppbnQsIGppbnQsIERJU1BQQVJBTVMgKiwgamxvbmcsIEVYQ0VQSU5GTyAqLCBqbG9uZykpKCooamxvbmcgKiopYXJnMSlbYXJnMF0pKGFyZzEsIGFyZzIsIGFyZzMsIGFyZzQsIGxwYXJnNSwgYXJnNiwgbHBhcmc3LCBhcmc4KTs=
919	STATEMENT	39536	39602	1	74131a02e83516ba9b46126a35d6eaae0b2bf5948bbbb291d7cd7231b369ddde	CmZhaWw6CglpZiAoYXJnNyAmJiBscGFyZzcpIHNldEVYQ0VQSU5GT0ZpZWxkcyhlbnYsIGFyZzcsIGxwYXJnNyk7
920	STATEMENT	39602	39663	1	1c8f130acd371d11925fbd752cb7ec6f934e8053fe00302ee2d8a1617082b1e9	CglpZiAoYXJnNSAmJiBscGFyZzUpIHNldERJU1BQQVJBTVNGaWVsZHMoZW52LCBhcmc1LCBscGFyZzUpOw==
921	STATEMENT	39663	39811	1	9bf1a3687edc2c4761fe3f29a73f1174ae8161a2c9a98e99173e8b8f1c83a02e	CglDT01fTkFUSVZFX0VYSVQoZW52LCB0aGF0LCBWdGJsQ2FsbF9fSUpJSUlMb3JnX2VjbGlwc2Vfc3d0X2ludGVybmFsX29sZV93aW4zMl9ESVNQUEFSQU1TXzJKTG9yZ19lY2xpcHNlX3N3dF9pbnRlcm5hbF9vbGVfd2luMzJfRVhDRVBJTkZPXzJKX0ZVTkMpOw==
922	STATEMENT	39811	39823	1	a028c9c9501df4846ec72c7b4432d4a3cb499b36b781bb1c38853498151d0ba7	CglyZXR1cm4gcmM7
923	FRAGMENT	39823	39824	1	01ba4719c80b6fe911b091a7c05124b64eeece964e09c058ef8f9805daca546b	Cg==
924	BLOCK_CLOSE	39824	39825	0	d10b36aa74a59bcf4a88185837f658afaf3646eff2bb16c3928d0e9335e945d2	fQ==
925	PREPROCESSOR	39825	39833	0	626de321eb397f6600939892a0009f31bc378f7e886f9acc5ec0af18db6a99a7	CiNlbmRpZgo=
926	PREPROCESSOR	39833	39899	0	1f64faf6caca1d3a5b6f177d4b3774f388a8c2ec4c9f4991c6445c5424c803fd	CiNpZm5kZWYgTk9fVnRibENhbGxfX0lKSUlKTG9yZ19lY2xpcHNlX3N3dF9pbnRlcm5hbF93aW4zMl9TSVpFXzIK
927	FUNCTION_OPEN	39899	40088	0	2f3b4220020513d116c77952b08cee12ebbb9fc1dc3be6367866978e280c21cb	Sk5JRVhQT1JUIGppbnQgSk5JQ0FMTCBDT01fTkFUSVZFKFZ0YmxDYWxsX19JSklJSkxvcmdfZWNsaXBzZV9zd3RfaW50ZXJuYWxfd2luMzJfU0laRV8yKQoJKEpOSUVudiAqZW52LCBqY2xhc3MgdGhhdCwgamludCBhcmcwLCBqbG9uZyBhcmcxLCBqaW50IGFyZzIsIGppbnQgYXJnMywgamxvbmcgYXJnNCwgam9iamVjdCBhcmc1KQp7
928	STATEMENT	40088	40115	1	04a24dc4170b329e2f88813b25b6b0e84650e3818d21b5499b5c95da1cc6cabb	CglTSVpFIF9hcmc1LCAqbHBhcmc1PU5VTEw7
929	STATEMENT	40115	40129	1	ab2eac128ef6225b35f40b35e2bd8fba39be8b3b6b281960b3c51646eba99890	CglqaW50IHJjID0gMDs=
930	STATEMENT	40129	40219	1	16f289cf2e5bde6660ac69122fddb4e94593d371f360f0eb9794643b3dea29f4	CglDT01fTkFUSVZFX0VOVEVSKGVudiwgdGhhdCwgVnRibENhbGxfX0lKSUlKTG9yZ19lY2xpcHNlX3N3dF9pbnRlcm5hbF93aW4zMl9TSVpFXzJfRlVOQyk7
931	STATEMENT	40219	40298	1	bfcc1b93b2219431f7f590154f1502c2b356a75026be9345895597a16c4a04bc	CglpZiAoYXJnNSkgaWYgKChscGFyZzUgPSBnZXRTSVpFRmllbGRzKGVudiwgYXJnNSwgJl9hcmc1KSkgPT0gTlVMTCkgZ290byBmYWlsOw==
932	STATEMENT	40298	40431	1	94c824cd7d92c79489d6c72390f31a18707a8235223c940f9ef89e592e22826a	CglyYyA9IChqaW50KSgoamludCAoU1RETUVUSE9EQ0FMTFRZUEUgKikoamxvbmcsIGppbnQsIGppbnQsIGpsb25nLCBTSVpFICopKSgqKGpsb25nICoqKWFyZzEpW2FyZzBdKShhcmcxLCBhcmcyLCBhcmczLCBhcmc0LCBscGFyZzUpOw==
933	STATEMENT	40431	40492	1	d393fc3f5da10d1a59246b263cd33dbaf68c0633fe06efcd496b6f1c6a5d994c	CmZhaWw6CglpZiAoYXJnNSAmJiBscGFyZzUpIHNldFNJWkVGaWVsZHMoZW52LCBhcmc1LCBscGFyZzUpOw==
934	STATEMENT	40492	40581	1	9d20beb9d6499553e604da7c629ec45831c04b1a0aba7c77cabec6311d0000c8	CglDT01fTkFUSVZFX0VYSVQoZW52LCB0aGF0LCBWdGJsQ2FsbF9fSUpJSUpMb3JnX2VjbGlwc2Vfc3d0X2ludGVybmFsX3dpbjMyX1NJWkVfMl9GVU5DKTs=
935	STATEMENT	40581	40593	1	a028c9c9501df4846ec72c7b4432d4a3cb499b36b781bb1c38853498151d0ba7	CglyZXR1cm4gcmM7
936	FRAGMENT	40593	40594	1	01ba4719c80b6fe911b091a7c05124b64eeece964e09c058ef8f9805daca546b	Cg==
937	BLOCK_CLOSE	40594	40595	0	d10b36aa74a59bcf4a88185837f658afaf3646eff2bb16c3928d0e9335e945d2	fQ==
938	PREPROCESSOR	40595	40603	0	626de321eb397f6600939892a0009f31bc378f7e886f9acc5ec0af18db6a99a7	CiNlbmRpZgo=
939	PREPROCESSOR	40603	40630	0	3b49e7c507c7088361018189443eedb0a0d21075b5172ab425e3e5d9581eee90	CiNpZm5kZWYgTk9fVnRibENhbGxfX0lKSUoK
940	FUNCTION_OPEN	40630	40755	0	e938d5888f2a81947bc5f2e730c9cb3036a56fc416883165432e6e3d96f97c18	Sk5JRVhQT1JUIGppbnQgSk5JQ0FMTCBDT01fTkFUSVZFKFZ0YmxDYWxsX19JSklKKQoJKEpOSUVudiAqZW52LCBqY2xhc3MgdGhhdCwgamludCBhcmcwLCBqbG9uZyBhcmcxLCBqaW50IGFyZzIsIGpsb25nIGFyZzMpCns=
941	STATEMENT	40755	40769	1	ab2eac128ef6225b35f40b35e2bd8fba39be8b3b6b281960b3c51646eba99890	CglqaW50IHJjID0gMDs=
942	STATEMENT	40769	40820	1	96f6e8bcb59c1c892d71dd766f03e7f4d026a16b2612498fecaf473f638903d0	CglDT01fTkFUSVZFX0VOVEVSKGVudiwgdGhhdCwgVnRibENhbGxfX0lKSUpfRlVOQyk7
943	STATEMENT	40820	40925	1	0a2ee387ce704dde6391465bffd468dc64b28abd9b06c7412ac48cc0c486fd01	CglyYyA9IChqaW50KSgoamludCAoU1RETUVUSE9EQ0FMTFRZUEUgKikoamxvbmcsIGppbnQsIGpsb25nKSkoKihqbG9uZyAqKilhcmcxKVthcmcwXSkoYXJnMSwgYXJnMiwgYXJnMyk7
944	STATEMENT	40925	40975	1	90978612143877bf6eb8c65342d3a177f5dc72040bf62479e2b2bf5bcd4bee1e	CglDT01fTkFUSVZFX0VYSVQoZW52LCB0aGF0LCBWdGJsQ2FsbF9fSUpJSl9GVU5DKTs=
945	STATEMENT	40975	40987	1	a028c9c9501df4846ec72c7b4432d4a3cb499b36b781bb1c38853498151d0ba7	CglyZXR1cm4gcmM7
946	FRAGMENT	40987	40988	1	01ba4719c80b6fe911b091a7c05124b64eeece964e09c058ef8f9805daca546b	Cg==
947	BLOCK_CLOSE	40988	40989	0	d10b36aa74a59bcf4a88185837f658afaf3646eff2bb16c3928d0e9335e945d2	fQ==
948	PREPROCESSOR	40989	40997	0	626de321eb397f6600939892a0009f31bc378f7e886f9acc5ec0af18db6a99a7	CiNlbmRpZgo=
949	PREPROCESSOR	40997	41028	0	aa93d7085a2469c0c82591a73c17123900150844a8b4dd36e9efb4088f120e33	CiNpZm5kZWYgTk9fVnRibENhbGxfX0lKSUpJXzNKCg==
950	FUNCTION_OPEN	41028	41185	0	2cd94f0ab2b535708e7ae165196f531f0341ce84c2969d7185165b3d851d2677	Sk5JRVhQT1JUIGppbnQgSk5JQ0FMTCBDT01fTkFUSVZFKFZ0YmxDYWxsX19JSklKSV8zSikKCShKTklFbnYgKmVudiwgamNsYXNzIHRoYXQsIGppbnQgYXJnMCwgamxvbmcgYXJnMSwgamludCBhcmcyLCBqbG9uZyBhcmczLCBqaW50IGFyZzQsIGpsb25nQXJyYXkgYXJnNSkKew==
951	STATEMENT	41185	41206	1	243799fa9d3df43e4ccd5a39a6250575ff347362a05bbd8e416081e2d16b0c6b	CglqbG9uZyAqbHBhcmc1PU5VTEw7
952	STATEMENT	41206	41220	1	ab2eac128ef6225b35f40b35e2bd8fba39be8b3b6b281960b3c51646eba99890	CglqaW50IHJjID0gMDs=
953	STATEMENT	41220	41275	1	e0a456f49da7be74fcd563dcd02772c408dcc8e653586079bf6b73b1eb519e3d	CglDT01fTkFUSVZFX0VOVEVSKGVudiwgdGhhdCwgVnRibENhbGxfX0lKSUpJXzNKX0ZVTkMpOw==
954	STATEMENT	41275	41367	1	104427ca0cd5a2e20a03898d3f1e2f9ac840a44f1cf9d2fb957c266bec3f975f	CglpZiAoYXJnNSkgaWYgKChscGFyZzUgPSAoKmVudiktPkdldExvbmdBcnJheUVsZW1lbnRzKGVudiwgYXJnNSwgTlVMTCkpID09IE5VTEwpIGdvdG8gZmFpbDs=
955	STATEMENT	41367	41501	1	260f327d4f928da244b425c89448b03938c2e82c3e08f855e508f76cd89b0534	CglyYyA9IChqaW50KSgoamludCAoU1RETUVUSE9EQ0FMTFRZUEUgKikoamxvbmcsIGppbnQsIGpsb25nLCBqaW50LCBqbG9uZyAqKSkoKihqbG9uZyAqKilhcmcxKVthcmcwXSkoYXJnMSwgYXJnMiwgYXJnMywgYXJnNCwgbHBhcmc1KTs=
956	STATEMENT	41501	41584	1	5a92dde25f40fd9df52f3577b49d871fc1717840b3c8d6cefa3af3a0c91c1b9a	CmZhaWw6CglpZiAoYXJnNSAmJiBscGFyZzUpICgqZW52KS0+UmVsZWFzZUxvbmdBcnJheUVsZW1lbnRzKGVudiwgYXJnNSwgbHBhcmc1LCAwKTs=
957	STATEMENT	41584	41638	1	a18d3e30a9443dba0feebbad23e7bf0c9e737441e20d55d19f13bc45934eb0b4	CglDT01fTkFUSVZFX0VYSVQoZW52LCB0aGF0LCBWdGJsQ2FsbF9fSUpJSklfM0pfRlVOQyk7
958	STATEMENT	41638	41650	1	a028c9c9501df4846ec72c7b4432d4a3cb499b36b781bb1c38853498151d0ba7	CglyZXR1cm4gcmM7
959	FRAGMENT	41650	41651	1	01ba4719c80b6fe911b091a7c05124b64eeece964e09c058ef8f9805daca546b	Cg==
960	BLOCK_CLOSE	41651	41652	0	d10b36aa74a59bcf4a88185837f658afaf3646eff2bb16c3928d0e9335e945d2	fQ==
961	PREPROCESSOR	41652	41660	0	626de321eb397f6600939892a0009f31bc378f7e886f9acc5ec0af18db6a99a7	CiNlbmRpZgo=
962	PREPROCESSOR	41660	41688	0	6ac102d05c71c009e30f09d70a842fc0e19f461a7a8d3c626759536e7b4a84be	CiNpZm5kZWYgTk9fVnRibENhbGxfX0lKSUpKCg==
963	FUNCTION_OPEN	41688	41826	0	4b1107fb48a5e12d7f1fa2e6c7445480d72cfee09ac44a95a2150241fed3e121	Sk5JRVhQT1JUIGppbnQgSk5JQ0FMTCBDT01fTkFUSVZFKFZ0YmxDYWxsX19JSklKSikKCShKTklFbnYgKmVudiwgamNsYXNzIHRoYXQsIGppbnQgYXJnMCwgamxvbmcgYXJnMSwgamludCBhcmcyLCBqbG9uZyBhcmczLCBqbG9uZyBhcmc0KQp7
964	STATEMENT	41826	41840	1	ab2eac128ef6225b35f40b35e2bd8fba39be8b3b6b281960b3c51646eba99890	CglqaW50IHJjID0gMDs=
965	STATEMENT	41840	41892	1	a2157bff220119f580722a702e065284f9c78f017adfeab4b2fa2be2d5276666	CglDT01fTkFUSVZFX0VOVEVSKGVudiwgdGhhdCwgVnRibENhbGxfX0lKSUpKX0ZVTkMpOw==
966	STATEMENT	41892	42010	1	b8bab89631360efc37a51417494e61517968fe9c13c5e1b68ae1cf21aa8babee	CglyYyA9IChqaW50KSgoamludCAoU1RETUVUSE9EQ0FMTFRZUEUgKikoamxvbmcsIGppbnQsIGpsb25nLCBqbG9uZykpKCooamxvbmcgKiopYXJnMSlbYXJnMF0pKGFyZzEsIGFyZzIsIGFyZzMsIGFyZzQpOw==
967	STATEMENT	42010	42061	1	6ddbf290cc7749616f3ab811925c8c9775f3413e510b5eb6311ef4c06912742b	CglDT01fTkFUSVZFX0VYSVQoZW52LCB0aGF0LCBWdGJsQ2FsbF9fSUpJSkpfRlVOQyk7
968	STATEMENT	42061	42073	1	a028c9c9501df4846ec72c7b4432d4a3cb499b36b781bb1c38853498151d0ba7	CglyZXR1cm4gcmM7
969	FRAGMENT	42073	42074	1	01ba4719c80b6fe911b091a7c05124b64eeece964e09c058ef8f9805daca546b	Cg==
970	BLOCK_CLOSE	42074	42075	0	d10b36aa74a59bcf4a88185837f658afaf3646eff2bb16c3928d0e9335e945d2	fQ==
971	PREPROCESSOR	42075	42083	0	626de321eb397f6600939892a0009f31bc378f7e886f9acc5ec0af18db6a99a7	CiNlbmRpZgo=
972	PREPROCESSOR	42083	42113	0	c58418ad34d3898930a0e30531d0ef081cb441bb7ffc8c8d7c086d17363a323b	CiNpZm5kZWYgTk9fVnRibENhbGxfX0lKSUpfM0kK
973	FUNCTION_OPEN	42113	42257	0	516901991e796750c324cb911b6ae14c91dbb120120f1a4c8ba4e2f917577da6	Sk5JRVhQT1JUIGppbnQgSk5JQ0FMTCBDT01fTkFUSVZFKFZ0YmxDYWxsX19JSklKXzNJKQoJKEpOSUVudiAqZW52LCBqY2xhc3MgdGhhdCwgamludCBhcmcwLCBqbG9uZyBhcmcxLCBqaW50IGFyZzIsIGpsb25nIGFyZzMsIGppbnRBcnJheSBhcmc0KQp7
974	STATEMENT	42257	42277	1	e6094d397f2521b1138f4852480cb23ab638132e24f6c3b14d70fdf9d050b549	CglqaW50ICpscGFyZzQ9TlVMTDs=
975	STATEMENT	42277	42291	1	ab2eac128ef6225b35f40b35e2bd8fba39be8b3b6b281960b3c51646eba99890	CglqaW50IHJjID0gMDs=
976	STATEMENT	42291	42345	1	0276747db20a43266289851042320c36b38c4b10bbe475ec27ec583355579d6c	CglDT01fTkFUSVZFX0VOVEVSKGVudiwgdGhhdCwgVnRibENhbGxfX0lKSUpfM0lfRlVOQyk7
977	STATEMENT	42345	42436	1	4ab5944c292d0708690ce8cd7c9021d230523f2178f00095ec15bc1433bc2b72	CglpZiAoYXJnNCkgaWYgKChscGFyZzQgPSAoKmVudiktPkdldEludEFycmF5RWxlbWVudHMoZW52LCBhcmc0LCBOVUxMKSkgPT0gTlVMTCkgZ290byBmYWlsOw==
978	STATEMENT	42436	42557	1	d994a1aca797f2420e051b007150cea342507b793efd50350f74438b652b86d3	CglyYyA9IChqaW50KSgoamludCAoU1RETUVUSE9EQ0FMTFRZUEUgKikoamxvbmcsIGppbnQsIGpsb25nLCBqaW50ICopKSgqKGpsb25nICoqKWFyZzEpW2FyZzBdKShhcmcxLCBhcmcyLCBhcmczLCBscGFyZzQpOw==
979	STATEMENT	42557	42639	1	17021f6f20e9685afa372f6bc44631a4b029ae648d857b1f805bcf8aeba7711e	CmZhaWw6CglpZiAoYXJnNCAmJiBscGFyZzQpICgqZW52KS0+UmVsZWFzZUludEFycmF5RWxlbWVudHMoZW52LCBhcmc0LCBscGFyZzQsIDApOw==
980	STATEMENT	42639	42692	1	76caaa1ad55d1b391b289a68821d279003efe698765702396b83e9e5cb5103aa	CglDT01fTkFUSVZFX0VYSVQoZW52LCB0aGF0LCBWdGJsQ2FsbF9fSUpJSl8zSV9GVU5DKTs=
981	STATEMENT	42692	42704	1	a028c9c9501df4846ec72c7b4432d4a3cb499b36b781bb1c38853498151d0ba7	CglyZXR1cm4gcmM7
982	FRAGMENT	42704	42705	1	01ba4719c80b6fe911b091a7c05124b64eeece964e09c058ef8f9805daca546b	Cg==
983	BLOCK_CLOSE	42705	42706	0	d10b36aa74a59bcf4a88185837f658afaf3646eff2bb16c3928d0e9335e945d2	fQ==
984	PREPROCESSOR	42706	42714	0	626de321eb397f6600939892a0009f31bc378f7e886f9acc5ec0af18db6a99a7	CiNlbmRpZgo=
985	PREPROCESSOR	42714	42782	0	328dc7f08c94b5ef1809408ac80b91fa6316654d3266c26c165ea81cdc63b4d1	CiNpZm5kZWYgTk9fVnRibENhbGxfX0lKSUxvcmdfZWNsaXBzZV9zd3RfaW50ZXJuYWxfb2xlX3dpbjMyX0dVSURfMgo=
986	FUNCTION_OPEN	42782	42950	0	f6febff94bed0f35d816bb0b4dedd19329d9f6b9bba7157fa98321498fd8e963	Sk5JRVhQT1JUIGppbnQgSk5JQ0FMTCBDT01fTkFUSVZFKFZ0YmxDYWxsX19JSklMb3JnX2VjbGlwc2Vfc3d0X2ludGVybmFsX29sZV93aW4zMl9HVUlEXzIpCgkoSk5JRW52ICplbnYsIGpjbGFzcyB0aGF0LCBqaW50IGFyZzAsIGpsb25nIGFyZzEsIGppbnQgYXJnMiwgam9iamVjdCBhcmczKQp7
987	STATEMENT	42950	42977	1	9e857266909880811ea223b35d439b8088b7290e439c4d48da4a7b681d23dfb7	CglHVUlEIF9hcmczLCAqbHBhcmczPU5VTEw7
988	STATEMENT	42977	42991	1	ab2eac128ef6225b35f40b35e2bd8fba39be8b3b6b281960b3c51646eba99890	CglqaW50IHJjID0gMDs=
989	STATEMENT	42991	43083	1	ffa440015ca59bdec80c5c51894ab8f4ee92ae6020fe7110af7d241f6dc70090	CglDT01fTkFUSVZFX0VOVEVSKGVudiwgdGhhdCwgVnRibENhbGxfX0lKSUxvcmdfZWNsaXBzZV9zd3RfaW50ZXJuYWxfb2xlX3dpbjMyX0dVSURfMl9GVU5DKTs=
990	STATEMENT	43083	43162	1	114b3fe658b6b796a863e03d9a682318efd3287cee79219c65a142687c89c362	CglpZiAoYXJnMykgaWYgKChscGFyZzMgPSBnZXRHVUlERmllbGRzKGVudiwgYXJnMywgJl9hcmczKSkgPT0gTlVMTCkgZ290byBmYWlsOw==
991	STATEMENT	43162	43270	1	cff77c6ec54fe5fa9103de44f122fd633057765e75a414170d8399d42c79eab0	CglyYyA9IChqaW50KSgoamludCAoU1RETUVUSE9EQ0FMTFRZUEUgKikoamxvbmcsIGppbnQsIEdVSUQgKikpKCooamxvbmcgKiopYXJnMSlbYXJnMF0pKGFyZzEsIGFyZzIsIGxwYXJnMyk7
992	STATEMENT	43270	43331	1	ac08b0280c7a4dc7edc6169cc575947af05874c1b1d229076c1658397bcd4405	CmZhaWw6CglpZiAoYXJnMyAmJiBscGFyZzMpIHNldEdVSURGaWVsZHMoZW52LCBhcmczLCBscGFyZzMpOw==
993	STATEMENT	43331	43422	1	9ac18d4d5f7fe1b7cbd4eacfd5cd2eba3945c441661b4f11e2c475d5a5f33346	CglDT01fTkFUSVZFX0VYSVQoZW52LCB0aGF0LCBWdGJsQ2FsbF9fSUpJTG9yZ19lY2xpcHNlX3N3dF9pbnRlcm5hbF9vbGVfd2luMzJfR1VJRF8yX0ZVTkMpOw==
994	STATEMENT	43422	43434	1	a028c9c9501df4846ec72c7b4432d4a3cb499b36b781bb1c38853498151d0ba7	CglyZXR1cm4gcmM7
995	FRAGMENT	43434	43435	1	01ba4719c80b6fe911b091a7c05124b64eeece964e09c058ef8f9805daca546b	Cg==
996	BLOCK_CLOSE	43435	43436	0	d10b36aa74a59bcf4a88185837f658afaf3646eff2bb16c3928d0e9335e945d2	fQ==
997	PREPROCESSOR	43436	43444	0	626de321eb397f6600939892a0009f31bc378f7e886f9acc5ec0af18db6a99a7	CiNlbmRpZgo=
998	PREPROCESSOR	43444	43613	0	f08085213d6c33fbfb798c45ca3105575f167896444e2b48fd7d148150f5a757	CiNpZm5kZWYgTk9fVnRibENhbGxfX0lKSUxvcmdfZWNsaXBzZV9zd3RfaW50ZXJuYWxfb2xlX3dpbjMyX0dVSURfMklJTG9yZ19lY2xpcHNlX3N3dF9pbnRlcm5hbF9vbGVfd2luMzJfRElTUFBBUkFNU18ySkxvcmdfZWNsaXBzZV9zd3RfaW50ZXJuYWxfb2xlX3dpbjMyX0VYQ0VQSU5GT18yXzNJCg==
999	FUNCTION_OPEN	43613	43960	0	7342950a14284b7921747ca7db1a8b895e99f0cc1019887ff13a01a3d4860b47	Sk5JRVhQT1JUIGppbnQgSk5JQ0FMTCBDT01fTkFUSVZFKFZ0YmxDYWxsX19JSklMb3JnX2VjbGlwc2Vfc3d0X2ludGVybmFsX29sZV93aW4zMl9HVUlEXzJJSUxvcmdfZWNsaXBzZV9zd3RfaW50ZXJuYWxfb2xlX3dpbjMyX0RJU1BQQVJBTVNfMkpMb3JnX2VjbGlwc2Vfc3d0X2ludGVybmFsX29sZV93aW4zMl9FWENFUElORk9fMl8zSSkKCShKTklFbnYgKmVudiwgamNsYXNzIHRoYXQsIGppbnQgYXJnMCwgamxvbmcgYXJnMSwgamludCBhcmcyLCBqb2JqZWN0IGFyZzMsIGppbnQgYXJnNCwgamludCBhcmc1LCBqb2JqZWN0IGFyZzYsIGpsb25nIGFyZzcsIGpvYmplY3QgYXJnOCwgamludEFycmF5IGFyZzkpCns=
1000	STATEMENT	43960	43987	1	9e857266909880811ea223b35d439b8088b7290e439c4d48da4a7b681d23dfb7	CglHVUlEIF9hcmczLCAqbHBhcmczPU5VTEw7
1001	STATEMENT	43987	44020	1	af25c917adac7992be00fc694f1a130475ac10556dc5a72ee070303b21d8d0f6	CglESVNQUEFSQU1TIF9hcmc2LCAqbHBhcmc2PU5VTEw7
1002	STATEMENT	44020	44052	1	095a69070e81e5338152aab5df4f134ba184eac64225d07e53bd94ff91c44700	CglFWENFUElORk8gX2FyZzgsICpscGFyZzg9TlVMTDs=
1003	STATEMENT	44052	44072	1	d63df296baecde5aad0ad073c2d49be437a974367b1f33c19dfd643c9ecd5952	CglqaW50ICpscGFyZzk9TlVMTDs=
1004	STATEMENT	44072	44086	1	ab2eac128ef6225b35f40b35e2bd8fba39be8b3b6b281960b3c51646eba99890	CglqaW50IHJjID0gMDs=
1005	STATEMENT	44086	44279	1	48ecda089aa603c024df44afa6473215ac0cc30a8649951389d2f30330edc4b5	CglDT01fTkFUSVZFX0VOVEVSKGVudiwgdGhhdCwgVnRibENhbGxfX0lKSUxvcmdfZWNsaXBzZV9zd3RfaW50ZXJuYWxfb2xlX3dpbjMyX0dVSURfMklJTG9yZ19lY2xpcHNlX3N3dF9pbnRlcm5hbF9vbGVfd2luMzJfRElTUFBBUkFNU18ySkxvcmdfZWNsaXBzZV9zd3RfaW50ZXJuYWxfb2xlX3dpbjMyX0VYQ0VQSU5GT18yXzNJX0ZVTkMpOw==
1006	STATEMENT	44279	44358	1	114b3fe658b6b796a863e03d9a682318efd3287cee79219c65a142687c89c362	CglpZiAoYXJnMykgaWYgKChscGFyZzMgPSBnZXRHVUlERmllbGRzKGVudiwgYXJnMywgJl9hcmczKSkgPT0gTlVMTCkgZ290byBmYWlsOw==
1007	STATEMENT	44358	44443	1	8f2fa08fc44509d5c644daaa34dd358bc6e26119136ed88da08e40b39c5903f5	CglpZiAoYXJnNikgaWYgKChscGFyZzYgPSBnZXRESVNQUEFSQU1TRmllbGRzKGVudiwgYXJnNiwgJl9hcmc2KSkgPT0gTlVMTCkgZ290byBmYWlsOw==
1008	STATEMENT	44443	44527	1	f00677656c65a0b86f2b513c8bacea66f757e9c73f990cd8f76343254d230720	CglpZiAoYXJnOCkgaWYgKChscGFyZzggPSBnZXRFWENFUElORk9GaWVsZHMoZW52LCBhcmc4LCAmX2FyZzgpKSA9PSBOVUxMKSBnb3RvIGZhaWw7
1009	STATEMENT	44527	44618	1	466841623f651f4e0b24dc9be2ebf7674ca81d71b07ff3f6b81443cdb3944d6c	CglpZiAoYXJnOSkgaWYgKChscGFyZzkgPSAoKmVudiktPkdldEludEFycmF5RWxlbWVudHMoZW52LCBhcmc5LCBOVUxMKSkgPT0gTlVMTCkgZ290byBmYWlsOw==
1010	STATEMENT	44618	44822	1	7b327cc758257f6dfb4a5130e71a0781417d59f8b3a66c46ab1c4fdc2bc5c99b	CglyYyA9IChqaW50KSgoamludCAoU1RETUVUSE9EQ0FMTFRZUEUgKikoamxvbmcsIGppbnQsIEdVSUQgKiwgamludCwgamludCwgRElTUFBBUkFNUyAqLCBqbG9uZywgRVhDRVBJTkZPICosIGppbnQgKikpKCooamxvbmcgKiopYXJnMSlbYXJnMF0pKGFyZzEsIGFyZzIsIGxwYXJnMywgYXJnNCwgYXJnNSwgbHBhcmc2LCBhcmc3LCBscGFyZzgsIGxwYXJnOSk7
1011	STATEMENT	44822	44904	1	55ef8b1738174f13a606d5f92453ca3cbab8b131e4461eb4aa5c3ef57400f786	CmZhaWw6CglpZiAoYXJnOSAmJiBscGFyZzkpICgqZW52KS0+UmVsZWFzZUludEFycmF5RWxlbWVudHMoZW52LCBhcmc5LCBscGFyZzksIDApOw==
1012	STATEMENT	44904	44964	1	2434a0e5f78497a03e988e0a7fac0c4db8b85f06ffea5a6bac25b042df3aa14f	CglpZiAoYXJnOCAmJiBscGFyZzgpIHNldEVYQ0VQSU5GT0ZpZWxkcyhlbnYsIGFyZzgsIGxwYXJnOCk7
1013	STATEMENT	44964	45025	1	5f93e8b6ddd985d1fba409d485e87548b659279dba7674d0b5d01b7cd520385f	CglpZiAoYXJnNiAmJiBscGFyZzYpIHNldERJU1BQQVJBTVNGaWVsZHMoZW52LCBhcmc2LCBscGFyZzYpOw==
1014	STATEMENT	45025	45080	1	853060674ba13653695201fbe3d38ebe41a818cf4079f36996ad920f4cd06c81	CglpZiAoYXJnMyAmJiBscGFyZzMpIHNldEdVSURGaWVsZHMoZW52LCBhcmczLCBscGFyZzMpOw==
1015	STATEMENT	45080	45272	1	02f06588cecfbc1a115c7cb57d7eae05a9070813ce8833150943e499e7eda9dc	CglDT01fTkFUSVZFX0VYSVQoZW52LCB0aGF0LCBWdGJsQ2FsbF9fSUpJTG9yZ19lY2xpcHNlX3N3dF9pbnRlcm5hbF9vbGVfd2luMzJfR1VJRF8ySUlMb3JnX2VjbGlwc2Vfc3d0X2ludGVybmFsX29sZV93aW4zMl9ESVNQUEFSQU1TXzJKTG9yZ19lY2xpcHNlX3N3dF9pbnRlcm5hbF9vbGVfd2luMzJfRVhDRVBJTkZPXzJfM0lfRlVOQyk7
1016	STATEMENT	45272	45284	1	a028c9c9501df4846ec72c7b4432d4a3cb499b36b781bb1c38853498151d0ba7	CglyZXR1cm4gcmM7
1017	FRAGMENT	45284	45285	1	01ba4719c80b6fe911b091a7c05124b64eeece964e09c058ef8f9805daca546b	Cg==
1018	BLOCK_CLOSE	45285	45286	0	d10b36aa74a59bcf4a88185837f658afaf3646eff2bb16c3928d0e9335e945d2	fQ==
1019	PREPROCESSOR	45286	45294	0	626de321eb397f6600939892a0009f31bc378f7e886f9acc5ec0af18db6a99a7	CiNlbmRpZgo=
1020	PREPROCESSOR	45294	45364	0	e377711b2d4b7ba4b6e7c1e58942eaba4fc210016669bfedea4a2a9cf03dfa62	CiNpZm5kZWYgTk9fVnRibENhbGxfX0lKSUxvcmdfZWNsaXBzZV9zd3RfaW50ZXJuYWxfb2xlX3dpbjMyX0dVSURfMkpKCg==
1021	FUNCTION_OPEN	45364	45558	0	acb9ac27f0555e73a5bfc2df9f8f48ec1ca5914ededf3900b49e7921e8774c98	Sk5JRVhQT1JUIGppbnQgSk5JQ0FMTCBDT01fTkFUSVZFKFZ0YmxDYWxsX19JSklMb3JnX2VjbGlwc2Vfc3d0X2ludGVybmFsX29sZV93aW4zMl9HVUlEXzJKSikKCShKTklFbnYgKmVudiwgamNsYXNzIHRoYXQsIGppbnQgYXJnMCwgamxvbmcgYXJnMSwgamludCBhcmcyLCBqb2JqZWN0IGFyZzMsIGpsb25nIGFyZzQsIGpsb25nIGFyZzUpCns=
1022	STATEMENT	45558	45585	1	9e857266909880811ea223b35d439b8088b7290e439c4d48da4a7b681d23dfb7	CglHVUlEIF9hcmczLCAqbHBhcmczPU5VTEw7
1023	STATEMENT	45585	45599	1	ab2eac128ef6225b35f40b35e2bd8fba39be8b3b6b281960b3c51646eba99890	CglqaW50IHJjID0gMDs=
1024	STATEMENT	45599	45693	1	4e40674c63c8ad375e49f3ed2cdb11526284515c0d5e57ebab0be29efc56167a	CglDT01fTkFUSVZFX0VOVEVSKGVudiwgdGhhdCwgVnRibENhbGxfX0lKSUxvcmdfZWNsaXBzZV9zd3RfaW50ZXJuYWxfb2xlX3dpbjMyX0dVSURfMkpKX0ZVTkMpOw==
1025	STATEMENT	45693	45772	1	114b3fe658b6b796a863e03d9a682318efd3287cee79219c65a142687c89c362	CglpZiAoYXJnMykgaWYgKChscGFyZzMgPSBnZXRHVUlERmllbGRzKGVudiwgYXJnMywgJl9hcmczKSkgPT0gTlVMTCkgZ290byBmYWlsOw==
1026	STATEMENT	45772	45906	1	df22e63489b9df9fe62258a9ba31c2fad11544664a61161aeb87dc20d29d459a	CglyYyA9IChqaW50KSgoamludCAoU1RETUVUSE9EQ0FMTFRZUEUgKikoamxvbmcsIGppbnQsIEdVSUQgKiwgamxvbmcsIGpsb25nKSkoKihqbG9uZyAqKilhcmcxKVthcmcwXSkoYXJnMSwgYXJnMiwgbHBhcmczLCBhcmc0LCBhcmc1KTs=
1027	STATEMENT	45906	45967	1	ac08b0280c7a4dc7edc6169cc575947af05874c1b1d229076c1658397bcd4405	CmZhaWw6CglpZiAoYXJnMyAmJiBscGFyZzMpIHNldEdVSURGaWVsZHMoZW52LCBhcmczLCBscGFyZzMpOw==
1028	STATEMENT	45967	46060	1	80a72157e75f5e33a9f5485c14cb4717719e6704bbd8bc9060a3c23777bfc031	CglDT01fTkFUSVZFX0VYSVQoZW52LCB0aGF0LCBWdGJsQ2FsbF9fSUpJTG9yZ19lY2xpcHNlX3N3dF9pbnRlcm5hbF9vbGVfd2luMzJfR1VJRF8ySkpfRlVOQyk7
1029	STATEMENT	46060	46072	1	a028c9c9501df4846ec72c7b4432d4a3cb499b36b781bb1c38853498151d0ba7	CglyZXR1cm4gcmM7
1030	FRAGMENT	46072	46073	1	01ba4719c80b6fe911b091a7c05124b64eeece964e09c058ef8f9805daca546b	Cg==
1031	BLOCK_CLOSE	46073	46074	0	d10b36aa74a59bcf4a88185837f658afaf3646eff2bb16c3928d0e9335e945d2	fQ==
1032	PREPROCESSOR	46074	46082	0	626de321eb397f6600939892a0009f31bc378f7e886f9acc5ec0af18db6a99a7	CiNlbmRpZgo=
1033	PREPROCESSOR	46082	46234	0	cdd5f6a1994334d93dfa1ff1bfac8fe7db6c0957198eeb585eb43c5d9123dad3	CiNpZm5kZWYgTk9fVnRibENhbGxfX0lKSUxvcmdfZWNsaXBzZV9zd3RfaW50ZXJuYWxfb2xlX3dpbjMyX0dVSURfMkxvcmdfZWNsaXBzZV9zd3RfaW50ZXJuYWxfb2xlX3dpbjMyX0dVSURfMkxvcmdfZWNsaXBzZV9zd3RfaW50ZXJuYWxfb2xlX3dpbjMyX0dVSURfMgo=
1034	FUNCTION_OPEN	46234	46514	0	9dc7b7f21242ef9e1c380765bf56ebfa566ecdfb2b9ac031deacc887ba63c442	Sk5JRVhQT1JUIGppbnQgSk5JQ0FMTCBDT01fTkFUSVZFKFZ0YmxDYWxsX19JSklMb3JnX2VjbGlwc2Vfc3d0X2ludGVybmFsX29sZV93aW4zMl9HVUlEXzJMb3JnX2VjbGlwc2Vfc3d0X2ludGVybmFsX29sZV93aW4zMl9HVUlEXzJMb3JnX2VjbGlwc2Vfc3d0X2ludGVybmFsX29sZV93aW4zMl9HVUlEXzIpCgkoSk5JRW52ICplbnYsIGpjbGFzcyB0aGF0LCBqaW50IGFyZzAsIGpsb25nIGFyZzEsIGppbnQgYXJnMiwgam9iamVjdCBhcmczLCBqb2JqZWN0IGFyZzQsIGpvYmplY3QgYXJnNSkKew==
1035	STATEMENT	46514	46541	1	9e857266909880811ea223b35d439b8088b7290e439c4d48da4a7b681d23dfb7	CglHVUlEIF9hcmczLCAqbHBhcmczPU5VTEw7
1036	STATEMENT	46541	46568	1	8b1d1b9f65fd958ee2c65e3ce2ec2d6f3d644b16dc1b9cb558bca35ac0a1c137	CglHVUlEIF9hcmc0LCAqbHBhcmc0PU5VTEw7
1037	STATEMENT	46568	46595	1	1d3295eed9e131d40d8f2d17a07d64f0374aa88fc6aad3a7fb315da8d11e27db	CglHVUlEIF9hcmc1LCAqbHBhcmc1PU5VTEw7
1038	STATEMENT	46595	46609	1	ab2eac128ef6225b35f40b35e2bd8fba39be8b3b6b281960b3c51646eba99890	CglqaW50IHJjID0gMDs=
1039	STATEMENT	46609	46785	1	aba976bbf43f7faded1b8aff8185c4df390a78e85c3fa075b8e7a3e1dccc52f7	CglDT01fTkFUSVZFX0VOVEVSKGVudiwgdGhhdCwgVnRibENhbGxfX0lKSUxvcmdfZWNsaXBzZV9zd3RfaW50ZXJuYWxfb2xlX3dpbjMyX0dVSURfMkxvcmdfZWNsaXBzZV9zd3RfaW50ZXJuYWxfb2xlX3dpbjMyX0dVSURfMkxvcmdfZWNsaXBzZV9zd3RfaW50ZXJuYWxfb2xlX3dpbjMyX0dVSURfMl9GVU5DKTs=
1040	STATEMENT	46785	46864	1	114b3fe658b6b796a863e03d9a682318efd3287cee79219c65a142687c89c362	CglpZiAoYXJnMykgaWYgKChscGFyZzMgPSBnZXRHVUlERmllbGRzKGVudiwgYXJnMywgJl9hcmczKSkgPT0gTlVMTCkgZ290byBmYWlsOw==
1041	STATEMENT	46864	46943	1	d1778872de0d2beba0098b962ed7da75a48026099f3151f5df0e7c9102ca017b	CglpZiAoYXJnNCkgaWYgKChscGFyZzQgPSBnZXRHVUlERmllbGRzKGVudiwgYXJnNCwgJl9hcmc0KSkgPT0gTlVMTCkgZ290byBmYWlsOw==
1042	STATEMENT	46943	47022	1	63863aabe25a98f4e2c6872fbd48cb230fbe34ca3e4518d7f2e7f9b39ddc506b	CglpZiAoYXJnNSkgaWYgKChscGFyZzUgPSBnZXRHVUlERmllbGRzKGVudiwgYXJnNSwgJl9hcmc1KSkgPT0gTlVMTCkgZ290byBmYWlsOw==
1043	STATEMENT	47022	47162	1	4d757886e22afd4a49150cbcac6b979716d0d3e27b1348bf6f23da0bd8c40a9f	CglyYyA9IChqaW50KSgoamludCAoU1RETUVUSE9EQ0FMTFRZUEUgKikoamxvbmcsIGppbnQsIEdVSUQgKiwgR1VJRCAqLCBHVUlEICopKSgqKGpsb25nICoqKWFyZzEpW2FyZzBdKShhcmcxLCBhcmcyLCBscGFyZzMsIGxwYXJnNCwgbHBhcmc1KTs=
1044	STATEMENT	47162	47223	1	cb641fea98cc5a065cb81c62d40d4da1ba5ce2c5c0b6b14db8a6ddd32a9c0e4e	CmZhaWw6CglpZiAoYXJnNSAmJiBscGFyZzUpIHNldEdVSURGaWVsZHMoZW52LCBhcmc1LCBscGFyZzUpOw==
1045	STATEMENT	47223	47278	1	2bbfba772ce6c1886d21f8c79cf4b2c418a723c5c16212a514683509d6addac2	CglpZiAoYXJnNCAmJiBscGFyZzQpIHNldEdVSURGaWVsZHMoZW52LCBhcmc0LCBscGFyZzQpOw==
1046	STATEMENT	47278	47333	1	853060674ba13653695201fbe3d38ebe41a818cf4079f36996ad920f4cd06c81	CglpZiAoYXJnMyAmJiBscGFyZzMpIHNldEdVSURGaWVsZHMoZW52LCBhcmczLCBscGFyZzMpOw==
1047	STATEMENT	47333	47508	1	f2caf6e2d1314e7323f7c89831866c74665ce4d46c0c4931dd7db42080a05996	CglDT01fTkFUSVZFX0VYSVQoZW52LCB0aGF0LCBWdGJsQ2FsbF9fSUpJTG9yZ19lY2xpcHNlX3N3dF9pbnRlcm5hbF9vbGVfd2luMzJfR1VJRF8yTG9yZ19lY2xpcHNlX3N3dF9pbnRlcm5hbF9vbGVfd2luMzJfR1VJRF8yTG9yZ19lY2xpcHNlX3N3dF9pbnRlcm5hbF9vbGVfd2luMzJfR1VJRF8yX0ZVTkMpOw==
1048	STATEMENT	47508	47520	1	a028c9c9501df4846ec72c7b4432d4a3cb499b36b781bb1c38853498151d0ba7	CglyZXR1cm4gcmM7
1049	FRAGMENT	47520	47521	1	01ba4719c80b6fe911b091a7c05124b64eeece964e09c058ef8f9805daca546b	Cg==
1050	BLOCK_CLOSE	47521	47522	0	d10b36aa74a59bcf4a88185837f658afaf3646eff2bb16c3928d0e9335e945d2	fQ==
1051	PREPROCESSOR	47522	47530	0	626de321eb397f6600939892a0009f31bc378f7e886f9acc5ec0af18db6a99a7	CiNlbmRpZgo=
1052	PREPROCESSOR	47530	47634	0	693c73da0eb90e2fcb0e215f88de669357ee45714be2acae9156fa8e88e57a2f	CiNpZm5kZWYgTk9fVnRibENhbGxfX0lKSUxvcmdfZWNsaXBzZV9zd3RfaW50ZXJuYWxfd2luMzJfTVNHXzJKSUpMb3JnX2VjbGlwc2Vfc3d0X2ludGVybmFsX3dpbjMyX1JFQ1RfMgo=
1053	FUNCTION_OPEN	47634	47887	0	3c8c4b89d0dbb73d04163305d86b4fe0bf588c4309d861b76c18dde9359f8cf4	Sk5JRVhQT1JUIGppbnQgSk5JQ0FMTCBDT01fTkFUSVZFKFZ0YmxDYWxsX19JSklMb3JnX2VjbGlwc2Vfc3d0X2ludGVybmFsX3dpbjMyX01TR18ySklKTG9yZ19lY2xpcHNlX3N3dF9pbnRlcm5hbF93aW4zMl9SRUNUXzIpCgkoSk5JRW52ICplbnYsIGpjbGFzcyB0aGF0LCBqaW50IGFyZzAsIGpsb25nIGFyZzEsIGppbnQgYXJnMiwgam9iamVjdCBhcmczLCBqbG9uZyBhcmc0LCBqaW50IGFyZzUsIGpsb25nIGFyZzYsIGpvYmplY3QgYXJnNykKew==
1054	STATEMENT	47887	47913	1	e426db486fa9cb26897893dc4a89bc6f8dee082179938e7f1400101d304d89be	CglNU0cgX2FyZzMsICpscGFyZzM9TlVMTDs=
1055	STATEMENT	47913	47940	1	a04281832cc8e8a20c8d06b0221f8620c56c2f96e141e422b9a2d2e2466bc5fb	CglSRUNUIF9hcmc3LCAqbHBhcmc3PU5VTEw7
1056	STATEMENT	47940	47954	1	ab2eac128ef6225b35f40b35e2bd8fba39be8b3b6b281960b3c51646eba99890	CglqaW50IHJjID0gMDs=
1057	STATEMENT	47954	48082	1	23c674c545ec1f6480a9e8abe9b1dcd9e9d50b44edc789d7cb457142e21b206a	CglDT01fTkFUSVZFX0VOVEVSKGVudiwgdGhhdCwgVnRibENhbGxfX0lKSUxvcmdfZWNsaXBzZV9zd3RfaW50ZXJuYWxfd2luMzJfTVNHXzJKSUpMb3JnX2VjbGlwc2Vfc3d0X2ludGVybmFsX3dpbjMyX1JFQ1RfMl9GVU5DKTs=
1058	STATEMENT	48082	48160	1	c657b61dc456afa342dfa40e3012d8becc14bdd0d21e70e05c535bf257afca29	CglpZiAoYXJnMykgaWYgKChscGFyZzMgPSBnZXRNU0dGaWVsZHMoZW52LCBhcmczLCAmX2FyZzMpKSA9PSBOVUxMKSBnb3RvIGZhaWw7
1059	STATEMENT	48160	48239	1	c15a3eb35cdc84480948eab744bc3c8e7d8f9c4a43f21601575939d766c9d910	CglpZiAoYXJnNykgaWYgKChscGFyZzcgPSBnZXRSRUNURmllbGRzKGVudiwgYXJnNywgJl9hcmc3KSkgPT0gTlVMTCkgZ290byBmYWlsOw==
1060	STATEMENT	48239	48400	1	d3544df0ce38f228e7f277ce9f38e087774e208a33f916e3f717114d1ac55d03	CglyYyA9IChqaW50KSgoamludCAoU1RETUVUSE9EQ0FMTFRZUEUgKikoamxvbmcsIGppbnQsIE1TRyAqLCBqbG9uZywgamludCwgamxvbmcsIFJFQ1QgKikpKCooamxvbmcgKiopYXJnMSlbYXJnMF0pKGFyZzEsIGFyZzIsIGxwYXJnMywgYXJnNCwgYXJnNSwgYXJnNiwgbHBhcmc3KTs=
1061	STATEMENT	48400	48461	1	afa7e83478c6c7d6f87af58aecdd44ffe3f26bad0f9edd701fe68222048c87a7	CmZhaWw6CglpZiAoYXJnNyAmJiBscGFyZzcpIHNldFJFQ1RGaWVsZHMoZW52LCBhcmc3LCBscGFyZzcpOw==
1062	STATEMENT	48461	48515	1	13c8ae8c8790b23842ff5563bd0eb7d912c3721ef8bf4b4567365513a9253df9	CglpZiAoYXJnMyAmJiBscGFyZzMpIHNldE1TR0ZpZWxkcyhlbnYsIGFyZzMsIGxwYXJnMyk7
1063	STATEMENT	48515	48642	1	3a918e46fc7b8fb8a3c422b0830dbb840b92545fcae7c57b7cc6afb1e84502e5	CglDT01fTkFUSVZFX0VYSVQoZW52LCB0aGF0LCBWdGJsQ2FsbF9fSUpJTG9yZ19lY2xpcHNlX3N3dF9pbnRlcm5hbF93aW4zMl9NU0dfMkpJSkxvcmdfZWNsaXBzZV9zd3RfaW50ZXJuYWxfd2luMzJfUkVDVF8yX0ZVTkMpOw==
1064	STATEMENT	48642	48654	1	a028c9c9501df4846ec72c7b4432d4a3cb499b36b781bb1c38853498151d0ba7	CglyZXR1cm4gcmM7
1065	FRAGMENT	48654	48655	1	01ba4719c80b6fe911b091a7c05124b64eeece964e09c058ef8f9805daca546b	Cg==
1066	BLOCK_CLOSE	48655	48656	0	d10b36aa74a59bcf4a88185837f658afaf3646eff2bb16c3928d0e9335e945d2	fQ==
1067	PREPROCESSOR	48656	48664	0	626de321eb397f6600939892a0009f31bc378f7e886f9acc5ec0af18db6a99a7	CiNlbmRpZgo=
1068	PREPROCESSOR	48664	48728	0	b58223da7b508f78e180c8137b1d7911dcc43ea65b8341c4cac15e570a22b67f	CiNpZm5kZWYgTk9fVnRibENhbGxfX0lKSUxvcmdfZWNsaXBzZV9zd3RfaW50ZXJuYWxfd2luMzJfU0laRV8yCg==
1069	FUNCTION_OPEN	48728	48892	0	b85fe06f911fbd09d415c2b450763248c4cf57f9efaa61a79cf56af206445c95	Sk5JRVhQT1JUIGppbnQgSk5JQ0FMTCBDT01fTkFUSVZFKFZ0YmxDYWxsX19JSklMb3JnX2VjbGlwc2Vfc3d0X2ludGVybmFsX3dpbjMyX1NJWkVfMikKCShKTklFbnYgKmVudiwgamNsYXNzIHRoYXQsIGppbnQgYXJnMCwgamxvbmcgYXJnMSwgamludCBhcmcyLCBqb2JqZWN0IGFyZzMpCns=
1070	STATEMENT	48892	48919	1	be4c8fd9a62a0c6032c94e1a14cb20e7bb1c14b534c84648f1f9be17909887cd	CglTSVpFIF9hcmczLCAqbHBhcmczPU5VTEw7
1071	STATEMENT	48919	48933	1	ab2eac128ef6225b35f40b35e2bd8fba39be8b3b6b281960b3c51646eba99890	CglqaW50IHJjID0gMDs=
1072	STATEMENT	48933	49021	1	8a6d451e9ac13b75df246f0a6b33d3eabf392c50f2c6e7f26bb79cc878d3fd4d	CglDT01fTkFUSVZFX0VOVEVSKGVudiwgdGhhdCwgVnRibENhbGxfX0lKSUxvcmdfZWNsaXBzZV9zd3RfaW50ZXJuYWxfd2luMzJfU0laRV8yX0ZVTkMpOw==
1073	STATEMENT	49021	49100	1	4b4b286074afa4c24691da0ebb71e21b24ce1e76ebfc60c925e760a5d686f90d	CglpZiAoYXJnMykgaWYgKChscGFyZzMgPSBnZXRTSVpFRmllbGRzKGVudiwgYXJnMywgJl9hcmczKSkgPT0gTlVMTCkgZ290byBmYWlsOw==
1074	STATEMENT	49100	49208	1	ca0cc6879e9b21849d46c24d58ee235bc386a797812d1d8cf14a76960577c888	CglyYyA9IChqaW50KSgoamludCAoU1RETUVUSE9EQ0FMTFRZUEUgKikoamxvbmcsIGppbnQsIFNJWkUgKikpKCooamxvbmcgKiopYXJnMSlbYXJnMF0pKGFyZzEsIGFyZzIsIGxwYXJnMyk7
1075	STATEMENT	49208	49269	1	c32149e329280be3eade1359048768b4a8c995eba5e6e8e31072ab09208563f9	CmZhaWw6CglpZiAoYXJnMyAmJiBscGFyZzMpIHNldFNJWkVGaWVsZHMoZW52LCBhcmczLCBscGFyZzMpOw==
1076	STATEMENT	49269	49356	1	b908c3fffdbbe760ebe970df84df0f65c9a7f56fdaa4dc0ba311e5d24b5d5bdf	CglDT01fTkFUSVZFX0VYSVQoZW52LCB0aGF0LCBWdGJsQ2FsbF9fSUpJTG9yZ19lY2xpcHNlX3N3dF9pbnRlcm5hbF93aW4zMl9TSVpFXzJfRlVOQyk7
1077	STATEMENT	49356	49368	1	a028c9c9501df4846ec72c7b4432d4a3cb499b36b781bb1c38853498151d0ba7	CglyZXR1cm4gcmM7
1078	FRAGMENT	49368	49369	1	01ba4719c80b6fe911b091a7c05124b64eeece964e09c058ef8f9805daca546b	Cg==
1079	BLOCK_CLOSE	49369	49370	0	d10b36aa74a59bcf4a88185837f658afaf3646eff2bb16c3928d0e9335e945d2	fQ==
1080	PREPROCESSOR	49370	49378	0	626de321eb397f6600939892a0009f31bc378f7e886f9acc5ec0af18db6a99a7	CiNlbmRpZgo=
1081	PREPROCESSOR	49378	49407	0	31145eca3566736807dd8706d4fdf167c5eb2e563e3f2fc7412455f4977ee79b	CiNpZm5kZWYgTk9fVnRibENhbGxfX0lKSV8zSQo=
1082	FUNCTION_OPEN	49407	49538	0	a5be3865eab6676465a8a60271ee550a3c38b0fd93db3a06614ed74b2df7a1cd	Sk5JRVhQT1JUIGppbnQgSk5JQ0FMTCBDT01fTkFUSVZFKFZ0YmxDYWxsX19JSklfM0kpCgkoSk5JRW52ICplbnYsIGpjbGFzcyB0aGF0LCBqaW50IGFyZzAsIGpsb25nIGFyZzEsIGppbnQgYXJnMiwgamludEFycmF5IGFyZzMpCns=
1083	STATEMENT	49538	49558	1	0f4babeb3fabdb0096eafa4397c27097595e5b24e72497515f7bc834d6e696e6	CglqaW50ICpscGFyZzM9TlVMTDs=
1084	STATEMENT	49558	49572	1	ab2eac128ef6225b35f40b35e2bd8fba39be8b3b6b281960b3c51646eba99890	CglqaW50IHJjID0gMDs=
1085	STATEMENT	49572	49625	1	7878acf9aa3c6cbcabf0bae86ca1d3c6af8a5963ef74e21d2b41872f167864af	CglDT01fTkFUSVZFX0VOVEVSKGVudiwgdGhhdCwgVnRibENhbGxfX0lKSV8zSV9GVU5DKTs=
1086	STATEMENT	49625	49716	1	7632bbb38eb7590a94c2214c3112651826b6ce953b00f0b1eb8eda5e1152fdd9	CglpZiAoYXJnMykgaWYgKChscGFyZzMgPSAoKmVudiktPkdldEludEFycmF5RWxlbWVudHMoZW52LCBhcmczLCBOVUxMKSkgPT0gTlVMTCkgZ290byBmYWlsOw==
1087	STATEMENT	49716	49824	1	01312a1464c9b240a72b1a896b5aa6331110b0ea2fe9c801f93fb74c39c8a24c	CglyYyA9IChqaW50KSgoamludCAoU1RETUVUSE9EQ0FMTFRZUEUgKikoamxvbmcsIGppbnQsIGppbnQgKikpKCooamxvbmcgKiopYXJnMSlbYXJnMF0pKGFyZzEsIGFyZzIsIGxwYXJnMyk7
1088	STATEMENT	49824	49906	1	c93876a6b6eccbaa66ebcc5b123e27f00ff3bf4551e55ebdd675082af1fdc367	CmZhaWw6CglpZiAoYXJnMyAmJiBscGFyZzMpICgqZW52KS0+UmVsZWFzZUludEFycmF5RWxlbWVudHMoZW52LCBhcmczLCBscGFyZzMsIDApOw==
1089	STATEMENT	49906	49958	1	b5cd7d24ca04dc321f7d68231fdb9c2471bfd29171266e227181241e7e8374c2	CglDT01fTkFUSVZFX0VYSVQoZW52LCB0aGF0LCBWdGJsQ2FsbF9fSUpJXzNJX0ZVTkMpOw==
1090	STATEMENT	49958	49970	1	a028c9c9501df4846ec72c7b4432d4a3cb499b36b781bb1c38853498151d0ba7	CglyZXR1cm4gcmM7
1091	FRAGMENT	49970	49971	1	01ba4719c80b6fe911b091a7c05124b64eeece964e09c058ef8f9805daca546b	Cg==
1092	BLOCK_CLOSE	49971	49972	0	d10b36aa74a59bcf4a88185837f658afaf3646eff2bb16c3928d0e9335e945d2	fQ==
1093	PREPROCESSOR	49972	49980	0	626de321eb397f6600939892a0009f31bc378f7e886f9acc5ec0af18db6a99a7	CiNlbmRpZgo=
1094	PREPROCESSOR	49980	50009	0	663f1b8848ac034d5ef98a496a3637beeace0c7965275d68363947ae0e43e69b	CiNpZm5kZWYgTk9fVnRibENhbGxfX0lKSV8zSgo=
1095	FUNCTION_OPEN	50009	50141	0	fb9797e976b4ea8eb83c316375c4429f9c1db51367f8f44ae0a629c94f3dc1a0	Sk5JRVhQT1JUIGppbnQgSk5JQ0FMTCBDT01fTkFUSVZFKFZ0YmxDYWxsX19JSklfM0opCgkoSk5JRW52ICplbnYsIGpjbGFzcyB0aGF0LCBqaW50IGFyZzAsIGpsb25nIGFyZzEsIGppbnQgYXJnMiwgamxvbmdBcnJheSBhcmczKQp7
1096	STATEMENT	50141	50162	1	8ee0624ff69df7caa4a6f36603c3326c6c26e821a3f31345176b5e3e05ab3464	CglqbG9uZyAqbHBhcmczPU5VTEw7
1097	STATEMENT	50162	50176	1	ab2eac128ef6225b35f40b35e2bd8fba39be8b3b6b281960b3c51646eba99890	CglqaW50IHJjID0gMDs=
1098	STATEMENT	50176	50229	1	9588726cafbc9e9161f6b879f3c8294d0933537b3e0ac56c8d8b12d5aeb87761	CglDT01fTkFUSVZFX0VOVEVSKGVudiwgdGhhdCwgVnRibENhbGxfX0lKSV8zSl9GVU5DKTs=
1099	STATEMENT	50229	50321	1	198070916f65a7a336d1d5c94f3a7481dc996ecc48f71f8ce36e2770b764de4c	CglpZiAoYXJnMykgaWYgKChscGFyZzMgPSAoKmVudiktPkdldExvbmdBcnJheUVsZW1lbnRzKGVudiwgYXJnMywgTlVMTCkpID09IE5VTEwpIGdvdG8gZmFpbDs=
1100	STATEMENT	50321	50430	1	0ddda224d058fe0e5ac8b68a4d93c5f338720a9f93c2136c93d4361950adb09f	CglyYyA9IChqaW50KSgoamludCAoU1RETUVUSE9EQ0FMTFRZUEUgKikoamxvbmcsIGppbnQsIGpsb25nICopKSgqKGpsb25nICoqKWFyZzEpW2FyZzBdKShhcmcxLCBhcmcyLCBscGFyZzMpOw==
1101	STATEMENT	50430	50513	1	7bef3c7fed260585b1618d0789dbd54f93bee93ea39f6164094bf40d6ec979d9	CmZhaWw6CglpZiAoYXJnMyAmJiBscGFyZzMpICgqZW52KS0+UmVsZWFzZUxvbmdBcnJheUVsZW1lbnRzKGVudiwgYXJnMywgbHBhcmczLCAwKTs=
1102	STATEMENT	50513	50565	1	0f1f3db267a4795e63f4ee22cb864b02e33b92503476fe00554c0094984220bc	CglDT01fTkFUSVZFX0VYSVQoZW52LCB0aGF0LCBWdGJsQ2FsbF9fSUpJXzNKX0ZVTkMpOw==
1103	STATEMENT	50565	50577	1	a028c9c9501df4846ec72c7b4432d4a3cb499b36b781bb1c38853498151d0ba7	CglyZXR1cm4gcmM7
1104	FRAGMENT	50577	50578	1	01ba4719c80b6fe911b091a7c05124b64eeece964e09c058ef8f9805daca546b	Cg==
1105	BLOCK_CLOSE	50578	50579	0	d10b36aa74a59bcf4a88185837f658afaf3646eff2bb16c3928d0e9335e945d2	fQ==
1106	PREPROCESSOR	50579	50587	0	626de321eb397f6600939892a0009f31bc378f7e886f9acc5ec0af18db6a99a7	CiNlbmRpZgo=
1107	PREPROCESSOR	50587	50620	0	53428937001cd3d9517a100d02f69a7ea5e3e8e70f02b233bed656dda5c3286b	CiNpZm5kZWYgTk9fVnRibENhbGxfX0lKSV8zSklfM0kK
1108	FUNCTION_OPEN	50620	50783	0	5f7b8e9d3f8db8480599f3a654d934ff850c1bfdaae276ef396b33cbfadaccab	Sk5JRVhQT1JUIGppbnQgSk5JQ0FMTCBDT01fTkFUSVZFKFZ0YmxDYWxsX19JSklfM0pJXzNJKQoJKEpOSUVudiAqZW52LCBqY2xhc3MgdGhhdCwgamludCBhcmcwLCBqbG9uZyBhcmcxLCBqaW50IGFyZzIsIGpsb25nQXJyYXkgYXJnMywgamludCBhcmc0LCBqaW50QXJyYXkgYXJnNSkKew==
1109	STATEMENT	50783	50804	1	8ee0624ff69df7caa4a6f36603c3326c6c26e821a3f31345176b5e3e05ab3464	CglqbG9uZyAqbHBhcmczPU5VTEw7
1110	STATEMENT	50804	50824	1	c36deab2017725fa7481a4988aca1cc8a184fbf159f56c94121c2107b9b0b008	CglqaW50ICpscGFyZzU9TlVMTDs=
1111	STATEMENT	50824	50838	1	ab2eac128ef6225b35f40b35e2bd8fba39be8b3b6b281960b3c51646eba99890	CglqaW50IHJjID0gMDs=
1112	STATEMENT	50838	50895	1	3bfebe7f512fb89b45b5f92192c9e3bdd78c58d60d779067c4a709c2b40c0309	CglDT01fTkFUSVZFX0VOVEVSKGVudiwgdGhhdCwgVnRibENhbGxfX0lKSV8zSklfM0lfRlVOQyk7
1113	STATEMENT	50895	50987	1	198070916f65a7a336d1d5c94f3a7481dc996ecc48f71f8ce36e2770b764de4c	CglpZiAoYXJnMykgaWYgKChscGFyZzMgPSAoKmVudiktPkdldExvbmdBcnJheUVsZW1lbnRzKGVudiwgYXJnMywgTlVMTCkpID09IE5VTEwpIGdvdG8gZmFpbDs=
1114	STATEMENT	50987	51078	1	552750cc804e78707954fff5f3878b49291a9b0efcd444b90eaa874d22b8f286	CglpZiAoYXJnNSkgaWYgKChscGFyZzUgPSAoKmVudiktPkdldEludEFycmF5RWxlbWVudHMoZW52LCBhcmc1LCBOVUxMKSkgPT0gTlVMTCkgZ290byBmYWlsOw==
1115	STATEMENT	51078	51215	1	34a5bd8164b8cbdf4fe64605d68e5d837f63aecf21a289aac3680b3d1531b949	CglyYyA9IChqaW50KSgoamludCAoU1RETUVUSE9EQ0FMTFRZUEUgKikoamxvbmcsIGppbnQsIGpsb25nICosIGppbnQsIGppbnQgKikpKCooamxvbmcgKiopYXJnMSlbYXJnMF0pKGFyZzEsIGFyZzIsIGxwYXJnMywgYXJnNCwgbHBhcmc1KTs=
1116	STATEMENT	51215	51297	1	2002e57c00c245685bc29987013eaef9ebe366ec2b10c1aa436424ae52805bef	CmZhaWw6CglpZiAoYXJnNSAmJiBscGFyZzUpICgqZW52KS0+UmVsZWFzZUludEFycmF5RWxlbWVudHMoZW52LCBhcmc1LCBscGFyZzUsIDApOw==
1117	STATEMENT	51297	51374	1	586b06d3b83b05147249f78d45a01d8731332def7cc1ac012bc15cad41a8b2e0	CglpZiAoYXJnMyAmJiBscGFyZzMpICgqZW52KS0+UmVsZWFzZUxvbmdBcnJheUVsZW1lbnRzKGVudiwgYXJnMywgbHBhcmczLCAwKTs=
1118	STATEMENT	51374	51430	1	2b12d9d7f9627548c6367881ec1d2de710ca6b570d29ce9a355abb1d427b9fe9	CglDT01fTkFUSVZFX0VYSVQoZW52LCB0aGF0LCBWdGJsQ2FsbF9fSUpJXzNKSV8zSV9GVU5DKTs=
1119	STATEMENT	51430	51442	1	a028c9c9501df4846ec72c7b4432d4a3cb499b36b781bb1c38853498151d0ba7	CglyZXR1cm4gcmM7
1120	FRAGMENT	51442	51443	1	01ba4719c80b6fe911b091a7c05124b64eeece964e09c058ef8f9805daca546b	Cg==
1121	BLOCK_CLOSE	51443	51444	0	d10b36aa74a59bcf4a88185837f658afaf3646eff2bb16c3928d0e9335e945d2	fQ==
1122	PREPROCESSOR	51444	51452	0	626de321eb397f6600939892a0009f31bc378f7e886f9acc5ec0af18db6a99a7	CiNlbmRpZgo=
1123	PREPROCESSOR	51452	51484	0	60cd889059937220bc290d9534d01057d36107c2fa84474364d7dd564085352c	CiNpZm5kZWYgTk9fVnRibENhbGxfX0lKSV8zSl8zSQo=
1124	FUNCTION_OPEN	51484	51635	0	a6956df1bf376217f1e033f1258303863dbfba4be1044859f2880167887b7701	Sk5JRVhQT1JUIGppbnQgSk5JQ0FMTCBDT01fTkFUSVZFKFZ0YmxDYWxsX19JSklfM0pfM0kpCgkoSk5JRW52ICplbnYsIGpjbGFzcyB0aGF0LCBqaW50IGFyZzAsIGpsb25nIGFyZzEsIGppbnQgYXJnMiwgamxvbmdBcnJheSBhcmczLCBqaW50QXJyYXkgYXJnNCkKew==
1125	STATEMENT	51635	51656	1	8ee0624ff69df7caa4a6f36603c3326c6c26e821a3f31345176b5e3e05ab3464	CglqbG9uZyAqbHBhcmczPU5VTEw7
1126	STATEMENT	51656	51676	1	e6094d397f2521b1138f4852480cb23ab638132e24f6c3b14d70fdf9d050b549	CglqaW50ICpscGFyZzQ9TlVMTDs=
1127	STATEMENT	51676	51690	1	ab2eac128ef6225b35f40b35e2bd8fba39be8b3b6b281960b3c51646eba99890	CglqaW50IHJjID0gMDs=
1128	STATEMENT	51690	51746	1	ea0657b989d84a5649234319cfbdd3bd26e615e49a569304d200fc390d7ec5b2	CglDT01fTkFUSVZFX0VOVEVSKGVudiwgdGhhdCwgVnRibENhbGxfX0lKSV8zSl8zSV9GVU5DKTs=
1129	STATEMENT	51746	51838	1	198070916f65a7a336d1d5c94f3a7481dc996ecc48f71f8ce36e2770b764de4c	CglpZiAoYXJnMykgaWYgKChscGFyZzMgPSAoKmVudiktPkdldExvbmdBcnJheUVsZW1lbnRzKGVudiwgYXJnMywgTlVMTCkpID09IE5VTEwpIGdvdG8gZmFpbDs=
1130	STATEMENT	51838	51929	1	4ab5944c292d0708690ce8cd7c9021d230523f2178f00095ec15bc1433bc2b72	CglpZiAoYXJnNCkgaWYgKChscGFyZzQgPSAoKmVudiktPkdldEludEFycmF5RWxlbWVudHMoZW52LCBhcmc0LCBOVUxMKSkgPT0gTlVMTCkgZ290byBmYWlsOw==
1131	STATEMENT	51929	52054	1	3081cc435bde29f06373ff81421489bad5010ad2821326b217e431de95b71405	CglyYyA9IChqaW50KSgoamludCAoU1RETUVUSE9EQ0FMTFRZUEUgKikoamxvbmcsIGppbnQsIGpsb25nICosIGppbnQgKikpKCooamxvbmcgKiopYXJnMSlbYXJnMF0pKGFyZzEsIGFyZzIsIGxwYXJnMywgbHBhcmc0KTs=
1132	STATEMENT	52054	52136	1	17021f6f20e9685afa372f6bc44631a4b029ae648d857b1f805bcf8aeba7711e	CmZhaWw6CglpZiAoYXJnNCAmJiBscGFyZzQpICgqZW52KS0+UmVsZWFzZUludEFycmF5RWxlbWVudHMoZW52LCBhcmc0LCBscGFyZzQsIDApOw==
1133	STATEMENT	52136	52213	1	586b06d3b83b05147249f78d45a01d8731332def7cc1ac012bc15cad41a8b2e0	CglpZiAoYXJnMyAmJiBscGFyZzMpICgqZW52KS0+UmVsZWFzZUxvbmdBcnJheUVsZW1lbnRzKGVudiwgYXJnMywgbHBhcmczLCAwKTs=
1134	STATEMENT	52213	52268	1	4cc1aa901796aa9e19ab645de8cf97af3e6e0de85b9038be8045f401de90c326	CglDT01fTkFUSVZFX0VYSVQoZW52LCB0aGF0LCBWdGJsQ2FsbF9fSUpJXzNKXzNJX0ZVTkMpOw==
1135	STATEMENT	52268	52280	1	a028c9c9501df4846ec72c7b4432d4a3cb499b36b781bb1c38853498151d0ba7	CglyZXR1cm4gcmM7
1136	FRAGMENT	52280	52281	1	01ba4719c80b6fe911b091a7c05124b64eeece964e09c058ef8f9805daca546b	Cg==
1137	BLOCK_CLOSE	52281	52282	0	d10b36aa74a59bcf4a88185837f658afaf3646eff2bb16c3928d0e9335e945d2	fQ==
1138	PREPROCESSOR	52282	52290	0	626de321eb397f6600939892a0009f31bc378f7e886f9acc5ec0af18db6a99a7	CiNlbmRpZgo=
1139	PREPROCESSOR	52290	52328	0	69241c6e2878ed0b16546a85404aad02298383fb9a0a930e4eb6847d0d448a2b	CiNpZm5kZWYgTk9fVnRibENhbGxfX0lKSV8zSl8zSl8zSV8zSgo=
1140	FUNCTION_OPEN	52328	52519	0	004f13fec28c2089e544c3f2b74dfa8ec5351eabf416102f819013bad9915494	Sk5JRVhQT1JUIGppbnQgSk5JQ0FMTCBDT01fTkFUSVZFKFZ0YmxDYWxsX19JSklfM0pfM0pfM0lfM0opCgkoSk5JRW52ICplbnYsIGpjbGFzcyB0aGF0LCBqaW50IGFyZzAsIGpsb25nIGFyZzEsIGppbnQgYXJnMiwgamxvbmdBcnJheSBhcmczLCBqbG9uZ0FycmF5IGFyZzQsIGppbnRBcnJheSBhcmc1LCBqbG9uZ0FycmF5IGFyZzYpCns=
1141	STATEMENT	52519	52540	1	8ee0624ff69df7caa4a6f36603c3326c6c26e821a3f31345176b5e3e05ab3464	CglqbG9uZyAqbHBhcmczPU5VTEw7
1142	STATEMENT	52540	52561	1	d5941330676a0efdcc4e14ed01bfebd7ed584a147eee22df8f09b4193a1a1f2a	CglqbG9uZyAqbHBhcmc0PU5VTEw7
1143	STATEMENT	52561	52581	1	c36deab2017725fa7481a4988aca1cc8a184fbf159f56c94121c2107b9b0b008	CglqaW50ICpscGFyZzU9TlVMTDs=
1144	STATEMENT	52581	52602	1	3edeb231b1fcaa85678ce70ef2924eadaa43c64a4b4c8605b2555a253731e5d6	CglqbG9uZyAqbHBhcmc2PU5VTEw7
1145	STATEMENT	52602	52616	1	ab2eac128ef6225b35f40b35e2bd8fba39be8b3b6b281960b3c51646eba99890	CglqaW50IHJjID0gMDs=
1146	STATEMENT	52616	52678	1	ca1bef3c3f226538596f812c9c5469b47cad53a28b0f37f0f16a9e172485b0ff	CglDT01fTkFUSVZFX0VOVEVSKGVudiwgdGhhdCwgVnRibENhbGxfX0lKSV8zSl8zSl8zSV8zSl9GVU5DKTs=
1147	STATEMENT	52678	52770	1	198070916f65a7a336d1d5c94f3a7481dc996ecc48f71f8ce36e2770b764de4c	CglpZiAoYXJnMykgaWYgKChscGFyZzMgPSAoKmVudiktPkdldExvbmdBcnJheUVsZW1lbnRzKGVudiwgYXJnMywgTlVMTCkpID09IE5VTEwpIGdvdG8gZmFpbDs=
1148	STATEMENT	52770	52862	1	b069cb587d210b697c539ab4dbb60d9994a00fbbb79f643c8129aef4a641b760	CglpZiAoYXJnNCkgaWYgKChscGFyZzQgPSAoKmVudiktPkdldExvbmdBcnJheUVsZW1lbnRzKGVudiwgYXJnNCwgTlVMTCkpID09IE5VTEwpIGdvdG8gZmFpbDs=
1149	STATEMENT	52862	52953	1	552750cc804e78707954fff5f3878b49291a9b0efcd444b90eaa874d22b8f286	CglpZiAoYXJnNSkgaWYgKChscGFyZzUgPSAoKmVudiktPkdldEludEFycmF5RWxlbWVudHMoZW52LCBhcmc1LCBOVUxMKSkgPT0gTlVMTCkgZ290byBmYWlsOw==
1150	STATEMENT	52953	53045	1	02282f8e07ea1d7a274b42a8798e326cfaa602665b69bd1184266a1e28fbc5d0	CglpZiAoYXJnNikgaWYgKChscGFyZzYgPSAoKmVudiktPkdldExvbmdBcnJheUVsZW1lbnRzKGVudiwgYXJnNiwgTlVMTCkpID09IE5VTEwpIGdvdG8gZmFpbDs=
1151	STATEMENT	53045	53204	1	1e25ae22e785bdb9e1a5e78073ffdb780bf1fd97598d686728bd310ee48a27c8	CglyYyA9IChqaW50KSgoamludCAoU1RETUVUSE9EQ0FMTFRZUEUgKikoamxvbmcsIGppbnQsIGpsb25nICosIGpsb25nICosIGppbnQgKiwgamxvbmcgKikpKCooamxvbmcgKiopYXJnMSlbYXJnMF0pKGFyZzEsIGFyZzIsIGxwYXJnMywgbHBhcmc0LCBscGFyZzUsIGxwYXJnNik7
1152	STATEMENT	53204	53287	1	49e4c654593f6b0c5451030d3a60484652b2da7e0e2d3bf3b7be6232f58d1d4d	CmZhaWw6CglpZiAoYXJnNiAmJiBscGFyZzYpICgqZW52KS0+UmVsZWFzZUxvbmdBcnJheUVsZW1lbnRzKGVudiwgYXJnNiwgbHBhcmc2LCAwKTs=
1153	STATEMENT	53287	53363	1	532e13dcbdb60b3a07680108c1b49f96d34b3ed4743391965138a5d8ab9049db	CglpZiAoYXJnNSAmJiBscGFyZzUpICgqZW52KS0+UmVsZWFzZUludEFycmF5RWxlbWVudHMoZW52LCBhcmc1LCBscGFyZzUsIDApOw==
1154	STATEMENT	53363	53440	1	f4c9fce9f756d36aed52fd5bfa494c4dbf35511e9d948ea7a5f006e936e755f3	CglpZiAoYXJnNCAmJiBscGFyZzQpICgqZW52KS0+UmVsZWFzZUxvbmdBcnJheUVsZW1lbnRzKGVudiwgYXJnNCwgbHBhcmc0LCAwKTs=
1155	STATEMENT	53440	53517	1	586b06d3b83b05147249f78d45a01d8731332def7cc1ac012bc15cad41a8b2e0	CglpZiAoYXJnMyAmJiBscGFyZzMpICgqZW52KS0+UmVsZWFzZUxvbmdBcnJheUVsZW1lbnRzKGVudiwgYXJnMywgbHBhcmczLCAwKTs=
1156	STATEMENT	53517	53578	1	eddef57f1493f82b8831bec2d9348ecc53dee9b71fedf2d629cfe68a23b11dcc	CglDT01fTkFUSVZFX0VYSVQoZW52LCB0aGF0LCBWdGJsQ2FsbF9fSUpJXzNKXzNKXzNJXzNKX0ZVTkMpOw==
1157	STATEMENT	53578	53590	1	a028c9c9501df4846ec72c7b4432d4a3cb499b36b781bb1c38853498151d0ba7	CglyZXR1cm4gcmM7
1158	FRAGMENT	53590	53591	1	01ba4719c80b6fe911b091a7c05124b64eeece964e09c058ef8f9805daca546b	Cg==
1159	BLOCK_CLOSE	53591	53592	0	d10b36aa74a59bcf4a88185837f658afaf3646eff2bb16c3928d0e9335e945d2	fQ==
1160	PREPROCESSOR	53592	53600	0	626de321eb397f6600939892a0009f31bc378f7e886f9acc5ec0af18db6a99a7	CiNlbmRpZgo=
1161	PREPROCESSOR	53600	53626	0	5a6fb63001b56619b7f849ae3794a5c2808db5e0bfc2d7227cdf0b8b8ee741cd	CiNpZm5kZWYgTk9fVnRibENhbGxfX0lKSgo=
1162	FUNCTION_OPEN	53626	53739	0	bcccc070cf3e4331368dd786884ad282742fa914d285a9611286f7a25ceb8dcb	Sk5JRVhQT1JUIGppbnQgSk5JQ0FMTCBDT01fTkFUSVZFKFZ0YmxDYWxsX19JSkopCgkoSk5JRW52ICplbnYsIGpjbGFzcyB0aGF0LCBqaW50IGFyZzAsIGpsb25nIGFyZzEsIGpsb25nIGFyZzIpCns=
1163	STATEMENT	53739	53753	1	ab2eac128ef6225b35f40b35e2bd8fba39be8b3b6b281960b3c51646eba99890	CglqaW50IHJjID0gMDs=
1164	STATEMENT	53753	53803	1	2509b2f3479c6bdcc69aa15ac10be857a0f929c93827b330e9f29cb71c1a39d9	CglDT01fTkFUSVZFX0VOVEVSKGVudiwgdGhhdCwgVnRibENhbGxfX0lKSl9GVU5DKTs=
1165	STATEMENT	53803	53896	1	ebf5181901a5e1372474f3b05d82dff6971fed3bacb7d2c925a5d8108501ad1e	CglyYyA9IChqaW50KSgoamludCAoU1RETUVUSE9EQ0FMTFRZUEUgKikoamxvbmcsIGpsb25nKSkoKihqbG9uZyAqKilhcmcxKVthcmcwXSkoYXJnMSwgYXJnMik7
1166	STATEMENT	53896	53945	1	5b416b2ab6c878e8b4401df0ad94f890fe1326b742fc755bd6b17c96f640d716	CglDT01fTkFUSVZFX0VYSVQoZW52LCB0aGF0LCBWdGJsQ2FsbF9fSUpKX0ZVTkMpOw==
1167	STATEMENT	53945	53957	1	a028c9c9501df4846ec72c7b4432d4a3cb499b36b781bb1c38853498151d0ba7	CglyZXR1cm4gcmM7
1168	FRAGMENT	53957	53958	1	01ba4719c80b6fe911b091a7c05124b64eeece964e09c058ef8f9805daca546b	Cg==
1169	BLOCK_CLOSE	53958	53959	0	d10b36aa74a59bcf4a88185837f658afaf3646eff2bb16c3928d0e9335e945d2	fQ==
1170	PREPROCESSOR	53959	53967	0	626de321eb397f6600939892a0009f31bc378f7e886f9acc5ec0af18db6a99a7	CiNlbmRpZgo=
1171	PREPROCESSOR	53967	53994	0	d2191cd30e2815806edeb88f6e318579d54d641c20aabea78ed80e988428f264	CiNpZm5kZWYgTk9fVnRibENhbGxfX0lKSkkK
1172	FUNCTION_OPEN	53994	54119	0	9cf0b4edebc82a607512e3a8f5f737d3c4c2a88189d1ca9870d8bb3e746a5610	Sk5JRVhQT1JUIGppbnQgSk5JQ0FMTCBDT01fTkFUSVZFKFZ0YmxDYWxsX19JSkpJKQoJKEpOSUVudiAqZW52LCBqY2xhc3MgdGhhdCwgamludCBhcmcwLCBqbG9uZyBhcmcxLCBqbG9uZyBhcmcyLCBqaW50IGFyZzMpCns=
1173	STATEMENT	54119	54133	1	ab2eac128ef6225b35f40b35e2bd8fba39be8b3b6b281960b3c51646eba99890	CglqaW50IHJjID0gMDs=
1174	STATEMENT	54133	54184	1	48f46c2239f308ad622d13a763ebe305e55e0b5034745326900177180b3b5a50	CglDT01fTkFUSVZFX0VOVEVSKGVudiwgdGhhdCwgVnRibENhbGxfX0lKSklfRlVOQyk7
1175	STATEMENT	54184	54289	1	41e64c58abe52ba5c80ba4b76e8dbe6ef24807571368ed2a4d05ee9c0b4c5e2a	CglyYyA9IChqaW50KSgoamludCAoU1RETUVUSE9EQ0FMTFRZUEUgKikoamxvbmcsIGpsb25nLCBqaW50KSkoKihqbG9uZyAqKilhcmcxKVthcmcwXSkoYXJnMSwgYXJnMiwgYXJnMyk7
1176	STATEMENT	54289	54339	1	eebc36f780280cea8ad5ac7bb4fcf7469db5936a80f1ae910a3ce8d262c6ae75	CglDT01fTkFUSVZFX0VYSVQoZW52LCB0aGF0LCBWdGJsQ2FsbF9fSUpKSV9GVU5DKTs=
1177	STATEMENT	54339	54351	1	a028c9c9501df4846ec72c7b4432d4a3cb499b36b781bb1c38853498151d0ba7	CglyZXR1cm4gcmM7
1178	FRAGMENT	54351	54352	1	01ba4719c80b6fe911b091a7c05124b64eeece964e09c058ef8f9805daca546b	Cg==
1179	BLOCK_CLOSE	54352	54353	0	d10b36aa74a59bcf4a88185837f658afaf3646eff2bb16c3928d0e9335e945d2	fQ==
1180	PREPROCESSOR	54353	54361	0	626de321eb397f6600939892a0009f31bc378f7e886f9acc5ec0af18db6a99a7	CiNlbmRpZgo=
1181	PREPROCESSOR	54361	54392	0	1b7279d8e226f494c67446ffb735254d1e83631274643e3a50f19d713b1615f1	CiNpZm5kZWYgTk9fVnRibENhbGxfX0lKSklJXzNKCg==
1182	FUNCTION_OPEN	54392	54549	0	76edcf774ba5c12fc6a061aabce27a3d94624d2ed84a640d346e20c62719f998	Sk5JRVhQT1JUIGppbnQgSk5JQ0FMTCBDT01fTkFUSVZFKFZ0YmxDYWxsX19JSkpJSV8zSikKCShKTklFbnYgKmVudiwgamNsYXNzIHRoYXQsIGppbnQgYXJnMCwgamxvbmcgYXJnMSwgamxvbmcgYXJnMiwgamludCBhcmczLCBqaW50IGFyZzQsIGpsb25nQXJyYXkgYXJnNSkKew==
1183	STATEMENT	54549	54570	1	243799fa9d3df43e4ccd5a39a6250575ff347362a05bbd8e416081e2d16b0c6b	CglqbG9uZyAqbHBhcmc1PU5VTEw7
1184	STATEMENT	54570	54584	1	ab2eac128ef6225b35f40b35e2bd8fba39be8b3b6b281960b3c51646eba99890	CglqaW50IHJjID0gMDs=
1185	STATEMENT	54584	54639	1	b05e0dcd68b043c4b1f037e041a570dfb514d5c8fb791081fe046ba63607f44f	CglDT01fTkFUSVZFX0VOVEVSKGVudiwgdGhhdCwgVnRibENhbGxfX0lKSklJXzNKX0ZVTkMpOw==
1186	STATEMENT	54639	54731	1	104427ca0cd5a2e20a03898d3f1e2f9ac840a44f1cf9d2fb957c266bec3f975f	CglpZiAoYXJnNSkgaWYgKChscGFyZzUgPSAoKmVudiktPkdldExvbmdBcnJheUVsZW1lbnRzKGVudiwgYXJnNSwgTlVMTCkpID09IE5VTEwpIGdvdG8gZmFpbDs=
1187	STATEMENT	54731	54865	1	87e7299425b7b335e3b6e64bde9e183da01136318c747d87a1d1e8c1ed4a2d9b	CglyYyA9IChqaW50KSgoamludCAoU1RETUVUSE9EQ0FMTFRZUEUgKikoamxvbmcsIGpsb25nLCBqaW50LCBqaW50LCBqbG9uZyAqKSkoKihqbG9uZyAqKilhcmcxKVthcmcwXSkoYXJnMSwgYXJnMiwgYXJnMywgYXJnNCwgbHBhcmc1KTs=
1188	STATEMENT	54865	54948	1	5a92dde25f40fd9df52f3577b49d871fc1717840b3c8d6cefa3af3a0c91c1b9a	CmZhaWw6CglpZiAoYXJnNSAmJiBscGFyZzUpICgqZW52KS0+UmVsZWFzZUxvbmdBcnJheUVsZW1lbnRzKGVudiwgYXJnNSwgbHBhcmc1LCAwKTs=
1189	STATEMENT	54948	55002	1	1cff2b8b32176497cb36e08ed9160e839025ebb6af56d05f65447ef5bd2967de	CglDT01fTkFUSVZFX0VYSVQoZW52LCB0aGF0LCBWdGJsQ2FsbF9fSUpKSUlfM0pfRlVOQyk7
1190	STATEMENT	55002	55014	1	a028c9c9501df4846ec72c7b4432d4a3cb499b36b781bb1c38853498151d0ba7	CglyZXR1cm4gcmM7
1191	FRAGMENT	55014	55015	1	01ba4719c80b6fe911b091a7c05124b64eeece964e09c058ef8f9805daca546b	Cg==
1192	BLOCK_CLOSE	55015	55016	0	d10b36aa74a59bcf4a88185837f658afaf3646eff2bb16c3928d0e9335e945d2	fQ==
1193	PREPROCESSOR	55016	55024	0	626de321eb397f6600939892a0009f31bc378f7e886f9acc5ec0af18db6a99a7	CiNlbmRpZgo=
1194	PREPROCESSOR	55024	55054	0	2d88670652335b4a86f461a3591f474ddd347489700c8a7482c1eccb876d356f	CiNpZm5kZWYgTk9fVnRibENhbGxfX0lKSklfM0kK
1195	FUNCTION_OPEN	55054	55198	0	2ee2497d52ae9b25deb5bf4b189efef961f0b0bc95c182382c493b283d543ed8	Sk5JRVhQT1JUIGppbnQgSk5JQ0FMTCBDT01fTkFUSVZFKFZ0YmxDYWxsX19JSkpJXzNJKQoJKEpOSUVudiAqZW52LCBqY2xhc3MgdGhhdCwgamludCBhcmcwLCBqbG9uZyBhcmcxLCBqbG9uZyBhcmcyLCBqaW50IGFyZzMsIGppbnRBcnJheSBhcmc0KQp7
1196	STATEMENT	55198	55218	1	e6094d397f2521b1138f4852480cb23ab638132e24f6c3b14d70fdf9d050b549	CglqaW50ICpscGFyZzQ9TlVMTDs=
1197	STATEMENT	55218	55232	1	ab2eac128ef6225b35f40b35e2bd8fba39be8b3b6b281960b3c51646eba99890	CglqaW50IHJjID0gMDs=
1198	STATEMENT	55232	55286	1	63be44fc3f841df97b8ea76ba4bd28ee04389ea6daec530cfd38a88dbb63ae45	CglDT01fTkFUSVZFX0VOVEVSKGVudiwgdGhhdCwgVnRibENhbGxfX0lKSklfM0lfRlVOQyk7
1199	STATEMENT	55286	55377	1	4ab5944c292d0708690ce8cd7c9021d230523f2178f00095ec15bc1433bc2b72	CglpZiAoYXJnNCkgaWYgKChscGFyZzQgPSAoKmVudiktPkdldEludEFycmF5RWxlbWVudHMoZW52LCBhcmc0LCBOVUxMKSkgPT0gTlVMTCkgZ290byBmYWlsOw==
1200	STATEMENT	55377	55498	1	b12376cb405767aecad01ef2c120e92f0926e93be3052b754948d2b9f1705976	CglyYyA9IChqaW50KSgoamludCAoU1RETUVUSE9EQ0FMTFRZUEUgKikoamxvbmcsIGpsb25nLCBqaW50LCBqaW50ICopKSgqKGpsb25nICoqKWFyZzEpW2FyZzBdKShhcmcxLCBhcmcyLCBhcmczLCBscGFyZzQpOw==
1201	STATEMENT	55498	55580	1	17021f6f20e9685afa372f6bc44631a4b029ae648d857b1f805bcf8aeba7711e	CmZhaWw6CglpZiAoYXJnNCAmJiBscGFyZzQpICgqZW52KS0+UmVsZWFzZUludEFycmF5RWxlbWVudHMoZW52LCBhcmc0LCBscGFyZzQsIDApOw==
1202	STATEMENT	55580	55633	1	3c2b17385fa9ffb8537cd01b6364b7698f1ce612fdc46b8c4ebedb33254480fc	CglDT01fTkFUSVZFX0VYSVQoZW52LCB0aGF0LCBWdGJsQ2FsbF9fSUpKSV8zSV9GVU5DKTs=
1203	STATEMENT	55633	55645	1	a028c9c9501df4846ec72c7b4432d4a3cb499b36b781bb1c38853498151d0ba7	CglyZXR1cm4gcmM7
1204	FRAGMENT	55645	55646	1	01ba4719c80b6fe911b091a7c05124b64eeece964e09c058ef8f9805daca546b	Cg==
1205	BLOCK_CLOSE	55646	55647	0	d10b36aa74a59bcf4a88185837f658afaf3646eff2bb16c3928d0e9335e945d2	fQ==
1206	PREPROCESSOR	55647	55655	0	626de321eb397f6600939892a0009f31bc378f7e886f9acc5ec0af18db6a99a7	CiNlbmRpZgo=
1207	PREPROCESSOR	55655	55685	0	a329e0afa3322684241daeddfc307ca792c29609e8e9fa968d7c6e70202f56b2	CiNpZm5kZWYgTk9fVnRibENhbGxfX0lKSklfM0oK
1208	FUNCTION_OPEN	55685	55830	0	ecc4879a7f88b7cc99bdcf7733a17e2d3df19529fe1716d4b147a29d322b9875	Sk5JRVhQT1JUIGppbnQgSk5JQ0FMTCBDT01fTkFUSVZFKFZ0YmxDYWxsX19JSkpJXzNKKQoJKEpOSUVudiAqZW52LCBqY2xhc3MgdGhhdCwgamludCBhcmcwLCBqbG9uZyBhcmcxLCBqbG9uZyBhcmcyLCBqaW50IGFyZzMsIGpsb25nQXJyYXkgYXJnNCkKew==
1209	STATEMENT	55830	55851	1	d5941330676a0efdcc4e14ed01bfebd7ed584a147eee22df8f09b4193a1a1f2a	CglqbG9uZyAqbHBhcmc0PU5VTEw7
1210	STATEMENT	55851	55865	1	ab2eac128ef6225b35f40b35e2bd8fba39be8b3b6b281960b3c51646eba99890	CglqaW50IHJjID0gMDs=
1211	STATEMENT	55865	55919	1	ea48feab80da495a7a48c55efedb0ef76bc761b6d213eda22e47b9eba102733b	CglDT01fTkFUSVZFX0VOVEVSKGVudiwgdGhhdCwgVnRibENhbGxfX0lKSklfM0pfRlVOQyk7
1212	STATEMENT	55919	56011	1	b069cb587d210b697c539ab4dbb60d9994a00fbbb79f643c8129aef4a641b760	CglpZiAoYXJnNCkgaWYgKChscGFyZzQgPSAoKmVudiktPkdldExvbmdBcnJheUVsZW1lbnRzKGVudiwgYXJnNCwgTlVMTCkpID09IE5VTEwpIGdvdG8gZmFpbDs=
1213	STATEMENT	56011	56133	1	fedfc9aacfe94d549963be8cea6355919e432a9307bbc260947b71adce01903d	CglyYyA9IChqaW50KSgoamludCAoU1RETUVUSE9EQ0FMTFRZUEUgKikoamxvbmcsIGpsb25nLCBqaW50LCBqbG9uZyAqKSkoKihqbG9uZyAqKilhcmcxKVthcmcwXSkoYXJnMSwgYXJnMiwgYXJnMywgbHBhcmc0KTs=
1214	STATEMENT	56133	56216	1	0014bfa0995db1670483f6366d1abbebb260240894655d9589b76b9988929bb2	CmZhaWw6CglpZiAoYXJnNCAmJiBscGFyZzQpICgqZW52KS0+UmVsZWFzZUxvbmdBcnJheUVsZW1lbnRzKGVudiwgYXJnNCwgbHBhcmc0LCAwKTs=
1215	STATEMENT	56216	56269	1	249ff6af92bbc82d9df9f75f196a99bba9805fb49872f695f5840e37089b3ca2	CglDT01fTkFUSVZFX0VYSVQoZW52LCB0aGF0LCBWdGJsQ2FsbF9fSUpKSV8zSl9GVU5DKTs=
1216	STATEMENT	56269	56281	1	a028c9c9501df4846ec72c7b4432d4a3cb499b36b781bb1c38853498151d0ba7	CglyZXR1cm4gcmM7
1217	FRAGMENT	56281	56282	1	01ba4719c80b6fe911b091a7c05124b64eeece964e09c058ef8f9805daca546b	Cg==
1218	BLOCK_CLOSE	56282	56283	0	d10b36aa74a59bcf4a88185837f658afaf3646eff2bb16c3928d0e9335e945d2	fQ==
1219	PREPROCESSOR	56283	56291	0	626de321eb397f6600939892a0009f31bc378f7e886f9acc5ec0af18db6a99a7	CiNlbmRpZgo=
1220	PREPROCESSOR	56291	56318	0	6da3051b3016a70c017bdc3518bbfb1209d66ed4cdca27392a042b48edc05434	CiNpZm5kZWYgTk9fVnRibENhbGxfX0lKSkoK
1221	FUNCTION_OPEN	56318	56444	0	25cc9412e68c1674e340949af7712306f40f83b704c351e6b242a61c42e81032	Sk5JRVhQT1JUIGppbnQgSk5JQ0FMTCBDT01fTkFUSVZFKFZ0YmxDYWxsX19JSkpKKQoJKEpOSUVudiAqZW52LCBqY2xhc3MgdGhhdCwgamludCBhcmcwLCBqbG9uZyBhcmcxLCBqbG9uZyBhcmcyLCBqbG9uZyBhcmczKQp7
1222	STATEMENT	56444	56458	1	ab2eac128ef6225b35f40b35e2bd8fba39be8b3b6b281960b3c51646eba99890	CglqaW50IHJjID0gMDs=
1223	STATEMENT	56458	56509	1	45d778cdd9a67d1ea82ba29c2b421e4a5c48152fc194295e7d5ed11af7955242	CglDT01fTkFUSVZFX0VOVEVSKGVudiwgdGhhdCwgVnRibENhbGxfX0lKSkpfRlVOQyk7
1224	STATEMENT	56509	56615	1	6b7c8db696387a0d078e5854ebe9301a9a5cabeab66f91484303443c0b08e2d9	CglyYyA9IChqaW50KSgoamludCAoU1RETUVUSE9EQ0FMTFRZUEUgKikoamxvbmcsIGpsb25nLCBqbG9uZykpKCooamxvbmcgKiopYXJnMSlbYXJnMF0pKGFyZzEsIGFyZzIsIGFyZzMpOw==
1225	STATEMENT	56615	56665	1	f3e54ce3250a4936a548d325cc221e03841391531ae27ad2e22260e6b71914bc	CglDT01fTkFUSVZFX0VYSVQoZW52LCB0aGF0LCBWdGJsQ2FsbF9fSUpKSl9GVU5DKTs=
1226	STATEMENT	56665	56677	1	a028c9c9501df4846ec72c7b4432d4a3cb499b36b781bb1c38853498151d0ba7	CglyZXR1cm4gcmM7
1227	FRAGMENT	56677	56678	1	01ba4719c80b6fe911b091a7c05124b64eeece964e09c058ef8f9805daca546b	Cg==
1228	BLOCK_CLOSE	56678	56679	0	d10b36aa74a59bcf4a88185837f658afaf3646eff2bb16c3928d0e9335e945d2	fQ==
1229	PREPROCESSOR	56679	56687	0	626de321eb397f6600939892a0009f31bc378f7e886f9acc5ec0af18db6a99a7	CiNlbmRpZgo=
1230	PREPROCESSOR	56687	56718	0	19373677d3c9eda86c0d008b46604990591bc05b22c5ad67747b9b9a44c1db3b	CiNpZm5kZWYgTk9fVnRibENhbGxfX0lKSkpJXzNKCg==
1231	FUNCTION_OPEN	56718	56876	0	1db9eda7216907e263d303dbdeb962b8c2c973c9dab6cb8055e9735be0fa97b6	Sk5JRVhQT1JUIGppbnQgSk5JQ0FMTCBDT01fTkFUSVZFKFZ0YmxDYWxsX19JSkpKSV8zSikKCShKTklFbnYgKmVudiwgamNsYXNzIHRoYXQsIGppbnQgYXJnMCwgamxvbmcgYXJnMSwgamxvbmcgYXJnMiwgamxvbmcgYXJnMywgamludCBhcmc0LCBqbG9uZ0FycmF5IGFyZzUpCns=
1232	STATEMENT	56876	56897	1	243799fa9d3df43e4ccd5a39a6250575ff347362a05bbd8e416081e2d16b0c6b	CglqbG9uZyAqbHBhcmc1PU5VTEw7
1233	STATEMENT	56897	56911	1	ab2eac128ef6225b35f40b35e2bd8fba39be8b3b6b281960b3c51646eba99890	CglqaW50IHJjID0gMDs=
1234	STATEMENT	56911	56966	1	3db628a773186f9c851f9bbd4db98500d290529fe978849ac9213bf5a9c9a95d	CglDT01fTkFUSVZFX0VOVEVSKGVudiwgdGhhdCwgVnRibENhbGxfX0lKSkpJXzNKX0ZVTkMpOw==
1235	STATEMENT	56966	57058	1	104427ca0cd5a2e20a03898d3f1e2f9ac840a44f1cf9d2fb957c266bec3f975f	CglpZiAoYXJnNSkgaWYgKChscGFyZzUgPSAoKmVudiktPkdldExvbmdBcnJheUVsZW1lbnRzKGVudiwgYXJnNSwgTlVMTCkpID09IE5VTEwpIGdvdG8gZmFpbDs=
1236	STATEMENT	57058	57193	1	2c06f37cde274ec49098d784422efbbd740c97aca9db1fbbc4528655626685bd	CglyYyA9IChqaW50KSgoamludCAoU1RETUVUSE9EQ0FMTFRZUEUgKikoamxvbmcsIGpsb25nLCBqbG9uZywgamludCwgamxvbmcgKikpKCooamxvbmcgKiopYXJnMSlbYXJnMF0pKGFyZzEsIGFyZzIsIGFyZzMsIGFyZzQsIGxwYXJnNSk7
1237	STATEMENT	57193	57276	1	5a92dde25f40fd9df52f3577b49d871fc1717840b3c8d6cefa3af3a0c91c1b9a	CmZhaWw6CglpZiAoYXJnNSAmJiBscGFyZzUpICgqZW52KS0+UmVsZWFzZUxvbmdBcnJheUVsZW1lbnRzKGVudiwgYXJnNSwgbHBhcmc1LCAwKTs=
1238	STATEMENT	57276	57330	1	7b29e4c909f0257f36bdf39f091757ae669f03252c05c60e4174d2ec15e1319f	CglDT01fTkFUSVZFX0VYSVQoZW52LCB0aGF0LCBWdGJsQ2FsbF9fSUpKSklfM0pfRlVOQyk7
1239	STATEMENT	57330	57342	1	a028c9c9501df4846ec72c7b4432d4a3cb499b36b781bb1c38853498151d0ba7	CglyZXR1cm4gcmM7
1240	FRAGMENT	57342	57343	1	01ba4719c80b6fe911b091a7c05124b64eeece964e09c058ef8f9805daca546b	Cg==
1241	BLOCK_CLOSE	57343	57344	0	d10b36aa74a59bcf4a88185837f658afaf3646eff2bb16c3928d0e9335e945d2	fQ==
1242	PREPROCESSOR	57344	57352	0	626de321eb397f6600939892a0009f31bc378f7e886f9acc5ec0af18db6a99a7	CiNlbmRpZgo=
1243	PREPROCESSOR	57352	57380	0	ef6a6a7fddb36468b9e38cbceca2c7146e3cb1e2f45fd20cd86092f2e77299ee	CiNpZm5kZWYgTk9fVnRibENhbGxfX0lKSkpKCg==
1244	FUNCTION_OPEN	57380	57519	0	0172376d97b04d0e276acf716c16fab172f5805f3282c5d431cae5ca394083a9	Sk5JRVhQT1JUIGppbnQgSk5JQ0FMTCBDT01fTkFUSVZFKFZ0YmxDYWxsX19JSkpKSikKCShKTklFbnYgKmVudiwgamNsYXNzIHRoYXQsIGppbnQgYXJnMCwgamxvbmcgYXJnMSwgamxvbmcgYXJnMiwgamxvbmcgYXJnMywgamxvbmcgYXJnNCkKew==
1245	STATEMENT	57519	57533	1	ab2eac128ef6225b35f40b35e2bd8fba39be8b3b6b281960b3c51646eba99890	CglqaW50IHJjID0gMDs=
1246	STATEMENT	57533	57585	1	dcf2ded2c7cdc6fd6eb06bd391359759cf9e4c8e1b19fd64f2ac148e388b8efa	CglDT01fTkFUSVZFX0VOVEVSKGVudiwgdGhhdCwgVnRibENhbGxfX0lKSkpKX0ZVTkMpOw==
1247	STATEMENT	57585	57704	1	9c0ceacca5c4fc92b1cd477cae7f48583493de47fe4597ad29df0c799edf4115	CglyYyA9IChqaW50KSgoamludCAoU1RETUVUSE9EQ0FMTFRZUEUgKikoamxvbmcsIGpsb25nLCBqbG9uZywgamxvbmcpKSgqKGpsb25nICoqKWFyZzEpW2FyZzBdKShhcmcxLCBhcmcyLCBhcmczLCBhcmc0KTs=
1248	STATEMENT	57704	57755	1	f4d8ca123e2ce35280c6d9b3cc742913c56c237c8126ac616b991c299f1c5396	CglDT01fTkFUSVZFX0VYSVQoZW52LCB0aGF0LCBWdGJsQ2FsbF9fSUpKSkpfRlVOQyk7
1249	STATEMENT	57755	57767	1	a028c9c9501df4846ec72c7b4432d4a3cb499b36b781bb1c38853498151d0ba7	CglyZXR1cm4gcmM7
1250	FRAGMENT	57767	57768	1	01ba4719c80b6fe911b091a7c05124b64eeece964e09c058ef8f9805daca546b	Cg==
1251	BLOCK_CLOSE	57768	57769	0	d10b36aa74a59bcf4a88185837f658afaf3646eff2bb16c3928d0e9335e945d2	fQ==
1252	PREPROCESSOR	57769	57777	0	626de321eb397f6600939892a0009f31bc378f7e886f9acc5ec0af18db6a99a7	CiNlbmRpZgo=
1253	PREPROCESSOR	57777	57807	0	d0f24fc1a9c6ed36c8402f26ba64709108d540c31d772141cb0ce571f8b4bb8a	CiNpZm5kZWYgTk9fVnRibENhbGxfX0lKSkpKSkoK
1254	FUNCTION_OPEN	57807	57972	0	b886e15c9a6f185110993fe9dee37300abd3d34107d8763222a5265ee2872096	Sk5JRVhQT1JUIGppbnQgSk5JQ0FMTCBDT01fTkFUSVZFKFZ0YmxDYWxsX19JSkpKSkpKKQoJKEpOSUVudiAqZW52LCBqY2xhc3MgdGhhdCwgamludCBhcmcwLCBqbG9uZyBhcmcxLCBqbG9uZyBhcmcyLCBqbG9uZyBhcmczLCBqbG9uZyBhcmc0LCBqbG9uZyBhcmc1LCBqbG9uZyBhcmc2KQp7
1255	STATEMENT	57972	57986	1	ab2eac128ef6225b35f40b35e2bd8fba39be8b3b6b281960b3c51646eba99890	CglqaW50IHJjID0gMDs=
1256	STATEMENT	57986	58040	1	6ecabed4ea2ea8f017f8804878f4a4399f2ca66610e5aa7451c7f3a3b9c14e62	CglDT01fTkFUSVZFX0VOVEVSKGVudiwgdGhhdCwgVnRibENhbGxfX0lKSkpKSkpfRlVOQyk7
1257	STATEMENT	58040	58185	1	939f55d3cd95401771c1254820b2d6791226fd1722f48f21892d9665559ef6d1	CglyYyA9IChqaW50KSgoamludCAoU1RETUVUSE9EQ0FMTFRZUEUgKikoamxvbmcsIGpsb25nLCBqbG9uZywgamxvbmcsIGpsb25nLCBqbG9uZykpKCooamxvbmcgKiopYXJnMSlbYXJnMF0pKGFyZzEsIGFyZzIsIGFyZzMsIGFyZzQsIGFyZzUsIGFyZzYpOw==
1258	STATEMENT	58185	58238	1	b49af8aaf359a66ebee42095d4431b6a1e63b170c2d3e2fce83dd04c1cc52c8c	CglDT01fTkFUSVZFX0VYSVQoZW52LCB0aGF0LCBWdGJsQ2FsbF9fSUpKSkpKSl9GVU5DKTs=
1259	STATEMENT	58238	58250	1	a028c9c9501df4846ec72c7b4432d4a3cb499b36b781bb1c38853498151d0ba7	CglyZXR1cm4gcmM7
1260	FRAGMENT	58250	58251	1	01ba4719c80b6fe911b091a7c05124b64eeece964e09c058ef8f9805daca546b	Cg==
1261	BLOCK_CLOSE	58251	58252	0	d10b36aa74a59bcf4a88185837f658afaf3646eff2bb16c3928d0e9335e945d2	fQ==
1262	PREPROCESSOR	58252	58260	0	626de321eb397f6600939892a0009f31bc378f7e886f9acc5ec0af18db6a99a7	CiNlbmRpZgo=
1263	PREPROCESSOR	58260	58333	0	b117c87fa8fc8f29c9c1d6440d819dc2a72a8bd7c3442c3477abda88a27357c2	CiNpZm5kZWYgTk9fVnRibENhbGxfX0lKSkpMb3JnX2VjbGlwc2Vfc3d0X2ludGVybmFsX29sZV93aW4zMl9HVUlEXzJKXzNKCg==
1264	FUNCTION_OPEN	58333	58548	0	800b5a9d97af178e9364de7b7de67e54f99b01345b6ae99a14a4ce5cab5ad50d	Sk5JRVhQT1JUIGppbnQgSk5JQ0FMTCBDT01fTkFUSVZFKFZ0YmxDYWxsX19JSkpKTG9yZ19lY2xpcHNlX3N3dF9pbnRlcm5hbF9vbGVfd2luMzJfR1VJRF8ySl8zSikKCShKTklFbnYgKmVudiwgamNsYXNzIHRoYXQsIGppbnQgYXJnMCwgamxvbmcgYXJnMSwgamxvbmcgYXJnMiwgamxvbmcgYXJnMywgam9iamVjdCBhcmc0LCBqbG9uZyBhcmc1LCBqbG9uZ0FycmF5IGFyZzYpCns=
1265	STATEMENT	58548	58575	1	8b1d1b9f65fd958ee2c65e3ce2ec2d6f3d644b16dc1b9cb558bca35ac0a1c137	CglHVUlEIF9hcmc0LCAqbHBhcmc0PU5VTEw7
1266	STATEMENT	58575	58596	1	3edeb231b1fcaa85678ce70ef2924eadaa43c64a4b4c8605b2555a253731e5d6	CglqbG9uZyAqbHBhcmc2PU5VTEw7
1267	STATEMENT	58596	58610	1	ab2eac128ef6225b35f40b35e2bd8fba39be8b3b6b281960b3c51646eba99890	CglqaW50IHJjID0gMDs=
1268	STATEMENT	58610	58707	1	9e64e930447bbfaa38588c654d658a44b1e8da29cee625db8d04f7ccd500b2c2	CglDT01fTkFUSVZFX0VOVEVSKGVudiwgdGhhdCwgVnRibENhbGxfX0lKSkpMb3JnX2VjbGlwc2Vfc3d0X2ludGVybmFsX29sZV93aW4zMl9HVUlEXzJKXzNKX0ZVTkMpOw==
1269	STATEMENT	58707	58786	1	d1778872de0d2beba0098b962ed7da75a48026099f3151f5df0e7c9102ca017b	CglpZiAoYXJnNCkgaWYgKChscGFyZzQgPSBnZXRHVUlERmllbGRzKGVudiwgYXJnNCwgJl9hcmc0KSkgPT0gTlVMTCkgZ290byBmYWlsOw==
1270	STATEMENT	58786	58878	1	02282f8e07ea1d7a274b42a8798e326cfaa602665b69bd1184266a1e28fbc5d0	CglpZiAoYXJnNikgaWYgKChscGFyZzYgPSAoKmVudiktPkdldExvbmdBcnJheUVsZW1lbnRzKGVudiwgYXJnNiwgTlVMTCkpID09IE5VTEwpIGdvdG8gZmFpbDs=
1271	STATEMENT	58878	59030	1	1e64cc0c923fae8c38dd96fdc2de6af643de09b5b2b4b210f07c8c5290962be8	CglyYyA9IChqaW50KSgoamludCAoU1RETUVUSE9EQ0FMTFRZUEUgKikoamxvbmcsIGpsb25nLCBqbG9uZywgR1VJRCAqLCBqbG9uZywgamxvbmcgKikpKCooamxvbmcgKiopYXJnMSlbYXJnMF0pKGFyZzEsIGFyZzIsIGFyZzMsIGxwYXJnNCwgYXJnNSwgbHBhcmc2KTs=
1272	STATEMENT	59030	59113	1	49e4c654593f6b0c5451030d3a60484652b2da7e0e2d3bf3b7be6232f58d1d4d	CmZhaWw6CglpZiAoYXJnNiAmJiBscGFyZzYpICgqZW52KS0+UmVsZWFzZUxvbmdBcnJheUVsZW1lbnRzKGVudiwgYXJnNiwgbHBhcmc2LCAwKTs=
1273	STATEMENT	59113	59168	1	2bbfba772ce6c1886d21f8c79cf4b2c418a723c5c16212a514683509d6addac2	CglpZiAoYXJnNCAmJiBscGFyZzQpIHNldEdVSURGaWVsZHMoZW52LCBhcmc0LCBscGFyZzQpOw==
1274	STATEMENT	59168	59264	1	402c62abba7e5185cfa21128d3670bc1bd0eaa7c6dbd0df6d22f3915e0589589	CglDT01fTkFUSVZFX0VYSVQoZW52LCB0aGF0LCBWdGJsQ2FsbF9fSUpKSkxvcmdfZWNsaXBzZV9zd3RfaW50ZXJuYWxfb2xlX3dpbjMyX0dVSURfMkpfM0pfRlVOQyk7
1275	STATEMENT	59264	59276	1	a028c9c9501df4846ec72c7b4432d4a3cb499b36b781bb1c38853498151d0ba7	CglyZXR1cm4gcmM7
1276	FRAGMENT	59276	59277	1	01ba4719c80b6fe911b091a7c05124b64eeece964e09c058ef8f9805daca546b	Cg==
1277	BLOCK_CLOSE	59277	59278	0	d10b36aa74a59bcf4a88185837f658afaf3646eff2bb16c3928d0e9335e945d2	fQ==
1278	PREPROCESSOR	59278	59286	0	626de321eb397f6600939892a0009f31bc378f7e886f9acc5ec0af18db6a99a7	CiNlbmRpZgo=
1279	PREPROCESSOR	59286	59353	0	cfd77c0c6ec6977749582bce9dd22d659e4bfc902a0f429c85c4966bcf6e0a58	CiNpZm5kZWYgTk9fVnRibENhbGxfX0lKSkpMb3JnX2VjbGlwc2Vfc3d0X2ludGVybmFsX3dpbjMyX1BPSU5UXzJJCg==
1280	FUNCTION_OPEN	59353	59544	0	2cbe50636f9b7fc136294f11e24e83fe3a00a8c585401103cdcde79168b7993e	Sk5JRVhQT1JUIGppbnQgSk5JQ0FMTCBDT01fTkFUSVZFKFZ0YmxDYWxsX19JSkpKTG9yZ19lY2xpcHNlX3N3dF9pbnRlcm5hbF93aW4zMl9QT0lOVF8ySSkKCShKTklFbnYgKmVudiwgamNsYXNzIHRoYXQsIGppbnQgYXJnMCwgamxvbmcgYXJnMSwgamxvbmcgYXJnMiwgamxvbmcgYXJnMywgam9iamVjdCBhcmc0LCBqaW50IGFyZzUpCns=
1281	STATEMENT	59544	59572	1	12f6ab93e0129589929813f275eaca657e6d1464cb58c089fc7e31860d3eed8a	CglQT0lOVCBfYXJnNCwgKmxwYXJnND1OVUxMOw==
1282	STATEMENT	59572	59586	1	ab2eac128ef6225b35f40b35e2bd8fba39be8b3b6b281960b3c51646eba99890	CglqaW50IHJjID0gMDs=
1283	STATEMENT	59586	59677	1	11e368c83c5eb2e1b4b146ca1323b5b05a63bcc0dc1ad0a90cd5f34e6e5f70d1	CglDT01fTkFUSVZFX0VOVEVSKGVudiwgdGhhdCwgVnRibENhbGxfX0lKSkpMb3JnX2VjbGlwc2Vfc3d0X2ludGVybmFsX3dpbjMyX1BPSU5UXzJJX0ZVTkMpOw==
1284	STATEMENT	59677	59757	1	66d043e152f52ff2b13a55d13f685a62274c1c97019d2862ea9048cf736f9723	CglpZiAoYXJnNCkgaWYgKChscGFyZzQgPSBnZXRQT0lOVEZpZWxkcyhlbnYsIGFyZzQsICZfYXJnNCkpID09IE5VTEwpIGdvdG8gZmFpbDs=
1285	STATEMENT	59757	59892	1	0feaa47c2a1d005199a8bd806f3d9e6e0780a51f3c1374ca843a5e1ab3b97bdc	CglyYyA9IChqaW50KSgoamludCAoU1RETUVUSE9EQ0FMTFRZUEUgKikoamxvbmcsIGpsb25nLCBqbG9uZywgUE9JTlQgKiwgamludCkpKCooamxvbmcgKiopYXJnMSlbYXJnMF0pKGFyZzEsIGFyZzIsIGFyZzMsIGxwYXJnNCwgYXJnNSk7
1286	STATEMENT	59892	59954	1	f0b1ae2cb666ad2f8b537e4c362caa259ceebed4bfbb91c0dd37a3e802efa7e0	CmZhaWw6CglpZiAoYXJnNCAmJiBscGFyZzQpIHNldFBPSU5URmllbGRzKGVudiwgYXJnNCwgbHBhcmc0KTs=
1287	STATEMENT	59954	60044	1	4202ce88fe0ce3b36436b0f4f0ad349e67162478f15b557bd639567ff394c042	CglDT01fTkFUSVZFX0VYSVQoZW52LCB0aGF0LCBWdGJsQ2FsbF9fSUpKSkxvcmdfZWNsaXBzZV9zd3RfaW50ZXJuYWxfd2luMzJfUE9JTlRfMklfRlVOQyk7
1288	STATEMENT	60044	60056	1	a028c9c9501df4846ec72c7b4432d4a3cb499b36b781bb1c38853498151d0ba7	CglyZXR1cm4gcmM7
1289	FRAGMENT	60056	60057	1	01ba4719c80b6fe911b091a7c05124b64eeece964e09c058ef8f9805daca546b	Cg==
1290	BLOCK_CLOSE	60057	60058	0	d10b36aa74a59bcf4a88185837f658afaf3646eff2bb16c3928d0e9335e945d2	fQ==
1291	PREPROCESSOR	60058	60066	0	626de321eb397f6600939892a0009f31bc378f7e886f9acc5ec0af18db6a99a7	CiNlbmRpZgo=
1292	PREPROCESSOR	60066	60096	0	c2e8c87cb70b00505456ecf99f17b30562a17dd52acf1091a81631ba66b4f136	CiNpZm5kZWYgTk9fVnRibENhbGxfX0lKSkpfM0oK
1293	FUNCTION_OPEN	60096	60242	0	70828c257e62da846880f9173cb24bc0ec009188986863329da6fd058a1f583e	Sk5JRVhQT1JUIGppbnQgSk5JQ0FMTCBDT01fTkFUSVZFKFZ0YmxDYWxsX19JSkpKXzNKKQoJKEpOSUVudiAqZW52LCBqY2xhc3MgdGhhdCwgamludCBhcmcwLCBqbG9uZyBhcmcxLCBqbG9uZyBhcmcyLCBqbG9uZyBhcmczLCBqbG9uZ0FycmF5IGFyZzQpCns=
1294	STATEMENT	60242	60263	1	d5941330676a0efdcc4e14ed01bfebd7ed584a147eee22df8f09b4193a1a1f2a	CglqbG9uZyAqbHBhcmc0PU5VTEw7
1295	STATEMENT	60263	60277	1	ab2eac128ef6225b35f40b35e2bd8fba39be8b3b6b281960b3c51646eba99890	CglqaW50IHJjID0gMDs=
1296	STATEMENT	60277	60331	1	477aebb56a75bbdc54a5339c50e08a924507385d5220885d1280098ea58affd2	CglDT01fTkFUSVZFX0VOVEVSKGVudiwgdGhhdCwgVnRibENhbGxfX0lKSkpfM0pfRlVOQyk7
1297	STATEMENT	60331	60423	1	b069cb587d210b697c539ab4dbb60d9994a00fbbb79f643c8129aef4a641b760	CglpZiAoYXJnNCkgaWYgKChscGFyZzQgPSAoKmVudiktPkdldExvbmdBcnJheUVsZW1lbnRzKGVudiwgYXJnNCwgTlVMTCkpID09IE5VTEwpIGdvdG8gZmFpbDs=
1298	STATEMENT	60423	60546	1	042d2906a1099814f6e65244894d20a27696fe3bc8a7c5b2b6502db384046c17	CglyYyA9IChqaW50KSgoamludCAoU1RETUVUSE9EQ0FMTFRZUEUgKikoamxvbmcsIGpsb25nLCBqbG9uZywgamxvbmcgKikpKCooamxvbmcgKiopYXJnMSlbYXJnMF0pKGFyZzEsIGFyZzIsIGFyZzMsIGxwYXJnNCk7
1299	STATEMENT	60546	60629	1	0014bfa0995db1670483f6366d1abbebb260240894655d9589b76b9988929bb2	CmZhaWw6CglpZiAoYXJnNCAmJiBscGFyZzQpICgqZW52KS0+UmVsZWFzZUxvbmdBcnJheUVsZW1lbnRzKGVudiwgYXJnNCwgbHBhcmc0LCAwKTs=
1300	STATEMENT	60629	60682	1	8998444548c2a732da8078e3ad7f298ab7e44ecba8f356887966a845c6b9337a	CglDT01fTkFUSVZFX0VYSVQoZW52LCB0aGF0LCBWdGJsQ2FsbF9fSUpKSl8zSl9GVU5DKTs=
1301	STATEMENT	60682	60694	1	a028c9c9501df4846ec72c7b4432d4a3cb499b36b781bb1c38853498151d0ba7	CglyZXR1cm4gcmM7
1302	FRAGMENT	60694	60695	1	01ba4719c80b6fe911b091a7c05124b64eeece964e09c058ef8f9805daca546b	Cg==
1303	BLOCK_CLOSE	60695	60696	0	d10b36aa74a59bcf4a88185837f658afaf3646eff2bb16c3928d0e9335e945d2	fQ==
1304	PREPROCESSOR	60696	60704	0	626de321eb397f6600939892a0009f31bc378f7e886f9acc5ec0af18db6a99a7	CiNlbmRpZgo=
1305	PREPROCESSOR	60704	60770	0	95bd7e73a5ef27ae4b18648c3f85bafa57078067a1deaf69644bca22b34540a5	CiNpZm5kZWYgTk9fVnRibENhbGxfX0lKSkxvcmdfZWNsaXBzZV9zd3RfaW50ZXJuYWxfd2luMzJfUE9JTlRfMkoK
1306	FUNCTION_OPEN	60770	60949	0	45e32187550ed5e76714545657dc5cd06d283b9aeb5e4774a7a2ef548fd4b5c2	Sk5JRVhQT1JUIGppbnQgSk5JQ0FMTCBDT01fTkFUSVZFKFZ0YmxDYWxsX19JSkpMb3JnX2VjbGlwc2Vfc3d0X2ludGVybmFsX3dpbjMyX1BPSU5UXzJKKQoJKEpOSUVudiAqZW52LCBqY2xhc3MgdGhhdCwgamludCBhcmcwLCBqbG9uZyBhcmcxLCBqbG9uZyBhcmcyLCBqb2JqZWN0IGFyZzMsIGpsb25nIGFyZzQpCns=
1307	STATEMENT	60949	60977	1	dbcb066aef58a593b789ff244730037e2c870c9a4a5e75258e594561ff0511d0	CglQT0lOVCBfYXJnMywgKmxwYXJnMz1OVUxMOw==
1308	STATEMENT	60977	60991	1	ab2eac128ef6225b35f40b35e2bd8fba39be8b3b6b281960b3c51646eba99890	CglqaW50IHJjID0gMDs=
1309	STATEMENT	60991	61081	1	51c9161c68dc68b4ed2638ab1c076f9050b2fad35775f3273465c077f40bc10c	CglDT01fTkFUSVZFX0VOVEVSKGVudiwgdGhhdCwgVnRibENhbGxfX0lKSkxvcmdfZWNsaXBzZV9zd3RfaW50ZXJuYWxfd2luMzJfUE9JTlRfMkpfRlVOQyk7
1310	STATEMENT	61081	61161	1	53c9b0099ca81022713684f07f20d0eac7e330e3d80e5f58e78d88633e331676	CglpZiAoYXJnMykgaWYgKChscGFyZzMgPSBnZXRQT0lOVEZpZWxkcyhlbnYsIGFyZzMsICZfYXJnMykpID09IE5VTEwpIGdvdG8gZmFpbDs=
1311	STATEMENT	61161	61284	1	e8547768dc702cf53cb61a1aaba5dc2b2dccbdcc06d617e4c886ccc7c78eba20	CglyYyA9IChqaW50KSgoamludCAoU1RETUVUSE9EQ0FMTFRZUEUgKikoamxvbmcsIGpsb25nLCBQT0lOVCAqLCBqbG9uZykpKCooamxvbmcgKiopYXJnMSlbYXJnMF0pKGFyZzEsIGFyZzIsIGxwYXJnMywgYXJnNCk7
1312	STATEMENT	61284	61346	1	be930ff406fe9dea9b915f5dc88797c733e0a7a65157b43a169d26de6eceffc0	CmZhaWw6CglpZiAoYXJnMyAmJiBscGFyZzMpIHNldFBPSU5URmllbGRzKGVudiwgYXJnMywgbHBhcmczKTs=
1313	STATEMENT	61346	61435	1	2a8104c0cd6c517b8a1bd181039a4777b5605f0de657a51832e12988b6ee8740	CglDT01fTkFUSVZFX0VYSVQoZW52LCB0aGF0LCBWdGJsQ2FsbF9fSUpKTG9yZ19lY2xpcHNlX3N3dF9pbnRlcm5hbF93aW4zMl9QT0lOVF8ySl9GVU5DKTs=
1314	STATEMENT	61435	61447	1	a028c9c9501df4846ec72c7b4432d4a3cb499b36b781bb1c38853498151d0ba7	CglyZXR1cm4gcmM7
1315	FRAGMENT	61447	61448	1	01ba4719c80b6fe911b091a7c05124b64eeece964e09c058ef8f9805daca546b	Cg==
1316	BLOCK_CLOSE	61448	61449	0	d10b36aa74a59bcf4a88185837f658afaf3646eff2bb16c3928d0e9335e945d2	fQ==
1317	PREPROCESSOR	61449	61457	0	626de321eb397f6600939892a0009f31bc378f7e886f9acc5ec0af18db6a99a7	CiNlbmRpZgo=
1318	PREPROCESSOR	61457	61486	0	30893633ece1604ea82f1deb5499877ca01e98c8fafc5a41b4f8536d5c4bbf82	CiNpZm5kZWYgTk9fVnRibENhbGxfX0lKSl8zSQo=
1319	FUNCTION_OPEN	61486	61618	0	c07cebb20fe6f088aa9ccb210e87a3b408c5d0482b9a0dff855531afbe284f3b	Sk5JRVhQT1JUIGppbnQgSk5JQ0FMTCBDT01fTkFUSVZFKFZ0YmxDYWxsX19JSkpfM0kpCgkoSk5JRW52ICplbnYsIGpjbGFzcyB0aGF0LCBqaW50IGFyZzAsIGpsb25nIGFyZzEsIGpsb25nIGFyZzIsIGppbnRBcnJheSBhcmczKQp7
1320	STATEMENT	61618	61638	1	0f4babeb3fabdb0096eafa4397c27097595e5b24e72497515f7bc834d6e696e6	CglqaW50ICpscGFyZzM9TlVMTDs=
1321	STATEMENT	61638	61652	1	ab2eac128ef6225b35f40b35e2bd8fba39be8b3b6b281960b3c51646eba99890	CglqaW50IHJjID0gMDs=
1322	STATEMENT	61652	61705	1	12ab1adae01e8e85222882c4fad1d49ff13185dd5d2d2fdb9629ab2eecad787d	CglDT01fTkFUSVZFX0VOVEVSKGVudiwgdGhhdCwgVnRibENhbGxfX0lKSl8zSV9GVU5DKTs=
1323	STATEMENT	61705	61796	1	7632bbb38eb7590a94c2214c3112651826b6ce953b00f0b1eb8eda5e1152fdd9	CglpZiAoYXJnMykgaWYgKChscGFyZzMgPSAoKmVudiktPkdldEludEFycmF5RWxlbWVudHMoZW52LCBhcmczLCBOVUxMKSkgPT0gTlVMTCkgZ290byBmYWlsOw==
1324	STATEMENT	61796	61905	1	361fb9f3e62b9f6ae591725177ac195cd29b60a5f0ee6bb76b6f28fbef8764d5	CglyYyA9IChqaW50KSgoamludCAoU1RETUVUSE9EQ0FMTFRZUEUgKikoamxvbmcsIGpsb25nLCBqaW50ICopKSgqKGpsb25nICoqKWFyZzEpW2FyZzBdKShhcmcxLCBhcmcyLCBscGFyZzMpOw==
1325	STATEMENT	61905	61987	1	c93876a6b6eccbaa66ebcc5b123e27f00ff3bf4551e55ebdd675082af1fdc367	CmZhaWw6CglpZiAoYXJnMyAmJiBscGFyZzMpICgqZW52KS0+UmVsZWFzZUludEFycmF5RWxlbWVudHMoZW52LCBhcmczLCBscGFyZzMsIDApOw==
1326	STATEMENT	61987	62039	1	fda31a05496bd6d20dfc3323513f15673ba6c8a6c64b62465d6a2584f983e087	CglDT01fTkFUSVZFX0VYSVQoZW52LCB0aGF0LCBWdGJsQ2FsbF9fSUpKXzNJX0ZVTkMpOw==
1327	STATEMENT	62039	62051	1	a028c9c9501df4846ec72c7b4432d4a3cb499b36b781bb1c38853498151d0ba7	CglyZXR1cm4gcmM7
1328	FRAGMENT	62051	62052	1	01ba4719c80b6fe911b091a7c05124b64eeece964e09c058ef8f9805daca546b	Cg==
1329	BLOCK_CLOSE	62052	62053	0	d10b36aa74a59bcf4a88185837f658afaf3646eff2bb16c3928d0e9335e945d2	fQ==
1330	PREPROCESSOR	62053	62061	0	626de321eb397f6600939892a0009f31bc378f7e886f9acc5ec0af18db6a99a7	CiNlbmRpZgo=
1331	PREPROCESSOR	62061	62090	0	aeb93596705e4c9135633da955ce8bbc82def88c34a16322782ec94a7a604359	CiNpZm5kZWYgTk9fVnRibENhbGxfX0lKSl8zSgo=
1332	FUNCTION_OPEN	62090	62223	0	6fc9eadd629a9083424f4b0adedacac3ac611b7cb57c7150ad19b9e18e24ef5d	Sk5JRVhQT1JUIGppbnQgSk5JQ0FMTCBDT01fTkFUSVZFKFZ0YmxDYWxsX19JSkpfM0opCgkoSk5JRW52ICplbnYsIGpjbGFzcyB0aGF0LCBqaW50IGFyZzAsIGpsb25nIGFyZzEsIGpsb25nIGFyZzIsIGpsb25nQXJyYXkgYXJnMykKew==
1333	STATEMENT	62223	62244	1	8ee0624ff69df7caa4a6f36603c3326c6c26e821a3f31345176b5e3e05ab3464	CglqbG9uZyAqbHBhcmczPU5VTEw7
1334	STATEMENT	62244	62258	1	ab2eac128ef6225b35f40b35e2bd8fba39be8b3b6b281960b3c51646eba99890	CglqaW50IHJjID0gMDs=
1335	STATEMENT	62258	62311	1	7114b48f841f98d2e734fa4b250423261c71c2a675df6e3bccaa602238437bd8	CglDT01fTkFUSVZFX0VOVEVSKGVudiwgdGhhdCwgVnRibENhbGxfX0lKSl8zSl9GVU5DKTs=
1336	STATEMENT	62311	62403	1	198070916f65a7a336d1d5c94f3a7481dc996ecc48f71f8ce36e2770b764de4c	CglpZiAoYXJnMykgaWYgKChscGFyZzMgPSAoKmVudiktPkdldExvbmdBcnJheUVsZW1lbnRzKGVudiwgYXJnMywgTlVMTCkpID09IE5VTEwpIGdvdG8gZmFpbDs=
1337	STATEMENT	62403	62513	1	2acbd5a1b77fe295843e3f77d931fb70f1c85739bf0995dd3888b5ed0cbe2495	CglyYyA9IChqaW50KSgoamludCAoU1RETUVUSE9EQ0FMTFRZUEUgKikoamxvbmcsIGpsb25nLCBqbG9uZyAqKSkoKihqbG9uZyAqKilhcmcxKVthcmcwXSkoYXJnMSwgYXJnMiwgbHBhcmczKTs=
1338	STATEMENT	62513	62596	1	7bef3c7fed260585b1618d0789dbd54f93bee93ea39f6164094bf40d6ec979d9	CmZhaWw6CglpZiAoYXJnMyAmJiBscGFyZzMpICgqZW52KS0+UmVsZWFzZUxvbmdBcnJheUVsZW1lbnRzKGVudiwgYXJnMywgbHBhcmczLCAwKTs=
1339	STATEMENT	62596	62648	1	57ff67327bb934e3fac2e934149997af406f205ae30ce81b47b80be8b4603513	CglDT01fTkFUSVZFX0VYSVQoZW52LCB0aGF0LCBWdGJsQ2FsbF9fSUpKXzNKX0ZVTkMpOw==
1340	STATEMENT	62648	62660	1	a028c9c9501df4846ec72c7b4432d4a3cb499b36b781bb1c38853498151d0ba7	CglyZXR1cm4gcmM7
1341	FRAGMENT	62660	62661	1	01ba4719c80b6fe911b091a7c05124b64eeece964e09c058ef8f9805daca546b	Cg==
1342	BLOCK_CLOSE	62661	62662	0	d10b36aa74a59bcf4a88185837f658afaf3646eff2bb16c3928d0e9335e945d2	fQ==
1343	PREPROCESSOR	62662	62670	0	626de321eb397f6600939892a0009f31bc378f7e886f9acc5ec0af18db6a99a7	CiNlbmRpZgo=
1344	PREPROCESSOR	62670	62739	0	99ebcaca288ed66cb42313d5baecd6b7e252549bcebfdd926178bfd2f6f6b2ed	CiNpZm5kZWYgTk9fVnRibENhbGxfX0lKTG9yZ19lY2xpcHNlX3N3dF9pbnRlcm5hbF9vbGVfd2luMzJfQ0FVVUlEXzIK
1345	FUNCTION_OPEN	62739	62897	0	4789ae50c647ff9f080a69b459ce775ca9da5b95211d6953698af6180c05a172	Sk5JRVhQT1JUIGppbnQgSk5JQ0FMTCBDT01fTkFUSVZFKFZ0YmxDYWxsX19JSkxvcmdfZWNsaXBzZV9zd3RfaW50ZXJuYWxfb2xlX3dpbjMyX0NBVVVJRF8yKQoJKEpOSUVudiAqZW52LCBqY2xhc3MgdGhhdCwgamludCBhcmcwLCBqbG9uZyBhcmcxLCBqb2JqZWN0IGFyZzIpCns=
1346	STATEMENT	62897	62926	1	08d61c189d5cb083735382d72b945ca09949ea75a9014d473ac7a9e824e920ff	CglDQVVVSUQgX2FyZzIsICpscGFyZzI9TlVMTDs=
1347	STATEMENT	62926	62940	1	ab2eac128ef6225b35f40b35e2bd8fba39be8b3b6b281960b3c51646eba99890	CglqaW50IHJjID0gMDs=
1348	STATEMENT	62940	63033	1	9f06de9d33d76b956835b5bf895db6f086435cb9d481666c965ef129a5b37fc4	CglDT01fTkFUSVZFX0VOVEVSKGVudiwgdGhhdCwgVnRibENhbGxfX0lKTG9yZ19lY2xpcHNlX3N3dF9pbnRlcm5hbF9vbGVfd2luMzJfQ0FVVUlEXzJfRlVOQyk7
1349	STATEMENT	63033	63114	1	97a691db84fb5be2e919fac43d7cdbf581b4ea3a376f015428cb8b8d01328567	CglpZiAoYXJnMikgaWYgKChscGFyZzIgPSBnZXRDQVVVSURGaWVsZHMoZW52LCBhcmcyLCAmX2FyZzIpKSA9PSBOVUxMKSBnb3RvIGZhaWw7
1350	STATEMENT	63114	63212	1	f9253919a8b0106f906f9a969257f46e2b9f5ee2c09981a18156e756cc5a6239	CglyYyA9IChqaW50KSgoamludCAoU1RETUVUSE9EQ0FMTFRZUEUgKikoamxvbmcsIENBVVVJRCAqKSkoKihqbG9uZyAqKilhcmcxKVthcmcwXSkoYXJnMSwgbHBhcmcyKTs=
1351	STATEMENT	63212	63275	1	42f135dbddaa9c087b7b682da5a286baf27b451ab2856513d8acb2a3c6a286af	CmZhaWw6CglpZiAoYXJnMiAmJiBscGFyZzIpIHNldENBVVVJREZpZWxkcyhlbnYsIGFyZzIsIGxwYXJnMik7
1352	STATEMENT	63275	63367	1	226cc4f634d67032a848d4f78541998c5bd84181cb11250037e7775f4129904f	CglDT01fTkFUSVZFX0VYSVQoZW52LCB0aGF0LCBWdGJsQ2FsbF9fSUpMb3JnX2VjbGlwc2Vfc3d0X2ludGVybmFsX29sZV93aW4zMl9DQVVVSURfMl9GVU5DKTs=
1353	STATEMENT	63367	63379	1	a028c9c9501df4846ec72c7b4432d4a3cb499b36b781bb1c38853498151d0ba7	CglyZXR1cm4gcmM7
1354	FRAGMENT	63379	63380	1	01ba4719c80b6fe911b091a7c05124b64eeece964e09c058ef8f9805daca546b	Cg==
1355	BLOCK_CLOSE	63380	63381	0	d10b36aa74a59bcf4a88185837f658afaf3646eff2bb16c3928d0e9335e945d2	fQ==
1356	PREPROCESSOR	63381	63389	0	626de321eb397f6600939892a0009f31bc378f7e886f9acc5ec0af18db6a99a7	CiNlbmRpZgo=
1357	PREPROCESSOR	63389	63463	0	d6601eed472d9955e937b50750c66aceadaf02ff47b3758c531c9733fb5aac0e	CiNpZm5kZWYgTk9fVnRibENhbGxfX0lKTG9yZ19lY2xpcHNlX3N3dF9pbnRlcm5hbF9vbGVfd2luMzJfQ09OVFJPTElORk9fMgo=
1358	FUNCTION_OPEN	63463	63626	0	bffa9c26f82c572f8628eab961f37e719ca74b25cd3bcdcfa79485a4d2d8e167	Sk5JRVhQT1JUIGppbnQgSk5JQ0FMTCBDT01fTkFUSVZFKFZ0YmxDYWxsX19JSkxvcmdfZWNsaXBzZV9zd3RfaW50ZXJuYWxfb2xlX3dpbjMyX0NPTlRST0xJTkZPXzIpCgkoSk5JRW52ICplbnYsIGpjbGFzcyB0aGF0LCBqaW50IGFyZzAsIGpsb25nIGFyZzEsIGpvYmplY3QgYXJnMikKew==
1359	STATEMENT	63626	63660	1	33a2d60c5ab5f4c52e89532b9aec4bb8bd03b08df8e24a7c9192dd6f14ae522e	CglDT05UUk9MSU5GTyBfYXJnMiwgKmxwYXJnMj1OVUxMOw==
1360	STATEMENT	63660	63674	1	ab2eac128ef6225b35f40b35e2bd8fba39be8b3b6b281960b3c51646eba99890	CglqaW50IHJjID0gMDs=
1361	STATEMENT	63674	63772	1	7e7dc6dfd401697d80ed4e70ced0b59594350859393dbd4f44058a6cfb449173	CglDT01fTkFUSVZFX0VOVEVSKGVudiwgdGhhdCwgVnRibENhbGxfX0lKTG9yZ19lY2xpcHNlX3N3dF9pbnRlcm5hbF9vbGVfd2luMzJfQ09OVFJPTElORk9fMl9GVU5DKTs=
1362	STATEMENT	63772	63858	1	4c2362ce3832ccfd8c9f92ba5ea1510d02b833658078773167a8b5169ba8ea2c	CglpZiAoYXJnMikgaWYgKChscGFyZzIgPSBnZXRDT05UUk9MSU5GT0ZpZWxkcyhlbnYsIGFyZzIsICZfYXJnMikpID09IE5VTEwpIGdvdG8gZmFpbDs=
1363	STATEMENT	63858	63961	1	18694a9b47f5eeb174709d7f129b4fca1718f9084a7c554e654912b6d9333860	CglyYyA9IChqaW50KSgoamludCAoU1RETUVUSE9EQ0FMTFRZUEUgKikoamxvbmcsIENPTlRST0xJTkZPICopKSgqKGpsb25nICoqKWFyZzEpW2FyZzBdKShhcmcxLCBscGFyZzIpOw==
1364	STATEMENT	63961	64029	1	f7cfc69f0a9aa927feea84adb3f4499d39fa65d8c22587a84ab631194ea4ea38	CmZhaWw6CglpZiAoYXJnMiAmJiBscGFyZzIpIHNldENPTlRST0xJTkZPRmllbGRzKGVudiwgYXJnMiwgbHBhcmcyKTs=
1365	STATEMENT	64029	64126	1	ef82be8a24831c9a805f14ff2b946a4eeb27f10675eae585f1cd04fbd4e51c12	CglDT01fTkFUSVZFX0VYSVQoZW52LCB0aGF0LCBWdGJsQ2FsbF9fSUpMb3JnX2VjbGlwc2Vfc3d0X2ludGVybmFsX29sZV93aW4zMl9DT05UUk9MSU5GT18yX0ZVTkMpOw==
1366	STATEMENT	64126	64138	1	a028c9c9501df4846ec72c7b4432d4a3cb499b36b781bb1c38853498151d0ba7	CglyZXR1cm4gcmM7
1367	FRAGMENT	64138	64139	1	01ba4719c80b6fe911b091a7c05124b64eeece964e09c058ef8f9805daca546b	Cg==
1368	BLOCK_CLOSE	64139	64140	0	d10b36aa74a59bcf4a88185837f658afaf3646eff2bb16c3928d0e9335e945d2	fQ==
1369	PREPROCESSOR	64140	64148	0	626de321eb397f6600939892a0009f31bc378f7e886f9acc5ec0af18db6a99a7	CiNlbmRpZgo=
1370	PREPROCESSOR	64148	64220	0	1349debadc315e93ddb512909dc614a00ce682309d6c27007bc4458e9bb39bab	CiNpZm5kZWYgTk9fVnRibENhbGxfX0lKTG9yZ19lY2xpcHNlX3N3dF9pbnRlcm5hbF9vbGVfd2luMzJfRk9STUFURVRDXzIK
1371	FUNCTION_OPEN	64220	64381	0	7a0a8dbf5d1b286b005b68c5e4d7694eac05932ecfc9fd27ab145a3e0cb97f10	Sk5JRVhQT1JUIGppbnQgSk5JQ0FMTCBDT01fTkFUSVZFKFZ0YmxDYWxsX19JSkxvcmdfZWNsaXBzZV9zd3RfaW50ZXJuYWxfb2xlX3dpbjMyX0ZPUk1BVEVUQ18yKQoJKEpOSUVudiAqZW52LCBqY2xhc3MgdGhhdCwgamludCBhcmcwLCBqbG9uZyBhcmcxLCBqb2JqZWN0IGFyZzIpCns=
1372	STATEMENT	64381	64413	1	dbe66edd7358933bb7bcc7d3053955231cb0969595d5a02fa9b393099cc61d6e	CglGT1JNQVRFVEMgX2FyZzIsICpscGFyZzI9TlVMTDs=
1373	STATEMENT	64413	64427	1	ab2eac128ef6225b35f40b35e2bd8fba39be8b3b6b281960b3c51646eba99890	CglqaW50IHJjID0gMDs=
1374	STATEMENT	64427	64523	1	481a49f5a7b48803bc755ffaac34e6ad3aa526e8b61c3b6c4d118dbfad37e15b	CglDT01fTkFUSVZFX0VOVEVSKGVudiwgdGhhdCwgVnRibENhbGxfX0lKTG9yZ19lY2xpcHNlX3N3dF9pbnRlcm5hbF9vbGVfd2luMzJfRk9STUFURVRDXzJfRlVOQyk7
1375	STATEMENT	64523	64607	1	7c0f7cf629552e41b4c568d4f38bbf98f092d67c46d4a924eefc8e5d0690ca46	CglpZiAoYXJnMikgaWYgKChscGFyZzIgPSBnZXRGT1JNQVRFVENGaWVsZHMoZW52LCBhcmcyLCAmX2FyZzIpKSA9PSBOVUxMKSBnb3RvIGZhaWw7
1376	STATEMENT	64607	64708	1	158572cfd08db85c14d5d5042f9073cf30cdefd3b355ee5336d7265c9898eae3	CglyYyA9IChqaW50KSgoamludCAoU1RETUVUSE9EQ0FMTFRZUEUgKikoamxvbmcsIEZPUk1BVEVUQyAqKSkoKihqbG9uZyAqKilhcmcxKVthcmcwXSkoYXJnMSwgbHBhcmcyKTs=
1377	STATEMENT	64708	64774	1	ba3f9e68934b7b381c84a9bcd70c4c586aac3d5f94e960c84a269ec09ec31e41	CmZhaWw6CglpZiAoYXJnMiAmJiBscGFyZzIpIHNldEZPUk1BVEVUQ0ZpZWxkcyhlbnYsIGFyZzIsIGxwYXJnMik7
1378	STATEMENT	64774	64869	1	b436ccdb15ca314e96ad78687f1819ca2916d014ce3dbbb9b0c3b7fcec7be99d	CglDT01fTkFUSVZFX0VYSVQoZW52LCB0aGF0LCBWdGJsQ2FsbF9fSUpMb3JnX2VjbGlwc2Vfc3d0X2ludGVybmFsX29sZV93aW4zMl9GT1JNQVRFVENfMl9GVU5DKTs=
1379	STATEMENT	64869	64881	1	a028c9c9501df4846ec72c7b4432d4a3cb499b36b781bb1c38853498151d0ba7	CglyZXR1cm4gcmM7
1380	FRAGMENT	64881	64882	1	01ba4719c80b6fe911b091a7c05124b64eeece964e09c058ef8f9805daca546b	Cg==
1381	BLOCK_CLOSE	64882	64883	0	d10b36aa74a59bcf4a88185837f658afaf3646eff2bb16c3928d0e9335e945d2	fQ==
1382	PREPROCESSOR	64883	64891	0	626de321eb397f6600939892a0009f31bc378f7e886f9acc5ec0af18db6a99a7	CiNlbmRpZgo=
1383	PREPROCESSOR	64891	65010	0	4feb7da8f5b5bd1b4777e27ca9fec8f8c6003d9467259e22263ac2574adc1e33	CiNpZm5kZWYgTk9fVnRibENhbGxfX0lKTG9yZ19lY2xpcHNlX3N3dF9pbnRlcm5hbF9vbGVfd2luMzJfRk9STUFURVRDXzJMb3JnX2VjbGlwc2Vfc3d0X2ludGVybmFsX29sZV93aW4zMl9TVEdNRURJVU1fMgo=
1384	FUNCTION_OPEN	65010	65232	0	59a343c47827dca09cfba37acbc4818684edae6abf4aaf237427c52878e63d24	Sk5JRVhQT1JUIGppbnQgSk5JQ0FMTCBDT01fTkFUSVZFKFZ0YmxDYWxsX19JSkxvcmdfZWNsaXBzZV9zd3RfaW50ZXJuYWxfb2xlX3dpbjMyX0ZPUk1BVEVUQ18yTG9yZ19lY2xpcHNlX3N3dF9pbnRlcm5hbF9vbGVfd2luMzJfU1RHTUVESVVNXzIpCgkoSk5JRW52ICplbnYsIGpjbGFzcyB0aGF0LCBqaW50IGFyZzAsIGpsb25nIGFyZzEsIGpvYmplY3QgYXJnMiwgam9iamVjdCBhcmczKQp7
1385	STATEMENT	65232	65264	1	dbe66edd7358933bb7bcc7d3053955231cb0969595d5a02fa9b393099cc61d6e	CglGT1JNQVRFVEMgX2FyZzIsICpscGFyZzI9TlVMTDs=
1386	STATEMENT	65264	65296	1	876292b7892d02e990ff0c656f7e7c9e88e451559a74ac7b808d016ccc5d86de	CglTVEdNRURJVU0gX2FyZzMsICpscGFyZzM9TlVMTDs=
1387	STATEMENT	65296	65310	1	ab2eac128ef6225b35f40b35e2bd8fba39be8b3b6b281960b3c51646eba99890	CglqaW50IHJjID0gMDs=
1388	STATEMENT	65310	65453	1	44d5596fb4de6019fc915a0445ef706f3d1247f8369c054ba89038b80894f65a	CglDT01fTkFUSVZFX0VOVEVSKGVudiwgdGhhdCwgVnRibENhbGxfX0lKTG9yZ19lY2xpcHNlX3N3dF9pbnRlcm5hbF9vbGVfd2luMzJfRk9STUFURVRDXzJMb3JnX2VjbGlwc2Vfc3d0X2ludGVybmFsX29sZV93aW4zMl9TVEdNRURJVU1fMl9GVU5DKTs=
1389	STATEMENT	65453	65537	1	7c0f7cf629552e41b4c568d4f38bbf98f092d67c46d4a924eefc8e5d0690ca46	CglpZiAoYXJnMikgaWYgKChscGFyZzIgPSBnZXRGT1JNQVRFVENGaWVsZHMoZW52LCBhcmcyLCAmX2FyZzIpKSA9PSBOVUxMKSBnb3RvIGZhaWw7
1390	STATEMENT	65537	65621	1	1d42dfa28d517eaf8b446ee15304f659c632638127d7c07a14d564f232a5f9f5	CglpZiAoYXJnMykgaWYgKChscGFyZzMgPSBnZXRTVEdNRURJVU1GaWVsZHMoZW52LCBhcmczLCAmX2FyZzMpKSA9PSBOVUxMKSBnb3RvIGZhaWw7
1391	STATEMENT	65621	65743	1	dde7bff776c84bf4b3913ba88607008c675b13d7e46853a1af96a7a8cf9e6b9e	CglyYyA9IChqaW50KSgoamludCAoU1RETUVUSE9EQ0FMTFRZUEUgKikoamxvbmcsIEZPUk1BVEVUQyAqLCBTVEdNRURJVU0gKikpKCooamxvbmcgKiopYXJnMSlbYXJnMF0pKGFyZzEsIGxwYXJnMiwgbHBhcmczKTs=
1392	STATEMENT	65743	65809	1	caabeb173ccb665c981a1b0df9b4013818e8bd6dae8277cac2646e0dab7d3192	CmZhaWw6CglpZiAoYXJnMyAmJiBscGFyZzMpIHNldFNUR01FRElVTUZpZWxkcyhlbnYsIGFyZzMsIGxwYXJnMyk7
1393	STATEMENT	65809	65869	1	262bd9ee849d3af5cade0cb07f82d9135d8c69f963784cf3c7956eacb94130bb	CglpZiAoYXJnMiAmJiBscGFyZzIpIHNldEZPUk1BVEVUQ0ZpZWxkcyhlbnYsIGFyZzIsIGxwYXJnMik7
1394	STATEMENT	65869	66011	1	dc4c65f2fbe2dbe36cd9f7acef043943031339613c495629a47b16e2d7df43bf	CglDT01fTkFUSVZFX0VYSVQoZW52LCB0aGF0LCBWdGJsQ2FsbF9fSUpMb3JnX2VjbGlwc2Vfc3d0X2ludGVybmFsX29sZV93aW4zMl9GT1JNQVRFVENfMkxvcmdfZWNsaXBzZV9zd3RfaW50ZXJuYWxfb2xlX3dpbjMyX1NUR01FRElVTV8yX0ZVTkMpOw==
1395	STATEMENT	66011	66023	1	a028c9c9501df4846ec72c7b4432d4a3cb499b36b781bb1c38853498151d0ba7	CglyZXR1cm4gcmM7
1396	FRAGMENT	66023	66024	1	01ba4719c80b6fe911b091a7c05124b64eeece964e09c058ef8f9805daca546b	Cg==
1397	BLOCK_CLOSE	66024	66025	0	d10b36aa74a59bcf4a88185837f658afaf3646eff2bb16c3928d0e9335e945d2	fQ==
1398	PREPROCESSOR	66025	66033	0	626de321eb397f6600939892a0009f31bc378f7e886f9acc5ec0af18db6a99a7	CiNlbmRpZgo=
1399	PREPROCESSOR	66033	66100	0	1e98de3edc9709e9a0bef42409600483959cb37208146b6379e81c673537aec3	CiNpZm5kZWYgTk9fVnRibENhbGxfX0lKTG9yZ19lY2xpcHNlX3N3dF9pbnRlcm5hbF9vbGVfd2luMzJfR1VJRF8yCg==
1400	FUNCTION_OPEN	66100	66256	0	53ca051694d802dda40de573860431f85d9494975ab0314ddefa23ac5d35fdc2	Sk5JRVhQT1JUIGppbnQgSk5JQ0FMTCBDT01fTkFUSVZFKFZ0YmxDYWxsX19JSkxvcmdfZWNsaXBzZV9zd3RfaW50ZXJuYWxfb2xlX3dpbjMyX0dVSURfMikKCShKTklFbnYgKmVudiwgamNsYXNzIHRoYXQsIGppbnQgYXJnMCwgamxvbmcgYXJnMSwgam9iamVjdCBhcmcyKQp7
1401	STATEMENT	66256	66283	1	d9ee67e714c57414548cae86e72f0fb70b38060d70125731619d0c8777e13808	CglHVUlEIF9hcmcyLCAqbHBhcmcyPU5VTEw7
1402	STATEMENT	66283	66297	1	ab2eac128ef6225b35f40b35e2bd8fba39be8b3b6b281960b3c51646eba99890	CglqaW50IHJjID0gMDs=
1403	STATEMENT	66297	66388	1	8b8a70ca3ee2023cdb75ec2ddc0e47b9947669c72165606887c260d40952d2af	CglDT01fTkFUSVZFX0VOVEVSKGVudiwgdGhhdCwgVnRibENhbGxfX0lKTG9yZ19lY2xpcHNlX3N3dF9pbnRlcm5hbF9vbGVfd2luMzJfR1VJRF8yX0ZVTkMpOw==
1404	STATEMENT	66388	66467	1	234f362547d83714c48eaa9774205ff8edee5d7159c1fcabb74c46bd190395ef	CglpZiAoYXJnMikgaWYgKChscGFyZzIgPSBnZXRHVUlERmllbGRzKGVudiwgYXJnMiwgJl9hcmcyKSkgPT0gTlVMTCkgZ290byBmYWlsOw==
1405	STATEMENT	66467	66563	1	9453561cf55be05654e58bf00c324f9e161ac3f659982303f27b0322d220a03f	CglyYyA9IChqaW50KSgoamludCAoU1RETUVUSE9EQ0FMTFRZUEUgKikoamxvbmcsIEdVSUQgKikpKCooamxvbmcgKiopYXJnMSlbYXJnMF0pKGFyZzEsIGxwYXJnMik7
1406	STATEMENT	66563	66624	1	0bb0b7a956efd5afcd5b3142075ac6a8c9f37c2964b6a56896c83c2822f7e42c	CmZhaWw6CglpZiAoYXJnMiAmJiBscGFyZzIpIHNldEdVSURGaWVsZHMoZW52LCBhcmcyLCBscGFyZzIpOw==
1407	STATEMENT	66624	66714	1	8fcf049be5ad5ab3839cd7d91b2e92e10cda13d7321f1b3de025ddeb8d35fcfe	CglDT01fTkFUSVZFX0VYSVQoZW52LCB0aGF0LCBWdGJsQ2FsbF9fSUpMb3JnX2VjbGlwc2Vfc3d0X2ludGVybmFsX29sZV93aW4zMl9HVUlEXzJfRlVOQyk7
1408	STATEMENT	66714	66726	1	a028c9c9501df4846ec72c7b4432d4a3cb499b36b781bb1c38853498151d0ba7	CglyZXR1cm4gcmM7
1409	FRAGMENT	66726	66727	1	01ba4719c80b6fe911b091a7c05124b64eeece964e09c058ef8f9805daca546b	Cg==
1410	BLOCK_CLOSE	66727	66728	0	d10b36aa74a59bcf4a88185837f658afaf3646eff2bb16c3928d0e9335e945d2	fQ==
1411	PREPROCESSOR	66728	66736	0	626de321eb397f6600939892a0009f31bc378f7e886f9acc5ec0af18db6a99a7	CiNlbmRpZgo=
1412	PREPROCESSOR	66736	66807	0	d8fb42916ac9feeb206ac7a57fc63231ab982b8daadc7872e0df5251d9f0e53d	CiNpZm5kZWYgTk9fVnRibENhbGxfX0lKTG9yZ19lY2xpcHNlX3N3dF9pbnRlcm5hbF9vbGVfd2luMzJfR1VJRF8ySUlKSgo=
1413	FUNCTION_OPEN	66807	67013	0	27ed1b54835a458590029a27329cb75b8b83bf5cb1f61e3d6649d313d364592e	Sk5JRVhQT1JUIGppbnQgSk5JQ0FMTCBDT01fTkFUSVZFKFZ0YmxDYWxsX19JSkxvcmdfZWNsaXBzZV9zd3RfaW50ZXJuYWxfb2xlX3dpbjMyX0dVSURfMklJSkopCgkoSk5JRW52ICplbnYsIGpjbGFzcyB0aGF0LCBqaW50IGFyZzAsIGpsb25nIGFyZzEsIGpvYmplY3QgYXJnMiwgamludCBhcmczLCBqaW50IGFyZzQsIGpsb25nIGFyZzUsIGpsb25nIGFyZzYpCns=
1414	STATEMENT	67013	67040	1	d9ee67e714c57414548cae86e72f0fb70b38060d70125731619d0c8777e13808	CglHVUlEIF9hcmcyLCAqbHBhcmcyPU5VTEw7
1415	STATEMENT	67040	67054	1	ab2eac128ef6225b35f40b35e2bd8fba39be8b3b6b281960b3c51646eba99890	CglqaW50IHJjID0gMDs=
1416	STATEMENT	67054	67149	1	88800d1754c07888e79fc9c3349b8db4eb8dfd1289be1f097bd05dac4add318d	CglDT01fTkFUSVZFX0VOVEVSKGVudiwgdGhhdCwgVnRibENhbGxfX0lKTG9yZ19lY2xpcHNlX3N3dF9pbnRlcm5hbF9vbGVfd2luMzJfR1VJRF8ySUlKSl9GVU5DKTs=
1417	STATEMENT	67149	67228	1	234f362547d83714c48eaa9774205ff8edee5d7159c1fcabb74c46bd190395ef	CglpZiAoYXJnMikgaWYgKChscGFyZzIgPSBnZXRHVUlERmllbGRzKGVudiwgYXJnMiwgJl9hcmcyKSkgPT0gTlVMTCkgZ290byBmYWlsOw==
1418	STATEMENT	67228	67374	1	9a0d8d93bdd579d231018dc6c9bc695db146ed9d2f564070c9a77e7df44c9fc0	CglyYyA9IChqaW50KSgoamludCAoU1RETUVUSE9EQ0FMTFRZUEUgKikoamxvbmcsIEdVSUQgKiwgamludCwgamludCwgamxvbmcsIGpsb25nKSkoKihqbG9uZyAqKilhcmcxKVthcmcwXSkoYXJnMSwgbHBhcmcyLCBhcmczLCBhcmc0LCBhcmc1LCBhcmc2KTs=
1419	STATEMENT	67374	67435	1	0bb0b7a956efd5afcd5b3142075ac6a8c9f37c2964b6a56896c83c2822f7e42c	CmZhaWw6CglpZiAoYXJnMiAmJiBscGFyZzIpIHNldEdVSURGaWVsZHMoZW52LCBhcmcyLCBscGFyZzIpOw==
1420	STATEMENT	67435	67529	1	61a2b61d8b261baf93f19cd8ae76c788c939233d8b053e87861333deca568f09	CglDT01fTkFUSVZFX0VYSVQoZW52LCB0aGF0LCBWdGJsQ2FsbF9fSUpMb3JnX2VjbGlwc2Vfc3d0X2ludGVybmFsX29sZV93aW4zMl9HVUlEXzJJSUpKX0ZVTkMpOw==
1421	STATEMENT	67529	67541	1	a028c9c9501df4846ec72c7b4432d4a3cb499b36b781bb1c38853498151d0ba7	CglyZXR1cm4gcmM7
1422	FRAGMENT	67541	67542	1	01ba4719c80b6fe911b091a7c05124b64eeece964e09c058ef8f9805daca546b	Cg==
1423	BLOCK_CLOSE	67542	67543	0	d10b36aa74a59bcf4a88185837f658afaf3646eff2bb16c3928d0e9335e945d2	fQ==
1424	PREPROCESSOR	67543	67551	0	626de321eb397f6600939892a0009f31bc378f7e886f9acc5ec0af18db6a99a7	CiNlbmRpZgo=
1425	PREPROCESSOR	67551	67664	0	bf4af31c5904ebd91e89f96fe59f1328e42e69d8600348d67c27705e8984f54f	CiNpZm5kZWYgTk9fVnRibENhbGxfX0lKTG9yZ19lY2xpcHNlX3N3dF9pbnRlcm5hbF9vbGVfd2luMzJfR1VJRF8ySUxvcmdfZWNsaXBzZV9zd3RfaW50ZXJuYWxfb2xlX3dpbjMyX09MRUNNRF8ySgo=
1426	FUNCTION_OPEN	67664	67903	0	41c84c67fbedd084805cde5a2217142f70e0e0969d244f4faf11493eb2301108	Sk5JRVhQT1JUIGppbnQgSk5JQ0FMTCBDT01fTkFUSVZFKFZ0YmxDYWxsX19JSkxvcmdfZWNsaXBzZV9zd3RfaW50ZXJuYWxfb2xlX3dpbjMyX0dVSURfMklMb3JnX2VjbGlwc2Vfc3d0X2ludGVybmFsX29sZV93aW4zMl9PTEVDTURfMkopCgkoSk5JRW52ICplbnYsIGpjbGFzcyB0aGF0LCBqaW50IGFyZzAsIGpsb25nIGFyZzEsIGpvYmplY3QgYXJnMiwgamludCBhcmczLCBqb2JqZWN0IGFyZzQsIGpsb25nIGFyZzUpCns=
1427	STATEMENT	67903	67930	1	d9ee67e714c57414548cae86e72f0fb70b38060d70125731619d0c8777e13808	CglHVUlEIF9hcmcyLCAqbHBhcmcyPU5VTEw7
1428	STATEMENT	67930	67959	1	b8f9622dcc898e22a9cc62951fcb4445461dc2abb406e64265051389412686b7	CglPTEVDTUQgX2FyZzQsICpscGFyZzQ9TlVMTDs=
1429	STATEMENT	67959	67973	1	ab2eac128ef6225b35f40b35e2bd8fba39be8b3b6b281960b3c51646eba99890	CglqaW50IHJjID0gMDs=
1430	STATEMENT	67973	68110	1	7ee6bf9050e4327c63be6872d6a745db4d8019e03521db09ca9d4eb91ebe8665	CglDT01fTkFUSVZFX0VOVEVSKGVudiwgdGhhdCwgVnRibENhbGxfX0lKTG9yZ19lY2xpcHNlX3N3dF9pbnRlcm5hbF9vbGVfd2luMzJfR1VJRF8ySUxvcmdfZWNsaXBzZV9zd3RfaW50ZXJuYWxfb2xlX3dpbjMyX09MRUNNRF8ySl9GVU5DKTs=
1431	STATEMENT	68110	68189	1	234f362547d83714c48eaa9774205ff8edee5d7159c1fcabb74c46bd190395ef	CglpZiAoYXJnMikgaWYgKChscGFyZzIgPSBnZXRHVUlERmllbGRzKGVudiwgYXJnMiwgJl9hcmcyKSkgPT0gTlVMTCkgZ290byBmYWlsOw==
1432	STATEMENT	68189	68270	1	0bc08f517bcd70b9064c9691115c8cae377479ed286ca7ded484c771fadadefd	CglpZiAoYXJnNCkgaWYgKChscGFyZzQgPSBnZXRPTEVDTURGaWVsZHMoZW52LCBhcmc0LCAmX2FyZzQpKSA9PSBOVUxMKSBnb3RvIGZhaWw7
1433	STATEMENT	68270	68409	1	1b7473f920e9fa037b4e196634a393ca75ac6f827fb0c70c8a7bbfd5f70731d8	CglyYyA9IChqaW50KSgoamludCAoU1RETUVUSE9EQ0FMTFRZUEUgKikoamxvbmcsIEdVSUQgKiwgamludCwgT0xFQ01EICosIGpsb25nKSkoKihqbG9uZyAqKilhcmcxKVthcmcwXSkoYXJnMSwgbHBhcmcyLCBhcmczLCBscGFyZzQsIGFyZzUpOw==
1434	STATEMENT	68409	68472	1	ca2a9e8d78bd95ffc9e08e6056d9451cf3b84b39253c34ed8d8e5c5e49e95061	CmZhaWw6CglpZiAoYXJnNCAmJiBscGFyZzQpIHNldE9MRUNNREZpZWxkcyhlbnYsIGFyZzQsIGxwYXJnNCk7
1435	STATEMENT	68472	68527	1	5064186b085b7a9c2f419b11a89c9179def795928ce15b7c208b39c46f986b6f	CglpZiAoYXJnMiAmJiBscGFyZzIpIHNldEdVSURGaWVsZHMoZW52LCBhcmcyLCBscGFyZzIpOw==
1436	STATEMENT	68527	68663	1	68f5b2c8f6ef10cdb4285e8c7e729af71ba4e75d05260d25677cce5a54d4f4cd	CglDT01fTkFUSVZFX0VYSVQoZW52LCB0aGF0LCBWdGJsQ2FsbF9fSUpMb3JnX2VjbGlwc2Vfc3d0X2ludGVybmFsX29sZV93aW4zMl9HVUlEXzJJTG9yZ19lY2xpcHNlX3N3dF9pbnRlcm5hbF9vbGVfd2luMzJfT0xFQ01EXzJKX0ZVTkMpOw==
1437	STATEMENT	68663	68675	1	a028c9c9501df4846ec72c7b4432d4a3cb499b36b781bb1c38853498151d0ba7	CglyZXR1cm4gcmM7
1438	FRAGMENT	68675	68676	1	01ba4719c80b6fe911b091a7c05124b64eeece964e09c058ef8f9805daca546b	Cg==
1439	BLOCK_CLOSE	68676	68677	0	d10b36aa74a59bcf4a88185837f658afaf3646eff2bb16c3928d0e9335e945d2	fQ==
1440	PREPROCESSOR	68677	68685	0	626de321eb397f6600939892a0009f31bc378f7e886f9acc5ec0af18db6a99a7	CiNlbmRpZgo=
1441	PREPROCESSOR	68685	68758	0	df8bd28fc8d0e5755a06edd94f55640e974562ab88e16aebffab6506d66edd1c	CiNpZm5kZWYgTk9fVnRibENhbGxfX0lKTG9yZ19lY2xpcHNlX3N3dF9pbnRlcm5hbF9vbGVfd2luMzJfR1VJRF8ySklJXzNJCg==
1442	FUNCTION_OPEN	68758	68970	0	e533181954145b40e973da3b611008d8c21fc25f52a1b05524a960fb00080a72	Sk5JRVhQT1JUIGppbnQgSk5JQ0FMTCBDT01fTkFUSVZFKFZ0YmxDYWxsX19JSkxvcmdfZWNsaXBzZV9zd3RfaW50ZXJuYWxfb2xlX3dpbjMyX0dVSURfMkpJSV8zSSkKCShKTklFbnYgKmVudiwgamNsYXNzIHRoYXQsIGppbnQgYXJnMCwgamxvbmcgYXJnMSwgam9iamVjdCBhcmcyLCBqbG9uZyBhcmczLCBqaW50IGFyZzQsIGppbnQgYXJnNSwgamludEFycmF5IGFyZzYpCns=
1443	STATEMENT	68970	68997	1	d9ee67e714c57414548cae86e72f0fb70b38060d70125731619d0c8777e13808	CglHVUlEIF9hcmcyLCAqbHBhcmcyPU5VTEw7
1444	STATEMENT	68997	69017	1	a966fbc1ba595046f751a75f9319f63b8560d47b479c09d98f0ec43b1a081350	CglqaW50ICpscGFyZzY9TlVMTDs=
1445	STATEMENT	69017	69031	1	ab2eac128ef6225b35f40b35e2bd8fba39be8b3b6b281960b3c51646eba99890	CglqaW50IHJjID0gMDs=
1446	STATEMENT	69031	69128	1	bb2b6f5abd98a00f2fc2d5294b5732597e4fe5abfa6e59f9fd61bd644c2c80bb	CglDT01fTkFUSVZFX0VOVEVSKGVudiwgdGhhdCwgVnRibENhbGxfX0lKTG9yZ19lY2xpcHNlX3N3dF9pbnRlcm5hbF9vbGVfd2luMzJfR1VJRF8ySklJXzNJX0ZVTkMpOw==
1447	STATEMENT	69128	69207	1	234f362547d83714c48eaa9774205ff8edee5d7159c1fcabb74c46bd190395ef	CglpZiAoYXJnMikgaWYgKChscGFyZzIgPSBnZXRHVUlERmllbGRzKGVudiwgYXJnMiwgJl9hcmcyKSkgPT0gTlVMTCkgZ290byBmYWlsOw==
1448	STATEMENT	69207	69298	1	f45ba4ee8f42e0b47d4b7fb0c4ca47a06fee0a5fac052f45a94c354e6fd1320d	CglpZiAoYXJnNikgaWYgKChscGFyZzYgPSAoKmVudiktPkdldEludEFycmF5RWxlbWVudHMoZW52LCBhcmc2LCBOVUxMKSkgPT0gTlVMTCkgZ290byBmYWlsOw==
1449	STATEMENT	69298	69447	1	b7cbed9af15bfc660d36d8127393657656c846ef5147cbad51a0f15a9ac85d07	CglyYyA9IChqaW50KSgoamludCAoU1RETUVUSE9EQ0FMTFRZUEUgKikoamxvbmcsIEdVSUQgKiwgamxvbmcsIGppbnQsIGppbnQsIGppbnQgKikpKCooamxvbmcgKiopYXJnMSlbYXJnMF0pKGFyZzEsIGxwYXJnMiwgYXJnMywgYXJnNCwgYXJnNSwgbHBhcmc2KTs=
1450	STATEMENT	69447	69529	1	f1d8d85da21c24ebe6226f2f95b5e47a8629d7516467f154efaca32f4c6b7257	CmZhaWw6CglpZiAoYXJnNiAmJiBscGFyZzYpICgqZW52KS0+UmVsZWFzZUludEFycmF5RWxlbWVudHMoZW52LCBhcmc2LCBscGFyZzYsIDApOw==
1451	STATEMENT	69529	69584	1	5064186b085b7a9c2f419b11a89c9179def795928ce15b7c208b39c46f986b6f	CglpZiAoYXJnMiAmJiBscGFyZzIpIHNldEdVSURGaWVsZHMoZW52LCBhcmcyLCBscGFyZzIpOw==
1452	STATEMENT	69584	69680	1	7920c3ccc1c216e291a1f974f892e685719d2af37c31ea84e51301d3acee50b7	CglDT01fTkFUSVZFX0VYSVQoZW52LCB0aGF0LCBWdGJsQ2FsbF9fSUpMb3JnX2VjbGlwc2Vfc3d0X2ludGVybmFsX29sZV93aW4zMl9HVUlEXzJKSUlfM0lfRlVOQyk7
1453	STATEMENT	69680	69692	1	a028c9c9501df4846ec72c7b4432d4a3cb499b36b781bb1c38853498151d0ba7	CglyZXR1cm4gcmM7
1454	FRAGMENT	69692	69693	1	01ba4719c80b6fe911b091a7c05124b64eeece964e09c058ef8f9805daca546b	Cg==
1455	BLOCK_CLOSE	69693	69694	0	d10b36aa74a59bcf4a88185837f658afaf3646eff2bb16c3928d0e9335e945d2	fQ==
1456	PREPROCESSOR	69694	69702	0	626de321eb397f6600939892a0009f31bc378f7e886f9acc5ec0af18db6a99a7	CiNlbmRpZgo=
1457	PREPROCESSOR	69702	69814	0	5c3bc338e4dc01ddb35448ee5c2d1bb7a33644fa503648b9bfb57323efd7e656	CiNpZm5kZWYgTk9fVnRibENhbGxfX0lKTG9yZ19lY2xpcHNlX3N3dF9pbnRlcm5hbF9vbGVfd2luMzJfR1VJRF8yTG9yZ19lY2xpcHNlX3N3dF9pbnRlcm5hbF9vbGVfd2luMzJfR1VJRF8yXzNKCg==
1458	FUNCTION_OPEN	69814	70046	0	8c86e4528a1fe8e4f9750225cfce928c0d2f953e27bdf6ca4ae5e1fb2f11dde3	Sk5JRVhQT1JUIGppbnQgSk5JQ0FMTCBDT01fTkFUSVZFKFZ0YmxDYWxsX19JSkxvcmdfZWNsaXBzZV9zd3RfaW50ZXJuYWxfb2xlX3dpbjMyX0dVSURfMkxvcmdfZWNsaXBzZV9zd3RfaW50ZXJuYWxfb2xlX3dpbjMyX0dVSURfMl8zSikKCShKTklFbnYgKmVudiwgamNsYXNzIHRoYXQsIGppbnQgYXJnMCwgamxvbmcgYXJnMSwgam9iamVjdCBhcmcyLCBqb2JqZWN0IGFyZzMsIGpsb25nQXJyYXkgYXJnNCkKew==
1459	STATEMENT	70046	70073	1	d9ee67e714c57414548cae86e72f0fb70b38060d70125731619d0c8777e13808	CglHVUlEIF9hcmcyLCAqbHBhcmcyPU5VTEw7
1460	STATEMENT	70073	70100	1	9e857266909880811ea223b35d439b8088b7290e439c4d48da4a7b681d23dfb7	CglHVUlEIF9hcmczLCAqbHBhcmczPU5VTEw7
1461	STATEMENT	70100	70121	1	d5941330676a0efdcc4e14ed01bfebd7ed584a147eee22df8f09b4193a1a1f2a	CglqbG9uZyAqbHBhcmc0PU5VTEw7
1462	STATEMENT	70121	70135	1	ab2eac128ef6225b35f40b35e2bd8fba39be8b3b6b281960b3c51646eba99890	CglqaW50IHJjID0gMDs=
1463	STATEMENT	70135	70271	1	ec863e4bd2bb4b14310a50be1cd3375db7c7844a57ef2793d03dc670440865a2	CglDT01fTkFUSVZFX0VOVEVSKGVudiwgdGhhdCwgVnRibENhbGxfX0lKTG9yZ19lY2xpcHNlX3N3dF9pbnRlcm5hbF9vbGVfd2luMzJfR1VJRF8yTG9yZ19lY2xpcHNlX3N3dF9pbnRlcm5hbF9vbGVfd2luMzJfR1VJRF8yXzNKX0ZVTkMpOw==
1464	STATEMENT	70271	70350	1	234f362547d83714c48eaa9774205ff8edee5d7159c1fcabb74c46bd190395ef	CglpZiAoYXJnMikgaWYgKChscGFyZzIgPSBnZXRHVUlERmllbGRzKGVudiwgYXJnMiwgJl9hcmcyKSkgPT0gTlVMTCkgZ290byBmYWlsOw==
1465	STATEMENT	70350	70429	1	114b3fe658b6b796a863e03d9a682318efd3287cee79219c65a142687c89c362	CglpZiAoYXJnMykgaWYgKChscGFyZzMgPSBnZXRHVUlERmllbGRzKGVudiwgYXJnMywgJl9hcmczKSkgPT0gTlVMTCkgZ290byBmYWlsOw==
1466	STATEMENT	70429	70521	1	b069cb587d210b697c539ab4dbb60d9994a00fbbb79f643c8129aef4a641b760	CglpZiAoYXJnNCkgaWYgKChscGFyZzQgPSAoKmVudiktPkdldExvbmdBcnJheUVsZW1lbnRzKGVudiwgYXJnNCwgTlVMTCkpID09IE5VTEwpIGdvdG8gZmFpbDs=
1467	STATEMENT	70521	70650	1	eb8d7662d341f27e57642cfc7a708e4ba6ee0d4301fd2151d1a404bc2e449ed9	CglyYyA9IChqaW50KSgoamludCAoU1RETUVUSE9EQ0FMTFRZUEUgKikoamxvbmcsIEdVSUQgKiwgR1VJRCAqLCBqbG9uZyAqKSkoKihqbG9uZyAqKilhcmcxKVthcmcwXSkoYXJnMSwgbHBhcmcyLCBscGFyZzMsIGxwYXJnNCk7
1468	STATEMENT	70650	70733	1	0014bfa0995db1670483f6366d1abbebb260240894655d9589b76b9988929bb2	CmZhaWw6CglpZiAoYXJnNCAmJiBscGFyZzQpICgqZW52KS0+UmVsZWFzZUxvbmdBcnJheUVsZW1lbnRzKGVudiwgYXJnNCwgbHBhcmc0LCAwKTs=
1469	STATEMENT	70733	70788	1	853060674ba13653695201fbe3d38ebe41a818cf4079f36996ad920f4cd06c81	CglpZiAoYXJnMyAmJiBscGFyZzMpIHNldEdVSURGaWVsZHMoZW52LCBhcmczLCBscGFyZzMpOw==
1470	STATEMENT	70788	70843	1	5064186b085b7a9c2f419b11a89c9179def795928ce15b7c208b39c46f986b6f	CglpZiAoYXJnMiAmJiBscGFyZzIpIHNldEdVSURGaWVsZHMoZW52LCBhcmcyLCBscGFyZzIpOw==
1471	STATEMENT	70843	70978	1	b46fd2a70c4bf031a29450bf15832669a85c19011984c16d0e80c270485ccc6f	CglDT01fTkFUSVZFX0VYSVQoZW52LCB0aGF0LCBWdGJsQ2FsbF9fSUpMb3JnX2VjbGlwc2Vfc3d0X2ludGVybmFsX29sZV93aW4zMl9HVUlEXzJMb3JnX2VjbGlwc2Vfc3d0X2ludGVybmFsX29sZV93aW4zMl9HVUlEXzJfM0pfRlVOQyk7
1472	STATEMENT	70978	70990	1	a028c9c9501df4846ec72c7b4432d4a3cb499b36b781bb1c38853498151d0ba7	CglyZXR1cm4gcmM7
1473	FRAGMENT	70990	70991	1	01ba4719c80b6fe911b091a7c05124b64eeece964e09c058ef8f9805daca546b	Cg==
1474	BLOCK_CLOSE	70991	70992	0	d10b36aa74a59bcf4a88185837f658afaf3646eff2bb16c3928d0e9335e945d2	fQ==
1475	PREPROCESSOR	70992	71000	0	626de321eb397f6600939892a0009f31bc378f7e886f9acc5ec0af18db6a99a7	CiNlbmRpZgo=
1476	PREPROCESSOR	71000	71070	0	d81c4b67259f57d3a6e08fa8742ed83dc71dafb8cae9595972bb50beb66dfa0b	CiNpZm5kZWYgTk9fVnRibENhbGxfX0lKTG9yZ19lY2xpcHNlX3N3dF9pbnRlcm5hbF9vbGVfd2luMzJfR1VJRF8yXzNKCg==
1477	FUNCTION_OPEN	71070	71246	0	4ba296bf3e02aba8b39bf721d848b1b09473f97ea4c1d99501c5eaa100da9cf6	Sk5JRVhQT1JUIGppbnQgSk5JQ0FMTCBDT01fTkFUSVZFKFZ0YmxDYWxsX19JSkxvcmdfZWNsaXBzZV9zd3RfaW50ZXJuYWxfb2xlX3dpbjMyX0dVSURfMl8zSikKCShKTklFbnYgKmVudiwgamNsYXNzIHRoYXQsIGppbnQgYXJnMCwgamxvbmcgYXJnMSwgam9iamVjdCBhcmcyLCBqbG9uZ0FycmF5IGFyZzMpCns=
1478	STATEMENT	71246	71273	1	d9ee67e714c57414548cae86e72f0fb70b38060d70125731619d0c8777e13808	CglHVUlEIF9hcmcyLCAqbHBhcmcyPU5VTEw7
1479	STATEMENT	71273	71294	1	8ee0624ff69df7caa4a6f36603c3326c6c26e821a3f31345176b5e3e05ab3464	CglqbG9uZyAqbHBhcmczPU5VTEw7
1480	STATEMENT	71294	71308	1	ab2eac128ef6225b35f40b35e2bd8fba39be8b3b6b281960b3c51646eba99890	CglqaW50IHJjID0gMDs=
1481	STATEMENT	71308	71402	1	033d762ee6a38b610e9f4a60f956c94407276b890162eb4bef673b2946f246ef	CglDT01fTkFUSVZFX0VOVEVSKGVudiwgdGhhdCwgVnRibENhbGxfX0lKTG9yZ19lY2xpcHNlX3N3dF9pbnRlcm5hbF9vbGVfd2luMzJfR1VJRF8yXzNKX0ZVTkMpOw==
1482	STATEMENT	71402	71481	1	234f362547d83714c48eaa9774205ff8edee5d7159c1fcabb74c46bd190395ef	CglpZiAoYXJnMikgaWYgKChscGFyZzIgPSBnZXRHVUlERmllbGRzKGVudiwgYXJnMiwgJl9hcmcyKSkgPT0gTlVMTCkgZ290byBmYWlsOw==
1483	STATEMENT	71481	71573	1	198070916f65a7a336d1d5c94f3a7481dc996ecc48f71f8ce36e2770b764de4c	CglpZiAoYXJnMykgaWYgKChscGFyZzMgPSAoKmVudiktPkdldExvbmdBcnJheUVsZW1lbnRzKGVudiwgYXJnMywgTlVMTCkpID09IE5VTEwpIGdvdG8gZmFpbDs=
1484	STATEMENT	71573	71686	1	92ed43617fe14852a77a841535a7cc7111d9bd6dddfc6f52121e12334d71c821	CglyYyA9IChqaW50KSgoamludCAoU1RETUVUSE9EQ0FMTFRZUEUgKikoamxvbmcsIEdVSUQgKiwgamxvbmcgKikpKCooamxvbmcgKiopYXJnMSlbYXJnMF0pKGFyZzEsIGxwYXJnMiwgbHBhcmczKTs=
1485	STATEMENT	71686	71769	1	7bef3c7fed260585b1618d0789dbd54f93bee93ea39f6164094bf40d6ec979d9	CmZhaWw6CglpZiAoYXJnMyAmJiBscGFyZzMpICgqZW52KS0+UmVsZWFzZUxvbmdBcnJheUVsZW1lbnRzKGVudiwgYXJnMywgbHBhcmczLCAwKTs=
1486	STATEMENT	71769	71824	1	5064186b085b7a9c2f419b11a89c9179def795928ce15b7c208b39c46f986b6f	CglpZiAoYXJnMiAmJiBscGFyZzIpIHNldEdVSURGaWVsZHMoZW52LCBhcmcyLCBscGFyZzIpOw==
1487	STATEMENT	71824	71917	1	62a055e2b9d4ff8de5a65e282129b972e41dcf9ed59f87d5863a29270e7e6469	CglDT01fTkFUSVZFX0VYSVQoZW52LCB0aGF0LCBWdGJsQ2FsbF9fSUpMb3JnX2VjbGlwc2Vfc3d0X2ludGVybmFsX29sZV93aW4zMl9HVUlEXzJfM0pfRlVOQyk7
1488	STATEMENT	71917	71929	1	a028c9c9501df4846ec72c7b4432d4a3cb499b36b781bb1c38853498151d0ba7	CglyZXR1cm4gcmM7
1489	FRAGMENT	71929	71930	1	01ba4719c80b6fe911b091a7c05124b64eeece964e09c058ef8f9805daca546b	Cg==
1490	BLOCK_CLOSE	71930	71931	0	d10b36aa74a59bcf4a88185837f658afaf3646eff2bb16c3928d0e9335e945d2	fQ==
1491	PREPROCESSOR	71931	71939	0	626de321eb397f6600939892a0009f31bc378f7e886f9acc5ec0af18db6a99a7	CiNlbmRpZgo=
1492	PREPROCESSOR	71939	72009	0	b8a99dfc432ab06e99e81d41d8d7b3d940c0d0b7bb01b8c239cc30440e08377b	CiNpZm5kZWYgTk9fVnRibENhbGxfX0lKTG9yZ19lY2xpcHNlX3N3dF9pbnRlcm5hbF9vbGVfd2luMzJfTElDSU5GT18yCg==
1493	FUNCTION_OPEN	72009	72168	0	32120c77b4bceaaa27cd596789a1917f05748721f254f8973690c9914a63ac36	Sk5JRVhQT1JUIGppbnQgSk5JQ0FMTCBDT01fTkFUSVZFKFZ0YmxDYWxsX19JSkxvcmdfZWNsaXBzZV9zd3RfaW50ZXJuYWxfb2xlX3dpbjMyX0xJQ0lORk9fMikKCShKTklFbnYgKmVudiwgamNsYXNzIHRoYXQsIGppbnQgYXJnMCwgamxvbmcgYXJnMSwgam9iamVjdCBhcmcyKQp7
1494	STATEMENT	72168	72198	1	8ce54ba678840397ecb4d0276b1c97af1bf5167cdbb6d5be7edf508ec58c8d67	CglMSUNJTkZPIF9hcmcyLCAqbHBhcmcyPU5VTEw7
1495	STATEMENT	72198	72212	1	ab2eac128ef6225b35f40b35e2bd8fba39be8b3b6b281960b3c51646eba99890	CglqaW50IHJjID0gMDs=
1496	STATEMENT	72212	72306	1	e7255cd16de41543ad91ae0d6292dc474937816219c061f89a2bfd2ee2f828f8	CglDT01fTkFUSVZFX0VOVEVSKGVudiwgdGhhdCwgVnRibENhbGxfX0lKTG9yZ19lY2xpcHNlX3N3dF9pbnRlcm5hbF9vbGVfd2luMzJfTElDSU5GT18yX0ZVTkMpOw==
1497	STATEMENT	72306	72388	1	4957ce4232ca64cf319e38f2674d38d504bc5dea437bc15165dc6ad08f8a1094	CglpZiAoYXJnMikgaWYgKChscGFyZzIgPSBnZXRMSUNJTkZPRmllbGRzKGVudiwgYXJnMiwgJl9hcmcyKSkgPT0gTlVMTCkgZ290byBmYWlsOw==
1498	STATEMENT	72388	72487	1	b2a68c6bbe62220c8903ff4ec3f03f0866b9bf170c96080be75854228cce8fc4	CglyYyA9IChqaW50KSgoamludCAoU1RETUVUSE9EQ0FMTFRZUEUgKikoamxvbmcsIExJQ0lORk8gKikpKCooamxvbmcgKiopYXJnMSlbYXJnMF0pKGFyZzEsIGxwYXJnMik7
1499	STATEMENT	72487	72551	1	4cc4c0bc1125c6c757863db4fa337ef16e8752996057686e7b52708c7916ce9a	CmZhaWw6CglpZiAoYXJnMiAmJiBscGFyZzIpIHNldExJQ0lORk9GaWVsZHMoZW52LCBhcmcyLCBscGFyZzIpOw==
1500	STATEMENT	72551	72644	1	0816ed1f585dafb96b08f8c539a6fe0c121250119e6c5d6fe864ac3c7290ab6a	CglDT01fTkFUSVZFX0VYSVQoZW52LCB0aGF0LCBWdGJsQ2FsbF9fSUpMb3JnX2VjbGlwc2Vfc3d0X2ludGVybmFsX29sZV93aW4zMl9MSUNJTkZPXzJfRlVOQyk7
1501	STATEMENT	72644	72656	1	a028c9c9501df4846ec72c7b4432d4a3cb499b36b781bb1c38853498151d0ba7	CglyZXR1cm4gcmM7
1502	FRAGMENT	72656	72657	1	01ba4719c80b6fe911b091a7c05124b64eeece964e09c058ef8f9805daca546b	Cg==
1503	BLOCK_CLOSE	72657	72658	0	d10b36aa74a59bcf4a88185837f658afaf3646eff2bb16c3928d0e9335e945d2	fQ==
1504	PREPROCESSOR	72658	72666	0	626de321eb397f6600939892a0009f31bc378f7e886f9acc5ec0af18db6a99a7	CiNlbmRpZgo=
1505	PREPROCESSOR	72666	72728	0	8aa687574a74b7131445c08b759c4ceb411691a74830033e540bb966354caf13	CiNpZm5kZWYgTk9fVnRibENhbGxfX0lKTG9yZ19lY2xpcHNlX3N3dF9pbnRlcm5hbF93aW4zMl9NU0dfMgo=
1506	FUNCTION_OPEN	72728	72879	0	32724e3883e5c5cc623cbb0048d3da5045678b2ce8a8a29cb69b1f8016d40057	Sk5JRVhQT1JUIGppbnQgSk5JQ0FMTCBDT01fTkFUSVZFKFZ0YmxDYWxsX19JSkxvcmdfZWNsaXBzZV9zd3RfaW50ZXJuYWxfd2luMzJfTVNHXzIpCgkoSk5JRW52ICplbnYsIGpjbGFzcyB0aGF0LCBqaW50IGFyZzAsIGpsb25nIGFyZzEsIGpvYmplY3QgYXJnMikKew==
1507	STATEMENT	72879	72905	1	77a705f16601917d8779080ebf807aa44486e24203b5dfe68ed59bb5c5980138	CglNU0cgX2FyZzIsICpscGFyZzI9TlVMTDs=
1508	STATEMENT	72905	72919	1	ab2eac128ef6225b35f40b35e2bd8fba39be8b3b6b281960b3c51646eba99890	CglqaW50IHJjID0gMDs=
1509	STATEMENT	72919	73005	1	16bfb4d4d989f231c39495ae827b1a654841d068654dc552b1ff3622fafc8dd2	CglDT01fTkFUSVZFX0VOVEVSKGVudiwgdGhhdCwgVnRibENhbGxfX0lKTG9yZ19lY2xpcHNlX3N3dF9pbnRlcm5hbF93aW4zMl9NU0dfMl9GVU5DKTs=
1510	STATEMENT	73005	73083	1	ef22469bcdf0a41fccd3fde9edb2d90926b8709d6de92dbd338db2c9c595baf5	CglpZiAoYXJnMikgaWYgKChscGFyZzIgPSBnZXRNU0dGaWVsZHMoZW52LCBhcmcyLCAmX2FyZzIpKSA9PSBOVUxMKSBnb3RvIGZhaWw7
1511	STATEMENT	73083	73178	1	23443cd279e2f1e2440a571b955246e05c16e2e3dabe96493851fe00590d4622	CglyYyA9IChqaW50KSgoamludCAoU1RETUVUSE9EQ0FMTFRZUEUgKikoamxvbmcsIE1TRyAqKSkoKihqbG9uZyAqKilhcmcxKVthcmcwXSkoYXJnMSwgbHBhcmcyKTs=
1512	STATEMENT	73178	73238	1	767ea5791a0ca5aa1103026586f7ab3e8a786e06edd1c249da12293ddae4ec86	CmZhaWw6CglpZiAoYXJnMiAmJiBscGFyZzIpIHNldE1TR0ZpZWxkcyhlbnYsIGFyZzIsIGxwYXJnMik7
1513	STATEMENT	73238	73323	1	944fb470bd747947e8414ce24efbdb5d93989d34635ca28f0a59e6ba7f0e4220	CglDT01fTkFUSVZFX0VYSVQoZW52LCB0aGF0LCBWdGJsQ2FsbF9fSUpMb3JnX2VjbGlwc2Vfc3d0X2ludGVybmFsX3dpbjMyX01TR18yX0ZVTkMpOw==
1514	STATEMENT	73323	73335	1	a028c9c9501df4846ec72c7b4432d4a3cb499b36b781bb1c38853498151d0ba7	CglyZXR1cm4gcmM7
1515	FRAGMENT	73335	73336	1	01ba4719c80b6fe911b091a7c05124b64eeece964e09c058ef8f9805daca546b	Cg==
1516	BLOCK_CLOSE	73336	73337	0	d10b36aa74a59bcf4a88185837f658afaf3646eff2bb16c3928d0e9335e945d2	fQ==
1517	PREPROCESSOR	73337	73345	0	626de321eb397f6600939892a0009f31bc378f7e886f9acc5ec0af18db6a99a7	CiNlbmRpZgo=
1518	PREPROCESSOR	73345	73410	0	bd00d4a8d0134bc9ca6a19949b47d2f6b5018ba8cc7eba71b4980fd63b777802	CiNpZm5kZWYgTk9fVnRibENhbGxfX0lKTG9yZ19lY2xpcHNlX3N3dF9pbnRlcm5hbF93aW4zMl9QT0lOVF8ySQo=
1519	FUNCTION_OPEN	73410	73575	0	e082e0078b6584109eb3a2929b759537344c31e57eeb7a22e6ad453afb80acf2	Sk5JRVhQT1JUIGppbnQgSk5JQ0FMTCBDT01fTkFUSVZFKFZ0YmxDYWxsX19JSkxvcmdfZWNsaXBzZV9zd3RfaW50ZXJuYWxfd2luMzJfUE9JTlRfMkkpCgkoSk5JRW52ICplbnYsIGpjbGFzcyB0aGF0LCBqaW50IGFyZzAsIGpsb25nIGFyZzEsIGpvYmplY3QgYXJnMiwgamludCBhcmczKQp7
1520	STATEMENT	73575	73603	1	079b05744a7c35dd81b9f7cc0193b03e75f3230bca00f8eef3962cb16b27fd91	CglQT0lOVCBfYXJnMiwgKmxwYXJnMj1OVUxMOw==
1521	STATEMENT	73603	73617	1	ab2eac128ef6225b35f40b35e2bd8fba39be8b3b6b281960b3c51646eba99890	CglqaW50IHJjID0gMDs=
1522	STATEMENT	73617	73706	1	0371ccebbbec67a970d83ebe0187ccaaeff4484c3306b18e8b9f03850a15c2cd	CglDT01fTkFUSVZFX0VOVEVSKGVudiwgdGhhdCwgVnRibENhbGxfX0lKTG9yZ19lY2xpcHNlX3N3dF9pbnRlcm5hbF93aW4zMl9QT0lOVF8ySV9GVU5DKTs=
1523	STATEMENT	73706	73786	1	868b636073c994c45fd5b018b6aa2e174a24c82e4c91fe4eab635fe465cd7f8c	CglpZiAoYXJnMikgaWYgKChscGFyZzIgPSBnZXRQT0lOVEZpZWxkcyhlbnYsIGFyZzIsICZfYXJnMikpID09IE5VTEwpIGdvdG8gZmFpbDs=
1524	STATEMENT	73786	73895	1	1cc18fa4399ee77d91fa098c711fc5609223b6a9aff89e1f9cdaae18f1ef17f6	CglyYyA9IChqaW50KSgoamludCAoU1RETUVUSE9EQ0FMTFRZUEUgKikoamxvbmcsIFBPSU5UICosIGppbnQpKSgqKGpsb25nICoqKWFyZzEpW2FyZzBdKShhcmcxLCBscGFyZzIsIGFyZzMpOw==
1525	STATEMENT	73895	73957	1	12f6b43d2af2305361d41d713f941df347e4c3da077cb92042cb46a522c7d444	CmZhaWw6CglpZiAoYXJnMiAmJiBscGFyZzIpIHNldFBPSU5URmllbGRzKGVudiwgYXJnMiwgbHBhcmcyKTs=
1526	STATEMENT	73957	74045	1	9ee30f9847d1167359a62397203f25cd6d972313c196d440a8a45c19b2e3395f	CglDT01fTkFUSVZFX0VYSVQoZW52LCB0aGF0LCBWdGJsQ2FsbF9fSUpMb3JnX2VjbGlwc2Vfc3d0X2ludGVybmFsX3dpbjMyX1BPSU5UXzJJX0ZVTkMpOw==
1527	STATEMENT	74045	74057	1	a028c9c9501df4846ec72c7b4432d4a3cb499b36b781bb1c38853498151d0ba7	CglyZXR1cm4gcmM7
1528	FRAGMENT	74057	74058	1	01ba4719c80b6fe911b091a7c05124b64eeece964e09c058ef8f9805daca546b	Cg==
1529	BLOCK_CLOSE	74058	74059	0	d10b36aa74a59bcf4a88185837f658afaf3646eff2bb16c3928d0e9335e945d2	fQ==
1530	PREPROCESSOR	74059	74067	0	626de321eb397f6600939892a0009f31bc378f7e886f9acc5ec0af18db6a99a7	CiNlbmRpZgo=
1531	PREPROCESSOR	74067	74138	0	c9130aae851e874aba24dccc900c947ec42eabce10e9f2360e59c3361531250b	CiNpZm5kZWYgTk9fVnRibENhbGxfX0lKTG9yZ19lY2xpcHNlX3N3dF9pbnRlcm5hbF93aW4zMl9QUk9QRVJUWUtFWV8ySgo=
1532	FUNCTION_OPEN	74138	74310	0	7b4a3077a8aeca67131d7d0d58e62afc403996f4ea42dc971fd08986db6795e4	Sk5JRVhQT1JUIGppbnQgSk5JQ0FMTCBDT01fTkFUSVZFKFZ0YmxDYWxsX19JSkxvcmdfZWNsaXBzZV9zd3RfaW50ZXJuYWxfd2luMzJfUFJPUEVSVFlLRVlfMkopCgkoSk5JRW52ICplbnYsIGpjbGFzcyB0aGF0LCBqaW50IGFyZzAsIGpsb25nIGFyZzEsIGpvYmplY3QgYXJnMiwgamxvbmcgYXJnMykKew==
1533	STATEMENT	74310	74344	1	a1f8d24d27c6cbaa9373ed5a9cc8e56ced067a3bfd31aff5b5e4da2f1bd73998	CglQUk9QRVJUWUtFWSBfYXJnMiwgKmxwYXJnMj1OVUxMOw==
1534	STATEMENT	74344	74358	1	ab2eac128ef6225b35f40b35e2bd8fba39be8b3b6b281960b3c51646eba99890	CglqaW50IHJjID0gMDs=
1535	STATEMENT	74358	74453	1	f1ecc385dc672b02651f5d6d74108d8dd7c0bd8acf650a05db80bd4ab9bc70fa	CglDT01fTkFUSVZFX0VOVEVSKGVudiwgdGhhdCwgVnRibENhbGxfX0lKTG9yZ19lY2xpcHNlX3N3dF9pbnRlcm5hbF93aW4zMl9QUk9QRVJUWUtFWV8ySl9GVU5DKTs=
1536	STATEMENT	74453	74539	1	86c794928721994d771734e1ed0f0cf6a7d2845f8f31038a29b54516214ff786	CglpZiAoYXJnMikgaWYgKChscGFyZzIgPSBnZXRQUk9QRVJUWUtFWUZpZWxkcyhlbnYsIGFyZzIsICZfYXJnMikpID09IE5VTEwpIGdvdG8gZmFpbDs=
1537	STATEMENT	74539	74655	1	840f24871cbf4b3928875d6f9b1c263f755267765a254202cddb8ad2eeb08f94	CglyYyA9IChqaW50KSgoamludCAoU1RETUVUSE9EQ0FMTFRZUEUgKikoamxvbmcsIFBST1BFUlRZS0VZICosIGpsb25nKSkoKihqbG9uZyAqKilhcmcxKVthcmcwXSkoYXJnMSwgbHBhcmcyLCBhcmczKTs=
1538	STATEMENT	74655	74723	1	ac78f662df0acaaffb8923125c15cceefb64002900a4dfdd2b531b9dee37f195	CmZhaWw6CglpZiAoYXJnMiAmJiBscGFyZzIpIHNldFBST1BFUlRZS0VZRmllbGRzKGVudiwgYXJnMiwgbHBhcmcyKTs=
1539	STATEMENT	74723	74817	1	375ba8a81983455d3067c8cf0abc3d2aa8344cbd1d685765cdf22eca37786296	CglDT01fTkFUSVZFX0VYSVQoZW52LCB0aGF0LCBWdGJsQ2FsbF9fSUpMb3JnX2VjbGlwc2Vfc3d0X2ludGVybmFsX3dpbjMyX1BST1BFUlRZS0VZXzJKX0ZVTkMpOw==
1540	STATEMENT	74817	74829	1	a028c9c9501df4846ec72c7b4432d4a3cb499b36b781bb1c38853498151d0ba7	CglyZXR1cm4gcmM7
1541	FRAGMENT	74829	74830	1	01ba4719c80b6fe911b091a7c05124b64eeece964e09c058ef8f9805daca546b	Cg==
1542	BLOCK_CLOSE	74830	74831	0	d10b36aa74a59bcf4a88185837f658afaf3646eff2bb16c3928d0e9335e945d2	fQ==
1543	PREPROCESSOR	74831	74839	0	626de321eb397f6600939892a0009f31bc378f7e886f9acc5ec0af18db6a99a7	CiNlbmRpZgo=
1544	PREPROCESSOR	74839	74902	0	e5f78cb8523eaac6ac5595f0bd9a1b784467848e258cba7101565c98dbb7ce5f	CiNpZm5kZWYgTk9fVnRibENhbGxfX0lKTG9yZ19lY2xpcHNlX3N3dF9pbnRlcm5hbF93aW4zMl9SRUNUXzIK
1545	FUNCTION_OPEN	74902	75054	0	1df74375d246f6ef2c98f0d1f0de0e2f8a7ca525ac40a9653286bd3a8630faf4	Sk5JRVhQT1JUIGppbnQgSk5JQ0FMTCBDT01fTkFUSVZFKFZ0YmxDYWxsX19JSkxvcmdfZWNsaXBzZV9zd3RfaW50ZXJuYWxfd2luMzJfUkVDVF8yKQoJKEpOSUVudiAqZW52LCBqY2xhc3MgdGhhdCwgamludCBhcmcwLCBqbG9uZyBhcmcxLCBqb2JqZWN0IGFyZzIpCns=
1546	STATEMENT	75054	75081	1	fd050c5f04c92f35087c12cba9135c8254fcbc013f022bef90f1635b250e0c4d	CglSRUNUIF9hcmcyLCAqbHBhcmcyPU5VTEw7
1547	STATEMENT	75081	75095	1	ab2eac128ef6225b35f40b35e2bd8fba39be8b3b6b281960b3c51646eba99890	CglqaW50IHJjID0gMDs=
1548	STATEMENT	75095	75182	1	60e21fba2f08b4979b204018b3fb1c94ecb01cab9b636b3e81c789bfd56219e8	CglDT01fTkFUSVZFX0VOVEVSKGVudiwgdGhhdCwgVnRibENhbGxfX0lKTG9yZ19lY2xpcHNlX3N3dF9pbnRlcm5hbF93aW4zMl9SRUNUXzJfRlVOQyk7
1549	STATEMENT	75182	75261	1	3bdeca3de9b49a76fbe1bb5fa22dac51b1abcd74757cbbac75612c27f5402359	CglpZiAoYXJnMikgaWYgKChscGFyZzIgPSBnZXRSRUNURmllbGRzKGVudiwgYXJnMiwgJl9hcmcyKSkgPT0gTlVMTCkgZ290byBmYWlsOw==
1550	STATEMENT	75261	75357	1	976412d2444bae80943ed32b9de1ffeaaf2270dec37973e27d68a329d5a1f583	CglyYyA9IChqaW50KSgoamludCAoU1RETUVUSE9EQ0FMTFRZUEUgKikoamxvbmcsIFJFQ1QgKikpKCooamxvbmcgKiopYXJnMSlbYXJnMF0pKGFyZzEsIGxwYXJnMik7
1551	STATEMENT	75357	75418	1	fd89d5ff22ddd9f0f5967fecf3a69b2f0d9c5deab76a3e3dfd6f13ccc7374462	CmZhaWw6CglpZiAoYXJnMiAmJiBscGFyZzIpIHNldFJFQ1RGaWVsZHMoZW52LCBhcmcyLCBscGFyZzIpOw==
1552	STATEMENT	75418	75504	1	d967be02b331554da3b0e7d29f391b76d70e55ba1f6c3634d7fe2a9b0243441d	CglDT01fTkFUSVZFX0VYSVQoZW52LCB0aGF0LCBWdGJsQ2FsbF9fSUpMb3JnX2VjbGlwc2Vfc3d0X2ludGVybmFsX3dpbjMyX1JFQ1RfMl9GVU5DKTs=
1553	STATEMENT	75504	75516	1	a028c9c9501df4846ec72c7b4432d4a3cb499b36b781bb1c38853498151d0ba7	CglyZXR1cm4gcmM7
1554	FRAGMENT	75516	75517	1	01ba4719c80b6fe911b091a7c05124b64eeece964e09c058ef8f9805daca546b	Cg==
1555	BLOCK_CLOSE	75517	75518	0	d10b36aa74a59bcf4a88185837f658afaf3646eff2bb16c3928d0e9335e945d2	fQ==
1556	PREPROCESSOR	75518	75526	0	626de321eb397f6600939892a0009f31bc378f7e886f9acc5ec0af18db6a99a7	CiNlbmRpZgo=
1557	PREPROCESSOR	75526	75591	0	59260693e2ae833feba63445cd82ce763f856eb3395407dd57e41827e064905e	CiNpZm5kZWYgTk9fVnRibENhbGxfX0lKTG9yZ19lY2xpcHNlX3N3dF9pbnRlcm5hbF93aW4zMl9SRUNUXzJKSQo=
1558	FUNCTION_OPEN	75591	75768	0	3c888707a9b71652b1c916fc4d145eb51148efa97abe631d2184dc4ab98ebe4e	Sk5JRVhQT1JUIGppbnQgSk5JQ0FMTCBDT01fTkFUSVZFKFZ0YmxDYWxsX19JSkxvcmdfZWNsaXBzZV9zd3RfaW50ZXJuYWxfd2luMzJfUkVDVF8ySkkpCgkoSk5JRW52ICplbnYsIGpjbGFzcyB0aGF0LCBqaW50IGFyZzAsIGpsb25nIGFyZzEsIGpvYmplY3QgYXJnMiwgamxvbmcgYXJnMywgamludCBhcmc0KQp7
1559	STATEMENT	75768	75795	1	fd050c5f04c92f35087c12cba9135c8254fcbc013f022bef90f1635b250e0c4d	CglSRUNUIF9hcmcyLCAqbHBhcmcyPU5VTEw7
1560	STATEMENT	75795	75809	1	ab2eac128ef6225b35f40b35e2bd8fba39be8b3b6b281960b3c51646eba99890	CglqaW50IHJjID0gMDs=
1561	STATEMENT	75809	75898	1	2a435899fb6622d382c5d79019c10918aa403114dfa2f4bd730b612a7a22a318	CglDT01fTkFUSVZFX0VOVEVSKGVudiwgdGhhdCwgVnRibENhbGxfX0lKTG9yZ19lY2xpcHNlX3N3dF9pbnRlcm5hbF93aW4zMl9SRUNUXzJKSV9GVU5DKTs=
1562	STATEMENT	75898	75977	1	3bdeca3de9b49a76fbe1bb5fa22dac51b1abcd74757cbbac75612c27f5402359	CglpZiAoYXJnMikgaWYgKChscGFyZzIgPSBnZXRSRUNURmllbGRzKGVudiwgYXJnMiwgJl9hcmcyKSkgPT0gTlVMTCkgZ290byBmYWlsOw==
1563	STATEMENT	75977	76098	1	3e682e52e9968a94b86b962ca2363df585b87e3e9ae5b11618fd7a8a10e92ea0	CglyYyA9IChqaW50KSgoamludCAoU1RETUVUSE9EQ0FMTFRZUEUgKikoamxvbmcsIFJFQ1QgKiwgamxvbmcsIGppbnQpKSgqKGpsb25nICoqKWFyZzEpW2FyZzBdKShhcmcxLCBscGFyZzIsIGFyZzMsIGFyZzQpOw==
1564	STATEMENT	76098	76159	1	fd89d5ff22ddd9f0f5967fecf3a69b2f0d9c5deab76a3e3dfd6f13ccc7374462	CmZhaWw6CglpZiAoYXJnMiAmJiBscGFyZzIpIHNldFJFQ1RGaWVsZHMoZW52LCBhcmcyLCBscGFyZzIpOw==
1565	STATEMENT	76159	76247	1	ff1110b121fa4ff6bb03e92944f52853f66da9a72376a3987b138c8793024226	CglDT01fTkFUSVZFX0VYSVQoZW52LCB0aGF0LCBWdGJsQ2FsbF9fSUpMb3JnX2VjbGlwc2Vfc3d0X2ludGVybmFsX3dpbjMyX1JFQ1RfMkpJX0ZVTkMpOw==
1566	STATEMENT	76247	76259	1	a028c9c9501df4846ec72c7b4432d4a3cb499b36b781bb1c38853498151d0ba7	CglyZXR1cm4gcmM7
1567	FRAGMENT	76259	76260	1	01ba4719c80b6fe911b091a7c05124b64eeece964e09c058ef8f9805daca546b	Cg==
1568	BLOCK_CLOSE	76260	76261	0	d10b36aa74a59bcf4a88185837f658afaf3646eff2bb16c3928d0e9335e945d2	fQ==
1569	PREPROCESSOR	76261	76269	0	626de321eb397f6600939892a0009f31bc378f7e886f9acc5ec0af18db6a99a7	CiNlbmRpZgo=
1570	PREPROCESSOR	76269	76334	0	6d7defc0b92502e0999cba6015bcf54ce41f7f2a370f73e86fd6c07dd93fc9e2	CiNpZm5kZWYgTk9fVnRibENhbGxfX0lKTG9yZ19lY2xpcHNlX3N3dF9pbnRlcm5hbF93aW4zMl9SRUNUXzJKSgo=
1571	FUNCTION_OPEN	76334	76512	0	6c03a45d6e303c0148520f09bacd3255874603aacc566c6140cfd02fa13c4e1e	Sk5JRVhQT1JUIGppbnQgSk5JQ0FMTCBDT01fTkFUSVZFKFZ0YmxDYWxsX19JSkxvcmdfZWNsaXBzZV9zd3RfaW50ZXJuYWxfd2luMzJfUkVDVF8ySkopCgkoSk5JRW52ICplbnYsIGpjbGFzcyB0aGF0LCBqaW50IGFyZzAsIGpsb25nIGFyZzEsIGpvYmplY3QgYXJnMiwgamxvbmcgYXJnMywgamxvbmcgYXJnNCkKew==
1572	STATEMENT	76512	76539	1	fd050c5f04c92f35087c12cba9135c8254fcbc013f022bef90f1635b250e0c4d	CglSRUNUIF9hcmcyLCAqbHBhcmcyPU5VTEw7
1573	STATEMENT	76539	76553	1	ab2eac128ef6225b35f40b35e2bd8fba39be8b3b6b281960b3c51646eba99890	CglqaW50IHJjID0gMDs=
1574	STATEMENT	76553	76642	1	240810d6a950c0e19beb7be4567bc4afa91686ae8c990d073b4ef8d9f2362c3f	CglDT01fTkFUSVZFX0VOVEVSKGVudiwgdGhhdCwgVnRibENhbGxfX0lKTG9yZ19lY2xpcHNlX3N3dF9pbnRlcm5hbF93aW4zMl9SRUNUXzJKSl9GVU5DKTs=
1575	STATEMENT	76642	76721	1	3bdeca3de9b49a76fbe1bb5fa22dac51b1abcd74757cbbac75612c27f5402359	CglpZiAoYXJnMikgaWYgKChscGFyZzIgPSBnZXRSRUNURmllbGRzKGVudiwgYXJnMiwgJl9hcmcyKSkgPT0gTlVMTCkgZ290byBmYWlsOw==
1576	STATEMENT	76721	76842	1	66f515378d3b930bd90354dbf4ceee4b11384a8432002eed4857dd1f64bdc9c9	CglyYyA9IChqaW50KSgoamludCAoU1RETUVUSE9EQ0FMTFRZUEUgKikoamxvbmcsIFJFQ1QsIGpsb25nLCBqbG9uZykpKCooamxvbmcgKiopYXJnMSlbYXJnMF0pKGFyZzEsICpscGFyZzIsIGFyZzMsIGFyZzQpOw==
1577	STATEMENT	76842	76903	1	fd89d5ff22ddd9f0f5967fecf3a69b2f0d9c5deab76a3e3dfd6f13ccc7374462	CmZhaWw6CglpZiAoYXJnMiAmJiBscGFyZzIpIHNldFJFQ1RGaWVsZHMoZW52LCBhcmcyLCBscGFyZzIpOw==
1578	STATEMENT	76903	76991	1	267148e7f23e901dce32d79814355024d18f3a3f29b22087a649364c96ec95d2	CglDT01fTkFUSVZFX0VYSVQoZW52LCB0aGF0LCBWdGJsQ2FsbF9fSUpMb3JnX2VjbGlwc2Vfc3d0X2ludGVybmFsX3dpbjMyX1JFQ1RfMkpKX0ZVTkMpOw==
1579	STATEMENT	76991	77003	1	a028c9c9501df4846ec72c7b4432d4a3cb499b36b781bb1c38853498151d0ba7	CglyZXR1cm4gcmM7
1580	FRAGMENT	77003	77004	1	01ba4719c80b6fe911b091a7c05124b64eeece964e09c058ef8f9805daca546b	Cg==
1581	BLOCK_CLOSE	77004	77005	0	d10b36aa74a59bcf4a88185837f658afaf3646eff2bb16c3928d0e9335e945d2	fQ==
1582	PREPROCESSOR	77005	77013	0	626de321eb397f6600939892a0009f31bc378f7e886f9acc5ec0af18db6a99a7	CiNlbmRpZgo=
1583	PREPROCESSOR	77013	77114	0	958fe734ac381559843ade58d71908511c94ca8a37675f83f197df3f40a9c464	CiNpZm5kZWYgTk9fVnRibENhbGxfX0lKTG9yZ19lY2xpcHNlX3N3dF9pbnRlcm5hbF93aW4zMl9SRUNUXzJMb3JnX2VjbGlwc2Vfc3d0X2ludGVybmFsX3dpbjMyX1JFQ1RfMgo=
1584	FUNCTION_OPEN	77114	77318	0	af0631d37b941ccd025257aed7f21fc420323af261d87ad302e605f954de4a90	Sk5JRVhQT1JUIGppbnQgSk5JQ0FMTCBDT01fTkFUSVZFKFZ0YmxDYWxsX19JSkxvcmdfZWNsaXBzZV9zd3RfaW50ZXJuYWxfd2luMzJfUkVDVF8yTG9yZ19lY2xpcHNlX3N3dF9pbnRlcm5hbF93aW4zMl9SRUNUXzIpCgkoSk5JRW52ICplbnYsIGpjbGFzcyB0aGF0LCBqaW50IGFyZzAsIGpsb25nIGFyZzEsIGpvYmplY3QgYXJnMiwgam9iamVjdCBhcmczKQp7
1585	STATEMENT	77318	77345	1	fd050c5f04c92f35087c12cba9135c8254fcbc013f022bef90f1635b250e0c4d	CglSRUNUIF9hcmcyLCAqbHBhcmcyPU5VTEw7
1586	STATEMENT	77345	77372	1	19cae66fa0b31b4907c1b5b4c5b19df821d5a9616cbb2c6a5b40615c9c9083ef	CglSRUNUIF9hcmczLCAqbHBhcmczPU5VTEw7
1587	STATEMENT	77372	77386	1	ab2eac128ef6225b35f40b35e2bd8fba39be8b3b6b281960b3c51646eba99890	CglqaW50IHJjID0gMDs=
1588	STATEMENT	77386	77511	1	d9d852f3f1b23c36cffab89c67931a46c3a69f61f292fe203e833f7c035f2dd3	CglDT01fTkFUSVZFX0VOVEVSKGVudiwgdGhhdCwgVnRibENhbGxfX0lKTG9yZ19lY2xpcHNlX3N3dF9pbnRlcm5hbF93aW4zMl9SRUNUXzJMb3JnX2VjbGlwc2Vfc3d0X2ludGVybmFsX3dpbjMyX1JFQ1RfMl9GVU5DKTs=
1589	STATEMENT	77511	77590	1	3bdeca3de9b49a76fbe1bb5fa22dac51b1abcd74757cbbac75612c27f5402359	CglpZiAoYXJnMikgaWYgKChscGFyZzIgPSBnZXRSRUNURmllbGRzKGVudiwgYXJnMiwgJl9hcmcyKSkgPT0gTlVMTCkgZ290byBmYWlsOw==
1590	STATEMENT	77590	77669	1	1ab5819797f1f0425ab62472f541db31895bcdacfe25a5a67d99f8cd1584bc05	CglpZiAoYXJnMykgaWYgKChscGFyZzMgPSBnZXRSRUNURmllbGRzKGVudiwgYXJnMywgJl9hcmczKSkgPT0gTlVMTCkgZ290byBmYWlsOw==
1591	STATEMENT	77669	77781	1	88f0d0ee3bde55ea069b5f05bd78900abea9eda65e1db542d8238bfd015b5990	CglyYyA9IChqaW50KSgoamludCAoU1RETUVUSE9EQ0FMTFRZUEUgKikoamxvbmcsIFJFQ1QgKiwgUkVDVCAqKSkoKihqbG9uZyAqKilhcmcxKVthcmcwXSkoYXJnMSwgbHBhcmcyLCBscGFyZzMpOw==
1592	STATEMENT	77781	77842	1	4ce7eea4a4f12c2b452a6a47d157eb524dbd54dca2d751fb1b062ee57c99b3bb	CmZhaWw6CglpZiAoYXJnMyAmJiBscGFyZzMpIHNldFJFQ1RGaWVsZHMoZW52LCBhcmczLCBscGFyZzMpOw==
1593	STATEMENT	77842	77897	1	468e4c9643ea692e4fc15a6275988af4184ac38de2199a85dc726a08f86a1e0b	CglpZiAoYXJnMiAmJiBscGFyZzIpIHNldFJFQ1RGaWVsZHMoZW52LCBhcmcyLCBscGFyZzIpOw==
1594	STATEMENT	77897	78021	1	171b9c5b68b5b17c09a225387c6939059ca5f174264799fe12c6e22adaec93f4	CglDT01fTkFUSVZFX0VYSVQoZW52LCB0aGF0LCBWdGJsQ2FsbF9fSUpMb3JnX2VjbGlwc2Vfc3d0X2ludGVybmFsX3dpbjMyX1JFQ1RfMkxvcmdfZWNsaXBzZV9zd3RfaW50ZXJuYWxfd2luMzJfUkVDVF8yX0ZVTkMpOw==
1595	STATEMENT	78021	78033	1	a028c9c9501df4846ec72c7b4432d4a3cb499b36b781bb1c38853498151d0ba7	CglyZXR1cm4gcmM7
1596	FRAGMENT	78033	78034	1	01ba4719c80b6fe911b091a7c05124b64eeece964e09c058ef8f9805daca546b	Cg==
1597	BLOCK_CLOSE	78034	78035	0	d10b36aa74a59bcf4a88185837f658afaf3646eff2bb16c3928d0e9335e945d2	fQ==
1598	PREPROCESSOR	78035	78043	0	626de321eb397f6600939892a0009f31bc378f7e886f9acc5ec0af18db6a99a7	CiNlbmRpZgo=
1599	PREPROCESSOR	78043	78122	0	baee05923bf2979f336bdcefbe4377b5220b3063cdaf6fa799c832358cc581ea	CiNpZm5kZWYgTk9fVnRibENhbGxfX0lKTG9yZ19lY2xpcHNlX3N3dF9pbnRlcm5hbF93aW4zMl9URl8xRElTUExBWUFUVFJJQlVURV8yCg==
1600	FUNCTION_OPEN	78122	78290	0	2621b2042b25358eeef0f3ec4cbdf5bb11a3edd1dfbde20fed35257a21e3d597	Sk5JRVhQT1JUIGppbnQgSk5JQ0FMTCBDT01fTkFUSVZFKFZ0YmxDYWxsX19JSkxvcmdfZWNsaXBzZV9zd3RfaW50ZXJuYWxfd2luMzJfVEZfMURJU1BMQVlBVFRSSUJVVEVfMikKCShKTklFbnYgKmVudiwgamNsYXNzIHRoYXQsIGppbnQgYXJnMCwgamxvbmcgYXJnMSwgam9iamVjdCBhcmcyKQp7
1601	STATEMENT	78290	78332	1	daa8874c32417a23eb1e3bdbb37a3bd0c42323f9758776289cfe1de3b9c18533	CglURl9ESVNQTEFZQVRUUklCVVRFIF9hcmcyLCAqbHBhcmcyPU5VTEw7
1602	STATEMENT	78332	78346	1	ab2eac128ef6225b35f40b35e2bd8fba39be8b3b6b281960b3c51646eba99890	CglqaW50IHJjID0gMDs=
1603	STATEMENT	78346	78449	1	ebdfbf31b57dd87c2fc8208c58ff81457e4475aafe5e8a18750b8374628def0a	CglDT01fTkFUSVZFX0VOVEVSKGVudiwgdGhhdCwgVnRibENhbGxfX0lKTG9yZ19lY2xpcHNlX3N3dF9pbnRlcm5hbF93aW4zMl9URl8xRElTUExBWUFUVFJJQlVURV8yX0ZVTkMpOw==
1604	STATEMENT	78449	78543	1	43616eaeed133b79e1782d93ad321364df0772039fd8c293ddc78d64a02b7118	CglpZiAoYXJnMikgaWYgKChscGFyZzIgPSBnZXRURl9ESVNQTEFZQVRUUklCVVRFRmllbGRzKGVudiwgYXJnMiwgJl9hcmcyKSkgPT0gTlVMTCkgZ290byBmYWlsOw==
1605	STATEMENT	78543	78654	1	39520d991eb87538491aa97aaf29e18951d79de0b1c657ce781f02b2219e56ce	CglyYyA9IChqaW50KSgoamludCAoU1RETUVUSE9EQ0FMTFRZUEUgKikoamxvbmcsIFRGX0RJU1BMQVlBVFRSSUJVVEUgKikpKCooamxvbmcgKiopYXJnMSlbYXJnMF0pKGFyZzEsIGxwYXJnMik7
1606	STATEMENT	78654	78730	1	8e6c8a6978358d05f884af867ed004da7fdb8c9ee1343a0ebc6246e647ee87a5	CmZhaWw6CglpZiAoYXJnMiAmJiBscGFyZzIpIHNldFRGX0RJU1BMQVlBVFRSSUJVVEVGaWVsZHMoZW52LCBhcmcyLCBscGFyZzIpOw==
1607	STATEMENT	78730	78832	1	9affc660347e129469acc689fc82e00e71eac9e3eeb184d845810a89df3ae23e	CglDT01fTkFUSVZFX0VYSVQoZW52LCB0aGF0LCBWdGJsQ2FsbF9fSUpMb3JnX2VjbGlwc2Vfc3d0X2ludGVybmFsX3dpbjMyX1RGXzFESVNQTEFZQVRUUklCVVRFXzJfRlVOQyk7
1608	STATEMENT	78832	78844	1	a028c9c9501df4846ec72c7b4432d4a3cb499b36b781bb1c38853498151d0ba7	CglyZXR1cm4gcmM7
1609	FRAGMENT	78844	78845	1	01ba4719c80b6fe911b091a7c05124b64eeece964e09c058ef8f9805daca546b	Cg==
1610	BLOCK_CLOSE	78845	78846	0	d10b36aa74a59bcf4a88185837f658afaf3646eff2bb16c3928d0e9335e945d2	fQ==
1611	PREPROCESSOR	78846	78854	0	626de321eb397f6600939892a0009f31bc378f7e886f9acc5ec0af18db6a99a7	CiNlbmRpZgo=
1612	PREPROCESSOR	78854	78882	0	eee9062fb7f50c269bea69b50c9b302363689f8dbeaca3c96ffdf6663c4437bc	CiNpZm5kZWYgTk9fVnRibENhbGxfX0lKXzNDCg==
1613	FUNCTION_OPEN	78882	79002	0	7a0148a53dc2dd8b47eec5ac600db23301f692e62ec5534494d1c77be2cd86dc	Sk5JRVhQT1JUIGppbnQgSk5JQ0FMTCBDT01fTkFUSVZFKFZ0YmxDYWxsX19JSl8zQykKCShKTklFbnYgKmVudiwgamNsYXNzIHRoYXQsIGppbnQgYXJnMCwgamxvbmcgYXJnMSwgamNoYXJBcnJheSBhcmcyKQp7
1614	STATEMENT	79002	79023	1	63e3c9a5b7a8557191f3b50766f673f6efe9bb4172f1255316c7f10799a57575	CglqY2hhciAqbHBhcmcyPU5VTEw7
1615	STATEMENT	79023	79037	1	ab2eac128ef6225b35f40b35e2bd8fba39be8b3b6b281960b3c51646eba99890	CglqaW50IHJjID0gMDs=
1616	STATEMENT	79037	79089	1	918dd9025b5b26bde31d59d3309d0d652eca0bcb32dd6eda3eaeea2a28040585	CglDT01fTkFUSVZFX0VOVEVSKGVudiwgdGhhdCwgVnRibENhbGxfX0lKXzNDX0ZVTkMpOw==
1617	STATEMENT	79089	79181	1	7662523c5abf69866c4ce073fe11a5f10f7b140fe1be65dd2e046ff3df0180c0	CglpZiAoYXJnMikgaWYgKChscGFyZzIgPSAoKmVudiktPkdldENoYXJBcnJheUVsZW1lbnRzKGVudiwgYXJnMiwgTlVMTCkpID09IE5VTEwpIGdvdG8gZmFpbDs=
1618	STATEMENT	79181	79278	1	3c5192602daeb1c0975d79f350bb90bb5542f2e59afcb9eb03f0d48a40e0f4b2	CglyYyA9IChqaW50KSgoamludCAoU1RETUVUSE9EQ0FMTFRZUEUgKikoamxvbmcsIGpjaGFyICopKSgqKGpsb25nICoqKWFyZzEpW2FyZzBdKShhcmcxLCBscGFyZzIpOw==
1619	STATEMENT	79278	79361	1	58832d8bf85fb0473555936710db0958b234560325b381567c416e6093fcd34d	CmZhaWw6CglpZiAoYXJnMiAmJiBscGFyZzIpICgqZW52KS0+UmVsZWFzZUNoYXJBcnJheUVsZW1lbnRzKGVudiwgYXJnMiwgbHBhcmcyLCAwKTs=
1620	STATEMENT	79361	79412	1	a5f844b9333f41661887e4f9df631406a1978e6eee45e82ce15744fd506f7d34	CglDT01fTkFUSVZFX0VYSVQoZW52LCB0aGF0LCBWdGJsQ2FsbF9fSUpfM0NfRlVOQyk7
1621	STATEMENT	79412	79424	1	a028c9c9501df4846ec72c7b4432d4a3cb499b36b781bb1c38853498151d0ba7	CglyZXR1cm4gcmM7
1622	FRAGMENT	79424	79425	1	01ba4719c80b6fe911b091a7c05124b64eeece964e09c058ef8f9805daca546b	Cg==
1623	BLOCK_CLOSE	79425	79426	0	d10b36aa74a59bcf4a88185837f658afaf3646eff2bb16c3928d0e9335e945d2	fQ==
1624	PREPROCESSOR	79426	79434	0	626de321eb397f6600939892a0009f31bc378f7e886f9acc5ec0af18db6a99a7	CiNlbmRpZgo=
1625	PREPROCESSOR	79434	79463	0	6f83e5eea2102f043712953885899ea0b78cc480176912523e84005c41803ba6	CiNpZm5kZWYgTk9fVnRibENhbGxfX0lKXzNDSQo=
1626	FUNCTION_OPEN	79463	79595	0	4c0daea1ce7a4015621e313979c38d45d9bc75266205ca4a19cb103318fcd88c	Sk5JRVhQT1JUIGppbnQgSk5JQ0FMTCBDT01fTkFUSVZFKFZ0YmxDYWxsX19JSl8zQ0kpCgkoSk5JRW52ICplbnYsIGpjbGFzcyB0aGF0LCBqaW50IGFyZzAsIGpsb25nIGFyZzEsIGpjaGFyQXJyYXkgYXJnMiwgamludCBhcmczKQp7
1627	STATEMENT	79595	79616	1	63e3c9a5b7a8557191f3b50766f673f6efe9bb4172f1255316c7f10799a57575	CglqY2hhciAqbHBhcmcyPU5VTEw7
1628	STATEMENT	79616	79630	1	ab2eac128ef6225b35f40b35e2bd8fba39be8b3b6b281960b3c51646eba99890	CglqaW50IHJjID0gMDs=
1629	STATEMENT	79630	79683	1	ad87adddf1fdc74b6acf399e9c7ab12d31bd1de9bfa8f79a70508f74c4b560b3	CglDT01fTkFUSVZFX0VOVEVSKGVudiwgdGhhdCwgVnRibENhbGxfX0lKXzNDSV9GVU5DKTs=
1630	STATEMENT	79683	79775	1	7662523c5abf69866c4ce073fe11a5f10f7b140fe1be65dd2e046ff3df0180c0	CglpZiAoYXJnMikgaWYgKChscGFyZzIgPSAoKmVudiktPkdldENoYXJBcnJheUVsZW1lbnRzKGVudiwgYXJnMiwgTlVMTCkpID09IE5VTEwpIGdvdG8gZmFpbDs=
1631	STATEMENT	79775	79884	1	2e36139a36b970fe4e4c9b627e6fb7a508c7428522f9807abad736ecc63185b0	CglyYyA9IChqaW50KSgoamludCAoU1RETUVUSE9EQ0FMTFRZUEUgKikoamxvbmcsIGpjaGFyICosIGppbnQpKSgqKGpsb25nICoqKWFyZzEpW2FyZzBdKShhcmcxLCBscGFyZzIsIGFyZzMpOw==
1632	STATEMENT	79884	79967	1	58832d8bf85fb0473555936710db0958b234560325b381567c416e6093fcd34d	CmZhaWw6CglpZiAoYXJnMiAmJiBscGFyZzIpICgqZW52KS0+UmVsZWFzZUNoYXJBcnJheUVsZW1lbnRzKGVudiwgYXJnMiwgbHBhcmcyLCAwKTs=
1633	STATEMENT	79967	80019	1	0e4ef6e5464ae73292ab69631c5a00830614776507ad09453ffc004a26092167	CglDT01fTkFUSVZFX0VYSVQoZW52LCB0aGF0LCBWdGJsQ2FsbF9fSUpfM0NJX0ZVTkMpOw==
1634	STATEMENT	80019	80031	1	a028c9c9501df4846ec72c7b4432d4a3cb499b36b781bb1c38853498151d0ba7	CglyZXR1cm4gcmM7
1635	FRAGMENT	80031	80032	1	01ba4719c80b6fe911b091a7c05124b64eeece964e09c058ef8f9805daca546b	Cg==
1636	BLOCK_CLOSE	80032	80033	0	d10b36aa74a59bcf4a88185837f658afaf3646eff2bb16c3928d0e9335e945d2	fQ==
1637	PREPROCESSOR	80033	80041	0	626de321eb397f6600939892a0009f31bc378f7e886f9acc5ec0af18db6a99a7	CiNlbmRpZgo=
1638	PREPROCESSOR	80041	80075	0	1f667b1e429bfd4b9fbd8200baf71883f03e2ac7736b3e26eb9381f627781ae9	CiNpZm5kZWYgTk9fVnRibENhbGxfX0lKXzNDSUlJXzNKCg==
1639	FUNCTION_OPEN	80075	80251	0	e433bc81279f3e1d14b0fc9c81a17ff113eca1b8364977b66a89cda4c402d008	Sk5JRVhQT1JUIGppbnQgSk5JQ0FMTCBDT01fTkFUSVZFKFZ0YmxDYWxsX19JSl8zQ0lJSV8zSikKCShKTklFbnYgKmVudiwgamNsYXNzIHRoYXQsIGppbnQgYXJnMCwgamxvbmcgYXJnMSwgamNoYXJBcnJheSBhcmcyLCBqaW50IGFyZzMsIGppbnQgYXJnNCwgamludCBhcmc1LCBqbG9uZ0FycmF5IGFyZzYpCns=
1640	STATEMENT	80251	80272	1	63e3c9a5b7a8557191f3b50766f673f6efe9bb4172f1255316c7f10799a57575	CglqY2hhciAqbHBhcmcyPU5VTEw7
1641	STATEMENT	80272	80293	1	3edeb231b1fcaa85678ce70ef2924eadaa43c64a4b4c8605b2555a253731e5d6	CglqbG9uZyAqbHBhcmc2PU5VTEw7
1642	STATEMENT	80293	80307	1	ab2eac128ef6225b35f40b35e2bd8fba39be8b3b6b281960b3c51646eba99890	CglqaW50IHJjID0gMDs=
1643	STATEMENT	80307	80365	1	f6bc94ec1200612de648fa0cc43e2e2191fd22d9cadf2342f74292a3e4e60956	CglDT01fTkFUSVZFX0VOVEVSKGVudiwgdGhhdCwgVnRibENhbGxfX0lKXzNDSUlJXzNKX0ZVTkMpOw==
1644	STATEMENT	80365	80457	1	7662523c5abf69866c4ce073fe11a5f10f7b140fe1be65dd2e046ff3df0180c0	CglpZiAoYXJnMikgaWYgKChscGFyZzIgPSAoKmVudiktPkdldENoYXJBcnJheUVsZW1lbnRzKGVudiwgYXJnMiwgTlVMTCkpID09IE5VTEwpIGdvdG8gZmFpbDs=
1645	STATEMENT	80457	80549	1	02282f8e07ea1d7a274b42a8798e326cfaa602665b69bd1184266a1e28fbc5d0	CglpZiAoYXJnNikgaWYgKChscGFyZzYgPSAoKmVudiktPkdldExvbmdBcnJheUVsZW1lbnRzKGVudiwgYXJnNiwgTlVMTCkpID09IE5VTEwpIGdvdG8gZmFpbDs=
1646	STATEMENT	80549	80699	1	a552300e4d61e651fba07fe63a88e279b61620515e7b2c375939977c42b21643	CglyYyA9IChqaW50KSgoamludCAoU1RETUVUSE9EQ0FMTFRZUEUgKikoamxvbmcsIGpjaGFyICosIGppbnQsIGppbnQsIGppbnQsIGpsb25nICopKSgqKGpsb25nICoqKWFyZzEpW2FyZzBdKShhcmcxLCBscGFyZzIsIGFyZzMsIGFyZzQsIGFyZzUsIGxwYXJnNik7
1647	STATEMENT	80699	80782	1	49e4c654593f6b0c5451030d3a60484652b2da7e0e2d3bf3b7be6232f58d1d4d	CmZhaWw6CglpZiAoYXJnNiAmJiBscGFyZzYpICgqZW52KS0+UmVsZWFzZUxvbmdBcnJheUVsZW1lbnRzKGVudiwgYXJnNiwgbHBhcmc2LCAwKTs=
1648	STATEMENT	80782	80859	1	d9dbff79d65a3603b44be5ee400673cd2d4cc0491cd9a0fc4aa2888aefc520fa	CglpZiAoYXJnMiAmJiBscGFyZzIpICgqZW52KS0+UmVsZWFzZUNoYXJBcnJheUVsZW1lbnRzKGVudiwgYXJnMiwgbHBhcmcyLCAwKTs=
1649	STATEMENT	80859	80916	1	df32ceeeec3868b7c973d0af666718291b00e4ba5c6bbbff0a39be1026068be3	CglDT01fTkFUSVZFX0VYSVQoZW52LCB0aGF0LCBWdGJsQ2FsbF9fSUpfM0NJSUlfM0pfRlVOQyk7
1650	STATEMENT	80916	80928	1	a028c9c9501df4846ec72c7b4432d4a3cb499b36b781bb1c38853498151d0ba7	CglyZXR1cm4gcmM7
1651	FRAGMENT	80928	80929	1	01ba4719c80b6fe911b091a7c05124b64eeece964e09c058ef8f9805daca546b	Cg==
1652	BLOCK_CLOSE	80929	80930	0	d10b36aa74a59bcf4a88185837f658afaf3646eff2bb16c3928d0e9335e945d2	fQ==
1653	PREPROCESSOR	80930	80938	0	626de321eb397f6600939892a0009f31bc378f7e886f9acc5ec0af18db6a99a7	CiNlbmRpZgo=
1654	PREPROCESSOR	80938	80974	0	2bb74dcdf80f5a9c7483a43e2be3139522a3bdab838cdbd3ddd7a416e1108f50	CiNpZm5kZWYgTk9fVnRibENhbGxfX0lKXzNDSUlfM0lfM0kK
1655	FUNCTION_OPEN	80974	81156	0	51fed336e237be9f467e2b78cd6fee45d73e9824fdd62f94352f84b97f69f33f	Sk5JRVhQT1JUIGppbnQgSk5JQ0FMTCBDT01fTkFUSVZFKFZ0YmxDYWxsX19JSl8zQ0lJXzNJXzNJKQoJKEpOSUVudiAqZW52LCBqY2xhc3MgdGhhdCwgamludCBhcmcwLCBqbG9uZyBhcmcxLCBqY2hhckFycmF5IGFyZzIsIGppbnQgYXJnMywgamludCBhcmc0LCBqaW50QXJyYXkgYXJnNSwgamludEFycmF5IGFyZzYpCns=
1656	STATEMENT	81156	81177	1	63e3c9a5b7a8557191f3b50766f673f6efe9bb4172f1255316c7f10799a57575	CglqY2hhciAqbHBhcmcyPU5VTEw7
1657	STATEMENT	81177	81197	1	c36deab2017725fa7481a4988aca1cc8a184fbf159f56c94121c2107b9b0b008	CglqaW50ICpscGFyZzU9TlVMTDs=
1658	STATEMENT	81197	81217	1	a966fbc1ba595046f751a75f9319f63b8560d47b479c09d98f0ec43b1a081350	CglqaW50ICpscGFyZzY9TlVMTDs=
1659	STATEMENT	81217	81231	1	ab2eac128ef6225b35f40b35e2bd8fba39be8b3b6b281960b3c51646eba99890	CglqaW50IHJjID0gMDs=
1660	STATEMENT	81231	81291	1	ff569672d6d66649730cfc26f0dd02e70beaeff86bc3c72a853c8ea59a0b5d76	CglDT01fTkFUSVZFX0VOVEVSKGVudiwgdGhhdCwgVnRibENhbGxfX0lKXzNDSUlfM0lfM0lfRlVOQyk7
1661	STATEMENT	81291	81383	1	7662523c5abf69866c4ce073fe11a5f10f7b140fe1be65dd2e046ff3df0180c0	CglpZiAoYXJnMikgaWYgKChscGFyZzIgPSAoKmVudiktPkdldENoYXJBcnJheUVsZW1lbnRzKGVudiwgYXJnMiwgTlVMTCkpID09IE5VTEwpIGdvdG8gZmFpbDs=
1662	STATEMENT	81383	81474	1	552750cc804e78707954fff5f3878b49291a9b0efcd444b90eaa874d22b8f286	CglpZiAoYXJnNSkgaWYgKChscGFyZzUgPSAoKmVudiktPkdldEludEFycmF5RWxlbWVudHMoZW52LCBhcmc1LCBOVUxMKSkgPT0gTlVMTCkgZ290byBmYWlsOw==
1663	STATEMENT	81474	81565	1	f45ba4ee8f42e0b47d4b7fb0c4ca47a06fee0a5fac052f45a94c354e6fd1320d	CglpZiAoYXJnNikgaWYgKChscGFyZzYgPSAoKmVudiktPkdldEludEFycmF5RWxlbWVudHMoZW52LCBhcmc2LCBOVUxMKSkgPT0gTlVMTCkgZ290byBmYWlsOw==
1664	STATEMENT	81565	81718	1	8fd08d56e7769af8716788e08df2c948b55ceaf6bc2655cee1656c96a74e43dd	CglyYyA9IChqaW50KSgoamludCAoU1RETUVUSE9EQ0FMTFRZUEUgKikoamxvbmcsIGpjaGFyICosIGppbnQsIGppbnQsIGppbnQgKiwgamludCAqKSkoKihqbG9uZyAqKilhcmcxKVthcmcwXSkoYXJnMSwgbHBhcmcyLCBhcmczLCBhcmc0LCBscGFyZzUsIGxwYXJnNik7
1665	STATEMENT	81718	81800	1	f1d8d85da21c24ebe6226f2f95b5e47a8629d7516467f154efaca32f4c6b7257	CmZhaWw6CglpZiAoYXJnNiAmJiBscGFyZzYpICgqZW52KS0+UmVsZWFzZUludEFycmF5RWxlbWVudHMoZW52LCBhcmc2LCBscGFyZzYsIDApOw==
1666	STATEMENT	81800	81876	1	532e13dcbdb60b3a07680108c1b49f96d34b3ed4743391965138a5d8ab9049db	CglpZiAoYXJnNSAmJiBscGFyZzUpICgqZW52KS0+UmVsZWFzZUludEFycmF5RWxlbWVudHMoZW52LCBhcmc1LCBscGFyZzUsIDApOw==
1667	STATEMENT	81876	81953	1	d9dbff79d65a3603b44be5ee400673cd2d4cc0491cd9a0fc4aa2888aefc520fa	CglpZiAoYXJnMiAmJiBscGFyZzIpICgqZW52KS0+UmVsZWFzZUNoYXJBcnJheUVsZW1lbnRzKGVudiwgYXJnMiwgbHBhcmcyLCAwKTs=
1668	STATEMENT	81953	82012	1	3533e41c4718d00901e48a87e3e417b1df4bb2ab1e069f0992c3d421c539d9d6	CglDT01fTkFUSVZFX0VYSVQoZW52LCB0aGF0LCBWdGJsQ2FsbF9fSUpfM0NJSV8zSV8zSV9GVU5DKTs=
1669	STATEMENT	82012	82024	1	a028c9c9501df4846ec72c7b4432d4a3cb499b36b781bb1c38853498151d0ba7	CglyZXR1cm4gcmM7
1670	FRAGMENT	82024	82025	1	01ba4719c80b6fe911b091a7c05124b64eeece964e09c058ef8f9805daca546b	Cg==
1671	BLOCK_CLOSE	82025	82026	0	d10b36aa74a59bcf4a88185837f658afaf3646eff2bb16c3928d0e9335e945d2	fQ==
1672	PREPROCESSOR	82026	82034	0	626de321eb397f6600939892a0009f31bc378f7e886f9acc5ec0af18db6a99a7	CiNlbmRpZgo=
1673	PREPROCESSOR	82034	82063	0	fc7625310ac3bffb229e7147c330c03463f7ff871d3fac98cd8ace24da4da89b	CiNpZm5kZWYgTk9fVnRibENhbGxfX0lKXzNDSgo=
1674	FUNCTION_OPEN	82063	82196	0	91d88a4b834af71290dd7a6576df5493dd90e2c6c905c7786fd086340e0ca532	Sk5JRVhQT1JUIGppbnQgSk5JQ0FMTCBDT01fTkFUSVZFKFZ0YmxDYWxsX19JSl8zQ0opCgkoSk5JRW52ICplbnYsIGpjbGFzcyB0aGF0LCBqaW50IGFyZzAsIGpsb25nIGFyZzEsIGpjaGFyQXJyYXkgYXJnMiwgamxvbmcgYXJnMykKew==
1675	STATEMENT	82196	82217	1	63e3c9a5b7a8557191f3b50766f673f6efe9bb4172f1255316c7f10799a57575	CglqY2hhciAqbHBhcmcyPU5VTEw7
1676	STATEMENT	82217	82231	1	ab2eac128ef6225b35f40b35e2bd8fba39be8b3b6b281960b3c51646eba99890	CglqaW50IHJjID0gMDs=
1677	STATEMENT	82231	82284	1	ab82c0288d3946447f86c9e34d6cdb76943c116debb46e0b6edd14d931fb1bfb	CglDT01fTkFUSVZFX0VOVEVSKGVudiwgdGhhdCwgVnRibENhbGxfX0lKXzNDSl9GVU5DKTs=
1678	STATEMENT	82284	82376	1	7662523c5abf69866c4ce073fe11a5f10f7b140fe1be65dd2e046ff3df0180c0	CglpZiAoYXJnMikgaWYgKChscGFyZzIgPSAoKmVudiktPkdldENoYXJBcnJheUVsZW1lbnRzKGVudiwgYXJnMiwgTlVMTCkpID09IE5VTEwpIGdvdG8gZmFpbDs=
1679	STATEMENT	82376	82486	1	e2abdb4529f0d0b263206e84ac14dfcc1c04c249003ae0241d79149412808063	CglyYyA9IChqaW50KSgoamludCAoU1RETUVUSE9EQ0FMTFRZUEUgKikoamxvbmcsIGpjaGFyICosIGpsb25nKSkoKihqbG9uZyAqKilhcmcxKVthcmcwXSkoYXJnMSwgbHBhcmcyLCBhcmczKTs=
1680	STATEMENT	82486	82569	1	58832d8bf85fb0473555936710db0958b234560325b381567c416e6093fcd34d	CmZhaWw6CglpZiAoYXJnMiAmJiBscGFyZzIpICgqZW52KS0+UmVsZWFzZUNoYXJBcnJheUVsZW1lbnRzKGVudiwgYXJnMiwgbHBhcmcyLCAwKTs=
1681	STATEMENT	82569	82621	1	61ee16248e23b0d7ba62e75cca95074299feb975a89742f8016feb74e7c9d4e5	CglDT01fTkFUSVZFX0VYSVQoZW52LCB0aGF0LCBWdGJsQ2FsbF9fSUpfM0NKX0ZVTkMpOw==
1682	STATEMENT	82621	82633	1	a028c9c9501df4846ec72c7b4432d4a3cb499b36b781bb1c38853498151d0ba7	CglyZXR1cm4gcmM7
1683	FRAGMENT	82633	82634	1	01ba4719c80b6fe911b091a7c05124b64eeece964e09c058ef8f9805daca546b	Cg==
1684	BLOCK_CLOSE	82634	82635	0	d10b36aa74a59bcf4a88185837f658afaf3646eff2bb16c3928d0e9335e945d2	fQ==
1685	PREPROCESSOR	82635	82643	0	626de321eb397f6600939892a0009f31bc378f7e886f9acc5ec0af18db6a99a7	CiNlbmRpZgo=
1686	PREPROCESSOR	82643	82678	0	49fddbbd589a59db527e14e2bc41d4e4712e3f3f0d7228697b738734503b40ba	CiNpZm5kZWYgTk9fVnRibENhbGxfX0lKXzNDSklJSV8zSgo=
1687	FUNCTION_OPEN	82678	82867	0	a918e0ae1809cfa50ec1311bfd28af31b80e34adda15b56ac732055e3dfe187d	Sk5JRVhQT1JUIGppbnQgSk5JQ0FMTCBDT01fTkFUSVZFKFZ0YmxDYWxsX19JSl8zQ0pJSUlfM0opCgkoSk5JRW52ICplbnYsIGpjbGFzcyB0aGF0LCBqaW50IGFyZzAsIGpsb25nIGFyZzEsIGpjaGFyQXJyYXkgYXJnMiwgamxvbmcgYXJnMywgamludCBhcmc0LCBqaW50IGFyZzUsIGppbnQgYXJnNiwgamxvbmdBcnJheSBhcmc3KQp7
1688	STATEMENT	82867	82888	1	63e3c9a5b7a8557191f3b50766f673f6efe9bb4172f1255316c7f10799a57575	CglqY2hhciAqbHBhcmcyPU5VTEw7
1689	STATEMENT	82888	82909	1	e8d20694dea44f5e7b89a4067a1510d0e4bf80c54f1886223957f242c005c4f1	CglqbG9uZyAqbHBhcmc3PU5VTEw7
1690	STATEMENT	82909	82923	1	ab2eac128ef6225b35f40b35e2bd8fba39be8b3b6b281960b3c51646eba99890	CglqaW50IHJjID0gMDs=
1691	STATEMENT	82923	82982	1	e51cce9f13d10cb05d69349cfb251cec53c9e006e24fb7f87f9ac3855a22dbaf	CglDT01fTkFUSVZFX0VOVEVSKGVudiwgdGhhdCwgVnRibENhbGxfX0lKXzNDSklJSV8zSl9GVU5DKTs=
1692	STATEMENT	82982	83074	1	7662523c5abf69866c4ce073fe11a5f10f7b140fe1be65dd2e046ff3df0180c0	CglpZiAoYXJnMikgaWYgKChscGFyZzIgPSAoKmVudiktPkdldENoYXJBcnJheUVsZW1lbnRzKGVudiwgYXJnMiwgTlVMTCkpID09IE5VTEwpIGdvdG8gZmFpbDs=
1693	STATEMENT	83074	83166	1	b5d41ba1a8baf717f6672c8f9b27e186a692a74a7a9bcf6ffb55b55b2e00b66a	CglpZiAoYXJnNykgaWYgKChscGFyZzcgPSAoKmVudiktPkdldExvbmdBcnJheUVsZW1lbnRzKGVudiwgYXJnNywgTlVMTCkpID09IE5VTEwpIGdvdG8gZmFpbDs=
1694	STATEMENT	83166	83329	1	77505287bd591afcc2e6c752b504a126e08d5d4c645b138e4f6766b565526b70	CglyYyA9IChqaW50KSgoamludCAoU1RETUVUSE9EQ0FMTFRZUEUgKikoamxvbmcsIGpjaGFyICosIGpsb25nLCBqaW50LCBqaW50LCBqaW50LCBqbG9uZyAqKSkoKihqbG9uZyAqKilhcmcxKVthcmcwXSkoYXJnMSwgbHBhcmcyLCBhcmczLCBhcmc0LCBhcmc1LCBhcmc2LCBscGFyZzcpOw==
1695	STATEMENT	83329	83412	1	1aa556cd83cd519d807fc2494b969d90c55161cfde9783b1f672b391c20699ee	CmZhaWw6CglpZiAoYXJnNyAmJiBscGFyZzcpICgqZW52KS0+UmVsZWFzZUxvbmdBcnJheUVsZW1lbnRzKGVudiwgYXJnNywgbHBhcmc3LCAwKTs=
1696	STATEMENT	83412	83489	1	d9dbff79d65a3603b44be5ee400673cd2d4cc0491cd9a0fc4aa2888aefc520fa	CglpZiAoYXJnMiAmJiBscGFyZzIpICgqZW52KS0+UmVsZWFzZUNoYXJBcnJheUVsZW1lbnRzKGVudiwgYXJnMiwgbHBhcmcyLCAwKTs=
1697	STATEMENT	83489	83547	1	045c889866f00bbfc1b33f7e699f2fef1e7794b7d2bffa068061278c58fd05fe	CglDT01fTkFUSVZFX0VYSVQoZW52LCB0aGF0LCBWdGJsQ2FsbF9fSUpfM0NKSUlJXzNKX0ZVTkMpOw==
1698	STATEMENT	83547	83559	1	a028c9c9501df4846ec72c7b4432d4a3cb499b36b781bb1c38853498151d0ba7	CglyZXR1cm4gcmM7
1699	FRAGMENT	83559	83560	1	01ba4719c80b6fe911b091a7c05124b64eeece964e09c058ef8f9805daca546b	Cg==
1700	BLOCK_CLOSE	83560	83561	0	d10b36aa74a59bcf4a88185837f658afaf3646eff2bb16c3928d0e9335e945d2	fQ==
1701	PREPROCESSOR	83561	83569	0	626de321eb397f6600939892a0009f31bc378f7e886f9acc5ec0af18db6a99a7	CiNlbmRpZgo=
1702	PREPROCESSOR	83569	83603	0	05ab1269ee8db0c551a0888a6aa25348072a620d2f0d8f881b585e1d6fef7141	CiNpZm5kZWYgTk9fVnRibENhbGxfX0lKXzNDSklJXzNKCg==
1703	FUNCTION_OPEN	83603	83780	0	38f5e0dee416dc8ef8d8f3e16c5f0f233fc85e63ac095b32f74fc132eb07eb5f	Sk5JRVhQT1JUIGppbnQgSk5JQ0FMTCBDT01fTkFUSVZFKFZ0YmxDYWxsX19JSl8zQ0pJSV8zSikKCShKTklFbnYgKmVudiwgamNsYXNzIHRoYXQsIGppbnQgYXJnMCwgamxvbmcgYXJnMSwgamNoYXJBcnJheSBhcmcyLCBqbG9uZyBhcmczLCBqaW50IGFyZzQsIGppbnQgYXJnNSwgamxvbmdBcnJheSBhcmc2KQp7
1704	STATEMENT	83780	83801	1	63e3c9a5b7a8557191f3b50766f673f6efe9bb4172f1255316c7f10799a57575	CglqY2hhciAqbHBhcmcyPU5VTEw7
1705	STATEMENT	83801	83822	1	3edeb231b1fcaa85678ce70ef2924eadaa43c64a4b4c8605b2555a253731e5d6	CglqbG9uZyAqbHBhcmc2PU5VTEw7
1706	STATEMENT	83822	83836	1	ab2eac128ef6225b35f40b35e2bd8fba39be8b3b6b281960b3c51646eba99890	CglqaW50IHJjID0gMDs=
1707	STATEMENT	83836	83894	1	43b2a064c97f6aaf8ff60902d50e1c5b297e64eb782ccee971094a8db924e7bb	CglDT01fTkFUSVZFX0VOVEVSKGVudiwgdGhhdCwgVnRibENhbGxfX0lKXzNDSklJXzNKX0ZVTkMpOw==
1708	STATEMENT	83894	83986	1	7662523c5abf69866c4ce073fe11a5f10f7b140fe1be65dd2e046ff3df0180c0	CglpZiAoYXJnMikgaWYgKChscGFyZzIgPSAoKmVudiktPkdldENoYXJBcnJheUVsZW1lbnRzKGVudiwgYXJnMiwgTlVMTCkpID09IE5VTEwpIGdvdG8gZmFpbDs=
1709	STATEMENT	83986	84078	1	02282f8e07ea1d7a274b42a8798e326cfaa602665b69bd1184266a1e28fbc5d0	CglpZiAoYXJnNikgaWYgKChscGFyZzYgPSAoKmVudiktPkdldExvbmdBcnJheUVsZW1lbnRzKGVudiwgYXJnNiwgTlVMTCkpID09IE5VTEwpIGdvdG8gZmFpbDs=
1710	STATEMENT	84078	84229	1	6b629489944d5bc2b95f9f226c0b4991214309654621ec5d507947d9bbbeac30	CglyYyA9IChqaW50KSgoamludCAoU1RETUVUSE9EQ0FMTFRZUEUgKikoamxvbmcsIGpjaGFyICosIGpsb25nLCBqaW50LCBqaW50LCBqbG9uZyAqKSkoKihqbG9uZyAqKilhcmcxKVthcmcwXSkoYXJnMSwgbHBhcmcyLCBhcmczLCBhcmc0LCBhcmc1LCBscGFyZzYpOw==
1711	STATEMENT	84229	84312	1	49e4c654593f6b0c5451030d3a60484652b2da7e0e2d3bf3b7be6232f58d1d4d	CmZhaWw6CglpZiAoYXJnNiAmJiBscGFyZzYpICgqZW52KS0+UmVsZWFzZUxvbmdBcnJheUVsZW1lbnRzKGVudiwgYXJnNiwgbHBhcmc2LCAwKTs=
1712	STATEMENT	84312	84389	1	d9dbff79d65a3603b44be5ee400673cd2d4cc0491cd9a0fc4aa2888aefc520fa	CglpZiAoYXJnMiAmJiBscGFyZzIpICgqZW52KS0+UmVsZWFzZUNoYXJBcnJheUVsZW1lbnRzKGVudiwgYXJnMiwgbHBhcmcyLCAwKTs=
1713	STATEMENT	84389	84446	1	bc927d72ac2e11b8d7e8677ad84a25c2ef21bc2f7c7dbefab6b476dc6e059085	CglDT01fTkFUSVZFX0VYSVQoZW52LCB0aGF0LCBWdGJsQ2FsbF9fSUpfM0NKSUlfM0pfRlVOQyk7
1714	STATEMENT	84446	84458	1	a028c9c9501df4846ec72c7b4432d4a3cb499b36b781bb1c38853498151d0ba7	CglyZXR1cm4gcmM7
1715	FRAGMENT	84458	84459	1	01ba4719c80b6fe911b091a7c05124b64eeece964e09c058ef8f9805daca546b	Cg==
1716	BLOCK_CLOSE	84459	84460	0	d10b36aa74a59bcf4a88185837f658afaf3646eff2bb16c3928d0e9335e945d2	fQ==
1717	PREPROCESSOR	84460	84468	0	626de321eb397f6600939892a0009f31bc378f7e886f9acc5ec0af18db6a99a7	CiNlbmRpZgo=
1718	PREPROCESSOR	84468	84499	0	a69197c33780588ac1fac8a1e41226ad1d05b354cd78f25156a3f366caea1ab6	CiNpZm5kZWYgTk9fVnRibENhbGxfX0lKXzNDXzNDCg==
1719	FUNCTION_OPEN	84499	84639	0	4d7c45cea3766e68f6185a6632155c3ba47b19fbf327f2fdbaf5cb5e1baef801	Sk5JRVhQT1JUIGppbnQgSk5JQ0FMTCBDT01fTkFUSVZFKFZ0YmxDYWxsX19JSl8zQ18zQykKCShKTklFbnYgKmVudiwgamNsYXNzIHRoYXQsIGppbnQgYXJnMCwgamxvbmcgYXJnMSwgamNoYXJBcnJheSBhcmcyLCBqY2hhckFycmF5IGFyZzMpCns=
1720	STATEMENT	84639	84660	1	63e3c9a5b7a8557191f3b50766f673f6efe9bb4172f1255316c7f10799a57575	CglqY2hhciAqbHBhcmcyPU5VTEw7
1721	STATEMENT	84660	84681	1	7074268f4dee5493cdc65778de981aa586434dc5dc567c331bb955dc19548533	CglqY2hhciAqbHBhcmczPU5VTEw7
1722	STATEMENT	84681	84695	1	ab2eac128ef6225b35f40b35e2bd8fba39be8b3b6b281960b3c51646eba99890	CglqaW50IHJjID0gMDs=
1723	STATEMENT	84695	84750	1	6965c7014aec4df7e3e1e68bee396de3ba763f20706888cc7dbdbef833916c9c	CglDT01fTkFUSVZFX0VOVEVSKGVudiwgdGhhdCwgVnRibENhbGxfX0lKXzNDXzNDX0ZVTkMpOw==
1724	STATEMENT	84750	84842	1	7662523c5abf69866c4ce073fe11a5f10f7b140fe1be65dd2e046ff3df0180c0	CglpZiAoYXJnMikgaWYgKChscGFyZzIgPSAoKmVudiktPkdldENoYXJBcnJheUVsZW1lbnRzKGVudiwgYXJnMiwgTlVMTCkpID09IE5VTEwpIGdvdG8gZmFpbDs=
1725	STATEMENT	84842	84934	1	076859d015e9cd5108ea7c521051b0d2ec567b9050c0aae2aefc72d30db2e3e5	CglpZiAoYXJnMykgaWYgKChscGFyZzMgPSAoKmVudiktPkdldENoYXJBcnJheUVsZW1lbnRzKGVudiwgYXJnMywgTlVMTCkpID09IE5VTEwpIGdvdG8gZmFpbDs=
1726	STATEMENT	84934	85048	1	59537ac9649ffb827a064ddfc1c3850ac8c30e22d016bffc29e8e4c3df21aeec	CglyYyA9IChqaW50KSgoamludCAoU1RETUVUSE9EQ0FMTFRZUEUgKikoamxvbmcsIGpjaGFyICosIGpjaGFyICopKSgqKGpsb25nICoqKWFyZzEpW2FyZzBdKShhcmcxLCBscGFyZzIsIGxwYXJnMyk7
1727	STATEMENT	85048	85131	1	16df9212db315dd3a42d78a00c52e9f6863cea69bc2d97615f111eb5b4199286	CmZhaWw6CglpZiAoYXJnMyAmJiBscGFyZzMpICgqZW52KS0+UmVsZWFzZUNoYXJBcnJheUVsZW1lbnRzKGVudiwgYXJnMywgbHBhcmczLCAwKTs=
1728	STATEMENT	85131	85208	1	d9dbff79d65a3603b44be5ee400673cd2d4cc0491cd9a0fc4aa2888aefc520fa	CglpZiAoYXJnMiAmJiBscGFyZzIpICgqZW52KS0+UmVsZWFzZUNoYXJBcnJheUVsZW1lbnRzKGVudiwgYXJnMiwgbHBhcmcyLCAwKTs=
1729	STATEMENT	85208	85262	1	af7bebaf9d94faa723390f5855acddda831671324cb89f349fe31fff62737597	CglDT01fTkFUSVZFX0VYSVQoZW52LCB0aGF0LCBWdGJsQ2FsbF9fSUpfM0NfM0NfRlVOQyk7
1730	STATEMENT	85262	85274	1	a028c9c9501df4846ec72c7b4432d4a3cb499b36b781bb1c38853498151d0ba7	CglyZXR1cm4gcmM7
1731	FRAGMENT	85274	85275	1	01ba4719c80b6fe911b091a7c05124b64eeece964e09c058ef8f9805daca546b	Cg==
1732	BLOCK_CLOSE	85275	85276	0	d10b36aa74a59bcf4a88185837f658afaf3646eff2bb16c3928d0e9335e945d2	fQ==
1733	PREPROCESSOR	85276	85284	0	626de321eb397f6600939892a0009f31bc378f7e886f9acc5ec0af18db6a99a7	CiNlbmRpZgo=
1734	PREPROCESSOR	85284	85322	0	6587be8e1e01e25673690cb61c5ffcf990ded3932bfb7c894de3ce4619ff405e	CiNpZm5kZWYgTk9fVnRibENhbGxfX0lKXzNDXzNDSl8zQ18zSgo=
1735	FUNCTION_OPEN	85322	85515	0	60c3670d39c7e24f656013efa7474195418e27fbe38cb0a3d5c3d396e1c771ef	Sk5JRVhQT1JUIGppbnQgSk5JQ0FMTCBDT01fTkFUSVZFKFZ0YmxDYWxsX19JSl8zQ18zQ0pfM0NfM0opCgkoSk5JRW52ICplbnYsIGpjbGFzcyB0aGF0LCBqaW50IGFyZzAsIGpsb25nIGFyZzEsIGpjaGFyQXJyYXkgYXJnMiwgamNoYXJBcnJheSBhcmczLCBqbG9uZyBhcmc0LCBqY2hhckFycmF5IGFyZzUsIGpsb25nQXJyYXkgYXJnNikKew==
1736	STATEMENT	85515	85536	1	63e3c9a5b7a8557191f3b50766f673f6efe9bb4172f1255316c7f10799a57575	CglqY2hhciAqbHBhcmcyPU5VTEw7
1737	STATEMENT	85536	85557	1	7074268f4dee5493cdc65778de981aa586434dc5dc567c331bb955dc19548533	CglqY2hhciAqbHBhcmczPU5VTEw7
1738	STATEMENT	85557	85578	1	cd7a2e74fd1151e4cf79e39b4cfaee5461acc745bfc0e9c648c82663fa68a8f2	CglqY2hhciAqbHBhcmc1PU5VTEw7
1739	STATEMENT	85578	85599	1	3edeb231b1fcaa85678ce70ef2924eadaa43c64a4b4c8605b2555a253731e5d6	CglqbG9uZyAqbHBhcmc2PU5VTEw7
1740	STATEMENT	85599	85613	1	ab2eac128ef6225b35f40b35e2bd8fba39be8b3b6b281960b3c51646eba99890	CglqaW50IHJjID0gMDs=
1741	STATEMENT	85613	85675	1	dda406389b0fcb7522c119f442550cb7d6ef6e1ba9c54362920cd91b8d56ee41	CglDT01fTkFUSVZFX0VOVEVSKGVudiwgdGhhdCwgVnRibENhbGxfX0lKXzNDXzNDSl8zQ18zSl9GVU5DKTs=
1742	STATEMENT	85675	85767	1	7662523c5abf69866c4ce073fe11a5f10f7b140fe1be65dd2e046ff3df0180c0	CglpZiAoYXJnMikgaWYgKChscGFyZzIgPSAoKmVudiktPkdldENoYXJBcnJheUVsZW1lbnRzKGVudiwgYXJnMiwgTlVMTCkpID09IE5VTEwpIGdvdG8gZmFpbDs=
1743	STATEMENT	85767	85859	1	076859d015e9cd5108ea7c521051b0d2ec567b9050c0aae2aefc72d30db2e3e5	CglpZiAoYXJnMykgaWYgKChscGFyZzMgPSAoKmVudiktPkdldENoYXJBcnJheUVsZW1lbnRzKGVudiwgYXJnMywgTlVMTCkpID09IE5VTEwpIGdvdG8gZmFpbDs=
1744	STATEMENT	85859	85951	1	714bc5b71a5263a8c81e5996a8a4a279b2fbd8e595085bc405171f7ad1e9fbbd	CglpZiAoYXJnNSkgaWYgKChscGFyZzUgPSAoKmVudiktPkdldENoYXJBcnJheUVsZW1lbnRzKGVudiwgYXJnNSwgTlVMTCkpID09IE5VTEwpIGdvdG8gZmFpbDs=
1745	STATEMENT	85951	86043	1	02282f8e07ea1d7a274b42a8798e326cfaa602665b69bd1184266a1e28fbc5d0	CglpZiAoYXJnNikgaWYgKChscGFyZzYgPSAoKmVudiktPkdldExvbmdBcnJheUVsZW1lbnRzKGVudiwgYXJnNiwgTlVMTCkpID09IE5VTEwpIGdvdG8gZmFpbDs=
1746	STATEMENT	86043	86204	1	b5fe3e9632bc5eb3e61b2d2e26e56fcacd73cc29ee6bb6ac79ad6e224754a129	CglyYyA9IChqaW50KSgoamludCAoU1RETUVUSE9EQ0FMTFRZUEUgKikoamxvbmcsIGpjaGFyICosIGpjaGFyICosIGpsb25nLCBqY2hhciAqLCBqbG9uZyAqKSkoKihqbG9uZyAqKilhcmcxKVthcmcwXSkoYXJnMSwgbHBhcmcyLCBscGFyZzMsIGFyZzQsIGxwYXJnNSwgbHBhcmc2KTs=
1747	STATEMENT	86204	86287	1	49e4c654593f6b0c5451030d3a60484652b2da7e0e2d3bf3b7be6232f58d1d4d	CmZhaWw6CglpZiAoYXJnNiAmJiBscGFyZzYpICgqZW52KS0+UmVsZWFzZUxvbmdBcnJheUVsZW1lbnRzKGVudiwgYXJnNiwgbHBhcmc2LCAwKTs=
1748	STATEMENT	86287	86364	1	f14832eec4022e5bb286687bef4def2df4558b2f0e66afb16d6928710c23a811	CglpZiAoYXJnNSAmJiBscGFyZzUpICgqZW52KS0+UmVsZWFzZUNoYXJBcnJheUVsZW1lbnRzKGVudiwgYXJnNSwgbHBhcmc1LCAwKTs=
1749	STATEMENT	86364	86441	1	0731ed217fdf15b40bcb151281511b863c14daba8c982f59e65bcceb3d410e6c	CglpZiAoYXJnMyAmJiBscGFyZzMpICgqZW52KS0+UmVsZWFzZUNoYXJBcnJheUVsZW1lbnRzKGVudiwgYXJnMywgbHBhcmczLCAwKTs=
1750	STATEMENT	86441	86518	1	d9dbff79d65a3603b44be5ee400673cd2d4cc0491cd9a0fc4aa2888aefc520fa	CglpZiAoYXJnMiAmJiBscGFyZzIpICgqZW52KS0+UmVsZWFzZUNoYXJBcnJheUVsZW1lbnRzKGVudiwgYXJnMiwgbHBhcmcyLCAwKTs=
1751	STATEMENT	86518	86579	1	c211c9d6ef833c5f74d67c7de237430dbf6519684e730da97170fe04f4bd0f58	CglDT01fTkFUSVZFX0VYSVQoZW52LCB0aGF0LCBWdGJsQ2FsbF9fSUpfM0NfM0NKXzNDXzNKX0ZVTkMpOw==
1752	STATEMENT	86579	86591	1	a028c9c9501df4846ec72c7b4432d4a3cb499b36b781bb1c38853498151d0ba7	CglyZXR1cm4gcmM7
1753	FRAGMENT	86591	86592	1	01ba4719c80b6fe911b091a7c05124b64eeece964e09c058ef8f9805daca546b	Cg==
1754	BLOCK_CLOSE	86592	86593	0	d10b36aa74a59bcf4a88185837f658afaf3646eff2bb16c3928d0e9335e945d2	fQ==
1755	PREPROCESSOR	86593	86601	0	626de321eb397f6600939892a0009f31bc378f7e886f9acc5ec0af18db6a99a7	CiNlbmRpZgo=
1756	PREPROCESSOR	86601	86641	0	f7bb366899c9f025f526186da01ee8e79d0347c513ddb63b46da44f8f9abe64c	CiNpZm5kZWYgTk9fVnRibENhbGxfX0lKXzNDXzNDXzNDXzNDXzNKCg==
1757	FUNCTION_OPEN	86641	86841	0	a54d0d5c71d0a163412bdc9a9d716ae1d78eed9fb80e83a6a012e3e3170eba9a	Sk5JRVhQT1JUIGppbnQgSk5JQ0FMTCBDT01fTkFUSVZFKFZ0YmxDYWxsX19JSl8zQ18zQ18zQ18zQ18zSikKCShKTklFbnYgKmVudiwgamNsYXNzIHRoYXQsIGppbnQgYXJnMCwgamxvbmcgYXJnMSwgamNoYXJBcnJheSBhcmcyLCBqY2hhckFycmF5IGFyZzMsIGpjaGFyQXJyYXkgYXJnNCwgamNoYXJBcnJheSBhcmc1LCBqbG9uZ0FycmF5IGFyZzYpCns=
1758	STATEMENT	86841	86862	1	63e3c9a5b7a8557191f3b50766f673f6efe9bb4172f1255316c7f10799a57575	CglqY2hhciAqbHBhcmcyPU5VTEw7
1759	STATEMENT	86862	86883	1	7074268f4dee5493cdc65778de981aa586434dc5dc567c331bb955dc19548533	CglqY2hhciAqbHBhcmczPU5VTEw7
1760	STATEMENT	86883	86904	1	afa88ff381790c8abdbb5c9efc8f7c0a4d0a72c623ea1060a551527d07fbf02f	CglqY2hhciAqbHBhcmc0PU5VTEw7
1761	STATEMENT	86904	86925	1	cd7a2e74fd1151e4cf79e39b4cfaee5461acc745bfc0e9c648c82663fa68a8f2	CglqY2hhciAqbHBhcmc1PU5VTEw7
1762	STATEMENT	86925	86946	1	3edeb231b1fcaa85678ce70ef2924eadaa43c64a4b4c8605b2555a253731e5d6	CglqbG9uZyAqbHBhcmc2PU5VTEw7
1763	STATEMENT	86946	86960	1	ab2eac128ef6225b35f40b35e2bd8fba39be8b3b6b281960b3c51646eba99890	CglqaW50IHJjID0gMDs=
1764	STATEMENT	86960	87024	1	efbd95e24f91426d18892e1043258526e167d99ecd322cd8b588b09f31125d89	CglDT01fTkFUSVZFX0VOVEVSKGVudiwgdGhhdCwgVnRibENhbGxfX0lKXzNDXzNDXzNDXzNDXzNKX0ZVTkMpOw==
1765	STATEMENT	87024	87116	1	7662523c5abf69866c4ce073fe11a5f10f7b140fe1be65dd2e046ff3df0180c0	CglpZiAoYXJnMikgaWYgKChscGFyZzIgPSAoKmVudiktPkdldENoYXJBcnJheUVsZW1lbnRzKGVudiwgYXJnMiwgTlVMTCkpID09IE5VTEwpIGdvdG8gZmFpbDs=
1766	STATEMENT	87116	87208	1	076859d015e9cd5108ea7c521051b0d2ec567b9050c0aae2aefc72d30db2e3e5	CglpZiAoYXJnMykgaWYgKChscGFyZzMgPSAoKmVudiktPkdldENoYXJBcnJheUVsZW1lbnRzKGVudiwgYXJnMywgTlVMTCkpID09IE5VTEwpIGdvdG8gZmFpbDs=
1767	STATEMENT	87208	87300	1	e555456e99f7510c09a988a78602e271dd27cb1ddbc81a1c3888777a66c2148e	CglpZiAoYXJnNCkgaWYgKChscGFyZzQgPSAoKmVudiktPkdldENoYXJBcnJheUVsZW1lbnRzKGVudiwgYXJnNCwgTlVMTCkpID09IE5VTEwpIGdvdG8gZmFpbDs=
1768	STATEMENT	87300	87392	1	714bc5b71a5263a8c81e5996a8a4a279b2fbd8e595085bc405171f7ad1e9fbbd	CglpZiAoYXJnNSkgaWYgKChscGFyZzUgPSAoKmVudiktPkdldENoYXJBcnJheUVsZW1lbnRzKGVudiwgYXJnNSwgTlVMTCkpID09IE5VTEwpIGdvdG8gZmFpbDs=
1769	STATEMENT	87392	87484	1	02282f8e07ea1d7a274b42a8798e326cfaa602665b69bd1184266a1e28fbc5d0	CglpZiAoYXJnNikgaWYgKChscGFyZzYgPSAoKmVudiktPkdldExvbmdBcnJheUVsZW1lbnRzKGVudiwgYXJnNiwgTlVMTCkpID09IE5VTEwpIGdvdG8gZmFpbDs=
1770	STATEMENT	87484	87649	1	906856e7329c6f1123e328f583b2ff71166ffb5227b09d9ad37e94535632b974	CglyYyA9IChqaW50KSgoamludCAoU1RETUVUSE9EQ0FMTFRZUEUgKikoamxvbmcsIGpjaGFyICosIGpjaGFyICosIGpjaGFyICosIGpjaGFyICosIGpsb25nICopKSgqKGpsb25nICoqKWFyZzEpW2FyZzBdKShhcmcxLCBscGFyZzIsIGxwYXJnMywgbHBhcmc0LCBscGFyZzUsIGxwYXJnNik7
1771	STATEMENT	87649	87732	1	49e4c654593f6b0c5451030d3a60484652b2da7e0e2d3bf3b7be6232f58d1d4d	CmZhaWw6CglpZiAoYXJnNiAmJiBscGFyZzYpICgqZW52KS0+UmVsZWFzZUxvbmdBcnJheUVsZW1lbnRzKGVudiwgYXJnNiwgbHBhcmc2LCAwKTs=
1772	STATEMENT	87732	87809	1	f14832eec4022e5bb286687bef4def2df4558b2f0e66afb16d6928710c23a811	CglpZiAoYXJnNSAmJiBscGFyZzUpICgqZW52KS0+UmVsZWFzZUNoYXJBcnJheUVsZW1lbnRzKGVudiwgYXJnNSwgbHBhcmc1LCAwKTs=
1773	STATEMENT	87809	87886	1	302267dce36f5545d4c0981fac7fb7c8e2934086c03f05b62816437e49b8bcf6	CglpZiAoYXJnNCAmJiBscGFyZzQpICgqZW52KS0+UmVsZWFzZUNoYXJBcnJheUVsZW1lbnRzKGVudiwgYXJnNCwgbHBhcmc0LCAwKTs=
1774	STATEMENT	87886	87963	1	0731ed217fdf15b40bcb151281511b863c14daba8c982f59e65bcceb3d410e6c	CglpZiAoYXJnMyAmJiBscGFyZzMpICgqZW52KS0+UmVsZWFzZUNoYXJBcnJheUVsZW1lbnRzKGVudiwgYXJnMywgbHBhcmczLCAwKTs=
1775	STATEMENT	87963	88040	1	d9dbff79d65a3603b44be5ee400673cd2d4cc0491cd9a0fc4aa2888aefc520fa	CglpZiAoYXJnMiAmJiBscGFyZzIpICgqZW52KS0+UmVsZWFzZUNoYXJBcnJheUVsZW1lbnRzKGVudiwgYXJnMiwgbHBhcmcyLCAwKTs=
1776	STATEMENT	88040	88103	1	b01056a05673a4103130797b5307ca5c90930c7d7c6e42ac17cf275d93cc68ea	CglDT01fTkFUSVZFX0VYSVQoZW52LCB0aGF0LCBWdGJsQ2FsbF9fSUpfM0NfM0NfM0NfM0NfM0pfRlVOQyk7
1777	STATEMENT	88103	88115	1	a028c9c9501df4846ec72c7b4432d4a3cb499b36b781bb1c38853498151d0ba7	CglyZXR1cm4gcmM7
1778	FRAGMENT	88115	88116	1	01ba4719c80b6fe911b091a7c05124b64eeece964e09c058ef8f9805daca546b	Cg==
1779	BLOCK_CLOSE	88116	88117	0	d10b36aa74a59bcf4a88185837f658afaf3646eff2bb16c3928d0e9335e945d2	fQ==
1780	PREPROCESSOR	88117	88125	0	626de321eb397f6600939892a0009f31bc378f7e886f9acc5ec0af18db6a99a7	CiNlbmRpZgo=
1781	PREPROCESSOR	88125	88156	0	a95a126c147702e8711f9318eb95b408b6ab75fff3153e6b5e3cda82aa4cdf6d	CiNpZm5kZWYgTk9fVnRibENhbGxfX0lKXzNDXzNKCg==
1782	FUNCTION_OPEN	88156	88296	0	ae0536046529be31f2f60bac26cf453fde4c8a345d0744afe81491dc34bd7463	Sk5JRVhQT1JUIGppbnQgSk5JQ0FMTCBDT01fTkFUSVZFKFZ0YmxDYWxsX19JSl8zQ18zSikKCShKTklFbnYgKmVudiwgamNsYXNzIHRoYXQsIGppbnQgYXJnMCwgamxvbmcgYXJnMSwgamNoYXJBcnJheSBhcmcyLCBqbG9uZ0FycmF5IGFyZzMpCns=
1783	STATEMENT	88296	88317	1	63e3c9a5b7a8557191f3b50766f673f6efe9bb4172f1255316c7f10799a57575	CglqY2hhciAqbHBhcmcyPU5VTEw7
1784	STATEMENT	88317	88338	1	8ee0624ff69df7caa4a6f36603c3326c6c26e821a3f31345176b5e3e05ab3464	CglqbG9uZyAqbHBhcmczPU5VTEw7
1785	STATEMENT	88338	88352	1	ab2eac128ef6225b35f40b35e2bd8fba39be8b3b6b281960b3c51646eba99890	CglqaW50IHJjID0gMDs=
1786	STATEMENT	88352	88407	1	09e24d9e83ab6b8f6ed3fe7315cce027c7eb0cca642be7d512f44647b4772f6e	CglDT01fTkFUSVZFX0VOVEVSKGVudiwgdGhhdCwgVnRibENhbGxfX0lKXzNDXzNKX0ZVTkMpOw==
1787	STATEMENT	88407	88499	1	7662523c5abf69866c4ce073fe11a5f10f7b140fe1be65dd2e046ff3df0180c0	CglpZiAoYXJnMikgaWYgKChscGFyZzIgPSAoKmVudiktPkdldENoYXJBcnJheUVsZW1lbnRzKGVudiwgYXJnMiwgTlVMTCkpID09IE5VTEwpIGdvdG8gZmFpbDs=
1788	STATEMENT	88499	88591	1	198070916f65a7a336d1d5c94f3a7481dc996ecc48f71f8ce36e2770b764de4c	CglpZiAoYXJnMykgaWYgKChscGFyZzMgPSAoKmVudiktPkdldExvbmdBcnJheUVsZW1lbnRzKGVudiwgYXJnMywgTlVMTCkpID09IE5VTEwpIGdvdG8gZmFpbDs=
1789	STATEMENT	88591	88705	1	3caec5be2e65420bbc9f4bd1b1a60cd259c1eb866d6e759758ff0dc8152e5be8	CglyYyA9IChqaW50KSgoamludCAoU1RETUVUSE9EQ0FMTFRZUEUgKikoamxvbmcsIGpjaGFyICosIGpsb25nICopKSgqKGpsb25nICoqKWFyZzEpW2FyZzBdKShhcmcxLCBscGFyZzIsIGxwYXJnMyk7
1790	STATEMENT	88705	88788	1	7bef3c7fed260585b1618d0789dbd54f93bee93ea39f6164094bf40d6ec979d9	CmZhaWw6CglpZiAoYXJnMyAmJiBscGFyZzMpICgqZW52KS0+UmVsZWFzZUxvbmdBcnJheUVsZW1lbnRzKGVudiwgYXJnMywgbHBhcmczLCAwKTs=
1791	STATEMENT	88788	88865	1	d9dbff79d65a3603b44be5ee400673cd2d4cc0491cd9a0fc4aa2888aefc520fa	CglpZiAoYXJnMiAmJiBscGFyZzIpICgqZW52KS0+UmVsZWFzZUNoYXJBcnJheUVsZW1lbnRzKGVudiwgYXJnMiwgbHBhcmcyLCAwKTs=
1792	STATEMENT	88865	88919	1	bc710efda3d27fe5d2958116abdc6f2b96b52f4e902f04e5d66f2789b7507518	CglDT01fTkFUSVZFX0VYSVQoZW52LCB0aGF0LCBWdGJsQ2FsbF9fSUpfM0NfM0pfRlVOQyk7
1793	STATEMENT	88919	88931	1	a028c9c9501df4846ec72c7b4432d4a3cb499b36b781bb1c38853498151d0ba7	CglyZXR1cm4gcmM7
1794	FRAGMENT	88931	88932	1	01ba4719c80b6fe911b091a7c05124b64eeece964e09c058ef8f9805daca546b	Cg==
1795	BLOCK_CLOSE	88932	88933	0	d10b36aa74a59bcf4a88185837f658afaf3646eff2bb16c3928d0e9335e945d2	fQ==
1796	PREPROCESSOR	88933	88941	0	626de321eb397f6600939892a0009f31bc378f7e886f9acc5ec0af18db6a99a7	CiNlbmRpZgo=
1797	PREPROCESSOR	88941	88969	0	c1c9e9b0872f26468c36451407e3735c1590227952203e84f795343b00472d34	CiNpZm5kZWYgTk9fVnRibENhbGxfX0lKXzNJCg==
1798	FUNCTION_OPEN	88969	89088	0	802dbe08f28f8f88006499bcf7d1c5ca6815c389d67aa2a52de434e50509fbef	Sk5JRVhQT1JUIGppbnQgSk5JQ0FMTCBDT01fTkFUSVZFKFZ0YmxDYWxsX19JSl8zSSkKCShKTklFbnYgKmVudiwgamNsYXNzIHRoYXQsIGppbnQgYXJnMCwgamxvbmcgYXJnMSwgamludEFycmF5IGFyZzIpCns=
1799	STATEMENT	89088	89108	1	6778f342eb5ab632481500374a71f394d94a272d1e7b47275cb4d780109a0ee9	CglqaW50ICpscGFyZzI9TlVMTDs=
1800	STATEMENT	89108	89122	1	ab2eac128ef6225b35f40b35e2bd8fba39be8b3b6b281960b3c51646eba99890	CglqaW50IHJjID0gMDs=
1801	STATEMENT	89122	89174	1	5b132bf7c0411727eb23f73928273d6ff970d785ed372d76720335dc32aebed3	CglDT01fTkFUSVZFX0VOVEVSKGVudiwgdGhhdCwgVnRibENhbGxfX0lKXzNJX0ZVTkMpOw==
1802	STATEMENT	89174	89265	1	ca6aabd59f1383d487b020921ad77bd304b1a72e14905b7e1fbd1d51e7e45db1	CglpZiAoYXJnMikgaWYgKChscGFyZzIgPSAoKmVudiktPkdldEludEFycmF5RWxlbWVudHMoZW52LCBhcmcyLCBOVUxMKSkgPT0gTlVMTCkgZ290byBmYWlsOw==
1803	STATEMENT	89265	89361	1	2000fb71b4ee90d3f95c92860843138d33f5a1f3849a986463d7aefa39edfd1a	CglyYyA9IChqaW50KSgoamludCAoU1RETUVUSE9EQ0FMTFRZUEUgKikoamxvbmcsIGppbnQgKikpKCooamxvbmcgKiopYXJnMSlbYXJnMF0pKGFyZzEsIGxwYXJnMik7
1804	STATEMENT	89361	89443	1	937b097e6910de483c3cbd1c30f882030c6c01ae1a410e62fb9a20783683ba76	CmZhaWw6CglpZiAoYXJnMiAmJiBscGFyZzIpICgqZW52KS0+UmVsZWFzZUludEFycmF5RWxlbWVudHMoZW52LCBhcmcyLCBscGFyZzIsIDApOw==
1805	STATEMENT	89443	89494	1	874828efc50d008d006e6874684264b53a208e259891e12f34d8e2a843927d49	CglDT01fTkFUSVZFX0VYSVQoZW52LCB0aGF0LCBWdGJsQ2FsbF9fSUpfM0lfRlVOQyk7
1806	STATEMENT	89494	89506	1	a028c9c9501df4846ec72c7b4432d4a3cb499b36b781bb1c38853498151d0ba7	CglyZXR1cm4gcmM7
1807	FRAGMENT	89506	89507	1	01ba4719c80b6fe911b091a7c05124b64eeece964e09c058ef8f9805daca546b	Cg==
1808	BLOCK_CLOSE	89507	89508	0	d10b36aa74a59bcf4a88185837f658afaf3646eff2bb16c3928d0e9335e945d2	fQ==
1809	PREPROCESSOR	89508	89516	0	626de321eb397f6600939892a0009f31bc378f7e886f9acc5ec0af18db6a99a7	CiNlbmRpZgo=
1810	PREPROCESSOR	89516	89589	0	a30fdb0ce79d0f0e576a338ba1f1773dca2fa552852b084fb9a1b808c39a55b8	CiNpZm5kZWYgTk9fVnRibENhbGxfX0lKXzNJTG9yZ19lY2xpcHNlX3N3dF9pbnRlcm5hbF9vbGVfd2luMzJfR1VJRF8yXzNKCg==
1811	FUNCTION_OPEN	89589	89784	0	85b6317c81072338c9e2058fb4199ab99cd30d7bc98835fb319083a445b1ef6f	Sk5JRVhQT1JUIGppbnQgSk5JQ0FMTCBDT01fTkFUSVZFKFZ0YmxDYWxsX19JSl8zSUxvcmdfZWNsaXBzZV9zd3RfaW50ZXJuYWxfb2xlX3dpbjMyX0dVSURfMl8zSikKCShKTklFbnYgKmVudiwgamNsYXNzIHRoYXQsIGppbnQgYXJnMCwgamxvbmcgYXJnMSwgamludEFycmF5IGFyZzIsIGpvYmplY3QgYXJnMywgamxvbmdBcnJheSBhcmc0KQp7
1812	STATEMENT	89784	89804	1	6778f342eb5ab632481500374a71f394d94a272d1e7b47275cb4d780109a0ee9	CglqaW50ICpscGFyZzI9TlVMTDs=
1813	STATEMENT	89804	89831	1	9e857266909880811ea223b35d439b8088b7290e439c4d48da4a7b681d23dfb7	CglHVUlEIF9hcmczLCAqbHBhcmczPU5VTEw7
1814	STATEMENT	89831	89852	1	d5941330676a0efdcc4e14ed01bfebd7ed584a147eee22df8f09b4193a1a1f2a	CglqbG9uZyAqbHBhcmc0PU5VTEw7
1815	STATEMENT	89852	89866	1	ab2eac128ef6225b35f40b35e2bd8fba39be8b3b6b281960b3c51646eba99890	CglqaW50IHJjID0gMDs=
1816	STATEMENT	89866	89963	1	5628e727e2ca4430144dc15aeb860f82a48970c921bbcffd2c93f6136cc7a87b	CglDT01fTkFUSVZFX0VOVEVSKGVudiwgdGhhdCwgVnRibENhbGxfX0lKXzNJTG9yZ19lY2xpcHNlX3N3dF9pbnRlcm5hbF9vbGVfd2luMzJfR1VJRF8yXzNKX0ZVTkMpOw==
1817	STATEMENT	89963	90054	1	ca6aabd59f1383d487b020921ad77bd304b1a72e14905b7e1fbd1d51e7e45db1	CglpZiAoYXJnMikgaWYgKChscGFyZzIgPSAoKmVudiktPkdldEludEFycmF5RWxlbWVudHMoZW52LCBhcmcyLCBOVUxMKSkgPT0gTlVMTCkgZ290byBmYWlsOw==
1818	STATEMENT	90054	90133	1	114b3fe658b6b796a863e03d9a682318efd3287cee79219c65a142687c89c362	CglpZiAoYXJnMykgaWYgKChscGFyZzMgPSBnZXRHVUlERmllbGRzKGVudiwgYXJnMywgJl9hcmczKSkgPT0gTlVMTCkgZ290byBmYWlsOw==
1819	STATEMENT	90133	90225	1	b069cb587d210b697c539ab4dbb60d9994a00fbbb79f643c8129aef4a641b760	CglpZiAoYXJnNCkgaWYgKChscGFyZzQgPSAoKmVudiktPkdldExvbmdBcnJheUVsZW1lbnRzKGVudiwgYXJnNCwgTlVMTCkpID09IE5VTEwpIGdvdG8gZmFpbDs=
1820	STATEMENT	90225	90354	1	2dcdb35d68fa90be0ed6bf4ff0a4bf4c25923a8520985f720157a1ba284484a0	CglyYyA9IChqaW50KSgoamludCAoU1RETUVUSE9EQ0FMTFRZUEUgKikoamxvbmcsIGppbnQgKiwgR1VJRCAqLCBqbG9uZyAqKSkoKihqbG9uZyAqKilhcmcxKVthcmcwXSkoYXJnMSwgbHBhcmcyLCBscGFyZzMsIGxwYXJnNCk7
1821	STATEMENT	90354	90437	1	0014bfa0995db1670483f6366d1abbebb260240894655d9589b76b9988929bb2	CmZhaWw6CglpZiAoYXJnNCAmJiBscGFyZzQpICgqZW52KS0+UmVsZWFzZUxvbmdBcnJheUVsZW1lbnRzKGVudiwgYXJnNCwgbHBhcmc0LCAwKTs=
1822	STATEMENT	90437	90492	1	853060674ba13653695201fbe3d38ebe41a818cf4079f36996ad920f4cd06c81	CglpZiAoYXJnMyAmJiBscGFyZzMpIHNldEdVSURGaWVsZHMoZW52LCBhcmczLCBscGFyZzMpOw==
1823	STATEMENT	90492	90568	1	486bcaa33a5c11402d66450e45c0ae57aad2ba28a1a0a8cf40513d6404a551ec	CglpZiAoYXJnMiAmJiBscGFyZzIpICgqZW52KS0+UmVsZWFzZUludEFycmF5RWxlbWVudHMoZW52LCBhcmcyLCBscGFyZzIsIDApOw==
1824	STATEMENT	90568	90664	1	eedd46b2b20412b3b27f12656471712748188983020cfb8af57ec404003e769e	CglDT01fTkFUSVZFX0VYSVQoZW52LCB0aGF0LCBWdGJsQ2FsbF9fSUpfM0lMb3JnX2VjbGlwc2Vfc3d0X2ludGVybmFsX29sZV93aW4zMl9HVUlEXzJfM0pfRlVOQyk7
1825	STATEMENT	90664	90676	1	a028c9c9501df4846ec72c7b4432d4a3cb499b36b781bb1c38853498151d0ba7	CglyZXR1cm4gcmM7
1826	FRAGMENT	90676	90677	1	01ba4719c80b6fe911b091a7c05124b64eeece964e09c058ef8f9805daca546b	Cg==
1827	BLOCK_CLOSE	90677	90678	0	d10b36aa74a59bcf4a88185837f658afaf3646eff2bb16c3928d0e9335e945d2	fQ==
1828	PREPROCESSOR	90678	90686	0	626de321eb397f6600939892a0009f31bc378f7e886f9acc5ec0af18db6a99a7	CiNlbmRpZgo=
1829	PREPROCESSOR	90686	90714	0	99ff7476cb38a753f330deb624f414f262aeb483a21dc57173c5e81ce1be5690	CiNpZm5kZWYgTk9fVnRibENhbGxfX0lKXzNKCg==
1830	FUNCTION_OPEN	90714	90834	0	4ec16def9d29b3c323fb108ba676f9ac2dd6489cd399778b30fd03fda5b37a9a	Sk5JRVhQT1JUIGppbnQgSk5JQ0FMTCBDT01fTkFUSVZFKFZ0YmxDYWxsX19JSl8zSikKCShKTklFbnYgKmVudiwgamNsYXNzIHRoYXQsIGppbnQgYXJnMCwgamxvbmcgYXJnMSwgamxvbmdBcnJheSBhcmcyKQp7
1831	STATEMENT	90834	90855	1	14ee868f685db71861cfd3ee29bba2286fbcac344f0a669a0de0781f9f97193e	CglqbG9uZyAqbHBhcmcyPU5VTEw7
1832	STATEMENT	90855	90869	1	ab2eac128ef6225b35f40b35e2bd8fba39be8b3b6b281960b3c51646eba99890	CglqaW50IHJjID0gMDs=
1833	STATEMENT	90869	90921	1	f7e49862b707c2fa9f8f71ee7d4813b86c3c3439be14479241baa69a756c9fe4	CglDT01fTkFUSVZFX0VOVEVSKGVudiwgdGhhdCwgVnRibENhbGxfX0lKXzNKX0ZVTkMpOw==
1834	STATEMENT	90921	91013	1	b4f19d7a33b1d23f95212e25ea2f0a1971b2a069931368f0f7c3234ad1d7bc03	CglpZiAoYXJnMikgaWYgKChscGFyZzIgPSAoKmVudiktPkdldExvbmdBcnJheUVsZW1lbnRzKGVudiwgYXJnMiwgTlVMTCkpID09IE5VTEwpIGdvdG8gZmFpbDs=
1835	STATEMENT	91013	91110	1	c048efddf76f85a54d25a3acdf3787c50ba708dae5e10e08ccf1aeedcba9fcb2	CglyYyA9IChqaW50KSgoamludCAoU1RETUVUSE9EQ0FMTFRZUEUgKikoamxvbmcsIGpsb25nICopKSgqKGpsb25nICoqKWFyZzEpW2FyZzBdKShhcmcxLCBscGFyZzIpOw==
1836	STATEMENT	91110	91193	1	7fbb799efbaced44951814914d554fd234f83e74e38da010ee1ef435ab5b6323	CmZhaWw6CglpZiAoYXJnMiAmJiBscGFyZzIpICgqZW52KS0+UmVsZWFzZUxvbmdBcnJheUVsZW1lbnRzKGVudiwgYXJnMiwgbHBhcmcyLCAwKTs=
1837	STATEMENT	91193	91244	1	c352dfa748761669ee044cf6d2ca806df1f6fddc22722fd39c83b287b9305857	CglDT01fTkFUSVZFX0VYSVQoZW52LCB0aGF0LCBWdGJsQ2FsbF9fSUpfM0pfRlVOQyk7
1838	STATEMENT	91244	91256	1	a028c9c9501df4846ec72c7b4432d4a3cb499b36b781bb1c38853498151d0ba7	CglyZXR1cm4gcmM7
1839	FRAGMENT	91256	91257	1	01ba4719c80b6fe911b091a7c05124b64eeece964e09c058ef8f9805daca546b	Cg==
1840	BLOCK_CLOSE	91257	91258	0	d10b36aa74a59bcf4a88185837f658afaf3646eff2bb16c3928d0e9335e945d2	fQ==
1841	PREPROCESSOR	91258	91266	0	626de321eb397f6600939892a0009f31bc378f7e886f9acc5ec0af18db6a99a7	CiNlbmRpZgo=
1842	PREPROCESSOR	91266	91300	0	354cf07fb490ec04e7bea27da16fb4f009d4b4ca23a4f0dc973e8afa082c6eea	CiNpZm5kZWYgTk9fVnRibENhbGxfMXB1dF8xQm91bmRzCg==
1843	FUNCTION_OPEN	91300	91423	0	92d26eaa79de3ff6dd46017d4627cf7f73ff461fb3c9c8fe229eed108cc9fe90	Sk5JRVhQT1JUIGppbnQgSk5JQ0FMTCBDT01fTkFUSVZFKFZ0YmxDYWxsXzFwdXRfMUJvdW5kcykKCShKTklFbnYgKmVudiwgamNsYXNzIHRoYXQsIGppbnQgYXJnMCwgamxvbmcgYXJnMSwgam9iamVjdCBhcmcyKQp7
1844	STATEMENT	91423	91450	1	fd050c5f04c92f35087c12cba9135c8254fcbc013f022bef90f1635b250e0c4d	CglSRUNUIF9hcmcyLCAqbHBhcmcyPU5VTEw7
1845	STATEMENT	91450	91464	1	ab2eac128ef6225b35f40b35e2bd8fba39be8b3b6b281960b3c51646eba99890	CglqaW50IHJjID0gMDs=
1846	STATEMENT	91464	91522	1	5296718c2c3d5ee23b1d2108e42327d1d02b222cd6655b4787c9a90a084bcef3	CglDT01fTkFUSVZFX0VOVEVSKGVudiwgdGhhdCwgVnRibENhbGxfMXB1dF8xQm91bmRzX0ZVTkMpOw==
1847	STATEMENT	91522	91601	1	3bdeca3de9b49a76fbe1bb5fa22dac51b1abcd74757cbbac75612c27f5402359	CglpZiAoYXJnMikgaWYgKChscGFyZzIgPSBnZXRSRUNURmllbGRzKGVudiwgYXJnMiwgJl9hcmcyKSkgPT0gTlVMTCkgZ290byBmYWlsOw==
1848	STATEMENT	91601	91696	1	2cb395bd4064c790d2ba94770c637300c23d3976c947c83474a6367a1f367311	CglyYyA9IChqaW50KSgoamludCAoU1RETUVUSE9EQ0FMTFRZUEUgKikoamxvbmcsIFJFQ1QpKSgqKGpsb25nICoqKWFyZzEpW2FyZzBdKShhcmcxLCAqbHBhcmcyKTs=
1849	STATEMENT	91696	91757	1	fd89d5ff22ddd9f0f5967fecf3a69b2f0d9c5deab76a3e3dfd6f13ccc7374462	CmZhaWw6CglpZiAoYXJnMiAmJiBscGFyZzIpIHNldFJFQ1RGaWVsZHMoZW52LCBhcmcyLCBscGFyZzIpOw==
1850	STATEMENT	91757	91814	1	baa5fb918001a4ab5a9ae1ae490e27edf61fbb647502d5b094c5bc35859073fd	CglDT01fTkFUSVZFX0VYSVQoZW52LCB0aGF0LCBWdGJsQ2FsbF8xcHV0XzFCb3VuZHNfRlVOQyk7
1851	STATEMENT	91814	91826	1	a028c9c9501df4846ec72c7b4432d4a3cb499b36b781bb1c38853498151d0ba7	CglyZXR1cm4gcmM7
1852	FRAGMENT	91826	91827	1	01ba4719c80b6fe911b091a7c05124b64eeece964e09c058ef8f9805daca546b	Cg==
1853	BLOCK_CLOSE	91827	91828	0	d10b36aa74a59bcf4a88185837f658afaf3646eff2bb16c3928d0e9335e945d2	fQ==
1854	PREPROCESSOR	91828	91836	0	626de321eb397f6600939892a0009f31bc378f7e886f9acc5ec0af18db6a99a7	CiNlbmRpZgo=
1855	PREPROCESSOR	91836	91862	0	bf31c806f5cf516c10276c47a04692894924f19fa48fec25cff25fc7d93bc647	CiNpZm5kZWYgTk9fV3JpdGVDbGFzc1N0Zwo=
1856	FUNCTION_OPEN	91862	91966	0	b5331d1d2c174a669c78c3d53594566df53d1e1850b8a35cc8878e22d642d0ea	Sk5JRVhQT1JUIGppbnQgSk5JQ0FMTCBDT01fTkFUSVZFKFdyaXRlQ2xhc3NTdGcpCgkoSk5JRW52ICplbnYsIGpjbGFzcyB0aGF0LCBqbG9uZyBhcmcwLCBqb2JqZWN0IGFyZzEpCns=
1857	STATEMENT	91966	91993	1	a8c55500f955dda9c4186360af5ea7da390fdff3f54ee492d39541e7b08a4cbd	CglHVUlEIF9hcmcxLCAqbHBhcmcxPU5VTEw7
1858	STATEMENT	91993	92007	1	ab2eac128ef6225b35f40b35e2bd8fba39be8b3b6b281960b3c51646eba99890	CglqaW50IHJjID0gMDs=
1859	STATEMENT	92007	92057	1	1b0e83b8985c2015466e36b9b3e86981d2853928ed071221c5c5cd12ddfc9927	CglDT01fTkFUSVZFX0VOVEVSKGVudiwgdGhhdCwgV3JpdGVDbGFzc1N0Z19GVU5DKTs=
1860	STATEMENT	92057	92136	1	36a59b127b31eca7ca455b1ee3482ce4b67f495945ccb67b85a1991210ceaff8	CglpZiAoYXJnMSkgaWYgKChscGFyZzEgPSBnZXRHVUlERmllbGRzKGVudiwgYXJnMSwgJl9hcmcxKSkgPT0gTlVMTCkgZ290byBmYWlsOw==
1861	STATEMENT	92136	92189	1	c181e83701cf1a5288c08285904721445d51bba57fabefba2244034d0740bfa5	CglyYyA9IChqaW50KVdyaXRlQ2xhc3NTdGcoKElTdG9yYWdlICopYXJnMCwgbHBhcmcxKTs=
1862	STATEMENT	92189	92250	1	8292d8b62d8c929f39922bd03714c98284d76a2c9b4919e12b272e4a9d579419	CmZhaWw6CglpZiAoYXJnMSAmJiBscGFyZzEpIHNldEdVSURGaWVsZHMoZW52LCBhcmcxLCBscGFyZzEpOw==
1863	STATEMENT	92250	92299	1	6b9a300ba773bcb60d4eb86a7187b349b387914555b01719273b074518ffd12d	CglDT01fTkFUSVZFX0VYSVQoZW52LCB0aGF0LCBXcml0ZUNsYXNzU3RnX0ZVTkMpOw==
1864	STATEMENT	92299	92311	1	a028c9c9501df4846ec72c7b4432d4a3cb499b36b781bb1c38853498151d0ba7	CglyZXR1cm4gcmM7
1865	FRAGMENT	92311	92312	1	01ba4719c80b6fe911b091a7c05124b64eeece964e09c058ef8f9805daca546b	Cg==
1866	BLOCK_CLOSE	92312	92313	0	d10b36aa74a59bcf4a88185837f658afaf3646eff2bb16c3928d0e9335e945d2	fQ==
1867	PREPROCESSOR	92313	92321	0	626de321eb397f6600939892a0009f31bc378f7e886f9acc5ec0af18db6a99a7	CiNlbmRpZgo=
1868	TRAILING	92321	92322	0	01ba4719c80b6fe911b091a7c05124b64eeece964e09c058ef8f9805daca546b	Cg==
