ordinal	kind	start	end	depth	sha256	payload-base64
0	PREPROCESSOR	0	711	0	e2a64578e5a2fa80ffbacc13e19a91fe0595d146fd7aa7499f05b3e91fa30d97	LyoqKioqKioqKioqKioqKioqKioqKioqKioqKioqKioqKioqKioqKioqKioqKioqKioqKioqKioqKioqKioqKioqKioqKioqKioqKioqKioKICogQ29weXJpZ2h0IChjKSAyMDAwLCAyMDE5IElCTSBDb3Jwb3JhdGlvbiBhbmQgb3RoZXJzLgogKgogKiBUaGlzIHByb2dyYW0gYW5kIHRoZSBhY2NvbXBhbnlpbmcgbWF0ZXJpYWxzCiAqIGFyZSBtYWRlIGF2YWlsYWJsZSB1bmRlciB0aGUgdGVybXMgb2YgdGhlIEVjbGlwc2UgUHVibGljIExpY2Vuc2UgMi4wCiAqIHdoaWNoIGFjY29tcGFuaWVzIHRoaXMgZGlzdHJpYnV0aW9uLCBhbmQgaXMgYXZhaWxhYmxlIGF0CiAqIGh0dHBzOi8vd3d3LmVjbGlwc2Uub3JnL2xlZ2FsL2VwbC0yLjAvCiAqCiAqIFNQRFgtTGljZW5zZS1JZGVudGlmaWVyOiBFUEwtMi4wCiAqCiAqIENvbnRyaWJ1dG9yczoKICogICAgSUJNIENvcnBvcmF0aW9uIC0gaW5pdGlhbCBBUEkgYW5kIGltcGxlbWVudGF0aW9uCiAqKioqKioqKioqKioqKioqKioqKioqKioqKioqKioqKioqKioqKioqKioqKioqKioqKioqKioqKioqKioqKioqKioqKioqKioqKioqKioqLwoKLyogTm90ZTogVGhpcyBmaWxlIHdhcyBhdXRvLWdlbmVyYXRlZCBieSBvcmcuZWNsaXBzZS5zd3QudG9vbHMuaW50ZXJuYWwuSk5JR2VuZXJhdG9yICovCi8qIERPIE5PVCBFRElUIC0geW91ciBjaGFuZ2VzIHdpbGwgYmUgbG9zdC4gKi8KCiNpbmNsdWRlICJzd3QuaCIK
1	PREPROCESSOR	711	736	0	fdef2f278ce2fee40e620f7b9e2fa349d0c071a81568e51cb8d7a6ef60896b1e	I2luY2x1ZGUgImNvbV9zdHJ1Y3RzLmgiCg==
2	PREPROCESSOR	736	755	0	5272a27b5d29be822463e1bb74f00e0a876b0ce4fd18b3b70aa7f61689198d98	CiNpZm5kZWYgTk9fQ0FVVUlECg==
3	BLOCK_OPEN	755	788	0	d2f311f3d12729c2c2e4f929a035230800aab9a1fbb39a46c21673a2f14b81f3	dHlwZWRlZiBzdHJ1Y3QgQ0FVVUlEX0ZJRF9DQUNIRSB7
4	STATEMENT	788	801	1	dc6afef5cbc289f32babef7effcc87da09f51223bb7aadcf0c0e04f5c6c05dbc	CglpbnQgY2FjaGVkOw==
5	STATEMENT	801	816	1	7d537ce59642f2e847cc26e17bf015210ce7e79ca63aab7178c4423a3e813b9d	CglqY2xhc3MgY2xheno7
6	STATEMENT	816	842	1	54edd42a0bd092062600bfae6763ef91cc650ab6af20249159522361947c0f92	CglqZmllbGRJRCBjRWxlbXMsIHBFbGVtczs=
7	FRAGMENT	842	843	1	01ba4719c80b6fe911b091a7c05124b64eeece964e09c058ef8f9805daca546b	Cg==
8	BLOCK_CLOSE	843	844	0	d10b36aa74a59bcf4a88185837f658afaf3646eff2bb16c3928d0e9335e945d2	fQ==
9	STATEMENT	844	862	0	3d4fe3c3bee876e6ca6926a2fe26e4dbcf8f5906deafd117d2dbf414cbc7245e	IENBVVVJRF9GSURfQ0FDSEU7
10	STATEMENT	862	890	0	27e3d9336d708207cc8e3345ea1049d352616c50d92e1d80afc8546f7f6bd38c	CgpDQVVVSURfRklEX0NBQ0hFIENBVVVJREZjOw==
11	FUNCTION_OPEN	890	947	0	c784d065af79255f9229dad95f882aeb44b2335dc3cf12a9e8aa7e953171758b	Cgp2b2lkIGNhY2hlQ0FVVUlERmllbGRzKEpOSUVudiAqZW52LCBqb2JqZWN0IGxwT2JqZWN0KQp7
12	STATEMENT	947	977	1	ea028af04275ee40d2200da84c9c9b1a8ba348cb4d003edff92150788dd8cc06	CglpZiAoQ0FVVUlERmMuY2FjaGVkKSByZXR1cm47
13	STATEMENT	977	1034	1	20bf201ae0d27de9898c70dd5ab549d28488bf23eff992569b5992dcaf71c0be	CglDQVVVSURGYy5jbGF6eiA9ICgqZW52KS0+R2V0T2JqZWN0Q2xhc3MoZW52LCBscE9iamVjdCk7
14	STATEMENT	1034	1109	1	eaab90d0a423c4e2ed48e888191e1eb8af3d9872eb12f78d2a2c5612ece54b00	CglDQVVVSURGYy5jRWxlbXMgPSAoKmVudiktPkdldEZpZWxkSUQoZW52LCBDQVVVSURGYy5jbGF6eiwgImNFbGVtcyIsICJJIik7
15	STATEMENT	1109	1184	1	cf0dda9022795fe38b37ca26e50004a93bcc52fba9d3bdc453b5cd5165cd90ac	CglDQVVVSURGYy5wRWxlbXMgPSAoKmVudiktPkdldEZpZWxkSUQoZW52LCBDQVVVSURGYy5jbGF6eiwgInBFbGVtcyIsICJKIik7
16	STATEMENT	1184	1206	1	f3ba8a67ad83030e6e4778d339ecb9ad05eb332ef50610023ddc65d12644008f	CglDQVVVSURGYy5jYWNoZWQgPSAxOw==
17	FRAGMENT	1206	1207	1	01ba4719c80b6fe911b091a7c05124b64eeece964e09c058ef8f9805daca546b	Cg==
18	BLOCK_CLOSE	1207	1208	0	d10b36aa74a59bcf4a88185837f658afaf3646eff2bb16c3928d0e9335e945d2	fQ==
19	FUNCTION_OPEN	1208	1284	0	821cb2444a8567c937570aec7e7cc656636c387ce7f89eb606209b4b64713a76	CgpDQVVVSUQgKmdldENBVVVJREZpZWxkcyhKTklFbnYgKmVudiwgam9iamVjdCBscE9iamVjdCwgQ0FVVUlEICpscFN0cnVjdCkKew==
20	STATEMENT	1284	1341	1	473c5ae779c41b93b40939b293c4f8334d882916a428c8d51fa62ae545e43265	CglpZiAoIUNBVVVJREZjLmNhY2hlZCkgY2FjaGVDQVVVSURGaWVsZHMoZW52LCBscE9iamVjdCk7
21	STATEMENT	1341	1414	1	b701541dd00d5e6b2375f8753509548b2c31a1362eefbeb00423b71635e5dd1b	CglscFN0cnVjdC0+Y0VsZW1zID0gKCplbnYpLT5HZXRJbnRGaWVsZChlbnYsIGxwT2JqZWN0LCBDQVVVSURGYy5jRWxlbXMpOw==
22	STATEMENT	1414	1500	1	94b5f5a65bc9157e6e2fb023da719fb8f9232f11430ea8d04b737e915fbcf274	CglscFN0cnVjdC0+cEVsZW1zID0gKEdVSUQgRkFSICopKCplbnYpLT5HZXRMb25nRmllbGQoZW52LCBscE9iamVjdCwgQ0FVVUlERmMucEVsZW1zKTs=
23	STATEMENT	1500	1518	1	13df0ce3402b6e6431ec66fc14b416a3f3530341bc33a335f4c883fd4ac8b3ed	CglyZXR1cm4gbHBTdHJ1Y3Q7
24	FRAGMENT	1518	1519	1	01ba4719c80b6fe911b091a7c05124b64eeece964e09c058ef8f9805daca546b	Cg==
25	BLOCK_CLOSE	1519	1520	0	d10b36aa74a59bcf4a88185837f658afaf3646eff2bb16c3928d0e9335e945d2	fQ==
26	FUNCTION_OPEN	1520	1593	0	36f140c77b0edbc69c4a4e17702a690db130fae0a4c8b5c4d39ff1e51b4ea54a	Cgp2b2lkIHNldENBVVVJREZpZWxkcyhKTklFbnYgKmVudiwgam9iamVjdCBscE9iamVjdCwgQ0FVVUlEICpscFN0cnVjdCkKew==
27	STATEMENT	1593	1650	1	473c5ae779c41b93b40939b293c4f8334d882916a428c8d51fa62ae545e43265	CglpZiAoIUNBVVVJREZjLmNhY2hlZCkgY2FjaGVDQVVVSURGaWVsZHMoZW52LCBscE9iamVjdCk7
28	STATEMENT	1650	1728	1	e2bf83643dc8d3527f4b2d2f8bce3207a35c440efc01c7a4d80c7263ddf20ffd	CgkoKmVudiktPlNldEludEZpZWxkKGVudiwgbHBPYmplY3QsIENBVVVJREZjLmNFbGVtcywgKGppbnQpbHBTdHJ1Y3QtPmNFbGVtcyk7
29	STATEMENT	1728	1808	1	66f308945f6dd5a7b55bf177f2734f942946c8e889edbcff0421313d87eda435	CgkoKmVudiktPlNldExvbmdGaWVsZChlbnYsIGxwT2JqZWN0LCBDQVVVSURGYy5wRWxlbXMsIChqbG9uZylscFN0cnVjdC0+cEVsZW1zKTs=
30	FRAGMENT	1808	1809	1	01ba4719c80b6fe911b091a7c05124b64eeece964e09c058ef8f9805daca546b	Cg==
31	BLOCK_CLOSE	1809	1810	0	d10b36aa74a59bcf4a88185837f658afaf3646eff2bb16c3928d0e9335e945d2	fQ==
32	PREPROCESSOR	1810	1818	0	626de321eb397f6600939892a0009f31bc378f7e886f9acc5ec0af18db6a99a7	CiNlbmRpZgo=
33	PREPROCESSOR	1818	1842	0	26fed6e66499a5559d174ee3c54753dada322f3a37dbfb51e4510ff5f82c1567	CiNpZm5kZWYgTk9fQ09OVFJPTElORk8K
34	BLOCK_OPEN	1842	1880	0	fa763e995ea32ece5e376363528f036dd81b44325245105aad66025886df1549	dHlwZWRlZiBzdHJ1Y3QgQ09OVFJPTElORk9fRklEX0NBQ0hFIHs=
35	STATEMENT	1880	1893	1	dc6afef5cbc289f32babef7effcc87da09f51223bb7aadcf0c0e04f5c6c05dbc	CglpbnQgY2FjaGVkOw==
36	STATEMENT	1893	1908	1	7d537ce59642f2e847cc26e17bf015210ce7e79ca63aab7178c4423a3e813b9d	CglqY2xhc3MgY2xheno7
37	STATEMENT	1908	1947	1	09d8e7bf6ba8591367379e479e6b2f3c39ef9ff7e04c786aa0dc62cb47c4fddf	CglqZmllbGRJRCBjYiwgaEFjY2VsLCBjQWNjZWwsIGR3RmxhZ3M7
38	FRAGMENT	1947	1948	1	01ba4719c80b6fe911b091a7c05124b64eeece964e09c058ef8f9805daca546b	Cg==
39	BLOCK_CLOSE	1948	1949	0	d10b36aa74a59bcf4a88185837f658afaf3646eff2bb16c3928d0e9335e945d2	fQ==
40	STATEMENT	1949	1972	0	e31cb52c820c677cbadc1722690f712280c3fd2423cabf2eb785a004fdc2cc8e	IENPTlRST0xJTkZPX0ZJRF9DQUNIRTs=
41	STATEMENT	1972	2010	0	ccd0a22ef0e06c535d445e3fda2ac13f52c4f94ab7c8bda6798b91f5aad31989	CgpDT05UUk9MSU5GT19GSURfQ0FDSEUgQ09OVFJPTElORk9GYzs=
42	FUNCTION_OPEN	2010	2072	0	5afd1f1dd1e6de2e73e3797929240e86ac57d271418cd7cb63e84927352a34c0	Cgp2b2lkIGNhY2hlQ09OVFJPTElORk9GaWVsZHMoSk5JRW52ICplbnYsIGpvYmplY3QgbHBPYmplY3QpCns=
43	STATEMENT	2072	2107	1	f9aa0e6e02e3acbfeaabb07a4412aa73d7a198873d9bb682bd4b078e70664594	CglpZiAoQ09OVFJPTElORk9GYy5jYWNoZWQpIHJldHVybjs=
44	STATEMENT	2107	2169	1	f3821b7f8a84ec8533af26d8e13f0bcbe41db2041bbb1fe06b942f9c49b14bfa	CglDT05UUk9MSU5GT0ZjLmNsYXp6ID0gKCplbnYpLT5HZXRPYmplY3RDbGFzcyhlbnYsIGxwT2JqZWN0KTs=
45	STATEMENT	2169	2246	1	1855f22d796a2247be4d23deee9c258639651e65bea7c93e2c795f3e46ef33e2	CglDT05UUk9MSU5GT0ZjLmNiID0gKCplbnYpLT5HZXRGaWVsZElEKGVudiwgQ09OVFJPTElORk9GYy5jbGF6eiwgImNiIiwgIkkiKTs=
46	STATEMENT	2246	2331	1	7f447eb917c75dc0f3c0a03108ea31f870c6409d36b342f53184029f8efe114f	CglDT05UUk9MSU5GT0ZjLmhBY2NlbCA9ICgqZW52KS0+R2V0RmllbGRJRChlbnYsIENPTlRST0xJTkZPRmMuY2xhenosICJoQWNjZWwiLCAiSiIpOw==
47	STATEMENT	2331	2416	1	fd72e87a66846b10a4afb0c1a91355cbb647a217cfde654214ba799dbf297117	CglDT05UUk9MSU5GT0ZjLmNBY2NlbCA9ICgqZW52KS0+R2V0RmllbGRJRChlbnYsIENPTlRST0xJTkZPRmMuY2xhenosICJjQWNjZWwiLCAiUyIpOw==
48	STATEMENT	2416	2503	1	b7e7a2d505a181f3c28dbe664b216961d5db7162838f42b45e3910cf618ac46c	CglDT05UUk9MSU5GT0ZjLmR3RmxhZ3MgPSAoKmVudiktPkdldEZpZWxkSUQoZW52LCBDT05UUk9MSU5GT0ZjLmNsYXp6LCAiZHdGbGFncyIsICJJIik7
49	STATEMENT	2503	2530	1	31e92173875ea55c55a4b21991385db9671d8e3a4eb1a7b9a31dfdeed4285e10	CglDT05UUk9MSU5GT0ZjLmNhY2hlZCA9IDE7
50	FRAGMENT	2530	2531	1	01ba4719c80b6fe911b091a7c05124b64eeece964e09c058ef8f9805daca546b	Cg==
51	BLOCK_CLOSE	2531	2532	0	d10b36aa74a59bcf4a88185837f658afaf3646eff2bb16c3928d0e9335e945d2	fQ==
52	FUNCTION_OPEN	2532	2623	0	b4fea639794e5ee640f6cd57fe68c5e20bcdb16c41f0947fc6030ce19c85a81a	CgpDT05UUk9MSU5GTyAqZ2V0Q09OVFJPTElORk9GaWVsZHMoSk5JRW52ICplbnYsIGpvYmplY3QgbHBPYmplY3QsIENPTlRST0xJTkZPICpscFN0cnVjdCkKew==
53	STATEMENT	2623	2690	1	6b9c9d35b1fe85fb391d25407a011b549fecd10ab729e5e824b5dba3ddb89a08	CglpZiAoIUNPTlRST0xJTkZPRmMuY2FjaGVkKSBjYWNoZUNPTlRST0xJTkZPRmllbGRzKGVudiwgbHBPYmplY3QpOw==
54	STATEMENT	2690	2760	1	ea877ff9537ee52ae384f38659444fa340726fc1c7fc954051e0f4b703797967	CglscFN0cnVjdC0+Y2IgPSAoKmVudiktPkdldEludEZpZWxkKGVudiwgbHBPYmplY3QsIENPTlRST0xJTkZPRmMuY2IpOw==
55	STATEMENT	2760	2847	1	4c8fe48df3c89b5ff988c3676b060dd71debacc85c1f98ff48b8858d1b96691f	CglscFN0cnVjdC0+aEFjY2VsID0gKEhBQ0NFTCkoKmVudiktPkdldExvbmdGaWVsZChlbnYsIGxwT2JqZWN0LCBDT05UUk9MSU5GT0ZjLmhBY2NlbCk7
56	STATEMENT	2847	2927	1	48ab3f6a693dd98412b5cf6c3d74267f68592c38446d60f9be0e4f48368bb812	CglscFN0cnVjdC0+Y0FjY2VsID0gKCplbnYpLT5HZXRTaG9ydEZpZWxkKGVudiwgbHBPYmplY3QsIENPTlRST0xJTkZPRmMuY0FjY2VsKTs=
57	STATEMENT	2927	3007	1	e0ca93bf338201a4843a3a62c7f1bec557226f41d6089b8a280ea2fddf695a96	CglscFN0cnVjdC0+ZHdGbGFncyA9ICgqZW52KS0+R2V0SW50RmllbGQoZW52LCBscE9iamVjdCwgQ09OVFJPTElORk9GYy5kd0ZsYWdzKTs=
58	STATEMENT	3007	3025	1	13df0ce3402b6e6431ec66fc14b416a3f3530341bc33a335f4c883fd4ac8b3ed	CglyZXR1cm4gbHBTdHJ1Y3Q7
59	FRAGMENT	3025	3026	1	01ba4719c80b6fe911b091a7c05124b64eeece964e09c058ef8f9805daca546b	Cg==
60	BLOCK_CLOSE	3026	3027	0	d10b36aa74a59bcf4a88185837f658afaf3646eff2bb16c3928d0e9335e945d2	fQ==
61	FUNCTION_OPEN	3027	3110	0	f19e901ea7c57fbd17a05e56e09fc83b19f95d07dd843a449021d9b2393b23ae	Cgp2b2lkIHNldENPTlRST0xJTkZPRmllbGRzKEpOSUVudiAqZW52LCBqb2JqZWN0IGxwT2JqZWN0LCBDT05UUk9MSU5GTyAqbHBTdHJ1Y3QpCns=
62	STATEMENT	3110	3177	1	6b9c9d35b1fe85fb391d25407a011b549fecd10ab729e5e824b5dba3ddb89a08	CglpZiAoIUNPTlRST0xJTkZPRmMuY2FjaGVkKSBjYWNoZUNPTlRST0xJTkZPRmllbGRzKGVudiwgbHBPYmplY3QpOw==
63	STATEMENT	3177	3252	1	0695c761218e5ae5845463892fa5e55d4d8f67c8a64b7a92b933213e79a6b181	CgkoKmVudiktPlNldEludEZpZWxkKGVudiwgbHBPYmplY3QsIENPTlRST0xJTkZPRmMuY2IsIChqaW50KWxwU3RydWN0LT5jYik7
64	STATEMENT	3252	3337	1	0ddc15045c73304bc929566d866f49ffe24357108551cb6d53ed48c7b6577c09	CgkoKmVudiktPlNldExvbmdGaWVsZChlbnYsIGxwT2JqZWN0LCBDT05UUk9MSU5GT0ZjLmhBY2NlbCwgKGpsb25nKWxwU3RydWN0LT5oQWNjZWwpOw==
65	STATEMENT	3337	3424	1	bd5779e367240469cda3a43212586874564501ae1b5052903476f56013043443	CgkoKmVudiktPlNldFNob3J0RmllbGQoZW52LCBscE9iamVjdCwgQ09OVFJPTElORk9GYy5jQWNjZWwsIChqc2hvcnQpbHBTdHJ1Y3QtPmNBY2NlbCk7
66	STATEMENT	3424	3509	1	d60a26e3607e8115cf96db4e142da7329e23dc7b0c321e42a60a62ef20b9bc60	CgkoKmVudiktPlNldEludEZpZWxkKGVudiwgbHBPYmplY3QsIENPTlRST0xJTkZPRmMuZHdGbGFncywgKGppbnQpbHBTdHJ1Y3QtPmR3RmxhZ3MpOw==
67	FRAGMENT	3509	3510	1	01ba4719c80b6fe911b091a7c05124b64eeece964e09c058ef8f9805daca546b	Cg==
68	BLOCK_CLOSE	3510	3511	0	d10b36aa74a59bcf4a88185837f658afaf3646eff2bb16c3928d0e9335e945d2	fQ==
69	PREPROCESSOR	3511	3519	0	626de321eb397f6600939892a0009f31bc378f7e886f9acc5ec0af18db6a99a7	CiNlbmRpZgo=
70	PREPROCESSOR	3519	3542	0	7287c3fef4e9d69b4b6530a7730d84e19e42bf24cf0baf834fb996a91e61567e	CiNpZm5kZWYgTk9fRElTUFBBUkFNUwo=
71	BLOCK_OPEN	3542	3579	0	bc39268249aebfe6139b11c51a60dd8ce31e4f0dbf8ac3caae92f2ee24e5d31f	dHlwZWRlZiBzdHJ1Y3QgRElTUFBBUkFNU19GSURfQ0FDSEUgew==
72	STATEMENT	3579	3592	1	dc6afef5cbc289f32babef7effcc87da09f51223bb7aadcf0c0e04f5c6c05dbc	CglpbnQgY2FjaGVkOw==
73	STATEMENT	3592	3607	1	7d537ce59642f2e847cc26e17bf015210ce7e79ca63aab7178c4423a3e813b9d	CglqY2xhc3MgY2xheno7
74	STATEMENT	3607	3663	1	4cfa9c7b5b47a2de02ad7163fb6b5129fade11a5f8ab68d20d9c76f74edea139	CglqZmllbGRJRCByZ3ZhcmcsIHJnZGlzcGlkTmFtZWRBcmdzLCBjQXJncywgY05hbWVkQXJnczs=
75	FRAGMENT	3663	3664	1	01ba4719c80b6fe911b091a7c05124b64eeece964e09c058ef8f9805daca546b	Cg==
76	BLOCK_CLOSE	3664	3665	0	d10b36aa74a59bcf4a88185837f658afaf3646eff2bb16c3928d0e9335e945d2	fQ==
77	STATEMENT	3665	3687	0	765bb10da2bdbc7a83fe47d170f7ab132459c2bf15cffefdaa2352a1fcf8c388	IERJU1BQQVJBTVNfRklEX0NBQ0hFOw==
78	STATEMENT	3687	3723	0	211790d491ee874392ddc22ceaf1d6641abbc0ade325f04f694995be7f47c04a	CgpESVNQUEFSQU1TX0ZJRF9DQUNIRSBESVNQUEFSQU1TRmM7
79	FUNCTION_OPEN	3723	3784	0	f7bee61e2f5c6d1fe2b6f531813dd036d69b73738b0d0ac8a93310ab8ab37c04	Cgp2b2lkIGNhY2hlRElTUFBBUkFNU0ZpZWxkcyhKTklFbnYgKmVudiwgam9iamVjdCBscE9iamVjdCkKew==
80	STATEMENT	3784	3818	1	76b7ec54536520d84b1507d1115f69f2f7581c5a08b500ff5ec7a4a5437abb57	CglpZiAoRElTUFBBUkFNU0ZjLmNhY2hlZCkgcmV0dXJuOw==
81	STATEMENT	3818	3879	1	d737003d3c7f57d5f79a50b982d5fc18f8f9739192a5ea93309dd7e493913100	CglESVNQUEFSQU1TRmMuY2xhenogPSAoKmVudiktPkdldE9iamVjdENsYXNzKGVudiwgbHBPYmplY3QpOw==
82	STATEMENT	3879	3962	1	30201829ce54bdd407c11142374145eb57b836091fdb3c722f125f7f468dcb95	CglESVNQUEFSQU1TRmMucmd2YXJnID0gKCplbnYpLT5HZXRGaWVsZElEKGVudiwgRElTUFBBUkFNU0ZjLmNsYXp6LCAicmd2YXJnIiwgIkoiKTs=
83	STATEMENT	3962	4067	1	79201a0de813649d78e11eb584848901fbd29ad4d78fbc14dc68580f84381197	CglESVNQUEFSQU1TRmMucmdkaXNwaWROYW1lZEFyZ3MgPSAoKmVudiktPkdldEZpZWxkSUQoZW52LCBESVNQUEFSQU1TRmMuY2xhenosICJyZ2Rpc3BpZE5hbWVkQXJncyIsICJKIik7
84	STATEMENT	4067	4148	1	e128508a7b3c361639d89200ec3ac0d8aa735c4587a18a284faa49d30b2634c9	CglESVNQUEFSQU1TRmMuY0FyZ3MgPSAoKmVudiktPkdldEZpZWxkSUQoZW52LCBESVNQUEFSQU1TRmMuY2xhenosICJjQXJncyIsICJJIik7
85	STATEMENT	4148	4239	1	a77f112003e75bb19415d263bd0a86c1dd7e46da6a167870b89734d429ec88ef	CglESVNQUEFSQU1TRmMuY05hbWVkQXJncyA9ICgqZW52KS0+R2V0RmllbGRJRChlbnYsIERJU1BQQVJBTVNGYy5jbGF6eiwgImNOYW1lZEFyZ3MiLCAiSSIpOw==
86	STATEMENT	4239	4265	1	335bebe274f17a4965f3015a0116c3f0a884fe1c07683933c288cd642e4c025d	CglESVNQUEFSQU1TRmMuY2FjaGVkID0gMTs=
87	FRAGMENT	4265	4266	1	01ba4719c80b6fe911b091a7c05124b64eeece964e09c058ef8f9805daca546b	Cg==
88	BLOCK_CLOSE	4266	4267	0	d10b36aa74a59bcf4a88185837f658afaf3646eff2bb16c3928d0e9335e945d2	fQ==
89	FUNCTION_OPEN	4267	4355	0	769364b38cbff2ca9afe4d09b42db16d5675c20795e096df21ef1bb544483e8f	CgpESVNQUEFSQU1TICpnZXRESVNQUEFSQU1TRmllbGRzKEpOSUVudiAqZW52LCBqb2JqZWN0IGxwT2JqZWN0LCBESVNQUEFSQU1TICpscFN0cnVjdCkKew==
90	STATEMENT	4355	4420	1	943c4d3db5cba2668eaf3bed28e4009f510126179a7e04fef34e6e37ff0f7e29	CglpZiAoIURJU1BQQVJBTVNGYy5jYWNoZWQpIGNhY2hlRElTUFBBUkFNU0ZpZWxkcyhlbnYsIGxwT2JqZWN0KTs=
91	STATEMENT	4420	4516	1	ff15d47f4dc270d538cd7f99787b867646798f29b4607c36f717d4d18fc4b3dd	CglscFN0cnVjdC0+cmd2YXJnID0gKFZBUklBTlRBUkcgRkFSICopKCplbnYpLT5HZXRMb25nRmllbGQoZW52LCBscE9iamVjdCwgRElTUFBBUkFNU0ZjLnJndmFyZyk7
92	STATEMENT	4516	4630	1	5d6f9b60179148df2a2b3d4423cbf3d423ad267baff0c500f690f6ee1d54fcb2	CglscFN0cnVjdC0+cmdkaXNwaWROYW1lZEFyZ3MgPSAoRElTUElEIEZBUiAqKSgqZW52KS0+R2V0TG9uZ0ZpZWxkKGVudiwgbHBPYmplY3QsIERJU1BQQVJBTVNGYy5yZ2Rpc3BpZE5hbWVkQXJncyk7
93	STATEMENT	4630	4705	1	abbee6804d3f38650fdc32522ed03e12a9b0cd595ee141910068b2d1dde92cdb	CglscFN0cnVjdC0+Y0FyZ3MgPSAoKmVudiktPkdldEludEZpZWxkKGVudiwgbHBPYmplY3QsIERJU1BQQVJBTVNGYy5jQXJncyk7
94	STATEMENT	4705	4790	1	d796e0b348e85d4b7fac3d5e3dbadba4569dd1ce6f9d4569973a966c96fbaab0	CglscFN0cnVjdC0+Y05hbWVkQXJncyA9ICgqZW52KS0+R2V0SW50RmllbGQoZW52LCBscE9iamVjdCwgRElTUFBBUkFNU0ZjLmNOYW1lZEFyZ3MpOw==
95	STATEMENT	4790	4808	1	13df0ce3402b6e6431ec66fc14b416a3f3530341bc33a335f4c883fd4ac8b3ed	CglyZXR1cm4gbHBTdHJ1Y3Q7
96	FRAGMENT	4808	4809	1	01ba4719c80b6fe911b091a7c05124b64eeece964e09c058ef8f9805daca546b	Cg==
97	BLOCK_CLOSE	4809	4810	0	d10b36aa74a59bcf4a88185837f658afaf3646eff2bb16c3928d0e9335e945d2	fQ==
98	FUNCTION_OPEN	4810	4891	0	41cfc0ed410ece909a96ab2de5dfedc10d844a59d25ca334f49bb6d02becb7e6	Cgp2b2lkIHNldERJU1BQQVJBTVNGaWVsZHMoSk5JRW52ICplbnYsIGpvYmplY3QgbHBPYmplY3QsIERJU1BQQVJBTVMgKmxwU3RydWN0KQp7
99	STATEMENT	4891	4956	1	943c4d3db5cba2668eaf3bed28e4009f510126179a7e04fef34e6e37ff0f7e29	CglpZiAoIURJU1BQQVJBTVNGYy5jYWNoZWQpIGNhY2hlRElTUFBBUkFNU0ZpZWxkcyhlbnYsIGxwT2JqZWN0KTs=
100	STATEMENT	4956	5040	1	c286f4b7bfd12ed0f28c90f02962145101fe04ef14685160b7d594dda29e8453	CgkoKmVudiktPlNldExvbmdGaWVsZChlbnYsIGxwT2JqZWN0LCBESVNQUEFSQU1TRmMucmd2YXJnLCAoamxvbmcpbHBTdHJ1Y3QtPnJndmFyZyk7
101	STATEMENT	5040	5146	1	79c74f8e7e48a9c644bfe84045498f6591420f8c865602f5f9147faeb5e7b823	CgkoKmVudiktPlNldExvbmdGaWVsZChlbnYsIGxwT2JqZWN0LCBESVNQUEFSQU1TRmMucmdkaXNwaWROYW1lZEFyZ3MsIChqbG9uZylscFN0cnVjdC0+cmdkaXNwaWROYW1lZEFyZ3MpOw==
102	STATEMENT	5146	5226	1	7b71f16724ae502df0a4c01679d6280afa939fd1bebf1dcbb77820d1396966d4	CgkoKmVudiktPlNldEludEZpZWxkKGVudiwgbHBPYmplY3QsIERJU1BQQVJBTVNGYy5jQXJncywgKGppbnQpbHBTdHJ1Y3QtPmNBcmdzKTs=
103	STATEMENT	5226	5316	1	8913649adee8fb0227debe99b6ea8181a037ac7d79e85c2c67dc9546ea93b225	CgkoKmVudiktPlNldEludEZpZWxkKGVudiwgbHBPYmplY3QsIERJU1BQQVJBTVNGYy5jTmFtZWRBcmdzLCAoamludClscFN0cnVjdC0+Y05hbWVkQXJncyk7
104	FRAGMENT	5316	5317	1	01ba4719c80b6fe911b091a7c05124b64eeece964e09c058ef8f9805daca546b	Cg==
105	BLOCK_CLOSE	5317	5318	0	d10b36aa74a59bcf4a88185837f658afaf3646eff2bb16c3928d0e9335e945d2	fQ==
106	PREPROCESSOR	5318	5326	0	626de321eb397f6600939892a0009f31bc378f7e886f9acc5ec0af18db6a99a7	CiNlbmRpZgo=
107	PREPROCESSOR	5326	5348	0	01e667b4cebaf5f44787b989c83f68e5e8b060b077cde20603261c0e81295215	CiNpZm5kZWYgTk9fRVhDRVBJTkZPCg==
108	BLOCK_OPEN	5348	5384	0	b2807ec0b005eccd4cdcc68d910a916a33293e18cc4925d334477fccb2635e86	dHlwZWRlZiBzdHJ1Y3QgRVhDRVBJTkZPX0ZJRF9DQUNIRSB7
109	STATEMENT	5384	5397	1	dc6afef5cbc289f32babef7effcc87da09f51223bb7aadcf0c0e04f5c6c05dbc	CglpbnQgY2FjaGVkOw==
110	STATEMENT	5397	5412	1	7d537ce59642f2e847cc26e17bf015210ce7e79ca63aab7178c4423a3e813b9d	CglqY2xhc3MgY2xheno7
111	STATEMENT	5412	5536	1	aa650890c76eb79d5d6938d7265cba6ad1079662a5fb638b046daf59f3645793	CglqZmllbGRJRCB3Q29kZSwgd1Jlc2VydmVkLCBic3RyU291cmNlLCBic3RyRGVzY3JpcHRpb24sIGJzdHJIZWxwRmlsZSwgZHdIZWxwQ29udGV4dCwgcHZSZXNlcnZlZCwgcGZuRGVmZXJyZWRGaWxsSW4sIHNjb2RlOw==
112	FRAGMENT	5536	5537	1	01ba4719c80b6fe911b091a7c05124b64eeece964e09c058ef8f9805daca546b	Cg==
113	BLOCK_CLOSE	5537	5538	0	d10b36aa74a59bcf4a88185837f658afaf3646eff2bb16c3928d0e9335e945d2	fQ==
114	STATEMENT	5538	5559	0	d2957d0fe1db8445326ace93408bd324b4c6cf9a32f1b132aaa6580698e07479	IEVYQ0VQSU5GT19GSURfQ0FDSEU7
115	STATEMENT	5559	5593	0	fb60bdc9831bb5888a3d2a3c706e716db255eb466a85c11eaf1a9081edf20bb8	CgpFWENFUElORk9fRklEX0NBQ0hFIEVYQ0VQSU5GT0ZjOw==
116	FUNCTION_OPEN	5593	5653	0	75a5dc1e4d0f6e6e8f21c4e728419539730233a7258039c973802ad62dd52d43	Cgp2b2lkIGNhY2hlRVhDRVBJTkZPRmllbGRzKEpOSUVudiAqZW52LCBqb2JqZWN0IGxwT2JqZWN0KQp7
117	STATEMENT	5653	5686	1	6df09a3435376373fa3e14311bdcac24509cf35241e2824e7e86f74b6971f1af	CglpZiAoRVhDRVBJTkZPRmMuY2FjaGVkKSByZXR1cm47
118	STATEMENT	5686	5746	1	ab0b9ea86a3b7f1acac30ab5112aa73ce91fc2fa87e9a2622ed5289abdc7477b	CglFWENFUElORk9GYy5jbGF6eiA9ICgqZW52KS0+R2V0T2JqZWN0Q2xhc3MoZW52LCBscE9iamVjdCk7
119	STATEMENT	5746	5825	1	b3e00084e93d12a998d5126b22e93eb98be057b9f1d745ecc1705d8630907f00	CglFWENFUElORk9GYy53Q29kZSA9ICgqZW52KS0+R2V0RmllbGRJRChlbnYsIEVYQ0VQSU5GT0ZjLmNsYXp6LCAid0NvZGUiLCAiUyIpOw==
120	STATEMENT	5825	5912	1	6f674c59c4bb6d099f376d22969116497982dd1e3447e963a49b82c83c01e088	CglFWENFUElORk9GYy53UmVzZXJ2ZWQgPSAoKmVudiktPkdldEZpZWxkSUQoZW52LCBFWENFUElORk9GYy5jbGF6eiwgIndSZXNlcnZlZCIsICJTIik7
121	STATEMENT	5912	6001	1	73947a63fe58875932d28cae3563d886305391d4b49ab81aa3b69ed26a185e09	CglFWENFUElORk9GYy5ic3RyU291cmNlID0gKCplbnYpLT5HZXRGaWVsZElEKGVudiwgRVhDRVBJTkZPRmMuY2xhenosICJic3RyU291cmNlIiwgIkoiKTs=
122	STATEMENT	6001	6100	1	f73f87c427f4368d10b88d7a0be9569114e52a492603f30eb1df15626ebdd5db	CglFWENFUElORk9GYy5ic3RyRGVzY3JpcHRpb24gPSAoKmVudiktPkdldEZpZWxkSUQoZW52LCBFWENFUElORk9GYy5jbGF6eiwgImJzdHJEZXNjcmlwdGlvbiIsICJKIik7
123	STATEMENT	6100	6193	1	ed5461878975f6726bcccbb952d5b336ba13951830216e5efccdd7de4aadc785	CglFWENFUElORk9GYy5ic3RySGVscEZpbGUgPSAoKmVudiktPkdldEZpZWxkSUQoZW52LCBFWENFUElORk9GYy5jbGF6eiwgImJzdHJIZWxwRmlsZSIsICJKIik7
124	STATEMENT	6193	6288	1	6741965e9cbedd9c32ed6a03a4b5910899ba29425a09d410a77dcef5baf50a07	CglFWENFUElORk9GYy5kd0hlbHBDb250ZXh0ID0gKCplbnYpLT5HZXRGaWVsZElEKGVudiwgRVhDRVBJTkZPRmMuY2xhenosICJkd0hlbHBDb250ZXh0IiwgIkkiKTs=
125	STATEMENT	6288	6377	1	0b70911d4e1ee4e4ae3f321f3e8dcd79e1fd7edd1bfb1b74fb2c4d3dcfaa9236	CglFWENFUElORk9GYy5wdlJlc2VydmVkID0gKCplbnYpLT5HZXRGaWVsZElEKGVudiwgRVhDRVBJTkZPRmMuY2xhenosICJwdlJlc2VydmVkIiwgIkoiKTs=
126	STATEMENT	6377	6480	1	f6af5a3236c3f73815ad7d4a5c7c228d857b4cc1626bf086d24b6cef9f98cbf2	CglFWENFUElORk9GYy5wZm5EZWZlcnJlZEZpbGxJbiA9ICgqZW52KS0+R2V0RmllbGRJRChlbnYsIEVYQ0VQSU5GT0ZjLmNsYXp6LCAicGZuRGVmZXJyZWRGaWxsSW4iLCAiSiIpOw==
127	STATEMENT	6480	6559	1	8dc134c323cdda874c8416bd53d4e6b2e3f828cd08a395cc59c03fa7f610a88f	CglFWENFUElORk9GYy5zY29kZSA9ICgqZW52KS0+R2V0RmllbGRJRChlbnYsIEVYQ0VQSU5GT0ZjLmNsYXp6LCAic2NvZGUiLCAiSSIpOw==
128	STATEMENT	6559	6584	1	471f5a0ff8c40983d5ef5b5d1e1c03d71e3b1a558c48967e6759d2f4bb054468	CglFWENFUElORk9GYy5jYWNoZWQgPSAxOw==
129	FRAGMENT	6584	6585	1	01ba4719c80b6fe911b091a7c05124b64eeece964e09c058ef8f9805daca546b	Cg==
130	BLOCK_CLOSE	6585	6586	0	d10b36aa74a59bcf4a88185837f658afaf3646eff2bb16c3928d0e9335e945d2	fQ==
131	FUNCTION_OPEN	6586	6671	0	acb2f34ab14a41e09e35adb683b7025f5310827464f31016659a6f1e9c5a5026	CgpFWENFUElORk8gKmdldEVYQ0VQSU5GT0ZpZWxkcyhKTklFbnYgKmVudiwgam9iamVjdCBscE9iamVjdCwgRVhDRVBJTkZPICpscFN0cnVjdCkKew==
132	STATEMENT	6671	6734	1	7afe0e3f4b189be045bfb3d64caf790b10776a91dbf2fb97f75f166d99cc3ec2	CglpZiAoIUVYQ0VQSU5GT0ZjLmNhY2hlZCkgY2FjaGVFWENFUElORk9GaWVsZHMoZW52LCBscE9iamVjdCk7
133	STATEMENT	6734	6810	1	41ac798965f76c8168f6abc11472b46f25dd083ca7a1adb2d744545919060484	CglscFN0cnVjdC0+d0NvZGUgPSAoKmVudiktPkdldFNob3J0RmllbGQoZW52LCBscE9iamVjdCwgRVhDRVBJTkZPRmMud0NvZGUpOw==
134	STATEMENT	6810	6894	1	a203fc13c37cbf7de5e39d1bcb4eb5bff26428a254c6d000502758fa28f00975	CglscFN0cnVjdC0+d1Jlc2VydmVkID0gKCplbnYpLT5HZXRTaG9ydEZpZWxkKGVudiwgbHBPYmplY3QsIEVYQ0VQSU5GT0ZjLndSZXNlcnZlZCk7
135	STATEMENT	6894	6985	1	120cd7d608eee90f6421ca8f2e8599e3937733f5d9e93a2b61a6bb32290c8f65	CglscFN0cnVjdC0+YnN0clNvdXJjZSA9IChCU1RSKSgqZW52KS0+R2V0TG9uZ0ZpZWxkKGVudiwgbHBPYmplY3QsIEVYQ0VQSU5GT0ZjLmJzdHJTb3VyY2UpOw==
136	STATEMENT	6985	7086	1	a95ecf7e7ce180b1eeb79e62e9e97e12860f2a0c50365841765a2e153fb11f86	CglscFN0cnVjdC0+YnN0ckRlc2NyaXB0aW9uID0gKEJTVFIpKCplbnYpLT5HZXRMb25nRmllbGQoZW52LCBscE9iamVjdCwgRVhDRVBJTkZPRmMuYnN0ckRlc2NyaXB0aW9uKTs=
137	STATEMENT	7086	7181	1	f7f93b65fb7e1a8c9224d7e22e16785b0f9a9e9e19398b455346a8e1286722a2	CglscFN0cnVjdC0+YnN0ckhlbHBGaWxlID0gKEJTVFIpKCplbnYpLT5HZXRMb25nRmllbGQoZW52LCBscE9iamVjdCwgRVhDRVBJTkZPRmMuYnN0ckhlbHBGaWxlKTs=
138	STATEMENT	7181	7271	1	9a1b5b5072abc29a9cd0ab5d94eb4c95edfa2ffe9f3e9971aff1f15e2574c1ee	CglscFN0cnVjdC0+ZHdIZWxwQ29udGV4dCA9ICgqZW52KS0+R2V0SW50RmllbGQoZW52LCBscE9iamVjdCwgRVhDRVBJTkZPRmMuZHdIZWxwQ29udGV4dCk7
139	STATEMENT	7271	7368	1	716ab58fd840f953e0788f066edf579454205cc13734f16112c802216130d216	CglscFN0cnVjdC0+cHZSZXNlcnZlZCA9ICh2b2lkIEZBUiAqKSgqZW52KS0+R2V0TG9uZ0ZpZWxkKGVudiwgbHBPYmplY3QsIEVYQ0VQSU5GT0ZjLnB2UmVzZXJ2ZWQpOw==
140	STATEMENT	7368	7525	1	128dfeaf1ae6b9c87cb15ba28fce1b8ffe2f4cfb7e81210a413376091761e96e	CglscFN0cnVjdC0+cGZuRGVmZXJyZWRGaWxsSW4gPSAoSFJFU1VMVCAoU1REQVBJQ0FMTFRZUEUgRkFSKiApKHN0cnVjdCB0YWdFWENFUElORk8gRkFSKikpKCplbnYpLT5HZXRMb25nRmllbGQoZW52LCBscE9iamVjdCwgRVhDRVBJTkZPRmMucGZuRGVmZXJyZWRGaWxsSW4pOw==
141	STATEMENT	7525	7599	1	da311d17c215ac40943ead6a0d632712136e22ca1c77c2ae7ddfb4aca31fc549	CglscFN0cnVjdC0+c2NvZGUgPSAoKmVudiktPkdldEludEZpZWxkKGVudiwgbHBPYmplY3QsIEVYQ0VQSU5GT0ZjLnNjb2RlKTs=
142	STATEMENT	7599	7617	1	13df0ce3402b6e6431ec66fc14b416a3f3530341bc33a335f4c883fd4ac8b3ed	CglyZXR1cm4gbHBTdHJ1Y3Q7
143	FRAGMENT	7617	7618	1	01ba4719c80b6fe911b091a7c05124b64eeece964e09c058ef8f9805daca546b	Cg==
144	BLOCK_CLOSE	7618	7619	0	d10b36aa74a59bcf4a88185837f658afaf3646eff2bb16c3928d0e9335e945d2	fQ==
145	FUNCTION_OPEN	7619	7698	0	499ef24537a69b13d2291cba11f4ef8154b661f6bb8fec4ed656e2007bb23240	Cgp2b2lkIHNldEVYQ0VQSU5GT0ZpZWxkcyhKTklFbnYgKmVudiwgam9iamVjdCBscE9iamVjdCwgRVhDRVBJTkZPICpscFN0cnVjdCkKew==
146	STATEMENT	7698	7761	1	7afe0e3f4b189be045bfb3d64caf790b10776a91dbf2fb97f75f166d99cc3ec2	CglpZiAoIUVYQ0VQSU5GT0ZjLmNhY2hlZCkgY2FjaGVFWENFUElORk9GaWVsZHMoZW52LCBscE9iamVjdCk7
147	STATEMENT	7761	7844	1	0f36ba5492ebdbdb0490baf86ff37e45c4235f417ebbcb0418543354f8daa71a	CgkoKmVudiktPlNldFNob3J0RmllbGQoZW52LCBscE9iamVjdCwgRVhDRVBJTkZPRmMud0NvZGUsIChqc2hvcnQpbHBTdHJ1Y3QtPndDb2RlKTs=
148	STATEMENT	7844	7935	1	1b297dcb14779961387f66655d450a43ee08219dfdd13b302fe9d0e8ab4d37d0	CgkoKmVudiktPlNldFNob3J0RmllbGQoZW52LCBscE9iamVjdCwgRVhDRVBJTkZPRmMud1Jlc2VydmVkLCAoanNob3J0KWxwU3RydWN0LT53UmVzZXJ2ZWQpOw==
149	STATEMENT	7935	8026	1	671db46e2932859bcbcf1767dc96dfce4706ebbeaee0252ce82cdae317663fd4	CgkoKmVudiktPlNldExvbmdGaWVsZChlbnYsIGxwT2JqZWN0LCBFWENFUElORk9GYy5ic3RyU291cmNlLCAoamxvbmcpbHBTdHJ1Y3QtPmJzdHJTb3VyY2UpOw==
150	STATEMENT	8026	8127	1	dc7eb50bc9311dbb4679f198725dcdffe156a3fc87fc6b3bb34523bcdbebeb96	CgkoKmVudiktPlNldExvbmdGaWVsZChlbnYsIGxwT2JqZWN0LCBFWENFUElORk9GYy5ic3RyRGVzY3JpcHRpb24sIChqbG9uZylscFN0cnVjdC0+YnN0ckRlc2NyaXB0aW9uKTs=
151	STATEMENT	8127	8222	1	6aab6c418ea0380d7e8bc847ed1780d2437c8bca57c4b3ee6ad8ec8e298bfd9f	CgkoKmVudiktPlNldExvbmdGaWVsZChlbnYsIGxwT2JqZWN0LCBFWENFUElORk9GYy5ic3RySGVscEZpbGUsIChqbG9uZylscFN0cnVjdC0+YnN0ckhlbHBGaWxlKTs=
152	STATEMENT	8222	8317	1	c73d4fa12a22115c4f8fd06cc5f456e16d42fd1a9433255a3ab368062e04f746	CgkoKmVudiktPlNldEludEZpZWxkKGVudiwgbHBPYmplY3QsIEVYQ0VQSU5GT0ZjLmR3SGVscENvbnRleHQsIChqaW50KWxwU3RydWN0LT5kd0hlbHBDb250ZXh0KTs=
153	STATEMENT	8317	8408	1	0c0a6ed1a1e28cf45c9a442c4c522ebe0131e27a3864ca7467f59427bc3e9ae3	CgkoKmVudiktPlNldExvbmdGaWVsZChlbnYsIGxwT2JqZWN0LCBFWENFUElORk9GYy5wdlJlc2VydmVkLCAoamxvbmcpbHBTdHJ1Y3QtPnB2UmVzZXJ2ZWQpOw==
154	STATEMENT	8408	8513	1	b808cab335298e933c70b8ac93f899d9bb7c73e7ad935bc258e8b876e37b4312	CgkoKmVudiktPlNldExvbmdGaWVsZChlbnYsIGxwT2JqZWN0LCBFWENFUElORk9GYy5wZm5EZWZlcnJlZEZpbGxJbiwgKGpsb25nKWxwU3RydWN0LT5wZm5EZWZlcnJlZEZpbGxJbik7
155	STATEMENT	8513	8592	1	28ee2600151b8cc9b1d68f02fe35a685c459f3d8d763022217b7f4cd756bfffb	CgkoKmVudiktPlNldEludEZpZWxkKGVudiwgbHBPYmplY3QsIEVYQ0VQSU5GT0ZjLnNjb2RlLCAoamludClscFN0cnVjdC0+c2NvZGUpOw==
156	FRAGMENT	8592	8593	1	01ba4719c80b6fe911b091a7c05124b64eeece964e09c058ef8f9805daca546b	Cg==
157	BLOCK_CLOSE	8593	8594	0	d10b36aa74a59bcf4a88185837f658afaf3646eff2bb16c3928d0e9335e945d2	fQ==
158	PREPROCESSOR	8594	8602	0	626de321eb397f6600939892a0009f31bc378f7e886f9acc5ec0af18db6a99a7	CiNlbmRpZgo=
159	PREPROCESSOR	8602	8624	0	fc3d2cf14e42b592c25124b207eb9b12675833e1faca8bc705470ab44093d608	CiNpZm5kZWYgTk9fRk9STUFURVRDCg==
160	BLOCK_OPEN	8624	8660	0	80e54dd14df03751051ac4ad0a50c44c81c727f074e3ac06f23d5a0930d2d178	dHlwZWRlZiBzdHJ1Y3QgRk9STUFURVRDX0ZJRF9DQUNIRSB7
161	STATEMENT	8660	8673	1	dc6afef5cbc289f32babef7effcc87da09f51223bb7aadcf0c0e04f5c6c05dbc	CglpbnQgY2FjaGVkOw==
162	STATEMENT	8673	8688	1	7d537ce59642f2e847cc26e17bf015210ce7e79ca63aab7178c4423a3e813b9d	CglqY2xhc3MgY2xheno7
163	STATEMENT	8688	8738	1	432b7b660681b85e5ddad15bb8d64a5ae59e40ae0bebba70cd3d75ee6f209238	CglqZmllbGRJRCBjZkZvcm1hdCwgcHRkLCBkd0FzcGVjdCwgbGluZGV4LCB0eW1lZDs=
164	FRAGMENT	8738	8739	1	01ba4719c80b6fe911b091a7c05124b64eeece964e09c058ef8f9805daca546b	Cg==
165	BLOCK_CLOSE	8739	8740	0	d10b36aa74a59bcf4a88185837f658afaf3646eff2bb16c3928d0e9335e945d2	fQ==
166	STATEMENT	8740	8761	0	1109b7219a648d7bd07d849f8c8ac8bcec383ee5062cec7fa4e6b14da9c65b91	IEZPUk1BVEVUQ19GSURfQ0FDSEU7
167	STATEMENT	8761	8795	0	598eb059458479bdfaec7095dce3bd42b5ba78779f38a893c3b24526a471e54a	CgpGT1JNQVRFVENfRklEX0NBQ0hFIEZPUk1BVEVUQ0ZjOw==
168	FUNCTION_OPEN	8795	8855	0	8e1d7a3ca16819a349304c13b71fc106630b00c520db2c1f7b36f0fd6a3ccde4	Cgp2b2lkIGNhY2hlRk9STUFURVRDRmllbGRzKEpOSUVudiAqZW52LCBqb2JqZWN0IGxwT2JqZWN0KQp7
169	STATEMENT	8855	8888	1	6bc0fd65a33b81ebaef21d26873c1f01630961d94eea94340f8fee8daffb5bae	CglpZiAoRk9STUFURVRDRmMuY2FjaGVkKSByZXR1cm47
170	STATEMENT	8888	8948	1	7f472c7d6e64ed98263ee97c99a0427d22007abdfccca3cb2e6d707514d278e9	CglGT1JNQVRFVENGYy5jbGF6eiA9ICgqZW52KS0+R2V0T2JqZWN0Q2xhc3MoZW52LCBscE9iamVjdCk7
171	STATEMENT	8948	9033	1	405d9b7291ba0ab2ac9398e75998360a2d7dc285eea024f2a80fa09ec262a144	CglGT1JNQVRFVENGYy5jZkZvcm1hdCA9ICgqZW52KS0+R2V0RmllbGRJRChlbnYsIEZPUk1BVEVUQ0ZjLmNsYXp6LCAiY2ZGb3JtYXQiLCAiSSIpOw==
172	STATEMENT	9033	9108	1	fcf27ae4275119a5c179bd086860b4015d718e1d26c48cbaf71ab957f2f878c6	CglGT1JNQVRFVENGYy5wdGQgPSAoKmVudiktPkdldEZpZWxkSUQoZW52LCBGT1JNQVRFVENGYy5jbGF6eiwgInB0ZCIsICJKIik7
173	STATEMENT	9108	9193	1	046893139a4b09e17b7db569540dfa5366407c4f00db62663aca27887d039df8	CglGT1JNQVRFVENGYy5kd0FzcGVjdCA9ICgqZW52KS0+R2V0RmllbGRJRChlbnYsIEZPUk1BVEVUQ0ZjLmNsYXp6LCAiZHdBc3BlY3QiLCAiSSIpOw==
174	STATEMENT	9193	9274	1	c45d88e95cae6f3ad30ceb699fb4831755901caf6fadd5a5f08b3d8d36d1d8df	CglGT1JNQVRFVENGYy5saW5kZXggPSAoKmVudiktPkdldEZpZWxkSUQoZW52LCBGT1JNQVRFVENGYy5jbGF6eiwgImxpbmRleCIsICJJIik7
175	STATEMENT	9274	9353	1	7750a16a3636ddbf14a5f4321755d8d7567a04ba0f1dae212f0bada15854fbe4	CglGT1JNQVRFVENGYy50eW1lZCA9ICgqZW52KS0+R2V0RmllbGRJRChlbnYsIEZPUk1BVEVUQ0ZjLmNsYXp6LCAidHltZWQiLCAiSSIpOw==
176	STATEMENT	9353	9378	1	3e8c0cfa971ff76a537dbdabb1e1a319a71e5f02ad566b90d27c57dd779db4c6	CglGT1JNQVRFVENGYy5jYWNoZWQgPSAxOw==
177	FRAGMENT	9378	9379	1	01ba4719c80b6fe911b091a7c05124b64eeece964e09c058ef8f9805daca546b	Cg==
178	BLOCK_CLOSE	9379	9380	0	d10b36aa74a59bcf4a88185837f658afaf3646eff2bb16c3928d0e9335e945d2	fQ==
179	FUNCTION_OPEN	9380	9465	0	ce1d76d68a729a176cbbf4035af58825b6f1ca4197ad65ae7e242b20ae31eec6	CgpGT1JNQVRFVEMgKmdldEZPUk1BVEVUQ0ZpZWxkcyhKTklFbnYgKmVudiwgam9iamVjdCBscE9iamVjdCwgRk9STUFURVRDICpscFN0cnVjdCkKew==
180	STATEMENT	9465	9528	1	81497f4fd54af30a249119f48fe5b07b1f7438e4b8fbb588f7fbdaa3b2f7d4fc	CglpZiAoIUZPUk1BVEVUQ0ZjLmNhY2hlZCkgY2FjaGVGT1JNQVRFVENGaWVsZHMoZW52LCBscE9iamVjdCk7
181	STATEMENT	9528	9620	1	430d89134dd51fab549da8429ddb9c94efe0c52bfc10f4000869b4be9b6ef598	CglscFN0cnVjdC0+Y2ZGb3JtYXQgPSAoQ0xJUEZPUk1BVCkoKmVudiktPkdldEludEZpZWxkKGVudiwgbHBPYmplY3QsIEZPUk1BVEVUQ0ZjLmNmRm9ybWF0KTs=
182	STATEMENT	9620	9709	1	b2b85c22dfbb5c39e8266b41cd0eb9eb29f5499e5c1af22c2ea28f2444880b3b	CglscFN0cnVjdC0+cHRkID0gKERWVEFSR0VUREVWSUNFICopKCplbnYpLT5HZXRMb25nRmllbGQoZW52LCBscE9iamVjdCwgRk9STUFURVRDRmMucHRkKTs=
183	STATEMENT	9709	9789	1	d76dec344f6ac29cc8ef24a549c9448b5b6efa394b5ec74e22cecfb4ecd4f053	CglscFN0cnVjdC0+ZHdBc3BlY3QgPSAoKmVudiktPkdldEludEZpZWxkKGVudiwgbHBPYmplY3QsIEZPUk1BVEVUQ0ZjLmR3QXNwZWN0KTs=
184	STATEMENT	9789	9865	1	a75d3adea344bdfd6e1df4c252e4915b971ded1ba8756042f67c934ef7d081a7	CglscFN0cnVjdC0+bGluZGV4ID0gKCplbnYpLT5HZXRJbnRGaWVsZChlbnYsIGxwT2JqZWN0LCBGT1JNQVRFVENGYy5saW5kZXgpOw==
185	STATEMENT	9865	9939	1	b2b1dca4a3eb65e9f0e1208d925c1145557ea15053a5f15cdf4e588b0d777041	CglscFN0cnVjdC0+dHltZWQgPSAoKmVudiktPkdldEludEZpZWxkKGVudiwgbHBPYmplY3QsIEZPUk1BVEVUQ0ZjLnR5bWVkKTs=
186	STATEMENT	9939	9957	1	13df0ce3402b6e6431ec66fc14b416a3f3530341bc33a335f4c883fd4ac8b3ed	CglyZXR1cm4gbHBTdHJ1Y3Q7
187	FRAGMENT	9957	9958	1	01ba4719c80b6fe911b091a7c05124b64eeece964e09c058ef8f9805daca546b	Cg==
188	BLOCK_CLOSE	9958	9959	0	d10b36aa74a59bcf4a88185837f658afaf3646eff2bb16c3928d0e9335e945d2	fQ==
189	FUNCTION_OPEN	9959	10038	0	f0a1e16c875ebcd61197a3d10babe5519ca275be4afcfb719651ebecb41729b3	Cgp2b2lkIHNldEZPUk1BVEVUQ0ZpZWxkcyhKTklFbnYgKmVudiwgam9iamVjdCBscE9iamVjdCwgRk9STUFURVRDICpscFN0cnVjdCkKew==
190	STATEMENT	10038	10101	1	81497f4fd54af30a249119f48fe5b07b1f7438e4b8fbb588f7fbdaa3b2f7d4fc	CglpZiAoIUZPUk1BVEVUQ0ZjLmNhY2hlZCkgY2FjaGVGT1JNQVRFVENGaWVsZHMoZW52LCBscE9iamVjdCk7
191	STATEMENT	10101	10186	1	e9b18aa5cd35e3db3ed1af188b32acd8751f41a18b22374c5e580d28f4881853	CgkoKmVudiktPlNldEludEZpZWxkKGVudiwgbHBPYmplY3QsIEZPUk1BVEVUQ0ZjLmNmRm9ybWF0LCAoamludClscFN0cnVjdC0+Y2ZGb3JtYXQpOw==
192	STATEMENT	10186	10263	1	55a15858600d75b91a58ba7bdb88550d5a511505ff1ba73c5e3d602e7a71e4f3	CgkoKmVudiktPlNldExvbmdGaWVsZChlbnYsIGxwT2JqZWN0LCBGT1JNQVRFVENGYy5wdGQsIChqbG9uZylscFN0cnVjdC0+cHRkKTs=
193	STATEMENT	10263	10348	1	ec9ad8438d2fe9e0188a6dad27cec40f26c93a086ddb019ade2cb48fa8efbbd7	CgkoKmVudiktPlNldEludEZpZWxkKGVudiwgbHBPYmplY3QsIEZPUk1BVEVUQ0ZjLmR3QXNwZWN0LCAoamludClscFN0cnVjdC0+ZHdBc3BlY3QpOw==
194	STATEMENT	10348	10429	1	166e8f13831c9d242ceae36a66629b1e5cfd6dc7f2f9402c8998a474766cdff5	CgkoKmVudiktPlNldEludEZpZWxkKGVudiwgbHBPYmplY3QsIEZPUk1BVEVUQ0ZjLmxpbmRleCwgKGppbnQpbHBTdHJ1Y3QtPmxpbmRleCk7
195	STATEMENT	10429	10508	1	b304b9f65395a9d8e11a69d1dca409a5b726ff41cdc1ca25ecbe2aba5ecec30d	CgkoKmVudiktPlNldEludEZpZWxkKGVudiwgbHBPYmplY3QsIEZPUk1BVEVUQ0ZjLnR5bWVkLCAoamludClscFN0cnVjdC0+dHltZWQpOw==
196	FRAGMENT	10508	10509	1	01ba4719c80b6fe911b091a7c05124b64eeece964e09c058ef8f9805daca546b	Cg==
197	BLOCK_CLOSE	10509	10510	0	d10b36aa74a59bcf4a88185837f658afaf3646eff2bb16c3928d0e9335e945d2	fQ==
198	PREPROCESSOR	10510	10518	0	626de321eb397f6600939892a0009f31bc378f7e886f9acc5ec0af18db6a99a7	CiNlbmRpZgo=
199	PREPROCESSOR	10518	10539	0	c4ba7d1dc0bf408e6aadac1ae9a6e9a0f658682bcbb2ea902527d3c78e5ebf81	CiNpZm5kZWYgTk9fRlVOQ0RFU0MK
200	BLOCK_OPEN	10539	10574	0	505b3b8d7260601e901f640eeca830407bdc5ad0f1856af095e018e88aaed647	dHlwZWRlZiBzdHJ1Y3QgRlVOQ0RFU0NfRklEX0NBQ0hFIHs=
201	STATEMENT	10574	10587	1	dc6afef5cbc289f32babef7effcc87da09f51223bb7aadcf0c0e04f5c6c05dbc	CglpbnQgY2FjaGVkOw==
202	STATEMENT	10587	10602	1	7d537ce59642f2e847cc26e17bf015210ce7e79ca63aab7178c4423a3e813b9d	CglqY2xhc3MgY2xheno7
203	STATEMENT	10602	10848	1	0a0291ba6725f43d5053a500c50bc503701b09bb597f89e71796385d2df9f4af	CglqZmllbGRJRCBtZW1pZCwgbHByZ3Njb2RlLCBscHJnZWxlbWRlc2NQYXJhbSwgZnVuY2tpbmQsIGludmtpbmQsIGNhbGxjb252LCBjUGFyYW1zLCBjUGFyYW1zT3B0LCBvVmZ0LCBjU2NvZGVzLCBlbGVtZGVzY0Z1bmNfdGRlc2NfdW5pb24sIGVsZW1kZXNjRnVuY190ZGVzY192dCwgZWxlbWRlc2NGdW5jX3BhcmFtZGVzY19wcGFyYW1kZXNjZXgsIGVsZW1kZXNjRnVuY19wYXJhbWRlc2Nfd1BhcmFtRmxhZ3MsIHdGdW5jRmxhZ3M7
204	FRAGMENT	10848	10849	1	01ba4719c80b6fe911b091a7c05124b64eeece964e09c058ef8f9805daca546b	Cg==
205	BLOCK_CLOSE	10849	10850	0	d10b36aa74a59bcf4a88185837f658afaf3646eff2bb16c3928d0e9335e945d2	fQ==
206	STATEMENT	10850	10870	0	75dd617c2e29ca74b2c2d74fe75b4b344cd38e58103f571c31ab07b7c0607dc6	IEZVTkNERVNDX0ZJRF9DQUNIRTs=
207	STATEMENT	10870	10902	0	500ebb60752379d2e17031f7c16a7fe41a02696b649a77212e664895bbb18b9f	CgpGVU5DREVTQ19GSURfQ0FDSEUgRlVOQ0RFU0NGYzs=
208	FUNCTION_OPEN	10902	10961	0	feba159b8c025784d9ba9e1b1b9dd90d7b35c03969cf507d71ac519d6e86d55d	Cgp2b2lkIGNhY2hlRlVOQ0RFU0NGaWVsZHMoSk5JRW52ICplbnYsIGpvYmplY3QgbHBPYmplY3QpCns=
209	STATEMENT	10961	10993	1	86035e008d23fa9c7e414f6b0683fd9d0353f7703209f6f80adfe7cf566f8d52	CglpZiAoRlVOQ0RFU0NGYy5jYWNoZWQpIHJldHVybjs=
210	STATEMENT	10993	11052	1	9a163fd53c3344ac6039b9f67ec94c07cbf9f0b08db2da547284b843b08ead8a	CglGVU5DREVTQ0ZjLmNsYXp6ID0gKCplbnYpLT5HZXRPYmplY3RDbGFzcyhlbnYsIGxwT2JqZWN0KTs=
211	STATEMENT	11052	11129	1	7ee498737ec18bc87de52fca5bf08e909818a3ce8fc26e4ebe72ab41e1c46b65	CglGVU5DREVTQ0ZjLm1lbWlkID0gKCplbnYpLT5HZXRGaWVsZElEKGVudiwgRlVOQ0RFU0NGYy5jbGF6eiwgIm1lbWlkIiwgIkkiKTs=
212	STATEMENT	11129	11214	1	c8cfae7127604881ebb8d28e0d2d2d9d144f119136cee11a8c6df11a8b6cc785	CglGVU5DREVTQ0ZjLmxwcmdzY29kZSA9ICgqZW52KS0+R2V0RmllbGRJRChlbnYsIEZVTkNERVNDRmMuY2xhenosICJscHJnc2NvZGUiLCAiSiIpOw==
213	STATEMENT	11214	11315	1	fe942183561f355e07ad0f3d7f97ff5faea0792708a057104903308cc68a0a80	CglGVU5DREVTQ0ZjLmxwcmdlbGVtZGVzY1BhcmFtID0gKCplbnYpLT5HZXRGaWVsZElEKGVudiwgRlVOQ0RFU0NGYy5jbGF6eiwgImxwcmdlbGVtZGVzY1BhcmFtIiwgIkoiKTs=
214	STATEMENT	11315	11398	1	4dc12809e43a23ddecb2b7d86f77c74b7917a99c0e053ab315e1c7b60901de86	CglGVU5DREVTQ0ZjLmZ1bmNraW5kID0gKCplbnYpLT5HZXRGaWVsZElEKGVudiwgRlVOQ0RFU0NGYy5jbGF6eiwgImZ1bmNraW5kIiwgIkkiKTs=
215	STATEMENT	11398	11479	1	f04bb4cc15e9a40df07fedbfb0aa6f44c1456e97a7834ae40b23b69038078a5f	CglGVU5DREVTQ0ZjLmludmtpbmQgPSAoKmVudiktPkdldEZpZWxkSUQoZW52LCBGVU5DREVTQ0ZjLmNsYXp6LCAiaW52a2luZCIsICJJIik7
216	STATEMENT	11479	11562	1	d21a6b250de40d7b1bf5e8efe7895960d4fd6d137de56c7e4c26864e5b6a4bf8	CglGVU5DREVTQ0ZjLmNhbGxjb252ID0gKCplbnYpLT5HZXRGaWVsZElEKGVudiwgRlVOQ0RFU0NGYy5jbGF6eiwgImNhbGxjb252IiwgIkkiKTs=
217	STATEMENT	11562	11643	1	25cd7b64af5cbeac8e15512a11029f8f99592f60dae96396562cd1b0c39a66f1	CglGVU5DREVTQ0ZjLmNQYXJhbXMgPSAoKmVudiktPkdldEZpZWxkSUQoZW52LCBGVU5DREVTQ0ZjLmNsYXp6LCAiY1BhcmFtcyIsICJTIik7
218	STATEMENT	11643	11730	1	ea8b00f7f0f5cda3aeacb6f5cea490b69fa3c445757f02827da28e9c5d736593	CglGVU5DREVTQ0ZjLmNQYXJhbXNPcHQgPSAoKmVudiktPkdldEZpZWxkSUQoZW52LCBGVU5DREVTQ0ZjLmNsYXp6LCAiY1BhcmFtc09wdCIsICJTIik7
219	STATEMENT	11730	11805	1	d772683d4e50b57a758a68829eece6f6aa2decb21c809d4a58dc326f21fcc18a	CglGVU5DREVTQ0ZjLm9WZnQgPSAoKmVudiktPkdldEZpZWxkSUQoZW52LCBGVU5DREVTQ0ZjLmNsYXp6LCAib1ZmdCIsICJTIik7
220	STATEMENT	11805	11886	1	c256692fceb965af29cf563ad24c2b56dad3e8fd0b1e0baf1e5af5d49ec69985	CglGVU5DREVTQ0ZjLmNTY29kZXMgPSAoKmVudiktPkdldEZpZWxkSUQoZW52LCBGVU5DREVTQ0ZjLmNsYXp6LCAiY1Njb2RlcyIsICJTIik7
221	STATEMENT	11886	12001	1	bf30cd894c7ffa8e89e579d01e0ef331e115324e33465c65b5cdab63525e87e0	CglGVU5DREVTQ0ZjLmVsZW1kZXNjRnVuY190ZGVzY191bmlvbiA9ICgqZW52KS0+R2V0RmllbGRJRChlbnYsIEZVTkNERVNDRmMuY2xhenosICJlbGVtZGVzY0Z1bmNfdGRlc2NfdW5pb24iLCAiSiIpOw==
222	STATEMENT	12001	12110	1	1b36e328ec22b01196ac5abbf2308bb5d10a11cc6c2b5240fa1f33360d508a9e	CglGVU5DREVTQ0ZjLmVsZW1kZXNjRnVuY190ZGVzY192dCA9ICgqZW52KS0+R2V0RmllbGRJRChlbnYsIEZVTkNERVNDRmMuY2xhenosICJlbGVtZGVzY0Z1bmNfdGRlc2NfdnQiLCAiUyIpOw==
223	STATEMENT	12110	12247	1	28152dd992cf4fd875507187e7afcb07a8d558dbabed959f7ee6849235bb049e	CglGVU5DREVTQ0ZjLmVsZW1kZXNjRnVuY19wYXJhbWRlc2NfcHBhcmFtZGVzY2V4ID0gKCplbnYpLT5HZXRGaWVsZElEKGVudiwgRlVOQ0RFU0NGYy5jbGF6eiwgImVsZW1kZXNjRnVuY19wYXJhbWRlc2NfcHBhcmFtZGVzY2V4IiwgIkoiKTs=
224	STATEMENT	12247	12382	1	88030eaa0b7ca03afdde57cec8325f63525c4d88aca2c39e6c795585721cbe60	CglGVU5DREVTQ0ZjLmVsZW1kZXNjRnVuY19wYXJhbWRlc2Nfd1BhcmFtRmxhZ3MgPSAoKmVudiktPkdldEZpZWxkSUQoZW52LCBGVU5DREVTQ0ZjLmNsYXp6LCAiZWxlbWRlc2NGdW5jX3BhcmFtZGVzY193UGFyYW1GbGFncyIsICJTIik7
225	STATEMENT	12382	12469	1	a89a1232d1c9439f6baef14920d47cea49bfbd2b144a87ffc00765ba0ac5cb41	CglGVU5DREVTQ0ZjLndGdW5jRmxhZ3MgPSAoKmVudiktPkdldEZpZWxkSUQoZW52LCBGVU5DREVTQ0ZjLmNsYXp6LCAid0Z1bmNGbGFncyIsICJTIik7
226	STATEMENT	12469	12493	1	dc6270eb79533a7bc32b29618e260a59cf4ed763389683f217c8c208c9994ebc	CglGVU5DREVTQ0ZjLmNhY2hlZCA9IDE7
227	FRAGMENT	12493	12494	1	01ba4719c80b6fe911b091a7c05124b64eeece964e09c058ef8f9805daca546b	Cg==
228	BLOCK_CLOSE	12494	12495	0	d10b36aa74a59bcf4a88185837f658afaf3646eff2bb16c3928d0e9335e945d2	fQ==
229	FUNCTION_OPEN	12495	12577	0	576547ca0b092d5cdbb01853029af84de6282246d976118616c79ec65750284a	CgpGVU5DREVTQyAqZ2V0RlVOQ0RFU0NGaWVsZHMoSk5JRW52ICplbnYsIGpvYmplY3QgbHBPYmplY3QsIEZVTkNERVNDICpscFN0cnVjdCkKew==
230	STATEMENT	12577	12638	1	5abd33bbf1ba164aeff59cd44b1ca27d74b8b99e52393d24bc964e0a303c5783	CglpZiAoIUZVTkNERVNDRmMuY2FjaGVkKSBjYWNoZUZVTkNERVNDRmllbGRzKGVudiwgbHBPYmplY3QpOw==
231	STATEMENT	12638	12721	1	8ca1c053a42a184a1a7a122150a0742eee7eb00c37a4e013ef26a167593c983d	CglscFN0cnVjdC0+bWVtaWQgPSAoTUVNQkVSSUQpKCplbnYpLT5HZXRJbnRGaWVsZChlbnYsIGxwT2JqZWN0LCBGVU5DREVTQ0ZjLm1lbWlkKTs=
232	STATEMENT	12721	12816	1	35d49b38d33aee9d76f64295fe8697b37f9d856d7e7c40e48da06a34c3b284a5	CglscFN0cnVjdC0+bHByZ3Njb2RlID0gKFNDT0RFIEZBUiAqKSgqZW52KS0+R2V0TG9uZ0ZpZWxkKGVudiwgbHBPYmplY3QsIEZVTkNERVNDRmMubHByZ3Njb2RlKTs=
233	STATEMENT	12816	12930	1	136a393a1101c0c01ede846b6825fc2bfcbb94176e8c0504b485660569b694de	CglscFN0cnVjdC0+bHByZ2VsZW1kZXNjUGFyYW0gPSAoRUxFTURFU0MgRkFSICopKCplbnYpLT5HZXRMb25nRmllbGQoZW52LCBscE9iamVjdCwgRlVOQ0RFU0NGYy5scHJnZWxlbWRlc2NQYXJhbSk7
234	STATEMENT	12930	13019	1	f6689c1d9def955a2a0f219adbc322803bd2555b5425954902c9ee2dfe944b31	CglscFN0cnVjdC0+ZnVuY2tpbmQgPSAoRlVOQ0tJTkQpKCplbnYpLT5HZXRJbnRGaWVsZChlbnYsIGxwT2JqZWN0LCBGVU5DREVTQ0ZjLmZ1bmNraW5kKTs=
235	STATEMENT	13019	13108	1	7e5b439b3def491b0e6042ecdc63dc03145fa6a11bdeb565ee08079056d2dab2	CglscFN0cnVjdC0+aW52a2luZCA9IChJTlZPS0VLSU5EKSgqZW52KS0+R2V0SW50RmllbGQoZW52LCBscE9iamVjdCwgRlVOQ0RFU0NGYy5pbnZraW5kKTs=
236	STATEMENT	13108	13197	1	5ec236f7716f98f989ac76165db6b7481b840b690429bbaaf801ed93b68343d2	CglscFN0cnVjdC0+Y2FsbGNvbnYgPSAoQ0FMTENPTlYpKCplbnYpLT5HZXRJbnRGaWVsZChlbnYsIGxwT2JqZWN0LCBGVU5DREVTQ0ZjLmNhbGxjb252KTs=
237	STATEMENT	13197	13276	1	c2969f17e3f337a8f2b0c6f5591909fc3d2c33922e1e83ca467e6db93ae267a9	CglscFN0cnVjdC0+Y1BhcmFtcyA9ICgqZW52KS0+R2V0U2hvcnRGaWVsZChlbnYsIGxwT2JqZWN0LCBGVU5DREVTQ0ZjLmNQYXJhbXMpOw==
238	STATEMENT	13276	13361	1	217f054560c87da00381be93bd766c3ea754ac4ca272d0cb62b90dc52abbdd2e	CglscFN0cnVjdC0+Y1BhcmFtc09wdCA9ICgqZW52KS0+R2V0U2hvcnRGaWVsZChlbnYsIGxwT2JqZWN0LCBGVU5DREVTQ0ZjLmNQYXJhbXNPcHQpOw==
239	STATEMENT	13361	13434	1	6f16245250c81dc868ffa630d7e90d6f9a812248c032967ea9cdf196a325833a	CglscFN0cnVjdC0+b1ZmdCA9ICgqZW52KS0+R2V0U2hvcnRGaWVsZChlbnYsIGxwT2JqZWN0LCBGVU5DREVTQ0ZjLm9WZnQpOw==
240	STATEMENT	13434	13513	1	6a9781f727a11b1b7e336f42846fb6923a1c1898b88a8bb2a55318bdd997b23c	CglscFN0cnVjdC0+Y1Njb2RlcyA9ICgqZW52KS0+R2V0U2hvcnRGaWVsZChlbnYsIGxwT2JqZWN0LCBGVU5DREVTQ0ZjLmNTY29kZXMpOw==
241	STATEMENT	13513	13663	1	1e9336053db6001f226b2ecf7386ad9050e20805bad45135453030d0c29a3fda	CglscFN0cnVjdC0+ZWxlbWRlc2NGdW5jLnRkZXNjLmxwdGRlc2MgPSAoc3RydWN0IEZBUlNUUlVDVCB0YWdUWVBFREVTQyBGQVIqICkoKmVudiktPkdldExvbmdGaWVsZChlbnYsIGxwT2JqZWN0LCBGVU5DREVTQ0ZjLmVsZW1kZXNjRnVuY190ZGVzY191bmlvbik7
242	STATEMENT	13663	13770	1	b02d40b8677a400c21ed6f2ce56ac789df2c7443d0c7b0e8a6a4c196644e1882	CglscFN0cnVjdC0+ZWxlbWRlc2NGdW5jLnRkZXNjLnZ0ID0gKCplbnYpLT5HZXRTaG9ydEZpZWxkKGVudiwgbHBPYmplY3QsIEZVTkNERVNDRmMuZWxlbWRlc2NGdW5jX3RkZXNjX3Z0KTs=
243	STATEMENT	13770	13919	1	af4c27a57f3089836f436f2f7ab17c04b7d706262ed24c6b99992854954ee2bd	CglscFN0cnVjdC0+ZWxlbWRlc2NGdW5jLnBhcmFtZGVzYy5wcGFyYW1kZXNjZXggPSAoTFBQQVJBTURFU0NFWCkoKmVudiktPkdldExvbmdGaWVsZChlbnYsIGxwT2JqZWN0LCBGVU5DREVTQ0ZjLmVsZW1kZXNjRnVuY19wYXJhbWRlc2NfcHBhcmFtZGVzY2V4KTs=
244	STATEMENT	13919	14052	1	b0894246d182fedd6b8da93fff7639cea95103c006bab27639181df67cac16da	CglscFN0cnVjdC0+ZWxlbWRlc2NGdW5jLnBhcmFtZGVzYy53UGFyYW1GbGFncyA9ICgqZW52KS0+R2V0U2hvcnRGaWVsZChlbnYsIGxwT2JqZWN0LCBGVU5DREVTQ0ZjLmVsZW1kZXNjRnVuY19wYXJhbWRlc2Nfd1BhcmFtRmxhZ3MpOw==
245	STATEMENT	14052	14137	1	f6ac0ff6a0f46cc6683a95aadd7983f9c7a8c8c4060f79bf9cdcbd7d6dde529f	CglscFN0cnVjdC0+d0Z1bmNGbGFncyA9ICgqZW52KS0+R2V0U2hvcnRGaWVsZChlbnYsIGxwT2JqZWN0LCBGVU5DREVTQ0ZjLndGdW5jRmxhZ3MpOw==
246	STATEMENT	14137	14155	1	13df0ce3402b6e6431ec66fc14b416a3f3530341bc33a335f4c883fd4ac8b3ed	CglyZXR1cm4gbHBTdHJ1Y3Q7
247	FRAGMENT	14155	14156	1	01ba4719c80b6fe911b091a7c05124b64eeece964e09c058ef8f9805daca546b	Cg==
248	BLOCK_CLOSE	14156	14157	0	d10b36aa74a59bcf4a88185837f658afaf3646eff2bb16c3928d0e9335e945d2	fQ==
249	FUNCTION_OPEN	14157	14234	0	3f7c7e288637be9e8a9492c35e451ebed56b7c7ef6344be050b6a181ecfe374c	Cgp2b2lkIHNldEZVTkNERVNDRmllbGRzKEpOSUVudiAqZW52LCBqb2JqZWN0IGxwT2JqZWN0LCBGVU5DREVTQyAqbHBTdHJ1Y3QpCns=
250	STATEMENT	14234	14295	1	5abd33bbf1ba164aeff59cd44b1ca27d74b8b99e52393d24bc964e0a303c5783	CglpZiAoIUZVTkNERVNDRmMuY2FjaGVkKSBjYWNoZUZVTkNERVNDRmllbGRzKGVudiwgbHBPYmplY3QpOw==
251	STATEMENT	14295	14373	1	54b597716b381c578dd41ae0095d6834c30ccefe08e98185be8121404b358a43	CgkoKmVudiktPlNldEludEZpZWxkKGVudiwgbHBPYmplY3QsIEZVTkNERVNDRmMubWVtaWQsIChqaW50KWxwU3RydWN0LT5tZW1pZCk7
252	STATEMENT	14373	14461	1	06ad44e7eae1cdef4118fdaa199ae86a8f74256dbb76cf503a94eff0db0a8300	CgkoKmVudiktPlNldExvbmdGaWVsZChlbnYsIGxwT2JqZWN0LCBGVU5DREVTQ0ZjLmxwcmdzY29kZSwgKGpsb25nKWxwU3RydWN0LT5scHJnc2NvZGUpOw==
253	STATEMENT	14461	14565	1	c76e85ab21d6bb0d97b53599a9ad0ce3367e5f9a92e41c1b1dc59a14ebc08d03	CgkoKmVudiktPlNldExvbmdGaWVsZChlbnYsIGxwT2JqZWN0LCBGVU5DREVTQ0ZjLmxwcmdlbGVtZGVzY1BhcmFtLCAoamxvbmcpbHBTdHJ1Y3QtPmxwcmdlbGVtZGVzY1BhcmFtKTs=
254	STATEMENT	14565	14649	1	fb35cca51526c503ef301d8e6440ec4a77cd2669cba83dabbe1e45971c7868ef	CgkoKmVudiktPlNldEludEZpZWxkKGVudiwgbHBPYmplY3QsIEZVTkNERVNDRmMuZnVuY2tpbmQsIChqaW50KWxwU3RydWN0LT5mdW5ja2luZCk7
255	STATEMENT	14649	14731	1	82cb1276303b36e995eceb296340a3d83c5ee299693b7613c9cf92221f3aca19	CgkoKmVudiktPlNldEludEZpZWxkKGVudiwgbHBPYmplY3QsIEZVTkNERVNDRmMuaW52a2luZCwgKGppbnQpbHBTdHJ1Y3QtPmludmtpbmQpOw==
256	STATEMENT	14731	14815	1	22baf678642eba3f215611f80d64fd9fd14ea6572abbd476829a1fe043e9486f	CgkoKmVudiktPlNldEludEZpZWxkKGVudiwgbHBPYmplY3QsIEZVTkNERVNDRmMuY2FsbGNvbnYsIChqaW50KWxwU3RydWN0LT5jYWxsY29udik7
257	STATEMENT	14815	14901	1	049ca201dc9397f8ce562d8b5aca3a75452eeec8bac0ecc746faad1809d6e649	CgkoKmVudiktPlNldFNob3J0RmllbGQoZW52LCBscE9iamVjdCwgRlVOQ0RFU0NGYy5jUGFyYW1zLCAoanNob3J0KWxwU3RydWN0LT5jUGFyYW1zKTs=
258	STATEMENT	14901	14993	1	fcf48966980012aa48ee22ed2c31c354fe85985fe33038ae923e4333310ee366	CgkoKmVudiktPlNldFNob3J0RmllbGQoZW52LCBscE9iamVjdCwgRlVOQ0RFU0NGYy5jUGFyYW1zT3B0LCAoanNob3J0KWxwU3RydWN0LT5jUGFyYW1zT3B0KTs=
259	STATEMENT	14993	15073	1	d7c9bbb9719e9c95556d4a7fc0635b2b681bb4c049ddf70319bc0d0adf908b5e	CgkoKmVudiktPlNldFNob3J0RmllbGQoZW52LCBscE9iamVjdCwgRlVOQ0RFU0NGYy5vVmZ0LCAoanNob3J0KWxwU3RydWN0LT5vVmZ0KTs=
260	STATEMENT	15073	15159	1	44cce962d6c1a0105a7fe88a6916447234829d6ba12ab2d126ca65de9db55f8d	CgkoKmVudiktPlNldFNob3J0RmllbGQoZW52LCBscE9iamVjdCwgRlVOQ0RFU0NGYy5jU2NvZGVzLCAoanNob3J0KWxwU3RydWN0LT5jU2NvZGVzKTs=
261	STATEMENT	15159	15279	1	622f7ef303becf827702a59df80a7275f09cda5f950b6e49139c4b19b3750215	CgkoKmVudiktPlNldExvbmdGaWVsZChlbnYsIGxwT2JqZWN0LCBGVU5DREVTQ0ZjLmVsZW1kZXNjRnVuY190ZGVzY191bmlvbiwgKGpsb25nKWxwU3RydWN0LT5lbGVtZGVzY0Z1bmMudGRlc2MubHB0ZGVzYyk7
262	STATEMENT	15279	15393	1	f56949009fc71f026b5499643f7d7d986d2b064f3cc585dacae5a38b8aababe3	CgkoKmVudiktPlNldFNob3J0RmllbGQoZW52LCBscE9iamVjdCwgRlVOQ0RFU0NGYy5lbGVtZGVzY0Z1bmNfdGRlc2NfdnQsIChqc2hvcnQpbHBTdHJ1Y3QtPmVsZW1kZXNjRnVuYy50ZGVzYy52dCk7
263	STATEMENT	15393	15533	1	043141ec8adc6e9026348e493db72bdc4c3f6f90ae383d8491e4cbd3f7013eed	CgkoKmVudiktPlNldExvbmdGaWVsZChlbnYsIGxwT2JqZWN0LCBGVU5DREVTQ0ZjLmVsZW1kZXNjRnVuY19wYXJhbWRlc2NfcHBhcmFtZGVzY2V4LCAoamxvbmcpbHBTdHJ1Y3QtPmVsZW1kZXNjRnVuYy5wYXJhbWRlc2MucHBhcmFtZGVzY2V4KTs=
264	STATEMENT	15533	15673	1	cb85d7345ea8ff47306d44df09b2359919e858a0fa902143ec751a6e0189bdfb	CgkoKmVudiktPlNldFNob3J0RmllbGQoZW52LCBscE9iamVjdCwgRlVOQ0RFU0NGYy5lbGVtZGVzY0Z1bmNfcGFyYW1kZXNjX3dQYXJhbUZsYWdzLCAoanNob3J0KWxwU3RydWN0LT5lbGVtZGVzY0Z1bmMucGFyYW1kZXNjLndQYXJhbUZsYWdzKTs=
265	STATEMENT	15673	15765	1	66974f9cf02eeb19da3e12d7910cd894cb80f73e8f1e8806c18919a6bb9108bb	CgkoKmVudiktPlNldFNob3J0RmllbGQoZW52LCBscE9iamVjdCwgRlVOQ0RFU0NGYy53RnVuY0ZsYWdzLCAoanNob3J0KWxwU3RydWN0LT53RnVuY0ZsYWdzKTs=
266	FRAGMENT	15765	15766	1	01ba4719c80b6fe911b091a7c05124b64eeece964e09c058ef8f9805daca546b	Cg==
267	BLOCK_CLOSE	15766	15767	0	d10b36aa74a59bcf4a88185837f658afaf3646eff2bb16c3928d0e9335e945d2	fQ==
268	PREPROCESSOR	15767	15775	0	626de321eb397f6600939892a0009f31bc378f7e886f9acc5ec0af18db6a99a7	CiNlbmRpZgo=
269	PREPROCESSOR	15775	15792	0	92230e2842eca3bb3f7e3110c388e9b085ef3f42822ad1e7c247ed7728875a8b	CiNpZm5kZWYgTk9fR1VJRAo=
270	BLOCK_OPEN	15792	15823	0	dff32b1e1acadd32c0b98b1d16fe2ce6eaa527dcfaadaf13d983699d20a397be	dHlwZWRlZiBzdHJ1Y3QgR1VJRF9GSURfQ0FDSEUgew==
271	STATEMENT	15823	15836	1	dc6afef5cbc289f32babef7effcc87da09f51223bb7aadcf0c0e04f5c6c05dbc	CglpbnQgY2FjaGVkOw==
272	STATEMENT	15836	15851	1	7d537ce59642f2e847cc26e17bf015210ce7e79ca63aab7178c4423a3e813b9d	CglqY2xhc3MgY2xheno7
273	STATEMENT	15851	15889	1	16529ea395ad9b492559cdfa79520255dc7631a3ea2966a14d8486baced86135	CglqZmllbGRJRCBEYXRhMSwgRGF0YTIsIERhdGEzLCBEYXRhNDs=
274	FRAGMENT	15889	15890	1	01ba4719c80b6fe911b091a7c05124b64eeece964e09c058ef8f9805daca546b	Cg==
275	BLOCK_CLOSE	15890	15891	0	d10b36aa74a59bcf4a88185837f658afaf3646eff2bb16c3928d0e9335e945d2	fQ==
276	STATEMENT	15891	15907	0	99845ef14acaaba7b0935ec0a1e34b8e7d56d6971796906ad3251d7913dc9464	IEdVSURfRklEX0NBQ0hFOw==
277	STATEMENT	15907	15931	0	9b8765786545901b69a303a4479d46f5f337cb33c5427b47cfa1a43c679e1699	CgpHVUlEX0ZJRF9DQUNIRSBHVUlERmM7
278	FUNCTION_OPEN	15931	15986	0	7d7536b79ddaf2662fb8388789057c11ae869b91132bfc2f84b5c2d870e0235f	Cgp2b2lkIGNhY2hlR1VJREZpZWxkcyhKTklFbnYgKmVudiwgam9iamVjdCBscE9iamVjdCkKew==
279	STATEMENT	15986	16014	1	cf392593ce95ed5886c1094f5eb468998b4a2296a4a18d47fe2383c6a05590bf	CglpZiAoR1VJREZjLmNhY2hlZCkgcmV0dXJuOw==
280	STATEMENT	16014	16069	1	20e09abf281181f96f7c88bff879fdb139580b3b75d582b3ad85e404490f1e96	CglHVUlERmMuY2xhenogPSAoKmVudiktPkdldE9iamVjdENsYXNzKGVudiwgbHBPYmplY3QpOw==
281	STATEMENT	16069	16138	1	06e8fc6ddbf1dfb34922c6caa4f6782cc5b34aed7fec15752c14f6f30c60be7f	CglHVUlERmMuRGF0YTEgPSAoKmVudiktPkdldEZpZWxkSUQoZW52LCBHVUlERmMuY2xhenosICJEYXRhMSIsICJJIik7
282	STATEMENT	16138	16207	1	f6da109a5aaeec1b5e21bba60c10b10114ce23d4ba3a14a29bd9011ad005ce3a	CglHVUlERmMuRGF0YTIgPSAoKmVudiktPkdldEZpZWxkSUQoZW52LCBHVUlERmMuY2xhenosICJEYXRhMiIsICJTIik7
283	STATEMENT	16207	16276	1	d8d753947571865469286b6a410a9b64671f607af9144fdbd98d20dd1acee77b	CglHVUlERmMuRGF0YTMgPSAoKmVudiktPkdldEZpZWxkSUQoZW52LCBHVUlERmMuY2xhenosICJEYXRhMyIsICJTIik7
284	STATEMENT	16276	16346	1	dc8847acda3d70ced30492782a9d284dd0ed27588187974c87c0d4bcb34c8c75	CglHVUlERmMuRGF0YTQgPSAoKmVudiktPkdldEZpZWxkSUQoZW52LCBHVUlERmMuY2xhenosICJEYXRhNCIsICJbQiIpOw==
285	STATEMENT	16346	16366	1	d7472a06fe820c6facbf83d381b3ad8cdd094b90181f99af26d95d724206f663	CglHVUlERmMuY2FjaGVkID0gMTs=
286	FRAGMENT	16366	16367	1	01ba4719c80b6fe911b091a7c05124b64eeece964e09c058ef8f9805daca546b	Cg==
287	BLOCK_CLOSE	16367	16368	0	d10b36aa74a59bcf4a88185837f658afaf3646eff2bb16c3928d0e9335e945d2	fQ==
288	FUNCTION_OPEN	16368	16438	0	3f6cb6cdd5ccdced0b7db8b46b623ff1454edbd026334f47b2a5fb8ce0217ba8	CgpHVUlEICpnZXRHVUlERmllbGRzKEpOSUVudiAqZW52LCBqb2JqZWN0IGxwT2JqZWN0LCBHVUlEICpscFN0cnVjdCkKew==
289	STATEMENT	16438	16491	1	e8dba919fe8f853dbd5cfeba572d12f482fd5d8e1c43e1dc8838fd344377f83b	CglpZiAoIUdVSURGYy5jYWNoZWQpIGNhY2hlR1VJREZpZWxkcyhlbnYsIGxwT2JqZWN0KTs=
290	STATEMENT	16491	16560	1	c8844099e744ae4e2c89c3efa56586bf6236aff76f34b0e4bb2d231424ec0cce	CglscFN0cnVjdC0+RGF0YTEgPSAoKmVudiktPkdldEludEZpZWxkKGVudiwgbHBPYmplY3QsIEdVSURGYy5EYXRhMSk7
291	STATEMENT	16560	16631	1	93d0ec982c11e9f62c1e0a15afe64378fb68b0f0f66abee7bb7c48688d99e6eb	CglscFN0cnVjdC0+RGF0YTIgPSAoKmVudiktPkdldFNob3J0RmllbGQoZW52LCBscE9iamVjdCwgR1VJREZjLkRhdGEyKTs=
292	STATEMENT	16631	16702	1	a8a155dc260c17586a334f66d9ba0f7dba3c54d0e363112e9c1697e5947dae52	CglscFN0cnVjdC0+RGF0YTMgPSAoKmVudiktPkdldFNob3J0RmllbGQoZW52LCBscE9iamVjdCwgR1VJREZjLkRhdGEzKTs=
293	BLOCK_OPEN	16702	16705	1	fb1d986d2c398c881b43ad226b7870f2d8e548bb8062bc71754504ffb98df145	Cgl7
294	STATEMENT	16705	16794	2	65d278912d231cbd717549bfafa8c475282bc936a04e33b726d2398c4ef4400a	CglqYnl0ZUFycmF5IGxwT2JqZWN0MSA9IChqYnl0ZUFycmF5KSgqZW52KS0+R2V0T2JqZWN0RmllbGQoZW52LCBscE9iamVjdCwgR1VJREZjLkRhdGE0KTs=
295	STATEMENT	16794	16893	2	ade1e78cf598db779e45be4c858417d67079be73efdf540a7aa488e02ddccbf9	CgkoKmVudiktPkdldEJ5dGVBcnJheVJlZ2lvbihlbnYsIGxwT2JqZWN0MSwgMCwgc2l6ZW9mKGxwU3RydWN0LT5EYXRhNCksIChqYnl0ZSAqKWxwU3RydWN0LT5EYXRhNCk7
296	FRAGMENT	16893	16895	2	e8822f532ae9349b2b5743c494efd216ed4e44f9ebc82a6b1cb54895a5b88433	Cgk=
297	BLOCK_CLOSE	16895	16896	1	d10b36aa74a59bcf4a88185837f658afaf3646eff2bb16c3928d0e9335e945d2	fQ==
298	STATEMENT	16896	16914	1	13df0ce3402b6e6431ec66fc14b416a3f3530341bc33a335f4c883fd4ac8b3ed	CglyZXR1cm4gbHBTdHJ1Y3Q7
299	FRAGMENT	16914	16915	1	01ba4719c80b6fe911b091a7c05124b64eeece964e09c058ef8f9805daca546b	Cg==
300	BLOCK_CLOSE	16915	16916	0	d10b36aa74a59bcf4a88185837f658afaf3646eff2bb16c3928d0e9335e945d2	fQ==
301	FUNCTION_OPEN	16916	16985	0	ad72ab6798fbf325c27649f72588295c4aa1b1f9edc6229fdb3b9746517c304a	Cgp2b2lkIHNldEdVSURGaWVsZHMoSk5JRW52ICplbnYsIGpvYmplY3QgbHBPYmplY3QsIEdVSUQgKmxwU3RydWN0KQp7
302	STATEMENT	16985	17038	1	e8dba919fe8f853dbd5cfeba572d12f482fd5d8e1c43e1dc8838fd344377f83b	CglpZiAoIUdVSURGYy5jYWNoZWQpIGNhY2hlR1VJREZpZWxkcyhlbnYsIGxwT2JqZWN0KTs=
303	STATEMENT	17038	17112	1	40fcd8f1a5ca5f003e1a381fe654f7a38a7caf4a211d076c733579085acbe164	CgkoKmVudiktPlNldEludEZpZWxkKGVudiwgbHBPYmplY3QsIEdVSURGYy5EYXRhMSwgKGppbnQpbHBTdHJ1Y3QtPkRhdGExKTs=
304	STATEMENT	17112	17190	1	e85bb3d34f027b26cff0789f01e256db08eb288645042ef36d68157c1cb31e14	CgkoKmVudiktPlNldFNob3J0RmllbGQoZW52LCBscE9iamVjdCwgR1VJREZjLkRhdGEyLCAoanNob3J0KWxwU3RydWN0LT5EYXRhMik7
305	STATEMENT	17190	17268	1	1a830ef803cac4dfef1fa2a0c6d88b03f140e5cde7966b89d90e656fc72629d8	CgkoKmVudiktPlNldFNob3J0RmllbGQoZW52LCBscE9iamVjdCwgR1VJREZjLkRhdGEzLCAoanNob3J0KWxwU3RydWN0LT5EYXRhMyk7
306	BLOCK_OPEN	17268	17271	1	fb1d986d2c398c881b43ad226b7870f2d8e548bb8062bc71754504ffb98df145	Cgl7
307	STATEMENT	17271	17360	2	65d278912d231cbd717549bfafa8c475282bc936a04e33b726d2398c4ef4400a	CglqYnl0ZUFycmF5IGxwT2JqZWN0MSA9IChqYnl0ZUFycmF5KSgqZW52KS0+R2V0T2JqZWN0RmllbGQoZW52LCBscE9iamVjdCwgR1VJREZjLkRhdGE0KTs=
308	STATEMENT	17360	17459	2	5813e3af60814302886b6eb8de0a92de5775f5a77c0e693442118df38bae3f37	CgkoKmVudiktPlNldEJ5dGVBcnJheVJlZ2lvbihlbnYsIGxwT2JqZWN0MSwgMCwgc2l6ZW9mKGxwU3RydWN0LT5EYXRhNCksIChqYnl0ZSAqKWxwU3RydWN0LT5EYXRhNCk7
309	FRAGMENT	17459	17461	2	e8822f532ae9349b2b5743c494efd216ed4e44f9ebc82a6b1cb54895a5b88433	Cgk=
310	BLOCK_CLOSE	17461	17462	1	d10b36aa74a59bcf4a88185837f658afaf3646eff2bb16c3928d0e9335e945d2	fQ==
311	FRAGMENT	17462	17463	1	01ba4719c80b6fe911b091a7c05124b64eeece964e09c058ef8f9805daca546b	Cg==
312	BLOCK_CLOSE	17463	17464	0	d10b36aa74a59bcf4a88185837f658afaf3646eff2bb16c3928d0e9335e945d2	fQ==
313	PREPROCESSOR	17464	17472	0	626de321eb397f6600939892a0009f31bc378f7e886f9acc5ec0af18db6a99a7	CiNlbmRpZgo=
314	PREPROCESSOR	17472	17492	0	be5f1dd1ebd1ba91ff8185b3b3420274d828225e669fb5b0df1e370155d16ba6	CiNpZm5kZWYgTk9fTElDSU5GTwo=
315	BLOCK_OPEN	17492	17526	0	87dc8ee3d449fb1adbe2b818e3c995aad6f95d10ff37e0e4f620bf1cddcdc889	dHlwZWRlZiBzdHJ1Y3QgTElDSU5GT19GSURfQ0FDSEUgew==
316	STATEMENT	17526	17539	1	dc6afef5cbc289f32babef7effcc87da09f51223bb7aadcf0c0e04f5c6c05dbc	CglpbnQgY2FjaGVkOw==
317	STATEMENT	17539	17554	1	7d537ce59642f2e847cc26e17bf015210ce7e79ca63aab7178c4423a3e813b9d	CglqY2xhc3MgY2xheno7
318	STATEMENT	17554	17607	1	71a9fb0e2c4b03d534599e0574834fc67d973501a89cc829bf342588a16b3fa2	CglqZmllbGRJRCBjYkxpY0luZm8sIGZSdW50aW1lS2V5QXZhaWwsIGZMaWNWZXJpZmllZDs=
319	FRAGMENT	17607	17608	1	01ba4719c80b6fe911b091a7c05124b64eeece964e09c058ef8f9805daca546b	Cg==
320	BLOCK_CLOSE	17608	17609	0	d10b36aa74a59bcf4a88185837f658afaf3646eff2bb16c3928d0e9335e945d2	fQ==
321	STATEMENT	17609	17628	0	e1f3a17e480b9bfc7610eb8b409ab1b4542dab842e90cbec2109b09ff02d3a05	IExJQ0lORk9fRklEX0NBQ0hFOw==
322	STATEMENT	17628	17658	0	5049717f22f7d7a8f20186e85d300bf7123e66f07993237f6f697eca2547d7cc	CgpMSUNJTkZPX0ZJRF9DQUNIRSBMSUNJTkZPRmM7
323	FUNCTION_OPEN	17658	17716	0	e4dd25fa7f6895cf71e50d65bd2c8228c81ca1e840115783c0fec12cc3718edd	Cgp2b2lkIGNhY2hlTElDSU5GT0ZpZWxkcyhKTklFbnYgKmVudiwgam9iamVjdCBscE9iamVjdCkKew==
324	STATEMENT	17716	17747	1	c4142db06ff8894608e65f0f2cce6e61f86df9908cc6a62f6927408f8384de5d	CglpZiAoTElDSU5GT0ZjLmNhY2hlZCkgcmV0dXJuOw==
325	STATEMENT	17747	17805	1	c9302cf335da353277a02579189bf9920c865ec6d04e5509b387a32ae461823d	CglMSUNJTkZPRmMuY2xhenogPSAoKmVudiktPkdldE9iamVjdENsYXNzKGVudiwgbHBPYmplY3QpOw==
326	STATEMENT	17805	17888	1	4fb33b762c187b1bb0e66df8aa3dd18eb8b24605d1aa063c7c11d53ef0bf634e	CglMSUNJTkZPRmMuY2JMaWNJbmZvID0gKCplbnYpLT5HZXRGaWVsZElEKGVudiwgTElDSU5GT0ZjLmNsYXp6LCAiY2JMaWNJbmZvIiwgIkkiKTs=
327	STATEMENT	17888	17985	1	6629f7e87a5da04e6931ec7225daf28612c6535760083aad936707c671627b2a	CglMSUNJTkZPRmMuZlJ1bnRpbWVLZXlBdmFpbCA9ICgqZW52KS0+R2V0RmllbGRJRChlbnYsIExJQ0lORk9GYy5jbGF6eiwgImZSdW50aW1lS2V5QXZhaWwiLCAiWiIpOw==
328	STATEMENT	17985	18074	1	14655612d098ea4de388f19b3bd3c365fa929a7cfc197a92a2bd205a85481dd3	CglMSUNJTkZPRmMuZkxpY1ZlcmlmaWVkID0gKCplbnYpLT5HZXRGaWVsZElEKGVudiwgTElDSU5GT0ZjLmNsYXp6LCAiZkxpY1ZlcmlmaWVkIiwgIloiKTs=
329	STATEMENT	18074	18097	1	b650c118ed276a8b33657017de7aff972ec6ccb7dd5d05de7f6ca6eee13f98d5	CglMSUNJTkZPRmMuY2FjaGVkID0gMTs=
330	FRAGMENT	18097	18098	1	01ba4719c80b6fe911b091a7c05124b64eeece964e09c058ef8f9805daca546b	Cg==
331	BLOCK_CLOSE	18098	18099	0	d10b36aa74a59bcf4a88185837f658afaf3646eff2bb16c3928d0e9335e945d2	fQ==
332	FUNCTION_OPEN	18099	18178	0	888a44177445fee7c5765a78e696e936e2fc8eeee5f5d321b23c8729b4b7f687	CgpMSUNJTkZPICpnZXRMSUNJTkZPRmllbGRzKEpOSUVudiAqZW52LCBqb2JqZWN0IGxwT2JqZWN0LCBMSUNJTkZPICpscFN0cnVjdCkKew==
333	STATEMENT	18178	18237	1	a7e7696a94fc0f0e0943a3fd5ab75489c1efb17611b2c69b957ea97807ce4ec6	CglpZiAoIUxJQ0lORk9GYy5jYWNoZWQpIGNhY2hlTElDSU5GT0ZpZWxkcyhlbnYsIGxwT2JqZWN0KTs=
334	STATEMENT	18237	18317	1	c1e7a6c69f4abe4647c6ba559f6df5da8afe09718b37864f7a2d31b3c37316f8	CglscFN0cnVjdC0+Y2JMaWNJbmZvID0gKCplbnYpLT5HZXRJbnRGaWVsZChlbnYsIGxwT2JqZWN0LCBMSUNJTkZPRmMuY2JMaWNJbmZvKTs=
335	STATEMENT	18317	18415	1	e9046e61a851397e90b8e749f2e0551588efad48311f692f018665f3deb2c400	CglscFN0cnVjdC0+ZlJ1bnRpbWVLZXlBdmFpbCA9ICgqZW52KS0+R2V0Qm9vbGVhbkZpZWxkKGVudiwgbHBPYmplY3QsIExJQ0lORk9GYy5mUnVudGltZUtleUF2YWlsKTs=
336	STATEMENT	18415	18505	1	11a2c8c73535777390c8888ec29bb0886a4595fd1730305baf0f3324b54dabe3	CglscFN0cnVjdC0+ZkxpY1ZlcmlmaWVkID0gKCplbnYpLT5HZXRCb29sZWFuRmllbGQoZW52LCBscE9iamVjdCwgTElDSU5GT0ZjLmZMaWNWZXJpZmllZCk7
337	STATEMENT	18505	18523	1	13df0ce3402b6e6431ec66fc14b416a3f3530341bc33a335f4c883fd4ac8b3ed	CglyZXR1cm4gbHBTdHJ1Y3Q7
338	FRAGMENT	18523	18524	1	01ba4719c80b6fe911b091a7c05124b64eeece964e09c058ef8f9805daca546b	Cg==
339	BLOCK_CLOSE	18524	18525	0	d10b36aa74a59bcf4a88185837f658afaf3646eff2bb16c3928d0e9335e945d2	fQ==
340	FUNCTION_OPEN	18525	18600	0	cf613cf514ed5f3c4a7181010a548e05115e893049def93f6c607c2b04d83e28	Cgp2b2lkIHNldExJQ0lORk9GaWVsZHMoSk5JRW52ICplbnYsIGpvYmplY3QgbHBPYmplY3QsIExJQ0lORk8gKmxwU3RydWN0KQp7
341	STATEMENT	18600	18659	1	a7e7696a94fc0f0e0943a3fd5ab75489c1efb17611b2c69b957ea97807ce4ec6	CglpZiAoIUxJQ0lORk9GYy5jYWNoZWQpIGNhY2hlTElDSU5GT0ZpZWxkcyhlbnYsIGxwT2JqZWN0KTs=
342	STATEMENT	18659	18744	1	f86fc51404b60f124da62efba443d007284ba799f98e4798c09179a7b38a42e6	CgkoKmVudiktPlNldEludEZpZWxkKGVudiwgbHBPYmplY3QsIExJQ0lORk9GYy5jYkxpY0luZm8sIChqaW50KWxwU3RydWN0LT5jYkxpY0luZm8pOw==
343	STATEMENT	18744	18851	1	a50b269d5d58c1a5a9cccd94ce55195db84e732b9d8f750b3ec665df90c38aea	CgkoKmVudiktPlNldEJvb2xlYW5GaWVsZChlbnYsIGxwT2JqZWN0LCBMSUNJTkZPRmMuZlJ1bnRpbWVLZXlBdmFpbCwgKGpib29sZWFuKWxwU3RydWN0LT5mUnVudGltZUtleUF2YWlsKTs=
344	STATEMENT	18851	18950	1	e3c3e630edd68d3389694110d3cd951de7be7876a512f15f38d15f0ae8bc09cc	CgkoKmVudiktPlNldEJvb2xlYW5GaWVsZChlbnYsIGxwT2JqZWN0LCBMSUNJTkZPRmMuZkxpY1ZlcmlmaWVkLCAoamJvb2xlYW4pbHBTdHJ1Y3QtPmZMaWNWZXJpZmllZCk7
345	FRAGMENT	18950	18951	1	01ba4719c80b6fe911b091a7c05124b64eeece964e09c058ef8f9805daca546b	Cg==
346	BLOCK_CLOSE	18951	18952	0	d10b36aa74a59bcf4a88185837f658afaf3646eff2bb16c3928d0e9335e945d2	fQ==
347	PREPROCESSOR	18952	18960	0	626de321eb397f6600939892a0009f31bc378f7e886f9acc5ec0af18db6a99a7	CiNlbmRpZgo=
348	PREPROCESSOR	18960	18979	0	ecca7d52f29a7c7a06b9e3d840d54c9c96f7def079efcf7ed32aaacc1aafbc15	CiNpZm5kZWYgTk9fT0xFQ01ECg==
349	BLOCK_OPEN	18979	19012	0	71dbba1fda020b1281efe7e09c04e365be89f507eec6c84237e5847ca468848e	dHlwZWRlZiBzdHJ1Y3QgT0xFQ01EX0ZJRF9DQUNIRSB7
350	STATEMENT	19012	19025	1	dc6afef5cbc289f32babef7effcc87da09f51223bb7aadcf0c0e04f5c6c05dbc	CglpbnQgY2FjaGVkOw==
351	STATEMENT	19025	19040	1	7d537ce59642f2e847cc26e17bf015210ce7e79ca63aab7178c4423a3e813b9d	CglqY2xhc3MgY2xheno7
352	STATEMENT	19040	19063	1	bdbedde46a634ec0356eaf39ebde179beffe2241dd767d34c644abd701e1de10	CglqZmllbGRJRCBjbWRJRCwgY21kZjs=
353	FRAGMENT	19063	19064	1	01ba4719c80b6fe911b091a7c05124b64eeece964e09c058ef8f9805daca546b	Cg==
354	BLOCK_CLOSE	19064	19065	0	d10b36aa74a59bcf4a88185837f658afaf3646eff2bb16c3928d0e9335e945d2	fQ==
355	STATEMENT	19065	19083	0	6b9d336f0047d6f1acb22dbf6a70b8c83a8e53c253183552c18f91fd593674d8	IE9MRUNNRF9GSURfQ0FDSEU7
356	STATEMENT	19083	19111	0	3765b144c76858c06e9b9dda624453562c28fd800ca998552a85454115b02ecb	CgpPTEVDTURfRklEX0NBQ0hFIE9MRUNNREZjOw==
357	FUNCTION_OPEN	19111	19168	0	5f7a17f138514657805a4bb6176e0b19ba8984dd883b43cf6f128dc5ae716242	Cgp2b2lkIGNhY2hlT0xFQ01ERmllbGRzKEpOSUVudiAqZW52LCBqb2JqZWN0IGxwT2JqZWN0KQp7
358	STATEMENT	19168	19198	1	91ab7e9cf6bb3f5dda6db0e473ef61b790e1da0d6cd08ac179fadc6353c79a1c	CglpZiAoT0xFQ01ERmMuY2FjaGVkKSByZXR1cm47
359	STATEMENT	19198	19255	1	2f8d1fee6bab8940d2b5972bc4470e52a2f7241a926b957ad9e280c6005a0dc7	CglPTEVDTURGYy5jbGF6eiA9ICgqZW52KS0+R2V0T2JqZWN0Q2xhc3MoZW52LCBscE9iamVjdCk7
360	STATEMENT	19255	19328	1	2047b18aa5dfc461de375a885662711ebda7732ebcc196a99d32f25b75647023	CglPTEVDTURGYy5jbWRJRCA9ICgqZW52KS0+R2V0RmllbGRJRChlbnYsIE9MRUNNREZjLmNsYXp6LCAiY21kSUQiLCAiSSIpOw==
361	STATEMENT	19328	19399	1	60844c9ae1c02ca26943408e4fe622730bd0f0fe2d1c492d08f1f3a00ba19118	CglPTEVDTURGYy5jbWRmID0gKCplbnYpLT5HZXRGaWVsZElEKGVudiwgT0xFQ01ERmMuY2xhenosICJjbWRmIiwgIkkiKTs=
362	STATEMENT	19399	19421	1	4ff4f3e4d4604b49e889a89deda16f32825ee72687e7232a8783136a3debb097	CglPTEVDTURGYy5jYWNoZWQgPSAxOw==
363	FRAGMENT	19421	19422	1	01ba4719c80b6fe911b091a7c05124b64eeece964e09c058ef8f9805daca546b	Cg==
364	BLOCK_CLOSE	19422	19423	0	d10b36aa74a59bcf4a88185837f658afaf3646eff2bb16c3928d0e9335e945d2	fQ==
365	FUNCTION_OPEN	19423	19499	0	11299d167ffd0e8a70b6611ea0c58ada4b156cc093832086e0ed4b4e476f8529	CgpPTEVDTUQgKmdldE9MRUNNREZpZWxkcyhKTklFbnYgKmVudiwgam9iamVjdCBscE9iamVjdCwgT0xFQ01EICpscFN0cnVjdCkKew==
366	STATEMENT	19499	19556	1	3d61ff558cfb964abb76b136240f4c6378829e7904b21a7ecc387a7c6258469c	CglpZiAoIU9MRUNNREZjLmNhY2hlZCkgY2FjaGVPTEVDTURGaWVsZHMoZW52LCBscE9iamVjdCk7
367	STATEMENT	19556	19627	1	b48a5fb17b9d078d08faf41dce537c51a60901b48eab79cad3e8bae489ce8cb2	CglscFN0cnVjdC0+Y21kSUQgPSAoKmVudiktPkdldEludEZpZWxkKGVudiwgbHBPYmplY3QsIE9MRUNNREZjLmNtZElEKTs=
368	STATEMENT	19627	19696	1	2a4fceb20983fefc8b13efe715c3966597fb89430099002cf4fbbdd2b0de527c	CglscFN0cnVjdC0+Y21kZiA9ICgqZW52KS0+R2V0SW50RmllbGQoZW52LCBscE9iamVjdCwgT0xFQ01ERmMuY21kZik7
369	STATEMENT	19696	19714	1	13df0ce3402b6e6431ec66fc14b416a3f3530341bc33a335f4c883fd4ac8b3ed	CglyZXR1cm4gbHBTdHJ1Y3Q7
370	FRAGMENT	19714	19715	1	01ba4719c80b6fe911b091a7c05124b64eeece964e09c058ef8f9805daca546b	Cg==
371	BLOCK_CLOSE	19715	19716	0	d10b36aa74a59bcf4a88185837f658afaf3646eff2bb16c3928d0e9335e945d2	fQ==
372	FUNCTION_OPEN	19716	19789	0	f5a9bfa5753d3534373e7ff5f8da700e0c04b245487f718e5abc1e8ae2d03859	Cgp2b2lkIHNldE9MRUNNREZpZWxkcyhKTklFbnYgKmVudiwgam9iamVjdCBscE9iamVjdCwgT0xFQ01EICpscFN0cnVjdCkKew==
373	STATEMENT	19789	19846	1	3d61ff558cfb964abb76b136240f4c6378829e7904b21a7ecc387a7c6258469c	CglpZiAoIU9MRUNNREZjLmNhY2hlZCkgY2FjaGVPTEVDTURGaWVsZHMoZW52LCBscE9iamVjdCk7
374	STATEMENT	19846	19922	1	7c08b8b6fb9a0ffac392f44232bf4ddd840358043069ac8d4b33cbb7feafcd9e	CgkoKmVudiktPlNldEludEZpZWxkKGVudiwgbHBPYmplY3QsIE9MRUNNREZjLmNtZElELCAoamludClscFN0cnVjdC0+Y21kSUQpOw==
375	STATEMENT	19922	19996	1	89c031a61349714074c0ee44378dc004231fc44f54f4a3acf7bf408e03defa0a	CgkoKmVudiktPlNldEludEZpZWxkKGVudiwgbHBPYmplY3QsIE9MRUNNREZjLmNtZGYsIChqaW50KWxwU3RydWN0LT5jbWRmKTs=
376	FRAGMENT	19996	19997	1	01ba4719c80b6fe911b091a7c05124b64eeece964e09c058ef8f9805daca546b	Cg==
377	BLOCK_CLOSE	19997	19998	0	d10b36aa74a59bcf4a88185837f658afaf3646eff2bb16c3928d0e9335e945d2	fQ==
378	PREPROCESSOR	19998	20006	0	626de321eb397f6600939892a0009f31bc378f7e886f9acc5ec0af18db6a99a7	CiNlbmRpZgo=
379	PREPROCESSOR	20006	20038	0	7f3f78a28ec46b827e393541c47fad23a87128ef878dd661299cacd46c08c9c2	CiNpZm5kZWYgTk9fT0xFSU5QTEFDRUZSQU1FSU5GTwo=
380	BLOCK_OPEN	20038	20084	0	eb5c56013706d37f8d986f8de582a9f60ec736217b551047a0a839c7a9630364	dHlwZWRlZiBzdHJ1Y3QgT0xFSU5QTEFDRUZSQU1FSU5GT19GSURfQ0FDSEUgew==
381	STATEMENT	20084	20097	1	dc6afef5cbc289f32babef7effcc87da09f51223bb7aadcf0c0e04f5c6c05dbc	CglpbnQgY2FjaGVkOw==
382	STATEMENT	20097	20112	1	7d537ce59642f2e847cc26e17bf015210ce7e79ca63aab7178c4423a3e813b9d	CglqY2xhc3MgY2xheno7
383	STATEMENT	20112	20169	1	4aab17ba26cf19a1443940094e313ce27ee7f17d967d2b6e7380673b5971ede5	CglqZmllbGRJRCBjYiwgZk1ESUFwcCwgaHduZEZyYW1lLCBoYWNjZWwsIGNBY2NlbEVudHJpZXM7
384	FRAGMENT	20169	20170	1	01ba4719c80b6fe911b091a7c05124b64eeece964e09c058ef8f9805daca546b	Cg==
385	BLOCK_CLOSE	20170	20171	0	d10b36aa74a59bcf4a88185837f658afaf3646eff2bb16c3928d0e9335e945d2	fQ==
386	STATEMENT	20171	20202	0	c9ea55030925a8307073124824f240b11f9ffd5271fcaff0efe994e517f30b59	IE9MRUlOUExBQ0VGUkFNRUlORk9fRklEX0NBQ0hFOw==
387	STATEMENT	20202	20256	0	a0b1064b4eacbd65a12daa2df84dc8ec598da321dc07632b5cdd30d7f6560b21	CgpPTEVJTlBMQUNFRlJBTUVJTkZPX0ZJRF9DQUNIRSBPTEVJTlBMQUNFRlJBTUVJTkZPRmM7
388	FUNCTION_OPEN	20256	20326	0	3f1d85577aa2295dae90426e93a1faaa5bca34f7b184957463377bd3b8d2ce10	Cgp2b2lkIGNhY2hlT0xFSU5QTEFDRUZSQU1FSU5GT0ZpZWxkcyhKTklFbnYgKmVudiwgam9iamVjdCBscE9iamVjdCkKew==
389	STATEMENT	20326	20369	1	26a6a910886e32ec9e497e42f34abcb8fa2ed4c912069bd731316176b2c4e761	CglpZiAoT0xFSU5QTEFDRUZSQU1FSU5GT0ZjLmNhY2hlZCkgcmV0dXJuOw==
390	STATEMENT	20369	20439	1	e1f3a38207508c993540046aaf5076db000ae1289518a8db24d88d3162e507f0	CglPTEVJTlBMQUNFRlJBTUVJTkZPRmMuY2xhenogPSAoKmVudiktPkdldE9iamVjdENsYXNzKGVudiwgbHBPYmplY3QpOw==
391	STATEMENT	20439	20532	1	898bf7996f55a26106c037180fab998c65a348011da356acfa7c391c3366d591	CglPTEVJTlBMQUNFRlJBTUVJTkZPRmMuY2IgPSAoKmVudiktPkdldEZpZWxkSUQoZW52LCBPTEVJTlBMQUNFRlJBTUVJTkZPRmMuY2xhenosICJjYiIsICJJIik7
392	STATEMENT	20532	20635	1	1cb4475d48fa0678ce07f703abe400f7fb0c9892968d55329421db106c279f06	CglPTEVJTlBMQUNFRlJBTUVJTkZPRmMuZk1ESUFwcCA9ICgqZW52KS0+R2V0RmllbGRJRChlbnYsIE9MRUlOUExBQ0VGUkFNRUlORk9GYy5jbGF6eiwgImZNRElBcHAiLCAiSSIpOw==
393	STATEMENT	20635	20742	1	efdc7e706b8efa0d2253ea9fed801700c0131ccfb5dad02fd8207e52094336c6	CglPTEVJTlBMQUNFRlJBTUVJTkZPRmMuaHduZEZyYW1lID0gKCplbnYpLT5HZXRGaWVsZElEKGVudiwgT0xFSU5QTEFDRUZSQU1FSU5GT0ZjLmNsYXp6LCAiaHduZEZyYW1lIiwgIkoiKTs=
394	STATEMENT	20742	20843	1	c7009749935389ad2462bac94aea6287fba79974247e737c4ec539741338f461	CglPTEVJTlBMQUNFRlJBTUVJTkZPRmMuaGFjY2VsID0gKCplbnYpLT5HZXRGaWVsZElEKGVudiwgT0xFSU5QTEFDRUZSQU1FSU5GT0ZjLmNsYXp6LCAiaGFjY2VsIiwgIkoiKTs=
395	STATEMENT	20843	20958	1	5576b02ea8202d1a2f299b2961aae4920094a4e2f4a44eaaa04fe3f88fc1e22c	CglPTEVJTlBMQUNFRlJBTUVJTkZPRmMuY0FjY2VsRW50cmllcyA9ICgqZW52KS0+R2V0RmllbGRJRChlbnYsIE9MRUlOUExBQ0VGUkFNRUlORk9GYy5jbGF6eiwgImNBY2NlbEVudHJpZXMiLCAiSSIpOw==
396	STATEMENT	20958	20993	1	17547d5f5072b915970fd925622163e3efe262eef96f64ffd73e10071457242f	CglPTEVJTlBMQUNFRlJBTUVJTkZPRmMuY2FjaGVkID0gMTs=
397	FRAGMENT	20993	20994	1	01ba4719c80b6fe911b091a7c05124b64eeece964e09c058ef8f9805daca546b	Cg==
398	BLOCK_CLOSE	20994	20995	0	d10b36aa74a59bcf4a88185837f658afaf3646eff2bb16c3928d0e9335e945d2	fQ==
399	FUNCTION_OPEN	20995	21110	0	96f74d1b65edc680fb17383248ebd322d54a860f17bd10a84e123c2748a04d8f	CgpPTEVJTlBMQUNFRlJBTUVJTkZPICpnZXRPTEVJTlBMQUNFRlJBTUVJTkZPRmllbGRzKEpOSUVudiAqZW52LCBqb2JqZWN0IGxwT2JqZWN0LCBPTEVJTlBMQUNFRlJBTUVJTkZPICpscFN0cnVjdCkKew==
400	STATEMENT	21110	21193	1	a45b3f18d959c75cc2efc15931aac4813673d40c5085e412257014940c9ff1fa	CglpZiAoIU9MRUlOUExBQ0VGUkFNRUlORk9GYy5jYWNoZWQpIGNhY2hlT0xFSU5QTEFDRUZSQU1FSU5GT0ZpZWxkcyhlbnYsIGxwT2JqZWN0KTs=
401	STATEMENT	21193	21271	1	5555418ac5b7dd42a7da893eebb1438b9a87b3ac6b1385da8036903fd39bc500	CglscFN0cnVjdC0+Y2IgPSAoKmVudiktPkdldEludEZpZWxkKGVudiwgbHBPYmplY3QsIE9MRUlOUExBQ0VGUkFNRUlORk9GYy5jYik7
402	STATEMENT	21271	21359	1	3bca2895f587ff05aae6a411397d51975c4daf9db197503f23c4ee92e7073408	CglscFN0cnVjdC0+Zk1ESUFwcCA9ICgqZW52KS0+R2V0SW50RmllbGQoZW52LCBscE9iamVjdCwgT0xFSU5QTEFDRUZSQU1FSU5GT0ZjLmZNRElBcHApOw==
403	STATEMENT	21359	21458	1	598553fa551f7ad35a5818b8cc17093fc7746a3dd8ee72df9df27b298f564a7c	CglscFN0cnVjdC0+aHduZEZyYW1lID0gKEhXTkQpKCplbnYpLT5HZXRMb25nRmllbGQoZW52LCBscE9iamVjdCwgT0xFSU5QTEFDRUZSQU1FSU5GT0ZjLmh3bmRGcmFtZSk7
404	STATEMENT	21458	21553	1	ed7b996367138a20bd47de0b55939a44ce3984efeda613f8609da3b84d2a66ca	CglscFN0cnVjdC0+aGFjY2VsID0gKEhBQ0NFTCkoKmVudiktPkdldExvbmdGaWVsZChlbnYsIGxwT2JqZWN0LCBPTEVJTlBMQUNFRlJBTUVJTkZPRmMuaGFjY2VsKTs=
405	STATEMENT	21553	21653	1	749551234b21f8ffd84b3eefe628dbe2ff5b8d5478cbcd5867d7402e38fa9ee1	CglscFN0cnVjdC0+Y0FjY2VsRW50cmllcyA9ICgqZW52KS0+R2V0SW50RmllbGQoZW52LCBscE9iamVjdCwgT0xFSU5QTEFDRUZSQU1FSU5GT0ZjLmNBY2NlbEVudHJpZXMpOw==
406	STATEMENT	21653	21671	1	13df0ce3402b6e6431ec66fc14b416a3f3530341bc33a335f4c883fd4ac8b3ed	CglyZXR1cm4gbHBTdHJ1Y3Q7
407	FRAGMENT	21671	21672	1	01ba4719c80b6fe911b091a7c05124b64eeece964e09c058ef8f9805daca546b	Cg==
408	BLOCK_CLOSE	21672	21673	0	d10b36aa74a59bcf4a88185837f658afaf3646eff2bb16c3928d0e9335e945d2	fQ==
409	FUNCTION_OPEN	21673	21772	0	b4a381d113eeeb563bea14e0ce40222b31628a511ab5ebfcfe63ecd6c12ebb9f	Cgp2b2lkIHNldE9MRUlOUExBQ0VGUkFNRUlORk9GaWVsZHMoSk5JRW52ICplbnYsIGpvYmplY3QgbHBPYmplY3QsIE9MRUlOUExBQ0VGUkFNRUlORk8gKmxwU3RydWN0KQp7
410	STATEMENT	21772	21855	1	a45b3f18d959c75cc2efc15931aac4813673d40c5085e412257014940c9ff1fa	CglpZiAoIU9MRUlOUExBQ0VGUkFNRUlORk9GYy5jYWNoZWQpIGNhY2hlT0xFSU5QTEFDRUZSQU1FSU5GT0ZpZWxkcyhlbnYsIGxwT2JqZWN0KTs=
411	STATEMENT	21855	21938	1	fe84d9e4209af3378781b2322d3e174f8a9a21452845bc94f02f72e87ea9863d	CgkoKmVudiktPlNldEludEZpZWxkKGVudiwgbHBPYmplY3QsIE9MRUlOUExBQ0VGUkFNRUlORk9GYy5jYiwgKGppbnQpbHBTdHJ1Y3QtPmNiKTs=
412	STATEMENT	21938	22031	1	3bfaf112e442c0ddf048114e3819ff445cebda7e622da7c9d160d76d5c1e4af7	CgkoKmVudiktPlNldEludEZpZWxkKGVudiwgbHBPYmplY3QsIE9MRUlOUExBQ0VGUkFNRUlORk9GYy5mTURJQXBwLCAoamludClscFN0cnVjdC0+Zk1ESUFwcCk7
413	STATEMENT	22031	22130	1	44b9eda3a8df3ac2929f5339a19c09afaefc025c90c743e597f006536e9c87cb	CgkoKmVudiktPlNldExvbmdGaWVsZChlbnYsIGxwT2JqZWN0LCBPTEVJTlBMQUNFRlJBTUVJTkZPRmMuaHduZEZyYW1lLCAoamxvbmcpbHBTdHJ1Y3QtPmh3bmRGcmFtZSk7
414	STATEMENT	22130	22223	1	0edd4b7e58eb5da97fbe850d32738dce1b43379b26486bd3689b1851afeaf2d7	CgkoKmVudiktPlNldExvbmdGaWVsZChlbnYsIGxwT2JqZWN0LCBPTEVJTlBMQUNFRlJBTUVJTkZPRmMuaGFjY2VsLCAoamxvbmcpbHBTdHJ1Y3QtPmhhY2NlbCk7
415	STATEMENT	22223	22328	1	a8c7e9b78425daafca6625d2f44b01814461092f1f6eee7a9a448664b680cf6b	CgkoKmVudiktPlNldEludEZpZWxkKGVudiwgbHBPYmplY3QsIE9MRUlOUExBQ0VGUkFNRUlORk9GYy5jQWNjZWxFbnRyaWVzLCAoamludClscFN0cnVjdC0+Y0FjY2VsRW50cmllcyk7
416	FRAGMENT	22328	22329	1	01ba4719c80b6fe911b091a7c05124b64eeece964e09c058ef8f9805daca546b	Cg==
417	BLOCK_CLOSE	22329	22330	0	d10b36aa74a59bcf4a88185837f658afaf3646eff2bb16c3928d0e9335e945d2	fQ==
418	PREPROCESSOR	22330	22338	0	626de321eb397f6600939892a0009f31bc378f7e886f9acc5ec0af18db6a99a7	CiNlbmRpZgo=
419	PREPROCESSOR	22338	22360	0	9b8ca9c71422eaa88de5e74d3b3bfdd433821ecbf37521ef6582e2c713a8b44b	CiNpZm5kZWYgTk9fU1RHTUVESVVNCg==
420	BLOCK_OPEN	22360	22396	0	bc7fa372ad2b9e03431d35eccfb9d05c82b48fb183c39c3ab6d40d6d49dc556e	dHlwZWRlZiBzdHJ1Y3QgU1RHTUVESVVNX0ZJRF9DQUNIRSB7
421	STATEMENT	22396	22409	1	dc6afef5cbc289f32babef7effcc87da09f51223bb7aadcf0c0e04f5c6c05dbc	CglpbnQgY2FjaGVkOw==
422	STATEMENT	22409	22424	1	7d537ce59642f2e847cc26e17bf015210ce7e79ca63aab7178c4423a3e813b9d	CglqY2xhc3MgY2xheno7
423	STATEMENT	22424	22469	1	4005fb650bfd2c027bbc6a875e1a8dabeb5594550eec015ebd32ccb353da7389	CglqZmllbGRJRCB0eW1lZCwgdW5pb25GaWVsZCwgcFVua0ZvclJlbGVhc2U7
424	FRAGMENT	22469	22470	1	01ba4719c80b6fe911b091a7c05124b64eeece964e09c058ef8f9805daca546b	Cg==
425	BLOCK_CLOSE	22470	22471	0	d10b36aa74a59bcf4a88185837f658afaf3646eff2bb16c3928d0e9335e945d2	fQ==
426	STATEMENT	22471	22492	0	0172407567be355c43f6609e5a81e0e6790379f256b14abd69f83f058948f13b	IFNUR01FRElVTV9GSURfQ0FDSEU7
427	STATEMENT	22492	22526	0	fd16b83a55d7ecfd0a1e0bfe568127821a0aa62bef2834caa4d4e0eebc126163	CgpTVEdNRURJVU1fRklEX0NBQ0hFIFNUR01FRElVTUZjOw==
428	FUNCTION_OPEN	22526	22586	0	5825a62fa4324a07df53dc6ad7d2ce51a315871da1e4f9755b6d6f8bd6191f51	Cgp2b2lkIGNhY2hlU1RHTUVESVVNRmllbGRzKEpOSUVudiAqZW52LCBqb2JqZWN0IGxwT2JqZWN0KQp7
429	STATEMENT	22586	22619	1	5f9bdfed9a5ed720461d2b2c0d7fa9c6a5f59c89050ebbbc53da1904f84b63d5	CglpZiAoU1RHTUVESVVNRmMuY2FjaGVkKSByZXR1cm47
430	STATEMENT	22619	22679	1	04cf6ad21d36095b3b5a62b3f31a6a2d3146c04758b0c20621153aa1e51d34e2	CglTVEdNRURJVU1GYy5jbGF6eiA9ICgqZW52KS0+R2V0T2JqZWN0Q2xhc3MoZW52LCBscE9iamVjdCk7
431	STATEMENT	22679	22758	1	c0cd394582fc01dc2b35354a47a8135aa3dfec9766b765d4fb867ec92799c815	CglTVEdNRURJVU1GYy50eW1lZCA9ICgqZW52KS0+R2V0RmllbGRJRChlbnYsIFNUR01FRElVTUZjLmNsYXp6LCAidHltZWQiLCAiSSIpOw==
432	STATEMENT	22758	22847	1	25ecd4fea40ae7204d52ae780180c6e71ee2f282c83b403713418329c4fe7566	CglTVEdNRURJVU1GYy51bmlvbkZpZWxkID0gKCplbnYpLT5HZXRGaWVsZElEKGVudiwgU1RHTUVESVVNRmMuY2xhenosICJ1bmlvbkZpZWxkIiwgIkoiKTs=
433	STATEMENT	22847	22944	1	128d9b6ac67d5ab45ca35c4ba021532f4d1e3923748da4ea0500f95a2c2c2089	CglTVEdNRURJVU1GYy5wVW5rRm9yUmVsZWFzZSA9ICgqZW52KS0+R2V0RmllbGRJRChlbnYsIFNUR01FRElVTUZjLmNsYXp6LCAicFVua0ZvclJlbGVhc2UiLCAiSiIpOw==
434	STATEMENT	22944	22969	1	d53e55b2b6d62a6483ed83f254d7f8be4e0aebd910e00754536a1605db305100	CglTVEdNRURJVU1GYy5jYWNoZWQgPSAxOw==
435	FRAGMENT	22969	22970	1	01ba4719c80b6fe911b091a7c05124b64eeece964e09c058ef8f9805daca546b	Cg==
436	BLOCK_CLOSE	22970	22971	0	d10b36aa74a59bcf4a88185837f658afaf3646eff2bb16c3928d0e9335e945d2	fQ==
437	FUNCTION_OPEN	22971	23056	0	3adf700ef883eee87321289d90607357bd4f1c85f33fdca77715c3eba1577f4b	CgpTVEdNRURJVU0gKmdldFNUR01FRElVTUZpZWxkcyhKTklFbnYgKmVudiwgam9iamVjdCBscE9iamVjdCwgU1RHTUVESVVNICpscFN0cnVjdCkKew==
438	STATEMENT	23056	23119	1	831f4ffbee2ad08fe3b7adfc329207b06efad35eb710312a8e8ed01086796053	CglpZiAoIVNUR01FRElVTUZjLmNhY2hlZCkgY2FjaGVTVEdNRURJVU1GaWVsZHMoZW52LCBscE9iamVjdCk7
439	STATEMENT	23119	23193	1	d69c4d21ea57a240e899698f73a24250227aef33606ce758cf30af25fe6e2bdc	CglscFN0cnVjdC0+dHltZWQgPSAoKmVudiktPkdldEludEZpZWxkKGVudiwgbHBPYmplY3QsIFNUR01FRElVTUZjLnR5bWVkKTs=
440	STATEMENT	23193	23284	1	abc34a9643339c8d7779e5699ed5e75ed6643e1beed4cb5ff980fd2b15a0568d	CglscFN0cnVjdC0+aEdsb2JhbCA9IChIR0xPQkFMKSgqZW52KS0+R2V0TG9uZ0ZpZWxkKGVudiwgbHBPYmplY3QsIFNUR01FRElVTUZjLnVuaW9uRmllbGQpOw==
441	STATEMENT	23284	23389	1	98999b450c48002bea6e9fb07b36c1253c621928640da0ab01612ab181e8b8cf	CglscFN0cnVjdC0+cFVua0ZvclJlbGVhc2UgPSAoSVVua25vd24gKikoKmVudiktPkdldExvbmdGaWVsZChlbnYsIGxwT2JqZWN0LCBTVEdNRURJVU1GYy5wVW5rRm9yUmVsZWFzZSk7
442	STATEMENT	23389	23407	1	13df0ce3402b6e6431ec66fc14b416a3f3530341bc33a335f4c883fd4ac8b3ed	CglyZXR1cm4gbHBTdHJ1Y3Q7
443	FRAGMENT	23407	23408	1	01ba4719c80b6fe911b091a7c05124b64eeece964e09c058ef8f9805daca546b	Cg==
444	BLOCK_CLOSE	23408	23409	0	d10b36aa74a59bcf4a88185837f658afaf3646eff2bb16c3928d0e9335e945d2	fQ==
445	FUNCTION_OPEN	23409	23488	0	0e0c8afd749e4c61fb4da1eb6bb73995e233d987b5ae91e666279bab9911edae	Cgp2b2lkIHNldFNUR01FRElVTUZpZWxkcyhKTklFbnYgKmVudiwgam9iamVjdCBscE9iamVjdCwgU1RHTUVESVVNICpscFN0cnVjdCkKew==
446	STATEMENT	23488	23551	1	831f4ffbee2ad08fe3b7adfc329207b06efad35eb710312a8e8ed01086796053	CglpZiAoIVNUR01FRElVTUZjLmNhY2hlZCkgY2FjaGVTVEdNRURJVU1GaWVsZHMoZW52LCBscE9iamVjdCk7
447	STATEMENT	23551	23630	1	27cabee9770c5f6d9bf5d2425b174584fd312e518dd3296a45e56ec2ead7cde8	CgkoKmVudiktPlNldEludEZpZWxkKGVudiwgbHBPYmplY3QsIFNUR01FRElVTUZjLnR5bWVkLCAoamludClscFN0cnVjdC0+dHltZWQpOw==
448	STATEMENT	23630	23718	1	2de32b71f7817bfcc00e85d32906daa0815508cbc3032c88b60dfb019c3fa1a2	CgkoKmVudiktPlNldExvbmdGaWVsZChlbnYsIGxwT2JqZWN0LCBTVEdNRURJVU1GYy51bmlvbkZpZWxkLCAoamxvbmcpbHBTdHJ1Y3QtPmhHbG9iYWwpOw==
449	STATEMENT	23718	23817	1	f710ce12518a08b4326b5a5d9d9f2bd8f4baeb81a8a28c2dbca1615e6d4c4737	CgkoKmVudiktPlNldExvbmdGaWVsZChlbnYsIGxwT2JqZWN0LCBTVEdNRURJVU1GYy5wVW5rRm9yUmVsZWFzZSwgKGpsb25nKWxwU3RydWN0LT5wVW5rRm9yUmVsZWFzZSk7
450	FRAGMENT	23817	23818	1	01ba4719c80b6fe911b091a7c05124b64eeece964e09c058ef8f9805daca546b	Cg==
451	BLOCK_CLOSE	23818	23819	0	d10b36aa74a59bcf4a88185837f658afaf3646eff2bb16c3928d0e9335e945d2	fQ==
452	PREPROCESSOR	23819	23827	0	626de321eb397f6600939892a0009f31bc378f7e886f9acc5ec0af18db6a99a7	CiNlbmRpZgo=
453	PREPROCESSOR	23827	23848	0	899bf945e75b0868854472e15d160b450217b396c3ea128f0675b68407d0fa36	CiNpZm5kZWYgTk9fVFlQRUFUVFIK
454	BLOCK_OPEN	23848	23883	0	be7e7ee393a640592f9303a93514fec3f2cb5255c596bbe9132e7013fdaa34d0	dHlwZWRlZiBzdHJ1Y3QgVFlQRUFUVFJfRklEX0NBQ0hFIHs=
455	STATEMENT	23883	23896	1	dc6afef5cbc289f32babef7effcc87da09f51223bb7aadcf0c0e04f5c6c05dbc	CglpbnQgY2FjaGVkOw==
456	STATEMENT	23896	23911	1	7d537ce59642f2e847cc26e17bf015210ce7e79ca63aab7178c4423a3e813b9d	CglqY2xhc3MgY2xheno7
457	STATEMENT	23911	24237	1	4df335349a3c0aa69bed91fa5a76740cbeccbe6a84191d79862e09c0304df3d9	CglqZmllbGRJRCBndWlkX0RhdGExLCBndWlkX0RhdGEyLCBndWlkX0RhdGEzLCBndWlkX0RhdGE0LCBsY2lkLCBkd1Jlc2VydmVkLCBtZW1pZENvbnN0cnVjdG9yLCBtZW1pZERlc3RydWN0b3IsIGxwc3RyU2NoZW1hLCBjYlNpemVJbnN0YW5jZSwgdHlwZWtpbmQsIGNGdW5jcywgY1ZhcnMsIGNJbXBsVHlwZXMsIGNiU2l6ZVZmdCwgY2JBbGlnbm1lbnQsIHdUeXBlRmxhZ3MsIHdNYWpvclZlck51bSwgd01pbm9yVmVyTnVtLCB0ZGVzY0FsaWFzX3VuaW9uRmllbGQsIHRkZXNjQWxpYXNfdnQsIGlkbGRlc2NUeXBlX2R3UmVzZXJ2ZWQsIGlkbGRlc2NUeXBlX3dJRExGbGFnczs=
458	FRAGMENT	24237	24238	1	01ba4719c80b6fe911b091a7c05124b64eeece964e09c058ef8f9805daca546b	Cg==
459	BLOCK_CLOSE	24238	24239	0	d10b36aa74a59bcf4a88185837f658afaf3646eff2bb16c3928d0e9335e945d2	fQ==
460	STATEMENT	24239	24259	0	3b8e22af91f5164b9524cc6833458d39976e7f84e33b8eb54dc6ed1b855e51b6	IFRZUEVBVFRSX0ZJRF9DQUNIRTs=
461	STATEMENT	24259	24291	0	cb1574c612c242716a2fda866aed373f3d816ac9ae84d604cc79aaef49998c63	CgpUWVBFQVRUUl9GSURfQ0FDSEUgVFlQRUFUVFJGYzs=
462	FUNCTION_OPEN	24291	24350	0	cab2b38e2a425f72e197d69d1a950c03065e876ea9563b7316a6e47f0b399792	Cgp2b2lkIGNhY2hlVFlQRUFUVFJGaWVsZHMoSk5JRW52ICplbnYsIGpvYmplY3QgbHBPYmplY3QpCns=
463	STATEMENT	24350	24382	1	f5d08e698d09aa11c0a007e8a68e728db941f009529fe1cc9cbbbe1c33d11a79	CglpZiAoVFlQRUFUVFJGYy5jYWNoZWQpIHJldHVybjs=
464	STATEMENT	24382	24441	1	1b28a7ef1540cda924aeae3054cced8f1116777e423cff05cd073a0a9bf12f35	CglUWVBFQVRUUkZjLmNsYXp6ID0gKCplbnYpLT5HZXRPYmplY3RDbGFzcyhlbnYsIGxwT2JqZWN0KTs=
465	STATEMENT	24441	24528	1	bc2803f7058262c728d8319fc0075b70b4b8cd108ec1e38b8d0540a02cd21cc3	CglUWVBFQVRUUkZjLmd1aWRfRGF0YTEgPSAoKmVudiktPkdldEZpZWxkSUQoZW52LCBUWVBFQVRUUkZjLmNsYXp6LCAiZ3VpZF9EYXRhMSIsICJJIik7
466	STATEMENT	24528	24615	1	e41bbd8877e14dc8eea5e814514ce039237211edfa3584653a9e8cc9b9c8cdbb	CglUWVBFQVRUUkZjLmd1aWRfRGF0YTIgPSAoKmVudiktPkdldEZpZWxkSUQoZW52LCBUWVBFQVRUUkZjLmNsYXp6LCAiZ3VpZF9EYXRhMiIsICJTIik7
467	STATEMENT	24615	24702	1	564ab9b117e4b27942fca0d63eb9d783d85cc3632ce50057720b54423d377e54	CglUWVBFQVRUUkZjLmd1aWRfRGF0YTMgPSAoKmVudiktPkdldEZpZWxkSUQoZW52LCBUWVBFQVRUUkZjLmNsYXp6LCAiZ3VpZF9EYXRhMyIsICJTIik7
468	STATEMENT	24702	24790	1	0f08432ed253a94963246db1ba8f59a0f2955a36947dcb8714a8d046d306cb98	CglUWVBFQVRUUkZjLmd1aWRfRGF0YTQgPSAoKmVudiktPkdldEZpZWxkSUQoZW52LCBUWVBFQVRUUkZjLmNsYXp6LCAiZ3VpZF9EYXRhNCIsICJbQiIpOw==
469	STATEMENT	24790	24865	1	9fb5a654f9bf4764cc1d2c6f439ae6e90ab7fbb66f7efaac7bca73b8791a086e	CglUWVBFQVRUUkZjLmxjaWQgPSAoKmVudiktPkdldEZpZWxkSUQoZW52LCBUWVBFQVRUUkZjLmNsYXp6LCAibGNpZCIsICJJIik7
470	STATEMENT	24865	24952	1	98e4e157c9c7bb231502ed0fb07e42ec2f0fb0b640b3490dcaa4b1961466e932	CglUWVBFQVRUUkZjLmR3UmVzZXJ2ZWQgPSAoKmVudiktPkdldEZpZWxkSUQoZW52LCBUWVBFQVRUUkZjLmNsYXp6LCAiZHdSZXNlcnZlZCIsICJJIik7
471	STATEMENT	24952	25051	1	91d5bfc681df622505eefb714c092ead753be160a274367dbe3408e55914105b	CglUWVBFQVRUUkZjLm1lbWlkQ29uc3RydWN0b3IgPSAoKmVudiktPkdldEZpZWxkSUQoZW52LCBUWVBFQVRUUkZjLmNsYXp6LCAibWVtaWRDb25zdHJ1Y3RvciIsICJJIik7
472	STATEMENT	25051	25148	1	4db7af34475f274e169702421d66b9755c13bb4fce46c6c17d8acd3f6ad7ca28	CglUWVBFQVRUUkZjLm1lbWlkRGVzdHJ1Y3RvciA9ICgqZW52KS0+R2V0RmllbGRJRChlbnYsIFRZUEVBVFRSRmMuY2xhenosICJtZW1pZERlc3RydWN0b3IiLCAiSSIpOw==
473	STATEMENT	25148	25237	1	071b0c35ddcab76761e3312f5d07380e9677faf8e537836059da5f114b8d1af4	CglUWVBFQVRUUkZjLmxwc3RyU2NoZW1hID0gKCplbnYpLT5HZXRGaWVsZElEKGVudiwgVFlQRUFUVFJGYy5jbGF6eiwgImxwc3RyU2NoZW1hIiwgIkoiKTs=
474	STATEMENT	25237	25332	1	5840a058774eb11986769c66e38e66827149858424ae690c90ce77a6086f45d3	CglUWVBFQVRUUkZjLmNiU2l6ZUluc3RhbmNlID0gKCplbnYpLT5HZXRGaWVsZElEKGVudiwgVFlQRUFUVFJGYy5jbGF6eiwgImNiU2l6ZUluc3RhbmNlIiwgIkkiKTs=
475	STATEMENT	25332	25415	1	3613cdfffc8a17cd26d8d340eeafc6b7a5c52cfb996a01e1a617718f2650d95d	CglUWVBFQVRUUkZjLnR5cGVraW5kID0gKCplbnYpLT5HZXRGaWVsZElEKGVudiwgVFlQRUFUVFJGYy5jbGF6eiwgInR5cGVraW5kIiwgIkkiKTs=
476	STATEMENT	25415	25494	1	c033b97a40b0521bf60fa2e9d00de1f8e6d7289ce31ae327631daba44f125cbd	CglUWVBFQVRUUkZjLmNGdW5jcyA9ICgqZW52KS0+R2V0RmllbGRJRChlbnYsIFRZUEVBVFRSRmMuY2xhenosICJjRnVuY3MiLCAiUyIpOw==
477	STATEMENT	25494	25571	1	d4b48677c0db13b4c63bfb8a69401a1586d3f7e4c23fecb0da1c9207ae9c49ad	CglUWVBFQVRUUkZjLmNWYXJzID0gKCplbnYpLT5HZXRGaWVsZElEKGVudiwgVFlQRUFUVFJGYy5jbGF6eiwgImNWYXJzIiwgIlMiKTs=
478	STATEMENT	25571	25658	1	bd27be0fe6e93f9e869da4f6a5225297e33210f45dadf64d470fa24d138c99c3	CglUWVBFQVRUUkZjLmNJbXBsVHlwZXMgPSAoKmVudiktPkdldEZpZWxkSUQoZW52LCBUWVBFQVRUUkZjLmNsYXp6LCAiY0ltcGxUeXBlcyIsICJTIik7
479	STATEMENT	25658	25743	1	b31c7a217f50e660f9c361b1cb105c42952df152c9fd84c6d0c64933f647d236	CglUWVBFQVRUUkZjLmNiU2l6ZVZmdCA9ICgqZW52KS0+R2V0RmllbGRJRChlbnYsIFRZUEVBVFRSRmMuY2xhenosICJjYlNpemVWZnQiLCAiUyIpOw==
480	STATEMENT	25743	25832	1	e2468a25d3f98cea1a2e1c373ac0bb2a6684585ef75773db259e350a11bd99e6	CglUWVBFQVRUUkZjLmNiQWxpZ25tZW50ID0gKCplbnYpLT5HZXRGaWVsZElEKGVudiwgVFlQRUFUVFJGYy5jbGF6eiwgImNiQWxpZ25tZW50IiwgIlMiKTs=
481	STATEMENT	25832	25919	1	6424c6744599863ae67d57ce425898676d883a8650c97a8123adf10b479691bd	CglUWVBFQVRUUkZjLndUeXBlRmxhZ3MgPSAoKmVudiktPkdldEZpZWxkSUQoZW52LCBUWVBFQVRUUkZjLmNsYXp6LCAid1R5cGVGbGFncyIsICJTIik7
482	STATEMENT	25919	26010	1	a7f61ac8d850abceec49a76045e11816daa565134237904c93748cd7c6075d07	CglUWVBFQVRUUkZjLndNYWpvclZlck51bSA9ICgqZW52KS0+R2V0RmllbGRJRChlbnYsIFRZUEVBVFRSRmMuY2xhenosICJ3TWFqb3JWZXJOdW0iLCAiUyIpOw==
483	STATEMENT	26010	26101	1	4980a05b1618e04a6e08446d715217f83c36f41ef6a657004dd4f15089f9dbd9	CglUWVBFQVRUUkZjLndNaW5vclZlck51bSA9ICgqZW52KS0+R2V0RmllbGRJRChlbnYsIFRZUEVBVFRSRmMuY2xhenosICJ3TWlub3JWZXJOdW0iLCAiUyIpOw==
484	STATEMENT	26101	26210	1	60560656c97184bc5feb2a7608b484649195fac5da88e7bfbf7f76ab1264b72a	CglUWVBFQVRUUkZjLnRkZXNjQWxpYXNfdW5pb25GaWVsZCA9ICgqZW52KS0+R2V0RmllbGRJRChlbnYsIFRZUEVBVFRSRmMuY2xhenosICJ0ZGVzY0FsaWFzX3VuaW9uRmllbGQiLCAiSiIpOw==
485	STATEMENT	26210	26303	1	5883576d0fa70e33d9d82583dd625a8ef23be3e932b4b4dd038bd6fd4587e687	CglUWVBFQVRUUkZjLnRkZXNjQWxpYXNfdnQgPSAoKmVudiktPkdldEZpZWxkSUQoZW52LCBUWVBFQVRUUkZjLmNsYXp6LCAidGRlc2NBbGlhc192dCIsICJTIik7
486	STATEMENT	26303	26414	1	dc01adcf6b49176699291bcdd1276321e32f0316d51f3a2257cfedf1a75d6538	CglUWVBFQVRUUkZjLmlkbGRlc2NUeXBlX2R3UmVzZXJ2ZWQgPSAoKmVudiktPkdldEZpZWxkSUQoZW52LCBUWVBFQVRUUkZjLmNsYXp6LCAiaWRsZGVzY1R5cGVfZHdSZXNlcnZlZCIsICJJIik7
487	STATEMENT	26414	26523	1	0ee626972b25fd8f88d6a103b91139407838ffceb26136d33e9a9983a835948c	CglUWVBFQVRUUkZjLmlkbGRlc2NUeXBlX3dJRExGbGFncyA9ICgqZW52KS0+R2V0RmllbGRJRChlbnYsIFRZUEVBVFRSRmMuY2xhenosICJpZGxkZXNjVHlwZV93SURMRmxhZ3MiLCAiUyIpOw==
488	STATEMENT	26523	26547	1	2f495b30ef2171be96dc4a1476af5f3657f8a78ffe7d1f8f414828cf37ed9a58	CglUWVBFQVRUUkZjLmNhY2hlZCA9IDE7
489	FRAGMENT	26547	26548	1	01ba4719c80b6fe911b091a7c05124b64eeece964e09c058ef8f9805daca546b	Cg==
490	BLOCK_CLOSE	26548	26549	0	d10b36aa74a59bcf4a88185837f658afaf3646eff2bb16c3928d0e9335e945d2	fQ==
491	FUNCTION_OPEN	26549	26631	0	cb289485a48c2e26efac1015e7a6cc917893c10b9514bd67faf736b1114bb92b	CgpUWVBFQVRUUiAqZ2V0VFlQRUFUVFJGaWVsZHMoSk5JRW52ICplbnYsIGpvYmplY3QgbHBPYmplY3QsIFRZUEVBVFRSICpscFN0cnVjdCkKew==
492	STATEMENT	26631	26692	1	7a1e963e7628bb81d8e0ad7da4542a5cc9ebd47b74623db92b2f5936f3a9d54d	CglpZiAoIVRZUEVBVFRSRmMuY2FjaGVkKSBjYWNoZVRZUEVBVFRSRmllbGRzKGVudiwgbHBPYmplY3QpOw==
493	STATEMENT	26692	26775	1	0eb15d1b3ac0e66417baf2f403a7be371ced01da8728b5e69ef1acf4dc3845a9	CglscFN0cnVjdC0+Z3VpZC5EYXRhMSA9ICgqZW52KS0+R2V0SW50RmllbGQoZW52LCBscE9iamVjdCwgVFlQRUFUVFJGYy5ndWlkX0RhdGExKTs=
494	STATEMENT	26775	26860	1	be815610a6d36b45db83ee10ed19d2094f9a3f7f8ea5aa03610f80dba0c73946	CglscFN0cnVjdC0+Z3VpZC5EYXRhMiA9ICgqZW52KS0+R2V0U2hvcnRGaWVsZChlbnYsIGxwT2JqZWN0LCBUWVBFQVRUUkZjLmd1aWRfRGF0YTIpOw==
495	STATEMENT	26860	26945	1	94ac0dfe2714f3566ecb9e32b4e7c473868d2fbbae20a94d135f7a97929a2f3a	CglscFN0cnVjdC0+Z3VpZC5EYXRhMyA9ICgqZW52KS0+R2V0U2hvcnRGaWVsZChlbnYsIGxwT2JqZWN0LCBUWVBFQVRUUkZjLmd1aWRfRGF0YTMpOw==
496	BLOCK_OPEN	26945	26948	1	fb1d986d2c398c881b43ad226b7870f2d8e548bb8062bc71754504ffb98df145	Cgl7
497	STATEMENT	26948	27046	2	a1fa7c04b1a6f36aa9547661e5b62295089dca542964eddc241f4a76407f33d7	CglqYnl0ZUFycmF5IGxwT2JqZWN0MSA9IChqYnl0ZUFycmF5KSgqZW52KS0+R2V0T2JqZWN0RmllbGQoZW52LCBscE9iamVjdCwgVFlQRUFUVFJGYy5ndWlkX0RhdGE0KTs=
498	STATEMENT	27046	27155	2	f703273b3ac565ce229a1167e04063300167b3718531ac4509e80d819002e86c	CgkoKmVudiktPkdldEJ5dGVBcnJheVJlZ2lvbihlbnYsIGxwT2JqZWN0MSwgMCwgc2l6ZW9mKGxwU3RydWN0LT5ndWlkLkRhdGE0KSwgKGpieXRlICopbHBTdHJ1Y3QtPmd1aWQuRGF0YTQpOw==
499	FRAGMENT	27155	27157	2	e8822f532ae9349b2b5743c494efd216ed4e44f9ebc82a6b1cb54895a5b88433	Cgk=
500	BLOCK_CLOSE	27157	27158	1	d10b36aa74a59bcf4a88185837f658afaf3646eff2bb16c3928d0e9335e945d2	fQ==
501	STATEMENT	27158	27229	1	f91de69e223538ff11ac79c4d645e2bce6431ba3c3f02d911c7c97dd40a40b60	CglscFN0cnVjdC0+bGNpZCA9ICgqZW52KS0+R2V0SW50RmllbGQoZW52LCBscE9iamVjdCwgVFlQRUFUVFJGYy5sY2lkKTs=
502	STATEMENT	27229	27312	1	56cc2b83ee2057701d3aa1e510116a4ad09bc6064a9936b5520ea14e73628151	CglscFN0cnVjdC0+ZHdSZXNlcnZlZCA9ICgqZW52KS0+R2V0SW50RmllbGQoZW52LCBscE9iamVjdCwgVFlQRUFUVFJGYy5kd1Jlc2VydmVkKTs=
503	STATEMENT	27312	27407	1	f66472abfde44af42f1df565d8fe83588d9475d13f1b89365d3e73eb794ffcef	CglscFN0cnVjdC0+bWVtaWRDb25zdHJ1Y3RvciA9ICgqZW52KS0+R2V0SW50RmllbGQoZW52LCBscE9iamVjdCwgVFlQRUFUVFJGYy5tZW1pZENvbnN0cnVjdG9yKTs=
504	STATEMENT	27407	27500	1	7933beaec195efbaa76ee3030b137b0b2d275a9dc31e65164c5c6e9a98f93fa2	CglscFN0cnVjdC0+bWVtaWREZXN0cnVjdG9yID0gKCplbnYpLT5HZXRJbnRGaWVsZChlbnYsIGxwT2JqZWN0LCBUWVBFQVRUUkZjLm1lbWlkRGVzdHJ1Y3Rvcik7
505	STATEMENT	27500	27601	1	ef4590ee2cd666f3c4e7cf2fdc0d2ea6e4a6db25cda8e9577814a19398021325	CglscFN0cnVjdC0+bHBzdHJTY2hlbWEgPSAoT0xFQ0hBUiBGQVIgKikoKmVudiktPkdldExvbmdGaWVsZChlbnYsIGxwT2JqZWN0LCBUWVBFQVRUUkZjLmxwc3RyU2NoZW1hKTs=
506	STATEMENT	27601	27692	1	6c14d54750961cacebf8d5c0a4e1018056da2c07e8b0873798b0a97e4acede61	CglscFN0cnVjdC0+Y2JTaXplSW5zdGFuY2UgPSAoKmVudiktPkdldEludEZpZWxkKGVudiwgbHBPYmplY3QsIFRZUEVBVFRSRmMuY2JTaXplSW5zdGFuY2UpOw==
507	STATEMENT	27692	27771	1	eff53ead6961b33b520978858b9c3bc7f82d883408bb059b5f2e232fd2b74917	CglscFN0cnVjdC0+dHlwZWtpbmQgPSAoKmVudiktPkdldEludEZpZWxkKGVudiwgbHBPYmplY3QsIFRZUEVBVFRSRmMudHlwZWtpbmQpOw==
508	STATEMENT	27771	27848	1	5418fcac92098f3e4d8765c3f5274b4cdfceef121ae0161d398e8a5a5be9da5c	CglscFN0cnVjdC0+Y0Z1bmNzID0gKCplbnYpLT5HZXRTaG9ydEZpZWxkKGVudiwgbHBPYmplY3QsIFRZUEVBVFRSRmMuY0Z1bmNzKTs=
509	STATEMENT	27848	27923	1	4bf1341f7fcf0f63a6a398b26c7e16ef6e5532e411f912cf7e20c4c42ed7b680	CglscFN0cnVjdC0+Y1ZhcnMgPSAoKmVudiktPkdldFNob3J0RmllbGQoZW52LCBscE9iamVjdCwgVFlQRUFUVFJGYy5jVmFycyk7
510	STATEMENT	27923	28008	1	19c59cf010a122158aabe61c5450a153c57332ee544790513cb73eb4281cc1d2	CglscFN0cnVjdC0+Y0ltcGxUeXBlcyA9ICgqZW52KS0+R2V0U2hvcnRGaWVsZChlbnYsIGxwT2JqZWN0LCBUWVBFQVRUUkZjLmNJbXBsVHlwZXMpOw==
511	STATEMENT	28008	28091	1	ced9c30cd53785184ef0ee0894d8c56095318b38d0c946e408f733b3ed3ac0c8	CglscFN0cnVjdC0+Y2JTaXplVmZ0ID0gKCplbnYpLT5HZXRTaG9ydEZpZWxkKGVudiwgbHBPYmplY3QsIFRZUEVBVFRSRmMuY2JTaXplVmZ0KTs=
512	STATEMENT	28091	28178	1	0cf44e9c859fc54b356c687fd4dab0e09af0c8d2298694924fea894d0bce94a4	CglscFN0cnVjdC0+Y2JBbGlnbm1lbnQgPSAoKmVudiktPkdldFNob3J0RmllbGQoZW52LCBscE9iamVjdCwgVFlQRUFUVFJGYy5jYkFsaWdubWVudCk7
513	STATEMENT	28178	28263	1	0733fd18474f409a6a929e43b6a811ed8f85d25e850924908ab9d1666221d2a5	CglscFN0cnVjdC0+d1R5cGVGbGFncyA9ICgqZW52KS0+R2V0U2hvcnRGaWVsZChlbnYsIGxwT2JqZWN0LCBUWVBFQVRUUkZjLndUeXBlRmxhZ3MpOw==
514	STATEMENT	28263	28352	1	bef07bff2dc183e89152bff14ea4d6cf7dd889281ab0c2cead6d5dd2669d973b	CglscFN0cnVjdC0+d01ham9yVmVyTnVtID0gKCplbnYpLT5HZXRTaG9ydEZpZWxkKGVudiwgbHBPYmplY3QsIFRZUEVBVFRSRmMud01ham9yVmVyTnVtKTs=
515	STATEMENT	28352	28441	1	ae46d1e238ce3812f6ff086f5a34e611d72d002f2aefb7642485dfb465121d5d	CglscFN0cnVjdC0+d01pbm9yVmVyTnVtID0gKCplbnYpLT5HZXRTaG9ydEZpZWxkKGVudiwgbHBPYmplY3QsIFRZUEVBVFRSRmMud01pbm9yVmVyTnVtKTs=
516	STATEMENT	28441	28580	1	023206a5d823ddac09df30d772856503a3e7482b7d3fc765412804020f65621a	CglscFN0cnVjdC0+dGRlc2NBbGlhcy5scHRkZXNjID0gKHN0cnVjdCBGQVJTVFJVQ1QgdGFnVFlQRURFU0MgRkFSICopKCplbnYpLT5HZXRMb25nRmllbGQoZW52LCBscE9iamVjdCwgVFlQRUFUVFJGYy50ZGVzY0FsaWFzX3VuaW9uRmllbGQpOw==
517	STATEMENT	28580	28671	1	c98930b3886b4b68e4b641848401d3867cbc5820ab66fab0e04be4b14381ffd3	CglscFN0cnVjdC0+dGRlc2NBbGlhcy52dCA9ICgqZW52KS0+R2V0U2hvcnRGaWVsZChlbnYsIGxwT2JqZWN0LCBUWVBFQVRUUkZjLnRkZXNjQWxpYXNfdnQpOw==
518	STATEMENT	28671	28778	1	9f4e108dae57c9667f202b78dbd5f7764c317611cb76619126752e49dfe30670	CglscFN0cnVjdC0+aWRsZGVzY1R5cGUuZHdSZXNlcnZlZCA9ICgqZW52KS0+R2V0SW50RmllbGQoZW52LCBscE9iamVjdCwgVFlQRUFUVFJGYy5pZGxkZXNjVHlwZV9kd1Jlc2VydmVkKTs=
519	STATEMENT	28778	28885	1	b2005c91376a032d12cd3f3849b91950e4e6156e709158800b11c3591550084c	CglscFN0cnVjdC0+aWRsZGVzY1R5cGUud0lETEZsYWdzID0gKCplbnYpLT5HZXRTaG9ydEZpZWxkKGVudiwgbHBPYmplY3QsIFRZUEVBVFRSRmMuaWRsZGVzY1R5cGVfd0lETEZsYWdzKTs=
520	STATEMENT	28885	28903	1	13df0ce3402b6e6431ec66fc14b416a3f3530341bc33a335f4c883fd4ac8b3ed	CglyZXR1cm4gbHBTdHJ1Y3Q7
521	FRAGMENT	28903	28904	1	01ba4719c80b6fe911b091a7c05124b64eeece964e09c058ef8f9805daca546b	Cg==
522	BLOCK_CLOSE	28904	28905	0	d10b36aa74a59bcf4a88185837f658afaf3646eff2bb16c3928d0e9335e945d2	fQ==
523	FUNCTION_OPEN	28905	28982	0	889f7f15bc424e4190da5f37e21d8a14f3bf2b01eb6bd9a80091417a05b19457	Cgp2b2lkIHNldFRZUEVBVFRSRmllbGRzKEpOSUVudiAqZW52LCBqb2JqZWN0IGxwT2JqZWN0LCBUWVBFQVRUUiAqbHBTdHJ1Y3QpCns=
524	STATEMENT	28982	29043	1	7a1e963e7628bb81d8e0ad7da4542a5cc9ebd47b74623db92b2f5936f3a9d54d	CglpZiAoIVRZUEVBVFRSRmMuY2FjaGVkKSBjYWNoZVRZUEVBVFRSRmllbGRzKGVudiwgbHBPYmplY3QpOw==
525	STATEMENT	29043	29131	1	fe49742864a69e887e37882bc6d38e2a04a94966de53da7d5e5eb1115968a7b7	CgkoKmVudiktPlNldEludEZpZWxkKGVudiwgbHBPYmplY3QsIFRZUEVBVFRSRmMuZ3VpZF9EYXRhMSwgKGppbnQpbHBTdHJ1Y3QtPmd1aWQuRGF0YTEpOw==
526	STATEMENT	29131	29223	1	cc32595c31eb45228ed6174a6d5f1e6b7fb7bfbe8bf22dfc5ccf96839f0fbb62	CgkoKmVudiktPlNldFNob3J0RmllbGQoZW52LCBscE9iamVjdCwgVFlQRUFUVFJGYy5ndWlkX0RhdGEyLCAoanNob3J0KWxwU3RydWN0LT5ndWlkLkRhdGEyKTs=
527	STATEMENT	29223	29315	1	e35a1fa8aff82e3c1943f4708a17dce90000748c6bbe4f6a8f564a666ba24a1f	CgkoKmVudiktPlNldFNob3J0RmllbGQoZW52LCBscE9iamVjdCwgVFlQRUFUVFJGYy5ndWlkX0RhdGEzLCAoanNob3J0KWxwU3RydWN0LT5ndWlkLkRhdGEzKTs=
528	BLOCK_OPEN	29315	29318	1	fb1d986d2c398c881b43ad226b7870f2d8e548bb8062bc71754504ffb98df145	Cgl7
529	STATEMENT	29318	29416	2	a1fa7c04b1a6f36aa9547661e5b62295089dca542964eddc241f4a76407f33d7	CglqYnl0ZUFycmF5IGxwT2JqZWN0MSA9IChqYnl0ZUFycmF5KSgqZW52KS0+R2V0T2JqZWN0RmllbGQoZW52LCBscE9iamVjdCwgVFlQRUFUVFJGYy5ndWlkX0RhdGE0KTs=
530	STATEMENT	29416	29525	2	ce0bdf0fa134adbb3ddc5ed10ac3446dec931a1451590bdd46d704f71cc83dab	CgkoKmVudiktPlNldEJ5dGVBcnJheVJlZ2lvbihlbnYsIGxwT2JqZWN0MSwgMCwgc2l6ZW9mKGxwU3RydWN0LT5ndWlkLkRhdGE0KSwgKGpieXRlICopbHBTdHJ1Y3QtPmd1aWQuRGF0YTQpOw==
531	FRAGMENT	29525	29527	2	e8822f532ae9349b2b5743c494efd216ed4e44f9ebc82a6b1cb54895a5b88433	Cgk=
532	BLOCK_CLOSE	29527	29528	1	d10b36aa74a59bcf4a88185837f658afaf3646eff2bb16c3928d0e9335e945d2	fQ==
533	STATEMENT	29528	29604	1	1e3c3fdc20659bc9e8021fb9ab624409513f92a76134e0ce1c4396143c8b6cd0	CgkoKmVudiktPlNldEludEZpZWxkKGVudiwgbHBPYmplY3QsIFRZUEVBVFRSRmMubGNpZCwgKGppbnQpbHBTdHJ1Y3QtPmxjaWQpOw==
534	STATEMENT	29604	29692	1	42e120d78477ec22e3db3bdc057a28ca9d39e9add15a340795ce1dbf8b701db7	CgkoKmVudiktPlNldEludEZpZWxkKGVudiwgbHBPYmplY3QsIFRZUEVBVFRSRmMuZHdSZXNlcnZlZCwgKGppbnQpbHBTdHJ1Y3QtPmR3UmVzZXJ2ZWQpOw==
535	STATEMENT	29692	29792	1	3d7cc6168e4820e2b1f56b711cb56f1a3d43f4a31c5fc023cf67b091de20d834	CgkoKmVudiktPlNldEludEZpZWxkKGVudiwgbHBPYmplY3QsIFRZUEVBVFRSRmMubWVtaWRDb25zdHJ1Y3RvciwgKGppbnQpbHBTdHJ1Y3QtPm1lbWlkQ29uc3RydWN0b3IpOw==
536	STATEMENT	29792	29890	1	e65239bbf2ec8af9c4e9c6a214344609affca21eec532f404b3af4247bff7558	CgkoKmVudiktPlNldEludEZpZWxkKGVudiwgbHBPYmplY3QsIFRZUEVBVFRSRmMubWVtaWREZXN0cnVjdG9yLCAoamludClscFN0cnVjdC0+bWVtaWREZXN0cnVjdG9yKTs=
537	STATEMENT	29890	29982	1	05afa175057bb147c40a2730aa01187e885185eaf5fb033e4e531e8722c39859	CgkoKmVudiktPlNldExvbmdGaWVsZChlbnYsIGxwT2JqZWN0LCBUWVBFQVRUUkZjLmxwc3RyU2NoZW1hLCAoamxvbmcpbHBTdHJ1Y3QtPmxwc3RyU2NoZW1hKTs=
538	STATEMENT	29982	30078	1	143c882eae4bef925ad5bbf5ce1cfbee26f5bf457cffb1e8e2c168f91083eca7	CgkoKmVudiktPlNldEludEZpZWxkKGVudiwgbHBPYmplY3QsIFRZUEVBVFRSRmMuY2JTaXplSW5zdGFuY2UsIChqaW50KWxwU3RydWN0LT5jYlNpemVJbnN0YW5jZSk7
539	STATEMENT	30078	30162	1	baefe0bbf6f345a7b4a33ff341a00cb2e0fc8fa6c4886502aaba2f57a56186ce	CgkoKmVudiktPlNldEludEZpZWxkKGVudiwgbHBPYmplY3QsIFRZUEVBVFRSRmMudHlwZWtpbmQsIChqaW50KWxwU3RydWN0LT50eXBla2luZCk7
540	STATEMENT	30162	30246	1	412d289207ebabf268665c69310d510479816b624d084e12f53bd4096ad403ec	CgkoKmVudiktPlNldFNob3J0RmllbGQoZW52LCBscE9iamVjdCwgVFlQRUFUVFJGYy5jRnVuY3MsIChqc2hvcnQpbHBTdHJ1Y3QtPmNGdW5jcyk7
541	STATEMENT	30246	30328	1	3c8f962640a651cc95e40b8eb6cd3f033a9ef3f943af891fd272d44dc857fb0a	CgkoKmVudiktPlNldFNob3J0RmllbGQoZW52LCBscE9iamVjdCwgVFlQRUFUVFJGYy5jVmFycywgKGpzaG9ydClscFN0cnVjdC0+Y1ZhcnMpOw==
542	STATEMENT	30328	30420	1	51fb7114ac99311f7778896569b0460989170136c7a5fc255ff713b9ae36f7d9	CgkoKmVudiktPlNldFNob3J0RmllbGQoZW52LCBscE9iamVjdCwgVFlQRUFUVFJGYy5jSW1wbFR5cGVzLCAoanNob3J0KWxwU3RydWN0LT5jSW1wbFR5cGVzKTs=
543	STATEMENT	30420	30510	1	a6c46e584b724d98027ff5536bb151da17c9a3a8ad126b3dfb99992360e465dc	CgkoKmVudiktPlNldFNob3J0RmllbGQoZW52LCBscE9iamVjdCwgVFlQRUFUVFJGYy5jYlNpemVWZnQsIChqc2hvcnQpbHBTdHJ1Y3QtPmNiU2l6ZVZmdCk7
544	STATEMENT	30510	30604	1	90afc0a54cbb4c0330a580dd3264277b85927521cfc8dd79bb756d47ba22008e	CgkoKmVudiktPlNldFNob3J0RmllbGQoZW52LCBscE9iamVjdCwgVFlQRUFUVFJGYy5jYkFsaWdubWVudCwgKGpzaG9ydClscFN0cnVjdC0+Y2JBbGlnbm1lbnQpOw==
545	STATEMENT	30604	30696	1	799a8b600cd185e0c47025a9ad4b88094eb92b3d1380c1ab7079b9284aecb52a	CgkoKmVudiktPlNldFNob3J0RmllbGQoZW52LCBscE9iamVjdCwgVFlQRUFUVFJGYy53VHlwZUZsYWdzLCAoanNob3J0KWxwU3RydWN0LT53VHlwZUZsYWdzKTs=
546	STATEMENT	30696	30792	1	ffcbf32fd304710de28a9f29ec363613f0135e68935c6f1785d6a38751075641	CgkoKmVudiktPlNldFNob3J0RmllbGQoZW52LCBscE9iamVjdCwgVFlQRUFUVFJGYy53TWFqb3JWZXJOdW0sIChqc2hvcnQpbHBTdHJ1Y3QtPndNYWpvclZlck51bSk7
547	STATEMENT	30792	30888	1	8fbb6929a48deddb891880eeb2227bc79f8b1f76ee03835cccd07e5161959430	CgkoKmVudiktPlNldFNob3J0RmllbGQoZW52LCBscE9iamVjdCwgVFlQRUFUVFJGYy53TWlub3JWZXJOdW0sIChqc2hvcnQpbHBTdHJ1Y3QtPndNaW5vclZlck51bSk7
548	STATEMENT	30888	30997	1	74c70c3859f3bfb4636f746caf8ab5f544c2631086f0344e509cce453e0888b5	CgkoKmVudiktPlNldExvbmdGaWVsZChlbnYsIGxwT2JqZWN0LCBUWVBFQVRUUkZjLnRkZXNjQWxpYXNfdW5pb25GaWVsZCwgKGpsb25nKWxwU3RydWN0LT50ZGVzY0FsaWFzLmxwdGRlc2MpOw==
549	STATEMENT	30997	31095	1	0880589a847f3516210b9515b05eb41ae8ef67355252848817f5ffb7396bf394	CgkoKmVudiktPlNldFNob3J0RmllbGQoZW52LCBscE9iamVjdCwgVFlQRUFUVFJGYy50ZGVzY0FsaWFzX3Z0LCAoanNob3J0KWxwU3RydWN0LT50ZGVzY0FsaWFzLnZ0KTs=
550	STATEMENT	31095	31207	1	697fba2f5875fadbb157609df5fd41b2a566675f9e014cbc082310a57f34686d	CgkoKmVudiktPlNldEludEZpZWxkKGVudiwgbHBPYmplY3QsIFRZUEVBVFRSRmMuaWRsZGVzY1R5cGVfZHdSZXNlcnZlZCwgKGppbnQpbHBTdHJ1Y3QtPmlkbGRlc2NUeXBlLmR3UmVzZXJ2ZWQpOw==
551	STATEMENT	31207	31321	1	5309664a90d8b4109c4872432bafbb492df5b8cc647ad77f46a2e9324f31f9b9	CgkoKmVudiktPlNldFNob3J0RmllbGQoZW52LCBscE9iamVjdCwgVFlQRUFUVFJGYy5pZGxkZXNjVHlwZV93SURMRmxhZ3MsIChqc2hvcnQpbHBTdHJ1Y3QtPmlkbGRlc2NUeXBlLndJRExGbGFncyk7
552	FRAGMENT	31321	31322	1	01ba4719c80b6fe911b091a7c05124b64eeece964e09c058ef8f9805daca546b	Cg==
553	BLOCK_CLOSE	31322	31323	0	d10b36aa74a59bcf4a88185837f658afaf3646eff2bb16c3928d0e9335e945d2	fQ==
554	PREPROCESSOR	31323	31331	0	626de321eb397f6600939892a0009f31bc378f7e886f9acc5ec0af18db6a99a7	CiNlbmRpZgo=
555	PREPROCESSOR	31331	31351	0	08e46084515b13fc8e4e7209254f22ae6ffbb27c4db5fe82d6b8ae16f35c362b	CiNpZm5kZWYgTk9fVkFSREVTQwo=
556	BLOCK_OPEN	31351	31385	0	03d2509f1f9948907dadb94c44b3f443459cee4f57fb9d1de17f0b909897c33b	dHlwZWRlZiBzdHJ1Y3QgVkFSREVTQ19GSURfQ0FDSEUgew==
557	STATEMENT	31385	31398	1	dc6afef5cbc289f32babef7effcc87da09f51223bb7aadcf0c0e04f5c6c05dbc	CglpbnQgY2FjaGVkOw==
558	STATEMENT	31398	31413	1	7d537ce59642f2e847cc26e17bf015210ce7e79ca63aab7178c4423a3e813b9d	CglqY2xhc3MgY2xheno7
559	STATEMENT	31413	31588	1	e7e98e1414ca69606a2c986f2d1285303061ef9b9f49f53ff5405b53cb8481d2	CglqZmllbGRJRCBtZW1pZCwgbHBzdHJTY2hlbWEsIG9JbnN0LCBlbGVtZGVzY1Zhcl90ZGVzY191bmlvbiwgZWxlbWRlc2NWYXJfdGRlc2NfdnQsIGVsZW1kZXNjVmFyX3BhcmFtZGVzY19wcGFyYW1kZXNjZXgsIGVsZW1kZXNjVmFyX3BhcmFtZGVzY193UGFyYW1GbGFncywgd1ZhckZsYWdzLCB2YXJraW5kOw==
560	FRAGMENT	31588	31589	1	01ba4719c80b6fe911b091a7c05124b64eeece964e09c058ef8f9805daca546b	Cg==
561	BLOCK_CLOSE	31589	31590	0	d10b36aa74a59bcf4a88185837f658afaf3646eff2bb16c3928d0e9335e945d2	fQ==
562	STATEMENT	31590	31609	0	46749cc8716fa5de4b23507f34c0bd22fe64e5067e9a4d38dee54033657eac0c	IFZBUkRFU0NfRklEX0NBQ0hFOw==
563	STATEMENT	31609	31639	0	8561c79cfd4ba8c2085b0ed79cdd3464a93334dd7ddaef0fadedf80e71ed5281	CgpWQVJERVNDX0ZJRF9DQUNIRSBWQVJERVNDRmM7
564	FUNCTION_OPEN	31639	31697	0	4aecc9d8d1efd96f3bb6cef6db2d7400daebe712599db229d993b05e84c19394	Cgp2b2lkIGNhY2hlVkFSREVTQ0ZpZWxkcyhKTklFbnYgKmVudiwgam9iamVjdCBscE9iamVjdCkKew==
565	STATEMENT	31697	31728	1	7b3e1194ac4fd32d5cd92740c456b27c2541cc6a3e45a0ecc4f1c44a0fcf792d	CglpZiAoVkFSREVTQ0ZjLmNhY2hlZCkgcmV0dXJuOw==
566	STATEMENT	31728	31786	1	87ec462584ad52bf091c277bad71c475ebb59a3aa4eedbbeee53509b7de53b0f	CglWQVJERVNDRmMuY2xhenogPSAoKmVudiktPkdldE9iamVjdENsYXNzKGVudiwgbHBPYmplY3QpOw==
567	STATEMENT	31786	31861	1	50b063f9d60093ad66b27a5eb161dd706208f5d0a47784c375b20cb86cbf57fe	CglWQVJERVNDRmMubWVtaWQgPSAoKmVudiktPkdldEZpZWxkSUQoZW52LCBWQVJERVNDRmMuY2xhenosICJtZW1pZCIsICJJIik7
568	STATEMENT	31861	31948	1	a1f8b35be029bed130e8dcd9872d2ff79103249d6c71bdfe555b251239a17852	CglWQVJERVNDRmMubHBzdHJTY2hlbWEgPSAoKmVudiktPkdldEZpZWxkSUQoZW52LCBWQVJERVNDRmMuY2xhenosICJscHN0clNjaGVtYSIsICJKIik7
569	STATEMENT	31948	32023	1	03a1eed75200a6b3f79987726d064fdba1dac2bd6b498713e13c40e59ed96663	CglWQVJERVNDRmMub0luc3QgPSAoKmVudiktPkdldEZpZWxkSUQoZW52LCBWQVJERVNDRmMuY2xhenosICJvSW5zdCIsICJJIik7
570	STATEMENT	32023	32134	1	a83d09956af1ca83abca5fa8bef7fdd597024a493458b0154c42619022c37b04	CglWQVJERVNDRmMuZWxlbWRlc2NWYXJfdGRlc2NfdW5pb24gPSAoKmVudiktPkdldEZpZWxkSUQoZW52LCBWQVJERVNDRmMuY2xhenosICJlbGVtZGVzY1Zhcl90ZGVzY191bmlvbiIsICJKIik7
571	STATEMENT	32134	32239	1	9143c17c1574039f52106412bff033ad63845c61352127b0f50589429d66bd49	CglWQVJERVNDRmMuZWxlbWRlc2NWYXJfdGRlc2NfdnQgPSAoKmVudiktPkdldEZpZWxkSUQoZW52LCBWQVJERVNDRmMuY2xhenosICJlbGVtZGVzY1Zhcl90ZGVzY192dCIsICJTIik7
572	STATEMENT	32239	32372	1	080cea38510b65fc27e4e1680921d0c8b502533ab21ed012d573b6cbe57110d9	CglWQVJERVNDRmMuZWxlbWRlc2NWYXJfcGFyYW1kZXNjX3BwYXJhbWRlc2NleCA9ICgqZW52KS0+R2V0RmllbGRJRChlbnYsIFZBUkRFU0NGYy5jbGF6eiwgImVsZW1kZXNjVmFyX3BhcmFtZGVzY19wcGFyYW1kZXNjZXgiLCAiSiIpOw==
573	STATEMENT	32372	32503	1	499dfe8a14487c46834ca70e11595fde0dde213a5b12cfca86bec9932885d8ec	CglWQVJERVNDRmMuZWxlbWRlc2NWYXJfcGFyYW1kZXNjX3dQYXJhbUZsYWdzID0gKCplbnYpLT5HZXRGaWVsZElEKGVudiwgVkFSREVTQ0ZjLmNsYXp6LCAiZWxlbWRlc2NWYXJfcGFyYW1kZXNjX3dQYXJhbUZsYWdzIiwgIlMiKTs=
574	STATEMENT	32503	32586	1	11506176c60e2211ed584e15a36c5951ed0ba259b87c620c10f2a405877bfc19	CglWQVJERVNDRmMud1ZhckZsYWdzID0gKCplbnYpLT5HZXRGaWVsZElEKGVudiwgVkFSREVTQ0ZjLmNsYXp6LCAid1ZhckZsYWdzIiwgIlMiKTs=
575	STATEMENT	32586	32665	1	90dba382f2afecd4e313866e7aff389db016c45ade095f2233f08f38ab4312bb	CglWQVJERVNDRmMudmFya2luZCA9ICgqZW52KS0+R2V0RmllbGRJRChlbnYsIFZBUkRFU0NGYy5jbGF6eiwgInZhcmtpbmQiLCAiSSIpOw==
576	STATEMENT	32665	32688	1	a80ffdc6e5d2e32ebecd8468fb712feda37c33379d8a6233b043b18fafa934d5	CglWQVJERVNDRmMuY2FjaGVkID0gMTs=
577	FRAGMENT	32688	32689	1	01ba4719c80b6fe911b091a7c05124b64eeece964e09c058ef8f9805daca546b	Cg==
578	BLOCK_CLOSE	32689	32690	0	d10b36aa74a59bcf4a88185837f658afaf3646eff2bb16c3928d0e9335e945d2	fQ==
579	FUNCTION_OPEN	32690	32769	0	b531f63efc5c85c82b26564708af8fdfca5ed1c58b7ab71a55da9b085be085c1	CgpWQVJERVNDICpnZXRWQVJERVNDRmllbGRzKEpOSUVudiAqZW52LCBqb2JqZWN0IGxwT2JqZWN0LCBWQVJERVNDICpscFN0cnVjdCkKew==
580	STATEMENT	32769	32828	1	6571ebc1926fd5d93f90684ca6cb8840e79639171d0b51b54ca643f6e74ced32	CglpZiAoIVZBUkRFU0NGYy5jYWNoZWQpIGNhY2hlVkFSREVTQ0ZpZWxkcyhlbnYsIGxwT2JqZWN0KTs=
581	STATEMENT	32828	32900	1	cd8914a444b565a511bc74478c83b483e8720d74299f24f2e07016f1d0657f7a	CglscFN0cnVjdC0+bWVtaWQgPSAoKmVudiktPkdldEludEZpZWxkKGVudiwgbHBPYmplY3QsIFZBUkRFU0NGYy5tZW1pZCk7
582	STATEMENT	32900	33000	1	aa25b26203bc736ea67a959de4e3bc513fddd0b34f46392ccfeb9cd8e5aa13f2	CglscFN0cnVjdC0+bHBzdHJTY2hlbWEgPSAoT0xFQ0hBUiBGQVIgKikoKmVudiktPkdldExvbmdGaWVsZChlbnYsIGxwT2JqZWN0LCBWQVJERVNDRmMubHBzdHJTY2hlbWEpOw==
583	STATEMENT	33000	33072	1	8b0a20051f9d92e578a516542e309d4399659195f2fe546f96d0e7b230169566	CglscFN0cnVjdC0+b0luc3QgPSAoKmVudiktPkdldEludEZpZWxkKGVudiwgbHBPYmplY3QsIFZBUkRFU0NGYy5vSW5zdCk7
584	STATEMENT	33072	33219	1	38106ed6b78a43b36d04d699e39e0417f10b1fc0e892838f81c8900556804fa1	CglscFN0cnVjdC0+ZWxlbWRlc2NWYXIudGRlc2MubHB0ZGVzYyA9IChzdHJ1Y3QgRkFSU1RSVUNUIHRhZ1RZUEVERVNDIEZBUiAqKSgqZW52KS0+R2V0TG9uZ0ZpZWxkKGVudiwgbHBPYmplY3QsIFZBUkRFU0NGYy5lbGVtZGVzY1Zhcl90ZGVzY191bmlvbik7
585	STATEMENT	33219	33323	1	f90f385dfc56b6a1ba7b7a60e290d3278443eb7bbffdb4aaf32d0bb71cdbed29	CglscFN0cnVjdC0+ZWxlbWRlc2NWYXIudGRlc2MudnQgPSAoKmVudiktPkdldFNob3J0RmllbGQoZW52LCBscE9iamVjdCwgVkFSREVTQ0ZjLmVsZW1kZXNjVmFyX3RkZXNjX3Z0KTs=
586	STATEMENT	33323	33469	1	49204c873f88fbabd59e830030f099c1f4a502e0e61212ed593b06cbc75965a0	CglscFN0cnVjdC0+ZWxlbWRlc2NWYXIucGFyYW1kZXNjLnBwYXJhbWRlc2NleCA9IChMUFBBUkFNREVTQ0VYKSgqZW52KS0+R2V0TG9uZ0ZpZWxkKGVudiwgbHBPYmplY3QsIFZBUkRFU0NGYy5lbGVtZGVzY1Zhcl9wYXJhbWRlc2NfcHBhcmFtZGVzY2V4KTs=
587	STATEMENT	33469	33599	1	1409f238523c14aebc12219f20494bbc902c7b354dc93d46042d3daee57fa992	CglscFN0cnVjdC0+ZWxlbWRlc2NWYXIucGFyYW1kZXNjLndQYXJhbUZsYWdzID0gKCplbnYpLT5HZXRTaG9ydEZpZWxkKGVudiwgbHBPYmplY3QsIFZBUkRFU0NGYy5lbGVtZGVzY1Zhcl9wYXJhbWRlc2Nfd1BhcmFtRmxhZ3MpOw==
588	STATEMENT	33599	33681	1	b566799a2669df41ef1acb93e7d514ec6509f4341a54dabb2723bc7a0b718ac8	CglscFN0cnVjdC0+d1ZhckZsYWdzID0gKCplbnYpLT5HZXRTaG9ydEZpZWxkKGVudiwgbHBPYmplY3QsIFZBUkRFU0NGYy53VmFyRmxhZ3MpOw==
589	STATEMENT	33681	33757	1	e8bf9685719b7416eefedac661b59396fc03cde99c0bc4d00eabc93f99c88752	CglscFN0cnVjdC0+dmFya2luZCA9ICgqZW52KS0+R2V0SW50RmllbGQoZW52LCBscE9iamVjdCwgVkFSREVTQ0ZjLnZhcmtpbmQpOw==
590	STATEMENT	33757	33775	1	13df0ce3402b6e6431ec66fc14b416a3f3530341bc33a335f4c883fd4ac8b3ed	CglyZXR1cm4gbHBTdHJ1Y3Q7
591	FRAGMENT	33775	33776	1	01ba4719c80b6fe911b091a7c05124b64eeece964e09c058ef8f9805daca546b	Cg==
592	BLOCK_CLOSE	33776	33777	0	d10b36aa74a59bcf4a88185837f658afaf3646eff2bb16c3928d0e9335e945d2	fQ==
593	FUNCTION_OPEN	33777	33852	0	20a3eb5ce5a9ad6deb71b261bc325d71ce080e892988720f822f90b8c1e2f918	Cgp2b2lkIHNldFZBUkRFU0NGaWVsZHMoSk5JRW52ICplbnYsIGpvYmplY3QgbHBPYmplY3QsIFZBUkRFU0MgKmxwU3RydWN0KQp7
594	STATEMENT	33852	33911	1	6571ebc1926fd5d93f90684ca6cb8840e79639171d0b51b54ca643f6e74ced32	CglpZiAoIVZBUkRFU0NGYy5jYWNoZWQpIGNhY2hlVkFSREVTQ0ZpZWxkcyhlbnYsIGxwT2JqZWN0KTs=
595	STATEMENT	33911	33988	1	5bf7ef01b166d49354a4cd368766373c8973c714acccfcbbd5fd66f4140c559c	CgkoKmVudiktPlNldEludEZpZWxkKGVudiwgbHBPYmplY3QsIFZBUkRFU0NGYy5tZW1pZCwgKGppbnQpbHBTdHJ1Y3QtPm1lbWlkKTs=
596	STATEMENT	33988	34079	1	0962111826b3968cd1f12af8c4f99267f30196215e6e322cd5311557e249819e	CgkoKmVudiktPlNldExvbmdGaWVsZChlbnYsIGxwT2JqZWN0LCBWQVJERVNDRmMubHBzdHJTY2hlbWEsIChqbG9uZylscFN0cnVjdC0+bHBzdHJTY2hlbWEpOw==
597	STATEMENT	34079	34156	1	ba6dae300a6b18cc55a481c8b1f345db971ad345878212b15b6ea601c2493871	CgkoKmVudiktPlNldEludEZpZWxkKGVudiwgbHBPYmplY3QsIFZBUkRFU0NGYy5vSW5zdCwgKGppbnQpbHBTdHJ1Y3QtPm9JbnN0KTs=
598	STATEMENT	34156	34273	1	5881aa6be3c95d72cceb0191467f0daaee5366ca1e1a3bdf7f22773d4061e833	CgkoKmVudiktPlNldExvbmdGaWVsZChlbnYsIGxwT2JqZWN0LCBWQVJERVNDRmMuZWxlbWRlc2NWYXJfdGRlc2NfdW5pb24sIChqbG9uZylscFN0cnVjdC0+ZWxlbWRlc2NWYXIudGRlc2MubHB0ZGVzYyk7
599	STATEMENT	34273	34384	1	5b9e645a45845089eed9efe67c1ccb90939737c5a72f985c333e7014a86d437f	CgkoKmVudiktPlNldFNob3J0RmllbGQoZW52LCBscE9iamVjdCwgVkFSREVTQ0ZjLmVsZW1kZXNjVmFyX3RkZXNjX3Z0LCAoanNob3J0KWxwU3RydWN0LT5lbGVtZGVzY1Zhci50ZGVzYy52dCk7
600	STATEMENT	34384	34521	1	5f8bcd0a9890c24100215d0cd46a819fe9cc941292fc4994401d884f965324f5	CgkoKmVudiktPlNldExvbmdGaWVsZChlbnYsIGxwT2JqZWN0LCBWQVJERVNDRmMuZWxlbWRlc2NWYXJfcGFyYW1kZXNjX3BwYXJhbWRlc2NleCwgKGpsb25nKWxwU3RydWN0LT5lbGVtZGVzY1Zhci5wYXJhbWRlc2MucHBhcmFtZGVzY2V4KTs=
601	STATEMENT	34521	34658	1	9577e2055299bdb1e72ea00dc804e2572afd040737b97067308b354958f1ae31	CgkoKmVudiktPlNldFNob3J0RmllbGQoZW52LCBscE9iamVjdCwgVkFSREVTQ0ZjLmVsZW1kZXNjVmFyX3BhcmFtZGVzY193UGFyYW1GbGFncywgKGpzaG9ydClscFN0cnVjdC0+ZWxlbWRlc2NWYXIucGFyYW1kZXNjLndQYXJhbUZsYWdzKTs=
602	STATEMENT	34658	34747	1	a8fe127eef0bf104fc0bb12860c9b8e9fda976e7af602040187cb52e93551e1a	CgkoKmVudiktPlNldFNob3J0RmllbGQoZW52LCBscE9iamVjdCwgVkFSREVTQ0ZjLndWYXJGbGFncywgKGpzaG9ydClscFN0cnVjdC0+d1ZhckZsYWdzKTs=
603	STATEMENT	34747	34828	1	d1176035faca168e430d2730dcfeddddb35bacf2d2350e7b4b72494dc2e45db6	CgkoKmVudiktPlNldEludEZpZWxkKGVudiwgbHBPYmplY3QsIFZBUkRFU0NGYy52YXJraW5kLCAoamludClscFN0cnVjdC0+dmFya2luZCk7
604	FRAGMENT	34828	34829	1	01ba4719c80b6fe911b091a7c05124b64eeece964e09c058ef8f9805daca546b	Cg==
605	BLOCK_CLOSE	34829	34830	0	d10b36aa74a59bcf4a88185837f658afaf3646eff2bb16c3928d0e9335e945d2	fQ==
606	PREPROCESSOR	34830	34838	0	626de321eb397f6600939892a0009f31bc378f7e886f9acc5ec0af18db6a99a7	CiNlbmRpZgo=
607	PREPROCESSOR	34838	34858	0	acc6eaaae47645ef0baebb6ca7885e8dd8d939085ab30babd7892d3d2bb66609	CiNpZm5kZWYgTk9fVkFSSUFOVAo=
608	BLOCK_OPEN	34858	34892	0	2929bfe1247f633b900fadd9018d52ff2bdf2cb19cea7a35c52213f561b4ec45	dHlwZWRlZiBzdHJ1Y3QgVkFSSUFOVF9GSURfQ0FDSEUgew==
609	STATEMENT	34892	34905	1	dc6afef5cbc289f32babef7effcc87da09f51223bb7aadcf0c0e04f5c6c05dbc	CglpbnQgY2FjaGVkOw==
610	STATEMENT	34905	34920	1	7d537ce59642f2e847cc26e17bf015210ce7e79ca63aab7178c4423a3e813b9d	CglqY2xhc3MgY2xheno7
611	STATEMENT	34920	34976	1	307074a2d7c09f280cf0e77c5a54da88e0431c949e54cea65db75090e4bc4077	CglqZmllbGRJRCB2dCwgd1Jlc2VydmVkMSwgd1Jlc2VydmVkMiwgd1Jlc2VydmVkMywgbFZhbDs=
612	FRAGMENT	34976	34977	1	01ba4719c80b6fe911b091a7c05124b64eeece964e09c058ef8f9805daca546b	Cg==
613	BLOCK_CLOSE	34977	34978	0	d10b36aa74a59bcf4a88185837f658afaf3646eff2bb16c3928d0e9335e945d2	fQ==
614	STATEMENT	34978	34997	0	4a091281530a44e918fa2363d560e541e9091d51494733c1d8bd661daaef8c79	IFZBUklBTlRfRklEX0NBQ0hFOw==
615	STATEMENT	34997	35027	0	bf0ff1c2606c2898cd5064e164a7522a2643a1eca156ff39c8d9c08d076d7f44	CgpWQVJJQU5UX0ZJRF9DQUNIRSBWQVJJQU5URmM7
616	FUNCTION_OPEN	35027	35085	0	a1f66a7026df53b62be9fcd9504d5da86f6e04fcc5ffa162bcca17016094728e	Cgp2b2lkIGNhY2hlVkFSSUFOVEZpZWxkcyhKTklFbnYgKmVudiwgam9iamVjdCBscE9iamVjdCkKew==
617	STATEMENT	35085	35116	1	fcd9641fb9a92878eeeadc54add3f384d4a6b1bc2fc4884767c662114c9477c1	CglpZiAoVkFSSUFOVEZjLmNhY2hlZCkgcmV0dXJuOw==
618	STATEMENT	35116	35174	1	d5426702c1e983d9ed2f0e3ce2cde03c3bc1445ce9c871e33777e7a18f3f449e	CglWQVJJQU5URmMuY2xhenogPSAoKmVudiktPkdldE9iamVjdENsYXNzKGVudiwgbHBPYmplY3QpOw==
619	STATEMENT	35174	35243	1	94ecd1ed307fc67b5ce69483c550cf8c4504bbbc39a569d2f3084328e3fb2002	CglWQVJJQU5URmMudnQgPSAoKmVudiktPkdldEZpZWxkSUQoZW52LCBWQVJJQU5URmMuY2xhenosICJ2dCIsICJTIik7
620	STATEMENT	35243	35328	1	18c96403f591fe4681e4f6c7a3c193c87a23e208a87b04a70fe03ae9cbff72db	CglWQVJJQU5URmMud1Jlc2VydmVkMSA9ICgqZW52KS0+R2V0RmllbGRJRChlbnYsIFZBUklBTlRGYy5jbGF6eiwgIndSZXNlcnZlZDEiLCAiUyIpOw==
621	STATEMENT	35328	35413	1	649d297061c16b1071cfaccc6d48d0efee03291c7994835691ff7c4cb712a3a4	CglWQVJJQU5URmMud1Jlc2VydmVkMiA9ICgqZW52KS0+R2V0RmllbGRJRChlbnYsIFZBUklBTlRGYy5jbGF6eiwgIndSZXNlcnZlZDIiLCAiUyIpOw==
622	STATEMENT	35413	35498	1	783f04de1ffc1f3eaf90fe14ca9d913671c5216a442e06152922f047432e6213	CglWQVJJQU5URmMud1Jlc2VydmVkMyA9ICgqZW52KS0+R2V0RmllbGRJRChlbnYsIFZBUklBTlRGYy5jbGF6eiwgIndSZXNlcnZlZDMiLCAiUyIpOw==
623	STATEMENT	35498	35571	1	f12399e0feee73acbb19f21464fb184093875ff5226425b70ff25bfed0a6880d	CglWQVJJQU5URmMubFZhbCA9ICgqZW52KS0+R2V0RmllbGRJRChlbnYsIFZBUklBTlRGYy5jbGF6eiwgImxWYWwiLCAiSSIpOw==
624	STATEMENT	35571	35594	1	65e959127b975da99232b4ea4ba948d30cd60acbd0dfcaf8373c0112ddf2d813	CglWQVJJQU5URmMuY2FjaGVkID0gMTs=
625	FRAGMENT	35594	35595	1	01ba4719c80b6fe911b091a7c05124b64eeece964e09c058ef8f9805daca546b	Cg==
626	BLOCK_CLOSE	35595	35596	0	d10b36aa74a59bcf4a88185837f658afaf3646eff2bb16c3928d0e9335e945d2	fQ==
627	FUNCTION_OPEN	35596	35675	0	0980006263ea312a02f8fb99568d495a482b04df4afa863290d92204945e900c	CgpWQVJJQU5UICpnZXRWQVJJQU5URmllbGRzKEpOSUVudiAqZW52LCBqb2JqZWN0IGxwT2JqZWN0LCBWQVJJQU5UICpscFN0cnVjdCkKew==
628	STATEMENT	35675	35734	1	237372142aa729a00b6e94a9df183db99fb2c892a12d3c7ead1c3087fcbe0d65	CglpZiAoIVZBUklBTlRGYy5jYWNoZWQpIGNhY2hlVkFSSUFOVEZpZWxkcyhlbnYsIGxwT2JqZWN0KTs=
629	STATEMENT	35734	35802	1	8472771ab5ab9c7d47fa8063169a05e8e2398aa0e46f5fb4b34bbac858ba6927	CglscFN0cnVjdC0+dnQgPSAoKmVudiktPkdldFNob3J0RmllbGQoZW52LCBscE9iamVjdCwgVkFSSUFOVEZjLnZ0KTs=
630	STATEMENT	35802	35886	1	9eabd077d219cd7e758da70f7361640817c3ce9f9a02b3f332512cf02fae67fb	CglscFN0cnVjdC0+d1Jlc2VydmVkMSA9ICgqZW52KS0+R2V0U2hvcnRGaWVsZChlbnYsIGxwT2JqZWN0LCBWQVJJQU5URmMud1Jlc2VydmVkMSk7
631	STATEMENT	35886	35970	1	d4fd2e1ea4f36227ffce299c01d9c9c00203cfe5ac3ff588f996d34bc38017c1	CglscFN0cnVjdC0+d1Jlc2VydmVkMiA9ICgqZW52KS0+R2V0U2hvcnRGaWVsZChlbnYsIGxwT2JqZWN0LCBWQVJJQU5URmMud1Jlc2VydmVkMik7
632	STATEMENT	35970	36054	1	d963dafb22d1ab09c0886c94c51be7f1e07ba6bfcfeaa515b210c96902a2c881	CglscFN0cnVjdC0+d1Jlc2VydmVkMyA9ICgqZW52KS0+R2V0U2hvcnRGaWVsZChlbnYsIGxwT2JqZWN0LCBWQVJJQU5URmMud1Jlc2VydmVkMyk7
633	STATEMENT	36054	36124	1	82512ce85aa0f0e5a8639c4c7c160f4184b7fdf5f46c4c7b870c5782b0634f00	CglscFN0cnVjdC0+bFZhbCA9ICgqZW52KS0+R2V0SW50RmllbGQoZW52LCBscE9iamVjdCwgVkFSSUFOVEZjLmxWYWwpOw==
634	STATEMENT	36124	36142	1	13df0ce3402b6e6431ec66fc14b416a3f3530341bc33a335f4c883fd4ac8b3ed	CglyZXR1cm4gbHBTdHJ1Y3Q7
635	FRAGMENT	36142	36143	1	01ba4719c80b6fe911b091a7c05124b64eeece964e09c058ef8f9805daca546b	Cg==
636	BLOCK_CLOSE	36143	36144	0	d10b36aa74a59bcf4a88185837f658afaf3646eff2bb16c3928d0e9335e945d2	fQ==
637	FUNCTION_OPEN	36144	36219	0	ce9ab7b615d387c4103986fa09e87f2553cbd31a3746c88bd82ebf414d5a3bd9	Cgp2b2lkIHNldFZBUklBTlRGaWVsZHMoSk5JRW52ICplbnYsIGpvYmplY3QgbHBPYmplY3QsIFZBUklBTlQgKmxwU3RydWN0KQp7
638	STATEMENT	36219	36278	1	237372142aa729a00b6e94a9df183db99fb2c892a12d3c7ead1c3087fcbe0d65	CglpZiAoIVZBUklBTlRGYy5jYWNoZWQpIGNhY2hlVkFSSUFOVEZpZWxkcyhlbnYsIGxwT2JqZWN0KTs=
639	STATEMENT	36278	36353	1	547aebd3ac05ebad15e04159da14cbbfeac61a7ece0c77aeef8d56e994676523	CgkoKmVudiktPlNldFNob3J0RmllbGQoZW52LCBscE9iamVjdCwgVkFSSUFOVEZjLnZ0LCAoanNob3J0KWxwU3RydWN0LT52dCk7
640	STATEMENT	36353	36444	1	17fcb1bece3b476d879ab75f4ee2a2b594be5197ab267a40f42a29592d137833	CgkoKmVudiktPlNldFNob3J0RmllbGQoZW52LCBscE9iamVjdCwgVkFSSUFOVEZjLndSZXNlcnZlZDEsIChqc2hvcnQpbHBTdHJ1Y3QtPndSZXNlcnZlZDEpOw==
641	STATEMENT	36444	36535	1	6d595fc1624ff5f1a134a2b110d817cc22e0c9e172b9e9db82f5044bd2c94a9d	CgkoKmVudiktPlNldFNob3J0RmllbGQoZW52LCBscE9iamVjdCwgVkFSSUFOVEZjLndSZXNlcnZlZDIsIChqc2hvcnQpbHBTdHJ1Y3QtPndSZXNlcnZlZDIpOw==
642	STATEMENT	36535	36626	1	2de92b36e3a0c7dd79375f6ffc1c22dbf3b8185f360681c92e8b83d636c9e599	CgkoKmVudiktPlNldFNob3J0RmllbGQoZW52LCBscE9iamVjdCwgVkFSSUFOVEZjLndSZXNlcnZlZDMsIChqc2hvcnQpbHBTdHJ1Y3QtPndSZXNlcnZlZDMpOw==
643	STATEMENT	36626	36701	1	c1e83c169fd13a79d5a6c2fdbd55462f05c9c962b8d491d095dd558fa9d0d139	CgkoKmVudiktPlNldEludEZpZWxkKGVudiwgbHBPYmplY3QsIFZBUklBTlRGYy5sVmFsLCAoamludClscFN0cnVjdC0+bFZhbCk7
644	FRAGMENT	36701	36702	1	01ba4719c80b6fe911b091a7c05124b64eeece964e09c058ef8f9805daca546b	Cg==
645	BLOCK_CLOSE	36702	36703	0	d10b36aa74a59bcf4a88185837f658afaf3646eff2bb16c3928d0e9335e945d2	fQ==
646	PREPROCESSOR	36703	36711	0	626de321eb397f6600939892a0009f31bc378f7e886f9acc5ec0af18db6a99a7	CiNlbmRpZgo=
647	TRAILING	36711	36712	0	01ba4719c80b6fe911b091a7c05124b64eeece964e09c058ef8f9805daca546b	Cg==
