ordinal	kind	start	end	depth	sha256	payload-base64
0	PREPROCESSOR	0	711	0	3dfbd91ef61189c004a3dd4e78c8813c039659c4e75c94cd8fadb4c4c720a056	LyoqKioqKioqKioqKioqKioqKioqKioqKioqKioqKioqKioqKioqKioqKioqKioqKioqKioqKioqKioqKioqKioqKioqKioqKioqKioqKioKICogQ29weXJpZ2h0IChjKSAyMDAwLCAyMDIyIElCTSBDb3Jwb3JhdGlvbiBhbmQgb3RoZXJzLgogKgogKiBUaGlzIHByb2dyYW0gYW5kIHRoZSBhY2NvbXBhbnlpbmcgbWF0ZXJpYWxzCiAqIGFyZSBtYWRlIGF2YWlsYWJsZSB1bmRlciB0aGUgdGVybXMgb2YgdGhlIEVjbGlwc2UgUHVibGljIExpY2Vuc2UgMi4wCiAqIHdoaWNoIGFjY29tcGFuaWVzIHRoaXMgZGlzdHJpYnV0aW9uLCBhbmQgaXMgYXZhaWxhYmxlIGF0CiAqIGh0dHBzOi8vd3d3LmVjbGlwc2Uub3JnL2xlZ2FsL2VwbC0yLjAvCiAqCiAqIFNQRFgtTGljZW5zZS1JZGVudGlmaWVyOiBFUEwtMi4wCiAqCiAqIENvbnRyaWJ1dG9yczoKICogICAgSUJNIENvcnBvcmF0aW9uIC0gaW5pdGlhbCBBUEkgYW5kIGltcGxlbWVudGF0aW9uCiAqKioqKioqKioqKioqKioqKioqKioqKioqKioqKioqKioqKioqKioqKioqKioqKioqKioqKioqKioqKioqKioqKioqKioqKioqKioqKioqLwoKLyogTm90ZTogVGhpcyBmaWxlIHdhcyBhdXRvLWdlbmVyYXRlZCBieSBvcmcuZWNsaXBzZS5zd3QudG9vbHMuaW50ZXJuYWwuSk5JR2VuZXJhdG9yICovCi8qIERPIE5PVCBFRElUIC0geW91ciBjaGFuZ2VzIHdpbGwgYmUgbG9zdC4gKi8KCiNpbmNsdWRlICJzd3QuaCIK
1	PREPROCESSOR	711	737	0	5a9ba31ab6480ab759f64f7a9339681bcdbe7f01e9405ff4150c08e28d9a47db	I2luY2x1ZGUgImdkaXBfc3RydWN0cy5oIgo=
2	PREPROCESSOR	737	761	0	691430bf788feb3587af637a17e27aed80e9681e6b866ab50afbb3b301a284a5	I2luY2x1ZGUgImdkaXBfc3RhdHMuaCIK
3	PREPROCESSOR	761	782	0	e4e5c354b735a360b5e200eb870fdd16017c406716dcb5ef7c90f8f278a2ffd9	CiNpZm5kZWYgR2RpcF9OQVRJVkUK
4	PREPROCESSOR	782	855	0	7e19e7a97fefacb0a60736c4c0b96dbcf46955b29749c39580ad05e1d82c39a8	I2RlZmluZSBHZGlwX05BVElWRShmdW5jKSBKYXZhX29yZ19lY2xpcHNlX3N3dF9pbnRlcm5hbF9nZGlwX0dkaXBfIyNmdW5jCg==
5	PREPROCESSOR	855	862	0	9a349bbd1a21104f051e34b2c8a9e70cc7fbb50bc19a67781f2a140c386d9438	I2VuZGlmCg==
6	PREPROCESSOR	862	877	0	02ad66e4edcb58f9dcce2125c273677e0528ffa10333cf47499fd422f58700a9	CiNpZmRlZiBfV0lOMzIK
7	PREPROCESSOR	877	975	0	e45025baf96bfb1438a08cb2f2124a2f8c95de5484000985b1dfbdc0f4a30f80	ICAvKiBNYW55IG1ldGhvZHMgZG9uJ3QgdXNlIHRoZWlyICdlbnYnIGFuZCAndGhhdCcgYXJndW1lbnRzICovCiAgI3ByYWdtYSB3YXJuaW5nIChkaXNhYmxlOiA0MTAwKQo=
8	PREPROCESSOR	975	982	0	9a349bbd1a21104f051e34b2c8a9e70cc7fbb50bc19a67781f2a140c386d9438	I2VuZGlmCg==
9	PREPROCESSOR	982	1013	0	df6441ff0890f02cff409624d10b00d508ab79df8ee8cf418399bf51af37283d	CiNpZm5kZWYgTk9fQml0bWFwRGF0YV8xZGVsZXRlCg==
10	STATEMENT	1013	1117	0	d3b2e908d6f0ef2e76b6ca9b53c6e0ec3b863d88335d03f81fa35d3891f52ee9	ZXh0ZXJuICJDIiBKTklFWFBPUlQgdm9pZCBKTklDQUxMIEdkaXBfTkFUSVZFKEJpdG1hcERhdGFfMWRlbGV0ZSkoSk5JRW52ICplbnYsIGpjbGFzcyB0aGF0LCBqbG9uZyBhcmcwKTs=
11	FUNCTION_OPEN	1117	1214	0	6bae009168f7bd781664a02482394042d70315941e71a98ecacbf8447827cf34	CkpOSUVYUE9SVCB2b2lkIEpOSUNBTEwgR2RpcF9OQVRJVkUoQml0bWFwRGF0YV8xZGVsZXRlKQoJKEpOSUVudiAqZW52LCBqY2xhc3MgdGhhdCwgamxvbmcgYXJnMCkKew==
12	STATEMENT	1214	1270	1	b825e6939736a1fc75b00f98f8388ced8fe941ff1af744c06aea6aa9ecef179d	CglHZGlwX05BVElWRV9FTlRFUihlbnYsIHRoYXQsIEJpdG1hcERhdGFfMWRlbGV0ZV9GVU5DKTs=
13	STATEMENT	1270	1298	1	a68cb0d55c11b2e6fc3e1a9784951b4bdfe8574a48196af0abb4229ffa5213f6	CglkZWxldGUgKEJpdG1hcERhdGEgKilhcmcwOw==
14	STATEMENT	1298	1353	1	9b60fe8d5bc42a5d4b18dd29c5aac7913c4500889ee598cb551ae37b5583a7e8	CglHZGlwX05BVElWRV9FWElUKGVudiwgdGhhdCwgQml0bWFwRGF0YV8xZGVsZXRlX0ZVTkMpOw==
15	FRAGMENT	1353	1354	1	01ba4719c80b6fe911b091a7c05124b64eeece964e09c058ef8f9805daca546b	Cg==
16	BLOCK_CLOSE	1354	1355	0	d10b36aa74a59bcf4a88185837f658afaf3646eff2bb16c3928d0e9335e945d2	fQ==
17	PREPROCESSOR	1355	1363	0	626de321eb397f6600939892a0009f31bc378f7e886f9acc5ec0af18db6a99a7	CiNlbmRpZgo=
18	PREPROCESSOR	1363	1391	0	1155c07510d9de94a1add91a1ca1df771df6d2396e62370264f2a62fbcf9f21d	CiNpZm5kZWYgTk9fQml0bWFwRGF0YV8xbmV3Cg==
19	STATEMENT	1391	1481	0	38b495745360de15070916525e24f7ef6895efc6de9fad6df203299bec766d56	ZXh0ZXJuICJDIiBKTklFWFBPUlQgamxvbmcgSk5JQ0FMTCBHZGlwX05BVElWRShCaXRtYXBEYXRhXzFuZXcpKEpOSUVudiAqZW52LCBqY2xhc3MgdGhhdCk7
20	FUNCTION_OPEN	1481	1564	0	644d02eeabc288a0da51da2734d7fe2967d8121d1b5fc41af553007a12e0b949	CkpOSUVYUE9SVCBqbG9uZyBKTklDQUxMIEdkaXBfTkFUSVZFKEJpdG1hcERhdGFfMW5ldykKCShKTklFbnYgKmVudiwgamNsYXNzIHRoYXQpCns=
21	STATEMENT	1564	1579	1	3411ceb5951bc52321d8d6cf00df310a159211846b0264e08db2a18b94173633	CglqbG9uZyByYyA9IDA7
22	STATEMENT	1579	1632	1	8b765d702cbbaead8b068093389012696203648e6fafc4a9135783a2234cd0ae	CglHZGlwX05BVElWRV9FTlRFUihlbnYsIHRoYXQsIEJpdG1hcERhdGFfMW5ld19GVU5DKTs=
23	STATEMENT	1632	1663	1	2a28e05fd2824192be8d9ce967bd27bb084437f2d9931cb47acb13e6122f0353	CglyYyA9IChqbG9uZyluZXcgQml0bWFwRGF0YSgpOw==
24	STATEMENT	1663	1715	1	7bf486893425b82cf903da5da959052635e814020c7c61a4657ddbbc334c936a	CglHZGlwX05BVElWRV9FWElUKGVudiwgdGhhdCwgQml0bWFwRGF0YV8xbmV3X0ZVTkMpOw==
25	STATEMENT	1715	1727	1	a028c9c9501df4846ec72c7b4432d4a3cb499b36b781bb1c38853498151d0ba7	CglyZXR1cm4gcmM7
26	FRAGMENT	1727	1728	1	01ba4719c80b6fe911b091a7c05124b64eeece964e09c058ef8f9805daca546b	Cg==
27	BLOCK_CLOSE	1728	1729	0	d10b36aa74a59bcf4a88185837f658afaf3646eff2bb16c3928d0e9335e945d2	fQ==
28	PREPROCESSOR	1729	1737	0	626de321eb397f6600939892a0009f31bc378f7e886f9acc5ec0af18db6a99a7	CiNlbmRpZgo=
29	PREPROCESSOR	1737	1768	0	98ea7852ccfaadb88db5479be001d5bb26a8d0fb07d2463313e1aee36718096f	CiNpZm5kZWYgTk9fQml0bWFwXzFHZXRIQklUTUFQCg==
30	STATEMENT	1768	1900	0	c349c07c16b176b46924437a7f0c9e7a92d60b8ac6341c6039634527b73fe592	ZXh0ZXJuICJDIiBKTklFWFBPUlQgamludCBKTklDQUxMIEdkaXBfTkFUSVZFKEJpdG1hcF8xR2V0SEJJVE1BUCkoSk5JRW52ICplbnYsIGpjbGFzcyB0aGF0LCBqbG9uZyBhcmcwLCBqaW50IGFyZzEsIGpsb25nQXJyYXkgYXJnMik7
31	FUNCTION_OPEN	1900	2025	0	0c93ebdfa474ffedef0e39c74f23bd85f2a00190f6295ecb5ebc45cfd6711b07	CkpOSUVYUE9SVCBqaW50IEpOSUNBTEwgR2RpcF9OQVRJVkUoQml0bWFwXzFHZXRIQklUTUFQKQoJKEpOSUVudiAqZW52LCBqY2xhc3MgdGhhdCwgamxvbmcgYXJnMCwgamludCBhcmcxLCBqbG9uZ0FycmF5IGFyZzIpCns=
32	STATEMENT	2025	2046	1	14ee868f685db71861cfd3ee29bba2286fbcac344f0a669a0de0781f9f97193e	CglqbG9uZyAqbHBhcmcyPU5VTEw7
33	STATEMENT	2046	2060	1	ab2eac128ef6225b35f40b35e2bd8fba39be8b3b6b281960b3c51646eba99890	CglqaW50IHJjID0gMDs=
34	STATEMENT	2060	2116	1	985a26e3189e0b35015c6d2d4a131ac2c24a02dd773fa137e465ef9534e0b204	CglHZGlwX05BVElWRV9FTlRFUihlbnYsIHRoYXQsIEJpdG1hcF8xR2V0SEJJVE1BUF9GVU5DKTs=
35	STATEMENT	2116	2200	1	37c07e947a06e1444cc0fecd1fa87041d2eb6897ea78cd665aa9688858c0b178	CglpZiAoYXJnMikgaWYgKChscGFyZzIgPSBlbnYtPkdldExvbmdBcnJheUVsZW1lbnRzKGFyZzIsIE5VTEwpKSA9PSBOVUxMKSBnb3RvIGZhaWw7
36	STATEMENT	2200	2272	1	7a5f7fdf783cc6c8c19b9e807a7151dd8cd5e5c1b9848ab0c448002511b64bb2	CglyYyA9IChqaW50KSgoQml0bWFwKilhcmcwKS0+R2V0SEJJVE1BUCgoQ29sb3IpYXJnMSwgKEhCSVRNQVAqKWxwYXJnMik7
37	STATEMENT	2272	2347	1	35bdeb0b833f96da3f87cc2905541530b52dbdc6287f5f52377a48adbfee8467	CmZhaWw6CglpZiAoYXJnMiAmJiBscGFyZzIpIGVudi0+UmVsZWFzZUxvbmdBcnJheUVsZW1lbnRzKGFyZzIsIGxwYXJnMiwgMCk7
38	STATEMENT	2347	2402	1	23b481fa028297ab2848dfb74e2d7aa2036fbbbeb60509726e629b94329903e4	CglHZGlwX05BVElWRV9FWElUKGVudiwgdGhhdCwgQml0bWFwXzFHZXRIQklUTUFQX0ZVTkMpOw==
39	STATEMENT	2402	2414	1	a028c9c9501df4846ec72c7b4432d4a3cb499b36b781bb1c38853498151d0ba7	CglyZXR1cm4gcmM7
40	FRAGMENT	2414	2415	1	01ba4719c80b6fe911b091a7c05124b64eeece964e09c058ef8f9805daca546b	Cg==
41	BLOCK_CLOSE	2415	2416	0	d10b36aa74a59bcf4a88185837f658afaf3646eff2bb16c3928d0e9335e945d2	fQ==
42	PREPROCESSOR	2416	2424	0	626de321eb397f6600939892a0009f31bc378f7e886f9acc5ec0af18db6a99a7	CiNlbmRpZgo=
43	PREPROCESSOR	2424	2453	0	09dae83df41c410384c3e681d929adb31469863b942dfeae07f27f350f290047	CiNpZm5kZWYgTk9fQml0bWFwXzFHZXRISUNPTgo=
44	STATEMENT	2453	2572	0	234dffbf51528939ea82613d3eaf052a5452b1c32f8dd0b5559922d9f771c896	ZXh0ZXJuICJDIiBKTklFWFBPUlQgamludCBKTklDQUxMIEdkaXBfTkFUSVZFKEJpdG1hcF8xR2V0SElDT04pKEpOSUVudiAqZW52LCBqY2xhc3MgdGhhdCwgamxvbmcgYXJnMCwgamxvbmdBcnJheSBhcmcxKTs=
45	FUNCTION_OPEN	2572	2684	0	f7b769dfd820d37d00112e059a407796adcf736fb667024f834b3cd5d7e20c4a	CkpOSUVYUE9SVCBqaW50IEpOSUNBTEwgR2RpcF9OQVRJVkUoQml0bWFwXzFHZXRISUNPTikKCShKTklFbnYgKmVudiwgamNsYXNzIHRoYXQsIGpsb25nIGFyZzAsIGpsb25nQXJyYXkgYXJnMSkKew==
46	STATEMENT	2684	2705	1	84104d69410ad6cc8fdaad06bd2bd88feea8a653e3e4592b4d69b77f58fc6981	CglqbG9uZyAqbHBhcmcxPU5VTEw7
47	STATEMENT	2705	2719	1	ab2eac128ef6225b35f40b35e2bd8fba39be8b3b6b281960b3c51646eba99890	CglqaW50IHJjID0gMDs=
48	STATEMENT	2719	2773	1	d74a342b06f87c434c503d261c5f88442718a46f24bdfbef2fdc55cac6df2984	CglHZGlwX05BVElWRV9FTlRFUihlbnYsIHRoYXQsIEJpdG1hcF8xR2V0SElDT05fRlVOQyk7
49	STATEMENT	2773	2857	1	ac980a9c1443869cf69dfabded2d97a545dc1b2a10f53d87828263d06a02c493	CglpZiAoYXJnMSkgaWYgKChscGFyZzEgPSBlbnYtPkdldExvbmdBcnJheUVsZW1lbnRzKGFyZzEsIE5VTEwpKSA9PSBOVUxMKSBnb3RvIGZhaWw7
50	STATEMENT	2857	2912	1	5e703317f7f1e21190bb666d1fe5382314a9b9261f84bf0d3950ff49564d6c64	CglyYyA9IChqaW50KSgoQml0bWFwKilhcmcwKS0+R2V0SElDT04oKEhJQ09OKilscGFyZzEpOw==
51	STATEMENT	2912	2987	1	7bcf94bba8bca942f51062ea57183fc1df0c370e4804679b540ddf0d46a7a625	CmZhaWw6CglpZiAoYXJnMSAmJiBscGFyZzEpIGVudi0+UmVsZWFzZUxvbmdBcnJheUVsZW1lbnRzKGFyZzEsIGxwYXJnMSwgMCk7
52	STATEMENT	2987	3040	1	c8a40b8554991b0c90486f4267afdab7b34b5e74ff686c3d89dfd0f178ce4481	CglHZGlwX05BVElWRV9FWElUKGVudiwgdGhhdCwgQml0bWFwXzFHZXRISUNPTl9GVU5DKTs=
53	STATEMENT	3040	3052	1	a028c9c9501df4846ec72c7b4432d4a3cb499b36b781bb1c38853498151d0ba7	CglyZXR1cm4gcmM7
54	FRAGMENT	3052	3053	1	01ba4719c80b6fe911b091a7c05124b64eeece964e09c058ef8f9805daca546b	Cg==
55	BLOCK_CLOSE	3053	3054	0	d10b36aa74a59bcf4a88185837f658afaf3646eff2bb16c3928d0e9335e945d2	fQ==
56	PREPROCESSOR	3054	3062	0	626de321eb397f6600939892a0009f31bc378f7e886f9acc5ec0af18db6a99a7	CiNlbmRpZgo=
57	PREPROCESSOR	3062	3091	0	4073d469dc02c576cd369a5c2cd2fd28d68f7860674750b035a54c5aa352c38c	CiNpZm5kZWYgTk9fQml0bWFwXzFMb2NrQml0cwo=
58	STATEMENT	3091	3239	0	ba895c6f47e4f5155f0f0b4a994b9dabf18ad20d5badb1e4714521d91bd8e59d	ZXh0ZXJuICJDIiBKTklFWFBPUlQgamludCBKTklDQUxMIEdkaXBfTkFUSVZFKEJpdG1hcF8xTG9ja0JpdHMpKEpOSUVudiAqZW52LCBqY2xhc3MgdGhhdCwgamxvbmcgYXJnMCwgamxvbmcgYXJnMSwgamludCBhcmcyLCBqaW50IGFyZzMsIGpsb25nIGFyZzQpOw==
59	FUNCTION_OPEN	3239	3380	0	b82dbc1b647ea46a9d9ccfa92be80569aebe8d615f02a6ac2e479f28a4fa3fa0	CkpOSUVYUE9SVCBqaW50IEpOSUNBTEwgR2RpcF9OQVRJVkUoQml0bWFwXzFMb2NrQml0cykKCShKTklFbnYgKmVudiwgamNsYXNzIHRoYXQsIGpsb25nIGFyZzAsIGpsb25nIGFyZzEsIGppbnQgYXJnMiwgamludCBhcmczLCBqbG9uZyBhcmc0KQp7
60	STATEMENT	3380	3394	1	ab2eac128ef6225b35f40b35e2bd8fba39be8b3b6b281960b3c51646eba99890	CglqaW50IHJjID0gMDs=
61	STATEMENT	3394	3448	1	67b9f61e7c0f3c797e839072b7ba7ea6c49a333bf361cd77b3c4fdba61502f24	CglHZGlwX05BVElWRV9FTlRFUihlbnYsIHRoYXQsIEJpdG1hcF8xTG9ja0JpdHNfRlVOQyk7
62	STATEMENT	3448	3544	1	aebef057a3159633fb494b501d0a7189cc585145b6c9ce1bf50851bef127a8e0	CglyYyA9IChqaW50KSgoQml0bWFwKilhcmcwKS0+TG9ja0JpdHMoKFJlY3QqKWFyZzEsIGFyZzIsIChQaXhlbEZvcm1hdClhcmczLCAoQml0bWFwRGF0YSopYXJnNCk7
63	STATEMENT	3544	3597	1	b513586cbed8ded22c44f2b16985326ad9bca0fd6e0000bbee3cf7b553d9e37c	CglHZGlwX05BVElWRV9FWElUKGVudiwgdGhhdCwgQml0bWFwXzFMb2NrQml0c19GVU5DKTs=
64	STATEMENT	3597	3609	1	a028c9c9501df4846ec72c7b4432d4a3cb499b36b781bb1c38853498151d0ba7	CglyZXR1cm4gcmM7
65	FRAGMENT	3609	3610	1	01ba4719c80b6fe911b091a7c05124b64eeece964e09c058ef8f9805daca546b	Cg==
66	BLOCK_CLOSE	3610	3611	0	d10b36aa74a59bcf4a88185837f658afaf3646eff2bb16c3928d0e9335e945d2	fQ==
67	PREPROCESSOR	3611	3619	0	626de321eb397f6600939892a0009f31bc378f7e886f9acc5ec0af18db6a99a7	CiNlbmRpZgo=
68	PREPROCESSOR	3619	3650	0	508b693bf40caeb007b7e0d7108ef6d1641275bb5b893c0e8d2f3e5e9df4a647	CiNpZm5kZWYgTk9fQml0bWFwXzFVbmxvY2tCaXRzCg==
69	STATEMENT	3650	3766	0	d0865fe23b489eace4e9a7a5de3767aaf50d1098d676a88999952b5759af7143	ZXh0ZXJuICJDIiBKTklFWFBPUlQgamludCBKTklDQUxMIEdkaXBfTkFUSVZFKEJpdG1hcF8xVW5sb2NrQml0cykoSk5JRW52ICplbnYsIGpjbGFzcyB0aGF0LCBqbG9uZyBhcmcwLCBqbG9uZyBhcmcxKTs=
70	FUNCTION_OPEN	3766	3875	0	34a59f2f7f1f0907fb56b45983ce1f02ac1dad546cf37f6300180d30ad7a5f9d	CkpOSUVYUE9SVCBqaW50IEpOSUNBTEwgR2RpcF9OQVRJVkUoQml0bWFwXzFVbmxvY2tCaXRzKQoJKEpOSUVudiAqZW52LCBqY2xhc3MgdGhhdCwgamxvbmcgYXJnMCwgamxvbmcgYXJnMSkKew==
71	STATEMENT	3875	3889	1	ab2eac128ef6225b35f40b35e2bd8fba39be8b3b6b281960b3c51646eba99890	CglqaW50IHJjID0gMDs=
72	STATEMENT	3889	3945	1	a58ea28004b531f7c140f33b3c6b1d9d47e62c72532d036f04364bb5ab874407	CglHZGlwX05BVElWRV9FTlRFUihlbnYsIHRoYXQsIEJpdG1hcF8xVW5sb2NrQml0c19GVU5DKTs=
73	STATEMENT	3945	4005	1	50915ca37085172ae5bb7c2d7c6890426cc23c01373e6d2227839ba003ed68e8	CglyYyA9IChqaW50KSgoQml0bWFwKilhcmcwKS0+VW5sb2NrQml0cygoQml0bWFwRGF0YSopYXJnMSk7
74	STATEMENT	4005	4060	1	7be54ba03c3f76638087b11d02b4f4425fdd02049bca31e1ae11d0a03bc61300	CglHZGlwX05BVElWRV9FWElUKGVudiwgdGhhdCwgQml0bWFwXzFVbmxvY2tCaXRzX0ZVTkMpOw==
75	STATEMENT	4060	4072	1	a028c9c9501df4846ec72c7b4432d4a3cb499b36b781bb1c38853498151d0ba7	CglyZXR1cm4gcmM7
76	FRAGMENT	4072	4073	1	01ba4719c80b6fe911b091a7c05124b64eeece964e09c058ef8f9805daca546b	Cg==
77	BLOCK_CLOSE	4073	4074	0	d10b36aa74a59bcf4a88185837f658afaf3646eff2bb16c3928d0e9335e945d2	fQ==
78	PREPROCESSOR	4074	4082	0	626de321eb397f6600939892a0009f31bc378f7e886f9acc5ec0af18db6a99a7	CiNlbmRpZgo=
79	PREPROCESSOR	4082	4109	0	f3b671eb1171a69ddec2aeadc78c5ef7628006dbb09bba25cb14dac70345214e	CiNpZm5kZWYgTk9fQml0bWFwXzFkZWxldGUK
80	STATEMENT	4109	4209	0	dbfe6a8e2eae50f61a41c966c8a6ea129c523be2786209767f2fa0d7fede0bf8	ZXh0ZXJuICJDIiBKTklFWFBPUlQgdm9pZCBKTklDQUxMIEdkaXBfTkFUSVZFKEJpdG1hcF8xZGVsZXRlKShKTklFbnYgKmVudiwgamNsYXNzIHRoYXQsIGpsb25nIGFyZzApOw==
81	FUNCTION_OPEN	4209	4302	0	81412255a0baa5d44ac3e8ed56fbb8297d81b7d32fff94933e48d811060b9dca	CkpOSUVYUE9SVCB2b2lkIEpOSUNBTEwgR2RpcF9OQVRJVkUoQml0bWFwXzFkZWxldGUpCgkoSk5JRW52ICplbnYsIGpjbGFzcyB0aGF0LCBqbG9uZyBhcmcwKQp7
82	STATEMENT	4302	4354	1	6ac94d043db2cba2875d6be248ee1b181dd63cc392049ec2d889387621991438	CglHZGlwX05BVElWRV9FTlRFUihlbnYsIHRoYXQsIEJpdG1hcF8xZGVsZXRlX0ZVTkMpOw==
83	STATEMENT	4354	4378	1	b673d81c7707b1ddff57d694842d6d3e8ba2a46111861bbc053859c81a2cdbf6	CglkZWxldGUgKEJpdG1hcCAqKWFyZzA7
84	STATEMENT	4378	4429	1	f34454ae720ddb68985124479da31ad35596e1afceff5b9e42b3ea9d07abb3f7	CglHZGlwX05BVElWRV9FWElUKGVudiwgdGhhdCwgQml0bWFwXzFkZWxldGVfRlVOQyk7
85	FRAGMENT	4429	4430	1	01ba4719c80b6fe911b091a7c05124b64eeece964e09c058ef8f9805daca546b	Cg==
86	BLOCK_CLOSE	4430	4431	0	d10b36aa74a59bcf4a88185837f658afaf3646eff2bb16c3928d0e9335e945d2	fQ==
87	PREPROCESSOR	4431	4439	0	626de321eb397f6600939892a0009f31bc378f7e886f9acc5ec0af18db6a99a7	CiNlbmRpZgo=
88	PREPROCESSOR	4439	4470	0	c35f4f3541967a3333942568a2af6e3d0411ba42a15e5ae86ba238db36e5e4f2	CiNpZm5kZWYgTk9fQml0bWFwXzFuZXdfX0lJSUlKCg==
89	STATEMENT	4470	4619	0	8a542297365262211d2dfc0766c07b1a22f787e543216d34db68eec4be99015f	ZXh0ZXJuICJDIiBKTklFWFBPUlQgamxvbmcgSk5JQ0FMTCBHZGlwX05BVElWRShCaXRtYXBfMW5ld19fSUlJSUopKEpOSUVudiAqZW52LCBqY2xhc3MgdGhhdCwgamludCBhcmcwLCBqaW50IGFyZzEsIGppbnQgYXJnMiwgamludCBhcmczLCBqbG9uZyBhcmc0KTs=
90	FUNCTION_OPEN	4619	4761	0	1d00ba069b6247ccf30e3a0c6291d64864fed1f54621ad58e52d6555f5cef76c	CkpOSUVYUE9SVCBqbG9uZyBKTklDQUxMIEdkaXBfTkFUSVZFKEJpdG1hcF8xbmV3X19JSUlJSikKCShKTklFbnYgKmVudiwgamNsYXNzIHRoYXQsIGppbnQgYXJnMCwgamludCBhcmcxLCBqaW50IGFyZzIsIGppbnQgYXJnMywgamxvbmcgYXJnNCkKew==
91	STATEMENT	4761	4776	1	3411ceb5951bc52321d8d6cf00df310a159211846b0264e08db2a18b94173633	CglqbG9uZyByYyA9IDA7
92	STATEMENT	4776	4832	1	e683720e567f961e16c8afe65b7b8bc1eaedc348a966dfd0aaf4b6c7a227fe46	CglHZGlwX05BVElWRV9FTlRFUihlbnYsIHRoYXQsIEJpdG1hcF8xbmV3X19JSUlJSl9GVU5DKTs=
93	STATEMENT	4832	4908	1	a5337fde3a8eaf6264bad3b5c13b2cb68d66b833d68f5f503aad123c304581c9	CglyYyA9IChqbG9uZyluZXcgQml0bWFwKGFyZzAsIGFyZzEsIGFyZzIsIChQaXhlbEZvcm1hdClhcmczLCAoQllURSAqKWFyZzQpOw==
94	STATEMENT	4908	4963	1	54c40e8aec2c252173f839b33ec89381448169b3bbbba7cfd6c43d41a671db4c	CglHZGlwX05BVElWRV9FWElUKGVudiwgdGhhdCwgQml0bWFwXzFuZXdfX0lJSUlKX0ZVTkMpOw==
95	STATEMENT	4963	4975	1	a028c9c9501df4846ec72c7b4432d4a3cb499b36b781bb1c38853498151d0ba7	CglyZXR1cm4gcmM7
96	FRAGMENT	4975	4976	1	01ba4719c80b6fe911b091a7c05124b64eeece964e09c058ef8f9805daca546b	Cg==
97	BLOCK_CLOSE	4976	4977	0	d10b36aa74a59bcf4a88185837f658afaf3646eff2bb16c3928d0e9335e945d2	fQ==
98	PREPROCESSOR	4977	4985	0	626de321eb397f6600939892a0009f31bc378f7e886f9acc5ec0af18db6a99a7	CiNlbmRpZgo=
99	PREPROCESSOR	4985	5012	0	5d9a64e11875572e5051f9c21ac0797195e3b0ae2728301a80582d5b8981abf6	CiNpZm5kZWYgTk9fQml0bWFwXzFuZXdfX0oK
100	STATEMENT	5012	5113	0	109b3f605596df47eb19739d0cb2db5f5574d37c91eb48696baead62aa15673e	ZXh0ZXJuICJDIiBKTklFWFBPUlQgamxvbmcgSk5JQ0FMTCBHZGlwX05BVElWRShCaXRtYXBfMW5ld19fSikoSk5JRW52ICplbnYsIGpjbGFzcyB0aGF0LCBqbG9uZyBhcmcwKTs=
101	FUNCTION_OPEN	5113	5207	0	ad34eb7c2038d98ab2fba911cd71555056fc4f3725807750ae3292acf5ebb723	CkpOSUVYUE9SVCBqbG9uZyBKTklDQUxMIEdkaXBfTkFUSVZFKEJpdG1hcF8xbmV3X19KKQoJKEpOSUVudiAqZW52LCBqY2xhc3MgdGhhdCwgamxvbmcgYXJnMCkKew==
102	STATEMENT	5207	5222	1	3411ceb5951bc52321d8d6cf00df310a159211846b0264e08db2a18b94173633	CglqbG9uZyByYyA9IDA7
103	STATEMENT	5222	5274	1	f64e95f9b90de4980dc869d9148949e6bbad559bff6bf2ffdbdd251f0ea2d2b5	CglHZGlwX05BVElWRV9FTlRFUihlbnYsIHRoYXQsIEJpdG1hcF8xbmV3X19KX0ZVTkMpOw==
104	STATEMENT	5274	5312	1	ad104919e0356a9fa6eee5451d9c3e1be84044322c70419031b855a94557631a	CglyYyA9IChqbG9uZyluZXcgQml0bWFwKChISUNPTilhcmcwKTs=
105	STATEMENT	5312	5363	1	4d06c11c0fde2b192da7a413191db24dacb943df110bda487aa82ec02b083097	CglHZGlwX05BVElWRV9FWElUKGVudiwgdGhhdCwgQml0bWFwXzFuZXdfX0pfRlVOQyk7
106	STATEMENT	5363	5375	1	a028c9c9501df4846ec72c7b4432d4a3cb499b36b781bb1c38853498151d0ba7	CglyZXR1cm4gcmM7
107	FRAGMENT	5375	5376	1	01ba4719c80b6fe911b091a7c05124b64eeece964e09c058ef8f9805daca546b	Cg==
108	BLOCK_CLOSE	5376	5377	0	d10b36aa74a59bcf4a88185837f658afaf3646eff2bb16c3928d0e9335e945d2	fQ==
109	PREPROCESSOR	5377	5385	0	626de321eb397f6600939892a0009f31bc378f7e886f9acc5ec0af18db6a99a7	CiNlbmRpZgo=
110	PREPROCESSOR	5385	5413	0	41b55f251e35bddaa72ad5f9621f960335852c6120ce6484aa90b7bd195c3924	CiNpZm5kZWYgTk9fQml0bWFwXzFuZXdfX0pKCg==
111	STATEMENT	5413	5527	0	2e0e0c1aa2aafd10d53159f3aeffa1c41424fa19b8655faea1df990ab09f769d	ZXh0ZXJuICJDIiBKTklFWFBPUlQgamxvbmcgSk5JQ0FMTCBHZGlwX05BVElWRShCaXRtYXBfMW5ld19fSkopKEpOSUVudiAqZW52LCBqY2xhc3MgdGhhdCwgamxvbmcgYXJnMCwgamxvbmcgYXJnMSk7
112	FUNCTION_OPEN	5527	5634	0	e748e65f705d9f18387c83ef3cddfc5ac697a564fdb2a760c2a510a999415e53	CkpOSUVYUE9SVCBqbG9uZyBKTklDQUxMIEdkaXBfTkFUSVZFKEJpdG1hcF8xbmV3X19KSikKCShKTklFbnYgKmVudiwgamNsYXNzIHRoYXQsIGpsb25nIGFyZzAsIGpsb25nIGFyZzEpCns=
113	STATEMENT	5634	5649	1	3411ceb5951bc52321d8d6cf00df310a159211846b0264e08db2a18b94173633	CglqbG9uZyByYyA9IDA7
114	STATEMENT	5649	5702	1	bb474d4e32bd308bbb76150dcd3e8c8a4394986eb3f1da357dff6581600b06d8	CglHZGlwX05BVElWRV9FTlRFUihlbnYsIHRoYXQsIEJpdG1hcF8xbmV3X19KSl9GVU5DKTs=
115	STATEMENT	5702	5758	1	9d3dfcaf4177b1304f9dd119a9f099e51b784d5fe6702811735af0fb0931372d	CglyYyA9IChqbG9uZyluZXcgQml0bWFwKChIQklUTUFQKWFyZzAsIChIUEFMRVRURSlhcmcxKTs=
116	STATEMENT	5758	5810	1	3389c3d2175149fecb3b3941606b61bdf1431661abe8d4d517c0d2614b05160b	CglHZGlwX05BVElWRV9FWElUKGVudiwgdGhhdCwgQml0bWFwXzFuZXdfX0pKX0ZVTkMpOw==
117	STATEMENT	5810	5822	1	a028c9c9501df4846ec72c7b4432d4a3cb499b36b781bb1c38853498151d0ba7	CglyZXR1cm4gcmM7
118	FRAGMENT	5822	5823	1	01ba4719c80b6fe911b091a7c05124b64eeece964e09c058ef8f9805daca546b	Cg==
119	BLOCK_CLOSE	5823	5824	0	d10b36aa74a59bcf4a88185837f658afaf3646eff2bb16c3928d0e9335e945d2	fQ==
120	PREPROCESSOR	5824	5832	0	626de321eb397f6600939892a0009f31bc378f7e886f9acc5ec0af18db6a99a7	CiNlbmRpZgo=
121	PREPROCESSOR	5832	5862	0	7456509d6bda39afc30b88fb236b42308fca9af2db27957b8e8b6f3210b97b4e	CiNpZm5kZWYgTk9fQml0bWFwXzFuZXdfX18zQ1oK
122	STATEMENT	5862	5986	0	073eebd8d6f8f5c98fca2cda24ef0899222a31a5dbcfd1260b679f37f3db3642	ZXh0ZXJuICJDIiBKTklFWFBPUlQgamxvbmcgSk5JQ0FMTCBHZGlwX05BVElWRShCaXRtYXBfMW5ld19fXzNDWikoSk5JRW52ICplbnYsIGpjbGFzcyB0aGF0LCBqY2hhckFycmF5IGFyZzAsIGpib29sZWFuIGFyZzEpOw==
123	FUNCTION_OPEN	5986	6103	0	658320685604ecb2630ec6eccb156e78ca96c3f0bdc3d7012d20d911d4e736b8	CkpOSUVYUE9SVCBqbG9uZyBKTklDQUxMIEdkaXBfTkFUSVZFKEJpdG1hcF8xbmV3X19fM0NaKQoJKEpOSUVudiAqZW52LCBqY2xhc3MgdGhhdCwgamNoYXJBcnJheSBhcmcwLCBqYm9vbGVhbiBhcmcxKQp7
124	STATEMENT	6103	6124	1	32d4fa5b94dcc2f72cec1836d8f945855495beb83b8fcd9e37cff5be14c8885c	CglqY2hhciAqbHBhcmcwPU5VTEw7
125	STATEMENT	6124	6139	1	3411ceb5951bc52321d8d6cf00df310a159211846b0264e08db2a18b94173633	CglqbG9uZyByYyA9IDA7
126	STATEMENT	6139	6194	1	8c761ecca4af85ef538b960653fbc6131ccd9f6943b77707b7c05d4a401dbbf4	CglHZGlwX05BVElWRV9FTlRFUihlbnYsIHRoYXQsIEJpdG1hcF8xbmV3X19fM0NaX0ZVTkMpOw==
127	STATEMENT	6194	6278	1	3c5ef50ade74d57937ee41fe826ce53580dd033b936cee92dce4070bbbfdfffc	CglpZiAoYXJnMCkgaWYgKChscGFyZzAgPSBlbnYtPkdldENoYXJBcnJheUVsZW1lbnRzKGFyZzAsIE5VTEwpKSA9PSBOVUxMKSBnb3RvIGZhaWw7
128	STATEMENT	6278	6325	1	a14cb5d17c6dc2194ab31cb1ee394aa755842c93ddd3ae59db2dc6f746aabe5d	CglyYyA9IChqbG9uZyluZXcgQml0bWFwKChXQ0hBUiopbHBhcmcwLCBhcmcxKTs=
129	STATEMENT	6325	6400	1	8092c6cb718c9e71917559c62b3feb0a3e187be0049282d590282a44e560bade	CmZhaWw6CglpZiAoYXJnMCAmJiBscGFyZzApIGVudi0+UmVsZWFzZUNoYXJBcnJheUVsZW1lbnRzKGFyZzAsIGxwYXJnMCwgMCk7
130	STATEMENT	6400	6454	1	8ab8eece7507759c241ada497236ae2efaf6b2af9fd6cb983765f658574b4681	CglHZGlwX05BVElWRV9FWElUKGVudiwgdGhhdCwgQml0bWFwXzFuZXdfX18zQ1pfRlVOQyk7
131	STATEMENT	6454	6466	1	a028c9c9501df4846ec72c7b4432d4a3cb499b36b781bb1c38853498151d0ba7	CglyZXR1cm4gcmM7
132	FRAGMENT	6466	6467	1	01ba4719c80b6fe911b091a7c05124b64eeece964e09c058ef8f9805daca546b	Cg==
133	BLOCK_CLOSE	6467	6468	0	d10b36aa74a59bcf4a88185837f658afaf3646eff2bb16c3928d0e9335e945d2	fQ==
134	PREPROCESSOR	6468	6476	0	626de321eb397f6600939892a0009f31bc378f7e886f9acc5ec0af18db6a99a7	CiNlbmRpZgo=
135	PREPROCESSOR	6476	6501	0	a84977d5a3d569a240e974a3de6a37782671cad88e519a6f75abc5d2f0e5c247	CiNpZm5kZWYgTk9fQnJ1c2hfMUNsb25lCg==
136	STATEMENT	6501	6600	0	3fecd98307534d57e7cfa22550aad0bf1a782bec85064c90af6bad0bcc765e41	ZXh0ZXJuICJDIiBKTklFWFBPUlQgamxvbmcgSk5JQ0FMTCBHZGlwX05BVElWRShCcnVzaF8xQ2xvbmUpKEpOSUVudiAqZW52LCBqY2xhc3MgdGhhdCwgamxvbmcgYXJnMCk7
137	FUNCTION_OPEN	6600	6692	0	760acfb289c02df36ed7195295fdb60fa25801b8907635cd3d19f82f2ef8718d	CkpOSUVYUE9SVCBqbG9uZyBKTklDQUxMIEdkaXBfTkFUSVZFKEJydXNoXzFDbG9uZSkKCShKTklFbnYgKmVudiwgamNsYXNzIHRoYXQsIGpsb25nIGFyZzApCns=
138	STATEMENT	6692	6707	1	3411ceb5951bc52321d8d6cf00df310a159211846b0264e08db2a18b94173633	CglqbG9uZyByYyA9IDA7
139	STATEMENT	6707	6757	1	dae1544cafdeb5f9663367200fbf3257bf6d1fc4365cfe78efedf7cbd1c1f196	CglHZGlwX05BVElWRV9FTlRFUihlbnYsIHRoYXQsIEJydXNoXzFDbG9uZV9GVU5DKTs=
140	STATEMENT	6757	6796	1	fae1baeff8bea15a2fc85373ab356ce22010a28b7b0bde777a57563d6d6af376	CglyYyA9IChqbG9uZykoKEJydXNoICopYXJnMCktPkNsb25lKCk7
141	STATEMENT	6796	6845	1	3d9151306a4d5d5aa04cf511f31c89b9a7a2b441a8df5b7668ff832b813ea40b	CglHZGlwX05BVElWRV9FWElUKGVudiwgdGhhdCwgQnJ1c2hfMUNsb25lX0ZVTkMpOw==
142	STATEMENT	6845	6857	1	a028c9c9501df4846ec72c7b4432d4a3cb499b36b781bb1c38853498151d0ba7	CglyZXR1cm4gcmM7
143	FRAGMENT	6857	6858	1	01ba4719c80b6fe911b091a7c05124b64eeece964e09c058ef8f9805daca546b	Cg==
144	BLOCK_CLOSE	6858	6859	0	d10b36aa74a59bcf4a88185837f658afaf3646eff2bb16c3928d0e9335e945d2	fQ==
145	PREPROCESSOR	6859	6867	0	626de321eb397f6600939892a0009f31bc378f7e886f9acc5ec0af18db6a99a7	CiNlbmRpZgo=
146	PREPROCESSOR	6867	6894	0	272ce8fbfb2becf515188f2061471a77e327ef7f7ec4ac97ead23454cfa7144e	CiNpZm5kZWYgTk9fQnJ1c2hfMUdldFR5cGUK
147	STATEMENT	6894	6994	0	04f20707f0bc96cd2f33440ce5ab9a9b76bfc0977de9a5c122a973cc154b6730	ZXh0ZXJuICJDIiBKTklFWFBPUlQgamludCBKTklDQUxMIEdkaXBfTkFUSVZFKEJydXNoXzFHZXRUeXBlKShKTklFbnYgKmVudiwgamNsYXNzIHRoYXQsIGpsb25nIGFyZzApOw==
148	FUNCTION_OPEN	6994	7087	0	23eb579040748ba76b87f8b93614195f3c0cd44799729f05cfdcf9fd28bafdac	CkpOSUVYUE9SVCBqaW50IEpOSUNBTEwgR2RpcF9OQVRJVkUoQnJ1c2hfMUdldFR5cGUpCgkoSk5JRW52ICplbnYsIGpjbGFzcyB0aGF0LCBqbG9uZyBhcmcwKQp7
149	STATEMENT	7087	7101	1	ab2eac128ef6225b35f40b35e2bd8fba39be8b3b6b281960b3c51646eba99890	CglqaW50IHJjID0gMDs=
150	STATEMENT	7101	7153	1	7292727d96ea95371e07afbabaf8fa2990b568c49fefe6c789935dcd065cbe8b	CglHZGlwX05BVElWRV9FTlRFUihlbnYsIHRoYXQsIEJydXNoXzFHZXRUeXBlX0ZVTkMpOw==
151	STATEMENT	7153	7193	1	a858279006e40e0bac48caec421c1da544205055dd34df0b5f340bde86c683d6	CglyYyA9IChqaW50KSgoQnJ1c2ggKilhcmcwKS0+R2V0VHlwZSgpOw==
152	STATEMENT	7193	7244	1	eab53c6460e638dbbd6b5921a788b2d505b476e1924e3d95f6d68d392fc6b636	CglHZGlwX05BVElWRV9FWElUKGVudiwgdGhhdCwgQnJ1c2hfMUdldFR5cGVfRlVOQyk7
153	STATEMENT	7244	7256	1	a028c9c9501df4846ec72c7b4432d4a3cb499b36b781bb1c38853498151d0ba7	CglyZXR1cm4gcmM7
154	FRAGMENT	7256	7257	1	01ba4719c80b6fe911b091a7c05124b64eeece964e09c058ef8f9805daca546b	Cg==
155	BLOCK_CLOSE	7257	7258	0	d10b36aa74a59bcf4a88185837f658afaf3646eff2bb16c3928d0e9335e945d2	fQ==
156	PREPROCESSOR	7258	7266	0	626de321eb397f6600939892a0009f31bc378f7e886f9acc5ec0af18db6a99a7	CiNlbmRpZgo=
157	PREPROCESSOR	7266	7299	0	cb8fccacd2a3cf7f9a6e6a75a68ab791e197520413f1dc73824ffa455ce0baa5	CiNpZm5kZWYgTk9fQ29sb3JQYWxldHRlXzFzaXplb2YK
158	STATEMENT	7299	7393	0	b74182a8ee747485d26b305a018cc8e8528f7ed8e788e8781fae238649e015b9	ZXh0ZXJuICJDIiBKTklFWFBPUlQgamludCBKTklDQUxMIEdkaXBfTkFUSVZFKENvbG9yUGFsZXR0ZV8xc2l6ZW9mKShKTklFbnYgKmVudiwgamNsYXNzIHRoYXQpOw==
159	FUNCTION_OPEN	7393	7480	0	f8843f727a179f5bfb7707b2437108573068bee271ece7625bd5dca5902d8625	CkpOSUVYUE9SVCBqaW50IEpOSUNBTEwgR2RpcF9OQVRJVkUoQ29sb3JQYWxldHRlXzFzaXplb2YpCgkoSk5JRW52ICplbnYsIGpjbGFzcyB0aGF0KQp7
160	STATEMENT	7480	7494	1	ab2eac128ef6225b35f40b35e2bd8fba39be8b3b6b281960b3c51646eba99890	CglqaW50IHJjID0gMDs=
161	STATEMENT	7494	7552	1	df2a62650bea8cc3def23220d83ea987700cb1723df2f19a6638b24d1bb846bc	CglHZGlwX05BVElWRV9FTlRFUihlbnYsIHRoYXQsIENvbG9yUGFsZXR0ZV8xc2l6ZW9mX0ZVTkMpOw==
162	STATEMENT	7552	7587	1	585cdac0dfbd72c3ca59b264637e7a378a5fa14b280dc00d3f2101b24d61a65d	CglyYyA9IChqaW50KUNvbG9yUGFsZXR0ZV9zaXplb2YoKTs=
163	STATEMENT	7587	7644	1	bc685da40731bc73271d4aef5482bfa9d3964f1b786fb20d0b54d4d7fa7e69ff	CglHZGlwX05BVElWRV9FWElUKGVudiwgdGhhdCwgQ29sb3JQYWxldHRlXzFzaXplb2ZfRlVOQyk7
164	STATEMENT	7644	7656	1	a028c9c9501df4846ec72c7b4432d4a3cb499b36b781bb1c38853498151d0ba7	CglyZXR1cm4gcmM7
165	FRAGMENT	7656	7657	1	01ba4719c80b6fe911b091a7c05124b64eeece964e09c058ef8f9805daca546b	Cg==
166	BLOCK_CLOSE	7657	7658	0	d10b36aa74a59bcf4a88185837f658afaf3646eff2bb16c3928d0e9335e945d2	fQ==
167	PREPROCESSOR	7658	7666	0	626de321eb397f6600939892a0009f31bc378f7e886f9acc5ec0af18db6a99a7	CiNlbmRpZgo=
168	PREPROCESSOR	7666	7704	0	ced4f722725103f7784012d64c3f76aa1561410a32a1778b8a66063f655cec46	CiNpZm5kZWYgTk9fRm9udEZhbWlseV8xR2V0RmFtaWx5TmFtZQo=
169	STATEMENT	7704	7844	0	5b3046b2bd254552a99a639af30fa2b5690baf878c5f516232a659245f663f10	ZXh0ZXJuICJDIiBKTklFWFBPUlQgamludCBKTklDQUxMIEdkaXBfTkFUSVZFKEZvbnRGYW1pbHlfMUdldEZhbWlseU5hbWUpKEpOSUVudiAqZW52LCBqY2xhc3MgdGhhdCwgamxvbmcgYXJnMCwgamNoYXJBcnJheSBhcmcxLCBqY2hhciBhcmcyKTs=
170	FUNCTION_OPEN	7844	7977	0	a39d2a24afb31a4b8419ccf11637e53aab5ea9147f256a1e6f3bb32e5eb2b3c6	CkpOSUVYUE9SVCBqaW50IEpOSUNBTEwgR2RpcF9OQVRJVkUoRm9udEZhbWlseV8xR2V0RmFtaWx5TmFtZSkKCShKTklFbnYgKmVudiwgamNsYXNzIHRoYXQsIGpsb25nIGFyZzAsIGpjaGFyQXJyYXkgYXJnMSwgamNoYXIgYXJnMikKew==
171	STATEMENT	7977	7998	1	cb233fdf59df1dd8a069c3bfcfdc1736b1e106ad16a2ac4efdc03ccbc3d7e752	CglqY2hhciAqbHBhcmcxPU5VTEw7
172	STATEMENT	7998	8012	1	ab2eac128ef6225b35f40b35e2bd8fba39be8b3b6b281960b3c51646eba99890	CglqaW50IHJjID0gMDs=
173	STATEMENT	8012	8075	1	bea1324f366be0c7388aa9bd0358728d5cbcf011df86998e6a9ac4f0fe6c1ba2	CglHZGlwX05BVElWRV9FTlRFUihlbnYsIHRoYXQsIEZvbnRGYW1pbHlfMUdldEZhbWlseU5hbWVfRlVOQyk7
174	STATEMENT	8075	8159	1	ccf88f90e36f7e1bfb7ee4188f0d874f12841983c1ee971a91629a2f82f78f34	CglpZiAoYXJnMSkgaWYgKChscGFyZzEgPSBlbnYtPkdldENoYXJBcnJheUVsZW1lbnRzKGFyZzEsIE5VTEwpKSA9PSBOVUxMKSBnb3RvIGZhaWw7
175	STATEMENT	8159	8238	1	3b95f929ddcede52e89ad5bd5b69312329539307ef296313af643a75de87f040	CglyYyA9IChqaW50KSgoRm9udEZhbWlseSAqKWFyZzApLT5HZXRGYW1pbHlOYW1lKChXQ0hBUiAqKWxwYXJnMSwgKFdDSEFSKWFyZzIpOw==
176	STATEMENT	8238	8313	1	c4e5ccca478ef041cb71e1ed6ef1f1b6885a6132217720f798c5482969cfc8da	CmZhaWw6CglpZiAoYXJnMSAmJiBscGFyZzEpIGVudi0+UmVsZWFzZUNoYXJBcnJheUVsZW1lbnRzKGFyZzEsIGxwYXJnMSwgMCk7
177	STATEMENT	8313	8375	1	081cdb7ba54610e5cfdb9c99f3c2cbbe184ddf74824e9b6b7fbcf2ef217bce43	CglHZGlwX05BVElWRV9FWElUKGVudiwgdGhhdCwgRm9udEZhbWlseV8xR2V0RmFtaWx5TmFtZV9GVU5DKTs=
178	STATEMENT	8375	8387	1	a028c9c9501df4846ec72c7b4432d4a3cb499b36b781bb1c38853498151d0ba7	CglyZXR1cm4gcmM7
179	FRAGMENT	8387	8388	1	01ba4719c80b6fe911b091a7c05124b64eeece964e09c058ef8f9805daca546b	Cg==
180	BLOCK_CLOSE	8388	8389	0	d10b36aa74a59bcf4a88185837f658afaf3646eff2bb16c3928d0e9335e945d2	fQ==
181	PREPROCESSOR	8389	8397	0	626de321eb397f6600939892a0009f31bc378f7e886f9acc5ec0af18db6a99a7	CiNlbmRpZgo=
182	PREPROCESSOR	8397	8433	0	4f0003e0fa92048a7a8f414e4ffed468f4189852958759fe198020bb52104808	CiNpZm5kZWYgTk9fRm9udEZhbWlseV8xSXNBdmFpbGFibGUK
183	STATEMENT	8433	8546	0	c9b3c4d00ef7d31d209a71db12cd7560f0d737326d13379ac1e7d7d03fa4dd50	ZXh0ZXJuICJDIiBKTklFWFBPUlQgamJvb2xlYW4gSk5JQ0FMTCBHZGlwX05BVElWRShGb250RmFtaWx5XzFJc0F2YWlsYWJsZSkoSk5JRW52ICplbnYsIGpjbGFzcyB0aGF0LCBqbG9uZyBhcmcwKTs=
184	FUNCTION_OPEN	8546	8652	0	fcb3c2c949cc60867ed207335b9ddd6b052d39dc07cc524bb22b7e5dbe225738	CkpOSUVYUE9SVCBqYm9vbGVhbiBKTklDQUxMIEdkaXBfTkFUSVZFKEZvbnRGYW1pbHlfMUlzQXZhaWxhYmxlKQoJKEpOSUVudiAqZW52LCBqY2xhc3MgdGhhdCwgamxvbmcgYXJnMCkKew==
185	STATEMENT	8652	8670	1	6e389c725127046540fa228f0aca981232172a088ed5b7d88f2be6db7346caa1	CglqYm9vbGVhbiByYyA9IDA7
186	STATEMENT	8670	8731	1	1bf8589e9760345cf800df20fc882600a9350b27eef4e6221a8e87d5cbdffc74	CglHZGlwX05BVElWRV9FTlRFUihlbnYsIHRoYXQsIEZvbnRGYW1pbHlfMUlzQXZhaWxhYmxlX0ZVTkMpOw==
187	STATEMENT	8731	8784	1	57568a9a6653622c09e8fc16d5ea8f6cccd873b530a72e34cb3197e127ceea57	CglyYyA9IChqYm9vbGVhbikoKEZvbnRGYW1pbHkgKilhcmcwKS0+SXNBdmFpbGFibGUoKTs=
188	STATEMENT	8784	8844	1	d009f6ed9032b5b4c550a8de72025a29e34d265a3a4098dce0dee4b2de945c9d	CglHZGlwX05BVElWRV9FWElUKGVudiwgdGhhdCwgRm9udEZhbWlseV8xSXNBdmFpbGFibGVfRlVOQyk7
189	STATEMENT	8844	8856	1	a028c9c9501df4846ec72c7b4432d4a3cb499b36b781bb1c38853498151d0ba7	CglyZXR1cm4gcmM7
190	FRAGMENT	8856	8857	1	01ba4719c80b6fe911b091a7c05124b64eeece964e09c058ef8f9805daca546b	Cg==
191	BLOCK_CLOSE	8857	8858	0	d10b36aa74a59bcf4a88185837f658afaf3646eff2bb16c3928d0e9335e945d2	fQ==
192	PREPROCESSOR	8858	8866	0	626de321eb397f6600939892a0009f31bc378f7e886f9acc5ec0af18db6a99a7	CiNlbmRpZgo=
193	PREPROCESSOR	8866	8897	0	73f7c67ca76ff5672c8d74ab054b422c1b41199fce9298b3356a88d62ea3fa72	CiNpZm5kZWYgTk9fRm9udEZhbWlseV8xZGVsZXRlCg==
194	STATEMENT	8897	9001	0	1852c8c24b64a3c12b67f42559b9ecb4ee303618a3690eea82b17989624219f7	ZXh0ZXJuICJDIiBKTklFWFBPUlQgdm9pZCBKTklDQUxMIEdkaXBfTkFUSVZFKEZvbnRGYW1pbHlfMWRlbGV0ZSkoSk5JRW52ICplbnYsIGpjbGFzcyB0aGF0LCBqbG9uZyBhcmcwKTs=
195	FUNCTION_OPEN	9001	9098	0	ddda105283bcf7145617246c8581c42f076b8d035b2b77c84a9ef87b2bf3cb1a	CkpOSUVYUE9SVCB2b2lkIEpOSUNBTEwgR2RpcF9OQVRJVkUoRm9udEZhbWlseV8xZGVsZXRlKQoJKEpOSUVudiAqZW52LCBqY2xhc3MgdGhhdCwgamxvbmcgYXJnMCkKew==
196	STATEMENT	9098	9154	1	5e3aa007a5241c226d3fecd624b7d1ac86fe0b500438ad6a2f4e08a8c3c4951d	CglHZGlwX05BVElWRV9FTlRFUihlbnYsIHRoYXQsIEZvbnRGYW1pbHlfMWRlbGV0ZV9GVU5DKTs=
197	STATEMENT	9154	9182	1	f626511e4cb8341052b48234f21d40ee9308f22d713f076772cc024d3d562ef4	CglkZWxldGUgKEZvbnRGYW1pbHkgKilhcmcwOw==
198	STATEMENT	9182	9237	1	5bd1bf5241d46aef32380d1611bd3cd676b0b4dcf396f0339d316331ded7d2bc	CglHZGlwX05BVElWRV9FWElUKGVudiwgdGhhdCwgRm9udEZhbWlseV8xZGVsZXRlX0ZVTkMpOw==
199	FRAGMENT	9237	9238	1	01ba4719c80b6fe911b091a7c05124b64eeece964e09c058ef8f9805daca546b	Cg==
200	BLOCK_CLOSE	9238	9239	0	d10b36aa74a59bcf4a88185837f658afaf3646eff2bb16c3928d0e9335e945d2	fQ==
201	PREPROCESSOR	9239	9247	0	626de321eb397f6600939892a0009f31bc378f7e886f9acc5ec0af18db6a99a7	CiNlbmRpZgo=
202	PREPROCESSOR	9247	9277	0	ed37f6edc2045666c6503a8bb81df1db3f844af2f99c7fc956a0e5c3d352b8e7	CiNpZm5kZWYgTk9fRm9udEZhbWlseV8xbmV3X18K
203	STATEMENT	9277	9369	0	9dce3f62393bd8bc0c9b460350088fa9dc8bc7d7b44e31c347671e61e2b5f5e4	ZXh0ZXJuICJDIiBKTklFWFBPUlQgamxvbmcgSk5JQ0FMTCBHZGlwX05BVElWRShGb250RmFtaWx5XzFuZXdfXykoSk5JRW52ICplbnYsIGpjbGFzcyB0aGF0KTs=
204	FUNCTION_OPEN	9369	9454	0	4fbdd1c337b57b974da00ef6551599dc163aeb85f5e75e25fd71605df4ac1d80	CkpOSUVYUE9SVCBqbG9uZyBKTklDQUxMIEdkaXBfTkFUSVZFKEZvbnRGYW1pbHlfMW5ld19fKQoJKEpOSUVudiAqZW52LCBqY2xhc3MgdGhhdCkKew==
205	STATEMENT	9454	9469	1	3411ceb5951bc52321d8d6cf00df310a159211846b0264e08db2a18b94173633	CglqbG9uZyByYyA9IDA7
206	STATEMENT	9469	9524	1	b523ebe4c24d496f4c32b066c029e900b101a96acad530815137660dfa5bb703	CglHZGlwX05BVElWRV9FTlRFUihlbnYsIHRoYXQsIEZvbnRGYW1pbHlfMW5ld19fX0ZVTkMpOw==
207	STATEMENT	9524	9555	1	4ffdf6b93635acecee98a9111891d49fe530f3f2c3877d603e40fc856f9bbf2d	CglyYyA9IChqbG9uZyluZXcgRm9udEZhbWlseSgpOw==
208	STATEMENT	9555	9609	1	06f00615349a1d3f922bf9984ad60af2e6d92a4da85172bff2690d1dd394e8d8	CglHZGlwX05BVElWRV9FWElUKGVudiwgdGhhdCwgRm9udEZhbWlseV8xbmV3X19fRlVOQyk7
209	STATEMENT	9609	9621	1	a028c9c9501df4846ec72c7b4432d4a3cb499b36b781bb1c38853498151d0ba7	CglyZXR1cm4gcmM7
210	FRAGMENT	9621	9622	1	01ba4719c80b6fe911b091a7c05124b64eeece964e09c058ef8f9805daca546b	Cg==
211	BLOCK_CLOSE	9622	9623	0	d10b36aa74a59bcf4a88185837f658afaf3646eff2bb16c3928d0e9335e945d2	fQ==
212	PREPROCESSOR	9623	9631	0	626de321eb397f6600939892a0009f31bc378f7e886f9acc5ec0af18db6a99a7	CiNlbmRpZgo=
213	PREPROCESSOR	9631	9665	0	35b33312dec42bcb74a51d055768b02fc79af3e1edbbda4f9f63ab50655d965a	CiNpZm5kZWYgTk9fRm9udEZhbWlseV8xbmV3X19fM0NKCg==
214	STATEMENT	9665	9790	0	bf3f7613094036892835cd6fabde77f1ee7dc8787cca5e5d13c87c47643947cc	ZXh0ZXJuICJDIiBKTklFWFBPUlQgamxvbmcgSk5JQ0FMTCBHZGlwX05BVElWRShGb250RmFtaWx5XzFuZXdfX18zQ0opKEpOSUVudiAqZW52LCBqY2xhc3MgdGhhdCwgamNoYXJBcnJheSBhcmcwLCBqbG9uZyBhcmcxKTs=
215	FUNCTION_OPEN	9790	9908	0	f17686a96b78654b43ce9d20e12dc551d5294578f887b5b6124156aef557ef9b	CkpOSUVYUE9SVCBqbG9uZyBKTklDQUxMIEdkaXBfTkFUSVZFKEZvbnRGYW1pbHlfMW5ld19fXzNDSikKCShKTklFbnYgKmVudiwgamNsYXNzIHRoYXQsIGpjaGFyQXJyYXkgYXJnMCwgamxvbmcgYXJnMSkKew==
216	STATEMENT	9908	9929	1	32d4fa5b94dcc2f72cec1836d8f945855495beb83b8fcd9e37cff5be14c8885c	CglqY2hhciAqbHBhcmcwPU5VTEw7
217	STATEMENT	9929	9944	1	3411ceb5951bc52321d8d6cf00df310a159211846b0264e08db2a18b94173633	CglqbG9uZyByYyA9IDA7
218	STATEMENT	9944	10003	1	8c69e0bf081d819be675866573c9687bcd70a10acae3234b5bbe803956a31620	CglHZGlwX05BVElWRV9FTlRFUihlbnYsIHRoYXQsIEZvbnRGYW1pbHlfMW5ld19fXzNDSl9GVU5DKTs=
219	STATEMENT	10003	10087	1	3c5ef50ade74d57937ee41fe826ce53580dd033b936cee92dce4070bbbfdfffc	CglpZiAoYXJnMCkgaWYgKChscGFyZzAgPSBlbnYtPkdldENoYXJBcnJheUVsZW1lbnRzKGFyZzAsIE5VTEwpKSA9PSBOVUxMKSBnb3RvIGZhaWw7
220	STATEMENT	10087	10169	1	3cb45523d112bb59ab09d557f8f03f38acdd27b146ee0a85c77c7df4f84228c3	CglyYyA9IChqbG9uZyluZXcgRm9udEZhbWlseSgoY29uc3QgV0NIQVIgKilscGFyZzAsIChjb25zdCBGb250Q29sbGVjdGlvbiAqKWFyZzEpOw==
221	STATEMENT	10169	10244	1	8092c6cb718c9e71917559c62b3feb0a3e187be0049282d590282a44e560bade	CmZhaWw6CglpZiAoYXJnMCAmJiBscGFyZzApIGVudi0+UmVsZWFzZUNoYXJBcnJheUVsZW1lbnRzKGFyZzAsIGxwYXJnMCwgMCk7
222	STATEMENT	10244	10302	1	f6d5b8135366c5b882e4685d11e579d657aea19d65263f1ac8734aa359d7a533	CglHZGlwX05BVElWRV9FWElUKGVudiwgdGhhdCwgRm9udEZhbWlseV8xbmV3X19fM0NKX0ZVTkMpOw==
223	STATEMENT	10302	10314	1	a028c9c9501df4846ec72c7b4432d4a3cb499b36b781bb1c38853498151d0ba7	CglyZXR1cm4gcmM7
224	FRAGMENT	10314	10315	1	01ba4719c80b6fe911b091a7c05124b64eeece964e09c058ef8f9805daca546b	Cg==
225	BLOCK_CLOSE	10315	10316	0	d10b36aa74a59bcf4a88185837f658afaf3646eff2bb16c3928d0e9335e945d2	fQ==
226	PREPROCESSOR	10316	10324	0	626de321eb397f6600939892a0009f31bc378f7e886f9acc5ec0af18db6a99a7	CiNlbmRpZgo=
227	PREPROCESSOR	10324	10352	0	0d33591321daee1185f3a99aefcb19db4b62db004975b8b12e77ea648f9b5cc4	CiNpZm5kZWYgTk9fRm9udF8xR2V0RmFtaWx5Cg==
228	STATEMENT	10352	10465	0	de115b2558109ba12a205c12489f8d31e1611e26ba5a2817598d58dc5e469afc	ZXh0ZXJuICJDIiBKTklFWFBPUlQgamludCBKTklDQUxMIEdkaXBfTkFUSVZFKEZvbnRfMUdldEZhbWlseSkoSk5JRW52ICplbnYsIGpjbGFzcyB0aGF0LCBqbG9uZyBhcmcwLCBqbG9uZyBhcmcxKTs=
229	FUNCTION_OPEN	10465	10571	0	8a586076b9fcb1bf368a2d41835d625d45b2ffd56ade3238c05414c848770535	CkpOSUVYUE9SVCBqaW50IEpOSUNBTEwgR2RpcF9OQVRJVkUoRm9udF8xR2V0RmFtaWx5KQoJKEpOSUVudiAqZW52LCBqY2xhc3MgdGhhdCwgamxvbmcgYXJnMCwgamxvbmcgYXJnMSkKew==
230	STATEMENT	10571	10585	1	ab2eac128ef6225b35f40b35e2bd8fba39be8b3b6b281960b3c51646eba99890	CglqaW50IHJjID0gMDs=
231	STATEMENT	10585	10638	1	2580cbdc983ad1fd74e7478e0eba19122e100dda504a27b9ebde531a028520ae	CglHZGlwX05BVElWRV9FTlRFUihlbnYsIHRoYXQsIEZvbnRfMUdldEZhbWlseV9GVU5DKTs=
232	STATEMENT	10638	10697	1	d5afb26a97f8910882ed3f57841631c63a2bb248a6150d863f8447c22cbe6852	CglyYyA9IChqaW50KSgoRm9udCAqKWFyZzApLT5HZXRGYW1pbHkoKEZvbnRGYW1pbHkgKilhcmcxKTs=
233	STATEMENT	10697	10749	1	2e23cd65763984e3db798ead362f9d1b215e2054a083e75ce42087a36dee86c7	CglHZGlwX05BVElWRV9FWElUKGVudiwgdGhhdCwgRm9udF8xR2V0RmFtaWx5X0ZVTkMpOw==
234	STATEMENT	10749	10761	1	a028c9c9501df4846ec72c7b4432d4a3cb499b36b781bb1c38853498151d0ba7	CglyZXR1cm4gcmM7
235	FRAGMENT	10761	10762	1	01ba4719c80b6fe911b091a7c05124b64eeece964e09c058ef8f9805daca546b	Cg==
236	BLOCK_CLOSE	10762	10763	0	d10b36aa74a59bcf4a88185837f658afaf3646eff2bb16c3928d0e9335e945d2	fQ==
237	PREPROCESSOR	10763	10771	0	626de321eb397f6600939892a0009f31bc378f7e886f9acc5ec0af18db6a99a7	CiNlbmRpZgo=
238	PREPROCESSOR	10771	10801	0	bd717efb6ce3cc48e793db0f88b77bc1e92916a4b28fadf3e939faff26626fca	CiNpZm5kZWYgTk9fRm9udF8xR2V0TG9nRm9udFcK
239	STATEMENT	10801	10928	0	3b6d62f7579ff64597b3acd8c27d47c5cc7b237114a909cbfba1417d8bbf2163	ZXh0ZXJuICJDIiBKTklFWFBPUlQgamludCBKTklDQUxMIEdkaXBfTkFUSVZFKEZvbnRfMUdldExvZ0ZvbnRXKShKTklFbnYgKmVudiwgamNsYXNzIHRoYXQsIGpsb25nIGFyZzAsIGpsb25nIGFyZzEsIGpsb25nIGFyZzIpOw==
240	FUNCTION_OPEN	10928	11048	0	c7ce824cdcee183505f9b31f00636a0d2621529af0d613795176eeb4551d851c	CkpOSUVYUE9SVCBqaW50IEpOSUNBTEwgR2RpcF9OQVRJVkUoRm9udF8xR2V0TG9nRm9udFcpCgkoSk5JRW52ICplbnYsIGpjbGFzcyB0aGF0LCBqbG9uZyBhcmcwLCBqbG9uZyBhcmcxLCBqbG9uZyBhcmcyKQp7
241	STATEMENT	11048	11062	1	ab2eac128ef6225b35f40b35e2bd8fba39be8b3b6b281960b3c51646eba99890	CglqaW50IHJjID0gMDs=
242	STATEMENT	11062	11117	1	a7ef2cfe3ce5a20ade5db43f8e1ba7a50abd85d3f8acac98942f4122f943fd7c	CglHZGlwX05BVElWRV9FTlRFUihlbnYsIHRoYXQsIEZvbnRfMUdldExvZ0ZvbnRXX0ZVTkMpOw==
243	STATEMENT	11117	11200	1	0d8be385b87a371b39788d7f31b9c14a995d90500aa53e36773b9ad5c9b5ad28	CglyYyA9IChqaW50KSgoRm9udCAqKWFyZzApLT5HZXRMb2dGb250VygoY29uc3QgR3JhcGhpY3MgKilhcmcxLCAoTE9HRk9OVFcgKilhcmcyKTs=
244	STATEMENT	11200	11254	1	3d4edb147b6f27724c4157bfab4f8b03429208ae2dbd1b351212c49daf884629	CglHZGlwX05BVElWRV9FWElUKGVudiwgdGhhdCwgRm9udF8xR2V0TG9nRm9udFdfRlVOQyk7
245	STATEMENT	11254	11266	1	a028c9c9501df4846ec72c7b4432d4a3cb499b36b781bb1c38853498151d0ba7	CglyZXR1cm4gcmM7
246	FRAGMENT	11266	11267	1	01ba4719c80b6fe911b091a7c05124b64eeece964e09c058ef8f9805daca546b	Cg==
247	BLOCK_CLOSE	11267	11268	0	d10b36aa74a59bcf4a88185837f658afaf3646eff2bb16c3928d0e9335e945d2	fQ==
248	PREPROCESSOR	11268	11276	0	626de321eb397f6600939892a0009f31bc378f7e886f9acc5ec0af18db6a99a7	CiNlbmRpZgo=
249	PREPROCESSOR	11276	11302	0	072dd859334097444afe9a20d7e0b640db3b47bbfe72268915ef34d84654e7cc	CiNpZm5kZWYgTk9fRm9udF8xR2V0U2l6ZQo=
250	STATEMENT	11302	11403	0	2f995d14ac1443dc26169fda8e601272a22ec027e57f887725c4220f1b039b98	ZXh0ZXJuICJDIiBKTklFWFBPUlQgamZsb2F0IEpOSUNBTEwgR2RpcF9OQVRJVkUoRm9udF8xR2V0U2l6ZSkoSk5JRW52ICplbnYsIGpjbGFzcyB0aGF0LCBqbG9uZyBhcmcwKTs=
251	FUNCTION_OPEN	11403	11497	0	35c7c16d8eb60edaff05eb4993e280624a2376f58d4c2eca933c9c8c845a5f97	CkpOSUVYUE9SVCBqZmxvYXQgSk5JQ0FMTCBHZGlwX05BVElWRShGb250XzFHZXRTaXplKQoJKEpOSUVudiAqZW52LCBqY2xhc3MgdGhhdCwgamxvbmcgYXJnMCkKew==
252	STATEMENT	11497	11513	1	3af60ebb2f6ad8ba48a2af243e9830dd6a1fb76962d126fa4a67d45b01321c3f	CglqZmxvYXQgcmMgPSAwOw==
253	STATEMENT	11513	11564	1	a0788a2a519131e9783ee3d55a8f663590720999a3fa4f65081f5fb98329a5c6	CglHZGlwX05BVElWRV9FTlRFUihlbnYsIHRoYXQsIEZvbnRfMUdldFNpemVfRlVOQyk7
254	STATEMENT	11564	11605	1	d32c481b1b66fb0ced8b974a5ec3c87e2e002c0c2b619a9694f73d5b40324974	CglyYyA9IChqZmxvYXQpKChGb250ICopYXJnMCktPkdldFNpemUoKTs=
255	STATEMENT	11605	11655	1	a390640d20732a91ef0e75e593152ccbf2c41bd331b546b27b0b9dfd6b85a5d0	CglHZGlwX05BVElWRV9FWElUKGVudiwgdGhhdCwgRm9udF8xR2V0U2l6ZV9GVU5DKTs=
256	STATEMENT	11655	11667	1	a028c9c9501df4846ec72c7b4432d4a3cb499b36b781bb1c38853498151d0ba7	CglyZXR1cm4gcmM7
257	FRAGMENT	11667	11668	1	01ba4719c80b6fe911b091a7c05124b64eeece964e09c058ef8f9805daca546b	Cg==
258	BLOCK_CLOSE	11668	11669	0	d10b36aa74a59bcf4a88185837f658afaf3646eff2bb16c3928d0e9335e945d2	fQ==
259	PREPROCESSOR	11669	11677	0	626de321eb397f6600939892a0009f31bc378f7e886f9acc5ec0af18db6a99a7	CiNlbmRpZgo=
260	PREPROCESSOR	11677	11704	0	f62711920bbcbc2a6c204b6e71d38b03914f2201f4580e8d82f9909285940c80	CiNpZm5kZWYgTk9fRm9udF8xR2V0U3R5bGUK
261	STATEMENT	11704	11804	0	a5177862d92415fe4da9a087876f59b05c415fd366da78ba6bb4b5bd103dae28	ZXh0ZXJuICJDIiBKTklFWFBPUlQgamludCBKTklDQUxMIEdkaXBfTkFUSVZFKEZvbnRfMUdldFN0eWxlKShKTklFbnYgKmVudiwgamNsYXNzIHRoYXQsIGpsb25nIGFyZzApOw==
262	FUNCTION_OPEN	11804	11897	0	eeca1d97e1b5a1c480179fa608d918c113ae25a4cd342a2824f7a90c36db148b	CkpOSUVYUE9SVCBqaW50IEpOSUNBTEwgR2RpcF9OQVRJVkUoRm9udF8xR2V0U3R5bGUpCgkoSk5JRW52ICplbnYsIGpjbGFzcyB0aGF0LCBqbG9uZyBhcmcwKQp7
263	STATEMENT	11897	11911	1	ab2eac128ef6225b35f40b35e2bd8fba39be8b3b6b281960b3c51646eba99890	CglqaW50IHJjID0gMDs=
264	STATEMENT	11911	11963	1	ddf7793267a0a6cf2d6cb5a5baff414d221be6868a5825e20ac333329f0bc3dd	CglHZGlwX05BVElWRV9FTlRFUihlbnYsIHRoYXQsIEZvbnRfMUdldFN0eWxlX0ZVTkMpOw==
265	STATEMENT	11963	12003	1	5c5d4bc94f9a4e2176e84b430b684d4df61d94de4deac0596f642a4709666383	CglyYyA9IChqaW50KSgoRm9udCAqKWFyZzApLT5HZXRTdHlsZSgpOw==
266	STATEMENT	12003	12054	1	0c3e6f2d77d20bac411042d4b5b3f794e7d8bcb6633dd810fb2c145ba553411f	CglHZGlwX05BVElWRV9FWElUKGVudiwgdGhhdCwgRm9udF8xR2V0U3R5bGVfRlVOQyk7
267	STATEMENT	12054	12066	1	a028c9c9501df4846ec72c7b4432d4a3cb499b36b781bb1c38853498151d0ba7	CglyZXR1cm4gcmM7
268	FRAGMENT	12066	12067	1	01ba4719c80b6fe911b091a7c05124b64eeece964e09c058ef8f9805daca546b	Cg==
269	BLOCK_CLOSE	12067	12068	0	d10b36aa74a59bcf4a88185837f658afaf3646eff2bb16c3928d0e9335e945d2	fQ==
270	PREPROCESSOR	12068	12076	0	626de321eb397f6600939892a0009f31bc378f7e886f9acc5ec0af18db6a99a7	CiNlbmRpZgo=
271	PREPROCESSOR	12076	12106	0	003ec8fb9268817f0b0572ba8e4e2c4a1b1b6ea9a0616cf61468cdbfc172590b	CiNpZm5kZWYgTk9fRm9udF8xSXNBdmFpbGFibGUK
272	STATEMENT	12106	12213	0	a2a3e120e10115529b75907e7c13f33520bda8d24cca64c7a2862a61e662a1c2	ZXh0ZXJuICJDIiBKTklFWFBPUlQgamJvb2xlYW4gSk5JQ0FMTCBHZGlwX05BVElWRShGb250XzFJc0F2YWlsYWJsZSkoSk5JRW52ICplbnYsIGpjbGFzcyB0aGF0LCBqbG9uZyBhcmcwKTs=
273	FUNCTION_OPEN	12213	12313	0	405d87a9468875e2e16929f074526a27e491a02012c8ed3b375e21be72386979	CkpOSUVYUE9SVCBqYm9vbGVhbiBKTklDQUxMIEdkaXBfTkFUSVZFKEZvbnRfMUlzQXZhaWxhYmxlKQoJKEpOSUVudiAqZW52LCBqY2xhc3MgdGhhdCwgamxvbmcgYXJnMCkKew==
274	STATEMENT	12313	12331	1	6e389c725127046540fa228f0aca981232172a088ed5b7d88f2be6db7346caa1	CglqYm9vbGVhbiByYyA9IDA7
275	STATEMENT	12331	12386	1	b44aa7e465e9518f83db314a33160b9f6d0096aaf2d4ffe1dcc5ec7bd868d520	CglHZGlwX05BVElWRV9FTlRFUihlbnYsIHRoYXQsIEZvbnRfMUlzQXZhaWxhYmxlX0ZVTkMpOw==
276	STATEMENT	12386	12433	1	240251fdf25d3f34adbe7c2e208926d6f8aa84e1b0a04be01010bef1c9445282	CglyYyA9IChqYm9vbGVhbikoKEZvbnQgKilhcmcwKS0+SXNBdmFpbGFibGUoKTs=
277	STATEMENT	12433	12487	1	52e20c9fd9f41eb5ed4bc86d35e2eef96c100c364e2f97c7da51c48c4b7bef23	CglHZGlwX05BVElWRV9FWElUKGVudiwgdGhhdCwgRm9udF8xSXNBdmFpbGFibGVfRlVOQyk7
278	STATEMENT	12487	12499	1	a028c9c9501df4846ec72c7b4432d4a3cb499b36b781bb1c38853498151d0ba7	CglyZXR1cm4gcmM7
279	FRAGMENT	12499	12500	1	01ba4719c80b6fe911b091a7c05124b64eeece964e09c058ef8f9805daca546b	Cg==
280	BLOCK_CLOSE	12500	12501	0	d10b36aa74a59bcf4a88185837f658afaf3646eff2bb16c3928d0e9335e945d2	fQ==
281	PREPROCESSOR	12501	12509	0	626de321eb397f6600939892a0009f31bc378f7e886f9acc5ec0af18db6a99a7	CiNlbmRpZgo=
282	PREPROCESSOR	12509	12534	0	c1d99d94d318d70ffd593ed274e0f7acc70e70af93f36b9431ed5081470439bc	CiNpZm5kZWYgTk9fRm9udF8xZGVsZXRlCg==
283	STATEMENT	12534	12632	0	16d8c3d1ed5dfebe359fa14d5a3dc6ea35d5f9f59ff6760c928fd6f7c272e1b0	ZXh0ZXJuICJDIiBKTklFWFBPUlQgdm9pZCBKTklDQUxMIEdkaXBfTkFUSVZFKEZvbnRfMWRlbGV0ZSkoSk5JRW52ICplbnYsIGpjbGFzcyB0aGF0LCBqbG9uZyBhcmcwKTs=
284	FUNCTION_OPEN	12632	12723	0	c58c0c8f5997e232fb3900950c8ed9c26c117c41e36164bc377732aaa4157b36	CkpOSUVYUE9SVCB2b2lkIEpOSUNBTEwgR2RpcF9OQVRJVkUoRm9udF8xZGVsZXRlKQoJKEpOSUVudiAqZW52LCBqY2xhc3MgdGhhdCwgamxvbmcgYXJnMCkKew==
285	STATEMENT	12723	12773	1	a4a54d5b34e469c54ae5aa0b52ae2f6c8ac9eb088f37209a3f2ed87d3ff7c34b	CglHZGlwX05BVElWRV9FTlRFUihlbnYsIHRoYXQsIEZvbnRfMWRlbGV0ZV9GVU5DKTs=
286	STATEMENT	12773	12795	1	8b7165b0f40ed4474fa6354cd667b2352b65e7b79ae78a4558dd220a3091262a	CglkZWxldGUgKEZvbnQgKilhcmcwOw==
287	STATEMENT	12795	12844	1	a59472f8ae633e155570b28fad72c756e1b16b0c75adef918362ee550d865781	CglHZGlwX05BVElWRV9FWElUKGVudiwgdGhhdCwgRm9udF8xZGVsZXRlX0ZVTkMpOw==
288	FRAGMENT	12844	12845	1	01ba4719c80b6fe911b091a7c05124b64eeece964e09c058ef8f9805daca546b	Cg==
289	BLOCK_CLOSE	12845	12846	0	d10b36aa74a59bcf4a88185837f658afaf3646eff2bb16c3928d0e9335e945d2	fQ==
290	PREPROCESSOR	12846	12854	0	626de321eb397f6600939892a0009f31bc378f7e886f9acc5ec0af18db6a99a7	CiNlbmRpZgo=
291	PREPROCESSOR	12854	12882	0	a331d1d7eb8838087345d269173408bf3e5d62e9c711e9a056dc7a7df951a7ef	CiNpZm5kZWYgTk9fRm9udF8xbmV3X19KRklJCg==
292	STATEMENT	12882	13019	0	d57a4e113c8d3311c3908ecea6414b50145b2f997996b737637979b00e38191c	ZXh0ZXJuICJDIiBKTklFWFBPUlQgamxvbmcgSk5JQ0FMTCBHZGlwX05BVElWRShGb250XzFuZXdfX0pGSUkpKEpOSUVudiAqZW52LCBqY2xhc3MgdGhhdCwgamxvbmcgYXJnMCwgamZsb2F0IGFyZzEsIGppbnQgYXJnMiwgamludCBhcmczKTs=
293	FUNCTION_OPEN	13019	13149	0	cfa66b858195eaeb0127ebb04a71c7bce1f76a792913ff82f316db224b27a7a6	CkpOSUVYUE9SVCBqbG9uZyBKTklDQUxMIEdkaXBfTkFUSVZFKEZvbnRfMW5ld19fSkZJSSkKCShKTklFbnYgKmVudiwgamNsYXNzIHRoYXQsIGpsb25nIGFyZzAsIGpmbG9hdCBhcmcxLCBqaW50IGFyZzIsIGppbnQgYXJnMykKew==
294	STATEMENT	13149	13164	1	3411ceb5951bc52321d8d6cf00df310a159211846b0264e08db2a18b94173633	CglqbG9uZyByYyA9IDA7
295	STATEMENT	13164	13217	1	00b8d261a9bb1179b449091a84c2c7aa774d071dd78995ad8e4dcdfda6797658	CglHZGlwX05BVElWRV9FTlRFUihlbnYsIHRoYXQsIEZvbnRfMW5ld19fSkZJSV9GVU5DKTs=
296	STATEMENT	13217	13301	1	2c490fb5ca39bcbe360f8ed886921f9e3f15efdec3eb43b2138c7c236b7f4180	CglyYyA9IChqbG9uZyluZXcgRm9udCgoY29uc3QgRm9udEZhbWlseSAqKWFyZzAsIChSRUFMKWFyZzEsIChJTlQpYXJnMiwgKFVuaXQpYXJnMyk7
297	STATEMENT	13301	13353	1	8b0ff0ff10c18424445f9b2516b600b194c31da1e52b5e83728ec6588418d8c4	CglHZGlwX05BVElWRV9FWElUKGVudiwgdGhhdCwgRm9udF8xbmV3X19KRklJX0ZVTkMpOw==
298	STATEMENT	13353	13365	1	a028c9c9501df4846ec72c7b4432d4a3cb499b36b781bb1c38853498151d0ba7	CglyZXR1cm4gcmM7
299	FRAGMENT	13365	13366	1	01ba4719c80b6fe911b091a7c05124b64eeece964e09c058ef8f9805daca546b	Cg==
300	BLOCK_CLOSE	13366	13367	0	d10b36aa74a59bcf4a88185837f658afaf3646eff2bb16c3928d0e9335e945d2	fQ==
301	PREPROCESSOR	13367	13375	0	626de321eb397f6600939892a0009f31bc378f7e886f9acc5ec0af18db6a99a7	CiNlbmRpZgo=
302	PREPROCESSOR	13375	13401	0	fd9eb4379c4d4975bd471e4a0ab545ca2ca5b82e7e97e218a886b7b3535c498f	CiNpZm5kZWYgTk9fRm9udF8xbmV3X19KSgo=
303	STATEMENT	13401	13513	0	641077660d798318586bf3263e576a75539785f39521d6e87110bc8b6f63e260	ZXh0ZXJuICJDIiBKTklFWFBPUlQgamxvbmcgSk5JQ0FMTCBHZGlwX05BVElWRShGb250XzFuZXdfX0pKKShKTklFbnYgKmVudiwgamNsYXNzIHRoYXQsIGpsb25nIGFyZzAsIGpsb25nIGFyZzEpOw==
304	FUNCTION_OPEN	13513	13618	0	bb0875aa151cdd402cffc015e573d7df6897b41c50c0ffe620aaf506935bb3e0	CkpOSUVYUE9SVCBqbG9uZyBKTklDQUxMIEdkaXBfTkFUSVZFKEZvbnRfMW5ld19fSkopCgkoSk5JRW52ICplbnYsIGpjbGFzcyB0aGF0LCBqbG9uZyBhcmcwLCBqbG9uZyBhcmcxKQp7
305	STATEMENT	13618	13633	1	3411ceb5951bc52321d8d6cf00df310a159211846b0264e08db2a18b94173633	CglqbG9uZyByYyA9IDA7
306	STATEMENT	13633	13684	1	4714b3df62e27a4cb9807db31fd72e994b6a2aa17cab5a208ce5af136d1f6fe0	CglHZGlwX05BVElWRV9FTlRFUihlbnYsIHRoYXQsIEZvbnRfMW5ld19fSkpfRlVOQyk7
307	STATEMENT	13684	13731	1	4abe00a0c333f2744ed8eb4b2cbeeaa43137ab6164cd8df865b082f284579540	CglyYyA9IChqbG9uZyluZXcgRm9udCgoSERDKWFyZzAsIChIRk9OVClhcmcxKTs=
308	STATEMENT	13731	13781	1	950a5983452e99e5845979d3697791abdcdce8715734ddda56d4e31671862100	CglHZGlwX05BVElWRV9FWElUKGVudiwgdGhhdCwgRm9udF8xbmV3X19KSl9GVU5DKTs=
309	STATEMENT	13781	13793	1	a028c9c9501df4846ec72c7b4432d4a3cb499b36b781bb1c38853498151d0ba7	CglyZXR1cm4gcmM7
310	FRAGMENT	13793	13794	1	01ba4719c80b6fe911b091a7c05124b64eeece964e09c058ef8f9805daca546b	Cg==
311	BLOCK_CLOSE	13794	13795	0	d10b36aa74a59bcf4a88185837f658afaf3646eff2bb16c3928d0e9335e945d2	fQ==
312	PREPROCESSOR	13795	13803	0	626de321eb397f6600939892a0009f31bc378f7e886f9acc5ec0af18db6a99a7	CiNlbmRpZgo=
313	PREPROCESSOR	13803	13834	0	9273455dbc1040b4e47fb5de5d8620380fabee6d842f335ddae669f80da7b7df	CiNpZm5kZWYgTk9fRm9udF8xbmV3X19fM0NGSUlKCg==
314	STATEMENT	13834	13991	0	3a6f7421bfbc3f40128e0856e0c428f0fd174be3ca27e3827bf5536f8afbc28a	ZXh0ZXJuICJDIiBKTklFWFBPUlQgamxvbmcgSk5JQ0FMTCBHZGlwX05BVElWRShGb250XzFuZXdfX18zQ0ZJSUopKEpOSUVudiAqZW52LCBqY2xhc3MgdGhhdCwgamNoYXJBcnJheSBhcmcwLCBqZmxvYXQgYXJnMSwgamludCBhcmcyLCBqaW50IGFyZzMsIGpsb25nIGFyZzQpOw==
315	FUNCTION_OPEN	13991	14141	0	e5364d7997a98dbfb9b1d6a361f90f08e503ed6b46c86b810e46bc4707596b55	CkpOSUVYUE9SVCBqbG9uZyBKTklDQUxMIEdkaXBfTkFUSVZFKEZvbnRfMW5ld19fXzNDRklJSikKCShKTklFbnYgKmVudiwgamNsYXNzIHRoYXQsIGpjaGFyQXJyYXkgYXJnMCwgamZsb2F0IGFyZzEsIGppbnQgYXJnMiwgamludCBhcmczLCBqbG9uZyBhcmc0KQp7
316	STATEMENT	14141	14162	1	32d4fa5b94dcc2f72cec1836d8f945855495beb83b8fcd9e37cff5be14c8885c	CglqY2hhciAqbHBhcmcwPU5VTEw7
317	STATEMENT	14162	14177	1	3411ceb5951bc52321d8d6cf00df310a159211846b0264e08db2a18b94173633	CglqbG9uZyByYyA9IDA7
318	STATEMENT	14177	14233	1	666f828a8f2d95c8ec05fcb8fa5c642bc6bc1f0c60bf15664b704ad6243f93df	CglHZGlwX05BVElWRV9FTlRFUihlbnYsIHRoYXQsIEZvbnRfMW5ld19fXzNDRklJSl9GVU5DKTs=
319	STATEMENT	14233	14317	1	3c5ef50ade74d57937ee41fe826ce53580dd033b936cee92dce4070bbbfdfffc	CglpZiAoYXJnMCkgaWYgKChscGFyZzAgPSBlbnYtPkdldENoYXJBcnJheUVsZW1lbnRzKGFyZzAsIE5VTEwpKSA9PSBOVUxMKSBnb3RvIGZhaWw7
320	STATEMENT	14317	14428	1	29d61fd2d5a01076d442b082795559a6e879ed5038a6af2a86879b042e2e29b1	CglyYyA9IChqbG9uZyluZXcgRm9udCgoY29uc3QgV0NIQVIgKilscGFyZzAsIChSRUFMKWFyZzEsIChJTlQpYXJnMiwgKFVuaXQpYXJnMywgKGNvbnN0IEZvbnRDb2xsZWN0aW9uICopYXJnNCk7
321	STATEMENT	14428	14503	1	8092c6cb718c9e71917559c62b3feb0a3e187be0049282d590282a44e560bade	CmZhaWw6CglpZiAoYXJnMCAmJiBscGFyZzApIGVudi0+UmVsZWFzZUNoYXJBcnJheUVsZW1lbnRzKGFyZzAsIGxwYXJnMCwgMCk7
322	STATEMENT	14503	14558	1	8df0ae7537df53f35b0e2951d102d9bbf8a07d3fc07809eb28b26f878a0a6d10	CglHZGlwX05BVElWRV9FWElUKGVudiwgdGhhdCwgRm9udF8xbmV3X19fM0NGSUlKX0ZVTkMpOw==
323	STATEMENT	14558	14570	1	a028c9c9501df4846ec72c7b4432d4a3cb499b36b781bb1c38853498151d0ba7	CglyZXR1cm4gcmM7
324	FRAGMENT	14570	14571	1	01ba4719c80b6fe911b091a7c05124b64eeece964e09c058ef8f9805daca546b	Cg==
325	BLOCK_CLOSE	14571	14572	0	d10b36aa74a59bcf4a88185837f658afaf3646eff2bb16c3928d0e9335e945d2	fQ==
326	PREPROCESSOR	14572	14580	0	626de321eb397f6600939892a0009f31bc378f7e886f9acc5ec0af18db6a99a7	CiNlbmRpZgo=
327	PREPROCESSOR	14580	14608	0	76714bf272f8c329610e49de1e048fdba079ad3fa2438ffbe03407f2903afc39	CiNpZm5kZWYgTk9fR2RpcGx1c1NodXRkb3duCg==
328	STATEMENT	14608	14709	0	59d18b26156e58f0aec86064a69452694a46615acbad0c62ffeb2de0b971fa89	ZXh0ZXJuICJDIiBKTklFWFBPUlQgdm9pZCBKTklDQUxMIEdkaXBfTkFUSVZFKEdkaXBsdXNTaHV0ZG93bikoSk5JRW52ICplbnYsIGpjbGFzcyB0aGF0LCBqbG9uZyBhcmcwKTs=
329	FUNCTION_OPEN	14709	14803	0	a9325f6554950119b9b9b8d82dbe815d26e694831d11a9a23fe7a765db76e116	CkpOSUVYUE9SVCB2b2lkIEpOSUNBTEwgR2RpcF9OQVRJVkUoR2RpcGx1c1NodXRkb3duKQoJKEpOSUVudiAqZW52LCBqY2xhc3MgdGhhdCwgamxvbmcgYXJnMCkKew==
330	STATEMENT	14803	14856	1	5719fe4c1d33b9358509a8f3d6ceb2a5234a647b30205fd390d2931680f9b2da	CglHZGlwX05BVElWRV9FTlRFUihlbnYsIHRoYXQsIEdkaXBsdXNTaHV0ZG93bl9GVU5DKTs=
331	STATEMENT	14856	14891	1	6139d6fb998ea05a36ed84d40e122d71597f60837f49e8422a73af6686ac0c6f	CglHZGlwbHVzU2h1dGRvd24oKFVMT05HX1BUUilhcmcwKTs=
332	STATEMENT	14891	14943	1	b4b3a1a2b4dc5e356196e547abd6fda5699e56100c6fea376ef0ce1ab0e8ea00	CglHZGlwX05BVElWRV9FWElUKGVudiwgdGhhdCwgR2RpcGx1c1NodXRkb3duX0ZVTkMpOw==
333	FRAGMENT	14943	14944	1	01ba4719c80b6fe911b091a7c05124b64eeece964e09c058ef8f9805daca546b	Cg==
334	BLOCK_CLOSE	14944	14945	0	d10b36aa74a59bcf4a88185837f658afaf3646eff2bb16c3928d0e9335e945d2	fQ==
335	PREPROCESSOR	14945	14953	0	626de321eb397f6600939892a0009f31bc378f7e886f9acc5ec0af18db6a99a7	CiNlbmRpZgo=
336	PREPROCESSOR	14953	14980	0	86edf6465679749f9bbf9330fabbba0da60ad683db882649687bb6ead4d26296	CiNpZm5kZWYgTk9fR2RpcGx1c1N0YXJ0dXAK
337	STATEMENT	14980	15111	0	af003c6bbfdf6292055ce9eb2439896775dba597e5c40e8fb88e1dd13dceb758	ZXh0ZXJuICJDIiBKTklFWFBPUlQgamludCBKTklDQUxMIEdkaXBfTkFUSVZFKEdkaXBsdXNTdGFydHVwKShKTklFbnYgKmVudiwgamNsYXNzIHRoYXQsIGpsb25nQXJyYXkgYXJnMCwgam9iamVjdCBhcmcxLCBqbG9uZyBhcmcyKTs=
338	FUNCTION_OPEN	15111	15235	0	785d19e1c7a980875df40ee4dad125b9b0749e77919dba68ee458dab01857a90	CkpOSUVYUE9SVCBqaW50IEpOSUNBTEwgR2RpcF9OQVRJVkUoR2RpcGx1c1N0YXJ0dXApCgkoSk5JRW52ICplbnYsIGpjbGFzcyB0aGF0LCBqbG9uZ0FycmF5IGFyZzAsIGpvYmplY3QgYXJnMSwgamxvbmcgYXJnMikKew==
339	STATEMENT	15235	15256	1	269c79e903cf4404638855d5b1a56c81a078535d3397034f7cd1f2e717aeffe9	CglqbG9uZyAqbHBhcmcwPU5VTEw7
340	STATEMENT	15256	15298	1	5719fbcd879361c8655d24f270bb40fa00d21c98f3bb4d93d36eab9de9a8d546	CglHZGlwbHVzU3RhcnR1cElucHV0IF9hcmcxLCAqbHBhcmcxPU5VTEw7
341	STATEMENT	15298	15312	1	ab2eac128ef6225b35f40b35e2bd8fba39be8b3b6b281960b3c51646eba99890	CglqaW50IHJjID0gMDs=
342	STATEMENT	15312	15364	1	79c2fc59e1a273a9ab224b60ed0fd0247181601c8af53315ecd025122ee554a0	CglHZGlwX05BVElWRV9FTlRFUihlbnYsIHRoYXQsIEdkaXBsdXNTdGFydHVwX0ZVTkMpOw==
343	STATEMENT	15364	15448	1	026de39fa17f9f39c5d7ee92ba98ab2d64e2b448a927dee111ca4ba7b0ff1b4e	CglpZiAoYXJnMCkgaWYgKChscGFyZzAgPSBlbnYtPkdldExvbmdBcnJheUVsZW1lbnRzKGFyZzAsIE5VTEwpKSA9PSBOVUxMKSBnb3RvIGZhaWw7
344	STATEMENT	15448	15542	1	e2a8eb6813289fcb36db6f5462401ed540f9b5c8504f582d897b48b72b4c3d08	CglpZiAoYXJnMSkgaWYgKChscGFyZzEgPSBnZXRHZGlwbHVzU3RhcnR1cElucHV0RmllbGRzKGVudiwgYXJnMSwgJl9hcmcxKSkgPT0gTlVMTCkgZ290byBmYWlsOw==
345	STATEMENT	15542	15658	1	33ebf6634ba029b95e1e1cfb7365c8a67cb123a9efc14a4316d9faf053cbe579	CglyYyA9IChqaW50KUdkaXBsdXNTdGFydHVwKChVTE9OR19QVFIgKilscGFyZzAsIChjb25zdCBHZGlwbHVzU3RhcnR1cElucHV0ICopbHBhcmcxLCAoR2RpcGx1c1N0YXJ0dXBPdXRwdXQgKilhcmcyKTs=
346	STATEMENT	15658	15734	1	655b3eec1986d9ca70c5261a682d655b2d9d19b9f3ace73e549e2c5b2f67840d	CmZhaWw6CglpZiAoYXJnMSAmJiBscGFyZzEpIHNldEdkaXBsdXNTdGFydHVwSW5wdXRGaWVsZHMoZW52LCBhcmcxLCBscGFyZzEpOw==
347	STATEMENT	15734	15803	1	9ea363f4171741d557d605bf39d2c712a2c5b9822840bc6466247940e3aa1403	CglpZiAoYXJnMCAmJiBscGFyZzApIGVudi0+UmVsZWFzZUxvbmdBcnJheUVsZW1lbnRzKGFyZzAsIGxwYXJnMCwgMCk7
348	STATEMENT	15803	15854	1	bbc6207397e7e7d0acf652dc5a115abdf26e39e903dbee715722c4a95a391d6f	CglHZGlwX05BVElWRV9FWElUKGVudiwgdGhhdCwgR2RpcGx1c1N0YXJ0dXBfRlVOQyk7
349	STATEMENT	15854	15866	1	a028c9c9501df4846ec72c7b4432d4a3cb499b36b781bb1c38853498151d0ba7	CglyZXR1cm4gcmM7
350	FRAGMENT	15866	15867	1	01ba4719c80b6fe911b091a7c05124b64eeece964e09c058ef8f9805daca546b	Cg==
351	BLOCK_CLOSE	15867	15868	0	d10b36aa74a59bcf4a88185837f658afaf3646eff2bb16c3928d0e9335e945d2	fQ==
352	PREPROCESSOR	15868	15876	0	626de321eb397f6600939892a0009f31bc378f7e886f9acc5ec0af18db6a99a7	CiNlbmRpZgo=
353	PREPROCESSOR	15876	15916	0	82a359bed77167b52f629ee59c5df103f00ebe1f87d5be1a026009b6b95d0409	CiNpZm5kZWYgTk9fR2RpcGx1c1N0YXJ0dXBJbnB1dF8xc2l6ZW9mCg==
354	STATEMENT	15916	16017	0	0261cb35de7a51c4bbef7d8525e1d339a232191b482bda3745d4bb502ecc2229	ZXh0ZXJuICJDIiBKTklFWFBPUlQgamludCBKTklDQUxMIEdkaXBfTkFUSVZFKEdkaXBsdXNTdGFydHVwSW5wdXRfMXNpemVvZikoSk5JRW52ICplbnYsIGpjbGFzcyB0aGF0KTs=
355	FUNCTION_OPEN	16017	16111	0	c15675a98529bd46c8cdcb887714933caf6065380aaadb5701d724be85b24a2f	CkpOSUVYUE9SVCBqaW50IEpOSUNBTEwgR2RpcF9OQVRJVkUoR2RpcGx1c1N0YXJ0dXBJbnB1dF8xc2l6ZW9mKQoJKEpOSUVudiAqZW52LCBqY2xhc3MgdGhhdCkKew==
356	STATEMENT	16111	16125	1	ab2eac128ef6225b35f40b35e2bd8fba39be8b3b6b281960b3c51646eba99890	CglqaW50IHJjID0gMDs=
357	STATEMENT	16125	16190	1	b5660bc5fcefb6c3316a8e9f185ac4ac1747f39fbb1a45c9a864bee3041414b7	CglHZGlwX05BVElWRV9FTlRFUihlbnYsIHRoYXQsIEdkaXBsdXNTdGFydHVwSW5wdXRfMXNpemVvZl9GVU5DKTs=
358	STATEMENT	16190	16232	1	a995477bf6a88ef4d373db0843aeebc019b984dbe03f03842e5764efc1171bd3	CglyYyA9IChqaW50KUdkaXBsdXNTdGFydHVwSW5wdXRfc2l6ZW9mKCk7
359	STATEMENT	16232	16296	1	50caf3de40754922f06ae809067fa495bf618f8e9609dd530e9d12faed1460bd	CglHZGlwX05BVElWRV9FWElUKGVudiwgdGhhdCwgR2RpcGx1c1N0YXJ0dXBJbnB1dF8xc2l6ZW9mX0ZVTkMpOw==
360	STATEMENT	16296	16308	1	a028c9c9501df4846ec72c7b4432d4a3cb499b36b781bb1c38853498151d0ba7	CglyZXR1cm4gcmM7
361	FRAGMENT	16308	16309	1	01ba4719c80b6fe911b091a7c05124b64eeece964e09c058ef8f9805daca546b	Cg==
362	BLOCK_CLOSE	16309	16310	0	d10b36aa74a59bcf4a88185837f658afaf3646eff2bb16c3928d0e9335e945d2	fQ==
363	PREPROCESSOR	16310	16318	0	626de321eb397f6600939892a0009f31bc378f7e886f9acc5ec0af18db6a99a7	CiNlbmRpZgo=
364	PREPROCESSOR	16318	16351	0	9bc9a075bfb5cc1863477152511bfbf15d0f2589b2e2586626abadfbfc6e9af9	CiNpZm5kZWYgTk9fR3JhcGhpY3NQYXRoXzFBZGRBcmMK
365	STATEMENT	16351	16535	0	f05f465f64c2a5dc6bf6ed35f5f3d17e12f81e99a49e0afda7afde52cb0f7e2f	ZXh0ZXJuICJDIiBKTklFWFBPUlQgamludCBKTklDQUxMIEdkaXBfTkFUSVZFKEdyYXBoaWNzUGF0aF8xQWRkQXJjKShKTklFbnYgKmVudiwgamNsYXNzIHRoYXQsIGpsb25nIGFyZzAsIGpmbG9hdCBhcmcxLCBqZmxvYXQgYXJnMiwgamZsb2F0IGFyZzMsIGpmbG9hdCBhcmc0LCBqZmxvYXQgYXJnNSwgamZsb2F0IGFyZzYpOw==
366	FUNCTION_OPEN	16535	16712	0	612f751fabbde24b20732d857fa124899e0457b72891374e3146a29a2ccc7585	CkpOSUVYUE9SVCBqaW50IEpOSUNBTEwgR2RpcF9OQVRJVkUoR3JhcGhpY3NQYXRoXzFBZGRBcmMpCgkoSk5JRW52ICplbnYsIGpjbGFzcyB0aGF0LCBqbG9uZyBhcmcwLCBqZmxvYXQgYXJnMSwgamZsb2F0IGFyZzIsIGpmbG9hdCBhcmczLCBqZmxvYXQgYXJnNCwgamZsb2F0IGFyZzUsIGpmbG9hdCBhcmc2KQp7
367	STATEMENT	16712	16726	1	ab2eac128ef6225b35f40b35e2bd8fba39be8b3b6b281960b3c51646eba99890	CglqaW50IHJjID0gMDs=
368	STATEMENT	16726	16784	1	7f59d66f7a19495cf9f7d10123510c88385b8e125340328686676ea2d4a13e9f	CglHZGlwX05BVElWRV9FTlRFUihlbnYsIHRoYXQsIEdyYXBoaWNzUGF0aF8xQWRkQXJjX0ZVTkMpOw==
369	STATEMENT	16784	16900	1	dd2e84c6768d8e06c2a182c14c7d23ed9d23f0b82b3bf51e4b164b6cdb496f80	CglyYyA9IChqaW50KSgoR3JhcGhpY3NQYXRoICopYXJnMCktPkFkZEFyYygoUkVBTClhcmcxLCAoUkVBTClhcmcyLCAoUkVBTClhcmczLCAoUkVBTClhcmc0LCAoUkVBTClhcmc1LCAoUkVBTClhcmc2KTs=
370	STATEMENT	16900	16957	1	1a48392c6cf9ee6026ba6352b3f5e4d7bbfec086f6f820f9dc3081d894f25264	CglHZGlwX05BVElWRV9FWElUKGVudiwgdGhhdCwgR3JhcGhpY3NQYXRoXzFBZGRBcmNfRlVOQyk7
371	STATEMENT	16957	16969	1	a028c9c9501df4846ec72c7b4432d4a3cb499b36b781bb1c38853498151d0ba7	CglyZXR1cm4gcmM7
372	FRAGMENT	16969	16970	1	01ba4719c80b6fe911b091a7c05124b64eeece964e09c058ef8f9805daca546b	Cg==
373	BLOCK_CLOSE	16970	16971	0	d10b36aa74a59bcf4a88185837f658afaf3646eff2bb16c3928d0e9335e945d2	fQ==
374	PREPROCESSOR	16971	16979	0	626de321eb397f6600939892a0009f31bc378f7e886f9acc5ec0af18db6a99a7	CiNlbmRpZgo=
375	PREPROCESSOR	16979	17015	0	6a17028a01b0a793cee3044f01927faf29b6a93eb023a3523dbae702196e4d90	CiNpZm5kZWYgTk9fR3JhcGhpY3NQYXRoXzFBZGRCZXppZXIK
376	STATEMENT	17015	17228	0	f96f924d17a082afe2931fe3081311731a617a5a4a540333eaafffe70973f245	ZXh0ZXJuICJDIiBKTklFWFBPUlQgamludCBKTklDQUxMIEdkaXBfTkFUSVZFKEdyYXBoaWNzUGF0aF8xQWRkQmV6aWVyKShKTklFbnYgKmVudiwgamNsYXNzIHRoYXQsIGpsb25nIGFyZzAsIGpmbG9hdCBhcmcxLCBqZmxvYXQgYXJnMiwgamZsb2F0IGFyZzMsIGpmbG9hdCBhcmc0LCBqZmxvYXQgYXJnNSwgamZsb2F0IGFyZzYsIGpmbG9hdCBhcmc3LCBqZmxvYXQgYXJnOCk7
377	FUNCTION_OPEN	17228	17434	0	7e6755d9e503c77a639cd74d09b973bb61811ee55b75c443a4c91f8cb46e5b54	CkpOSUVYUE9SVCBqaW50IEpOSUNBTEwgR2RpcF9OQVRJVkUoR3JhcGhpY3NQYXRoXzFBZGRCZXppZXIpCgkoSk5JRW52ICplbnYsIGpjbGFzcyB0aGF0LCBqbG9uZyBhcmcwLCBqZmxvYXQgYXJnMSwgamZsb2F0IGFyZzIsIGpmbG9hdCBhcmczLCBqZmxvYXQgYXJnNCwgamZsb2F0IGFyZzUsIGpmbG9hdCBhcmc2LCBqZmxvYXQgYXJnNywgamZsb2F0IGFyZzgpCns=
378	STATEMENT	17434	17448	1	ab2eac128ef6225b35f40b35e2bd8fba39be8b3b6b281960b3c51646eba99890	CglqaW50IHJjID0gMDs=
379	STATEMENT	17448	17509	1	5afb64c4cb9b2b7fd90b7cae09dbfeb5f4be028fb9e48f9b7d6bc1abea1f63a6	CglHZGlwX05BVElWRV9FTlRFUihlbnYsIHRoYXQsIEdyYXBoaWNzUGF0aF8xQWRkQmV6aWVyX0ZVTkMpOw==
380	STATEMENT	17509	17652	1	987d6a58285222fa14ba4c7bb866a5a25ac4a13e248a56f4f9549f197dce0a6c	CglyYyA9IChqaW50KSgoR3JhcGhpY3NQYXRoICopYXJnMCktPkFkZEJlemllcigoUkVBTClhcmcxLCAoUkVBTClhcmcyLCAoUkVBTClhcmczLCAoUkVBTClhcmc0LCAoUkVBTClhcmc1LCAoUkVBTClhcmc2LCAoUkVBTClhcmc3LCAoUkVBTClhcmc4KTs=
381	STATEMENT	17652	17712	1	683f1ad55f6b9fba91ac7c2647ef5dc23dae0c40a67ae4ce57594924d4b65b0f	CglHZGlwX05BVElWRV9FWElUKGVudiwgdGhhdCwgR3JhcGhpY3NQYXRoXzFBZGRCZXppZXJfRlVOQyk7
382	STATEMENT	17712	17724	1	a028c9c9501df4846ec72c7b4432d4a3cb499b36b781bb1c38853498151d0ba7	CglyZXR1cm4gcmM7
383	FRAGMENT	17724	17725	1	01ba4719c80b6fe911b091a7c05124b64eeece964e09c058ef8f9805daca546b	Cg==
384	BLOCK_CLOSE	17725	17726	0	d10b36aa74a59bcf4a88185837f658afaf3646eff2bb16c3928d0e9335e945d2	fQ==
385	PREPROCESSOR	17726	17734	0	626de321eb397f6600939892a0009f31bc378f7e886f9acc5ec0af18db6a99a7	CiNlbmRpZgo=
386	PREPROCESSOR	17734	17768	0	3996b634a1ba56e4a26a421e6a0fe2ca6adc9e8ac83d10b864fbcf35c5a21b05	CiNpZm5kZWYgTk9fR3JhcGhpY3NQYXRoXzFBZGRMaW5lCg==
387	STATEMENT	17768	17927	0	181dc16926e665d925f84f87ec36e495c3fb608492a6a113c74da1c818898112	ZXh0ZXJuICJDIiBKTklFWFBPUlQgamludCBKTklDQUxMIEdkaXBfTkFUSVZFKEdyYXBoaWNzUGF0aF8xQWRkTGluZSkoSk5JRW52ICplbnYsIGpjbGFzcyB0aGF0LCBqbG9uZyBhcmcwLCBqZmxvYXQgYXJnMSwgamZsb2F0IGFyZzIsIGpmbG9hdCBhcmczLCBqZmxvYXQgYXJnNCk7
388	FUNCTION_OPEN	17927	18079	0	f87995f430681577b13ad7cc5e614bba57e97bb77813037514a47f236c4db5d8	CkpOSUVYUE9SVCBqaW50IEpOSUNBTEwgR2RpcF9OQVRJVkUoR3JhcGhpY3NQYXRoXzFBZGRMaW5lKQoJKEpOSUVudiAqZW52LCBqY2xhc3MgdGhhdCwgamxvbmcgYXJnMCwgamZsb2F0IGFyZzEsIGpmbG9hdCBhcmcyLCBqZmxvYXQgYXJnMywgamZsb2F0IGFyZzQpCns=
389	STATEMENT	18079	18093	1	ab2eac128ef6225b35f40b35e2bd8fba39be8b3b6b281960b3c51646eba99890	CglqaW50IHJjID0gMDs=
390	STATEMENT	18093	18152	1	a701c2baafbced9ecc799ccda57efec9ac2b4834adbb9e7e2cf2dc3335795e62	CglHZGlwX05BVElWRV9FTlRFUihlbnYsIHRoYXQsIEdyYXBoaWNzUGF0aF8xQWRkTGluZV9GVU5DKTs=
391	STATEMENT	18152	18245	1	780b2853c70b276ace7e382628cfbaf80136b99156b14b8a7176fafe580d6b05	CglyYyA9IChqaW50KSgoR3JhcGhpY3NQYXRoICopYXJnMCktPkFkZExpbmUoKFJFQUwpYXJnMSwgKFJFQUwpYXJnMiwgKFJFQUwpYXJnMywgKFJFQUwpYXJnNCk7
392	STATEMENT	18245	18303	1	3f78429248893fec0603c8d5d77916c2b83ef366274dcce65925952ecf3e44a5	CglHZGlwX05BVElWRV9FWElUKGVudiwgdGhhdCwgR3JhcGhpY3NQYXRoXzFBZGRMaW5lX0ZVTkMpOw==
393	STATEMENT	18303	18315	1	a028c9c9501df4846ec72c7b4432d4a3cb499b36b781bb1c38853498151d0ba7	CglyZXR1cm4gcmM7
394	FRAGMENT	18315	18316	1	01ba4719c80b6fe911b091a7c05124b64eeece964e09c058ef8f9805daca546b	Cg==
395	BLOCK_CLOSE	18316	18317	0	d10b36aa74a59bcf4a88185837f658afaf3646eff2bb16c3928d0e9335e945d2	fQ==
396	PREPROCESSOR	18317	18325	0	626de321eb397f6600939892a0009f31bc378f7e886f9acc5ec0af18db6a99a7	CiNlbmRpZgo=
397	PREPROCESSOR	18325	18359	0	c9d64c56cb0c53f4f2da6931910a8d7c8403f0e13608430c272103a651a3a53e	CiNpZm5kZWYgTk9fR3JhcGhpY3NQYXRoXzFBZGRQYXRoCg==
398	STATEMENT	18359	18493	0	cdd1182700ead224bcf4cfd65967b7721557eac8bc95eb40284a3ff9436204b4	ZXh0ZXJuICJDIiBKTklFWFBPUlQgamludCBKTklDQUxMIEdkaXBfTkFUSVZFKEdyYXBoaWNzUGF0aF8xQWRkUGF0aCkoSk5JRW52ICplbnYsIGpjbGFzcyB0aGF0LCBqbG9uZyBhcmcwLCBqbG9uZyBhcmcxLCBqYm9vbGVhbiBhcmcyKTs=
399	FUNCTION_OPEN	18493	18620	0	dfa74829e4f64a9575c69e89a26b2eca1b3877a2a930cfee69c210228f5521b3	CkpOSUVYUE9SVCBqaW50IEpOSUNBTEwgR2RpcF9OQVRJVkUoR3JhcGhpY3NQYXRoXzFBZGRQYXRoKQoJKEpOSUVudiAqZW52LCBqY2xhc3MgdGhhdCwgamxvbmcgYXJnMCwgamxvbmcgYXJnMSwgamJvb2xlYW4gYXJnMikKew==
400	STATEMENT	18620	18634	1	ab2eac128ef6225b35f40b35e2bd8fba39be8b3b6b281960b3c51646eba99890	CglqaW50IHJjID0gMDs=
401	STATEMENT	18634	18693	1	25929cee8761bec36ea293bda7f92af4fc38d16611ae2a279b7529752e3a324a	CglHZGlwX05BVElWRV9FTlRFUihlbnYsIHRoYXQsIEdyYXBoaWNzUGF0aF8xQWRkUGF0aF9GVU5DKTs=
402	STATEMENT	18693	18772	1	6f8b3aa01f5efb5bae9ce419eed30ff0befd9bbfdb40c1e3b3615bb607c4c0be	CglyYyA9IChqaW50KSgoR3JhcGhpY3NQYXRoICopYXJnMCktPkFkZFBhdGgoKEdyYXBoaWNzUGF0aCAqKWFyZzEsIChCT09MKWFyZzIpOw==
403	STATEMENT	18772	18830	1	bf316022c4338c5f6cd266f8d9463b793cbaa6b78df76a1124537cc362ea1ca7	CglHZGlwX05BVElWRV9FWElUKGVudiwgdGhhdCwgR3JhcGhpY3NQYXRoXzFBZGRQYXRoX0ZVTkMpOw==
404	STATEMENT	18830	18842	1	a028c9c9501df4846ec72c7b4432d4a3cb499b36b781bb1c38853498151d0ba7	CglyZXR1cm4gcmM7
405	FRAGMENT	18842	18843	1	01ba4719c80b6fe911b091a7c05124b64eeece964e09c058ef8f9805daca546b	Cg==
406	BLOCK_CLOSE	18843	18844	0	d10b36aa74a59bcf4a88185837f658afaf3646eff2bb16c3928d0e9335e945d2	fQ==
407	PREPROCESSOR	18844	18852	0	626de321eb397f6600939892a0009f31bc378f7e886f9acc5ec0af18db6a99a7	CiNlbmRpZgo=
408	PREPROCESSOR	18852	18891	0	9f41abec126eb35c5d779597d1c427c981cd87428501d4842769237598ab9680	CiNpZm5kZWYgTk9fR3JhcGhpY3NQYXRoXzFBZGRSZWN0YW5nbGUK
409	STATEMENT	18891	19017	0	8d917707ebcaf8882cd63fddc77957d0194d909f41a0c5e2fa9f0fe1b87d45a0	ZXh0ZXJuICJDIiBKTklFWFBPUlQgamludCBKTklDQUxMIEdkaXBfTkFUSVZFKEdyYXBoaWNzUGF0aF8xQWRkUmVjdGFuZ2xlKShKTklFbnYgKmVudiwgamNsYXNzIHRoYXQsIGpsb25nIGFyZzAsIGpvYmplY3QgYXJnMSk7
410	FUNCTION_OPEN	19017	19136	0	8cf895d05f2b22997540de120390b7574c3f1a0b217a090cd267ef50748b824d	CkpOSUVYUE9SVCBqaW50IEpOSUNBTEwgR2RpcF9OQVRJVkUoR3JhcGhpY3NQYXRoXzFBZGRSZWN0YW5nbGUpCgkoSk5JRW52ICplbnYsIGpjbGFzcyB0aGF0LCBqbG9uZyBhcmcwLCBqb2JqZWN0IGFyZzEpCns=
411	STATEMENT	19136	19164	1	fe6d058cdb74379f9febc1f74a4c59623ae200a3d8aba6b3d90edec88e9072cb	CglSZWN0RiBfYXJnMSwgKmxwYXJnMT1OVUxMOw==
412	STATEMENT	19164	19178	1	ab2eac128ef6225b35f40b35e2bd8fba39be8b3b6b281960b3c51646eba99890	CglqaW50IHJjID0gMDs=
413	STATEMENT	19178	19242	1	86fc32aab15bbce45b992bdbe45b18814dcbdb3542b23859c083a7093606db6a	CglHZGlwX05BVElWRV9FTlRFUihlbnYsIHRoYXQsIEdyYXBoaWNzUGF0aF8xQWRkUmVjdGFuZ2xlX0ZVTkMpOw==
414	STATEMENT	19242	19322	1	5182bc3eded81c44185ef0691d21df29d27fe469741b4729836524d0bc470514	CglpZiAoYXJnMSkgaWYgKChscGFyZzEgPSBnZXRSZWN0RkZpZWxkcyhlbnYsIGFyZzEsICZfYXJnMSkpID09IE5VTEwpIGdvdG8gZmFpbDs=
415	STATEMENT	19322	19381	1	8728fb38d0c141ee0ed28505ba89ddab33f575aa4308fbd0fd8786b964004040	CglyYyA9IChqaW50KSgoR3JhcGhpY3NQYXRoICopYXJnMCktPkFkZFJlY3RhbmdsZSgqbHBhcmcxKTs=
416	STATEMENT	19381	19443	1	0cf9e4f8daf830f14c5a7de4894f180b0ce3a42158a5bf591f3c0e478ee16748	CmZhaWw6CglpZiAoYXJnMSAmJiBscGFyZzEpIHNldFJlY3RGRmllbGRzKGVudiwgYXJnMSwgbHBhcmcxKTs=
417	STATEMENT	19443	19506	1	247b57f854a4e14007ea043e904c9b4d620e3f3b4b026e45b9194987b557c7a2	CglHZGlwX05BVElWRV9FWElUKGVudiwgdGhhdCwgR3JhcGhpY3NQYXRoXzFBZGRSZWN0YW5nbGVfRlVOQyk7
418	STATEMENT	19506	19518	1	a028c9c9501df4846ec72c7b4432d4a3cb499b36b781bb1c38853498151d0ba7	CglyZXR1cm4gcmM7
419	FRAGMENT	19518	19519	1	01ba4719c80b6fe911b091a7c05124b64eeece964e09c058ef8f9805daca546b	Cg==
420	BLOCK_CLOSE	19519	19520	0	d10b36aa74a59bcf4a88185837f658afaf3646eff2bb16c3928d0e9335e945d2	fQ==
421	PREPROCESSOR	19520	19528	0	626de321eb397f6600939892a0009f31bc378f7e886f9acc5ec0af18db6a99a7	CiNlbmRpZgo=
422	PREPROCESSOR	19528	19564	0	638b07d1ae13c0364ba6ac56be617e952bb7b69e10e40483cb8b13167fd968ef	CiNpZm5kZWYgTk9fR3JhcGhpY3NQYXRoXzFBZGRTdHJpbmcK
423	STATEMENT	19564	19763	0	a65986036d773de97f86714b645d3375e65e5a54e69ae9e92af040ab9f47ce57	ZXh0ZXJuICJDIiBKTklFWFBPUlQgamludCBKTklDQUxMIEdkaXBfTkFUSVZFKEdyYXBoaWNzUGF0aF8xQWRkU3RyaW5nKShKTklFbnYgKmVudiwgamNsYXNzIHRoYXQsIGpsb25nIGFyZzAsIGpjaGFyQXJyYXkgYXJnMSwgamludCBhcmcyLCBqbG9uZyBhcmczLCBqaW50IGFyZzQsIGpmbG9hdCBhcmc1LCBqb2JqZWN0IGFyZzYsIGpsb25nIGFyZzcpOw==
424	FUNCTION_OPEN	19763	19955	0	0f2f6e43ebf09085c71d1ab9ddb65c0957282d504adc6d3c01f8d44c14bc67eb	CkpOSUVYUE9SVCBqaW50IEpOSUNBTEwgR2RpcF9OQVRJVkUoR3JhcGhpY3NQYXRoXzFBZGRTdHJpbmcpCgkoSk5JRW52ICplbnYsIGpjbGFzcyB0aGF0LCBqbG9uZyBhcmcwLCBqY2hhckFycmF5IGFyZzEsIGppbnQgYXJnMiwgamxvbmcgYXJnMywgamludCBhcmc0LCBqZmxvYXQgYXJnNSwgam9iamVjdCBhcmc2LCBqbG9uZyBhcmc3KQp7
425	STATEMENT	19955	19976	1	cb233fdf59df1dd8a069c3bfcfdc1736b1e106ad16a2ac4efdc03ccbc3d7e752	CglqY2hhciAqbHBhcmcxPU5VTEw7
426	STATEMENT	19976	20005	1	8fe894f90398b1aa5674b87af852de94bc7a82d89a6519335914aa75416db586	CglQb2ludEYgX2FyZzYsICpscGFyZzY9TlVMTDs=
427	STATEMENT	20005	20019	1	ab2eac128ef6225b35f40b35e2bd8fba39be8b3b6b281960b3c51646eba99890	CglqaW50IHJjID0gMDs=
428	STATEMENT	20019	20080	1	c41a3f5b5588541ba33d8ea954f31312890251898269085533414ba61e36515c	CglHZGlwX05BVElWRV9FTlRFUihlbnYsIHRoYXQsIEdyYXBoaWNzUGF0aF8xQWRkU3RyaW5nX0ZVTkMpOw==
429	STATEMENT	20080	20164	1	ccf88f90e36f7e1bfb7ee4188f0d874f12841983c1ee971a91629a2f82f78f34	CglpZiAoYXJnMSkgaWYgKChscGFyZzEgPSBlbnYtPkdldENoYXJBcnJheUVsZW1lbnRzKGFyZzEsIE5VTEwpKSA9PSBOVUxMKSBnb3RvIGZhaWw7
430	STATEMENT	20164	20245	1	0f861b0d3998398469d33b3f162d593d7907e50e8841f1280a731409791dbb57	CglpZiAoYXJnNikgaWYgKChscGFyZzYgPSBnZXRQb2ludEZGaWVsZHMoZW52LCBhcmc2LCAmX2FyZzYpKSA9PSBOVUxMKSBnb3RvIGZhaWw7
431	STATEMENT	20245	20428	1	6e5bc93f206cbba71f9811bb31e0b3a7ea2a82506442c06a749ce5c81507287e	CglyYyA9IChqaW50KSgoR3JhcGhpY3NQYXRoICopYXJnMCktPkFkZFN0cmluZygoY29uc3QgV0NIQVIgKilscGFyZzEsIChJTlQpYXJnMiwgKGNvbnN0IEZvbnRGYW1pbHkgKilhcmczLCAoSU5UKWFyZzQsIChSRUFMKWFyZzUsICooY29uc3QgUG9pbnRGICopbHBhcmc2LCAoY29uc3QgU3RyaW5nRm9ybWF0ICopYXJnNyk7
432	STATEMENT	20428	20491	1	93712436305286ce2d9fba4219457b642ba2a9147df1a0a4bdc74949326c74c2	CmZhaWw6CglpZiAoYXJnNiAmJiBscGFyZzYpIHNldFBvaW50RkZpZWxkcyhlbnYsIGFyZzYsIGxwYXJnNik7
433	STATEMENT	20491	20560	1	163d2bdca482e226b738eb2601b84a56b28007cd2cccfdd6bc5bcc9fc5c07b22	CglpZiAoYXJnMSAmJiBscGFyZzEpIGVudi0+UmVsZWFzZUNoYXJBcnJheUVsZW1lbnRzKGFyZzEsIGxwYXJnMSwgMCk7
434	STATEMENT	20560	20620	1	e4b8dd957a1a853c68c7385b29e53c32bd32f9cb420d79bb408e51dbdc79727e	CglHZGlwX05BVElWRV9FWElUKGVudiwgdGhhdCwgR3JhcGhpY3NQYXRoXzFBZGRTdHJpbmdfRlVOQyk7
435	STATEMENT	20620	20632	1	a028c9c9501df4846ec72c7b4432d4a3cb499b36b781bb1c38853498151d0ba7	CglyZXR1cm4gcmM7
436	FRAGMENT	20632	20633	1	01ba4719c80b6fe911b091a7c05124b64eeece964e09c058ef8f9805daca546b	Cg==
437	BLOCK_CLOSE	20633	20634	0	d10b36aa74a59bcf4a88185837f658afaf3646eff2bb16c3928d0e9335e945d2	fQ==
438	PREPROCESSOR	20634	20642	0	626de321eb397f6600939892a0009f31bc378f7e886f9acc5ec0af18db6a99a7	CiNlbmRpZgo=
439	PREPROCESSOR	20642	20674	0	c7dea38b6a10760979b00f158d810775a927166ad9b61ed8242953d397fbf1b9	CiNpZm5kZWYgTk9fR3JhcGhpY3NQYXRoXzFDbG9uZQo=
440	STATEMENT	20674	20780	0	cea6ccf09a85996c8d3395db5d142c9abf91175c8207199bb1304d11a6b1a1e0	ZXh0ZXJuICJDIiBKTklFWFBPUlQgamxvbmcgSk5JQ0FMTCBHZGlwX05BVElWRShHcmFwaGljc1BhdGhfMUNsb25lKShKTklFbnYgKmVudiwgamNsYXNzIHRoYXQsIGpsb25nIGFyZzApOw==
441	FUNCTION_OPEN	20780	20879	0	5b136561a6b265a6f3b033be49ac5d34a95b67922cf080fced4747058e6e3067	CkpOSUVYUE9SVCBqbG9uZyBKTklDQUxMIEdkaXBfTkFUSVZFKEdyYXBoaWNzUGF0aF8xQ2xvbmUpCgkoSk5JRW52ICplbnYsIGpjbGFzcyB0aGF0LCBqbG9uZyBhcmcwKQp7
442	STATEMENT	20879	20894	1	3411ceb5951bc52321d8d6cf00df310a159211846b0264e08db2a18b94173633	CglqbG9uZyByYyA9IDA7
443	STATEMENT	20894	20951	1	2c6a97507ce686c91fd6e2dff0a62be4ff75825d9277594dcaba7f248b1dca0a	CglHZGlwX05BVElWRV9FTlRFUihlbnYsIHRoYXQsIEdyYXBoaWNzUGF0aF8xQ2xvbmVfRlVOQyk7
444	STATEMENT	20951	20997	1	b363a94f957b93d62c9ac635cc2f54da3349a06c88a615501993d2c35b74ed53	CglyYyA9IChqbG9uZykoKEdyYXBoaWNzUGF0aCAqKWFyZzApLT5DbG9uZSgpOw==
445	STATEMENT	20997	21053	1	81e1a7b6cd4cc00a44a94886d9b041819d15db7a0396d74e418e77db8b91ea9f	CglHZGlwX05BVElWRV9FWElUKGVudiwgdGhhdCwgR3JhcGhpY3NQYXRoXzFDbG9uZV9GVU5DKTs=
446	STATEMENT	21053	21065	1	a028c9c9501df4846ec72c7b4432d4a3cb499b36b781bb1c38853498151d0ba7	CglyZXR1cm4gcmM7
447	FRAGMENT	21065	21066	1	01ba4719c80b6fe911b091a7c05124b64eeece964e09c058ef8f9805daca546b	Cg==
448	BLOCK_CLOSE	21066	21067	0	d10b36aa74a59bcf4a88185837f658afaf3646eff2bb16c3928d0e9335e945d2	fQ==
449	PREPROCESSOR	21067	21075	0	626de321eb397f6600939892a0009f31bc378f7e886f9acc5ec0af18db6a99a7	CiNlbmRpZgo=
450	PREPROCESSOR	21075	21113	0	954284097551426df95c19f0707dcaf7e4caec941c536faef51b6abdb75d63fa	CiNpZm5kZWYgTk9fR3JhcGhpY3NQYXRoXzFDbG9zZUZpZ3VyZQo=
451	STATEMENT	21113	21224	0	d7b25fb4ded5fe5305723a29f23258a339f040ae126d38df2e160b39f4beaeab	ZXh0ZXJuICJDIiBKTklFWFBPUlQgamludCBKTklDQUxMIEdkaXBfTkFUSVZFKEdyYXBoaWNzUGF0aF8xQ2xvc2VGaWd1cmUpKEpOSUVudiAqZW52LCBqY2xhc3MgdGhhdCwgamxvbmcgYXJnMCk7
452	FUNCTION_OPEN	21224	21328	0	3ad31904e02c7810e55049b9d0af2f67b846f71c58dc1ce984326bc90d2416c3	CkpOSUVYUE9SVCBqaW50IEpOSUNBTEwgR2RpcF9OQVRJVkUoR3JhcGhpY3NQYXRoXzFDbG9zZUZpZ3VyZSkKCShKTklFbnYgKmVudiwgamNsYXNzIHRoYXQsIGpsb25nIGFyZzApCns=
453	STATEMENT	21328	21342	1	ab2eac128ef6225b35f40b35e2bd8fba39be8b3b6b281960b3c51646eba99890	CglqaW50IHJjID0gMDs=
454	STATEMENT	21342	21405	1	eb86219fd89e43e46c8e708c34c1b062667230d1a6c94b1cb695ee6434dfe488	CglHZGlwX05BVElWRV9FTlRFUihlbnYsIHRoYXQsIEdyYXBoaWNzUGF0aF8xQ2xvc2VGaWd1cmVfRlVOQyk7
455	STATEMENT	21405	21456	1	eb607dbe375aeb90f88776bed6a4df034f0d696deefec1d15f309fedf966c634	CglyYyA9IChqaW50KSgoR3JhcGhpY3NQYXRoICopYXJnMCktPkNsb3NlRmlndXJlKCk7
456	STATEMENT	21456	21518	1	3b99c23d419c479b4d3aa7ea662e5ed40e65be706a20d3ef69a253711e468523	CglHZGlwX05BVElWRV9FWElUKGVudiwgdGhhdCwgR3JhcGhpY3NQYXRoXzFDbG9zZUZpZ3VyZV9GVU5DKTs=
457	STATEMENT	21518	21530	1	a028c9c9501df4846ec72c7b4432d4a3cb499b36b781bb1c38853498151d0ba7	CglyZXR1cm4gcmM7
458	FRAGMENT	21530	21531	1	01ba4719c80b6fe911b091a7c05124b64eeece964e09c058ef8f9805daca546b	Cg==
459	BLOCK_CLOSE	21531	21532	0	d10b36aa74a59bcf4a88185837f658afaf3646eff2bb16c3928d0e9335e945d2	fQ==
460	PREPROCESSOR	21532	21540	0	626de321eb397f6600939892a0009f31bc378f7e886f9acc5ec0af18db6a99a7	CiNlbmRpZgo=
461	PREPROCESSOR	21540	21574	0	f2bbdbefeca7152b50410a0f225f3cf4cabcbd4d5b86cacacc65bffcf0b9a067	CiNpZm5kZWYgTk9fR3JhcGhpY3NQYXRoXzFGbGF0dGVuCg==
462	STATEMENT	21574	21706	0	fb7ec3bf2e7bbabc10c0b09ec3a1f0b12b20c425700cd9f215688e25a9974225	ZXh0ZXJuICJDIiBKTklFWFBPUlQgamludCBKTklDQUxMIEdkaXBfTkFUSVZFKEdyYXBoaWNzUGF0aF8xRmxhdHRlbikoSk5JRW52ICplbnYsIGpjbGFzcyB0aGF0LCBqbG9uZyBhcmcwLCBqbG9uZyBhcmcxLCBqZmxvYXQgYXJnMik7
463	FUNCTION_OPEN	21706	21831	0	efeb3badcb7f79460b12aa1703cea61c3d3e6005a4d4968af45dc9d88b5910f4	CkpOSUVYUE9SVCBqaW50IEpOSUNBTEwgR2RpcF9OQVRJVkUoR3JhcGhpY3NQYXRoXzFGbGF0dGVuKQoJKEpOSUVudiAqZW52LCBqY2xhc3MgdGhhdCwgamxvbmcgYXJnMCwgamxvbmcgYXJnMSwgamZsb2F0IGFyZzIpCns=
464	STATEMENT	21831	21845	1	ab2eac128ef6225b35f40b35e2bd8fba39be8b3b6b281960b3c51646eba99890	CglqaW50IHJjID0gMDs=
465	STATEMENT	21845	21904	1	450497e8bdd40e852c3809f55636c4846ec061daabddbccd9c7148a82fdb3e9e	CglHZGlwX05BVElWRV9FTlRFUihlbnYsIHRoYXQsIEdyYXBoaWNzUGF0aF8xRmxhdHRlbl9GVU5DKTs=
466	STATEMENT	21904	21971	1	af9694f1df44a1ce3200a0fe3a4ce1fe1b4e9cc5d8fb9620f4a34ac9596773cf	CglyYyA9IChqaW50KSgoR3JhcGhpY3NQYXRoICopYXJnMCktPkZsYXR0ZW4oKE1hdHJpeCAqKWFyZzEsIGFyZzIpOw==
467	STATEMENT	21971	22029	1	32a0f5cd62dab6a4f1b7508617df954a2be264d3bb9767510f4548be3176a5a0	CglHZGlwX05BVElWRV9FWElUKGVudiwgdGhhdCwgR3JhcGhpY3NQYXRoXzFGbGF0dGVuX0ZVTkMpOw==
468	STATEMENT	22029	22041	1	a028c9c9501df4846ec72c7b4432d4a3cb499b36b781bb1c38853498151d0ba7	CglyZXR1cm4gcmM7
469	FRAGMENT	22041	22042	1	01ba4719c80b6fe911b091a7c05124b64eeece964e09c058ef8f9805daca546b	Cg==
470	BLOCK_CLOSE	22042	22043	0	d10b36aa74a59bcf4a88185837f658afaf3646eff2bb16c3928d0e9335e945d2	fQ==
471	PREPROCESSOR	22043	22051	0	626de321eb397f6600939892a0009f31bc378f7e886f9acc5ec0af18db6a99a7	CiNlbmRpZgo=
472	PREPROCESSOR	22051	22087	0	07fd83fc2b25731081e6850b6fc23b685563f0cfdc85061a75e83bed7c55827f	CiNpZm5kZWYgTk9fR3JhcGhpY3NQYXRoXzFHZXRCb3VuZHMK
473	STATEMENT	22087	22234	0	79724292e56ec36845ddbacae70acfc967458123e49466e0ed32667e73b5366b	ZXh0ZXJuICJDIiBKTklFWFBPUlQgamludCBKTklDQUxMIEdkaXBfTkFUSVZFKEdyYXBoaWNzUGF0aF8xR2V0Qm91bmRzKShKTklFbnYgKmVudiwgamNsYXNzIHRoYXQsIGpsb25nIGFyZzAsIGpvYmplY3QgYXJnMSwgamxvbmcgYXJnMiwgamxvbmcgYXJnMyk7
474	FUNCTION_OPEN	22234	22374	0	92b3beb53fec845dbbcc31f4ba18d158df2b14d1fd5f84dcce950b04255dc73b	CkpOSUVYUE9SVCBqaW50IEpOSUNBTEwgR2RpcF9OQVRJVkUoR3JhcGhpY3NQYXRoXzFHZXRCb3VuZHMpCgkoSk5JRW52ICplbnYsIGpjbGFzcyB0aGF0LCBqbG9uZyBhcmcwLCBqb2JqZWN0IGFyZzEsIGpsb25nIGFyZzIsIGpsb25nIGFyZzMpCns=
475	STATEMENT	22374	22402	1	fe6d058cdb74379f9febc1f74a4c59623ae200a3d8aba6b3d90edec88e9072cb	CglSZWN0RiBfYXJnMSwgKmxwYXJnMT1OVUxMOw==
476	STATEMENT	22402	22416	1	ab2eac128ef6225b35f40b35e2bd8fba39be8b3b6b281960b3c51646eba99890	CglqaW50IHJjID0gMDs=
477	STATEMENT	22416	22477	1	139763e803464b7e9aef472f69ab743c0284d0e3717f4a44a68f408623b956b4	CglHZGlwX05BVElWRV9FTlRFUihlbnYsIHRoYXQsIEdyYXBoaWNzUGF0aF8xR2V0Qm91bmRzX0ZVTkMpOw==
478	STATEMENT	22477	22557	1	5182bc3eded81c44185ef0691d21df29d27fe469741b4729836524d0bc470514	CglpZiAoYXJnMSkgaWYgKChscGFyZzEgPSBnZXRSZWN0RkZpZWxkcyhlbnYsIGFyZzEsICZfYXJnMSkpID09IE5VTEwpIGdvdG8gZmFpbDs=
479	STATEMENT	22557	22641	1	e730535ab33a5943a5ac7b5646064affd942fdb011341989944e06f59182baa6	CglyYyA9IChqaW50KSgoR3JhcGhpY3NQYXRoICopYXJnMCktPkdldEJvdW5kcyhscGFyZzEsIChNYXRyaXggKilhcmcyLCAoUGVuICopYXJnMyk7
480	STATEMENT	22641	22703	1	0cf9e4f8daf830f14c5a7de4894f180b0ce3a42158a5bf591f3c0e478ee16748	CmZhaWw6CglpZiAoYXJnMSAmJiBscGFyZzEpIHNldFJlY3RGRmllbGRzKGVudiwgYXJnMSwgbHBhcmcxKTs=
481	STATEMENT	22703	22763	1	4c51117c547cde51d8e7e3d5b03dbb52c284ef2bb3968ff1c329a7c09c6f0e77	CglHZGlwX05BVElWRV9FWElUKGVudiwgdGhhdCwgR3JhcGhpY3NQYXRoXzFHZXRCb3VuZHNfRlVOQyk7
482	STATEMENT	22763	22775	1	a028c9c9501df4846ec72c7b4432d4a3cb499b36b781bb1c38853498151d0ba7	CglyZXR1cm4gcmM7
483	FRAGMENT	22775	22776	1	01ba4719c80b6fe911b091a7c05124b64eeece964e09c058ef8f9805daca546b	Cg==
484	BLOCK_CLOSE	22776	22777	0	d10b36aa74a59bcf4a88185837f658afaf3646eff2bb16c3928d0e9335e945d2	fQ==
485	PREPROCESSOR	22777	22785	0	626de321eb397f6600939892a0009f31bc378f7e886f9acc5ec0af18db6a99a7	CiNlbmRpZgo=
486	PREPROCESSOR	22785	22824	0	559003fbbd3f1bd0f5c496cca5cab8acbf7063045b53379ff9d6c2d2d7777205	CiNpZm5kZWYgTk9fR3JhcGhpY3NQYXRoXzFHZXRMYXN0UG9pbnQK
487	STATEMENT	22824	22950	0	f92749e7b7e2b253ad1662c9e5d8c4086711586934d1d4e23926645b5c2f6ba5	ZXh0ZXJuICJDIiBKTklFWFBPUlQgamludCBKTklDQUxMIEdkaXBfTkFUSVZFKEdyYXBoaWNzUGF0aF8xR2V0TGFzdFBvaW50KShKTklFbnYgKmVudiwgamNsYXNzIHRoYXQsIGpsb25nIGFyZzAsIGpvYmplY3QgYXJnMSk7
488	FUNCTION_OPEN	22950	23069	0	fec05f63cbd26f499508d669ec6e3c1bb9e5244b0a2086e69e3083535023000b	CkpOSUVYUE9SVCBqaW50IEpOSUNBTEwgR2RpcF9OQVRJVkUoR3JhcGhpY3NQYXRoXzFHZXRMYXN0UG9pbnQpCgkoSk5JRW52ICplbnYsIGpjbGFzcyB0aGF0LCBqbG9uZyBhcmcwLCBqb2JqZWN0IGFyZzEpCns=
489	STATEMENT	23069	23098	1	32191d7768b915e30092992dca2abb973ef26a7b34e49c0bc3662fbc14c9f153	CglQb2ludEYgX2FyZzEsICpscGFyZzE9TlVMTDs=
490	STATEMENT	23098	23112	1	ab2eac128ef6225b35f40b35e2bd8fba39be8b3b6b281960b3c51646eba99890	CglqaW50IHJjID0gMDs=
491	STATEMENT	23112	23176	1	e21e985082f211633dda144bd589056fc226759811fdcb27eebab92d4893f796	CglHZGlwX05BVElWRV9FTlRFUihlbnYsIHRoYXQsIEdyYXBoaWNzUGF0aF8xR2V0TGFzdFBvaW50X0ZVTkMpOw==
492	STATEMENT	23176	23257	1	005d93a7c9565c148cfbc0706c0b9f0e73ba8ad4b629bb60605cb40e4faf3a17	CglpZiAoYXJnMSkgaWYgKChscGFyZzEgPSBnZXRQb2ludEZGaWVsZHMoZW52LCBhcmcxLCAmX2FyZzEpKSA9PSBOVUxMKSBnb3RvIGZhaWw7
493	STATEMENT	23257	23325	1	113650f41e7d11b6afb7dfcef74460afc3a7784e5349be6a39215b3477308220	CglyYyA9IChqaW50KSgoR3JhcGhpY3NQYXRoICopYXJnMCktPkdldExhc3RQb2ludCgoUG9pbnRGICopbHBhcmcxKTs=
494	STATEMENT	23325	23388	1	15536ba36d86c1a90710da69c967b97ce04a6066c1d766c86908d242c821c68b	CmZhaWw6CglpZiAoYXJnMSAmJiBscGFyZzEpIHNldFBvaW50RkZpZWxkcyhlbnYsIGFyZzEsIGxwYXJnMSk7
495	STATEMENT	23388	23451	1	59e0c3ac6d2b37a7661cdbda52b045eb93a3c91596d88fd1b7ba07b22969942a	CglHZGlwX05BVElWRV9FWElUKGVudiwgdGhhdCwgR3JhcGhpY3NQYXRoXzFHZXRMYXN0UG9pbnRfRlVOQyk7
496	STATEMENT	23451	23463	1	a028c9c9501df4846ec72c7b4432d4a3cb499b36b781bb1c38853498151d0ba7	CglyZXR1cm4gcmM7
497	FRAGMENT	23463	23464	1	01ba4719c80b6fe911b091a7c05124b64eeece964e09c058ef8f9805daca546b	Cg==
498	BLOCK_CLOSE	23464	23465	0	d10b36aa74a59bcf4a88185837f658afaf3646eff2bb16c3928d0e9335e945d2	fQ==
499	PREPROCESSOR	23465	23473	0	626de321eb397f6600939892a0009f31bc378f7e886f9acc5ec0af18db6a99a7	CiNlbmRpZgo=
500	PREPROCESSOR	23473	23513	0	03612eacea0e94a3ec3e9a32b2a5df8b81ae5b124c424cd53e21ffb43642e30e	CiNpZm5kZWYgTk9fR3JhcGhpY3NQYXRoXzFHZXRQYXRoUG9pbnRzCg==
501	STATEMENT	23513	23655	0	268827e14fda1bb4edf593aa1e8229e37c7409a3e0c9a199eb1bcc2f47a0705b	ZXh0ZXJuICJDIiBKTklFWFBPUlQgamludCBKTklDQUxMIEdkaXBfTkFUSVZFKEdyYXBoaWNzUGF0aF8xR2V0UGF0aFBvaW50cykoSk5JRW52ICplbnYsIGpjbGFzcyB0aGF0LCBqbG9uZyBhcmcwLCBqZmxvYXRBcnJheSBhcmcxLCBqaW50IGFyZzIpOw==
502	FUNCTION_OPEN	23655	23790	0	bbb6d2a7e2107d46783a1a58c71a80fa3761f86a17ba7084449e59367ca38641	CkpOSUVYUE9SVCBqaW50IEpOSUNBTEwgR2RpcF9OQVRJVkUoR3JhcGhpY3NQYXRoXzFHZXRQYXRoUG9pbnRzKQoJKEpOSUVudiAqZW52LCBqY2xhc3MgdGhhdCwgamxvbmcgYXJnMCwgamZsb2F0QXJyYXkgYXJnMSwgamludCBhcmcyKQp7
503	STATEMENT	23790	23812	1	49650f86e1dc7ab90eda1c647c5aaea410e029d26851789a23a3e73b4ea163ac	CglqZmxvYXQgKmxwYXJnMT1OVUxMOw==
504	STATEMENT	23812	23826	1	ab2eac128ef6225b35f40b35e2bd8fba39be8b3b6b281960b3c51646eba99890	CglqaW50IHJjID0gMDs=
505	STATEMENT	23826	23891	1	a5e0feaa1fde4ba70fe76716a073b5965407d2932f09f30c7bbe3189bd4c239f	CglHZGlwX05BVElWRV9FTlRFUihlbnYsIHRoYXQsIEdyYXBoaWNzUGF0aF8xR2V0UGF0aFBvaW50c19GVU5DKTs=
506	STATEMENT	23891	23976	1	c9817cb36629bf67d2039ea4e2137566e405ad36e68895151368d118dba89ab8	CglpZiAoYXJnMSkgaWYgKChscGFyZzEgPSBlbnYtPkdldEZsb2F0QXJyYXlFbGVtZW50cyhhcmcxLCBOVUxMKSkgPT0gTlVMTCkgZ290byBmYWlsOw==
507	STATEMENT	23976	24051	1	b051c54bf1ab0ba38b45a69cd39784f3fc78ca386ae75701a5f6d21750c18ed2	CglyYyA9IChqaW50KSgoR3JhcGhpY3NQYXRoICopYXJnMCktPkdldFBhdGhQb2ludHMoKFBvaW50RiAqKWxwYXJnMSwgYXJnMik7
508	STATEMENT	24051	24127	1	83ddaaa224427a9c6275af3a572bc3d6e2a3d100ce3bdf1d2846c51f4b365201	CmZhaWw6CglpZiAoYXJnMSAmJiBscGFyZzEpIGVudi0+UmVsZWFzZUZsb2F0QXJyYXlFbGVtZW50cyhhcmcxLCBscGFyZzEsIDApOw==
509	STATEMENT	24127	24191	1	3947ae17626f304dc3d4a59b094b4c6851b58087535b171423077371f6ead5b3	CglHZGlwX05BVElWRV9FWElUKGVudiwgdGhhdCwgR3JhcGhpY3NQYXRoXzFHZXRQYXRoUG9pbnRzX0ZVTkMpOw==
510	STATEMENT	24191	24203	1	a028c9c9501df4846ec72c7b4432d4a3cb499b36b781bb1c38853498151d0ba7	CglyZXR1cm4gcmM7
511	FRAGMENT	24203	24204	1	01ba4719c80b6fe911b091a7c05124b64eeece964e09c058ef8f9805daca546b	Cg==
512	BLOCK_CLOSE	24204	24205	0	d10b36aa74a59bcf4a88185837f658afaf3646eff2bb16c3928d0e9335e945d2	fQ==
513	PREPROCESSOR	24205	24213	0	626de321eb397f6600939892a0009f31bc378f7e886f9acc5ec0af18db6a99a7	CiNlbmRpZgo=
514	PREPROCESSOR	24213	24252	0	f2f5762c411295d69276cbb378e15fac9bba144df5fd08d337bedcb985a33f53	CiNpZm5kZWYgTk9fR3JhcGhpY3NQYXRoXzFHZXRQYXRoVHlwZXMK
515	STATEMENT	24252	24392	0	3a4571c4ed968afc69bd6d1bb0b5eb845dfebf0c1d45f230f7f9010c51aeae37	ZXh0ZXJuICJDIiBKTklFWFBPUlQgamludCBKTklDQUxMIEdkaXBfTkFUSVZFKEdyYXBoaWNzUGF0aF8xR2V0UGF0aFR5cGVzKShKTklFbnYgKmVudiwgamNsYXNzIHRoYXQsIGpsb25nIGFyZzAsIGpieXRlQXJyYXkgYXJnMSwgamludCBhcmcyKTs=
516	FUNCTION_OPEN	24392	24525	0	6fedfb3a2836ba0cd1f708891dc5548b4846dcc9dbff0a7f65895bad968caa8f	CkpOSUVYUE9SVCBqaW50IEpOSUNBTEwgR2RpcF9OQVRJVkUoR3JhcGhpY3NQYXRoXzFHZXRQYXRoVHlwZXMpCgkoSk5JRW52ICplbnYsIGpjbGFzcyB0aGF0LCBqbG9uZyBhcmcwLCBqYnl0ZUFycmF5IGFyZzEsIGppbnQgYXJnMikKew==
517	STATEMENT	24525	24546	1	ecbc1c66598161b54ed7d4df47ce4c17c895a8aaf496cadd930f0e7e6c9b06d3	CglqYnl0ZSAqbHBhcmcxPU5VTEw7
518	STATEMENT	24546	24560	1	ab2eac128ef6225b35f40b35e2bd8fba39be8b3b6b281960b3c51646eba99890	CglqaW50IHJjID0gMDs=
519	STATEMENT	24560	24624	1	196d28228c48639f44339a876e91b5259397f80907027c1838faf1cfc6c18771	CglHZGlwX05BVElWRV9FTlRFUihlbnYsIHRoYXQsIEdyYXBoaWNzUGF0aF8xR2V0UGF0aFR5cGVzX0ZVTkMpOw==
520	STATEMENT	24624	24708	1	34b25bb79e57bcf245855145e8f1de5cf0db53de7d53840e1100f1e0039dcf6a	CglpZiAoYXJnMSkgaWYgKChscGFyZzEgPSBlbnYtPkdldEJ5dGVBcnJheUVsZW1lbnRzKGFyZzEsIE5VTEwpKSA9PSBOVUxMKSBnb3RvIGZhaWw7
521	STATEMENT	24708	24780	1	0703beebaf02109c731195f4f51608747ca8f1d7735cd8b1e94ef9df9862b430	CglyYyA9IChqaW50KSgoR3JhcGhpY3NQYXRoICopYXJnMCktPkdldFBhdGhUeXBlcygoQllURSAqKWxwYXJnMSwgYXJnMik7
522	STATEMENT	24780	24855	1	4383a8ace602997c518baa50d1e6dedcdf1566c9b4389297dde2e5027058db09	CmZhaWw6CglpZiAoYXJnMSAmJiBscGFyZzEpIGVudi0+UmVsZWFzZUJ5dGVBcnJheUVsZW1lbnRzKGFyZzEsIGxwYXJnMSwgMCk7
523	STATEMENT	24855	24918	1	01a20f5875835be57304e9a4155e32798722eff0297d61f3734513c17a4835b9	CglHZGlwX05BVElWRV9FWElUKGVudiwgdGhhdCwgR3JhcGhpY3NQYXRoXzFHZXRQYXRoVHlwZXNfRlVOQyk7
524	STATEMENT	24918	24930	1	a028c9c9501df4846ec72c7b4432d4a3cb499b36b781bb1c38853498151d0ba7	CglyZXR1cm4gcmM7
525	FRAGMENT	24930	24931	1	01ba4719c80b6fe911b091a7c05124b64eeece964e09c058ef8f9805daca546b	Cg==
526	BLOCK_CLOSE	24931	24932	0	d10b36aa74a59bcf4a88185837f658afaf3646eff2bb16c3928d0e9335e945d2	fQ==
527	PREPROCESSOR	24932	24940	0	626de321eb397f6600939892a0009f31bc378f7e886f9acc5ec0af18db6a99a7	CiNlbmRpZgo=
528	PREPROCESSOR	24940	24980	0	ea10e7a3cc8d0ebec18d7accda80e9e9c8a28bd29eb8913a80d5f41d4713990c	CiNpZm5kZWYgTk9fR3JhcGhpY3NQYXRoXzFHZXRQb2ludENvdW50Cg==
529	STATEMENT	24980	25093	0	3c2d31edf556f9ec377a2ed772fce3c2d43f61e1beb3584e7dac3f5191d55ac0	ZXh0ZXJuICJDIiBKTklFWFBPUlQgamludCBKTklDQUxMIEdkaXBfTkFUSVZFKEdyYXBoaWNzUGF0aF8xR2V0UG9pbnRDb3VudCkoSk5JRW52ICplbnYsIGpjbGFzcyB0aGF0LCBqbG9uZyBhcmcwKTs=
530	FUNCTION_OPEN	25093	25199	0	f09315fb4ec9688cf8495aa91ff240ba05cba66250048e31a52ac928362a6847	CkpOSUVYUE9SVCBqaW50IEpOSUNBTEwgR2RpcF9OQVRJVkUoR3JhcGhpY3NQYXRoXzFHZXRQb2ludENvdW50KQoJKEpOSUVudiAqZW52LCBqY2xhc3MgdGhhdCwgamxvbmcgYXJnMCkKew==
531	STATEMENT	25199	25213	1	ab2eac128ef6225b35f40b35e2bd8fba39be8b3b6b281960b3c51646eba99890	CglqaW50IHJjID0gMDs=
532	STATEMENT	25213	25278	1	993cec415bdf08fe9b2af69fd971414cc2fc5edc1ae983920d45b977cd7b5f2e	CglHZGlwX05BVElWRV9FTlRFUihlbnYsIHRoYXQsIEdyYXBoaWNzUGF0aF8xR2V0UG9pbnRDb3VudF9GVU5DKTs=
533	STATEMENT	25278	25331	1	b5fc06efe81e106b62dc50fda0a8e55d8c433af69389ee331e7cbb9b004dc067	CglyYyA9IChqaW50KSgoR3JhcGhpY3NQYXRoICopYXJnMCktPkdldFBvaW50Q291bnQoKTs=
534	STATEMENT	25331	25395	1	b0e1ecfbf9b5bb34b4940d48afc8ff9f8ff6f6ef712cad02124698d36c8901b8	CglHZGlwX05BVElWRV9FWElUKGVudiwgdGhhdCwgR3JhcGhpY3NQYXRoXzFHZXRQb2ludENvdW50X0ZVTkMpOw==
535	STATEMENT	25395	25407	1	a028c9c9501df4846ec72c7b4432d4a3cb499b36b781bb1c38853498151d0ba7	CglyZXR1cm4gcmM7
536	FRAGMENT	25407	25408	1	01ba4719c80b6fe911b091a7c05124b64eeece964e09c058ef8f9805daca546b	Cg==
537	BLOCK_CLOSE	25408	25409	0	d10b36aa74a59bcf4a88185837f658afaf3646eff2bb16c3928d0e9335e945d2	fQ==
538	PREPROCESSOR	25409	25417	0	626de321eb397f6600939892a0009f31bc378f7e886f9acc5ec0af18db6a99a7	CiNlbmRpZgo=
539	PREPROCESSOR	25417	25460	0	d4fc3db55162040a232a37395121ddf968becf67b9f685a0b90d79d0de1ab55e	CiNpZm5kZWYgTk9fR3JhcGhpY3NQYXRoXzFJc091dGxpbmVWaXNpYmxlCg==
540	STATEMENT	25460	25630	0	d3fe49d3c7fb01b7649f9cd108c7a861bf334f95036f825425568170fd50abfb	ZXh0ZXJuICJDIiBKTklFWFBPUlQgamJvb2xlYW4gSk5JQ0FMTCBHZGlwX05BVElWRShHcmFwaGljc1BhdGhfMUlzT3V0bGluZVZpc2libGUpKEpOSUVudiAqZW52LCBqY2xhc3MgdGhhdCwgamxvbmcgYXJnMCwgamZsb2F0IGFyZzEsIGpmbG9hdCBhcmcyLCBqbG9uZyBhcmczLCBqbG9uZyBhcmc0KTs=
541	FUNCTION_OPEN	25630	25793	0	9c526aef1da692469c263d3e0dae0a1a01e81c248d65e21bf69778d5534aa350	CkpOSUVYUE9SVCBqYm9vbGVhbiBKTklDQUxMIEdkaXBfTkFUSVZFKEdyYXBoaWNzUGF0aF8xSXNPdXRsaW5lVmlzaWJsZSkKCShKTklFbnYgKmVudiwgamNsYXNzIHRoYXQsIGpsb25nIGFyZzAsIGpmbG9hdCBhcmcxLCBqZmxvYXQgYXJnMiwgamxvbmcgYXJnMywgamxvbmcgYXJnNCkKew==
542	STATEMENT	25793	25811	1	6e389c725127046540fa228f0aca981232172a088ed5b7d88f2be6db7346caa1	CglqYm9vbGVhbiByYyA9IDA7
543	STATEMENT	25811	25879	1	19ac5d3f7a6a30567608d84c94056912911669ea8283498966b1e63d464ab4bb	CglHZGlwX05BVElWRV9FTlRFUihlbnYsIHRoYXQsIEdyYXBoaWNzUGF0aF8xSXNPdXRsaW5lVmlzaWJsZV9GVU5DKTs=
544	STATEMENT	25879	25992	1	b8a8520bc37f8a8772f859d8146f22c187fcdcfc78858ae44d14f73b863b898a	CglyYyA9IChqYm9vbGVhbikoKEdyYXBoaWNzUGF0aCAqKWFyZzApLT5Jc091dGxpbmVWaXNpYmxlKGFyZzEsIGFyZzIsIChjb25zdCBQZW4gKilhcmczLCAoY29uc3QgR3JhcGhpY3MgKilhcmc0KTs=
545	STATEMENT	25992	26059	1	cc7687076b2456aaa741b3df274dac4bc8f7d257cb321e04737cdcd234295a91	CglHZGlwX05BVElWRV9FWElUKGVudiwgdGhhdCwgR3JhcGhpY3NQYXRoXzFJc091dGxpbmVWaXNpYmxlX0ZVTkMpOw==
546	STATEMENT	26059	26071	1	a028c9c9501df4846ec72c7b4432d4a3cb499b36b781bb1c38853498151d0ba7	CglyZXR1cm4gcmM7
547	FRAGMENT	26071	26072	1	01ba4719c80b6fe911b091a7c05124b64eeece964e09c058ef8f9805daca546b	Cg==
548	BLOCK_CLOSE	26072	26073	0	d10b36aa74a59bcf4a88185837f658afaf3646eff2bb16c3928d0e9335e945d2	fQ==
549	PREPROCESSOR	26073	26081	0	626de321eb397f6600939892a0009f31bc378f7e886f9acc5ec0af18db6a99a7	CiNlbmRpZgo=
550	PREPROCESSOR	26081	26117	0	1b51cf0e46e9960628936cdc9404b8ac6f01e203d300167a49b310431c686801	CiNpZm5kZWYgTk9fR3JhcGhpY3NQYXRoXzFJc1Zpc2libGUK
551	STATEMENT	26117	26268	0	04f35c01659d4bd13f3e7d8ee28a17913a8c814be2c5ce7dad380c481d67054f	ZXh0ZXJuICJDIiBKTklFWFBPUlQgamJvb2xlYW4gSk5JQ0FMTCBHZGlwX05BVElWRShHcmFwaGljc1BhdGhfMUlzVmlzaWJsZSkoSk5JRW52ICplbnYsIGpjbGFzcyB0aGF0LCBqbG9uZyBhcmcwLCBqZmxvYXQgYXJnMSwgamZsb2F0IGFyZzIsIGpsb25nIGFyZzMpOw==
552	FUNCTION_OPEN	26268	26412	0	ca9a7c250435723394b24c421509fa6d91ad7c0e5c276b87533d434f34bc92cf	CkpOSUVYUE9SVCBqYm9vbGVhbiBKTklDQUxMIEdkaXBfTkFUSVZFKEdyYXBoaWNzUGF0aF8xSXNWaXNpYmxlKQoJKEpOSUVudiAqZW52LCBqY2xhc3MgdGhhdCwgamxvbmcgYXJnMCwgamZsb2F0IGFyZzEsIGpmbG9hdCBhcmcyLCBqbG9uZyBhcmczKQp7
553	STATEMENT	26412	26430	1	6e389c725127046540fa228f0aca981232172a088ed5b7d88f2be6db7346caa1	CglqYm9vbGVhbiByYyA9IDA7
554	STATEMENT	26430	26491	1	7e4f8bd6451734f3c81b6dbee4163bd752b4afa549090831082a15255afdca26	CglHZGlwX05BVElWRV9FTlRFUihlbnYsIHRoYXQsIEdyYXBoaWNzUGF0aF8xSXNWaXNpYmxlX0ZVTkMpOw==
555	STATEMENT	26491	26578	1	ee87fbe57f4376407b3abe10b3c59a647a7b06f0dbf8c8af1302565d3b97134d	CglyYyA9IChqYm9vbGVhbikoKEdyYXBoaWNzUGF0aCAqKWFyZzApLT5Jc1Zpc2libGUoYXJnMSwgYXJnMiwgKGNvbnN0IEdyYXBoaWNzICopYXJnMyk7
556	STATEMENT	26578	26638	1	353daaba814604e9ac25edd4d0dbd403218679e0fe56baf3940a2905e188dd14	CglHZGlwX05BVElWRV9FWElUKGVudiwgdGhhdCwgR3JhcGhpY3NQYXRoXzFJc1Zpc2libGVfRlVOQyk7
557	STATEMENT	26638	26650	1	a028c9c9501df4846ec72c7b4432d4a3cb499b36b781bb1c38853498151d0ba7	CglyZXR1cm4gcmM7
558	FRAGMENT	26650	26651	1	01ba4719c80b6fe911b091a7c05124b64eeece964e09c058ef8f9805daca546b	Cg==
559	BLOCK_CLOSE	26651	26652	0	d10b36aa74a59bcf4a88185837f658afaf3646eff2bb16c3928d0e9335e945d2	fQ==
560	PREPROCESSOR	26652	26660	0	626de321eb397f6600939892a0009f31bc378f7e886f9acc5ec0af18db6a99a7	CiNlbmRpZgo=
561	PREPROCESSOR	26660	26698	0	48adc345a3181059ee64a3a24c9c0901b193605ace99f32fe0248cb59b60c517	CiNpZm5kZWYgTk9fR3JhcGhpY3NQYXRoXzFTZXRGaWxsTW9kZQo=
562	STATEMENT	26698	26820	0	eb863262edc21bbec16842c811481169bf6025acd0d0655174252019e81b37df	ZXh0ZXJuICJDIiBKTklFWFBPUlQgamludCBKTklDQUxMIEdkaXBfTkFUSVZFKEdyYXBoaWNzUGF0aF8xU2V0RmlsbE1vZGUpKEpOSUVudiAqZW52LCBqY2xhc3MgdGhhdCwgamxvbmcgYXJnMCwgamludCBhcmcxKTs=
563	FUNCTION_OPEN	26820	26935	0	5b2cace2301b1cb6dd0281b8e093bba25b9af28ffbfda7a48609cd28f9b1623c	CkpOSUVYUE9SVCBqaW50IEpOSUNBTEwgR2RpcF9OQVRJVkUoR3JhcGhpY3NQYXRoXzFTZXRGaWxsTW9kZSkKCShKTklFbnYgKmVudiwgamNsYXNzIHRoYXQsIGpsb25nIGFyZzAsIGppbnQgYXJnMSkKew==
564	STATEMENT	26935	26949	1	ab2eac128ef6225b35f40b35e2bd8fba39be8b3b6b281960b3c51646eba99890	CglqaW50IHJjID0gMDs=
565	STATEMENT	26949	27012	1	6dc7956a1c58c291f150e96c8b1dfaef93236ec7f8978806d8f2a1dfb0b12e3c	CglHZGlwX05BVElWRV9FTlRFUihlbnYsIHRoYXQsIEdyYXBoaWNzUGF0aF8xU2V0RmlsbE1vZGVfRlVOQyk7
566	STATEMENT	27012	27077	1	6d0675a429a077c89cfc58847c9c9f1fa7d095c6ac833f29c5124a248f0b0739	CglyYyA9IChqaW50KSgoR3JhcGhpY3NQYXRoICopYXJnMCktPlNldEZpbGxNb2RlKChGaWxsTW9kZSlhcmcxKTs=
567	STATEMENT	27077	27139	1	73a61c7e77c071892b159a8d1afa18e91e63bbd5500fe9e561b5cb73dc511251	CglHZGlwX05BVElWRV9FWElUKGVudiwgdGhhdCwgR3JhcGhpY3NQYXRoXzFTZXRGaWxsTW9kZV9GVU5DKTs=
568	STATEMENT	27139	27151	1	a028c9c9501df4846ec72c7b4432d4a3cb499b36b781bb1c38853498151d0ba7	CglyZXR1cm4gcmM7
569	FRAGMENT	27151	27152	1	01ba4719c80b6fe911b091a7c05124b64eeece964e09c058ef8f9805daca546b	Cg==
570	BLOCK_CLOSE	27152	27153	0	d10b36aa74a59bcf4a88185837f658afaf3646eff2bb16c3928d0e9335e945d2	fQ==
571	PREPROCESSOR	27153	27161	0	626de321eb397f6600939892a0009f31bc378f7e886f9acc5ec0af18db6a99a7	CiNlbmRpZgo=
572	PREPROCESSOR	27161	27199	0	8a9543fbc4ec60e61fe1f531bae31a0e0ac9ca10c94cd37335d6b042879fb479	CiNpZm5kZWYgTk9fR3JhcGhpY3NQYXRoXzFTdGFydEZpZ3VyZQo=
573	STATEMENT	27199	27310	0	272c0b60e5a1db409cadb4d914eb4224df08423232ae9028ba56413cb88b16ce	ZXh0ZXJuICJDIiBKTklFWFBPUlQgamludCBKTklDQUxMIEdkaXBfTkFUSVZFKEdyYXBoaWNzUGF0aF8xU3RhcnRGaWd1cmUpKEpOSUVudiAqZW52LCBqY2xhc3MgdGhhdCwgamxvbmcgYXJnMCk7
574	FUNCTION_OPEN	27310	27414	0	6adaf8dce2b8cbecd9fad794f7de02145796484c1250813c60c46ca4cdbf13f3	CkpOSUVYUE9SVCBqaW50IEpOSUNBTEwgR2RpcF9OQVRJVkUoR3JhcGhpY3NQYXRoXzFTdGFydEZpZ3VyZSkKCShKTklFbnYgKmVudiwgamNsYXNzIHRoYXQsIGpsb25nIGFyZzApCns=
575	STATEMENT	27414	27428	1	ab2eac128ef6225b35f40b35e2bd8fba39be8b3b6b281960b3c51646eba99890	CglqaW50IHJjID0gMDs=
576	STATEMENT	27428	27491	1	1333a7c6d6b9e9ee4326190208a7cda08770e314308ec3b9e6442509c568f35e	CglHZGlwX05BVElWRV9FTlRFUihlbnYsIHRoYXQsIEdyYXBoaWNzUGF0aF8xU3RhcnRGaWd1cmVfRlVOQyk7
577	STATEMENT	27491	27542	1	b3c0013c90060190882fef513cc813ca8493dcc0ef9ffba70595d45f0581d9af	CglyYyA9IChqaW50KSgoR3JhcGhpY3NQYXRoICopYXJnMCktPlN0YXJ0RmlndXJlKCk7
578	STATEMENT	27542	27604	1	045a391453d61ec1dfcbc68afbdc2a30fb3e4422f0b47532e12988c6e3a0ad34	CglHZGlwX05BVElWRV9FWElUKGVudiwgdGhhdCwgR3JhcGhpY3NQYXRoXzFTdGFydEZpZ3VyZV9GVU5DKTs=
579	STATEMENT	27604	27616	1	a028c9c9501df4846ec72c7b4432d4a3cb499b36b781bb1c38853498151d0ba7	CglyZXR1cm4gcmM7
580	FRAGMENT	27616	27617	1	01ba4719c80b6fe911b091a7c05124b64eeece964e09c058ef8f9805daca546b	Cg==
581	BLOCK_CLOSE	27617	27618	0	d10b36aa74a59bcf4a88185837f658afaf3646eff2bb16c3928d0e9335e945d2	fQ==
582	PREPROCESSOR	27618	27626	0	626de321eb397f6600939892a0009f31bc378f7e886f9acc5ec0af18db6a99a7	CiNlbmRpZgo=
583	PREPROCESSOR	27626	27662	0	1ab27ee8dd4910e494a60fda66c190b2361b459b9fabddabdf7a6d8c5d26bafe	CiNpZm5kZWYgTk9fR3JhcGhpY3NQYXRoXzFUcmFuc2Zvcm0K
584	STATEMENT	27662	27783	0	9ffd61240a3ee96764e406547edf372eb0e54900f4b8a435b9849cee7f07083f	ZXh0ZXJuICJDIiBKTklFWFBPUlQgamludCBKTklDQUxMIEdkaXBfTkFUSVZFKEdyYXBoaWNzUGF0aF8xVHJhbnNmb3JtKShKTklFbnYgKmVudiwgamNsYXNzIHRoYXQsIGpsb25nIGFyZzAsIGpsb25nIGFyZzEpOw==
585	FUNCTION_OPEN	27783	27897	0	b958b28c0c7b163a1d821c3ad0a3d740988b48054ea9057af4021e8c2de4d430	CkpOSUVYUE9SVCBqaW50IEpOSUNBTEwgR2RpcF9OQVRJVkUoR3JhcGhpY3NQYXRoXzFUcmFuc2Zvcm0pCgkoSk5JRW52ICplbnYsIGpjbGFzcyB0aGF0LCBqbG9uZyBhcmcwLCBqbG9uZyBhcmcxKQp7
586	STATEMENT	27897	27911	1	ab2eac128ef6225b35f40b35e2bd8fba39be8b3b6b281960b3c51646eba99890	CglqaW50IHJjID0gMDs=
587	STATEMENT	27911	27972	1	3730f254fd4221e4d076ff17a0c516efd299ba2c7195154665ed93822823d30a	CglHZGlwX05BVElWRV9FTlRFUihlbnYsIHRoYXQsIEdyYXBoaWNzUGF0aF8xVHJhbnNmb3JtX0ZVTkMpOw==
588	STATEMENT	27972	28035	1	35c9db03e66f05939b8c44e528c70b9b992d75ad56d84d7a7a926fa05488c6de	CglyYyA9IChqaW50KSgoR3JhcGhpY3NQYXRoICopYXJnMCktPlRyYW5zZm9ybSgoTWF0cml4ICopYXJnMSk7
589	STATEMENT	28035	28095	1	da72d76dd09387a45fe7387bb2dd6d3711fe8765ba71f1aaf5b52389ed05ac03	CglHZGlwX05BVElWRV9FWElUKGVudiwgdGhhdCwgR3JhcGhpY3NQYXRoXzFUcmFuc2Zvcm1fRlVOQyk7
590	STATEMENT	28095	28107	1	a028c9c9501df4846ec72c7b4432d4a3cb499b36b781bb1c38853498151d0ba7	CglyZXR1cm4gcmM7
591	FRAGMENT	28107	28108	1	01ba4719c80b6fe911b091a7c05124b64eeece964e09c058ef8f9805daca546b	Cg==
592	BLOCK_CLOSE	28108	28109	0	d10b36aa74a59bcf4a88185837f658afaf3646eff2bb16c3928d0e9335e945d2	fQ==
593	PREPROCESSOR	28109	28117	0	626de321eb397f6600939892a0009f31bc378f7e886f9acc5ec0af18db6a99a7	CiNlbmRpZgo=
594	PREPROCESSOR	28117	28150	0	e46ae17c1f3f49cad4063575a3813ad0075e5a1ef59406d12e3f4a828a7b0a92	CiNpZm5kZWYgTk9fR3JhcGhpY3NQYXRoXzFkZWxldGUK
595	STATEMENT	28150	28256	0	0f7fae0b93d93274c1bef3c2d33f9a2b230d84da1fff0a28e241012b689410d1	ZXh0ZXJuICJDIiBKTklFWFBPUlQgdm9pZCBKTklDQUxMIEdkaXBfTkFUSVZFKEdyYXBoaWNzUGF0aF8xZGVsZXRlKShKTklFbnYgKmVudiwgamNsYXNzIHRoYXQsIGpsb25nIGFyZzApOw==
596	FUNCTION_OPEN	28256	28355	0	e54e0a91f9d3071e7fa0eef3f6ae7dfb3c576aaa02d19abf0f2055e32fed6d31	CkpOSUVYUE9SVCB2b2lkIEpOSUNBTEwgR2RpcF9OQVRJVkUoR3JhcGhpY3NQYXRoXzFkZWxldGUpCgkoSk5JRW52ICplbnYsIGpjbGFzcyB0aGF0LCBqbG9uZyBhcmcwKQp7
597	STATEMENT	28355	28413	1	b4af9ade7a1fa6b0ac43907efc5b1181116125d38edf1bce2b5d68f394f3b062	CglHZGlwX05BVElWRV9FTlRFUihlbnYsIHRoYXQsIEdyYXBoaWNzUGF0aF8xZGVsZXRlX0ZVTkMpOw==
598	STATEMENT	28413	28443	1	3b66f78eb561fe33ca153ecac192ec6e435f08e77f15c8f4eafe99053810f42e	CglkZWxldGUgKEdyYXBoaWNzUGF0aCAqKWFyZzA7
599	STATEMENT	28443	28500	1	f7f899181b9ee24c64adda5bd9567d52f4a6d8ef71d7ce5f6b53d9c21bc026d2	CglHZGlwX05BVElWRV9FWElUKGVudiwgdGhhdCwgR3JhcGhpY3NQYXRoXzFkZWxldGVfRlVOQyk7
600	FRAGMENT	28500	28501	1	01ba4719c80b6fe911b091a7c05124b64eeece964e09c058ef8f9805daca546b	Cg==
601	BLOCK_CLOSE	28501	28502	0	d10b36aa74a59bcf4a88185837f658afaf3646eff2bb16c3928d0e9335e945d2	fQ==
602	PREPROCESSOR	28502	28510	0	626de321eb397f6600939892a0009f31bc378f7e886f9acc5ec0af18db6a99a7	CiNlbmRpZgo=
603	PREPROCESSOR	28510	28543	0	973bded9afc94539e8f93898d626a3992e34472a758d0b6b25d409761d51e391	CiNpZm5kZWYgTk9fR3JhcGhpY3NQYXRoXzFuZXdfX0kK
604	STATEMENT	28543	28649	0	e3f228c9b20417878ce5acc76528abd1a57347ef98a19ad097a414fa4581cda4	ZXh0ZXJuICJDIiBKTklFWFBPUlQgamxvbmcgSk5JQ0FMTCBHZGlwX05BVElWRShHcmFwaGljc1BhdGhfMW5ld19fSSkoSk5JRW52ICplbnYsIGpjbGFzcyB0aGF0LCBqaW50IGFyZzApOw==
605	FUNCTION_OPEN	28649	28748	0	a517e7d66eb6947c690e379d6bb24e5889c371d203cff5ab147ed61ff78061f7	CkpOSUVYUE9SVCBqbG9uZyBKTklDQUxMIEdkaXBfTkFUSVZFKEdyYXBoaWNzUGF0aF8xbmV3X19JKQoJKEpOSUVudiAqZW52LCBqY2xhc3MgdGhhdCwgamludCBhcmcwKQp7
606	STATEMENT	28748	28763	1	3411ceb5951bc52321d8d6cf00df310a159211846b0264e08db2a18b94173633	CglqbG9uZyByYyA9IDA7
607	STATEMENT	28763	28821	1	28451340a9dbc8422ba5f0c419f24e6d476f1e065bfa913fcda268a8866a5e69	CglHZGlwX05BVElWRV9FTlRFUihlbnYsIHRoYXQsIEdyYXBoaWNzUGF0aF8xbmV3X19JX0ZVTkMpOw==
608	STATEMENT	28821	28868	1	2ab5f32b5215ab765a9ecce1f76a487ead6bf123455c5e30499da0f307af9070	CglyYyA9IChqbG9uZyluZXcgR3JhcGhpY3NQYXRoKChGaWxsTW9kZSlhcmcwKTs=
609	STATEMENT	28868	28925	1	e64e2ce3a149423d2f092def587493fe78f12c40859afa2c37a0fdb8c50dafb2	CglHZGlwX05BVElWRV9FWElUKGVudiwgdGhhdCwgR3JhcGhpY3NQYXRoXzFuZXdfX0lfRlVOQyk7
610	STATEMENT	28925	28937	1	a028c9c9501df4846ec72c7b4432d4a3cb499b36b781bb1c38853498151d0ba7	CglyZXR1cm4gcmM7
611	FRAGMENT	28937	28938	1	01ba4719c80b6fe911b091a7c05124b64eeece964e09c058ef8f9805daca546b	Cg==
612	BLOCK_CLOSE	28938	28939	0	d10b36aa74a59bcf4a88185837f658afaf3646eff2bb16c3928d0e9335e945d2	fQ==
613	PREPROCESSOR	28939	28947	0	626de321eb397f6600939892a0009f31bc378f7e886f9acc5ec0af18db6a99a7	CiNlbmRpZgo=
614	PREPROCESSOR	28947	28987	0	d838955f9b5ffc7121684eff67718798fe72a8c93bafd9a1d97c3b088c6cae4f	CiNpZm5kZWYgTk9fR3JhcGhpY3NQYXRoXzFuZXdfX18zSV8zQklJCg==
615	STATEMENT	28987	29144	0	991f908c54314623364110c17a99e2d45a1f8d72cb8c394dd993f8cd91dee3ea	ZXh0ZXJuICJDIiBKTklFWFBPUlQgamxvbmcgSk5JQ0FMTCBHZGlwX05BVElWRShHcmFwaGljc1BhdGhfMW5ld19fXzNJXzNCSUkpKEpOSUVudiAqZW52LCBqY2xhc3MgdGhhdCwgamludEFycmF5IGFyZzAsIGpieXRlQXJyYXkgYXJnMSwgamludCBhcmcyLCBqaW50IGFyZzMpOw==
616	FUNCTION_OPEN	29144	29294	0	2e097c7525426f66ab7fd7172f77cf407c8da9907ca0a5cf719c3c43cc6d30af	CkpOSUVYUE9SVCBqbG9uZyBKTklDQUxMIEdkaXBfTkFUSVZFKEdyYXBoaWNzUGF0aF8xbmV3X19fM0lfM0JJSSkKCShKTklFbnYgKmVudiwgamNsYXNzIHRoYXQsIGppbnRBcnJheSBhcmcwLCBqYnl0ZUFycmF5IGFyZzEsIGppbnQgYXJnMiwgamludCBhcmczKQp7
617	STATEMENT	29294	29314	1	a1cbf51c77af7f59faf4816c9b32f7271623acc0ad0acf4815651e8a25d14c35	CglqaW50ICpscGFyZzA9TlVMTDs=
618	STATEMENT	29314	29335	1	ecbc1c66598161b54ed7d4df47ce4c17c895a8aaf496cadd930f0e7e6c9b06d3	CglqYnl0ZSAqbHBhcmcxPU5VTEw7
619	STATEMENT	29335	29350	1	3411ceb5951bc52321d8d6cf00df310a159211846b0264e08db2a18b94173633	CglqbG9uZyByYyA9IDA7
620	STATEMENT	29350	29415	1	8ac2c6529af294744d37dbfc67657c828f70d56d88fb8290499920a27ce9871e	CglHZGlwX05BVElWRV9FTlRFUihlbnYsIHRoYXQsIEdyYXBoaWNzUGF0aF8xbmV3X19fM0lfM0JJSV9GVU5DKTs=
621	STATEMENT	29415	29498	1	ea61c2c20aa49f57241a291a21f3b471ec0be23730cbf465214609bdbd381b6d	CglpZiAoYXJnMCkgaWYgKChscGFyZzAgPSBlbnYtPkdldEludEFycmF5RWxlbWVudHMoYXJnMCwgTlVMTCkpID09IE5VTEwpIGdvdG8gZmFpbDs=
622	STATEMENT	29498	29582	1	34b25bb79e57bcf245855145e8f1de5cf0db53de7d53840e1100f1e0039dcf6a	CglpZiAoYXJnMSkgaWYgKChscGFyZzEgPSBlbnYtPkdldEJ5dGVBcnJheUVsZW1lbnRzKGFyZzEsIE5VTEwpKSA9PSBOVUxMKSBnb3RvIGZhaWw7
623	STATEMENT	29582	29680	1	238ba1d6127abe47dfda416a427a038ddf0dda39bac28db89496188c07cdb0be	CglyYyA9IChqbG9uZyluZXcgR3JhcGhpY3NQYXRoKChjb25zdCBQb2ludCAqKWxwYXJnMCwgKGNvbnN0IEJZVEUgKilscGFyZzEsIGFyZzIsIChGaWxsTW9kZSlhcmczKTs=
624	STATEMENT	29680	29763	1	c2e4f89df7b6ceeb7cdde11742001ffed7f749bb0639fce9a0864d9f15e7be7f	CmZhaWw6CglpZiAoYXJnMSAmJiBscGFyZzEpIGVudi0+UmVsZWFzZUJ5dGVBcnJheUVsZW1lbnRzKGFyZzEsIGxwYXJnMSwgSk5JX0FCT1JUKTs=
625	STATEMENT	29763	29839	1	47f070e886671ca2790ac379a0d48fa930180f802f2980ee2ddc691da0135e4f	CglpZiAoYXJnMCAmJiBscGFyZzApIGVudi0+UmVsZWFzZUludEFycmF5RWxlbWVudHMoYXJnMCwgbHBhcmcwLCBKTklfQUJPUlQpOw==
626	STATEMENT	29839	29903	1	687db79b110fb51569fda195646cf28c641deaaa21d773967468d9da7937b6a2	CglHZGlwX05BVElWRV9FWElUKGVudiwgdGhhdCwgR3JhcGhpY3NQYXRoXzFuZXdfX18zSV8zQklJX0ZVTkMpOw==
627	STATEMENT	29903	29915	1	a028c9c9501df4846ec72c7b4432d4a3cb499b36b781bb1c38853498151d0ba7	CglyZXR1cm4gcmM7
628	FRAGMENT	29915	29916	1	01ba4719c80b6fe911b091a7c05124b64eeece964e09c058ef8f9805daca546b	Cg==
629	BLOCK_CLOSE	29916	29917	0	d10b36aa74a59bcf4a88185837f658afaf3646eff2bb16c3928d0e9335e945d2	fQ==
630	PREPROCESSOR	29917	29925	0	626de321eb397f6600939892a0009f31bc378f7e886f9acc5ec0af18db6a99a7	CiNlbmRpZgo=
631	PREPROCESSOR	29925	29955	0	a447d67ab309d06694dbced65721d503a51f604f144d78d9cd43913139027842	CiNpZm5kZWYgTk9fR3JhcGhpY3NfMURyYXdBcmMK
632	STATEMENT	29955	30140	0	44eb4332ec8defa5e1a14eea74da40ba1d2eed0586ada894fa9ef95015821a11	ZXh0ZXJuICJDIiBKTklFWFBPUlQgamludCBKTklDQUxMIEdkaXBfTkFUSVZFKEdyYXBoaWNzXzFEcmF3QXJjKShKTklFbnYgKmVudiwgamNsYXNzIHRoYXQsIGpsb25nIGFyZzAsIGpsb25nIGFyZzEsIGppbnQgYXJnMiwgamludCBhcmczLCBqaW50IGFyZzQsIGppbnQgYXJnNSwgamZsb2F0IGFyZzYsIGpmbG9hdCBhcmc3KTs=
633	FUNCTION_OPEN	30140	30318	0	6cf1af7d10630a15a6944b8607827ea223c5a764a86ae4441aff85f615c4d34d	CkpOSUVYUE9SVCBqaW50IEpOSUNBTEwgR2RpcF9OQVRJVkUoR3JhcGhpY3NfMURyYXdBcmMpCgkoSk5JRW52ICplbnYsIGpjbGFzcyB0aGF0LCBqbG9uZyBhcmcwLCBqbG9uZyBhcmcxLCBqaW50IGFyZzIsIGppbnQgYXJnMywgamludCBhcmc0LCBqaW50IGFyZzUsIGpmbG9hdCBhcmc2LCBqZmxvYXQgYXJnNykKew==
634	STATEMENT	30318	30332	1	ab2eac128ef6225b35f40b35e2bd8fba39be8b3b6b281960b3c51646eba99890	CglqaW50IHJjID0gMDs=
635	STATEMENT	30332	30387	1	18d8b72082225c7a4a1450640a596fa07d6e6ffd07eb8bfe0d8d99697df0e9d6	CglHZGlwX05BVElWRV9FTlRFUihlbnYsIHRoYXQsIEdyYXBoaWNzXzFEcmF3QXJjX0ZVTkMpOw==
636	STATEMENT	30387	30477	1	bd3cd721c69a3195c4c326c984a2cf315ad7ccb66e99e4a4063a673bded07d48	CglyYyA9IChqaW50KSgoR3JhcGhpY3MgKilhcmcwKS0+RHJhd0FyYygoUGVuICopYXJnMSwgYXJnMiwgYXJnMywgYXJnNCwgYXJnNSwgYXJnNiwgYXJnNyk7
637	STATEMENT	30477	30531	1	ddfa580f1f5649bbf431d0b54f34e612b569e84a2af17694aacc34da0f20738c	CglHZGlwX05BVElWRV9FWElUKGVudiwgdGhhdCwgR3JhcGhpY3NfMURyYXdBcmNfRlVOQyk7
638	STATEMENT	30531	30543	1	a028c9c9501df4846ec72c7b4432d4a3cb499b36b781bb1c38853498151d0ba7	CglyZXR1cm4gcmM7
639	FRAGMENT	30543	30544	1	01ba4719c80b6fe911b091a7c05124b64eeece964e09c058ef8f9805daca546b	Cg==
640	BLOCK_CLOSE	30544	30545	0	d10b36aa74a59bcf4a88185837f658afaf3646eff2bb16c3928d0e9335e945d2	fQ==
641	PREPROCESSOR	30545	30553	0	626de321eb397f6600939892a0009f31bc378f7e886f9acc5ec0af18db6a99a7	CiNlbmRpZgo=
642	PREPROCESSOR	30553	30640	0	642e0248b6b7a239c2112bef94794b62d02d70bcc034ea084980d09a1baa1713	CiNpZm5kZWYgTk9fR3JhcGhpY3NfMURyYXdEcml2ZXJTdHJpbmdfX0pKSUpKTG9yZ19lY2xpcHNlX3N3dF9pbnRlcm5hbF9nZGlwX1BvaW50Rl8ySUoK
643	STATEMENT	30640	30884	0	cf899d871fd3526722b64e21836d05e1b285a27aa8dbf5bfe97db12a401d5555	ZXh0ZXJuICJDIiBKTklFWFBPUlQgamludCBKTklDQUxMIEdkaXBfTkFUSVZFKEdyYXBoaWNzXzFEcmF3RHJpdmVyU3RyaW5nX19KSklKSkxvcmdfZWNsaXBzZV9zd3RfaW50ZXJuYWxfZ2RpcF9Qb2ludEZfMklKKShKTklFbnYgKmVudiwgamNsYXNzIHRoYXQsIGpsb25nIGFyZzAsIGpsb25nIGFyZzEsIGppbnQgYXJnMiwgamxvbmcgYXJnMywgamxvbmcgYXJnNCwgam9iamVjdCBhcmc1LCBqaW50IGFyZzYsIGpsb25nIGFyZzcpOw==
644	FUNCTION_OPEN	30884	31121	0	9e2af587785fb2461ebcc8cdb784aaf643a1cc993d7f82ff2e216f3384bcabc5	CkpOSUVYUE9SVCBqaW50IEpOSUNBTEwgR2RpcF9OQVRJVkUoR3JhcGhpY3NfMURyYXdEcml2ZXJTdHJpbmdfX0pKSUpKTG9yZ19lY2xpcHNlX3N3dF9pbnRlcm5hbF9nZGlwX1BvaW50Rl8ySUopCgkoSk5JRW52ICplbnYsIGpjbGFzcyB0aGF0LCBqbG9uZyBhcmcwLCBqbG9uZyBhcmcxLCBqaW50IGFyZzIsIGpsb25nIGFyZzMsIGpsb25nIGFyZzQsIGpvYmplY3QgYXJnNSwgamludCBhcmc2LCBqbG9uZyBhcmc3KQp7
645	STATEMENT	31121	31150	1	808e4d046fadc13789c5cff4949c01d2c4e592689b98f5968e8b238858605b81	CglQb2ludEYgX2FyZzUsICpscGFyZzU9TlVMTDs=
646	STATEMENT	31150	31164	1	ab2eac128ef6225b35f40b35e2bd8fba39be8b3b6b281960b3c51646eba99890	CglqaW50IHJjID0gMDs=
647	STATEMENT	31164	31276	1	b68c4de995a1a1e5d69f4482efa13a4c078393c0e7aed36e543e5e2388e00592	CglHZGlwX05BVElWRV9FTlRFUihlbnYsIHRoYXQsIEdyYXBoaWNzXzFEcmF3RHJpdmVyU3RyaW5nX19KSklKSkxvcmdfZWNsaXBzZV9zd3RfaW50ZXJuYWxfZ2RpcF9Qb2ludEZfMklKX0ZVTkMpOw==
648	STATEMENT	31276	31357	1	9038b5311a08efc31891fb1eb5058f06922e7a2e74241999feef78853220a871	CglpZiAoYXJnNSkgaWYgKChscGFyZzUgPSBnZXRQb2ludEZGaWVsZHMoZW52LCBhcmc1LCAmX2FyZzUpKSA9PSBOVUxMKSBnb3RvIGZhaWw7
649	STATEMENT	31357	31528	1	26f85fe05002fe5fab648531cf44fbe4538856b8d5a1dcdea62309f51b23cd6c	CglyYyA9IChqaW50KSgoR3JhcGhpY3MgKilhcmcwKS0+RHJhd0RyaXZlclN0cmluZygoY29uc3QgVUlOVDE2ICopYXJnMSwgYXJnMiwgKGNvbnN0IEZvbnQgKilhcmczLCAoY29uc3QgQnJ1c2ggKilhcmc0LCAoY29uc3QgUG9pbnRGICopbHBhcmc1LCBhcmc2LCAoY29uc3QgTWF0cml4ICopYXJnNyk7
650	STATEMENT	31528	31591	1	8b2fb75dc9347cb094a97cfb4aa1922e0367fe327aa4662812a779030c52c91e	CmZhaWw6CglpZiAoYXJnNSAmJiBscGFyZzUpIHNldFBvaW50RkZpZWxkcyhlbnYsIGFyZzUsIGxwYXJnNSk7
651	STATEMENT	31591	31702	1	91240326196f22fcf4af7097583f4052bea98adae187b5f0528586c09397d160	CglHZGlwX05BVElWRV9FWElUKGVudiwgdGhhdCwgR3JhcGhpY3NfMURyYXdEcml2ZXJTdHJpbmdfX0pKSUpKTG9yZ19lY2xpcHNlX3N3dF9pbnRlcm5hbF9nZGlwX1BvaW50Rl8ySUpfRlVOQyk7
652	STATEMENT	31702	31714	1	a028c9c9501df4846ec72c7b4432d4a3cb499b36b781bb1c38853498151d0ba7	CglyZXR1cm4gcmM7
653	FRAGMENT	31714	31715	1	01ba4719c80b6fe911b091a7c05124b64eeece964e09c058ef8f9805daca546b	Cg==
654	BLOCK_CLOSE	31715	31716	0	d10b36aa74a59bcf4a88185837f658afaf3646eff2bb16c3928d0e9335e945d2	fQ==
655	PREPROCESSOR	31716	31724	0	626de321eb397f6600939892a0009f31bc378f7e886f9acc5ec0af18db6a99a7	CiNlbmRpZgo=
656	PREPROCESSOR	31724	31775	0	73800e4d3082e7adfba6ca5f016e3851233d48fe084aaf3ccd61838aff00ab93	CiNpZm5kZWYgTk9fR3JhcGhpY3NfMURyYXdEcml2ZXJTdHJpbmdfX0pKSUpKXzNGSUoK
657	STATEMENT	31775	31987	0	d002fbe61975cf88024d5f7cb96b7781b32d75acdc18e38c2bccf98d931a5763	ZXh0ZXJuICJDIiBKTklFWFBPUlQgamludCBKTklDQUxMIEdkaXBfTkFUSVZFKEdyYXBoaWNzXzFEcmF3RHJpdmVyU3RyaW5nX19KSklKSl8zRklKKShKTklFbnYgKmVudiwgamNsYXNzIHRoYXQsIGpsb25nIGFyZzAsIGpsb25nIGFyZzEsIGppbnQgYXJnMiwgamxvbmcgYXJnMywgamxvbmcgYXJnNCwgamZsb2F0QXJyYXkgYXJnNSwgamludCBhcmc2LCBqbG9uZyBhcmc3KTs=
658	FUNCTION_OPEN	31987	32192	0	b0b6fb527267d34506a8d7c85f2b5d66cd93018a728cad8c0d2070daf4e56d99	CkpOSUVYUE9SVCBqaW50IEpOSUNBTEwgR2RpcF9OQVRJVkUoR3JhcGhpY3NfMURyYXdEcml2ZXJTdHJpbmdfX0pKSUpKXzNGSUopCgkoSk5JRW52ICplbnYsIGpjbGFzcyB0aGF0LCBqbG9uZyBhcmcwLCBqbG9uZyBhcmcxLCBqaW50IGFyZzIsIGpsb25nIGFyZzMsIGpsb25nIGFyZzQsIGpmbG9hdEFycmF5IGFyZzUsIGppbnQgYXJnNiwgamxvbmcgYXJnNykKew==
659	STATEMENT	32192	32214	1	0d78aa2310e4d0e87c40bdf6bc8bec780bc15277be459eebc4aba47e045bdca2	CglqZmxvYXQgKmxwYXJnNT1OVUxMOw==
660	STATEMENT	32214	32228	1	ab2eac128ef6225b35f40b35e2bd8fba39be8b3b6b281960b3c51646eba99890	CglqaW50IHJjID0gMDs=
661	STATEMENT	32228	32304	1	e3d9e10c8b66ec5fcdb189b17c9fc63d66e5381b44febb7200cd40b137cc09b8	CglHZGlwX05BVElWRV9FTlRFUihlbnYsIHRoYXQsIEdyYXBoaWNzXzFEcmF3RHJpdmVyU3RyaW5nX19KSklKSl8zRklKX0ZVTkMpOw==
662	STATEMENT	32304	32389	1	596a7a0d6c42fad4fdfce8d7d1fe688569a5ab024dc53deffbe748a51eba8ef8	CglpZiAoYXJnNSkgaWYgKChscGFyZzUgPSBlbnYtPkdldEZsb2F0QXJyYXlFbGVtZW50cyhhcmc1LCBOVUxMKSkgPT0gTlVMTCkgZ290byBmYWlsOw==
663	STATEMENT	32389	32560	1	26f85fe05002fe5fab648531cf44fbe4538856b8d5a1dcdea62309f51b23cd6c	CglyYyA9IChqaW50KSgoR3JhcGhpY3MgKilhcmcwKS0+RHJhd0RyaXZlclN0cmluZygoY29uc3QgVUlOVDE2ICopYXJnMSwgYXJnMiwgKGNvbnN0IEZvbnQgKilhcmczLCAoY29uc3QgQnJ1c2ggKilhcmc0LCAoY29uc3QgUG9pbnRGICopbHBhcmc1LCBhcmc2LCAoY29uc3QgTWF0cml4ICopYXJnNyk7
664	STATEMENT	32560	32644	1	5dc0887112ce9f81cbda0ac1ea8bc916fa394208eeddf03187e0a63cccdcc64f	CmZhaWw6CglpZiAoYXJnNSAmJiBscGFyZzUpIGVudi0+UmVsZWFzZUZsb2F0QXJyYXlFbGVtZW50cyhhcmc1LCBscGFyZzUsIEpOSV9BQk9SVCk7
665	STATEMENT	32644	32719	1	7fb346ac25eb176ce0433c58572e989e113c16e594f9099b292470563fee8525	CglHZGlwX05BVElWRV9FWElUKGVudiwgdGhhdCwgR3JhcGhpY3NfMURyYXdEcml2ZXJTdHJpbmdfX0pKSUpKXzNGSUpfRlVOQyk7
666	STATEMENT	32719	32731	1	a028c9c9501df4846ec72c7b4432d4a3cb499b36b781bb1c38853498151d0ba7	CglyZXR1cm4gcmM7
667	FRAGMENT	32731	32732	1	01ba4719c80b6fe911b091a7c05124b64eeece964e09c058ef8f9805daca546b	Cg==
668	BLOCK_CLOSE	32732	32733	0	d10b36aa74a59bcf4a88185837f658afaf3646eff2bb16c3928d0e9335e945d2	fQ==
669	PREPROCESSOR	32733	32741	0	626de321eb397f6600939892a0009f31bc378f7e886f9acc5ec0af18db6a99a7	CiNlbmRpZgo=
670	PREPROCESSOR	32741	32775	0	a7dff9d09806b5cad72b3a13235bf2cbc0121887531b0a0f94bea547318f62e9	CiNpZm5kZWYgTk9fR3JhcGhpY3NfMURyYXdFbGxpcHNlCg==
671	STATEMENT	32775	32938	0	737562b3de4aa891ed0ba67698b553770dd137ab7996918d50d90a07e6c62554	ZXh0ZXJuICJDIiBKTklFWFBPUlQgamludCBKTklDQUxMIEdkaXBfTkFUSVZFKEdyYXBoaWNzXzFEcmF3RWxsaXBzZSkoSk5JRW52ICplbnYsIGpjbGFzcyB0aGF0LCBqbG9uZyBhcmcwLCBqbG9uZyBhcmcxLCBqaW50IGFyZzIsIGppbnQgYXJnMywgamludCBhcmc0LCBqaW50IGFyZzUpOw==
672	FUNCTION_OPEN	32938	33094	0	9c6ca5cf60fd5f4e5607214e784415e6c027d99abb432b6bc0e37e7b27974624	CkpOSUVYUE9SVCBqaW50IEpOSUNBTEwgR2RpcF9OQVRJVkUoR3JhcGhpY3NfMURyYXdFbGxpcHNlKQoJKEpOSUVudiAqZW52LCBqY2xhc3MgdGhhdCwgamxvbmcgYXJnMCwgamxvbmcgYXJnMSwgamludCBhcmcyLCBqaW50IGFyZzMsIGppbnQgYXJnNCwgamludCBhcmc1KQp7
673	STATEMENT	33094	33108	1	ab2eac128ef6225b35f40b35e2bd8fba39be8b3b6b281960b3c51646eba99890	CglqaW50IHJjID0gMDs=
674	STATEMENT	33108	33167	1	fc4511d6b61b7ef0c56601972c863a26c9d811fef660abfdf863d43696446468	CglHZGlwX05BVElWRV9FTlRFUihlbnYsIHRoYXQsIEdyYXBoaWNzXzFEcmF3RWxsaXBzZV9GVU5DKTs=
675	STATEMENT	33167	33249	1	542ea03ef9f15856bc980036f2157623537db57f61491d288f541910102c02b4	CglyYyA9IChqaW50KSgoR3JhcGhpY3MgKilhcmcwKS0+RHJhd0VsbGlwc2UoKFBlbiAqKWFyZzEsIGFyZzIsIGFyZzMsIGFyZzQsIGFyZzUpOw==
676	STATEMENT	33249	33307	1	104e87368ceda0563c0a592046762401f69dd86cef68133550f71879554e7703	CglHZGlwX05BVElWRV9FWElUKGVudiwgdGhhdCwgR3JhcGhpY3NfMURyYXdFbGxpcHNlX0ZVTkMpOw==
677	STATEMENT	33307	33319	1	a028c9c9501df4846ec72c7b4432d4a3cb499b36b781bb1c38853498151d0ba7	CglyZXR1cm4gcmM7
678	FRAGMENT	33319	33320	1	01ba4719c80b6fe911b091a7c05124b64eeece964e09c058ef8f9805daca546b	Cg==
679	BLOCK_CLOSE	33320	33321	0	d10b36aa74a59bcf4a88185837f658afaf3646eff2bb16c3928d0e9335e945d2	fQ==
680	PREPROCESSOR	33321	33329	0	626de321eb397f6600939892a0009f31bc378f7e886f9acc5ec0af18db6a99a7	CiNlbmRpZgo=
681	PREPROCESSOR	33329	33367	0	8d781de7977a19556ffdc5c0df2c829f767ae4e957b9a8afb12b2c572d2792a9	CiNpZm5kZWYgTk9fR3JhcGhpY3NfMURyYXdJbWFnZV9fSkpJSQo=
682	STATEMENT	33367	33512	0	75c2ac8e488b9bd792bdfa2163197b2baebf5be740aa5b751420f8028506ef68	ZXh0ZXJuICJDIiBKTklFWFBPUlQgamludCBKTklDQUxMIEdkaXBfTkFUSVZFKEdyYXBoaWNzXzFEcmF3SW1hZ2VfX0pKSUkpKEpOSUVudiAqZW52LCBqY2xhc3MgdGhhdCwgamxvbmcgYXJnMCwgamxvbmcgYXJnMSwgamludCBhcmcyLCBqaW50IGFyZzMpOw==
683	FUNCTION_OPEN	33512	33650	0	cc05d3e628598a41530c3f988abadf724465dbf475b7fbcd130b1bdcefc4823f	CkpOSUVYUE9SVCBqaW50IEpOSUNBTEwgR2RpcF9OQVRJVkUoR3JhcGhpY3NfMURyYXdJbWFnZV9fSkpJSSkKCShKTklFbnYgKmVudiwgamNsYXNzIHRoYXQsIGpsb25nIGFyZzAsIGpsb25nIGFyZzEsIGppbnQgYXJnMiwgamludCBhcmczKQp7
684	STATEMENT	33650	33664	1	ab2eac128ef6225b35f40b35e2bd8fba39be8b3b6b281960b3c51646eba99890	CglqaW50IHJjID0gMDs=
685	STATEMENT	33664	33727	1	dbf87ab1fc9b2f6e796521ec0f4f76dfc8c7d8bd7cc6ef12db7afd36f1cd6fc6	CglHZGlwX05BVElWRV9FTlRFUihlbnYsIHRoYXQsIEdyYXBoaWNzXzFEcmF3SW1hZ2VfX0pKSUlfRlVOQyk7
686	STATEMENT	33727	33807	1	d746c71c4ef05cf28e9155e8ccf3ad1d20bd1258e987a704756ac8c23990aa27	CglyYyA9IChqaW50KSgoR3JhcGhpY3MgKilhcmcwKS0+RHJhd0ltYWdlKChJbWFnZSAqKWFyZzEsIChJTlQpYXJnMiwgKElOVClhcmczKTs=
687	STATEMENT	33807	33869	1	a83a574217de4e794be2fbf270e4a449170bec90d731e822ae9b2a16faa116ab	CglHZGlwX05BVElWRV9FWElUKGVudiwgdGhhdCwgR3JhcGhpY3NfMURyYXdJbWFnZV9fSkpJSV9GVU5DKTs=
688	STATEMENT	33869	33881	1	a028c9c9501df4846ec72c7b4432d4a3cb499b36b781bb1c38853498151d0ba7	CglyZXR1cm4gcmM7
689	FRAGMENT	33881	33882	1	01ba4719c80b6fe911b091a7c05124b64eeece964e09c058ef8f9805daca546b	Cg==
690	BLOCK_CLOSE	33882	33883	0	d10b36aa74a59bcf4a88185837f658afaf3646eff2bb16c3928d0e9335e945d2	fQ==
691	PREPROCESSOR	33883	33891	0	626de321eb397f6600939892a0009f31bc378f7e886f9acc5ec0af18db6a99a7	CiNlbmRpZgo=
692	PREPROCESSOR	33891	33972	0	9187a379ccd77d8b5e665031e43d15898173753c7c5fba8bbe6da5314508be79	CiNpZm5kZWYgTk9fR3JhcGhpY3NfMURyYXdJbWFnZV9fSkpMb3JnX2VjbGlwc2Vfc3d0X2ludGVybmFsX2dkaXBfUmVjdF8ySUlJSUlKSkoK
693	STATEMENT	33972	34244	0	00be9d03dc460ffb37d73e63cd404e8b7d4c2e0cc4da8bc0469b150caeed68d8	ZXh0ZXJuICJDIiBKTklFWFBPUlQgamludCBKTklDQUxMIEdkaXBfTkFUSVZFKEdyYXBoaWNzXzFEcmF3SW1hZ2VfX0pKTG9yZ19lY2xpcHNlX3N3dF9pbnRlcm5hbF9nZGlwX1JlY3RfMklJSUlJSkpKKShKTklFbnYgKmVudiwgamNsYXNzIHRoYXQsIGpsb25nIGFyZzAsIGpsb25nIGFyZzEsIGpvYmplY3QgYXJnMiwgamludCBhcmczLCBqaW50IGFyZzQsIGppbnQgYXJnNSwgamludCBhcmc2LCBqaW50IGFyZzcsIGpsb25nIGFyZzgsIGpsb25nIGFyZzksIGpsb25nIGFyZzEwKTs=
694	FUNCTION_OPEN	34244	34509	0	d7f01c71dd22619b1ca84c7eee142dc0b58fca258ee6062e90d1eea94facdaeb	CkpOSUVYUE9SVCBqaW50IEpOSUNBTEwgR2RpcF9OQVRJVkUoR3JhcGhpY3NfMURyYXdJbWFnZV9fSkpMb3JnX2VjbGlwc2Vfc3d0X2ludGVybmFsX2dkaXBfUmVjdF8ySUlJSUlKSkopCgkoSk5JRW52ICplbnYsIGpjbGFzcyB0aGF0LCBqbG9uZyBhcmcwLCBqbG9uZyBhcmcxLCBqb2JqZWN0IGFyZzIsIGppbnQgYXJnMywgamludCBhcmc0LCBqaW50IGFyZzUsIGppbnQgYXJnNiwgamludCBhcmc3LCBqbG9uZyBhcmc4LCBqbG9uZyBhcmc5LCBqbG9uZyBhcmcxMCkKew==
695	STATEMENT	34509	34536	1	4404896f9f44b5d26f909a3482a07fff1556322b8e61d1ee8b849ba78eba7053	CglSZWN0IF9hcmcyLCAqbHBhcmcyPU5VTEw7
696	STATEMENT	34536	34550	1	ab2eac128ef6225b35f40b35e2bd8fba39be8b3b6b281960b3c51646eba99890	CglqaW50IHJjID0gMDs=
697	STATEMENT	34550	34656	1	47df4f710f35b51f103b6d1654741bda8fe51495f5ac632ac75a114eec223ccc	CglHZGlwX05BVElWRV9FTlRFUihlbnYsIHRoYXQsIEdyYXBoaWNzXzFEcmF3SW1hZ2VfX0pKTG9yZ19lY2xpcHNlX3N3dF9pbnRlcm5hbF9nZGlwX1JlY3RfMklJSUlJSkpKX0ZVTkMpOw==
698	STATEMENT	34656	34735	1	d29ffe593d41a86d13afc7110c1d650cd9037153372c0229c7f49b37d712743a	CglpZiAoYXJnMikgaWYgKChscGFyZzIgPSBnZXRSZWN0RmllbGRzKGVudiwgYXJnMiwgJl9hcmcyKSkgPT0gTlVMTCkgZ290byBmYWlsOw==
699	STATEMENT	34735	34934	1	bbfde08658a3e708b3cd36784ae0be63f528078f978dec7b08137eef57be600b	CglyYyA9IChqaW50KSgoR3JhcGhpY3MgKilhcmcwKS0+RHJhd0ltYWdlKChJbWFnZSAqKWFyZzEsICooY29uc3QgUmVjdCAqKWxwYXJnMiwgKElOVClhcmczLCAoSU5UKWFyZzQsIChJTlQpYXJnNSwgKElOVClhcmc2LCAoVW5pdClhcmc3LCAoSW1hZ2VBdHRyaWJ1dGVzICopYXJnOCwgKERyYXdJbWFnZUFib3J0KWFyZzksIChWT0lEICopYXJnMTApOw==
700	STATEMENT	34934	34995	1	fed700fde7fafa1b2fc70f660815699e1cae9bebfe72b4eeca26083423ccb09f	CmZhaWw6CglpZiAoYXJnMiAmJiBscGFyZzIpIHNldFJlY3RGaWVsZHMoZW52LCBhcmcyLCBscGFyZzIpOw==
701	STATEMENT	34995	35100	1	29751a8d55d6a8e334f9af45f42d44ad56cd161e6dd1048952852d0e16f4d7bd	CglHZGlwX05BVElWRV9FWElUKGVudiwgdGhhdCwgR3JhcGhpY3NfMURyYXdJbWFnZV9fSkpMb3JnX2VjbGlwc2Vfc3d0X2ludGVybmFsX2dkaXBfUmVjdF8ySUlJSUlKSkpfRlVOQyk7
702	STATEMENT	35100	35112	1	a028c9c9501df4846ec72c7b4432d4a3cb499b36b781bb1c38853498151d0ba7	CglyZXR1cm4gcmM7
703	FRAGMENT	35112	35113	1	01ba4719c80b6fe911b091a7c05124b64eeece964e09c058ef8f9805daca546b	Cg==
704	BLOCK_CLOSE	35113	35114	0	d10b36aa74a59bcf4a88185837f658afaf3646eff2bb16c3928d0e9335e945d2	fQ==
705	PREPROCESSOR	35114	35122	0	626de321eb397f6600939892a0009f31bc378f7e886f9acc5ec0af18db6a99a7	CiNlbmRpZgo=
706	PREPROCESSOR	35122	35153	0	8f321a698a3257a20102f811138cd89b9f5660ac693f30745d09766b75f0bfd6	CiNpZm5kZWYgTk9fR3JhcGhpY3NfMURyYXdMaW5lCg==
707	STATEMENT	35153	35313	0	fb8f8e78512e7938b6895a5e6b27e6a0a3c67c9e6ac7244a3abdfd21bb2c56a3	ZXh0ZXJuICJDIiBKTklFWFBPUlQgamludCBKTklDQUxMIEdkaXBfTkFUSVZFKEdyYXBoaWNzXzFEcmF3TGluZSkoSk5JRW52ICplbnYsIGpjbGFzcyB0aGF0LCBqbG9uZyBhcmcwLCBqbG9uZyBhcmcxLCBqaW50IGFyZzIsIGppbnQgYXJnMywgamludCBhcmc0LCBqaW50IGFyZzUpOw==
708	FUNCTION_OPEN	35313	35466	0	216ed8aedde31f700153ac01fbe10ad5305076a7bc635b8e3063407f164ba32c	CkpOSUVYUE9SVCBqaW50IEpOSUNBTEwgR2RpcF9OQVRJVkUoR3JhcGhpY3NfMURyYXdMaW5lKQoJKEpOSUVudiAqZW52LCBqY2xhc3MgdGhhdCwgamxvbmcgYXJnMCwgamxvbmcgYXJnMSwgamludCBhcmcyLCBqaW50IGFyZzMsIGppbnQgYXJnNCwgamludCBhcmc1KQp7
709	STATEMENT	35466	35480	1	ab2eac128ef6225b35f40b35e2bd8fba39be8b3b6b281960b3c51646eba99890	CglqaW50IHJjID0gMDs=
710	STATEMENT	35480	35536	1	3128dff731920f87a4ffd6a283e18fa3af4ed023d46a1e89f06d2163868c376b	CglHZGlwX05BVElWRV9FTlRFUihlbnYsIHRoYXQsIEdyYXBoaWNzXzFEcmF3TGluZV9GVU5DKTs=
711	STATEMENT	35536	35615	1	7bda9428c4404527abbaaf8b53902b80c3804b2f3150f9a3f414de03f92e8cb6	CglyYyA9IChqaW50KSgoR3JhcGhpY3MgKilhcmcwKS0+RHJhd0xpbmUoKFBlbiAqKWFyZzEsIGFyZzIsIGFyZzMsIGFyZzQsIGFyZzUpOw==
712	STATEMENT	35615	35670	1	46b394f8b4ff95b90bc45b0ff1f6d5a27c5366bc35a0d7a31a443fe2b23fc852	CglHZGlwX05BVElWRV9FWElUKGVudiwgdGhhdCwgR3JhcGhpY3NfMURyYXdMaW5lX0ZVTkMpOw==
713	STATEMENT	35670	35682	1	a028c9c9501df4846ec72c7b4432d4a3cb499b36b781bb1c38853498151d0ba7	CglyZXR1cm4gcmM7
714	FRAGMENT	35682	35683	1	01ba4719c80b6fe911b091a7c05124b64eeece964e09c058ef8f9805daca546b	Cg==
715	BLOCK_CLOSE	35683	35684	0	d10b36aa74a59bcf4a88185837f658afaf3646eff2bb16c3928d0e9335e945d2	fQ==
716	PREPROCESSOR	35684	35692	0	626de321eb397f6600939892a0009f31bc378f7e886f9acc5ec0af18db6a99a7	CiNlbmRpZgo=
717	PREPROCESSOR	35692	35724	0	a7f8d82803281878541d8177f05eed07d5f885f453bca93a5a98fdeb961ff30d	CiNpZm5kZWYgTk9fR3JhcGhpY3NfMURyYXdMaW5lcwo=
718	STATEMENT	35724	35868	0	4f6d16579f70c0df33d68719efbe51520b54edb626182fcff1ae5f36550e2206	ZXh0ZXJuICJDIiBKTklFWFBPUlQgamludCBKTklDQUxMIEdkaXBfTkFUSVZFKEdyYXBoaWNzXzFEcmF3TGluZXMpKEpOSUVudiAqZW52LCBqY2xhc3MgdGhhdCwgamxvbmcgYXJnMCwgamxvbmcgYXJnMSwgamludEFycmF5IGFyZzIsIGppbnQgYXJnMyk7
719	FUNCTION_OPEN	35868	36005	0	addbbce321a42c22ad3eeae08571fdfdc9448133b5e455a9e907fba3b164fe78	CkpOSUVYUE9SVCBqaW50IEpOSUNBTEwgR2RpcF9OQVRJVkUoR3JhcGhpY3NfMURyYXdMaW5lcykKCShKTklFbnYgKmVudiwgamNsYXNzIHRoYXQsIGpsb25nIGFyZzAsIGpsb25nIGFyZzEsIGppbnRBcnJheSBhcmcyLCBqaW50IGFyZzMpCns=
720	STATEMENT	36005	36025	1	6778f342eb5ab632481500374a71f394d94a272d1e7b47275cb4d780109a0ee9	CglqaW50ICpscGFyZzI9TlVMTDs=
721	STATEMENT	36025	36039	1	ab2eac128ef6225b35f40b35e2bd8fba39be8b3b6b281960b3c51646eba99890	CglqaW50IHJjID0gMDs=
722	STATEMENT	36039	36096	1	3864abce1e7c812e1c542d362c74136b332e2481aa9e1a2de6364311314e9c70	CglHZGlwX05BVElWRV9FTlRFUihlbnYsIHRoYXQsIEdyYXBoaWNzXzFEcmF3TGluZXNfRlVOQyk7
723	STATEMENT	36096	36179	1	d67e55719643f80e9d118a7ec30926a2f96ebcdb928072dccef7dc12fc773e7e	CglpZiAoYXJnMikgaWYgKChscGFyZzIgPSBlbnYtPkdldEludEFycmF5RWxlbWVudHMoYXJnMiwgTlVMTCkpID09IE5VTEwpIGdvdG8gZmFpbDs=
724	STATEMENT	36179	36269	1	7470cd37d546534fa222c5e7d0f63a8b610de912610361275e4e3c6c21514238	CglyYyA9IChqaW50KSgoR3JhcGhpY3MgKilhcmcwKS0+RHJhd0xpbmVzKChQZW4gKilhcmcxLCAoY29uc3QgUG9pbnQgKilscGFyZzIsIChJTlQpYXJnMyk7
725	STATEMENT	36269	36351	1	8259df3d688f99412a973e308f5daefcd56abdce8a60e02d27d7a78673b88350	CmZhaWw6CglpZiAoYXJnMiAmJiBscGFyZzIpIGVudi0+UmVsZWFzZUludEFycmF5RWxlbWVudHMoYXJnMiwgbHBhcmcyLCBKTklfQUJPUlQpOw==
726	STATEMENT	36351	36407	1	48360758c3414786afdd976db1465dcea3378255b0f064c3deeba5bd29b5784e	CglHZGlwX05BVElWRV9FWElUKGVudiwgdGhhdCwgR3JhcGhpY3NfMURyYXdMaW5lc19GVU5DKTs=
727	STATEMENT	36407	36419	1	a028c9c9501df4846ec72c7b4432d4a3cb499b36b781bb1c38853498151d0ba7	CglyZXR1cm4gcmM7
728	FRAGMENT	36419	36420	1	01ba4719c80b6fe911b091a7c05124b64eeece964e09c058ef8f9805daca546b	Cg==
729	BLOCK_CLOSE	36420	36421	0	d10b36aa74a59bcf4a88185837f658afaf3646eff2bb16c3928d0e9335e945d2	fQ==
730	PREPROCESSOR	36421	36429	0	626de321eb397f6600939892a0009f31bc378f7e886f9acc5ec0af18db6a99a7	CiNlbmRpZgo=
731	PREPROCESSOR	36429	36460	0	3e3b53c85bf470e4f1155ff14fb3734fadd393c2b49a80af38a8eb68b50c71e4	CiNpZm5kZWYgTk9fR3JhcGhpY3NfMURyYXdQYXRoCg==
732	STATEMENT	36460	36588	0	032f45118f7b2f095b89c0a755a1a9c44b7fde03d71b6eadd9b31756c2cb02d8	ZXh0ZXJuICJDIiBKTklFWFBPUlQgamludCBKTklDQUxMIEdkaXBfTkFUSVZFKEdyYXBoaWNzXzFEcmF3UGF0aCkoSk5JRW52ICplbnYsIGpjbGFzcyB0aGF0LCBqbG9uZyBhcmcwLCBqbG9uZyBhcmcxLCBqbG9uZyBhcmcyKTs=
733	FUNCTION_OPEN	36588	36709	0	ed2c4e3df2f4ea2cec5e16d74df419b6e98a08e54ee1237634b95d4df2634d6f	CkpOSUVYUE9SVCBqaW50IEpOSUNBTEwgR2RpcF9OQVRJVkUoR3JhcGhpY3NfMURyYXdQYXRoKQoJKEpOSUVudiAqZW52LCBqY2xhc3MgdGhhdCwgamxvbmcgYXJnMCwgamxvbmcgYXJnMSwgamxvbmcgYXJnMikKew==
734	STATEMENT	36709	36723	1	ab2eac128ef6225b35f40b35e2bd8fba39be8b3b6b281960b3c51646eba99890	CglqaW50IHJjID0gMDs=
735	STATEMENT	36723	36779	1	a477529b1d659c767732ec0ced6e01089660678062c5a12ae54c1ab7df3f2486	CglHZGlwX05BVElWRV9FTlRFUihlbnYsIHRoYXQsIEdyYXBoaWNzXzFEcmF3UGF0aF9GVU5DKTs=
736	STATEMENT	36779	36856	1	6d593a7281a9863c5b18faec433761dc0cdcc8bc5a4757a68915e9e500868291	CglyYyA9IChqaW50KSgoR3JhcGhpY3MgKilhcmcwKS0+RHJhd1BhdGgoKFBlbiAqKWFyZzEsIChHcmFwaGljc1BhdGggKilhcmcyKTs=
737	STATEMENT	36856	36911	1	b910515ee30d40f528858937e8ca475f5c5cde3947dd538312b193b6a570df58	CglHZGlwX05BVElWRV9FWElUKGVudiwgdGhhdCwgR3JhcGhpY3NfMURyYXdQYXRoX0ZVTkMpOw==
738	STATEMENT	36911	36923	1	a028c9c9501df4846ec72c7b4432d4a3cb499b36b781bb1c38853498151d0ba7	CglyZXR1cm4gcmM7
739	FRAGMENT	36923	36924	1	01ba4719c80b6fe911b091a7c05124b64eeece964e09c058ef8f9805daca546b	Cg==
740	BLOCK_CLOSE	36924	36925	0	d10b36aa74a59bcf4a88185837f658afaf3646eff2bb16c3928d0e9335e945d2	fQ==
741	PREPROCESSOR	36925	36933	0	626de321eb397f6600939892a0009f31bc378f7e886f9acc5ec0af18db6a99a7	CiNlbmRpZgo=
742	PREPROCESSOR	36933	36967	0	96c677e324db557176305add0eb4dc2f98d64359ec2badf35940536a1b6b2edc	CiNpZm5kZWYgTk9fR3JhcGhpY3NfMURyYXdQb2x5Z29uCg==
743	STATEMENT	36967	37113	0	483730894528f2e0a9782bd9562c98ac5736363f4791252991af2495cdc6f448	ZXh0ZXJuICJDIiBKTklFWFBPUlQgamludCBKTklDQUxMIEdkaXBfTkFUSVZFKEdyYXBoaWNzXzFEcmF3UG9seWdvbikoSk5JRW52ICplbnYsIGpjbGFzcyB0aGF0LCBqbG9uZyBhcmcwLCBqbG9uZyBhcmcxLCBqaW50QXJyYXkgYXJnMiwgamludCBhcmczKTs=
744	FUNCTION_OPEN	37113	37252	0	0dc6aab60733a95d59bdfef5bd7abf5b6bc051779a43877c66d32f32594b63d2	CkpOSUVYUE9SVCBqaW50IEpOSUNBTEwgR2RpcF9OQVRJVkUoR3JhcGhpY3NfMURyYXdQb2x5Z29uKQoJKEpOSUVudiAqZW52LCBqY2xhc3MgdGhhdCwgamxvbmcgYXJnMCwgamxvbmcgYXJnMSwgamludEFycmF5IGFyZzIsIGppbnQgYXJnMykKew==
745	STATEMENT	37252	37272	1	6778f342eb5ab632481500374a71f394d94a272d1e7b47275cb4d780109a0ee9	CglqaW50ICpscGFyZzI9TlVMTDs=
746	STATEMENT	37272	37286	1	ab2eac128ef6225b35f40b35e2bd8fba39be8b3b6b281960b3c51646eba99890	CglqaW50IHJjID0gMDs=
747	STATEMENT	37286	37345	1	203f30d8d6ededc76231db41eef737da15d879774e65677925ba7561a5909c00	CglHZGlwX05BVElWRV9FTlRFUihlbnYsIHRoYXQsIEdyYXBoaWNzXzFEcmF3UG9seWdvbl9GVU5DKTs=
748	STATEMENT	37345	37428	1	d67e55719643f80e9d118a7ec30926a2f96ebcdb928072dccef7dc12fc773e7e	CglpZiAoYXJnMikgaWYgKChscGFyZzIgPSBlbnYtPkdldEludEFycmF5RWxlbWVudHMoYXJnMiwgTlVMTCkpID09IE5VTEwpIGdvdG8gZmFpbDs=
749	STATEMENT	37428	37514	1	0a167b1e4a429f5a49ea32dc3a42c9b7980f195366f95034dbb9eca25b270ccb	CglyYyA9IChqaW50KSgoR3JhcGhpY3MgKilhcmcwKS0+RHJhd1BvbHlnb24oKFBlbiAqKWFyZzEsIChQb2ludCAqKWxwYXJnMiwgKElOVClhcmczKTs=
750	STATEMENT	37514	37588	1	90217c2395fb96522476d6893364422e5cca3640b47846b7e8a8fc99d33e3389	CmZhaWw6CglpZiAoYXJnMiAmJiBscGFyZzIpIGVudi0+UmVsZWFzZUludEFycmF5RWxlbWVudHMoYXJnMiwgbHBhcmcyLCAwKTs=
751	STATEMENT	37588	37646	1	a77e5637408f727ae41e68df69a5dcb3dc4dd58679904b9df71d4230944bde13	CglHZGlwX05BVElWRV9FWElUKGVudiwgdGhhdCwgR3JhcGhpY3NfMURyYXdQb2x5Z29uX0ZVTkMpOw==
752	STATEMENT	37646	37658	1	a028c9c9501df4846ec72c7b4432d4a3cb499b36b781bb1c38853498151d0ba7	CglyZXR1cm4gcmM7
753	FRAGMENT	37658	37659	1	01ba4719c80b6fe911b091a7c05124b64eeece964e09c058ef8f9805daca546b	Cg==
754	BLOCK_CLOSE	37659	37660	0	d10b36aa74a59bcf4a88185837f658afaf3646eff2bb16c3928d0e9335e945d2	fQ==
755	PREPROCESSOR	37660	37668	0	626de321eb397f6600939892a0009f31bc378f7e886f9acc5ec0af18db6a99a7	CiNlbmRpZgo=
756	PREPROCESSOR	37668	37704	0	a151e7244fcde1f374dda6027e43499755c1c4f25d39abbc8e359deab0a54a03	CiNpZm5kZWYgTk9fR3JhcGhpY3NfMURyYXdSZWN0YW5nbGUK
757	STATEMENT	37704	37869	0	2ee241e71c2734503ecead7a013c6242736ca6fbd6d787c30396667588a96559	ZXh0ZXJuICJDIiBKTklFWFBPUlQgamludCBKTklDQUxMIEdkaXBfTkFUSVZFKEdyYXBoaWNzXzFEcmF3UmVjdGFuZ2xlKShKTklFbnYgKmVudiwgamNsYXNzIHRoYXQsIGpsb25nIGFyZzAsIGpsb25nIGFyZzEsIGppbnQgYXJnMiwgamludCBhcmczLCBqaW50IGFyZzQsIGppbnQgYXJnNSk7
758	FUNCTION_OPEN	37869	38027	0	8857ce447cf3d4cf6ded54cc08fd21cae3bd2ab4a3739d70044801da6564dc27	CkpOSUVYUE9SVCBqaW50IEpOSUNBTEwgR2RpcF9OQVRJVkUoR3JhcGhpY3NfMURyYXdSZWN0YW5nbGUpCgkoSk5JRW52ICplbnYsIGpjbGFzcyB0aGF0LCBqbG9uZyBhcmcwLCBqbG9uZyBhcmcxLCBqaW50IGFyZzIsIGppbnQgYXJnMywgamludCBhcmc0LCBqaW50IGFyZzUpCns=
759	STATEMENT	38027	38041	1	ab2eac128ef6225b35f40b35e2bd8fba39be8b3b6b281960b3c51646eba99890	CglqaW50IHJjID0gMDs=
760	STATEMENT	38041	38102	1	f553f9d22211410bf6c6cdef7e7990e2fe800eccc2745d3390f376e89d968160	CglHZGlwX05BVElWRV9FTlRFUihlbnYsIHRoYXQsIEdyYXBoaWNzXzFEcmF3UmVjdGFuZ2xlX0ZVTkMpOw==
761	STATEMENT	38102	38186	1	beb4d6b697000d2f9ea077dea7e8e2c6a5e7f9e7e5048b5b46cf098fa1f5620d	CglyYyA9IChqaW50KSgoR3JhcGhpY3MgKilhcmcwKS0+RHJhd1JlY3RhbmdsZSgoUGVuICopYXJnMSwgYXJnMiwgYXJnMywgYXJnNCwgYXJnNSk7
762	STATEMENT	38186	38246	1	9a07388d8f736043420a673df75aa248f984aa4c4cc04033f54b3baadc9a753a	CglHZGlwX05BVElWRV9FWElUKGVudiwgdGhhdCwgR3JhcGhpY3NfMURyYXdSZWN0YW5nbGVfRlVOQyk7
763	STATEMENT	38246	38258	1	a028c9c9501df4846ec72c7b4432d4a3cb499b36b781bb1c38853498151d0ba7	CglyZXR1cm4gcmM7
764	FRAGMENT	38258	38259	1	01ba4719c80b6fe911b091a7c05124b64eeece964e09c058ef8f9805daca546b	Cg==
765	BLOCK_CLOSE	38259	38260	0	d10b36aa74a59bcf4a88185837f658afaf3646eff2bb16c3928d0e9335e945d2	fQ==
766	PREPROCESSOR	38260	38268	0	626de321eb397f6600939892a0009f31bc378f7e886f9acc5ec0af18db6a99a7	CiNlbmRpZgo=
767	PREPROCESSOR	38268	38349	0	980f212634f8face411c5fb007c6cb2e73fd64c8fe2ffe754907105accde473e	CiNpZm5kZWYgTk9fR3JhcGhpY3NfMURyYXdTdHJpbmdfX0pfM0NJSkxvcmdfZWNsaXBzZV9zd3RfaW50ZXJuYWxfZ2RpcF9Qb2ludEZfMkoK
768	STATEMENT	38349	38569	0	4e85c239ab6a8d5230e529c4feca7926c6d6d878246089f4f04f8cf1eb6486c1	ZXh0ZXJuICJDIiBKTklFWFBPUlQgamludCBKTklDQUxMIEdkaXBfTkFUSVZFKEdyYXBoaWNzXzFEcmF3U3RyaW5nX19KXzNDSUpMb3JnX2VjbGlwc2Vfc3d0X2ludGVybmFsX2dkaXBfUG9pbnRGXzJKKShKTklFbnYgKmVudiwgamNsYXNzIHRoYXQsIGpsb25nIGFyZzAsIGpjaGFyQXJyYXkgYXJnMSwgamludCBhcmcyLCBqbG9uZyBhcmczLCBqb2JqZWN0IGFyZzQsIGpsb25nIGFyZzUpOw==
769	FUNCTION_OPEN	38569	38782	0	d5a80873d6471bbb6f70889ccc49d0d94eec4cff243a0c51fd3528c09207026f	CkpOSUVYUE9SVCBqaW50IEpOSUNBTEwgR2RpcF9OQVRJVkUoR3JhcGhpY3NfMURyYXdTdHJpbmdfX0pfM0NJSkxvcmdfZWNsaXBzZV9zd3RfaW50ZXJuYWxfZ2RpcF9Qb2ludEZfMkopCgkoSk5JRW52ICplbnYsIGpjbGFzcyB0aGF0LCBqbG9uZyBhcmcwLCBqY2hhckFycmF5IGFyZzEsIGppbnQgYXJnMiwgamxvbmcgYXJnMywgam9iamVjdCBhcmc0LCBqbG9uZyBhcmc1KQp7
770	STATEMENT	38782	38803	1	cb233fdf59df1dd8a069c3bfcfdc1736b1e106ad16a2ac4efdc03ccbc3d7e752	CglqY2hhciAqbHBhcmcxPU5VTEw7
771	STATEMENT	38803	38832	1	c5433ba4b53e0e958e8f8e22e2e866edf0c24b7c36688c8c5017f1fe80ce7d4a	CglQb2ludEYgX2FyZzQsICpscGFyZzQ9TlVMTDs=
772	STATEMENT	38832	38846	1	ab2eac128ef6225b35f40b35e2bd8fba39be8b3b6b281960b3c51646eba99890	CglqaW50IHJjID0gMDs=
773	STATEMENT	38846	38952	1	9395cd962f9ded388e06c9f4204e8fcca9362ca27d32001fa4c6850b021e8ff9	CglHZGlwX05BVElWRV9FTlRFUihlbnYsIHRoYXQsIEdyYXBoaWNzXzFEcmF3U3RyaW5nX19KXzNDSUpMb3JnX2VjbGlwc2Vfc3d0X2ludGVybmFsX2dkaXBfUG9pbnRGXzJKX0ZVTkMpOw==
774	STATEMENT	38952	39036	1	ccf88f90e36f7e1bfb7ee4188f0d874f12841983c1ee971a91629a2f82f78f34	CglpZiAoYXJnMSkgaWYgKChscGFyZzEgPSBlbnYtPkdldENoYXJBcnJheUVsZW1lbnRzKGFyZzEsIE5VTEwpKSA9PSBOVUxMKSBnb3RvIGZhaWw7
775	STATEMENT	39036	39117	1	53d9ba9bafb456aac5dff5d2f79aa645980eb299ab0b75696021f40a6105a838	CglpZiAoYXJnNCkgaWYgKChscGFyZzQgPSBnZXRQb2ludEZGaWVsZHMoZW52LCBhcmc0LCAmX2FyZzQpKSA9PSBOVUxMKSBnb3RvIGZhaWw7
776	STATEMENT	39117	39227	1	96d88d58b7b0d246fc7712f099d3140497a50fbf56cabf1ee30d14270851f8bd	CglyYyA9IChqaW50KSgoR3JhcGhpY3MgKilhcmcwKS0+RHJhd1N0cmluZygoV0NIQVIgKilscGFyZzEsIChpbnQpYXJnMiwgKEZvbnQgKilhcmczLCAqbHBhcmc0LCAoQnJ1c2ggKilhcmc1KTs=
777	STATEMENT	39227	39290	1	3608c4f949331a85b46245fb47e053cd3c06951dbbbf75502ffa4081ad650e0a	CmZhaWw6CglpZiAoYXJnNCAmJiBscGFyZzQpIHNldFBvaW50RkZpZWxkcyhlbnYsIGFyZzQsIGxwYXJnNCk7
778	STATEMENT	39290	39359	1	163d2bdca482e226b738eb2601b84a56b28007cd2cccfdd6bc5bcc9fc5c07b22	CglpZiAoYXJnMSAmJiBscGFyZzEpIGVudi0+UmVsZWFzZUNoYXJBcnJheUVsZW1lbnRzKGFyZzEsIGxwYXJnMSwgMCk7
779	STATEMENT	39359	39464	1	91f22db9849021c320565424b34d4a7f67eaef02214f209ca8607010837ea088	CglHZGlwX05BVElWRV9FWElUKGVudiwgdGhhdCwgR3JhcGhpY3NfMURyYXdTdHJpbmdfX0pfM0NJSkxvcmdfZWNsaXBzZV9zd3RfaW50ZXJuYWxfZ2RpcF9Qb2ludEZfMkpfRlVOQyk7
780	STATEMENT	39464	39476	1	a028c9c9501df4846ec72c7b4432d4a3cb499b36b781bb1c38853498151d0ba7	CglyZXR1cm4gcmM7
781	FRAGMENT	39476	39477	1	01ba4719c80b6fe911b091a7c05124b64eeece964e09c058ef8f9805daca546b	Cg==
782	BLOCK_CLOSE	39477	39478	0	d10b36aa74a59bcf4a88185837f658afaf3646eff2bb16c3928d0e9335e945d2	fQ==
783	PREPROCESSOR	39478	39486	0	626de321eb397f6600939892a0009f31bc378f7e886f9acc5ec0af18db6a99a7	CiNlbmRpZgo=
784	PREPROCESSOR	39486	39568	0	afb7eee595c4f18f5f7977965412b30ed7923961c1fb87595d7856730b50fa43	CiNpZm5kZWYgTk9fR3JhcGhpY3NfMURyYXdTdHJpbmdfX0pfM0NJSkxvcmdfZWNsaXBzZV9zd3RfaW50ZXJuYWxfZ2RpcF9Qb2ludEZfMkpKCg==
785	STATEMENT	39568	39801	0	e4a2b1c833688510ce2ae7ac84198cd51b79b6c56d81e434c539e8ec958ff83c	ZXh0ZXJuICJDIiBKTklFWFBPUlQgamludCBKTklDQUxMIEdkaXBfTkFUSVZFKEdyYXBoaWNzXzFEcmF3U3RyaW5nX19KXzNDSUpMb3JnX2VjbGlwc2Vfc3d0X2ludGVybmFsX2dkaXBfUG9pbnRGXzJKSikoSk5JRW52ICplbnYsIGpjbGFzcyB0aGF0LCBqbG9uZyBhcmcwLCBqY2hhckFycmF5IGFyZzEsIGppbnQgYXJnMiwgamxvbmcgYXJnMywgam9iamVjdCBhcmc0LCBqbG9uZyBhcmc1LCBqbG9uZyBhcmc2KTs=
786	FUNCTION_OPEN	39801	40027	0	75f7f86af6352b864434270c0efb28ddcffb02082127fded0c25028f8653e913	CkpOSUVYUE9SVCBqaW50IEpOSUNBTEwgR2RpcF9OQVRJVkUoR3JhcGhpY3NfMURyYXdTdHJpbmdfX0pfM0NJSkxvcmdfZWNsaXBzZV9zd3RfaW50ZXJuYWxfZ2RpcF9Qb2ludEZfMkpKKQoJKEpOSUVudiAqZW52LCBqY2xhc3MgdGhhdCwgamxvbmcgYXJnMCwgamNoYXJBcnJheSBhcmcxLCBqaW50IGFyZzIsIGpsb25nIGFyZzMsIGpvYmplY3QgYXJnNCwgamxvbmcgYXJnNSwgamxvbmcgYXJnNikKew==
787	STATEMENT	40027	40048	1	cb233fdf59df1dd8a069c3bfcfdc1736b1e106ad16a2ac4efdc03ccbc3d7e752	CglqY2hhciAqbHBhcmcxPU5VTEw7
788	STATEMENT	40048	40077	1	c5433ba4b53e0e958e8f8e22e2e866edf0c24b7c36688c8c5017f1fe80ce7d4a	CglQb2ludEYgX2FyZzQsICpscGFyZzQ9TlVMTDs=
789	STATEMENT	40077	40091	1	ab2eac128ef6225b35f40b35e2bd8fba39be8b3b6b281960b3c51646eba99890	CglqaW50IHJjID0gMDs=
790	STATEMENT	40091	40198	1	f34658b58a3f537fb55de1a463b70acb96cd069fa6c8c804d00b15d3cda0a511	CglHZGlwX05BVElWRV9FTlRFUihlbnYsIHRoYXQsIEdyYXBoaWNzXzFEcmF3U3RyaW5nX19KXzNDSUpMb3JnX2VjbGlwc2Vfc3d0X2ludGVybmFsX2dkaXBfUG9pbnRGXzJKSl9GVU5DKTs=
791	STATEMENT	40198	40282	1	ccf88f90e36f7e1bfb7ee4188f0d874f12841983c1ee971a91629a2f82f78f34	CglpZiAoYXJnMSkgaWYgKChscGFyZzEgPSBlbnYtPkdldENoYXJBcnJheUVsZW1lbnRzKGFyZzEsIE5VTEwpKSA9PSBOVUxMKSBnb3RvIGZhaWw7
792	STATEMENT	40282	40363	1	53d9ba9bafb456aac5dff5d2f79aa645980eb299ab0b75696021f40a6105a838	CglpZiAoYXJnNCkgaWYgKChscGFyZzQgPSBnZXRQb2ludEZGaWVsZHMoZW52LCBhcmc0LCAmX2FyZzQpKSA9PSBOVUxMKSBnb3RvIGZhaWw7
793	STATEMENT	40363	40495	1	b073fb548d5286d483ab1e85537980327887544de75a2e67e4295c2529da6857	CglyYyA9IChqaW50KSgoR3JhcGhpY3MgKilhcmcwKS0+RHJhd1N0cmluZygoV0NIQVIgKilscGFyZzEsIChpbnQpYXJnMiwgKEZvbnQgKilhcmczLCAqbHBhcmc0LCAoU3RyaW5nRm9ybWF0ICopYXJnNSwgKEJydXNoICopYXJnNik7
794	STATEMENT	40495	40558	1	3608c4f949331a85b46245fb47e053cd3c06951dbbbf75502ffa4081ad650e0a	CmZhaWw6CglpZiAoYXJnNCAmJiBscGFyZzQpIHNldFBvaW50RkZpZWxkcyhlbnYsIGFyZzQsIGxwYXJnNCk7
795	STATEMENT	40558	40627	1	163d2bdca482e226b738eb2601b84a56b28007cd2cccfdd6bc5bcc9fc5c07b22	CglpZiAoYXJnMSAmJiBscGFyZzEpIGVudi0+UmVsZWFzZUNoYXJBcnJheUVsZW1lbnRzKGFyZzEsIGxwYXJnMSwgMCk7
796	STATEMENT	40627	40733	1	59b3e352f0c4921c56f847848cff5e1a5f85735b7d955aece46b91b0da537b40	CglHZGlwX05BVElWRV9FWElUKGVudiwgdGhhdCwgR3JhcGhpY3NfMURyYXdTdHJpbmdfX0pfM0NJSkxvcmdfZWNsaXBzZV9zd3RfaW50ZXJuYWxfZ2RpcF9Qb2ludEZfMkpKX0ZVTkMpOw==
797	STATEMENT	40733	40745	1	a028c9c9501df4846ec72c7b4432d4a3cb499b36b781bb1c38853498151d0ba7	CglyZXR1cm4gcmM7
798	FRAGMENT	40745	40746	1	01ba4719c80b6fe911b091a7c05124b64eeece964e09c058ef8f9805daca546b	Cg==
799	BLOCK_CLOSE	40746	40747	0	d10b36aa74a59bcf4a88185837f658afaf3646eff2bb16c3928d0e9335e945d2	fQ==
800	PREPROCESSOR	40747	40755	0	626de321eb397f6600939892a0009f31bc378f7e886f9acc5ec0af18db6a99a7	CiNlbmRpZgo=
801	PREPROCESSOR	40755	40789	0	83a9597e88fb2fbcbb41fe7f5d2d785d91720da0fe97000d248f50072b0aa920	CiNpZm5kZWYgTk9fR3JhcGhpY3NfMUZpbGxFbGxpcHNlCg==
802	STATEMENT	40789	40952	0	2cc934698be8a725a79959cfdfe6ccfa84f88cfc045d6e922ac94737da3232c1	ZXh0ZXJuICJDIiBKTklFWFBPUlQgamludCBKTklDQUxMIEdkaXBfTkFUSVZFKEdyYXBoaWNzXzFGaWxsRWxsaXBzZSkoSk5JRW52ICplbnYsIGpjbGFzcyB0aGF0LCBqbG9uZyBhcmcwLCBqbG9uZyBhcmcxLCBqaW50IGFyZzIsIGppbnQgYXJnMywgamludCBhcmc0LCBqaW50IGFyZzUpOw==
803	FUNCTION_OPEN	40952	41108	0	86e6bc3dea802abe454e2d6efb30d9512446aeb5a465e00cabaacbdafc5aa8fa	CkpOSUVYUE9SVCBqaW50IEpOSUNBTEwgR2RpcF9OQVRJVkUoR3JhcGhpY3NfMUZpbGxFbGxpcHNlKQoJKEpOSUVudiAqZW52LCBqY2xhc3MgdGhhdCwgamxvbmcgYXJnMCwgamxvbmcgYXJnMSwgamludCBhcmcyLCBqaW50IGFyZzMsIGppbnQgYXJnNCwgamludCBhcmc1KQp7
804	STATEMENT	41108	41122	1	ab2eac128ef6225b35f40b35e2bd8fba39be8b3b6b281960b3c51646eba99890	CglqaW50IHJjID0gMDs=
805	STATEMENT	41122	41181	1	80c8a89b77f990f4ae369e0b925a23b5657662c7ce60109dcc02feeae953a4d8	CglHZGlwX05BVElWRV9FTlRFUihlbnYsIHRoYXQsIEdyYXBoaWNzXzFGaWxsRWxsaXBzZV9GVU5DKTs=
806	STATEMENT	41181	41285	1	0309878aa40cfbc41382dc253b3f106a7e3fd8aac962f01ea5429f5ff793cbec	CglyYyA9IChqaW50KSgoR3JhcGhpY3MgKilhcmcwKS0+RmlsbEVsbGlwc2UoKEJydXNoICopYXJnMSwgKElOVClhcmcyLCAoSU5UKWFyZzMsIChJTlQpYXJnNCwgKElOVClhcmc1KTs=
807	STATEMENT	41285	41343	1	5730a3397202dc5b9dca58763f08b832bfb2a23ca26f3e11d65a06b3501bed0c	CglHZGlwX05BVElWRV9FWElUKGVudiwgdGhhdCwgR3JhcGhpY3NfMUZpbGxFbGxpcHNlX0ZVTkMpOw==
808	STATEMENT	41343	41355	1	a028c9c9501df4846ec72c7b4432d4a3cb499b36b781bb1c38853498151d0ba7	CglyZXR1cm4gcmM7
809	FRAGMENT	41355	41356	1	01ba4719c80b6fe911b091a7c05124b64eeece964e09c058ef8f9805daca546b	Cg==
810	BLOCK_CLOSE	41356	41357	0	d10b36aa74a59bcf4a88185837f658afaf3646eff2bb16c3928d0e9335e945d2	fQ==
811	PREPROCESSOR	41357	41365	0	626de321eb397f6600939892a0009f31bc378f7e886f9acc5ec0af18db6a99a7	CiNlbmRpZgo=
812	PREPROCESSOR	41365	41396	0	04daec3b6ed7b1d8ec1d42c3d645ce2ec89e9bd96e6db759e592ed278e781172	CiNpZm5kZWYgTk9fR3JhcGhpY3NfMUZpbGxQYXRoCg==
813	STATEMENT	41396	41524	0	aca8af0ac11e0c5bf880ed51a0475ca16f4369a0782597780062529eb56e0c92	ZXh0ZXJuICJDIiBKTklFWFBPUlQgamludCBKTklDQUxMIEdkaXBfTkFUSVZFKEdyYXBoaWNzXzFGaWxsUGF0aCkoSk5JRW52ICplbnYsIGpjbGFzcyB0aGF0LCBqbG9uZyBhcmcwLCBqbG9uZyBhcmcxLCBqbG9uZyBhcmcyKTs=
814	FUNCTION_OPEN	41524	41645	0	73bc78f9d1a9d453f7420a5b6195a7a73fe4a3fa249307b5bebbaaad0fffee7e	CkpOSUVYUE9SVCBqaW50IEpOSUNBTEwgR2RpcF9OQVRJVkUoR3JhcGhpY3NfMUZpbGxQYXRoKQoJKEpOSUVudiAqZW52LCBqY2xhc3MgdGhhdCwgamxvbmcgYXJnMCwgamxvbmcgYXJnMSwgamxvbmcgYXJnMikKew==
815	STATEMENT	41645	41659	1	ab2eac128ef6225b35f40b35e2bd8fba39be8b3b6b281960b3c51646eba99890	CglqaW50IHJjID0gMDs=
816	STATEMENT	41659	41715	1	cec9253ff7c54812f6d9ab90761f1980baba6b5da5c319e4ceb9679cb7bf9314	CglHZGlwX05BVElWRV9FTlRFUihlbnYsIHRoYXQsIEdyYXBoaWNzXzFGaWxsUGF0aF9GVU5DKTs=
817	STATEMENT	41715	41794	1	88714571d1eceab19b4d1f4dc5bd65260c87837d6267feea00c8a5b492ee26b1	CglyYyA9IChqaW50KSgoR3JhcGhpY3MgKilhcmcwKS0+RmlsbFBhdGgoKEJydXNoICopYXJnMSwgKEdyYXBoaWNzUGF0aCAqKWFyZzIpOw==
818	STATEMENT	41794	41849	1	78df8b83dcd251889088b17f9acf03e0ae8ae8700defd59544fc72283e4c20fc	CglHZGlwX05BVElWRV9FWElUKGVudiwgdGhhdCwgR3JhcGhpY3NfMUZpbGxQYXRoX0ZVTkMpOw==
819	STATEMENT	41849	41861	1	a028c9c9501df4846ec72c7b4432d4a3cb499b36b781bb1c38853498151d0ba7	CglyZXR1cm4gcmM7
820	FRAGMENT	41861	41862	1	01ba4719c80b6fe911b091a7c05124b64eeece964e09c058ef8f9805daca546b	Cg==
821	BLOCK_CLOSE	41862	41863	0	d10b36aa74a59bcf4a88185837f658afaf3646eff2bb16c3928d0e9335e945d2	fQ==
822	PREPROCESSOR	41863	41871	0	626de321eb397f6600939892a0009f31bc378f7e886f9acc5ec0af18db6a99a7	CiNlbmRpZgo=
823	PREPROCESSOR	41871	41901	0	1d8b6f3fa81ac4ab41737244f7638964127556bb2e2ad1c56ae0f5a399d69640	CiNpZm5kZWYgTk9fR3JhcGhpY3NfMUZpbGxQaWUK
824	STATEMENT	41901	42086	0	4c8d6238410054401f5bb3db17f3685e17dbb7c67c9a414064b203996153a8f9	ZXh0ZXJuICJDIiBKTklFWFBPUlQgamludCBKTklDQUxMIEdkaXBfTkFUSVZFKEdyYXBoaWNzXzFGaWxsUGllKShKTklFbnYgKmVudiwgamNsYXNzIHRoYXQsIGpsb25nIGFyZzAsIGpsb25nIGFyZzEsIGppbnQgYXJnMiwgamludCBhcmczLCBqaW50IGFyZzQsIGppbnQgYXJnNSwgamZsb2F0IGFyZzYsIGpmbG9hdCBhcmc3KTs=
825	FUNCTION_OPEN	42086	42264	0	71d42801a1cf68176cfab12e68a7e58759e94b86628035561bbed6661cb2bddd	CkpOSUVYUE9SVCBqaW50IEpOSUNBTEwgR2RpcF9OQVRJVkUoR3JhcGhpY3NfMUZpbGxQaWUpCgkoSk5JRW52ICplbnYsIGpjbGFzcyB0aGF0LCBqbG9uZyBhcmcwLCBqbG9uZyBhcmcxLCBqaW50IGFyZzIsIGppbnQgYXJnMywgamludCBhcmc0LCBqaW50IGFyZzUsIGpmbG9hdCBhcmc2LCBqZmxvYXQgYXJnNykKew==
826	STATEMENT	42264	42278	1	ab2eac128ef6225b35f40b35e2bd8fba39be8b3b6b281960b3c51646eba99890	CglqaW50IHJjID0gMDs=
827	STATEMENT	42278	42333	1	7ee63e2d4c4088f01299b5f27b42bd055d7eb86bbafb3b86d8294f707c01ab53	CglHZGlwX05BVElWRV9FTlRFUihlbnYsIHRoYXQsIEdyYXBoaWNzXzFGaWxsUGllX0ZVTkMpOw==
828	STATEMENT	42333	42457	1	a089c43285923ead3d8f39ca4681c42aed614159a175811c48f63fd53aaca7b3	CglyYyA9IChqaW50KSgoR3JhcGhpY3MgKilhcmcwKS0+RmlsbFBpZSgoQnJ1c2ggKilhcmcxLCAoSU5UKWFyZzIsIChJTlQpYXJnMywgKElOVClhcmc0LCAoSU5UKWFyZzUsIChSRUFMKWFyZzYsIChSRUFMKWFyZzcpOw==
829	STATEMENT	42457	42511	1	ed2ba4dc38444dd228a1d09536bb70ced8f6b5ff48cf8c63d746c1c704950215	CglHZGlwX05BVElWRV9FWElUKGVudiwgdGhhdCwgR3JhcGhpY3NfMUZpbGxQaWVfRlVOQyk7
830	STATEMENT	42511	42523	1	a028c9c9501df4846ec72c7b4432d4a3cb499b36b781bb1c38853498151d0ba7	CglyZXR1cm4gcmM7
831	FRAGMENT	42523	42524	1	01ba4719c80b6fe911b091a7c05124b64eeece964e09c058ef8f9805daca546b	Cg==
832	BLOCK_CLOSE	42524	42525	0	d10b36aa74a59bcf4a88185837f658afaf3646eff2bb16c3928d0e9335e945d2	fQ==
833	PREPROCESSOR	42525	42533	0	626de321eb397f6600939892a0009f31bc378f7e886f9acc5ec0af18db6a99a7	CiNlbmRpZgo=
834	PREPROCESSOR	42533	42567	0	84a102cb4e16927d75dde5b042775ef90899bdc7ef4b1715b48c734b455358bb	CiNpZm5kZWYgTk9fR3JhcGhpY3NfMUZpbGxQb2x5Z29uCg==
835	STATEMENT	42567	42724	0	1c95842e6c1764ba0f66589696ef8bc69fdf352f56bcee5ea036f24e78d218d5	ZXh0ZXJuICJDIiBKTklFWFBPUlQgamludCBKTklDQUxMIEdkaXBfTkFUSVZFKEdyYXBoaWNzXzFGaWxsUG9seWdvbikoSk5JRW52ICplbnYsIGpjbGFzcyB0aGF0LCBqbG9uZyBhcmcwLCBqbG9uZyBhcmcxLCBqaW50QXJyYXkgYXJnMiwgamludCBhcmczLCBqaW50IGFyZzQpOw==
836	FUNCTION_OPEN	42724	42874	0	5d14863358c188bace522da5fd5696446b3c675a329f54bda4ff0297fda03e9f	CkpOSUVYUE9SVCBqaW50IEpOSUNBTEwgR2RpcF9OQVRJVkUoR3JhcGhpY3NfMUZpbGxQb2x5Z29uKQoJKEpOSUVudiAqZW52LCBqY2xhc3MgdGhhdCwgamxvbmcgYXJnMCwgamxvbmcgYXJnMSwgamludEFycmF5IGFyZzIsIGppbnQgYXJnMywgamludCBhcmc0KQp7
837	STATEMENT	42874	42894	1	6778f342eb5ab632481500374a71f394d94a272d1e7b47275cb4d780109a0ee9	CglqaW50ICpscGFyZzI9TlVMTDs=
838	STATEMENT	42894	42908	1	ab2eac128ef6225b35f40b35e2bd8fba39be8b3b6b281960b3c51646eba99890	CglqaW50IHJjID0gMDs=
839	STATEMENT	42908	42967	1	a0e59a29f65eaad9e4977e2cd6f5601b6fc705cd5793ea4446840be9bf6dddb1	CglHZGlwX05BVElWRV9FTlRFUihlbnYsIHRoYXQsIEdyYXBoaWNzXzFGaWxsUG9seWdvbl9GVU5DKTs=
840	STATEMENT	42967	43050	1	d67e55719643f80e9d118a7ec30926a2f96ebcdb928072dccef7dc12fc773e7e	CglpZiAoYXJnMikgaWYgKChscGFyZzIgPSBlbnYtPkdldEludEFycmF5RWxlbWVudHMoYXJnMiwgTlVMTCkpID09IE5VTEwpIGdvdG8gZmFpbDs=
841	STATEMENT	43050	43160	1	d7f3ce55f5489f3b82aa846a850f07267068ab066d5b5729428aaf45f6237a56	CglyYyA9IChqaW50KSgoR3JhcGhpY3MgKilhcmcwKS0+RmlsbFBvbHlnb24oKEJydXNoICopYXJnMSwgKGNvbnN0IFBvaW50ICopbHBhcmcyLCAoSU5UKWFyZzMsIChGaWxsTW9kZSlhcmc0KTs=
842	STATEMENT	43160	43242	1	8259df3d688f99412a973e308f5daefcd56abdce8a60e02d27d7a78673b88350	CmZhaWw6CglpZiAoYXJnMiAmJiBscGFyZzIpIGVudi0+UmVsZWFzZUludEFycmF5RWxlbWVudHMoYXJnMiwgbHBhcmcyLCBKTklfQUJPUlQpOw==
843	STATEMENT	43242	43300	1	4a86199c86884f298b8fc50a06f384d6424b20f11da80065943e452badbb1dbe	CglHZGlwX05BVElWRV9FWElUKGVudiwgdGhhdCwgR3JhcGhpY3NfMUZpbGxQb2x5Z29uX0ZVTkMpOw==
844	STATEMENT	43300	43312	1	a028c9c9501df4846ec72c7b4432d4a3cb499b36b781bb1c38853498151d0ba7	CglyZXR1cm4gcmM7
845	FRAGMENT	43312	43313	1	01ba4719c80b6fe911b091a7c05124b64eeece964e09c058ef8f9805daca546b	Cg==
846	BLOCK_CLOSE	43313	43314	0	d10b36aa74a59bcf4a88185837f658afaf3646eff2bb16c3928d0e9335e945d2	fQ==
847	PREPROCESSOR	43314	43322	0	626de321eb397f6600939892a0009f31bc378f7e886f9acc5ec0af18db6a99a7	CiNlbmRpZgo=
848	PREPROCESSOR	43322	43358	0	13c365950855c9dfb5ca30f331f27883b8adc52e60a868dca280aab102683176	CiNpZm5kZWYgTk9fR3JhcGhpY3NfMUZpbGxSZWN0YW5nbGUK
849	STATEMENT	43358	43523	0	7419c16cdbacd5fe61fda00b3795053b2768c0ddaa28bc9019455ffba1e99fa2	ZXh0ZXJuICJDIiBKTklFWFBPUlQgamludCBKTklDQUxMIEdkaXBfTkFUSVZFKEdyYXBoaWNzXzFGaWxsUmVjdGFuZ2xlKShKTklFbnYgKmVudiwgamNsYXNzIHRoYXQsIGpsb25nIGFyZzAsIGpsb25nIGFyZzEsIGppbnQgYXJnMiwgamludCBhcmczLCBqaW50IGFyZzQsIGppbnQgYXJnNSk7
850	FUNCTION_OPEN	43523	43681	0	d53bb756954c0c5199efb1b489d920b58f84fc748406853e6f020f9fba6c8706	CkpOSUVYUE9SVCBqaW50IEpOSUNBTEwgR2RpcF9OQVRJVkUoR3JhcGhpY3NfMUZpbGxSZWN0YW5nbGUpCgkoSk5JRW52ICplbnYsIGpjbGFzcyB0aGF0LCBqbG9uZyBhcmcwLCBqbG9uZyBhcmcxLCBqaW50IGFyZzIsIGppbnQgYXJnMywgamludCBhcmc0LCBqaW50IGFyZzUpCns=
851	STATEMENT	43681	43695	1	ab2eac128ef6225b35f40b35e2bd8fba39be8b3b6b281960b3c51646eba99890	CglqaW50IHJjID0gMDs=
852	STATEMENT	43695	43756	1	03ef2a1c46f9ae488a9ee8c4d4e7b43997da35aac68c72c392791fb9e575fb35	CglHZGlwX05BVElWRV9FTlRFUihlbnYsIHRoYXQsIEdyYXBoaWNzXzFGaWxsUmVjdGFuZ2xlX0ZVTkMpOw==
853	STATEMENT	43756	43862	1	6c7b7d0e91df1957f334ba116d0a03d1286bdb7ed2ca3d3673bb49f8aeb25866	CglyYyA9IChqaW50KSgoR3JhcGhpY3MgKilhcmcwKS0+RmlsbFJlY3RhbmdsZSgoQnJ1c2ggKilhcmcxLCAoSU5UKWFyZzIsIChJTlQpYXJnMywgKElOVClhcmc0LCAoSU5UKWFyZzUpOw==
854	STATEMENT	43862	43922	1	faa824ec2c29ec9eebfa54019c4a7f13a069894bde7dd98fc1fc9448f80ab381	CglHZGlwX05BVElWRV9FWElUKGVudiwgdGhhdCwgR3JhcGhpY3NfMUZpbGxSZWN0YW5nbGVfRlVOQyk7
855	STATEMENT	43922	43934	1	a028c9c9501df4846ec72c7b4432d4a3cb499b36b781bb1c38853498151d0ba7	CglyZXR1cm4gcmM7
856	FRAGMENT	43934	43935	1	01ba4719c80b6fe911b091a7c05124b64eeece964e09c058ef8f9805daca546b	Cg==
857	BLOCK_CLOSE	43935	43936	0	d10b36aa74a59bcf4a88185837f658afaf3646eff2bb16c3928d0e9335e945d2	fQ==
858	PREPROCESSOR	43936	43944	0	626de321eb397f6600939892a0009f31bc378f7e886f9acc5ec0af18db6a99a7	CiNlbmRpZgo=
859	PREPROCESSOR	43944	43972	0	4b375a20d6e58779c01b9cbff90dfbb749340a037af66ccb160df12831223e29	CiNpZm5kZWYgTk9fR3JhcGhpY3NfMUZsdXNoCg==
860	STATEMENT	43972	44084	0	64cd1c3cd12002e072f4ac29db144df10e84edaf073d97de9bfa90d4c8bff0c0	ZXh0ZXJuICJDIiBKTklFWFBPUlQgdm9pZCBKTklDQUxMIEdkaXBfTkFUSVZFKEdyYXBoaWNzXzFGbHVzaCkoSk5JRW52ICplbnYsIGpjbGFzcyB0aGF0LCBqbG9uZyBhcmcwLCBqaW50IGFyZzEpOw==
861	FUNCTION_OPEN	44084	44189	0	ca9fb1e4ae8cfee4c3e2ef549ca9c72f94ddf10b72d1984cc9cecb8f3da71751	CkpOSUVYUE9SVCB2b2lkIEpOSUNBTEwgR2RpcF9OQVRJVkUoR3JhcGhpY3NfMUZsdXNoKQoJKEpOSUVudiAqZW52LCBqY2xhc3MgdGhhdCwgamxvbmcgYXJnMCwgamludCBhcmcxKQp7
862	STATEMENT	44189	44242	1	e23acaa32790db7e3a40df23a26392387b02dba9d4e3eee6bbed603e3306700d	CglHZGlwX05BVElWRV9FTlRFUihlbnYsIHRoYXQsIEdyYXBoaWNzXzFGbHVzaF9GVU5DKTs=
863	STATEMENT	44242	44292	1	7b680b486d534bad065f1c278f642762e29b23b429610944c1ca5c0f0fa90d0b	CgkoKEdyYXBoaWNzICopYXJnMCktPkZsdXNoKChGbHVzaEludGVudGlvbilhcmcxKTs=
864	STATEMENT	44292	44344	1	abc35881efeb025929ea8e7455637807c48c5c72280e9593b7ca297625292dfe	CglHZGlwX05BVElWRV9FWElUKGVudiwgdGhhdCwgR3JhcGhpY3NfMUZsdXNoX0ZVTkMpOw==
865	FRAGMENT	44344	44345	1	01ba4719c80b6fe911b091a7c05124b64eeece964e09c058ef8f9805daca546b	Cg==
866	BLOCK_CLOSE	44345	44346	0	d10b36aa74a59bcf4a88185837f658afaf3646eff2bb16c3928d0e9335e945d2	fQ==
867	PREPROCESSOR	44346	44354	0	626de321eb397f6600939892a0009f31bc378f7e886f9acc5ec0af18db6a99a7	CiNlbmRpZgo=
868	PREPROCESSOR	44354	44384	0	6cf14e0dbca7b65ebfc023a226259c244fbdcef0b01344c065045f1205e65a4e	CiNpZm5kZWYgTk9fR3JhcGhpY3NfMUdldENsaXAK
869	STATEMENT	44384	44499	0	853ee49edf2d41ba7f3247bed0d8d9654bc9efda6586fcac25813e01046e86ab	ZXh0ZXJuICJDIiBKTklFWFBPUlQgamludCBKTklDQUxMIEdkaXBfTkFUSVZFKEdyYXBoaWNzXzFHZXRDbGlwKShKTklFbnYgKmVudiwgamNsYXNzIHRoYXQsIGpsb25nIGFyZzAsIGpsb25nIGFyZzEpOw==
870	FUNCTION_OPEN	44499	44607	0	29c68ceefb30cf6159332613893222f2fbba1c1934dafd080e240635f486fc83	CkpOSUVYUE9SVCBqaW50IEpOSUNBTEwgR2RpcF9OQVRJVkUoR3JhcGhpY3NfMUdldENsaXApCgkoSk5JRW52ICplbnYsIGpjbGFzcyB0aGF0LCBqbG9uZyBhcmcwLCBqbG9uZyBhcmcxKQp7
871	STATEMENT	44607	44621	1	ab2eac128ef6225b35f40b35e2bd8fba39be8b3b6b281960b3c51646eba99890	CglqaW50IHJjID0gMDs=
872	STATEMENT	44621	44676	1	3ca19079d33eea83612aa0ddbb24382bf7e15d57ecf1e68657e19c94e33e5841	CglHZGlwX05BVElWRV9FTlRFUihlbnYsIHRoYXQsIEdyYXBoaWNzXzFHZXRDbGlwX0ZVTkMpOw==
873	STATEMENT	44676	44733	1	56705966245f76a360f0f2f063ba87e2f89807eea84c6dad1971d6484ca7f603	CglyYyA9IChqaW50KSgoR3JhcGhpY3MgKilhcmcwKS0+R2V0Q2xpcCgoUmVnaW9uICopYXJnMSk7
874	STATEMENT	44733	44787	1	c26c9aa1f456f372ceb22d825559fe123c35837e80d3b96796e5320cf32c100e	CglHZGlwX05BVElWRV9FWElUKGVudiwgdGhhdCwgR3JhcGhpY3NfMUdldENsaXBfRlVOQyk7
875	STATEMENT	44787	44799	1	a028c9c9501df4846ec72c7b4432d4a3cb499b36b781bb1c38853498151d0ba7	CglyZXR1cm4gcmM7
876	FRAGMENT	44799	44800	1	01ba4719c80b6fe911b091a7c05124b64eeece964e09c058ef8f9805daca546b	Cg==
877	BLOCK_CLOSE	44800	44801	0	d10b36aa74a59bcf4a88185837f658afaf3646eff2bb16c3928d0e9335e945d2	fQ==
878	PREPROCESSOR	44801	44809	0	626de321eb397f6600939892a0009f31bc378f7e886f9acc5ec0af18db6a99a7	CiNlbmRpZgo=
879	PREPROCESSOR	44809	44886	0	c3127b3f5d37b7607e38a0acdafc3e15e0a92fef7a231847a1213877a79ec687	CiNpZm5kZWYgTk9fR3JhcGhpY3NfMUdldENsaXBCb3VuZHNfX0pMb3JnX2VjbGlwc2Vfc3d0X2ludGVybmFsX2dkaXBfUmVjdEZfMgo=
880	STATEMENT	44886	45050	0	a9b970a767fa8acea436e67f3f88669f9f5d3674244ac29db21f8b5414eec81e	ZXh0ZXJuICJDIiBKTklFWFBPUlQgamludCBKTklDQUxMIEdkaXBfTkFUSVZFKEdyYXBoaWNzXzFHZXRDbGlwQm91bmRzX19KTG9yZ19lY2xpcHNlX3N3dF9pbnRlcm5hbF9nZGlwX1JlY3RGXzIpKEpOSUVudiAqZW52LCBqY2xhc3MgdGhhdCwgamxvbmcgYXJnMCwgam9iamVjdCBhcmcxKTs=
881	FUNCTION_OPEN	45050	45207	0	47598527457f8626749a61e1df11c3ce46b0374ab7159a76472ba0aef57179e2	CkpOSUVYUE9SVCBqaW50IEpOSUNBTEwgR2RpcF9OQVRJVkUoR3JhcGhpY3NfMUdldENsaXBCb3VuZHNfX0pMb3JnX2VjbGlwc2Vfc3d0X2ludGVybmFsX2dkaXBfUmVjdEZfMikKCShKTklFbnYgKmVudiwgamNsYXNzIHRoYXQsIGpsb25nIGFyZzAsIGpvYmplY3QgYXJnMSkKew==
882	STATEMENT	45207	45235	1	fe6d058cdb74379f9febc1f74a4c59623ae200a3d8aba6b3d90edec88e9072cb	CglSZWN0RiBfYXJnMSwgKmxwYXJnMT1OVUxMOw==
883	STATEMENT	45235	45249	1	ab2eac128ef6225b35f40b35e2bd8fba39be8b3b6b281960b3c51646eba99890	CglqaW50IHJjID0gMDs=
884	STATEMENT	45249	45351	1	e357f8be4d7f67a033ab16ab82a8f26b7c3539bbfea3906e5590e3f6499916c2	CglHZGlwX05BVElWRV9FTlRFUihlbnYsIHRoYXQsIEdyYXBoaWNzXzFHZXRDbGlwQm91bmRzX19KTG9yZ19lY2xpcHNlX3N3dF9pbnRlcm5hbF9nZGlwX1JlY3RGXzJfRlVOQyk7
885	STATEMENT	45351	45431	1	5182bc3eded81c44185ef0691d21df29d27fe469741b4729836524d0bc470514	CglpZiAoYXJnMSkgaWYgKChscGFyZzEgPSBnZXRSZWN0RkZpZWxkcyhlbnYsIGFyZzEsICZfYXJnMSkpID09IE5VTEwpIGdvdG8gZmFpbDs=
886	STATEMENT	45431	45486	1	90fb5876f1495b2efaea6bb2411c1d8f05fa17f743444422cd94f4253d1ab061	CglyYyA9IChqaW50KSgoR3JhcGhpY3MgKilhcmcwKS0+R2V0Q2xpcEJvdW5kcyhscGFyZzEpOw==
887	STATEMENT	45486	45548	1	0cf9e4f8daf830f14c5a7de4894f180b0ce3a42158a5bf591f3c0e478ee16748	CmZhaWw6CglpZiAoYXJnMSAmJiBscGFyZzEpIHNldFJlY3RGRmllbGRzKGVudiwgYXJnMSwgbHBhcmcxKTs=
888	STATEMENT	45548	45649	1	7685029c0dae5fca9dc7758612c003ff43f963edf2f8c548f901d3637d3ef1bc	CglHZGlwX05BVElWRV9FWElUKGVudiwgdGhhdCwgR3JhcGhpY3NfMUdldENsaXBCb3VuZHNfX0pMb3JnX2VjbGlwc2Vfc3d0X2ludGVybmFsX2dkaXBfUmVjdEZfMl9GVU5DKTs=
889	STATEMENT	45649	45661	1	a028c9c9501df4846ec72c7b4432d4a3cb499b36b781bb1c38853498151d0ba7	CglyZXR1cm4gcmM7
890	FRAGMENT	45661	45662	1	01ba4719c80b6fe911b091a7c05124b64eeece964e09c058ef8f9805daca546b	Cg==
891	BLOCK_CLOSE	45662	45663	0	d10b36aa74a59bcf4a88185837f658afaf3646eff2bb16c3928d0e9335e945d2	fQ==
892	PREPROCESSOR	45663	45671	0	626de321eb397f6600939892a0009f31bc378f7e886f9acc5ec0af18db6a99a7	CiNlbmRpZgo=
893	PREPROCESSOR	45671	45747	0	b475579e4fda5f521434d6eb46429748a16aa487142fd1eb120f4d351a58f3fc	CiNpZm5kZWYgTk9fR3JhcGhpY3NfMUdldENsaXBCb3VuZHNfX0pMb3JnX2VjbGlwc2Vfc3d0X2ludGVybmFsX2dkaXBfUmVjdF8yCg==
894	STATEMENT	45747	45910	0	79a3474c831cae49579071188104ffa2c272973667cd38ce8539236303728e25	ZXh0ZXJuICJDIiBKTklFWFBPUlQgamludCBKTklDQUxMIEdkaXBfTkFUSVZFKEdyYXBoaWNzXzFHZXRDbGlwQm91bmRzX19KTG9yZ19lY2xpcHNlX3N3dF9pbnRlcm5hbF9nZGlwX1JlY3RfMikoSk5JRW52ICplbnYsIGpjbGFzcyB0aGF0LCBqbG9uZyBhcmcwLCBqb2JqZWN0IGFyZzEpOw==
895	FUNCTION_OPEN	45910	46066	0	21183cad53476fe33d336b0283d6f81267048022bd4e1f48b8dd14c678f6507a	CkpOSUVYUE9SVCBqaW50IEpOSUNBTEwgR2RpcF9OQVRJVkUoR3JhcGhpY3NfMUdldENsaXBCb3VuZHNfX0pMb3JnX2VjbGlwc2Vfc3d0X2ludGVybmFsX2dkaXBfUmVjdF8yKQoJKEpOSUVudiAqZW52LCBqY2xhc3MgdGhhdCwgamxvbmcgYXJnMCwgam9iamVjdCBhcmcxKQp7
896	STATEMENT	46066	46093	1	682fbc99cec5c405eab601f0413690066aa8692d18135f2401cce6d57e4bdb31	CglSZWN0IF9hcmcxLCAqbHBhcmcxPU5VTEw7
897	STATEMENT	46093	46107	1	ab2eac128ef6225b35f40b35e2bd8fba39be8b3b6b281960b3c51646eba99890	CglqaW50IHJjID0gMDs=
898	STATEMENT	46107	46208	1	31438cf40f3137b0bd1be6a3e1762da2560f527a62c4ff9079e0e72c4bfd26e1	CglHZGlwX05BVElWRV9FTlRFUihlbnYsIHRoYXQsIEdyYXBoaWNzXzFHZXRDbGlwQm91bmRzX19KTG9yZ19lY2xpcHNlX3N3dF9pbnRlcm5hbF9nZGlwX1JlY3RfMl9GVU5DKTs=
899	STATEMENT	46208	46287	1	d11f59b1bfc942720a5659bfcd2accf8f211f2c701dd6cca52ca2294b3cb0f30	CglpZiAoYXJnMSkgaWYgKChscGFyZzEgPSBnZXRSZWN0RmllbGRzKGVudiwgYXJnMSwgJl9hcmcxKSkgPT0gTlVMTCkgZ290byBmYWlsOw==
900	STATEMENT	46287	46342	1	90fb5876f1495b2efaea6bb2411c1d8f05fa17f743444422cd94f4253d1ab061	CglyYyA9IChqaW50KSgoR3JhcGhpY3MgKilhcmcwKS0+R2V0Q2xpcEJvdW5kcyhscGFyZzEpOw==
901	STATEMENT	46342	46403	1	694acbbc0e157ab79b377661a802b6cc444cb0023c262cc4486b1b1859294812	CmZhaWw6CglpZiAoYXJnMSAmJiBscGFyZzEpIHNldFJlY3RGaWVsZHMoZW52LCBhcmcxLCBscGFyZzEpOw==
902	STATEMENT	46403	46503	1	03048a65d241a8cec9d86f6b5c2a6563b4ff16fa7651dff8b353a749e3bcd5c0	CglHZGlwX05BVElWRV9FWElUKGVudiwgdGhhdCwgR3JhcGhpY3NfMUdldENsaXBCb3VuZHNfX0pMb3JnX2VjbGlwc2Vfc3d0X2ludGVybmFsX2dkaXBfUmVjdF8yX0ZVTkMpOw==
903	STATEMENT	46503	46515	1	a028c9c9501df4846ec72c7b4432d4a3cb499b36b781bb1c38853498151d0ba7	CglyZXR1cm4gcmM7
904	FRAGMENT	46515	46516	1	01ba4719c80b6fe911b091a7c05124b64eeece964e09c058ef8f9805daca546b	Cg==
905	BLOCK_CLOSE	46516	46517	0	d10b36aa74a59bcf4a88185837f658afaf3646eff2bb16c3928d0e9335e945d2	fQ==
906	PREPROCESSOR	46517	46525	0	626de321eb397f6600939892a0009f31bc378f7e886f9acc5ec0af18db6a99a7	CiNlbmRpZgo=
907	PREPROCESSOR	46525	46554	0	cf7335c1b5d3e24edc1869fd687672b9e905a4f32828ed4f610e4327751ef774	CiNpZm5kZWYgTk9fR3JhcGhpY3NfMUdldEhEQwo=
908	STATEMENT	46554	46657	0	e0b7d5e6078df7a7194e738c740cd8ebfb1513a2d204bbf91c37cbb08b5510d5	ZXh0ZXJuICJDIiBKTklFWFBPUlQgamxvbmcgSk5JQ0FMTCBHZGlwX05BVElWRShHcmFwaGljc18xR2V0SERDKShKTklFbnYgKmVudiwgamNsYXNzIHRoYXQsIGpsb25nIGFyZzApOw==
909	FUNCTION_OPEN	46657	46753	0	195cde75238ca127f1be5257fa776624a349371a30292c9edbaa7a5baf5783eb	CkpOSUVYUE9SVCBqbG9uZyBKTklDQUxMIEdkaXBfTkFUSVZFKEdyYXBoaWNzXzFHZXRIREMpCgkoSk5JRW52ICplbnYsIGpjbGFzcyB0aGF0LCBqbG9uZyBhcmcwKQp7
910	STATEMENT	46753	46768	1	3411ceb5951bc52321d8d6cf00df310a159211846b0264e08db2a18b94173633	CglqbG9uZyByYyA9IDA7
911	STATEMENT	46768	46822	1	d93abb9b533059e5b6aceedf4dfeb8996b6e0a509ceb64578c61b519d484aeaa	CglHZGlwX05BVElWRV9FTlRFUihlbnYsIHRoYXQsIEdyYXBoaWNzXzFHZXRIRENfRlVOQyk7
912	STATEMENT	46822	46865	1	1aeb1f4aaef73730dc1333c335d8c04403241cf6708e07aa59431671bf5134f4	CglyYyA9IChqbG9uZykoKEdyYXBoaWNzICopYXJnMCktPkdldEhEQygpOw==
913	STATEMENT	46865	46918	1	0edb335f7ab14ff31fa3e2301bbe7418397a04f1d6ad525c2e5841bb48989615	CglHZGlwX05BVElWRV9FWElUKGVudiwgdGhhdCwgR3JhcGhpY3NfMUdldEhEQ19GVU5DKTs=
914	STATEMENT	46918	46930	1	a028c9c9501df4846ec72c7b4432d4a3cb499b36b781bb1c38853498151d0ba7	CglyZXR1cm4gcmM7
915	FRAGMENT	46930	46931	1	01ba4719c80b6fe911b091a7c05124b64eeece964e09c058ef8f9805daca546b	Cg==
916	BLOCK_CLOSE	46931	46932	0	d10b36aa74a59bcf4a88185837f658afaf3646eff2bb16c3928d0e9335e945d2	fQ==
917	PREPROCESSOR	46932	46940	0	626de321eb397f6600939892a0009f31bc378f7e886f9acc5ec0af18db6a99a7	CiNlbmRpZgo=
918	PREPROCESSOR	46940	46983	0	571135ac63297186bbe3c6184bd22bd9e9136aa36f31a22e280db3254929edab	CiNpZm5kZWYgTk9fR3JhcGhpY3NfMUdldEludGVycG9sYXRpb25Nb2RlCg==
919	STATEMENT	46983	47099	0	93affb8dd2fbd9f95915ba2dd733aaf7ea3e266553bae89cacbbf0794b664a0d	ZXh0ZXJuICJDIiBKTklFWFBPUlQgamludCBKTklDQUxMIEdkaXBfTkFUSVZFKEdyYXBoaWNzXzFHZXRJbnRlcnBvbGF0aW9uTW9kZSkoSk5JRW52ICplbnYsIGpjbGFzcyB0aGF0LCBqbG9uZyBhcmcwKTs=
920	FUNCTION_OPEN	47099	47208	0	c741b4be21d84569e2160ef8ee22b86e6cde7bfec7273a69315edcea8125a5e1	CkpOSUVYUE9SVCBqaW50IEpOSUNBTEwgR2RpcF9OQVRJVkUoR3JhcGhpY3NfMUdldEludGVycG9sYXRpb25Nb2RlKQoJKEpOSUVudiAqZW52LCBqY2xhc3MgdGhhdCwgamxvbmcgYXJnMCkKew==
921	STATEMENT	47208	47222	1	ab2eac128ef6225b35f40b35e2bd8fba39be8b3b6b281960b3c51646eba99890	CglqaW50IHJjID0gMDs=
922	STATEMENT	47222	47290	1	fd2bd145feec82d0fded60f3ea8b3c373f89b89c04480e54fe467629ae739650	CglHZGlwX05BVElWRV9FTlRFUihlbnYsIHRoYXQsIEdyYXBoaWNzXzFHZXRJbnRlcnBvbGF0aW9uTW9kZV9GVU5DKTs=
923	STATEMENT	47290	47346	1	558c6d86ee4edefab197b6077f05c09ddcf1a04219584c890460696f31e8e532	CglyYyA9IChqaW50KSgoR3JhcGhpY3MgKilhcmcwKS0+R2V0SW50ZXJwb2xhdGlvbk1vZGUoKTs=
924	STATEMENT	47346	47413	1	b37126e8b7852eed102a861342853187cf271937ebbbb9a8a35ad26e578f84f2	CglHZGlwX05BVElWRV9FWElUKGVudiwgdGhhdCwgR3JhcGhpY3NfMUdldEludGVycG9sYXRpb25Nb2RlX0ZVTkMpOw==
925	STATEMENT	47413	47425	1	a028c9c9501df4846ec72c7b4432d4a3cb499b36b781bb1c38853498151d0ba7	CglyZXR1cm4gcmM7
926	FRAGMENT	47425	47426	1	01ba4719c80b6fe911b091a7c05124b64eeece964e09c058ef8f9805daca546b	Cg==
927	BLOCK_CLOSE	47426	47427	0	d10b36aa74a59bcf4a88185837f658afaf3646eff2bb16c3928d0e9335e945d2	fQ==
928	PREPROCESSOR	47427	47435	0	626de321eb397f6600939892a0009f31bc378f7e886f9acc5ec0af18db6a99a7	CiNlbmRpZgo=
929	PREPROCESSOR	47435	47474	0	928e8dc48891e8b8a3fa313008df8330715c0f41b9710b6439ee69f1239c9bf1	CiNpZm5kZWYgTk9fR3JhcGhpY3NfMUdldFNtb290aGluZ01vZGUK
930	STATEMENT	47474	47586	0	3fe561c1591878d923f1cc5d5cb3df0986d2cd170f7e2da8164a52135a77fcdf	ZXh0ZXJuICJDIiBKTklFWFBPUlQgamludCBKTklDQUxMIEdkaXBfTkFUSVZFKEdyYXBoaWNzXzFHZXRTbW9vdGhpbmdNb2RlKShKTklFbnYgKmVudiwgamNsYXNzIHRoYXQsIGpsb25nIGFyZzApOw==
931	FUNCTION_OPEN	47586	47691	0	bc3f41229553c9e13d99d7c52ace401ac3e4f754a2863189e4f69267f6382834	CkpOSUVYUE9SVCBqaW50IEpOSUNBTEwgR2RpcF9OQVRJVkUoR3JhcGhpY3NfMUdldFNtb290aGluZ01vZGUpCgkoSk5JRW52ICplbnYsIGpjbGFzcyB0aGF0LCBqbG9uZyBhcmcwKQp7
932	STATEMENT	47691	47705	1	ab2eac128ef6225b35f40b35e2bd8fba39be8b3b6b281960b3c51646eba99890	CglqaW50IHJjID0gMDs=
933	STATEMENT	47705	47769	1	9c0661ca53f847abf7674dc589c35af060dee01ee78f8c71d2e3a30906c08764	CglHZGlwX05BVElWRV9FTlRFUihlbnYsIHRoYXQsIEdyYXBoaWNzXzFHZXRTbW9vdGhpbmdNb2RlX0ZVTkMpOw==
934	STATEMENT	47769	47821	1	451eb6335ad022b931cb2ec2d5ad82759ee16e00fe05bf8ae273cc2dc6a107a6	CglyYyA9IChqaW50KSgoR3JhcGhpY3MgKilhcmcwKS0+R2V0U21vb3RoaW5nTW9kZSgpOw==
935	STATEMENT	47821	47884	1	84a6dc9bfdfa98688dc28a6fec32637c660fe7ca440ea90da8bc236d013fb6a7	CglHZGlwX05BVElWRV9FWElUKGVudiwgdGhhdCwgR3JhcGhpY3NfMUdldFNtb290aGluZ01vZGVfRlVOQyk7
936	STATEMENT	47884	47896	1	a028c9c9501df4846ec72c7b4432d4a3cb499b36b781bb1c38853498151d0ba7	CglyZXR1cm4gcmM7
937	FRAGMENT	47896	47897	1	01ba4719c80b6fe911b091a7c05124b64eeece964e09c058ef8f9805daca546b	Cg==
938	BLOCK_CLOSE	47897	47898	0	d10b36aa74a59bcf4a88185837f658afaf3646eff2bb16c3928d0e9335e945d2	fQ==
939	PREPROCESSOR	47898	47906	0	626de321eb397f6600939892a0009f31bc378f7e886f9acc5ec0af18db6a99a7	CiNlbmRpZgo=
940	PREPROCESSOR	47906	47949	0	2cd58362611c984b78a2ae19cdd6cd4f42eabb6afd277365bb5184acca2a5ad6	CiNpZm5kZWYgTk9fR3JhcGhpY3NfMUdldFRleHRSZW5kZXJpbmdIaW50Cg==
941	STATEMENT	47949	48065	0	6a4f48c305291cb042e3755077eca4d421ecc231440a439aab1ced4c873e5479	ZXh0ZXJuICJDIiBKTklFWFBPUlQgamludCBKTklDQUxMIEdkaXBfTkFUSVZFKEdyYXBoaWNzXzFHZXRUZXh0UmVuZGVyaW5nSGludCkoSk5JRW52ICplbnYsIGpjbGFzcyB0aGF0LCBqbG9uZyBhcmcwKTs=
942	FUNCTION_OPEN	48065	48174	0	773da58831d95b8933744014c200d9606842313a039d965fcc28d33a4ffcdb9c	CkpOSUVYUE9SVCBqaW50IEpOSUNBTEwgR2RpcF9OQVRJVkUoR3JhcGhpY3NfMUdldFRleHRSZW5kZXJpbmdIaW50KQoJKEpOSUVudiAqZW52LCBqY2xhc3MgdGhhdCwgamxvbmcgYXJnMCkKew==
943	STATEMENT	48174	48188	1	ab2eac128ef6225b35f40b35e2bd8fba39be8b3b6b281960b3c51646eba99890	CglqaW50IHJjID0gMDs=
944	STATEMENT	48188	48256	1	2e099ab0cfb89d1e1cc949d0e8ff37de06d472beae5aad558a3acf41359878c8	CglHZGlwX05BVElWRV9FTlRFUihlbnYsIHRoYXQsIEdyYXBoaWNzXzFHZXRUZXh0UmVuZGVyaW5nSGludF9GVU5DKTs=
945	STATEMENT	48256	48312	1	c5a9fe0073a534e6fb5a3e13d0df4e5730a3723e9106b0bf4c74d920a5968b37	CglyYyA9IChqaW50KSgoR3JhcGhpY3MgKilhcmcwKS0+R2V0VGV4dFJlbmRlcmluZ0hpbnQoKTs=
946	STATEMENT	48312	48379	1	358d5fcd6eaea75c19f740faf27159df9828ad48efb2bf96b11804dc85389800	CglHZGlwX05BVElWRV9FWElUKGVudiwgdGhhdCwgR3JhcGhpY3NfMUdldFRleHRSZW5kZXJpbmdIaW50X0ZVTkMpOw==
947	STATEMENT	48379	48391	1	a028c9c9501df4846ec72c7b4432d4a3cb499b36b781bb1c38853498151d0ba7	CglyZXR1cm4gcmM7
948	FRAGMENT	48391	48392	1	01ba4719c80b6fe911b091a7c05124b64eeece964e09c058ef8f9805daca546b	Cg==
949	BLOCK_CLOSE	48392	48393	0	d10b36aa74a59bcf4a88185837f658afaf3646eff2bb16c3928d0e9335e945d2	fQ==
950	PREPROCESSOR	48393	48401	0	626de321eb397f6600939892a0009f31bc378f7e886f9acc5ec0af18db6a99a7	CiNlbmRpZgo=
951	PREPROCESSOR	48401	48436	0	35d73ccd7b266c02cdf545af27b7d60110da2c2ae0fa66de4214ccde3bd96ce2	CiNpZm5kZWYgTk9fR3JhcGhpY3NfMUdldFRyYW5zZm9ybQo=
952	STATEMENT	48436	48556	0	6018b64ae1e0d3d10700fe051fc01074685b05bb71af6de571f9cf7dc873b679	ZXh0ZXJuICJDIiBKTklFWFBPUlQgamludCBKTklDQUxMIEdkaXBfTkFUSVZFKEdyYXBoaWNzXzFHZXRUcmFuc2Zvcm0pKEpOSUVudiAqZW52LCBqY2xhc3MgdGhhdCwgamxvbmcgYXJnMCwgamxvbmcgYXJnMSk7
953	FUNCTION_OPEN	48556	48669	0	bb92adde9bb2a4f83702b29c58bd7073aba5e084ae4ac6c0c8864f744a0fce0f	CkpOSUVYUE9SVCBqaW50IEpOSUNBTEwgR2RpcF9OQVRJVkUoR3JhcGhpY3NfMUdldFRyYW5zZm9ybSkKCShKTklFbnYgKmVudiwgamNsYXNzIHRoYXQsIGpsb25nIGFyZzAsIGpsb25nIGFyZzEpCns=
954	STATEMENT	48669	48683	1	ab2eac128ef6225b35f40b35e2bd8fba39be8b3b6b281960b3c51646eba99890	CglqaW50IHJjID0gMDs=
955	STATEMENT	48683	48743	1	5f35a3be34ea43cb1216e124c062eebc1be29c9b4fb3031829f7f2ae0ae8ba0a	CglHZGlwX05BVElWRV9FTlRFUihlbnYsIHRoYXQsIEdyYXBoaWNzXzFHZXRUcmFuc2Zvcm1fRlVOQyk7
956	STATEMENT	48743	48805	1	e10da124aebd267eb14b79dc4375f5fc3d6dc01a0c8df6c434f60200aad0abcc	CglyYyA9IChqaW50KSgoR3JhcGhpY3MgKilhcmcwKS0+R2V0VHJhbnNmb3JtKChNYXRyaXggKilhcmcxKTs=
957	STATEMENT	48805	48864	1	83d02dddd5b6930ffc24cc1f13b7212686253d9b7b8c50acba1e99d5b3cdae57	CglHZGlwX05BVElWRV9FWElUKGVudiwgdGhhdCwgR3JhcGhpY3NfMUdldFRyYW5zZm9ybV9GVU5DKTs=
958	STATEMENT	48864	48876	1	a028c9c9501df4846ec72c7b4432d4a3cb499b36b781bb1c38853498151d0ba7	CglyZXR1cm4gcmM7
959	FRAGMENT	48876	48877	1	01ba4719c80b6fe911b091a7c05124b64eeece964e09c058ef8f9805daca546b	Cg==
960	BLOCK_CLOSE	48877	48878	0	d10b36aa74a59bcf4a88185837f658afaf3646eff2bb16c3928d0e9335e945d2	fQ==
961	PREPROCESSOR	48878	48886	0	626de321eb397f6600939892a0009f31bc378f7e886f9acc5ec0af18db6a99a7	CiNlbmRpZgo=
962	PREPROCESSOR	48886	48929	0	e85a0ed26b3a109c1c3db00c9566f1322f613d5a376748c344037c00a0bfd574	CiNpZm5kZWYgTk9fR3JhcGhpY3NfMUdldFZpc2libGVDbGlwQm91bmRzCg==
963	STATEMENT	48929	49059	0	a8d8dc4f8c0ccc5b9d0387f9b037bc4f36e08df9fdb4658fa2ca4f938234e980	ZXh0ZXJuICJDIiBKTklFWFBPUlQgamludCBKTklDQUxMIEdkaXBfTkFUSVZFKEdyYXBoaWNzXzFHZXRWaXNpYmxlQ2xpcEJvdW5kcykoSk5JRW52ICplbnYsIGpjbGFzcyB0aGF0LCBqbG9uZyBhcmcwLCBqb2JqZWN0IGFyZzEpOw==
964	FUNCTION_OPEN	49059	49182	0	d1c38fe154ec5884c62b2087b0ec22f70ee44183963b80d6f36fefa7e7ff858a	CkpOSUVYUE9SVCBqaW50IEpOSUNBTEwgR2RpcF9OQVRJVkUoR3JhcGhpY3NfMUdldFZpc2libGVDbGlwQm91bmRzKQoJKEpOSUVudiAqZW52LCBqY2xhc3MgdGhhdCwgamxvbmcgYXJnMCwgam9iamVjdCBhcmcxKQp7
965	STATEMENT	49182	49209	1	682fbc99cec5c405eab601f0413690066aa8692d18135f2401cce6d57e4bdb31	CglSZWN0IF9hcmcxLCAqbHBhcmcxPU5VTEw7
966	STATEMENT	49209	49223	1	ab2eac128ef6225b35f40b35e2bd8fba39be8b3b6b281960b3c51646eba99890	CglqaW50IHJjID0gMDs=
967	STATEMENT	49223	49291	1	27b5382199fe578279c9d34c080c81f2a81801562c400ff373178f1bd3faa9b6	CglHZGlwX05BVElWRV9FTlRFUihlbnYsIHRoYXQsIEdyYXBoaWNzXzFHZXRWaXNpYmxlQ2xpcEJvdW5kc19GVU5DKTs=
968	STATEMENT	49291	49370	1	d11f59b1bfc942720a5659bfcd2accf8f211f2c701dd6cca52ca2294b3cb0f30	CglpZiAoYXJnMSkgaWYgKChscGFyZzEgPSBnZXRSZWN0RmllbGRzKGVudiwgYXJnMSwgJl9hcmcxKSkgPT0gTlVMTCkgZ290byBmYWlsOw==
969	STATEMENT	49370	49432	1	7225947dbbfb1da42b0508f30520c24fc4b2ca3540b158b6e3d935c9d573a33a	CglyYyA9IChqaW50KSgoR3JhcGhpY3MgKilhcmcwKS0+R2V0VmlzaWJsZUNsaXBCb3VuZHMobHBhcmcxKTs=
970	STATEMENT	49432	49493	1	694acbbc0e157ab79b377661a802b6cc444cb0023c262cc4486b1b1859294812	CmZhaWw6CglpZiAoYXJnMSAmJiBscGFyZzEpIHNldFJlY3RGaWVsZHMoZW52LCBhcmcxLCBscGFyZzEpOw==
971	STATEMENT	49493	49560	1	c96d65872355eda25ed7bf33df64c4eb726a6e48528b76b7d368af298042f80d	CglHZGlwX05BVElWRV9FWElUKGVudiwgdGhhdCwgR3JhcGhpY3NfMUdldFZpc2libGVDbGlwQm91bmRzX0ZVTkMpOw==
972	STATEMENT	49560	49572	1	a028c9c9501df4846ec72c7b4432d4a3cb499b36b781bb1c38853498151d0ba7	CglyZXR1cm4gcmM7
973	FRAGMENT	49572	49573	1	01ba4719c80b6fe911b091a7c05124b64eeece964e09c058ef8f9805daca546b	Cg==
974	BLOCK_CLOSE	49573	49574	0	d10b36aa74a59bcf4a88185837f658afaf3646eff2bb16c3928d0e9335e945d2	fQ==
975	PREPROCESSOR	49574	49582	0	626de321eb397f6600939892a0009f31bc378f7e886f9acc5ec0af18db6a99a7	CiNlbmRpZgo=
976	PREPROCESSOR	49582	49624	0	bd95580b1b8b68cb8678441ddd4b3936c157f83002e39bb6edcf19f392e59a29	CiNpZm5kZWYgTk9fR3JhcGhpY3NfMU1lYXN1cmVEcml2ZXJTdHJpbmcK
977	STATEMENT	49624	49829	0	61a641efd3966c554ec8104a5f5f57b080bb929cb00510608a2c995879a35d7e	ZXh0ZXJuICJDIiBKTklFWFBPUlQgamludCBKTklDQUxMIEdkaXBfTkFUSVZFKEdyYXBoaWNzXzFNZWFzdXJlRHJpdmVyU3RyaW5nKShKTklFbnYgKmVudiwgamNsYXNzIHRoYXQsIGpsb25nIGFyZzAsIGpsb25nIGFyZzEsIGppbnQgYXJnMiwgamxvbmcgYXJnMywgamZsb2F0QXJyYXkgYXJnNCwgamludCBhcmc1LCBqbG9uZyBhcmc2LCBqb2JqZWN0IGFyZzcpOw==
978	FUNCTION_OPEN	49829	50027	0	018fa8d262cc6341f7db56a1d15b08bd40721098891112d073d539984d718e4d	CkpOSUVYUE9SVCBqaW50IEpOSUNBTEwgR2RpcF9OQVRJVkUoR3JhcGhpY3NfMU1lYXN1cmVEcml2ZXJTdHJpbmcpCgkoSk5JRW52ICplbnYsIGpjbGFzcyB0aGF0LCBqbG9uZyBhcmcwLCBqbG9uZyBhcmcxLCBqaW50IGFyZzIsIGpsb25nIGFyZzMsIGpmbG9hdEFycmF5IGFyZzQsIGppbnQgYXJnNSwgamxvbmcgYXJnNiwgam9iamVjdCBhcmc3KQp7
979	STATEMENT	50027	50049	1	3073f741db6fb66321b4f4970f7e9f7aa0f6b9f1f87bb430a930b1355623a77c	CglqZmxvYXQgKmxwYXJnND1OVUxMOw==
980	STATEMENT	50049	50077	1	5cc85031a6c2a0107931d3c8556e845e405320da7135496b8cab7d753e4e933c	CglSZWN0RiBfYXJnNywgKmxwYXJnNz1OVUxMOw==
981	STATEMENT	50077	50091	1	ab2eac128ef6225b35f40b35e2bd8fba39be8b3b6b281960b3c51646eba99890	CglqaW50IHJjID0gMDs=
982	STATEMENT	50091	50158	1	8f4b61f813cea06c61f40eda43afb90f5cd4f7aa52d069b4433e62797599df6f	CglHZGlwX05BVElWRV9FTlRFUihlbnYsIHRoYXQsIEdyYXBoaWNzXzFNZWFzdXJlRHJpdmVyU3RyaW5nX0ZVTkMpOw==
983	STATEMENT	50158	50243	1	66503c78756aedc3c834c26994ef0c3d73168a5e5b09d09d9106f4454332477b	CglpZiAoYXJnNCkgaWYgKChscGFyZzQgPSBlbnYtPkdldEZsb2F0QXJyYXlFbGVtZW50cyhhcmc0LCBOVUxMKSkgPT0gTlVMTCkgZ290byBmYWlsOw==
984	STATEMENT	50243	50323	1	a804307f2cdb8e3a094fd08dbb967a32030d40aeab86a6954e86fae17853eaf5	CglpZiAoYXJnNykgaWYgKChscGFyZzcgPSBnZXRSZWN0RkZpZWxkcyhlbnYsIGFyZzcsICZfYXJnNykpID09IE5VTEwpIGdvdG8gZmFpbDs=
985	STATEMENT	50323	50478	1	96d7be30bf451e28e0ab718b54a4ca71935bdade7e82ff6aaedb0df721cf9efe	CglyYyA9IChqaW50KSgoR3JhcGhpY3MgKilhcmcwKS0+TWVhc3VyZURyaXZlclN0cmluZygoY29uc3QgVUlOVDE2ICopYXJnMSwgYXJnMiwgKEZvbnQgKilhcmczLCAoY29uc3QgUG9pbnRGICopbHBhcmc0LCBhcmc1LCAoY29uc3QgTWF0cml4ICopYXJnNiwgbHBhcmc3KTs=
986	STATEMENT	50478	50540	1	8ccf27e904361dc4782f6e39804a7ed3999c157536055a34b38b6a6642d15751	CmZhaWw6CglpZiAoYXJnNyAmJiBscGFyZzcpIHNldFJlY3RGRmllbGRzKGVudiwgYXJnNywgbHBhcmc3KTs=
987	STATEMENT	50540	50618	1	bbadf8c9959e5f2c7330af7ef118611f6887216d24be9a481a540b6da0bc34d8	CglpZiAoYXJnNCAmJiBscGFyZzQpIGVudi0+UmVsZWFzZUZsb2F0QXJyYXlFbGVtZW50cyhhcmc0LCBscGFyZzQsIEpOSV9BQk9SVCk7
988	STATEMENT	50618	50684	1	231803e2882cddde6d622ae1fef279a240e3525fe18cd83cc0c18b4d2d3425f4	CglHZGlwX05BVElWRV9FWElUKGVudiwgdGhhdCwgR3JhcGhpY3NfMU1lYXN1cmVEcml2ZXJTdHJpbmdfRlVOQyk7
989	STATEMENT	50684	50696	1	a028c9c9501df4846ec72c7b4432d4a3cb499b36b781bb1c38853498151d0ba7	CglyZXR1cm4gcmM7
990	FRAGMENT	50696	50697	1	01ba4719c80b6fe911b091a7c05124b64eeece964e09c058ef8f9805daca546b	Cg==
991	BLOCK_CLOSE	50697	50698	0	d10b36aa74a59bcf4a88185837f658afaf3646eff2bb16c3928d0e9335e945d2	fQ==
992	PREPROCESSOR	50698	50706	0	626de321eb397f6600939892a0009f31bc378f7e886f9acc5ec0af18db6a99a7	CiNlbmRpZgo=
993	PREPROCESSOR	50706	50828	0	259e7de2f4e4dc294c3f2d00c4442980518f80de85e829cb255b112ada2d2e01	CiNpZm5kZWYgTk9fR3JhcGhpY3NfMU1lYXN1cmVTdHJpbmdfX0pfM0NJSkxvcmdfZWNsaXBzZV9zd3RfaW50ZXJuYWxfZ2RpcF9Qb2ludEZfMkpMb3JnX2VjbGlwc2Vfc3d0X2ludGVybmFsX2dkaXBfUmVjdEZfMgo=
994	STATEMENT	50828	51103	0	56aaf736bc584d5fad88476dbee1fd40f6a64f37b5040cb9147b155016fed059	ZXh0ZXJuICJDIiBKTklFWFBPUlQgamludCBKTklDQUxMIEdkaXBfTkFUSVZFKEdyYXBoaWNzXzFNZWFzdXJlU3RyaW5nX19KXzNDSUpMb3JnX2VjbGlwc2Vfc3d0X2ludGVybmFsX2dkaXBfUG9pbnRGXzJKTG9yZ19lY2xpcHNlX3N3dF9pbnRlcm5hbF9nZGlwX1JlY3RGXzIpKEpOSUVudiAqZW52LCBqY2xhc3MgdGhhdCwgamxvbmcgYXJnMCwgamNoYXJBcnJheSBhcmcxLCBqaW50IGFyZzIsIGpsb25nIGFyZzMsIGpvYmplY3QgYXJnNCwgamxvbmcgYXJnNSwgam9iamVjdCBhcmc2KTs=
995	FUNCTION_OPEN	51103	51371	0	4eac69b11f65b86ccce7b916386ad0ffa497104c8f7f2f112725af7a3496b997	CkpOSUVYUE9SVCBqaW50IEpOSUNBTEwgR2RpcF9OQVRJVkUoR3JhcGhpY3NfMU1lYXN1cmVTdHJpbmdfX0pfM0NJSkxvcmdfZWNsaXBzZV9zd3RfaW50ZXJuYWxfZ2RpcF9Qb2ludEZfMkpMb3JnX2VjbGlwc2Vfc3d0X2ludGVybmFsX2dkaXBfUmVjdEZfMikKCShKTklFbnYgKmVudiwgamNsYXNzIHRoYXQsIGpsb25nIGFyZzAsIGpjaGFyQXJyYXkgYXJnMSwgamludCBhcmcyLCBqbG9uZyBhcmczLCBqb2JqZWN0IGFyZzQsIGpsb25nIGFyZzUsIGpvYmplY3QgYXJnNikKew==
996	STATEMENT	51371	51392	1	cb233fdf59df1dd8a069c3bfcfdc1736b1e106ad16a2ac4efdc03ccbc3d7e752	CglqY2hhciAqbHBhcmcxPU5VTEw7
997	STATEMENT	51392	51421	1	c5433ba4b53e0e958e8f8e22e2e866edf0c24b7c36688c8c5017f1fe80ce7d4a	CglQb2ludEYgX2FyZzQsICpscGFyZzQ9TlVMTDs=
998	STATEMENT	51421	51449	1	0b92465410714febf67e3d978e3e69d7dc0b2bcfe3692a7252848ac7deb4d330	CglSZWN0RiBfYXJnNiwgKmxwYXJnNj1OVUxMOw==
999	STATEMENT	51449	51463	1	ab2eac128ef6225b35f40b35e2bd8fba39be8b3b6b281960b3c51646eba99890	CglqaW50IHJjID0gMDs=
1000	STATEMENT	51463	51610	1	07efae972a3d0b79a716a2797d470987facdea3718c1b42434555b586c1f36e5	CglHZGlwX05BVElWRV9FTlRFUihlbnYsIHRoYXQsIEdyYXBoaWNzXzFNZWFzdXJlU3RyaW5nX19KXzNDSUpMb3JnX2VjbGlwc2Vfc3d0X2ludGVybmFsX2dkaXBfUG9pbnRGXzJKTG9yZ19lY2xpcHNlX3N3dF9pbnRlcm5hbF9nZGlwX1JlY3RGXzJfRlVOQyk7
1001	STATEMENT	51610	51694	1	ccf88f90e36f7e1bfb7ee4188f0d874f12841983c1ee971a91629a2f82f78f34	CglpZiAoYXJnMSkgaWYgKChscGFyZzEgPSBlbnYtPkdldENoYXJBcnJheUVsZW1lbnRzKGFyZzEsIE5VTEwpKSA9PSBOVUxMKSBnb3RvIGZhaWw7
1002	STATEMENT	51694	51775	1	53d9ba9bafb456aac5dff5d2f79aa645980eb299ab0b75696021f40a6105a838	CglpZiAoYXJnNCkgaWYgKChscGFyZzQgPSBnZXRQb2ludEZGaWVsZHMoZW52LCBhcmc0LCAmX2FyZzQpKSA9PSBOVUxMKSBnb3RvIGZhaWw7
1003	STATEMENT	51775	51855	1	76af844e1bf6abb817e75f2ee2adc35167e5ede734aef2c2fe046988bda146e4	CglpZiAoYXJnNikgaWYgKChscGFyZzYgPSBnZXRSZWN0RkZpZWxkcyhlbnYsIGFyZzYsICZfYXJnNikpID09IE5VTEwpIGdvdG8gZmFpbDs=
1004	STATEMENT	51855	52011	1	800daf465cf257eff880a6b9c8ad8b25adf868985977e995f848c572d076ec7f	CglyYyA9IChqaW50KSgoR3JhcGhpY3MgKilhcmcwKS0+TWVhc3VyZVN0cmluZygoY29uc3QgV0NIQVIgKilscGFyZzEsIChJTlQpYXJnMiwgKGNvbnN0IEZvbnQgKilhcmczLCAqKGNvbnN0IFBvaW50RiAqKWxwYXJnNCwgKFN0cmluZ0Zvcm1hdCAqKWFyZzUsIGxwYXJnNik7
1005	STATEMENT	52011	52073	1	3178df5a727ab3934f233c3d8320729e8cae683dcbb49eb2bbc89e5d8654ddff	CmZhaWw6CglpZiAoYXJnNiAmJiBscGFyZzYpIHNldFJlY3RGRmllbGRzKGVudiwgYXJnNiwgbHBhcmc2KTs=
1006	STATEMENT	52073	52130	1	a8fc7c3a6a11734420ec28c8205db0052c392722ff93b258ef06ecfa723e9856	CglpZiAoYXJnNCAmJiBscGFyZzQpIHNldFBvaW50RkZpZWxkcyhlbnYsIGFyZzQsIGxwYXJnNCk7
1007	STATEMENT	52130	52199	1	163d2bdca482e226b738eb2601b84a56b28007cd2cccfdd6bc5bcc9fc5c07b22	CglpZiAoYXJnMSAmJiBscGFyZzEpIGVudi0+UmVsZWFzZUNoYXJBcnJheUVsZW1lbnRzKGFyZzEsIGxwYXJnMSwgMCk7
1008	STATEMENT	52199	52345	1	e8f1ada1def25eb766567316a99d97d28cf32b5b133c197616121130a0a88b92	CglHZGlwX05BVElWRV9FWElUKGVudiwgdGhhdCwgR3JhcGhpY3NfMU1lYXN1cmVTdHJpbmdfX0pfM0NJSkxvcmdfZWNsaXBzZV9zd3RfaW50ZXJuYWxfZ2RpcF9Qb2ludEZfMkpMb3JnX2VjbGlwc2Vfc3d0X2ludGVybmFsX2dkaXBfUmVjdEZfMl9GVU5DKTs=
1009	STATEMENT	52345	52357	1	a028c9c9501df4846ec72c7b4432d4a3cb499b36b781bb1c38853498151d0ba7	CglyZXR1cm4gcmM7
1010	FRAGMENT	52357	52358	1	01ba4719c80b6fe911b091a7c05124b64eeece964e09c058ef8f9805daca546b	Cg==
1011	BLOCK_CLOSE	52358	52359	0	d10b36aa74a59bcf4a88185837f658afaf3646eff2bb16c3928d0e9335e945d2	fQ==
1012	PREPROCESSOR	52359	52367	0	626de321eb397f6600939892a0009f31bc378f7e886f9acc5ec0af18db6a99a7	CiNlbmRpZgo=
1013	PREPROCESSOR	52367	52488	0	7922bb02ba4e994e0d67638713be237a6b469bd76609ac352254049ad0af8eac	CiNpZm5kZWYgTk9fR3JhcGhpY3NfMU1lYXN1cmVTdHJpbmdfX0pfM0NJSkxvcmdfZWNsaXBzZV9zd3RfaW50ZXJuYWxfZ2RpcF9Qb2ludEZfMkxvcmdfZWNsaXBzZV9zd3RfaW50ZXJuYWxfZ2RpcF9SZWN0Rl8yCg==
1014	STATEMENT	52488	52750	0	8858108877abc0dfc3b5a5105d9035a2ba52a8561dc46a81fd3888243434e00b	ZXh0ZXJuICJDIiBKTklFWFBPUlQgamludCBKTklDQUxMIEdkaXBfTkFUSVZFKEdyYXBoaWNzXzFNZWFzdXJlU3RyaW5nX19KXzNDSUpMb3JnX2VjbGlwc2Vfc3d0X2ludGVybmFsX2dkaXBfUG9pbnRGXzJMb3JnX2VjbGlwc2Vfc3d0X2ludGVybmFsX2dkaXBfUmVjdEZfMikoSk5JRW52ICplbnYsIGpjbGFzcyB0aGF0LCBqbG9uZyBhcmcwLCBqY2hhckFycmF5IGFyZzEsIGppbnQgYXJnMiwgamxvbmcgYXJnMywgam9iamVjdCBhcmc0LCBqb2JqZWN0IGFyZzUpOw==
1015	FUNCTION_OPEN	52750	53005	0	c7c0ea8f5d1f48245dc2eed80c8822d8e5128cfc71624ac9098c623e7fc5ef89	CkpOSUVYUE9SVCBqaW50IEpOSUNBTEwgR2RpcF9OQVRJVkUoR3JhcGhpY3NfMU1lYXN1cmVTdHJpbmdfX0pfM0NJSkxvcmdfZWNsaXBzZV9zd3RfaW50ZXJuYWxfZ2RpcF9Qb2ludEZfMkxvcmdfZWNsaXBzZV9zd3RfaW50ZXJuYWxfZ2RpcF9SZWN0Rl8yKQoJKEpOSUVudiAqZW52LCBqY2xhc3MgdGhhdCwgamxvbmcgYXJnMCwgamNoYXJBcnJheSBhcmcxLCBqaW50IGFyZzIsIGpsb25nIGFyZzMsIGpvYmplY3QgYXJnNCwgam9iamVjdCBhcmc1KQp7
1016	STATEMENT	53005	53026	1	cb233fdf59df1dd8a069c3bfcfdc1736b1e106ad16a2ac4efdc03ccbc3d7e752	CglqY2hhciAqbHBhcmcxPU5VTEw7
1017	STATEMENT	53026	53055	1	c5433ba4b53e0e958e8f8e22e2e866edf0c24b7c36688c8c5017f1fe80ce7d4a	CglQb2ludEYgX2FyZzQsICpscGFyZzQ9TlVMTDs=
1018	STATEMENT	53055	53083	1	95c71067cdc13b098aa616c6a5b64bc61455f490fde1725958a18d58a0a163c3	CglSZWN0RiBfYXJnNSwgKmxwYXJnNT1OVUxMOw==
1019	STATEMENT	53083	53097	1	ab2eac128ef6225b35f40b35e2bd8fba39be8b3b6b281960b3c51646eba99890	CglqaW50IHJjID0gMDs=
1020	STATEMENT	53097	53243	1	67b6aab9f7368683d74660580781c1d1e6d2edb093499db5d551835c059659c0	CglHZGlwX05BVElWRV9FTlRFUihlbnYsIHRoYXQsIEdyYXBoaWNzXzFNZWFzdXJlU3RyaW5nX19KXzNDSUpMb3JnX2VjbGlwc2Vfc3d0X2ludGVybmFsX2dkaXBfUG9pbnRGXzJMb3JnX2VjbGlwc2Vfc3d0X2ludGVybmFsX2dkaXBfUmVjdEZfMl9GVU5DKTs=
1021	STATEMENT	53243	53327	1	ccf88f90e36f7e1bfb7ee4188f0d874f12841983c1ee971a91629a2f82f78f34	CglpZiAoYXJnMSkgaWYgKChscGFyZzEgPSBlbnYtPkdldENoYXJBcnJheUVsZW1lbnRzKGFyZzEsIE5VTEwpKSA9PSBOVUxMKSBnb3RvIGZhaWw7
1022	STATEMENT	53327	53408	1	53d9ba9bafb456aac5dff5d2f79aa645980eb299ab0b75696021f40a6105a838	CglpZiAoYXJnNCkgaWYgKChscGFyZzQgPSBnZXRQb2ludEZGaWVsZHMoZW52LCBhcmc0LCAmX2FyZzQpKSA9PSBOVUxMKSBnb3RvIGZhaWw7
1023	STATEMENT	53408	53488	1	0d387f6fe6ce7c076148b87a380f5e8ceeac8d4ad623ef0aa20e8caa8b202a33	CglpZiAoYXJnNSkgaWYgKChscGFyZzUgPSBnZXRSZWN0RkZpZWxkcyhlbnYsIGFyZzUsICZfYXJnNSkpID09IE5VTEwpIGdvdG8gZmFpbDs=
1024	STATEMENT	53488	53631	1	e9564072f172ffb318c6149066598be691bcb1e5ed844eeb425ee7baebd98db2	CglyYyA9IChqaW50KSgoR3JhcGhpY3MgKilhcmcwKS0+TWVhc3VyZVN0cmluZygoY29uc3QgV0NIQVIgKilscGFyZzEsIChJTlQpYXJnMiwgKGNvbnN0IEZvbnQgKilhcmczLCAqKGNvbnN0IFBvaW50RiAqKWxwYXJnNCwgKFJlY3RGICopbHBhcmc1KTs=
1025	STATEMENT	53631	53693	1	bb57b28db0284a4dd26bd6b6db6c9bb1a8c67edd2a53f536ab2df558bf55f041	CmZhaWw6CglpZiAoYXJnNSAmJiBscGFyZzUpIHNldFJlY3RGRmllbGRzKGVudiwgYXJnNSwgbHBhcmc1KTs=
1026	STATEMENT	53693	53750	1	a8fc7c3a6a11734420ec28c8205db0052c392722ff93b258ef06ecfa723e9856	CglpZiAoYXJnNCAmJiBscGFyZzQpIHNldFBvaW50RkZpZWxkcyhlbnYsIGFyZzQsIGxwYXJnNCk7
1027	STATEMENT	53750	53819	1	163d2bdca482e226b738eb2601b84a56b28007cd2cccfdd6bc5bcc9fc5c07b22	CglpZiAoYXJnMSAmJiBscGFyZzEpIGVudi0+UmVsZWFzZUNoYXJBcnJheUVsZW1lbnRzKGFyZzEsIGxwYXJnMSwgMCk7
1028	STATEMENT	53819	53964	1	530ec0ba496d0d7f55aa5960505623d63541d5e6be52511e6e0d70b079e550d3	CglHZGlwX05BVElWRV9FWElUKGVudiwgdGhhdCwgR3JhcGhpY3NfMU1lYXN1cmVTdHJpbmdfX0pfM0NJSkxvcmdfZWNsaXBzZV9zd3RfaW50ZXJuYWxfZ2RpcF9Qb2ludEZfMkxvcmdfZWNsaXBzZV9zd3RfaW50ZXJuYWxfZ2RpcF9SZWN0Rl8yX0ZVTkMpOw==
1029	STATEMENT	53964	53976	1	a028c9c9501df4846ec72c7b4432d4a3cb499b36b781bb1c38853498151d0ba7	CglyZXR1cm4gcmM7
1030	FRAGMENT	53976	53977	1	01ba4719c80b6fe911b091a7c05124b64eeece964e09c058ef8f9805daca546b	Cg==
1031	BLOCK_CLOSE	53977	53978	0	d10b36aa74a59bcf4a88185837f658afaf3646eff2bb16c3928d0e9335e945d2	fQ==
1032	PREPROCESSOR	53978	53986	0	626de321eb397f6600939892a0009f31bc378f7e886f9acc5ec0af18db6a99a7	CiNlbmRpZgo=
1033	PREPROCESSOR	53986	54019	0	aee766d0e6e3123f2c4ae7bb8dcdbb4d1b31f68f128c2a7f9964ea1af00420b8	CiNpZm5kZWYgTk9fR3JhcGhpY3NfMVJlbGVhc2VIREMK
1034	STATEMENT	54019	54137	0	0ea6c4c31dd1a6ee97a0e2dc798511f1f2721eecc9da9c750e080eff6b944639	ZXh0ZXJuICJDIiBKTklFWFBPUlQgdm9pZCBKTklDQUxMIEdkaXBfTkFUSVZFKEdyYXBoaWNzXzFSZWxlYXNlSERDKShKTklFbnYgKmVudiwgamNsYXNzIHRoYXQsIGpsb25nIGFyZzAsIGpsb25nIGFyZzEpOw==
1035	FUNCTION_OPEN	54137	54248	0	1200f525714b6eeb4beb217125553f7ea0972a024f165fad95ba2319c654f841	CkpOSUVYUE9SVCB2b2lkIEpOSUNBTEwgR2RpcF9OQVRJVkUoR3JhcGhpY3NfMVJlbGVhc2VIREMpCgkoSk5JRW52ICplbnYsIGpjbGFzcyB0aGF0LCBqbG9uZyBhcmcwLCBqbG9uZyBhcmcxKQp7
1036	STATEMENT	54248	54306	1	ab617a84873e6c1ac88717451b99eb2e3d7ed493ab0e873aa15696f5978024e6	CglHZGlwX05BVElWRV9FTlRFUihlbnYsIHRoYXQsIEdyYXBoaWNzXzFSZWxlYXNlSERDX0ZVTkMpOw==
1037	STATEMENT	54306	54350	1	d2df6e2a3eb7a0e8ab3d8f5287dfeb884a45e5398b8a8284ed7a932e481c44da	CgkoKEdyYXBoaWNzICopYXJnMCktPlJlbGVhc2VIREMoKEhEQylhcmcxKTs=
1038	STATEMENT	54350	54407	1	76ad6a127d8b1fdd9ec526b8316f9d3a1f4ad9ea1c17563c7bd6d565e24396d8	CglHZGlwX05BVElWRV9FWElUKGVudiwgdGhhdCwgR3JhcGhpY3NfMVJlbGVhc2VIRENfRlVOQyk7
1039	FRAGMENT	54407	54408	1	01ba4719c80b6fe911b091a7c05124b64eeece964e09c058ef8f9805daca546b	Cg==
1040	BLOCK_CLOSE	54408	54409	0	d10b36aa74a59bcf4a88185837f658afaf3646eff2bb16c3928d0e9335e945d2	fQ==
1041	PREPROCESSOR	54409	54417	0	626de321eb397f6600939892a0009f31bc378f7e886f9acc5ec0af18db6a99a7	CiNlbmRpZgo=
1042	PREPROCESSOR	54417	54449	0	ae6ebfc1d7b8e62b0bc894bf9e7f8b4757ebda9e9d06a4f4285604e8c3f854f3	CiNpZm5kZWYgTk9fR3JhcGhpY3NfMVJlc2V0Q2xpcAo=
1043	STATEMENT	54449	54554	0	a5c48a891abec906b33cb315bb18f64390419473f471daab5a04b2d1dd30af58	ZXh0ZXJuICJDIiBKTklFWFBPUlQgamludCBKTklDQUxMIEdkaXBfTkFUSVZFKEdyYXBoaWNzXzFSZXNldENsaXApKEpOSUVudiAqZW52LCBqY2xhc3MgdGhhdCwgamxvbmcgYXJnMCk7
1044	FUNCTION_OPEN	54554	54652	0	0b70a60158f2258daf6fe489cb082a81960500164e0707a8446816e173eb2238	CkpOSUVYUE9SVCBqaW50IEpOSUNBTEwgR2RpcF9OQVRJVkUoR3JhcGhpY3NfMVJlc2V0Q2xpcCkKCShKTklFbnYgKmVudiwgamNsYXNzIHRoYXQsIGpsb25nIGFyZzApCns=
1045	STATEMENT	54652	54666	1	ab2eac128ef6225b35f40b35e2bd8fba39be8b3b6b281960b3c51646eba99890	CglqaW50IHJjID0gMDs=
1046	STATEMENT	54666	54723	1	8ac9e3b88c87c2dd721d76339f18c48f09a08cdb2028fce33cf08308f629cdad	CglHZGlwX05BVElWRV9FTlRFUihlbnYsIHRoYXQsIEdyYXBoaWNzXzFSZXNldENsaXBfRlVOQyk7
1047	STATEMENT	54723	54768	1	a009738d3682d809ecac1bb55ec0b1f0a996f6e66a76a9fcd6b51ed67c06f345	CglyYyA9IChqaW50KSgoR3JhcGhpY3MgKilhcmcwKS0+UmVzZXRDbGlwKCk7
1048	STATEMENT	54768	54824	1	3ec0826e672d768571a30eb41e2c018d4ec411ba820caee32f19a3a081382e7c	CglHZGlwX05BVElWRV9FWElUKGVudiwgdGhhdCwgR3JhcGhpY3NfMVJlc2V0Q2xpcF9GVU5DKTs=
1049	STATEMENT	54824	54836	1	a028c9c9501df4846ec72c7b4432d4a3cb499b36b781bb1c38853498151d0ba7	CglyZXR1cm4gcmM7
1050	FRAGMENT	54836	54837	1	01ba4719c80b6fe911b091a7c05124b64eeece964e09c058ef8f9805daca546b	Cg==
1051	BLOCK_CLOSE	54837	54838	0	d10b36aa74a59bcf4a88185837f658afaf3646eff2bb16c3928d0e9335e945d2	fQ==
1052	PREPROCESSOR	54838	54846	0	626de321eb397f6600939892a0009f31bc378f7e886f9acc5ec0af18db6a99a7	CiNlbmRpZgo=
1053	PREPROCESSOR	54846	54876	0	45d7b791e2092d5536ad261f02264122d85ff73eefbf1daccc2f8efd3d21ef99	CiNpZm5kZWYgTk9fR3JhcGhpY3NfMVJlc3RvcmUK
1054	STATEMENT	54876	54990	0	15b6f463441869201866095549d582529f5024dbed115529d2df316aa3cc9b43	ZXh0ZXJuICJDIiBKTklFWFBPUlQgamludCBKTklDQUxMIEdkaXBfTkFUSVZFKEdyYXBoaWNzXzFSZXN0b3JlKShKTklFbnYgKmVudiwgamNsYXNzIHRoYXQsIGpsb25nIGFyZzAsIGppbnQgYXJnMSk7
1055	FUNCTION_OPEN	54990	55097	0	7ca23e892e89d8dcdb2c5ee2e32f0bcb8ddbb7481cda5a54096174327ac2117e	CkpOSUVYUE9SVCBqaW50IEpOSUNBTEwgR2RpcF9OQVRJVkUoR3JhcGhpY3NfMVJlc3RvcmUpCgkoSk5JRW52ICplbnYsIGpjbGFzcyB0aGF0LCBqbG9uZyBhcmcwLCBqaW50IGFyZzEpCns=
1056	STATEMENT	55097	55111	1	ab2eac128ef6225b35f40b35e2bd8fba39be8b3b6b281960b3c51646eba99890	CglqaW50IHJjID0gMDs=
1057	STATEMENT	55111	55166	1	068699afd495b31d6a9264393b680004583d907e0d4fade46625086751f85b6a	CglHZGlwX05BVElWRV9FTlRFUihlbnYsIHRoYXQsIEdyYXBoaWNzXzFSZXN0b3JlX0ZVTkMpOw==
1058	STATEMENT	55166	55228	1	20ddef071fef19cb05f222a722ba5a3f9c8549f7e89ba34dffa347398e829628	CglyYyA9IChqaW50KSgoR3JhcGhpY3MgKilhcmcwKS0+UmVzdG9yZSgoR3JhcGhpY3NTdGF0ZSlhcmcxKTs=
1059	STATEMENT	55228	55282	1	37c708911eb825cc88c2dda220af8824d2fd0844c342030083fb3d93df16398d	CglHZGlwX05BVElWRV9FWElUKGVudiwgdGhhdCwgR3JhcGhpY3NfMVJlc3RvcmVfRlVOQyk7
1060	STATEMENT	55282	55294	1	a028c9c9501df4846ec72c7b4432d4a3cb499b36b781bb1c38853498151d0ba7	CglyZXR1cm4gcmM7
1061	FRAGMENT	55294	55295	1	01ba4719c80b6fe911b091a7c05124b64eeece964e09c058ef8f9805daca546b	Cg==
1062	BLOCK_CLOSE	55295	55296	0	d10b36aa74a59bcf4a88185837f658afaf3646eff2bb16c3928d0e9335e945d2	fQ==
1063	PREPROCESSOR	55296	55304	0	626de321eb397f6600939892a0009f31bc378f7e886f9acc5ec0af18db6a99a7	CiNlbmRpZgo=
1064	PREPROCESSOR	55304	55331	0	e10929d2fd3272bd67f6a80ce6e647e6f07341e47ffb0a3ebb3830da9aa375fd	CiNpZm5kZWYgTk9fR3JhcGhpY3NfMVNhdmUK
1065	STATEMENT	55331	55431	0	2c8c12b115bd78d691cfdec7f6003ad05f603a63227e11128d14f810615e9614	ZXh0ZXJuICJDIiBKTklFWFBPUlQgamludCBKTklDQUxMIEdkaXBfTkFUSVZFKEdyYXBoaWNzXzFTYXZlKShKTklFbnYgKmVudiwgamNsYXNzIHRoYXQsIGpsb25nIGFyZzApOw==
1066	FUNCTION_OPEN	55431	55524	0	f5dc5c89b0ad9b15fcbcae0ad5462aabdd053577368403d099b9c60043a7c8fd	CkpOSUVYUE9SVCBqaW50IEpOSUNBTEwgR2RpcF9OQVRJVkUoR3JhcGhpY3NfMVNhdmUpCgkoSk5JRW52ICplbnYsIGpjbGFzcyB0aGF0LCBqbG9uZyBhcmcwKQp7
1067	STATEMENT	55524	55538	1	ab2eac128ef6225b35f40b35e2bd8fba39be8b3b6b281960b3c51646eba99890	CglqaW50IHJjID0gMDs=
1068	STATEMENT	55538	55590	1	448134a7e9f4f77d4dd2a66e3a4c6d21343e63a1577fd66559a20887f55c61e4	CglHZGlwX05BVElWRV9FTlRFUihlbnYsIHRoYXQsIEdyYXBoaWNzXzFTYXZlX0ZVTkMpOw==
1069	STATEMENT	55590	55630	1	87d8a6a7801c2baebd9e8a362303afcee3d9a45cfe74aaf2ea67e7200a83f41a	CglyYyA9IChqaW50KSgoR3JhcGhpY3MgKilhcmcwKS0+U2F2ZSgpOw==
1070	STATEMENT	55630	55681	1	67089c45d4cf3287a71d7e7753292da297f4b6ca46c6f9a72aad5d0b450d55d0	CglHZGlwX05BVElWRV9FWElUKGVudiwgdGhhdCwgR3JhcGhpY3NfMVNhdmVfRlVOQyk7
1071	STATEMENT	55681	55693	1	a028c9c9501df4846ec72c7b4432d4a3cb499b36b781bb1c38853498151d0ba7	CglyZXR1cm4gcmM7
1072	FRAGMENT	55693	55694	1	01ba4719c80b6fe911b091a7c05124b64eeece964e09c058ef8f9805daca546b	Cg==
1073	BLOCK_CLOSE	55694	55695	0	d10b36aa74a59bcf4a88185837f658afaf3646eff2bb16c3928d0e9335e945d2	fQ==
1074	PREPROCESSOR	55695	55703	0	626de321eb397f6600939892a0009f31bc378f7e886f9acc5ec0af18db6a99a7	CiNlbmRpZgo=
1075	PREPROCESSOR	55703	55740	0	9cd896e9b8420e9c50d69e7ef57addb75183506969ff8070eba6405ea595c521	CiNpZm5kZWYgTk9fR3JhcGhpY3NfMVNjYWxlVHJhbnNmb3JtCg==
1076	STATEMENT	55740	55887	0	538f00b44e34d47a4fb887b2688f54e795f9ab8eaedcb25af3e208257568c7d4	ZXh0ZXJuICJDIiBKTklFWFBPUlQgamludCBKTklDQUxMIEdkaXBfTkFUSVZFKEdyYXBoaWNzXzFTY2FsZVRyYW5zZm9ybSkoSk5JRW52ICplbnYsIGpjbGFzcyB0aGF0LCBqbG9uZyBhcmcwLCBqZmxvYXQgYXJnMSwgamZsb2F0IGFyZzIsIGppbnQgYXJnMyk7
1077	FUNCTION_OPEN	55887	56027	0	48fbf6d81671fe7b9a47480433f8498d6560797e922b2d697a6f40bef9abfc07	CkpOSUVYUE9SVCBqaW50IEpOSUNBTEwgR2RpcF9OQVRJVkUoR3JhcGhpY3NfMVNjYWxlVHJhbnNmb3JtKQoJKEpOSUVudiAqZW52LCBqY2xhc3MgdGhhdCwgamxvbmcgYXJnMCwgamZsb2F0IGFyZzEsIGpmbG9hdCBhcmcyLCBqaW50IGFyZzMpCns=
1078	STATEMENT	56027	56041	1	ab2eac128ef6225b35f40b35e2bd8fba39be8b3b6b281960b3c51646eba99890	CglqaW50IHJjID0gMDs=
1079	STATEMENT	56041	56103	1	603e8aca796f4237dcaee9e375e9f7e9c8eec9e64ca50796bda3a7855624bd6b	CglHZGlwX05BVElWRV9FTlRFUihlbnYsIHRoYXQsIEdyYXBoaWNzXzFTY2FsZVRyYW5zZm9ybV9GVU5DKTs=
1080	STATEMENT	56103	56182	1	fc5a0850e494e72493d75a97dd687f1263d588fc118fe96b43ad569a84231812	CglyYyA9IChqaW50KSgoR3JhcGhpY3MgKilhcmcwKS0+U2NhbGVUcmFuc2Zvcm0oYXJnMSwgYXJnMiwgKE1hdHJpeE9yZGVyKWFyZzMpOw==
1081	STATEMENT	56182	56243	1	070ddc87c4968920d8c82343a62e767778012b3fd1749976975212825309d2c3	CglHZGlwX05BVElWRV9FWElUKGVudiwgdGhhdCwgR3JhcGhpY3NfMVNjYWxlVHJhbnNmb3JtX0ZVTkMpOw==
1082	STATEMENT	56243	56255	1	a028c9c9501df4846ec72c7b4432d4a3cb499b36b781bb1c38853498151d0ba7	CglyZXR1cm4gcmM7
1083	FRAGMENT	56255	56256	1	01ba4719c80b6fe911b091a7c05124b64eeece964e09c058ef8f9805daca546b	Cg==
1084	BLOCK_CLOSE	56256	56257	0	d10b36aa74a59bcf4a88185837f658afaf3646eff2bb16c3928d0e9335e945d2	fQ==
1085	PREPROCESSOR	56257	56265	0	626de321eb397f6600939892a0009f31bc378f7e886f9acc5ec0af18db6a99a7	CiNlbmRpZgo=
1086	PREPROCESSOR	56265	56300	0	e2d707dc13ca676fc2c8bc77c231a96a541cd8ceac9595bda3a62b7810417f7b	CiNpZm5kZWYgTk9fR3JhcGhpY3NfMVNldENsaXBfX0pKSQo=
1087	STATEMENT	56300	56431	0	3e0831fe60708240d26bba86a2447a99d80c69e76d7b67e230fb478bc4e4d26c	ZXh0ZXJuICJDIiBKTklFWFBPUlQgamludCBKTklDQUxMIEdkaXBfTkFUSVZFKEdyYXBoaWNzXzFTZXRDbGlwX19KSkkpKEpOSUVudiAqZW52LCBqY2xhc3MgdGhhdCwgamxvbmcgYXJnMCwgamxvbmcgYXJnMSwgamludCBhcmcyKTs=
1088	FUNCTION_OPEN	56431	56555	0	0ef2ccaa388397f33cd2b0049a1022d59debdd8da4df2cab3969c8cd39a3b421	CkpOSUVYUE9SVCBqaW50IEpOSUNBTEwgR2RpcF9OQVRJVkUoR3JhcGhpY3NfMVNldENsaXBfX0pKSSkKCShKTklFbnYgKmVudiwgamNsYXNzIHRoYXQsIGpsb25nIGFyZzAsIGpsb25nIGFyZzEsIGppbnQgYXJnMikKew==
1089	STATEMENT	56555	56569	1	ab2eac128ef6225b35f40b35e2bd8fba39be8b3b6b281960b3c51646eba99890	CglqaW50IHJjID0gMDs=
1090	STATEMENT	56569	56629	1	fdb5c127f315eeb4494c61d4d42ed9ecd1994a74d52093f595423af07f4d5c0e	CglHZGlwX05BVElWRV9FTlRFUihlbnYsIHRoYXQsIEdyYXBoaWNzXzFTZXRDbGlwX19KSklfRlVOQyk7
1091	STATEMENT	56629	56705	1	48b294b7249bcb4641b9b500ce7134bb63353b6c820ff64e32b9f5f9514c6d1f	CglyYyA9IChqaW50KSgoR3JhcGhpY3MgKilhcmcwKS0+U2V0Q2xpcCgoUmVnaW9uICopYXJnMSwgKENvbWJpbmVNb2RlKWFyZzIpOw==
1092	STATEMENT	56705	56764	1	37686fd283380c563c392dd736d36dd875a738542756077138cbbb52546dc0f2	CglHZGlwX05BVElWRV9FWElUKGVudiwgdGhhdCwgR3JhcGhpY3NfMVNldENsaXBfX0pKSV9GVU5DKTs=
1093	STATEMENT	56764	56776	1	a028c9c9501df4846ec72c7b4432d4a3cb499b36b781bb1c38853498151d0ba7	CglyZXR1cm4gcmM7
1094	FRAGMENT	56776	56777	1	01ba4719c80b6fe911b091a7c05124b64eeece964e09c058ef8f9805daca546b	Cg==
1095	BLOCK_CLOSE	56777	56778	0	d10b36aa74a59bcf4a88185837f658afaf3646eff2bb16c3928d0e9335e945d2	fQ==
1096	PREPROCESSOR	56778	56786	0	626de321eb397f6600939892a0009f31bc378f7e886f9acc5ec0af18db6a99a7	CiNlbmRpZgo=
1097	PREPROCESSOR	56786	56857	0	8a997b4ca04b249e43400344e6121f63dbeb3e2756282c922727a0dce16ce8c0	CiNpZm5kZWYgTk9fR3JhcGhpY3NfMVNldENsaXBfX0pMb3JnX2VjbGlwc2Vfc3d0X2ludGVybmFsX2dkaXBfUmVjdF8ySQo=
1098	STATEMENT	56857	57026	0	3d5f3978d3deed9e346e6e89bdf2ecf528eb318350ed075b9e5571171214fba1	ZXh0ZXJuICJDIiBKTklFWFBPUlQgamludCBKTklDQUxMIEdkaXBfTkFUSVZFKEdyYXBoaWNzXzFTZXRDbGlwX19KTG9yZ19lY2xpcHNlX3N3dF9pbnRlcm5hbF9nZGlwX1JlY3RfMkkpKEpOSUVudiAqZW52LCBqY2xhc3MgdGhhdCwgamxvbmcgYXJnMCwgam9iamVjdCBhcmcxLCBqaW50IGFyZzIpOw==
1099	FUNCTION_OPEN	57026	57188	0	2c9ea1c93f4182199807f3e59a8f036efea945e4edc5296dea71d7bbbc9985c5	CkpOSUVYUE9SVCBqaW50IEpOSUNBTEwgR2RpcF9OQVRJVkUoR3JhcGhpY3NfMVNldENsaXBfX0pMb3JnX2VjbGlwc2Vfc3d0X2ludGVybmFsX2dkaXBfUmVjdF8ySSkKCShKTklFbnYgKmVudiwgamNsYXNzIHRoYXQsIGpsb25nIGFyZzAsIGpvYmplY3QgYXJnMSwgamludCBhcmcyKQp7
1100	STATEMENT	57188	57215	1	682fbc99cec5c405eab601f0413690066aa8692d18135f2401cce6d57e4bdb31	CglSZWN0IF9hcmcxLCAqbHBhcmcxPU5VTEw7
1101	STATEMENT	57215	57229	1	ab2eac128ef6225b35f40b35e2bd8fba39be8b3b6b281960b3c51646eba99890	CglqaW50IHJjID0gMDs=
1102	STATEMENT	57229	57325	1	571445ea512030800ce21789328ccd11ed2fe0587c969650ac65f92af37ce19c	CglHZGlwX05BVElWRV9FTlRFUihlbnYsIHRoYXQsIEdyYXBoaWNzXzFTZXRDbGlwX19KTG9yZ19lY2xpcHNlX3N3dF9pbnRlcm5hbF9nZGlwX1JlY3RfMklfRlVOQyk7
1103	STATEMENT	57325	57404	1	d11f59b1bfc942720a5659bfcd2accf8f211f2c701dd6cca52ca2294b3cb0f30	CglpZiAoYXJnMSkgaWYgKChscGFyZzEgPSBnZXRSZWN0RmllbGRzKGVudiwgYXJnMSwgJl9hcmcxKSkgPT0gTlVMTCkgZ290byBmYWlsOw==
1104	STATEMENT	57404	57481	1	b351b6747a89ed07ebb2d3a72b6e45eebd5fa015025d5e9526c9fb654ba48c3a	CglyYyA9IChqaW50KSgoR3JhcGhpY3MgKilhcmcwKS0+U2V0Q2xpcCgqKFJlY3QgKilscGFyZzEsIChDb21iaW5lTW9kZSlhcmcyKTs=
1105	STATEMENT	57481	57542	1	694acbbc0e157ab79b377661a802b6cc444cb0023c262cc4486b1b1859294812	CmZhaWw6CglpZiAoYXJnMSAmJiBscGFyZzEpIHNldFJlY3RGaWVsZHMoZW52LCBhcmcxLCBscGFyZzEpOw==
1106	STATEMENT	57542	57637	1	d260fa2831b7bdf6ef35d1fcb6d3eed48decf58e004dfe77781eb476669eb520	CglHZGlwX05BVElWRV9FWElUKGVudiwgdGhhdCwgR3JhcGhpY3NfMVNldENsaXBfX0pMb3JnX2VjbGlwc2Vfc3d0X2ludGVybmFsX2dkaXBfUmVjdF8ySV9GVU5DKTs=
1107	STATEMENT	57637	57649	1	a028c9c9501df4846ec72c7b4432d4a3cb499b36b781bb1c38853498151d0ba7	CglyZXR1cm4gcmM7
1108	FRAGMENT	57649	57650	1	01ba4719c80b6fe911b091a7c05124b64eeece964e09c058ef8f9805daca546b	Cg==
1109	BLOCK_CLOSE	57650	57651	0	d10b36aa74a59bcf4a88185837f658afaf3646eff2bb16c3928d0e9335e945d2	fQ==
1110	PREPROCESSOR	57651	57659	0	626de321eb397f6600939892a0009f31bc378f7e886f9acc5ec0af18db6a99a7	CiNlbmRpZgo=
1111	PREPROCESSOR	57659	57697	0	20bf06267dc31d2b78685554b53826f5c3c5d4ac9c9c6ff943bcaa6f1fd3df40	CiNpZm5kZWYgTk9fR3JhcGhpY3NfMVNldENsaXBQYXRoX19KSgo=
1112	STATEMENT	57697	57820	0	6287a2d790b4ec6107668e717b1a18ad886c6bfce0cd37ed79a171225c29f8eb	ZXh0ZXJuICJDIiBKTklFWFBPUlQgamludCBKTklDQUxMIEdkaXBfTkFUSVZFKEdyYXBoaWNzXzFTZXRDbGlwUGF0aF9fSkopKEpOSUVudiAqZW52LCBqY2xhc3MgdGhhdCwgamxvbmcgYXJnMCwgamxvbmcgYXJnMSk7
1113	FUNCTION_OPEN	57820	57936	0	375908fd08e11319caa67ba8b14107599a312cc770ccf5d93d1ce1e58be346ba	CkpOSUVYUE9SVCBqaW50IEpOSUNBTEwgR2RpcF9OQVRJVkUoR3JhcGhpY3NfMVNldENsaXBQYXRoX19KSikKCShKTklFbnYgKmVudiwgamNsYXNzIHRoYXQsIGpsb25nIGFyZzAsIGpsb25nIGFyZzEpCns=
1114	STATEMENT	57936	57950	1	ab2eac128ef6225b35f40b35e2bd8fba39be8b3b6b281960b3c51646eba99890	CglqaW50IHJjID0gMDs=
1115	STATEMENT	57950	58013	1	32c74ece1dc14a3c347a56393954d27c76902fe1fbee3f77f43c05630ea33d76	CglHZGlwX05BVElWRV9FTlRFUihlbnYsIHRoYXQsIEdyYXBoaWNzXzFTZXRDbGlwUGF0aF9fSkpfRlVOQyk7
1116	STATEMENT	58013	58076	1	8890abe521cd1d19c705a77d9821d63392e8a7e6c78cc88fb9e9c273b1252a8a	CglyYyA9IChqaW50KSgoR3JhcGhpY3MgKilhcmcwKS0+U2V0Q2xpcCgoR3JhcGhpY3NQYXRoICopYXJnMSk7
1117	STATEMENT	58076	58138	1	eb4cd8ff3eefc7c273b9a06fb877c1c0790d0a20656a16d01a89cfeded21b2a1	CglHZGlwX05BVElWRV9FWElUKGVudiwgdGhhdCwgR3JhcGhpY3NfMVNldENsaXBQYXRoX19KSl9GVU5DKTs=
1118	STATEMENT	58138	58150	1	a028c9c9501df4846ec72c7b4432d4a3cb499b36b781bb1c38853498151d0ba7	CglyZXR1cm4gcmM7
1119	FRAGMENT	58150	58151	1	01ba4719c80b6fe911b091a7c05124b64eeece964e09c058ef8f9805daca546b	Cg==
1120	BLOCK_CLOSE	58151	58152	0	d10b36aa74a59bcf4a88185837f658afaf3646eff2bb16c3928d0e9335e945d2	fQ==
1121	PREPROCESSOR	58152	58160	0	626de321eb397f6600939892a0009f31bc378f7e886f9acc5ec0af18db6a99a7	CiNlbmRpZgo=
1122	PREPROCESSOR	58160	58199	0	81f3de5e1b882bd1ec48461744e94bf83dbdadafe0ac6186c9c62d811d48d48c	CiNpZm5kZWYgTk9fR3JhcGhpY3NfMVNldENsaXBQYXRoX19KSkkK
1123	STATEMENT	58199	58334	0	94e0392fdbd313752d6bd2d522df01e548503c91337e8d6bfc18cab1c9903a25	ZXh0ZXJuICJDIiBKTklFWFBPUlQgamludCBKTklDQUxMIEdkaXBfTkFUSVZFKEdyYXBoaWNzXzFTZXRDbGlwUGF0aF9fSkpJKShKTklFbnYgKmVudiwgamNsYXNzIHRoYXQsIGpsb25nIGFyZzAsIGpsb25nIGFyZzEsIGppbnQgYXJnMik7
1124	FUNCTION_OPEN	58334	58462	0	7f2186184352b33caba65af7b8a0c55c5c194c32a1db59cf6efaaed09f8d20fa	CkpOSUVYUE9SVCBqaW50IEpOSUNBTEwgR2RpcF9OQVRJVkUoR3JhcGhpY3NfMVNldENsaXBQYXRoX19KSkkpCgkoSk5JRW52ICplbnYsIGpjbGFzcyB0aGF0LCBqbG9uZyBhcmcwLCBqbG9uZyBhcmcxLCBqaW50IGFyZzIpCns=
1125	STATEMENT	58462	58476	1	ab2eac128ef6225b35f40b35e2bd8fba39be8b3b6b281960b3c51646eba99890	CglqaW50IHJjID0gMDs=
1126	STATEMENT	58476	58540	1	20c892279b6817596fcbea5cbc0a29fbb2437ad863d3b582a10305daddfdc7e3	CglHZGlwX05BVElWRV9FTlRFUihlbnYsIHRoYXQsIEdyYXBoaWNzXzFTZXRDbGlwUGF0aF9fSkpJX0ZVTkMpOw==
1127	STATEMENT	58540	58622	1	84d4900dd3ecdeff63b2dbd0391433b45ed30d71ad65d78172de69fff56173e0	CglyYyA9IChqaW50KSgoR3JhcGhpY3MgKilhcmcwKS0+U2V0Q2xpcCgoR3JhcGhpY3NQYXRoICopYXJnMSwgKENvbWJpbmVNb2RlKWFyZzIpOw==
1128	STATEMENT	58622	58685	1	f2773832a2a6c350369c666bee7c21f4bef6f6d55e889170e907c7cba2e38051	CglHZGlwX05BVElWRV9FWElUKGVudiwgdGhhdCwgR3JhcGhpY3NfMVNldENsaXBQYXRoX19KSklfRlVOQyk7
1129	STATEMENT	58685	58697	1	a028c9c9501df4846ec72c7b4432d4a3cb499b36b781bb1c38853498151d0ba7	CglyZXR1cm4gcmM7
1130	FRAGMENT	58697	58698	1	01ba4719c80b6fe911b091a7c05124b64eeece964e09c058ef8f9805daca546b	Cg==
1131	BLOCK_CLOSE	58698	58699	0	d10b36aa74a59bcf4a88185837f658afaf3646eff2bb16c3928d0e9335e945d2	fQ==
1132	PREPROCESSOR	58699	58707	0	626de321eb397f6600939892a0009f31bc378f7e886f9acc5ec0af18db6a99a7	CiNlbmRpZgo=
1133	PREPROCESSOR	58707	58751	0	20a31ee140cd207c243984c1e7a3d4feb8c436f8575687c7fd35e7bde91d6137	CiNpZm5kZWYgTk9fR3JhcGhpY3NfMVNldENvbXBvc2l0aW5nUXVhbGl0eQo=
1134	STATEMENT	58751	58879	0	6858fa4a9e675c803659898f50486a939a52fc14d17b69391ddfec19601140e2	ZXh0ZXJuICJDIiBKTklFWFBPUlQgamludCBKTklDQUxMIEdkaXBfTkFUSVZFKEdyYXBoaWNzXzFTZXRDb21wb3NpdGluZ1F1YWxpdHkpKEpOSUVudiAqZW52LCBqY2xhc3MgdGhhdCwgamxvbmcgYXJnMCwgamludCBhcmcxKTs=
1135	FUNCTION_OPEN	58879	59000	0	68e67d6ac12c2256c0394c7bf6810f818b10a3a80d816accbe34221269973f75	CkpOSUVYUE9SVCBqaW50IEpOSUNBTEwgR2RpcF9OQVRJVkUoR3JhcGhpY3NfMVNldENvbXBvc2l0aW5nUXVhbGl0eSkKCShKTklFbnYgKmVudiwgamNsYXNzIHRoYXQsIGpsb25nIGFyZzAsIGppbnQgYXJnMSkKew==
1136	STATEMENT	59000	59014	1	ab2eac128ef6225b35f40b35e2bd8fba39be8b3b6b281960b3c51646eba99890	CglqaW50IHJjID0gMDs=
1137	STATEMENT	59014	59083	1	fa4d0d5a8c00519c6c451e4b89ef752da1d18124a0146f6d55c0ff00fa9439cd	CglHZGlwX05BVElWRV9FTlRFUihlbnYsIHRoYXQsIEdyYXBoaWNzXzFTZXRDb21wb3NpdGluZ1F1YWxpdHlfRlVOQyk7
1138	STATEMENT	59083	59164	1	14c136b4b33a6cf946feec458da56c0875fa06c8abf78613614da4ffad367ad5	CglyYyA9IChqaW50KSgoR3JhcGhpY3MgKilhcmcwKS0+U2V0Q29tcG9zaXRpbmdRdWFsaXR5KChDb21wb3NpdGluZ1F1YWxpdHkpYXJnMSk7
1139	STATEMENT	59164	59232	1	c181b0d3fc736040f130e6106f227da2005b77f358b0f0d42e9e3f09e8b45dc4	CglHZGlwX05BVElWRV9FWElUKGVudiwgdGhhdCwgR3JhcGhpY3NfMVNldENvbXBvc2l0aW5nUXVhbGl0eV9GVU5DKTs=
1140	STATEMENT	59232	59244	1	a028c9c9501df4846ec72c7b4432d4a3cb499b36b781bb1c38853498151d0ba7	CglyZXR1cm4gcmM7
1141	FRAGMENT	59244	59245	1	01ba4719c80b6fe911b091a7c05124b64eeece964e09c058ef8f9805daca546b	Cg==
1142	BLOCK_CLOSE	59245	59246	0	d10b36aa74a59bcf4a88185837f658afaf3646eff2bb16c3928d0e9335e945d2	fQ==
1143	PREPROCESSOR	59246	59254	0	626de321eb397f6600939892a0009f31bc378f7e886f9acc5ec0af18db6a99a7	CiNlbmRpZgo=
1144	PREPROCESSOR	59254	59297	0	298ace9cebb4796b6925f44ec9a4e5dc06b35203999d272a95611221c825c748	CiNpZm5kZWYgTk9fR3JhcGhpY3NfMVNldEludGVycG9sYXRpb25Nb2RlCg==
1145	STATEMENT	59297	59424	0	594058b1a8c763341957172b4c807b8fdaa0be2552bf66e4c855ced9a122663c	ZXh0ZXJuICJDIiBKTklFWFBPUlQgamludCBKTklDQUxMIEdkaXBfTkFUSVZFKEdyYXBoaWNzXzFTZXRJbnRlcnBvbGF0aW9uTW9kZSkoSk5JRW52ICplbnYsIGpjbGFzcyB0aGF0LCBqbG9uZyBhcmcwLCBqaW50IGFyZzEpOw==
1146	FUNCTION_OPEN	59424	59544	0	39dcabc3fd8dd7dfe85d3164f8af57b698ac08bb13ead083164f0033b2a871ef	CkpOSUVYUE9SVCBqaW50IEpOSUNBTEwgR2RpcF9OQVRJVkUoR3JhcGhpY3NfMVNldEludGVycG9sYXRpb25Nb2RlKQoJKEpOSUVudiAqZW52LCBqY2xhc3MgdGhhdCwgamxvbmcgYXJnMCwgamludCBhcmcxKQp7
1147	STATEMENT	59544	59558	1	ab2eac128ef6225b35f40b35e2bd8fba39be8b3b6b281960b3c51646eba99890	CglqaW50IHJjID0gMDs=
1148	STATEMENT	59558	59626	1	9f336bda88eadcf1c85abffb48f3c3671334176335eca3a62e6136f4ed4606dd	CglHZGlwX05BVElWRV9FTlRFUihlbnYsIHRoYXQsIEdyYXBoaWNzXzFTZXRJbnRlcnBvbGF0aW9uTW9kZV9GVU5DKTs=
1149	STATEMENT	59626	59705	1	12bc082e6dd7a0c5e13f9ac4c600faf15a2bf84e0eb76ddd1f6a1c84e6170efb	CglyYyA9IChqaW50KSgoR3JhcGhpY3MgKilhcmcwKS0+U2V0SW50ZXJwb2xhdGlvbk1vZGUoKEludGVycG9sYXRpb25Nb2RlKWFyZzEpOw==
1150	STATEMENT	59705	59772	1	0b6f10fa600806cad121b2344dd0954b222c4ce54ed9647e8f70e8f088e03018	CglHZGlwX05BVElWRV9FWElUKGVudiwgdGhhdCwgR3JhcGhpY3NfMVNldEludGVycG9sYXRpb25Nb2RlX0ZVTkMpOw==
1151	STATEMENT	59772	59784	1	a028c9c9501df4846ec72c7b4432d4a3cb499b36b781bb1c38853498151d0ba7	CglyZXR1cm4gcmM7
1152	FRAGMENT	59784	59785	1	01ba4719c80b6fe911b091a7c05124b64eeece964e09c058ef8f9805daca546b	Cg==
1153	BLOCK_CLOSE	59785	59786	0	d10b36aa74a59bcf4a88185837f658afaf3646eff2bb16c3928d0e9335e945d2	fQ==
1154	PREPROCESSOR	59786	59794	0	626de321eb397f6600939892a0009f31bc378f7e886f9acc5ec0af18db6a99a7	CiNlbmRpZgo=
1155	PREPROCESSOR	59794	59828	0	810e6b039e4e9ff01fe27483898037417ebc28adee0c1adeef5dc7857b500c46	CiNpZm5kZWYgTk9fR3JhcGhpY3NfMVNldFBhZ2VVbml0Cg==
1156	STATEMENT	59828	59946	0	d39be4a845890971c456d457d8b5fb47b607ec6a1147f8ea66c3635b4eccd74d	ZXh0ZXJuICJDIiBKTklFWFBPUlQgamludCBKTklDQUxMIEdkaXBfTkFUSVZFKEdyYXBoaWNzXzFTZXRQYWdlVW5pdCkoSk5JRW52ICplbnYsIGpjbGFzcyB0aGF0LCBqbG9uZyBhcmcwLCBqaW50IGFyZzEpOw==
1157	FUNCTION_OPEN	59946	60057	0	03d7e5ad92581cac88175ce58bec1bc7270228c7c3734859cccfdb695da42b8a	CkpOSUVYUE9SVCBqaW50IEpOSUNBTEwgR2RpcF9OQVRJVkUoR3JhcGhpY3NfMVNldFBhZ2VVbml0KQoJKEpOSUVudiAqZW52LCBqY2xhc3MgdGhhdCwgamxvbmcgYXJnMCwgamludCBhcmcxKQp7
1158	STATEMENT	60057	60071	1	ab2eac128ef6225b35f40b35e2bd8fba39be8b3b6b281960b3c51646eba99890	CglqaW50IHJjID0gMDs=
1159	STATEMENT	60071	60130	1	e50b5f2e75a8d83d70c75fdf235d00573c705197056d80da6e132aa747c66a4d	CglHZGlwX05BVElWRV9FTlRFUihlbnYsIHRoYXQsIEdyYXBoaWNzXzFTZXRQYWdlVW5pdF9GVU5DKTs=
1160	STATEMENT	60130	60187	1	8ae6b8ee097e007c0071a29377ad11edac626f9f37e5b13f4df11d0139b1d59d	CglyYyA9IChqaW50KSgoR3JhcGhpY3MgKilhcmcwKS0+U2V0UGFnZVVuaXQoKFVuaXQpYXJnMSk7
1161	STATEMENT	60187	60245	1	355f26a9fa965741921318ae7e418edcf0d1a37983341fca576ea6f41ca39005	CglHZGlwX05BVElWRV9FWElUKGVudiwgdGhhdCwgR3JhcGhpY3NfMVNldFBhZ2VVbml0X0ZVTkMpOw==
1162	STATEMENT	60245	60257	1	a028c9c9501df4846ec72c7b4432d4a3cb499b36b781bb1c38853498151d0ba7	CglyZXR1cm4gcmM7
1163	FRAGMENT	60257	60258	1	01ba4719c80b6fe911b091a7c05124b64eeece964e09c058ef8f9805daca546b	Cg==
1164	BLOCK_CLOSE	60258	60259	0	d10b36aa74a59bcf4a88185837f658afaf3646eff2bb16c3928d0e9335e945d2	fQ==
1165	PREPROCESSOR	60259	60267	0	626de321eb397f6600939892a0009f31bc378f7e886f9acc5ec0af18db6a99a7	CiNlbmRpZgo=
1166	PREPROCESSOR	60267	60308	0	af6d26d0417f2fb4a421ee04f8abb2e3338d327e1e75ff0ed27e0d35e4479396	CiNpZm5kZWYgTk9fR3JhcGhpY3NfMVNldFBpeGVsT2Zmc2V0TW9kZQo=
1167	STATEMENT	60308	60433	0	9cfd1bb7062dc58050d1eaa57a5da1cb4b21121a779e54f38ff94cff3b66ce90	ZXh0ZXJuICJDIiBKTklFWFBPUlQgamludCBKTklDQUxMIEdkaXBfTkFUSVZFKEdyYXBoaWNzXzFTZXRQaXhlbE9mZnNldE1vZGUpKEpOSUVudiAqZW52LCBqY2xhc3MgdGhhdCwgamxvbmcgYXJnMCwgamludCBhcmcxKTs=
1168	FUNCTION_OPEN	60433	60551	0	91656da6c9dbfd16819f896e5da508bec6dad3ec5dc25596c0e3507cc4f0c82d	CkpOSUVYUE9SVCBqaW50IEpOSUNBTEwgR2RpcF9OQVRJVkUoR3JhcGhpY3NfMVNldFBpeGVsT2Zmc2V0TW9kZSkKCShKTklFbnYgKmVudiwgamNsYXNzIHRoYXQsIGpsb25nIGFyZzAsIGppbnQgYXJnMSkKew==
1169	STATEMENT	60551	60565	1	ab2eac128ef6225b35f40b35e2bd8fba39be8b3b6b281960b3c51646eba99890	CglqaW50IHJjID0gMDs=
1170	STATEMENT	60565	60631	1	03319604caf8a85e169b8e3a1fc13d0054ab6d346c2bb5bdedf63215954d7d6f	CglHZGlwX05BVElWRV9FTlRFUihlbnYsIHRoYXQsIEdyYXBoaWNzXzFTZXRQaXhlbE9mZnNldE1vZGVfRlVOQyk7
1171	STATEMENT	60631	60706	1	dd8a6bc056dd41c8d780bc0e58f1b70d3d75d2bf22c8dfb38f1f06fa13cd7316	CglyYyA9IChqaW50KSgoR3JhcGhpY3MgKilhcmcwKS0+U2V0UGl4ZWxPZmZzZXRNb2RlKChQaXhlbE9mZnNldE1vZGUpYXJnMSk7
1172	STATEMENT	60706	60771	1	3498e11c51b07a33ef5b51e2a99e462a462d0da045e2a5f355015d704b640759	CglHZGlwX05BVElWRV9FWElUKGVudiwgdGhhdCwgR3JhcGhpY3NfMVNldFBpeGVsT2Zmc2V0TW9kZV9GVU5DKTs=
1173	STATEMENT	60771	60783	1	a028c9c9501df4846ec72c7b4432d4a3cb499b36b781bb1c38853498151d0ba7	CglyZXR1cm4gcmM7
1174	FRAGMENT	60783	60784	1	01ba4719c80b6fe911b091a7c05124b64eeece964e09c058ef8f9805daca546b	Cg==
1175	BLOCK_CLOSE	60784	60785	0	d10b36aa74a59bcf4a88185837f658afaf3646eff2bb16c3928d0e9335e945d2	fQ==
1176	PREPROCESSOR	60785	60793	0	626de321eb397f6600939892a0009f31bc378f7e886f9acc5ec0af18db6a99a7	CiNlbmRpZgo=
1177	PREPROCESSOR	60793	60832	0	95c01826eec586b3c24e28c6c2599e0bf28a90a4d040226b5e78b1f2c8424008	CiNpZm5kZWYgTk9fR3JhcGhpY3NfMVNldFNtb290aGluZ01vZGUK
1178	STATEMENT	60832	60955	0	15083ccf76350e092d510c695e44eb017341c08e95466e55026df0bbc5220769	ZXh0ZXJuICJDIiBKTklFWFBPUlQgamludCBKTklDQUxMIEdkaXBfTkFUSVZFKEdyYXBoaWNzXzFTZXRTbW9vdGhpbmdNb2RlKShKTklFbnYgKmVudiwgamNsYXNzIHRoYXQsIGpsb25nIGFyZzAsIGppbnQgYXJnMSk7
1179	FUNCTION_OPEN	60955	61071	0	236b29fe4fd11c5a07fc677064177fb54960ad08d319bfdd24c5f80d73609d2a	CkpOSUVYUE9SVCBqaW50IEpOSUNBTEwgR2RpcF9OQVRJVkUoR3JhcGhpY3NfMVNldFNtb290aGluZ01vZGUpCgkoSk5JRW52ICplbnYsIGpjbGFzcyB0aGF0LCBqbG9uZyBhcmcwLCBqaW50IGFyZzEpCns=
1180	STATEMENT	61071	61085	1	ab2eac128ef6225b35f40b35e2bd8fba39be8b3b6b281960b3c51646eba99890	CglqaW50IHJjID0gMDs=
1181	STATEMENT	61085	61149	1	13d7f2b5f60403315482efa345ba1f3636ba8cdd5b4c8a51e11f7fe5ba77abd0	CglHZGlwX05BVElWRV9FTlRFUihlbnYsIHRoYXQsIEdyYXBoaWNzXzFTZXRTbW9vdGhpbmdNb2RlX0ZVTkMpOw==
1182	STATEMENT	61149	61220	1	01e078997b5ab8043eb5060b6a99d2757001a5b93a765040d4954f08099290b5	CglyYyA9IChqaW50KSgoR3JhcGhpY3MgKilhcmcwKS0+U2V0U21vb3RoaW5nTW9kZSgoU21vb3RoaW5nTW9kZSlhcmcxKTs=
1183	STATEMENT	61220	61283	1	ab917c2279f28632bff4a5fead6a9da8977206f37dcbdd2168b03ff370bc6344	CglHZGlwX05BVElWRV9FWElUKGVudiwgdGhhdCwgR3JhcGhpY3NfMVNldFNtb290aGluZ01vZGVfRlVOQyk7
1184	STATEMENT	61283	61295	1	a028c9c9501df4846ec72c7b4432d4a3cb499b36b781bb1c38853498151d0ba7	CglyZXR1cm4gcmM7
1185	FRAGMENT	61295	61296	1	01ba4719c80b6fe911b091a7c05124b64eeece964e09c058ef8f9805daca546b	Cg==
1186	BLOCK_CLOSE	61296	61297	0	d10b36aa74a59bcf4a88185837f658afaf3646eff2bb16c3928d0e9335e945d2	fQ==
1187	PREPROCESSOR	61297	61305	0	626de321eb397f6600939892a0009f31bc378f7e886f9acc5ec0af18db6a99a7	CiNlbmRpZgo=
1188	PREPROCESSOR	61305	61348	0	afd628532c8b04ab80b390bb757bea9b0b149b883a0da1b41a83adb417f7396a	CiNpZm5kZWYgTk9fR3JhcGhpY3NfMVNldFRleHRSZW5kZXJpbmdIaW50Cg==
1189	STATEMENT	61348	61475	0	02e54275b1cc8a7eb1a04f3ecb2bb7abc48b5c8b1561e88a0fbe0b0af6d83659	ZXh0ZXJuICJDIiBKTklFWFBPUlQgamludCBKTklDQUxMIEdkaXBfTkFUSVZFKEdyYXBoaWNzXzFTZXRUZXh0UmVuZGVyaW5nSGludCkoSk5JRW52ICplbnYsIGpjbGFzcyB0aGF0LCBqbG9uZyBhcmcwLCBqaW50IGFyZzEpOw==
1190	FUNCTION_OPEN	61475	61595	0	b25aa3d8be7ffc21e6aa1bdb823d2f04ea8145a551a205f6e20bffd4e91147aa	CkpOSUVYUE9SVCBqaW50IEpOSUNBTEwgR2RpcF9OQVRJVkUoR3JhcGhpY3NfMVNldFRleHRSZW5kZXJpbmdIaW50KQoJKEpOSUVudiAqZW52LCBqY2xhc3MgdGhhdCwgamxvbmcgYXJnMCwgamludCBhcmcxKQp7
1191	STATEMENT	61595	61609	1	ab2eac128ef6225b35f40b35e2bd8fba39be8b3b6b281960b3c51646eba99890	CglqaW50IHJjID0gMDs=
1192	STATEMENT	61609	61677	1	c8969543baee85bc8f5098cf49707f9d3924418184ac858779dc6c6b866a01b5	CglHZGlwX05BVElWRV9FTlRFUihlbnYsIHRoYXQsIEdyYXBoaWNzXzFTZXRUZXh0UmVuZGVyaW5nSGludF9GVU5DKTs=
1193	STATEMENT	61677	61756	1	4143e6df48590aad3fcab7e3ca63ba99ba2a959f1ada268d6037e07e4394657a	CglyYyA9IChqaW50KSgoR3JhcGhpY3MgKilhcmcwKS0+U2V0VGV4dFJlbmRlcmluZ0hpbnQoKFRleHRSZW5kZXJpbmdIaW50KWFyZzEpOw==
1194	STATEMENT	61756	61823	1	9f70451ff9918cac435ae8b17d058da3e8591ae4644d3fe543ef0e6f32f339ac	CglHZGlwX05BVElWRV9FWElUKGVudiwgdGhhdCwgR3JhcGhpY3NfMVNldFRleHRSZW5kZXJpbmdIaW50X0ZVTkMpOw==
1195	STATEMENT	61823	61835	1	a028c9c9501df4846ec72c7b4432d4a3cb499b36b781bb1c38853498151d0ba7	CglyZXR1cm4gcmM7
1196	FRAGMENT	61835	61836	1	01ba4719c80b6fe911b091a7c05124b64eeece964e09c058ef8f9805daca546b	Cg==
1197	BLOCK_CLOSE	61836	61837	0	d10b36aa74a59bcf4a88185837f658afaf3646eff2bb16c3928d0e9335e945d2	fQ==
1198	PREPROCESSOR	61837	61845	0	626de321eb397f6600939892a0009f31bc378f7e886f9acc5ec0af18db6a99a7	CiNlbmRpZgo=
1199	PREPROCESSOR	61845	61880	0	f295e91efbdfedb544714127b01a834e4adc90ae9c1784ea68b638c4c78d1064	CiNpZm5kZWYgTk9fR3JhcGhpY3NfMVNldFRyYW5zZm9ybQo=
1200	STATEMENT	61880	62000	0	a7f4dad2b3a7dddce60f66b2776340eb5e99092f7c7abb03d5653b5f69373a15	ZXh0ZXJuICJDIiBKTklFWFBPUlQgamludCBKTklDQUxMIEdkaXBfTkFUSVZFKEdyYXBoaWNzXzFTZXRUcmFuc2Zvcm0pKEpOSUVudiAqZW52LCBqY2xhc3MgdGhhdCwgamxvbmcgYXJnMCwgamxvbmcgYXJnMSk7
1201	FUNCTION_OPEN	62000	62113	0	f482cf0bf483b28d0125ae750a07fb0ffe253787506239faf022d719d6f53d8e	CkpOSUVYUE9SVCBqaW50IEpOSUNBTEwgR2RpcF9OQVRJVkUoR3JhcGhpY3NfMVNldFRyYW5zZm9ybSkKCShKTklFbnYgKmVudiwgamNsYXNzIHRoYXQsIGpsb25nIGFyZzAsIGpsb25nIGFyZzEpCns=
1202	STATEMENT	62113	62127	1	ab2eac128ef6225b35f40b35e2bd8fba39be8b3b6b281960b3c51646eba99890	CglqaW50IHJjID0gMDs=
1203	STATEMENT	62127	62187	1	b794a4732def6b62d06d6da5f7d4cbe7e15175aa7180411d9c5d6486f53548ef	CglHZGlwX05BVElWRV9FTlRFUihlbnYsIHRoYXQsIEdyYXBoaWNzXzFTZXRUcmFuc2Zvcm1fRlVOQyk7
1204	STATEMENT	62187	62249	1	15b8a3193b17bb1a4635326364f1735eebc6dd2414bd6f71fc68458fb71c8369	CglyYyA9IChqaW50KSgoR3JhcGhpY3MgKilhcmcwKS0+U2V0VHJhbnNmb3JtKChNYXRyaXggKilhcmcxKTs=
1205	STATEMENT	62249	62308	1	d2368b16cb48ecb4c13dfb8672e85ab84cdedd3cab76a1d6064736b822d90449	CglHZGlwX05BVElWRV9FWElUKGVudiwgdGhhdCwgR3JhcGhpY3NfMVNldFRyYW5zZm9ybV9GVU5DKTs=
1206	STATEMENT	62308	62320	1	a028c9c9501df4846ec72c7b4432d4a3cb499b36b781bb1c38853498151d0ba7	CglyZXR1cm4gcmM7
1207	FRAGMENT	62320	62321	1	01ba4719c80b6fe911b091a7c05124b64eeece964e09c058ef8f9805daca546b	Cg==
1208	BLOCK_CLOSE	62321	62322	0	d10b36aa74a59bcf4a88185837f658afaf3646eff2bb16c3928d0e9335e945d2	fQ==
1209	PREPROCESSOR	62322	62330	0	626de321eb397f6600939892a0009f31bc378f7e886f9acc5ec0af18db6a99a7	CiNlbmRpZgo=
1210	PREPROCESSOR	62330	62371	0	01c1c551e712a6c7ff6164491fb1e0e0feeca7233eb3bc521bd0eae9ba8af992	CiNpZm5kZWYgTk9fR3JhcGhpY3NfMVRyYW5zbGF0ZVRyYW5zZm9ybQo=
1211	STATEMENT	62371	62522	0	dd6c40337b38b955defb01f0e5a48200a89f04394cb94bd63294eb2c4f6752e7	ZXh0ZXJuICJDIiBKTklFWFBPUlQgamludCBKTklDQUxMIEdkaXBfTkFUSVZFKEdyYXBoaWNzXzFUcmFuc2xhdGVUcmFuc2Zvcm0pKEpOSUVudiAqZW52LCBqY2xhc3MgdGhhdCwgamxvbmcgYXJnMCwgamZsb2F0IGFyZzEsIGpmbG9hdCBhcmcyLCBqaW50IGFyZzMpOw==
1212	FUNCTION_OPEN	62522	62666	0	db23ef5e066739f62ade8d02da21b3d20a561b881ee8b42e1abd56abe3d24a62	CkpOSUVYUE9SVCBqaW50IEpOSUNBTEwgR2RpcF9OQVRJVkUoR3JhcGhpY3NfMVRyYW5zbGF0ZVRyYW5zZm9ybSkKCShKTklFbnYgKmVudiwgamNsYXNzIHRoYXQsIGpsb25nIGFyZzAsIGpmbG9hdCBhcmcxLCBqZmxvYXQgYXJnMiwgamludCBhcmczKQp7
1213	STATEMENT	62666	62680	1	ab2eac128ef6225b35f40b35e2bd8fba39be8b3b6b281960b3c51646eba99890	CglqaW50IHJjID0gMDs=
1214	STATEMENT	62680	62746	1	530272f4fa962d65569a7acf58753935b524c91100d4f10e1552209e12e001b1	CglHZGlwX05BVElWRV9FTlRFUihlbnYsIHRoYXQsIEdyYXBoaWNzXzFUcmFuc2xhdGVUcmFuc2Zvcm1fRlVOQyk7
1215	STATEMENT	62746	62829	1	b1a0ec3dc9f25877ff0dfb9a90622516dd1795cf308d3826c9db0d373da6c58c	CglyYyA9IChqaW50KSgoR3JhcGhpY3MgKilhcmcwKS0+VHJhbnNsYXRlVHJhbnNmb3JtKGFyZzEsIGFyZzIsIChNYXRyaXhPcmRlcilhcmczKTs=
1216	STATEMENT	62829	62894	1	a199ed1d27bf20fbf99b9544d9c7385a72d7a6cafd60e709aece6215b953e700	CglHZGlwX05BVElWRV9FWElUKGVudiwgdGhhdCwgR3JhcGhpY3NfMVRyYW5zbGF0ZVRyYW5zZm9ybV9GVU5DKTs=
1217	STATEMENT	62894	62906	1	a028c9c9501df4846ec72c7b4432d4a3cb499b36b781bb1c38853498151d0ba7	CglyZXR1cm4gcmM7
1218	FRAGMENT	62906	62907	1	01ba4719c80b6fe911b091a7c05124b64eeece964e09c058ef8f9805daca546b	Cg==
1219	BLOCK_CLOSE	62907	62908	0	d10b36aa74a59bcf4a88185837f658afaf3646eff2bb16c3928d0e9335e945d2	fQ==
1220	PREPROCESSOR	62908	62916	0	626de321eb397f6600939892a0009f31bc378f7e886f9acc5ec0af18db6a99a7	CiNlbmRpZgo=
1221	PREPROCESSOR	62916	62945	0	b7c6fb5ceceb221ce6af7e9ba353152f74bd6ef86a227848ce288634f7fe6e68	CiNpZm5kZWYgTk9fR3JhcGhpY3NfMWRlbGV0ZQo=
1222	STATEMENT	62945	63047	0	e42596bc5600624482de7fae2039e9af7ac0c3f400713e217ed77ffecff6e784	ZXh0ZXJuICJDIiBKTklFWFBPUlQgdm9pZCBKTklDQUxMIEdkaXBfTkFUSVZFKEdyYXBoaWNzXzFkZWxldGUpKEpOSUVudiAqZW52LCBqY2xhc3MgdGhhdCwgamxvbmcgYXJnMCk7
1223	FUNCTION_OPEN	63047	63142	0	0c25ff4f405f3c9423a68013cbb5a02217c076ddde44af68ef26cd9a611dcdcb	CkpOSUVYUE9SVCB2b2lkIEpOSUNBTEwgR2RpcF9OQVRJVkUoR3JhcGhpY3NfMWRlbGV0ZSkKCShKTklFbnYgKmVudiwgamNsYXNzIHRoYXQsIGpsb25nIGFyZzApCns=
1224	STATEMENT	63142	63196	1	a0cd27fc85990922f602ebf77af7a8f48cb4a7edc91d48958a1feccfc6b0190a	CglHZGlwX05BVElWRV9FTlRFUihlbnYsIHRoYXQsIEdyYXBoaWNzXzFkZWxldGVfRlVOQyk7
1225	STATEMENT	63196	63222	1	62fa25fb3eff6cd0d1432ec89999aa49e5f4b6ecae7fb5561b074c8ce098a4cd	CglkZWxldGUgKEdyYXBoaWNzICopYXJnMDs=
1226	STATEMENT	63222	63275	1	9e90f80107f6a6cff314f065ae0c2a99029ed563653da0403f73ef15a4265ff0	CglHZGlwX05BVElWRV9FWElUKGVudiwgdGhhdCwgR3JhcGhpY3NfMWRlbGV0ZV9GVU5DKTs=
1227	FRAGMENT	63275	63276	1	01ba4719c80b6fe911b091a7c05124b64eeece964e09c058ef8f9805daca546b	Cg==
1228	BLOCK_CLOSE	63276	63277	0	d10b36aa74a59bcf4a88185837f658afaf3646eff2bb16c3928d0e9335e945d2	fQ==
1229	PREPROCESSOR	63277	63285	0	626de321eb397f6600939892a0009f31bc378f7e886f9acc5ec0af18db6a99a7	CiNlbmRpZgo=
1230	PREPROCESSOR	63285	63311	0	26f157a65045b68c811e5043aa4f5741603af8ce76fa81d2aadeea7ca1827f83	CiNpZm5kZWYgTk9fR3JhcGhpY3NfMW5ldwo=
1231	STATEMENT	63311	63411	0	7ba137ed77a1c26429f2d54f1bd27336ca978103f241c56bf3cb072ea6c2b77e	ZXh0ZXJuICJDIiBKTklFWFBPUlQgamxvbmcgSk5JQ0FMTCBHZGlwX05BVElWRShHcmFwaGljc18xbmV3KShKTklFbnYgKmVudiwgamNsYXNzIHRoYXQsIGpsb25nIGFyZzApOw==
1232	FUNCTION_OPEN	63411	63504	0	afe8c2f825a0308d88c332257868b8d522c02983b23e1bac28b47bd5062c6619	CkpOSUVYUE9SVCBqbG9uZyBKTklDQUxMIEdkaXBfTkFUSVZFKEdyYXBoaWNzXzFuZXcpCgkoSk5JRW52ICplbnYsIGpjbGFzcyB0aGF0LCBqbG9uZyBhcmcwKQp7
1233	STATEMENT	63504	63519	1	3411ceb5951bc52321d8d6cf00df310a159211846b0264e08db2a18b94173633	CglqbG9uZyByYyA9IDA7
1234	STATEMENT	63519	63570	1	d950c33e00aa6a0a5b9a65a1c44d47585418f89f78ac84c56a7efd2721f8c915	CglHZGlwX05BVElWRV9FTlRFUihlbnYsIHRoYXQsIEdyYXBoaWNzXzFuZXdfRlVOQyk7
1235	STATEMENT	63570	63608	1	542ba252ff59792e684bf8c7fe498fe579c8e4b42c4230f53810ce93c539433f	CglyYyA9IChqbG9uZyluZXcgR3JhcGhpY3MoKEhEQylhcmcwKTs=
1236	STATEMENT	63608	63658	1	67546e57cbe7eb36ea1c23f366bc128b8cad50dc7ad41b37288c636e9f5e7838	CglHZGlwX05BVElWRV9FWElUKGVudiwgdGhhdCwgR3JhcGhpY3NfMW5ld19GVU5DKTs=
1237	STATEMENT	63658	63670	1	a028c9c9501df4846ec72c7b4432d4a3cb499b36b781bb1c38853498151d0ba7	CglyZXR1cm4gcmM7
1238	FRAGMENT	63670	63671	1	01ba4719c80b6fe911b091a7c05124b64eeece964e09c058ef8f9805daca546b	Cg==
1239	BLOCK_CLOSE	63671	63672	0	d10b36aa74a59bcf4a88185837f658afaf3646eff2bb16c3928d0e9335e945d2	fQ==
1240	PREPROCESSOR	63672	63680	0	626de321eb397f6600939892a0009f31bc378f7e886f9acc5ec0af18db6a99a7	CiNlbmRpZgo=
1241	PREPROCESSOR	63680	63711	0	4626eff08611264b40cf2012a7aef20caef0b056bd65c0f50df3399d2b62ca5a	CiNpZm5kZWYgTk9fSGF0Y2hCcnVzaF8xZGVsZXRlCg==
1242	STATEMENT	63711	63815	0	b74e0123633cc29ac70b5d2ac9e1db61e9c97a376002466d354c5e84005efa11	ZXh0ZXJuICJDIiBKTklFWFBPUlQgdm9pZCBKTklDQUxMIEdkaXBfTkFUSVZFKEhhdGNoQnJ1c2hfMWRlbGV0ZSkoSk5JRW52ICplbnYsIGpjbGFzcyB0aGF0LCBqbG9uZyBhcmcwKTs=
1243	FUNCTION_OPEN	63815	63912	0	bb81429a51ca36a58055b73f87c79e2cb6fefe7a2f34ffa61bcf9e5409311a1f	CkpOSUVYUE9SVCB2b2lkIEpOSUNBTEwgR2RpcF9OQVRJVkUoSGF0Y2hCcnVzaF8xZGVsZXRlKQoJKEpOSUVudiAqZW52LCBqY2xhc3MgdGhhdCwgamxvbmcgYXJnMCkKew==
1244	STATEMENT	63912	63968	1	4d3d9ca34bad3909d4484f6836a564c3c06cfc8311597fb403e514c3b52b0a85	CglHZGlwX05BVElWRV9FTlRFUihlbnYsIHRoYXQsIEhhdGNoQnJ1c2hfMWRlbGV0ZV9GVU5DKTs=
1245	STATEMENT	63968	63996	1	0949f0c72010a89b115b089acea43b011a9f2b47b7823e62892fb1ef1c4679f4	CglkZWxldGUgKEhhdGNoQnJ1c2ggKilhcmcwOw==
1246	STATEMENT	63996	64051	1	a8c75b53147c3523331b090b835a6cfa2bc039cf16b3bd934a44e0a635849fe8	CglHZGlwX05BVElWRV9FWElUKGVudiwgdGhhdCwgSGF0Y2hCcnVzaF8xZGVsZXRlX0ZVTkMpOw==
1247	FRAGMENT	64051	64052	1	01ba4719c80b6fe911b091a7c05124b64eeece964e09c058ef8f9805daca546b	Cg==
1248	BLOCK_CLOSE	64052	64053	0	d10b36aa74a59bcf4a88185837f658afaf3646eff2bb16c3928d0e9335e945d2	fQ==
1249	PREPROCESSOR	64053	64061	0	626de321eb397f6600939892a0009f31bc378f7e886f9acc5ec0af18db6a99a7	CiNlbmRpZgo=
1250	PREPROCESSOR	64061	64089	0	7c36c6c6ae784bbeb9dc4255e7c783f9517270a1b92a2eab0e3a49ae215dbee4	CiNpZm5kZWYgTk9fSGF0Y2hCcnVzaF8xbmV3Cg==
1251	STATEMENT	64089	64212	0	b056b131bb050b8704c4620a7a98f1b1af1abbc6c4a4f558b5406b90f3ff38c9	ZXh0ZXJuICJDIiBKTklFWFBPUlQgamxvbmcgSk5JQ0FMTCBHZGlwX05BVElWRShIYXRjaEJydXNoXzFuZXcpKEpOSUVudiAqZW52LCBqY2xhc3MgdGhhdCwgamludCBhcmcwLCBqaW50IGFyZzEsIGppbnQgYXJnMik7
1252	FUNCTION_OPEN	64212	64328	0	07044ee368878a893305efbbe0cf17508442042086f96c273dbc9b182c884103	CkpOSUVYUE9SVCBqbG9uZyBKTklDQUxMIEdkaXBfTkFUSVZFKEhhdGNoQnJ1c2hfMW5ldykKCShKTklFbnYgKmVudiwgamNsYXNzIHRoYXQsIGppbnQgYXJnMCwgamludCBhcmcxLCBqaW50IGFyZzIpCns=
1253	STATEMENT	64328	64343	1	3411ceb5951bc52321d8d6cf00df310a159211846b0264e08db2a18b94173633	CglqbG9uZyByYyA9IDA7
1254	STATEMENT	64343	64396	1	f28025ab9f172ca098f76b96115c6358b1ca1bfff7b47b0bc1eb58ad3a9c576c	CglHZGlwX05BVElWRV9FTlRFUihlbnYsIHRoYXQsIEhhdGNoQnJ1c2hfMW5ld19GVU5DKTs=
1255	STATEMENT	64396	64469	1	de9aec4d575575475935692e2c925bae7e339f6b27775f36195a672a41fab2ea	CglyYyA9IChqbG9uZyluZXcgSGF0Y2hCcnVzaCgoSGF0Y2hTdHlsZSlhcmcwLCAoQ29sb3IpYXJnMSwgKENvbG9yKWFyZzIpOw==
1256	STATEMENT	64469	64521	1	c163663f75d29f108a422e10ab444a61c7c92df4cc579a67368ef73cd5ddd4a1	CglHZGlwX05BVElWRV9FWElUKGVudiwgdGhhdCwgSGF0Y2hCcnVzaF8xbmV3X0ZVTkMpOw==
1257	STATEMENT	64521	64533	1	a028c9c9501df4846ec72c7b4432d4a3cb499b36b781bb1c38853498151d0ba7	CglyZXR1cm4gcmM7
1258	FRAGMENT	64533	64534	1	01ba4719c80b6fe911b091a7c05124b64eeece964e09c058ef8f9805daca546b	Cg==
1259	BLOCK_CLOSE	64534	64535	0	d10b36aa74a59bcf4a88185837f658afaf3646eff2bb16c3928d0e9335e945d2	fQ==
1260	PREPROCESSOR	64535	64543	0	626de321eb397f6600939892a0009f31bc378f7e886f9acc5ec0af18db6a99a7	CiNlbmRpZgo=
1261	PREPROCESSOR	64543	64587	0	297ebd7c208c0a1372a05d30c338492818a9aa60ad04047a879028af0d4fe770	CiNpZm5kZWYgTk9fSW1hZ2VBdHRyaWJ1dGVzXzFTZXRDb2xvck1hdHJpeAo=
1262	STATEMENT	64587	64744	0	345c264ba6514910f2e286270812fcca0b0f33d1e5ac235ab00432dc03c4fa05	ZXh0ZXJuICJDIiBKTklFWFBPUlQgamludCBKTklDQUxMIEdkaXBfTkFUSVZFKEltYWdlQXR0cmlidXRlc18xU2V0Q29sb3JNYXRyaXgpKEpOSUVudiAqZW52LCBqY2xhc3MgdGhhdCwgamxvbmcgYXJnMCwgamZsb2F0QXJyYXkgYXJnMSwgamludCBhcmcyLCBqaW50IGFyZzMpOw==
1263	FUNCTION_OPEN	64744	64894	0	31ee823765f90a5d79c448eb6fe8cbaa5b2129ae62a517ce5b046f8d5b47a2f8	CkpOSUVYUE9SVCBqaW50IEpOSUNBTEwgR2RpcF9OQVRJVkUoSW1hZ2VBdHRyaWJ1dGVzXzFTZXRDb2xvck1hdHJpeCkKCShKTklFbnYgKmVudiwgamNsYXNzIHRoYXQsIGpsb25nIGFyZzAsIGpmbG9hdEFycmF5IGFyZzEsIGppbnQgYXJnMiwgamludCBhcmczKQp7
1264	STATEMENT	64894	64916	1	49650f86e1dc7ab90eda1c647c5aaea410e029d26851789a23a3e73b4ea163ac	CglqZmxvYXQgKmxwYXJnMT1OVUxMOw==
1265	STATEMENT	64916	64930	1	ab2eac128ef6225b35f40b35e2bd8fba39be8b3b6b281960b3c51646eba99890	CglqaW50IHJjID0gMDs=
1266	STATEMENT	64930	64999	1	e0979b83415121b82965d452641255013e1360a127b1b52b57a3935004ff1bf2	CglHZGlwX05BVElWRV9FTlRFUihlbnYsIHRoYXQsIEltYWdlQXR0cmlidXRlc18xU2V0Q29sb3JNYXRyaXhfRlVOQyk7
1267	STATEMENT	64999	65084	1	c9817cb36629bf67d2039ea4e2137566e405ad36e68895151368d118dba89ab8	CglpZiAoYXJnMSkgaWYgKChscGFyZzEgPSBlbnYtPkdldEZsb2F0QXJyYXlFbGVtZW50cyhhcmcxLCBOVUxMKSkgPT0gTlVMTCkgZ290byBmYWlsOw==
1268	STATEMENT	65084	65209	1	026cc68bcebdbfeb455bda2d7ed1edd171c34124da61cf83ebd0cdf922e07a99	CglyYyA9IChqaW50KSgoSW1hZ2VBdHRyaWJ1dGVzICopYXJnMCktPlNldENvbG9yTWF0cml4KChDb2xvck1hdHJpeCAqKWxwYXJnMSwgKENvbG9yTWF0cml4RmxhZ3MpYXJnMiwgKENvbG9yQWRqdXN0VHlwZSlhcmczKTs=
1269	STATEMENT	65209	65285	1	83ddaaa224427a9c6275af3a572bc3d6e2a3d100ce3bdf1d2846c51f4b365201	CmZhaWw6CglpZiAoYXJnMSAmJiBscGFyZzEpIGVudi0+UmVsZWFzZUZsb2F0QXJyYXlFbGVtZW50cyhhcmcxLCBscGFyZzEsIDApOw==
1270	STATEMENT	65285	65353	1	e91e03980398d14e95120d94b3d7dfe3ac03cbc420e27704f096fef0b96f163d	CglHZGlwX05BVElWRV9FWElUKGVudiwgdGhhdCwgSW1hZ2VBdHRyaWJ1dGVzXzFTZXRDb2xvck1hdHJpeF9GVU5DKTs=
1271	STATEMENT	65353	65365	1	a028c9c9501df4846ec72c7b4432d4a3cb499b36b781bb1c38853498151d0ba7	CglyZXR1cm4gcmM7
1272	FRAGMENT	65365	65366	1	01ba4719c80b6fe911b091a7c05124b64eeece964e09c058ef8f9805daca546b	Cg==
1273	BLOCK_CLOSE	65366	65367	0	d10b36aa74a59bcf4a88185837f658afaf3646eff2bb16c3928d0e9335e945d2	fQ==
1274	PREPROCESSOR	65367	65375	0	626de321eb397f6600939892a0009f31bc378f7e886f9acc5ec0af18db6a99a7	CiNlbmRpZgo=
1275	PREPROCESSOR	65375	65416	0	c88e13e227a2109cd86cfda4110ba8e1e4dcc7c85edcb417c028d2da2331cfdb	CiNpZm5kZWYgTk9fSW1hZ2VBdHRyaWJ1dGVzXzFTZXRXcmFwTW9kZQo=
1276	STATEMENT	65416	65541	0	6457ecca4c644089a7c4ef51b0a665858a10cf62411ff7cbb0ed12f35e5ec26d	ZXh0ZXJuICJDIiBKTklFWFBPUlQgamludCBKTklDQUxMIEdkaXBfTkFUSVZFKEltYWdlQXR0cmlidXRlc18xU2V0V3JhcE1vZGUpKEpOSUVudiAqZW52LCBqY2xhc3MgdGhhdCwgamxvbmcgYXJnMCwgamludCBhcmcxKTs=
1277	FUNCTION_OPEN	65541	65659	0	84eacad4057aa0c77448b5fc5f1c2cc9b8889b08092ca66360ca05621d3b9d64	CkpOSUVYUE9SVCBqaW50IEpOSUNBTEwgR2RpcF9OQVRJVkUoSW1hZ2VBdHRyaWJ1dGVzXzFTZXRXcmFwTW9kZSkKCShKTklFbnYgKmVudiwgamNsYXNzIHRoYXQsIGpsb25nIGFyZzAsIGppbnQgYXJnMSkKew==
1278	STATEMENT	65659	65673	1	ab2eac128ef6225b35f40b35e2bd8fba39be8b3b6b281960b3c51646eba99890	CglqaW50IHJjID0gMDs=
1279	STATEMENT	65673	65739	1	7fb23c2e430f9d32e1b56f711049e58b13896eed073b6c88d9dcba71952e153d	CglHZGlwX05BVElWRV9FTlRFUihlbnYsIHRoYXQsIEltYWdlQXR0cmlidXRlc18xU2V0V3JhcE1vZGVfRlVOQyk7
1280	STATEMENT	65739	65807	1	f2e6f3c05c8e720b082e2ed3f62200f6fd619d66acb5fbcda76a5ba3a882463e	CglyYyA9IChqaW50KSgoSW1hZ2VBdHRyaWJ1dGVzICopYXJnMCktPlNldFdyYXBNb2RlKChXcmFwTW9kZSlhcmcxKTs=
1281	STATEMENT	65807	65872	1	c9fac83ac7511665473beecf1c773c6676baf8382002bd4c1cbdb84ebecf932b	CglHZGlwX05BVElWRV9FWElUKGVudiwgdGhhdCwgSW1hZ2VBdHRyaWJ1dGVzXzFTZXRXcmFwTW9kZV9GVU5DKTs=
1282	STATEMENT	65872	65884	1	a028c9c9501df4846ec72c7b4432d4a3cb499b36b781bb1c38853498151d0ba7	CglyZXR1cm4gcmM7
1283	FRAGMENT	65884	65885	1	01ba4719c80b6fe911b091a7c05124b64eeece964e09c058ef8f9805daca546b	Cg==
1284	BLOCK_CLOSE	65885	65886	0	d10b36aa74a59bcf4a88185837f658afaf3646eff2bb16c3928d0e9335e945d2	fQ==
1285	PREPROCESSOR	65886	65894	0	626de321eb397f6600939892a0009f31bc378f7e886f9acc5ec0af18db6a99a7	CiNlbmRpZgo=
1286	PREPROCESSOR	65894	65930	0	7d60344701ad42f6c542f0508ce7582e0575c1d5c6239bc699a32af2acd50046	CiNpZm5kZWYgTk9fSW1hZ2VBdHRyaWJ1dGVzXzFkZWxldGUK
1287	STATEMENT	65930	66039	0	0bc6796e9f6f9c2e59e3ea8db00e47ce73a117e9f8befd5c941a22b051f43302	ZXh0ZXJuICJDIiBKTklFWFBPUlQgdm9pZCBKTklDQUxMIEdkaXBfTkFUSVZFKEltYWdlQXR0cmlidXRlc18xZGVsZXRlKShKTklFbnYgKmVudiwgamNsYXNzIHRoYXQsIGpsb25nIGFyZzApOw==
1288	FUNCTION_OPEN	66039	66141	0	3c0cdfe06bba83467497cfc5baced548fe890d9468288451decbe8fed69c87fb	CkpOSUVYUE9SVCB2b2lkIEpOSUNBTEwgR2RpcF9OQVRJVkUoSW1hZ2VBdHRyaWJ1dGVzXzFkZWxldGUpCgkoSk5JRW52ICplbnYsIGpjbGFzcyB0aGF0LCBqbG9uZyBhcmcwKQp7
1289	STATEMENT	66141	66202	1	33ba8cc3475b60ec92ac8b45b2b12d8eec4ffda06f7962a4b8c3563cbd8124fb	CglHZGlwX05BVElWRV9FTlRFUihlbnYsIHRoYXQsIEltYWdlQXR0cmlidXRlc18xZGVsZXRlX0ZVTkMpOw==
1290	STATEMENT	66202	66235	1	ae3904724f8cf24504b6efb2f9c00e88f0ce6dc4e57738a9dc3ccfc1992a9f72	CglkZWxldGUgKEltYWdlQXR0cmlidXRlcyAqKWFyZzA7
1291	STATEMENT	66235	66295	1	a4bbeb1b820f25c6684b20ec0be8de5fc06d461dc370f4e0f53489028e8306e2	CglHZGlwX05BVElWRV9FWElUKGVudiwgdGhhdCwgSW1hZ2VBdHRyaWJ1dGVzXzFkZWxldGVfRlVOQyk7
1292	FRAGMENT	66295	66296	1	01ba4719c80b6fe911b091a7c05124b64eeece964e09c058ef8f9805daca546b	Cg==
1293	BLOCK_CLOSE	66296	66297	0	d10b36aa74a59bcf4a88185837f658afaf3646eff2bb16c3928d0e9335e945d2	fQ==
1294	PREPROCESSOR	66297	66305	0	626de321eb397f6600939892a0009f31bc378f7e886f9acc5ec0af18db6a99a7	CiNlbmRpZgo=
1295	PREPROCESSOR	66305	66338	0	55abaebe036a37245dec519604bfac176b6e70b92e4e147d9821f6e14c58e4d3	CiNpZm5kZWYgTk9fSW1hZ2VBdHRyaWJ1dGVzXzFuZXcK
1296	STATEMENT	66338	66433	0	fb9b304bd49c7a2d32ce1ca6f44027d7164fcb382ea9233b7f99bf39dbebb78a	ZXh0ZXJuICJDIiBKTklFWFBPUlQgamxvbmcgSk5JQ0FMTCBHZGlwX05BVElWRShJbWFnZUF0dHJpYnV0ZXNfMW5ldykoSk5JRW52ICplbnYsIGpjbGFzcyB0aGF0KTs=
1297	FUNCTION_OPEN	66433	66521	0	08362b1380679e294fddb712eedef219255661aeb85aed9554297809f96e1f8e	CkpOSUVYUE9SVCBqbG9uZyBKTklDQUxMIEdkaXBfTkFUSVZFKEltYWdlQXR0cmlidXRlc18xbmV3KQoJKEpOSUVudiAqZW52LCBqY2xhc3MgdGhhdCkKew==
1298	STATEMENT	66521	66536	1	3411ceb5951bc52321d8d6cf00df310a159211846b0264e08db2a18b94173633	CglqbG9uZyByYyA9IDA7
1299	STATEMENT	66536	66594	1	1399ad03469166a200a6bb8f80d1c6ff67d39fe4e0ee5372b4192a1fb1b49de9	CglHZGlwX05BVElWRV9FTlRFUihlbnYsIHRoYXQsIEltYWdlQXR0cmlidXRlc18xbmV3X0ZVTkMpOw==
1300	STATEMENT	66594	66630	1	ab2b609cc2f60b46d3879bd1f5a134f54b48ff62d294489e7fb314bca5ed8470	CglyYyA9IChqbG9uZyluZXcgSW1hZ2VBdHRyaWJ1dGVzKCk7
1301	STATEMENT	66630	66687	1	ed0d3451358f9773b57eafea2c9d04c88a7823f8bfc56a51288f30a59c2d1526	CglHZGlwX05BVElWRV9FWElUKGVudiwgdGhhdCwgSW1hZ2VBdHRyaWJ1dGVzXzFuZXdfRlVOQyk7
1302	STATEMENT	66687	66699	1	a028c9c9501df4846ec72c7b4432d4a3cb499b36b781bb1c38853498151d0ba7	CglyZXR1cm4gcmM7
1303	FRAGMENT	66699	66700	1	01ba4719c80b6fe911b091a7c05124b64eeece964e09c058ef8f9805daca546b	Cg==
1304	BLOCK_CLOSE	66700	66701	0	d10b36aa74a59bcf4a88185837f658afaf3646eff2bb16c3928d0e9335e945d2	fQ==
1305	PREPROCESSOR	66701	66709	0	626de321eb397f6600939892a0009f31bc378f7e886f9acc5ec0af18db6a99a7	CiNlbmRpZgo=
1306	PREPROCESSOR	66709	66734	0	506151bdf37856095bf1b0cbdde709062ae7a8e1b262a26f67adce435f00a892	CiNpZm5kZWYgTk9fSW1hZ2VfMUNsb25lCg==
1307	STATEMENT	66734	66833	0	6f80ea65a6d194695431433e2e9e0077c03f8c9ae69f0cfc17fa0bba2aa20d42	ZXh0ZXJuICJDIiBKTklFWFBPUlQgamxvbmcgSk5JQ0FMTCBHZGlwX05BVElWRShJbWFnZV8xQ2xvbmUpKEpOSUVudiAqZW52LCBqY2xhc3MgdGhhdCwgamxvbmcgYXJnMCk7
1308	FUNCTION_OPEN	66833	66925	0	812b21a085251391546402d8434b83bacab8ad937bd4e14b0580da0a8ef548c1	CkpOSUVYUE9SVCBqbG9uZyBKTklDQUxMIEdkaXBfTkFUSVZFKEltYWdlXzFDbG9uZSkKCShKTklFbnYgKmVudiwgamNsYXNzIHRoYXQsIGpsb25nIGFyZzApCns=
1309	STATEMENT	66925	66940	1	3411ceb5951bc52321d8d6cf00df310a159211846b0264e08db2a18b94173633	CglqbG9uZyByYyA9IDA7
1310	STATEMENT	66940	66990	1	0fa1915b3849cfb26ee860477152f1a3a722b81f506ea32c7668eab65ab674bd	CglHZGlwX05BVElWRV9FTlRFUihlbnYsIHRoYXQsIEltYWdlXzFDbG9uZV9GVU5DKTs=
1311	STATEMENT	66990	67029	1	2d846685fd8102f05ca36f76c158e32a0a7592d132d5583d4f3e5caaf53c4a9c	CglyYyA9IChqbG9uZykoKEltYWdlICopYXJnMCktPkNsb25lKCk7
1312	STATEMENT	67029	67078	1	5c05ae22977c11bb7d5bff77c579044be45be870d6c88ba5ee80a01cb0260977	CglHZGlwX05BVElWRV9FWElUKGVudiwgdGhhdCwgSW1hZ2VfMUNsb25lX0ZVTkMpOw==
1313	STATEMENT	67078	67090	1	a028c9c9501df4846ec72c7b4432d4a3cb499b36b781bb1c38853498151d0ba7	CglyZXR1cm4gcmM7
1314	FRAGMENT	67090	67091	1	01ba4719c80b6fe911b091a7c05124b64eeece964e09c058ef8f9805daca546b	Cg==
1315	BLOCK_CLOSE	67091	67092	0	d10b36aa74a59bcf4a88185837f658afaf3646eff2bb16c3928d0e9335e945d2	fQ==
1316	PREPROCESSOR	67092	67100	0	626de321eb397f6600939892a0009f31bc378f7e886f9acc5ec0af18db6a99a7	CiNlbmRpZgo=
1317	PREPROCESSOR	67100	67129	0	2e201c6a78bac943ecf5dc8ed9897dd1a3857605eab838cd33f4f9d7eb44213c	CiNpZm5kZWYgTk9fSW1hZ2VfMUdldEhlaWdodAo=
1318	STATEMENT	67129	67231	0	1c949667e2c6b26323ce5f4e75001e8b894a1f9163d20d99fc9a30ff78d9992c	ZXh0ZXJuICJDIiBKTklFWFBPUlQgamludCBKTklDQUxMIEdkaXBfTkFUSVZFKEltYWdlXzFHZXRIZWlnaHQpKEpOSUVudiAqZW52LCBqY2xhc3MgdGhhdCwgamxvbmcgYXJnMCk7
1319	FUNCTION_OPEN	67231	67326	0	1eee7035713411fd16621c2d4de5194f1f2b20e692621cce144eea4d0072b7f5	CkpOSUVYUE9SVCBqaW50IEpOSUNBTEwgR2RpcF9OQVRJVkUoSW1hZ2VfMUdldEhlaWdodCkKCShKTklFbnYgKmVudiwgamNsYXNzIHRoYXQsIGpsb25nIGFyZzApCns=
1320	STATEMENT	67326	67340	1	ab2eac128ef6225b35f40b35e2bd8fba39be8b3b6b281960b3c51646eba99890	CglqaW50IHJjID0gMDs=
1321	STATEMENT	67340	67394	1	3dcd088d5e701b55108ab90f4365c31cb197f1bec20fc179e5bece7157b9c29f	CglHZGlwX05BVElWRV9FTlRFUihlbnYsIHRoYXQsIEltYWdlXzFHZXRIZWlnaHRfRlVOQyk7
1322	STATEMENT	67394	67436	1	f23c68c88287c1ccec57e9c3e5d27b3cd304aa8cdc7c8a30a1e013622b5e3538	CglyYyA9IChqaW50KSgoSW1hZ2UgKilhcmcwKS0+R2V0SGVpZ2h0KCk7
1323	STATEMENT	67436	67489	1	668da35f3e7a68da7854b68e81014f70121e6477d4bed8860099aacbd5e9a2c7	CglHZGlwX05BVElWRV9FWElUKGVudiwgdGhhdCwgSW1hZ2VfMUdldEhlaWdodF9GVU5DKTs=
1324	STATEMENT	67489	67501	1	a028c9c9501df4846ec72c7b4432d4a3cb499b36b781bb1c38853498151d0ba7	CglyZXR1cm4gcmM7
1325	FRAGMENT	67501	67502	1	01ba4719c80b6fe911b091a7c05124b64eeece964e09c058ef8f9805daca546b	Cg==
1326	BLOCK_CLOSE	67502	67503	0	d10b36aa74a59bcf4a88185837f658afaf3646eff2bb16c3928d0e9335e945d2	fQ==
1327	PREPROCESSOR	67503	67511	0	626de321eb397f6600939892a0009f31bc378f7e886f9acc5ec0af18db6a99a7	CiNlbmRpZgo=
1328	PREPROCESSOR	67511	67544	0	f0cbe6b3598859b975cb48488310a29a0279b6b94f397c96757ac65ad8ff1764	CiNpZm5kZWYgTk9fSW1hZ2VfMUdldExhc3RTdGF0dXMK
1329	STATEMENT	67544	67650	0	2bbd2d79b2f3cef0409bd7d07ba8f7794504196a783489b438b75077c9a88ccb	ZXh0ZXJuICJDIiBKTklFWFBPUlQgamludCBKTklDQUxMIEdkaXBfTkFUSVZFKEltYWdlXzFHZXRMYXN0U3RhdHVzKShKTklFbnYgKmVudiwgamNsYXNzIHRoYXQsIGpsb25nIGFyZzApOw==
1330	FUNCTION_OPEN	67650	67749	0	f231a4070b775bd0c174b2430d066235d9a7da8af1dc58aca23b5a5f6edcdd90	CkpOSUVYUE9SVCBqaW50IEpOSUNBTEwgR2RpcF9OQVRJVkUoSW1hZ2VfMUdldExhc3RTdGF0dXMpCgkoSk5JRW52ICplbnYsIGpjbGFzcyB0aGF0LCBqbG9uZyBhcmcwKQp7
1331	STATEMENT	67749	67763	1	ab2eac128ef6225b35f40b35e2bd8fba39be8b3b6b281960b3c51646eba99890	CglqaW50IHJjID0gMDs=
1332	STATEMENT	67763	67821	1	df0d0a1e21c73805fe5a6317c74c4e00e0c8593bbe2a58aa840d5f78687a4992	CglHZGlwX05BVElWRV9FTlRFUihlbnYsIHRoYXQsIEltYWdlXzFHZXRMYXN0U3RhdHVzX0ZVTkMpOw==
1333	STATEMENT	67821	67866	1	f4a1df98c55a1cf0e72ce48d05b046bbc685d9f373bb499f442f3228366aef4a	CglyYyA9IChqaW50KSgoSW1hZ2UqKWFyZzApLT5HZXRMYXN0U3RhdHVzKCk7
1334	STATEMENT	67866	67923	1	52b86b8a74d556b74b83b0a240d3eef3d07a510f45c5a4d8c9034c6d62ca1baf	CglHZGlwX05BVElWRV9FWElUKGVudiwgdGhhdCwgSW1hZ2VfMUdldExhc3RTdGF0dXNfRlVOQyk7
1335	STATEMENT	67923	67935	1	a028c9c9501df4846ec72c7b4432d4a3cb499b36b781bb1c38853498151d0ba7	CglyZXR1cm4gcmM7
1336	FRAGMENT	67935	67936	1	01ba4719c80b6fe911b091a7c05124b64eeece964e09c058ef8f9805daca546b	Cg==
1337	BLOCK_CLOSE	67936	67937	0	d10b36aa74a59bcf4a88185837f658afaf3646eff2bb16c3928d0e9335e945d2	fQ==
1338	PREPROCESSOR	67937	67945	0	626de321eb397f6600939892a0009f31bc378f7e886f9acc5ec0af18db6a99a7	CiNlbmRpZgo=
1339	PREPROCESSOR	67945	67975	0	c1e8fb773d21edd1f8634a8e9c1aaa14e81369dc768c7f86add730ca8821f495	CiNpZm5kZWYgTk9fSW1hZ2VfMUdldFBhbGV0dGUK
1340	STATEMENT	67975	68101	0	52155cd406a4a104a15ae1bf855f14055074f8a3481892b30f626032cf8c3b71	ZXh0ZXJuICJDIiBKTklFWFBPUlQgamludCBKTklDQUxMIEdkaXBfTkFUSVZFKEltYWdlXzFHZXRQYWxldHRlKShKTklFbnYgKmVudiwgamNsYXNzIHRoYXQsIGpsb25nIGFyZzAsIGpsb25nIGFyZzEsIGppbnQgYXJnMik7
1341	FUNCTION_OPEN	68101	68220	0	f5f6bd733b8295569bc74f8f65cfbc6b08e68515a341c8ccbb86493f2770a922	CkpOSUVYUE9SVCBqaW50IEpOSUNBTEwgR2RpcF9OQVRJVkUoSW1hZ2VfMUdldFBhbGV0dGUpCgkoSk5JRW52ICplbnYsIGpjbGFzcyB0aGF0LCBqbG9uZyBhcmcwLCBqbG9uZyBhcmcxLCBqaW50IGFyZzIpCns=
1342	STATEMENT	68220	68234	1	ab2eac128ef6225b35f40b35e2bd8fba39be8b3b6b281960b3c51646eba99890	CglqaW50IHJjID0gMDs=
1343	STATEMENT	68234	68289	1	ff4124762d49d82bada3f1044c7fb62eedbab8cc983fa6c168491c61770c67b3	CglHZGlwX05BVElWRV9FTlRFUihlbnYsIHRoYXQsIEltYWdlXzFHZXRQYWxldHRlX0ZVTkMpOw==
1344	STATEMENT	68289	68356	1	c43ca847fb0be045d089d0f5bfb6b7519f4599b7bd449466865043c440025f32	CglyYyA9IChqaW50KSgoSW1hZ2UqKWFyZzApLT5HZXRQYWxldHRlKChDb2xvclBhbGV0dGUqKWFyZzEsIGFyZzIpOw==
1345	STATEMENT	68356	68410	1	f824a35d93c85eca0c643fbfcf14a007d43b689587595a5badf70fd91bcbf331	CglHZGlwX05BVElWRV9FWElUKGVudiwgdGhhdCwgSW1hZ2VfMUdldFBhbGV0dGVfRlVOQyk7
1346	STATEMENT	68410	68422	1	a028c9c9501df4846ec72c7b4432d4a3cb499b36b781bb1c38853498151d0ba7	CglyZXR1cm4gcmM7
1347	FRAGMENT	68422	68423	1	01ba4719c80b6fe911b091a7c05124b64eeece964e09c058ef8f9805daca546b	Cg==
1348	BLOCK_CLOSE	68423	68424	0	d10b36aa74a59bcf4a88185837f658afaf3646eff2bb16c3928d0e9335e945d2	fQ==
1349	PREPROCESSOR	68424	68432	0	626de321eb397f6600939892a0009f31bc378f7e886f9acc5ec0af18db6a99a7	CiNlbmRpZgo=
1350	PREPROCESSOR	68432	68466	0	ee7e47214429845716121692bdadc97478b401c18a49f5b5cf8d7f574f1ff2ab	CiNpZm5kZWYgTk9fSW1hZ2VfMUdldFBhbGV0dGVTaXplCg==
1351	STATEMENT	68466	68573	0	32bd24678207b62bdce7479e3fd771be5dcd7922c8f025d3aee31a053175e725	ZXh0ZXJuICJDIiBKTklFWFBPUlQgamludCBKTklDQUxMIEdkaXBfTkFUSVZFKEltYWdlXzFHZXRQYWxldHRlU2l6ZSkoSk5JRW52ICplbnYsIGpjbGFzcyB0aGF0LCBqbG9uZyBhcmcwKTs=
1352	FUNCTION_OPEN	68573	68673	0	a6ed3a2bb8ec76fe8facd35bf1645434edb1f7026a564b6756f1eb5a34b11369	CkpOSUVYUE9SVCBqaW50IEpOSUNBTEwgR2RpcF9OQVRJVkUoSW1hZ2VfMUdldFBhbGV0dGVTaXplKQoJKEpOSUVudiAqZW52LCBqY2xhc3MgdGhhdCwgamxvbmcgYXJnMCkKew==
1353	STATEMENT	68673	68687	1	ab2eac128ef6225b35f40b35e2bd8fba39be8b3b6b281960b3c51646eba99890	CglqaW50IHJjID0gMDs=
1354	STATEMENT	68687	68746	1	da7fc478d7a1c3d58426b91825469b042f8ccbd3b4fdfb2004a3f18a40625ead	CglHZGlwX05BVElWRV9FTlRFUihlbnYsIHRoYXQsIEltYWdlXzFHZXRQYWxldHRlU2l6ZV9GVU5DKTs=
1355	STATEMENT	68746	68792	1	990fd4945e88a47463f4c57af20563fdc97e2df4dd348e694d5aac779c72d6fc	CglyYyA9IChqaW50KSgoSW1hZ2UqKWFyZzApLT5HZXRQYWxldHRlU2l6ZSgpOw==
1356	STATEMENT	68792	68850	1	61449fe8c6e7b154094a4aa3981a0d27230394dcd26782025065768700fa6fec	CglHZGlwX05BVElWRV9FWElUKGVudiwgdGhhdCwgSW1hZ2VfMUdldFBhbGV0dGVTaXplX0ZVTkMpOw==
1357	STATEMENT	68850	68862	1	a028c9c9501df4846ec72c7b4432d4a3cb499b36b781bb1c38853498151d0ba7	CglyZXR1cm4gcmM7
1358	FRAGMENT	68862	68863	1	01ba4719c80b6fe911b091a7c05124b64eeece964e09c058ef8f9805daca546b	Cg==
1359	BLOCK_CLOSE	68863	68864	0	d10b36aa74a59bcf4a88185837f658afaf3646eff2bb16c3928d0e9335e945d2	fQ==
1360	PREPROCESSOR	68864	68872	0	626de321eb397f6600939892a0009f31bc378f7e886f9acc5ec0af18db6a99a7	CiNlbmRpZgo=
1361	PREPROCESSOR	68872	68906	0	33f736e57850ea46356ea083b0c85952e10e9610d85b7dc8b7b0470625fe8a1b	CiNpZm5kZWYgTk9fSW1hZ2VfMUdldFBpeGVsRm9ybWF0Cg==
1362	STATEMENT	68906	69013	0	1e1651f96e030b998eb0462610afcf414a156a2912fbcf677e7412119c262eac	ZXh0ZXJuICJDIiBKTklFWFBPUlQgamludCBKTklDQUxMIEdkaXBfTkFUSVZFKEltYWdlXzFHZXRQaXhlbEZvcm1hdCkoSk5JRW52ICplbnYsIGpjbGFzcyB0aGF0LCBqbG9uZyBhcmcwKTs=
1363	FUNCTION_OPEN	69013	69113	0	1a526b2c5623b951d92c773c68007a5edf0059d1493505e01d16ea2ba8815ffc	CkpOSUVYUE9SVCBqaW50IEpOSUNBTEwgR2RpcF9OQVRJVkUoSW1hZ2VfMUdldFBpeGVsRm9ybWF0KQoJKEpOSUVudiAqZW52LCBqY2xhc3MgdGhhdCwgamxvbmcgYXJnMCkKew==
1364	STATEMENT	69113	69127	1	ab2eac128ef6225b35f40b35e2bd8fba39be8b3b6b281960b3c51646eba99890	CglqaW50IHJjID0gMDs=
1365	STATEMENT	69127	69186	1	664940d3f831c2aba9c5eb86d36ba906c5588ffee30601dc30ae48437b586aaa	CglHZGlwX05BVElWRV9FTlRFUihlbnYsIHRoYXQsIEltYWdlXzFHZXRQaXhlbEZvcm1hdF9GVU5DKTs=
1366	STATEMENT	69186	69232	1	9ec49ae7f1d2215fbc5b942f7f1695428af05f51c833db5d36c31e2f4838b531	CglyYyA9IChqaW50KSgoSW1hZ2UqKWFyZzApLT5HZXRQaXhlbEZvcm1hdCgpOw==
1367	STATEMENT	69232	69290	1	f43b90c3f26e295715dc5508f8790addbfeb5ff10c139a159e93f5445b7682fa	CglHZGlwX05BVElWRV9FWElUKGVudiwgdGhhdCwgSW1hZ2VfMUdldFBpeGVsRm9ybWF0X0ZVTkMpOw==
1368	STATEMENT	69290	69302	1	a028c9c9501df4846ec72c7b4432d4a3cb499b36b781bb1c38853498151d0ba7	CglyZXR1cm4gcmM7
1369	FRAGMENT	69302	69303	1	01ba4719c80b6fe911b091a7c05124b64eeece964e09c058ef8f9805daca546b	Cg==
1370	BLOCK_CLOSE	69303	69304	0	d10b36aa74a59bcf4a88185837f658afaf3646eff2bb16c3928d0e9335e945d2	fQ==
1371	PREPROCESSOR	69304	69312	0	626de321eb397f6600939892a0009f31bc378f7e886f9acc5ec0af18db6a99a7	CiNlbmRpZgo=
1372	PREPROCESSOR	69312	69340	0	a161076b28f837761de0a335d05fbf6c2212175993182a0da7c31d16403bb090	CiNpZm5kZWYgTk9fSW1hZ2VfMUdldFdpZHRoCg==
1373	STATEMENT	69340	69441	0	179e6cc701d0b22b4ba2434f092bb717a566a38fb1233642f497660dd9bac411	ZXh0ZXJuICJDIiBKTklFWFBPUlQgamludCBKTklDQUxMIEdkaXBfTkFUSVZFKEltYWdlXzFHZXRXaWR0aCkoSk5JRW52ICplbnYsIGpjbGFzcyB0aGF0LCBqbG9uZyBhcmcwKTs=
1374	FUNCTION_OPEN	69441	69535	0	a85b3fd168f70ccfd7ca82f918af5f634d37aa6b48df99cf7c27053b1b31da28	CkpOSUVYUE9SVCBqaW50IEpOSUNBTEwgR2RpcF9OQVRJVkUoSW1hZ2VfMUdldFdpZHRoKQoJKEpOSUVudiAqZW52LCBqY2xhc3MgdGhhdCwgamxvbmcgYXJnMCkKew==
1375	STATEMENT	69535	69549	1	ab2eac128ef6225b35f40b35e2bd8fba39be8b3b6b281960b3c51646eba99890	CglqaW50IHJjID0gMDs=
1376	STATEMENT	69549	69602	1	18ff4823f014dd572066c05593ce148a6daca0502c920ff32f5d29efe1c7d4ef	CglHZGlwX05BVElWRV9FTlRFUihlbnYsIHRoYXQsIEltYWdlXzFHZXRXaWR0aF9GVU5DKTs=
1377	STATEMENT	69602	69643	1	48c46b5b6d45d4dcff5982155c3e285d33d5dc7ddec259744a9880913f29f56e	CglyYyA9IChqaW50KSgoSW1hZ2UgKilhcmcwKS0+R2V0V2lkdGgoKTs=
1378	STATEMENT	69643	69695	1	77f3300a24922c989751fd9ee555f638de083e25fb0b8e5844bf0a87d397a034	CglHZGlwX05BVElWRV9FWElUKGVudiwgdGhhdCwgSW1hZ2VfMUdldFdpZHRoX0ZVTkMpOw==
1379	STATEMENT	69695	69707	1	a028c9c9501df4846ec72c7b4432d4a3cb499b36b781bb1c38853498151d0ba7	CglyZXR1cm4gcmM7
1380	FRAGMENT	69707	69708	1	01ba4719c80b6fe911b091a7c05124b64eeece964e09c058ef8f9805daca546b	Cg==
1381	BLOCK_CLOSE	69708	69709	0	d10b36aa74a59bcf4a88185837f658afaf3646eff2bb16c3928d0e9335e945d2	fQ==
1382	PREPROCESSOR	69709	69717	0	626de321eb397f6600939892a0009f31bc378f7e886f9acc5ec0af18db6a99a7	CiNlbmRpZgo=
1383	PREPROCESSOR	69717	69743	0	e864ce3a504ebf202a3adb19b6db9f2220c064c010a99b2bafb87a4d5a182e26	CiNpZm5kZWYgTk9fSW1hZ2VfMWRlbGV0ZQo=
1384	STATEMENT	69743	69842	0	24bac9580c0343ef3e3067e8b7344a898612da771d919516ca7e619e7379fc48	ZXh0ZXJuICJDIiBKTklFWFBPUlQgdm9pZCBKTklDQUxMIEdkaXBfTkFUSVZFKEltYWdlXzFkZWxldGUpKEpOSUVudiAqZW52LCBqY2xhc3MgdGhhdCwgamxvbmcgYXJnMCk7
1385	FUNCTION_OPEN	69842	69934	0	596e01ac3adcf717e0256526caf072e890b110eaf68b0b97fa30f7a6275e1c0f	CkpOSUVYUE9SVCB2b2lkIEpOSUNBTEwgR2RpcF9OQVRJVkUoSW1hZ2VfMWRlbGV0ZSkKCShKTklFbnYgKmVudiwgamNsYXNzIHRoYXQsIGpsb25nIGFyZzApCns=
1386	STATEMENT	69934	69985	1	ce2a29067066b85570f0af0d846c2b3e6885c6fea035d5d440fe3960cec3918c	CglHZGlwX05BVElWRV9FTlRFUihlbnYsIHRoYXQsIEltYWdlXzFkZWxldGVfRlVOQyk7
1387	STATEMENT	69985	70008	1	d21a332d38126ea60f3e91a180dd4af51a512d23d9a6785173343907b69bb2ca	CglkZWxldGUgKEltYWdlICopYXJnMDs=
1388	STATEMENT	70008	70058	1	3bb924a06a9781cd32c8f663f789d3ea82f6510a6c0f90c34c9f6390f8140faf	CglHZGlwX05BVElWRV9FWElUKGVudiwgdGhhdCwgSW1hZ2VfMWRlbGV0ZV9GVU5DKTs=
1389	FRAGMENT	70058	70059	1	01ba4719c80b6fe911b091a7c05124b64eeece964e09c058ef8f9805daca546b	Cg==
1390	BLOCK_CLOSE	70059	70060	0	d10b36aa74a59bcf4a88185837f658afaf3646eff2bb16c3928d0e9335e945d2	fQ==
1391	PREPROCESSOR	70060	70068	0	626de321eb397f6600939892a0009f31bc378f7e886f9acc5ec0af18db6a99a7	CiNlbmRpZgo=
1392	PREPROCESSOR	70068	70116	0	37d57a953ef7c8b6f825872534259b55fdad09152c4494cbd678bf40aa06d65b	CiNpZm5kZWYgTk9fTGluZWFyR3JhZGllbnRCcnVzaF8xUmVzZXRUcmFuc2Zvcm0K
1393	STATEMENT	70116	70237	0	1596adeec36eac1cb715403902ed9bffcf6c9752b9acef8c1695a60814703527	ZXh0ZXJuICJDIiBKTklFWFBPUlQgamludCBKTklDQUxMIEdkaXBfTkFUSVZFKExpbmVhckdyYWRpZW50QnJ1c2hfMVJlc2V0VHJhbnNmb3JtKShKTklFbnYgKmVudiwgamNsYXNzIHRoYXQsIGpsb25nIGFyZzApOw==
1394	FUNCTION_OPEN	70237	70351	0	599b2efc379fe78e06e6e2124c1ced47451be8a957b2633b010ed19fb716ebbd	CkpOSUVYUE9SVCBqaW50IEpOSUNBTEwgR2RpcF9OQVRJVkUoTGluZWFyR3JhZGllbnRCcnVzaF8xUmVzZXRUcmFuc2Zvcm0pCgkoSk5JRW52ICplbnYsIGpjbGFzcyB0aGF0LCBqbG9uZyBhcmcwKQp7
1395	STATEMENT	70351	70365	1	ab2eac128ef6225b35f40b35e2bd8fba39be8b3b6b281960b3c51646eba99890	CglqaW50IHJjID0gMDs=
1396	STATEMENT	70365	70438	1	9382622cf1ce3ffbb222aeb5933844ab58283d38b764168da5a5cfb045d9420c	CglHZGlwX05BVElWRV9FTlRFUihlbnYsIHRoYXQsIExpbmVhckdyYWRpZW50QnJ1c2hfMVJlc2V0VHJhbnNmb3JtX0ZVTkMpOw==
1397	STATEMENT	70438	70499	1	20c968d8550a9b1bf4dd2745f55525ddc0575efe4485d6c04f82219899458894	CglyYyA9IChqaW50KSgoTGluZWFyR3JhZGllbnRCcnVzaCAqKWFyZzApLT5SZXNldFRyYW5zZm9ybSgpOw==
1398	STATEMENT	70499	70571	1	8acaae092981bc5f0c1103ef9beeeed9b6d6908da96df0a5dc1ce65c71bb4d9c	CglHZGlwX05BVElWRV9FWElUKGVudiwgdGhhdCwgTGluZWFyR3JhZGllbnRCcnVzaF8xUmVzZXRUcmFuc2Zvcm1fRlVOQyk7
1399	STATEMENT	70571	70583	1	a028c9c9501df4846ec72c7b4432d4a3cb499b36b781bb1c38853498151d0ba7	CglyZXR1cm4gcmM7
1400	FRAGMENT	70583	70584	1	01ba4719c80b6fe911b091a7c05124b64eeece964e09c058ef8f9805daca546b	Cg==
1401	BLOCK_CLOSE	70584	70585	0	d10b36aa74a59bcf4a88185837f658afaf3646eff2bb16c3928d0e9335e945d2	fQ==
1402	PREPROCESSOR	70585	70593	0	626de321eb397f6600939892a0009f31bc378f7e886f9acc5ec0af18db6a99a7	CiNlbmRpZgo=
1403	PREPROCESSOR	70593	70641	0	6b3bc91d2f4b63878b3cfdbb3c9fc3c7cf58d48420a88a0c06391109536047b1	CiNpZm5kZWYgTk9fTGluZWFyR3JhZGllbnRCcnVzaF8xU2NhbGVUcmFuc2Zvcm0K
1404	STATEMENT	70641	70799	0	2df8315eb7c2d91eb766c98dda7acf3f65c85d2ff58d3411ce55c39f89931ad7	ZXh0ZXJuICJDIiBKTklFWFBPUlQgamludCBKTklDQUxMIEdkaXBfTkFUSVZFKExpbmVhckdyYWRpZW50QnJ1c2hfMVNjYWxlVHJhbnNmb3JtKShKTklFbnYgKmVudiwgamNsYXNzIHRoYXQsIGpsb25nIGFyZzAsIGpmbG9hdCBhcmcxLCBqZmxvYXQgYXJnMiwgamludCBhcmczKTs=
1405	FUNCTION_OPEN	70799	70950	0	12ceaa69d2971ac8e685f243bc1de1aa76161bc18eefc9da752190b4e085a627	CkpOSUVYUE9SVCBqaW50IEpOSUNBTEwgR2RpcF9OQVRJVkUoTGluZWFyR3JhZGllbnRCcnVzaF8xU2NhbGVUcmFuc2Zvcm0pCgkoSk5JRW52ICplbnYsIGpjbGFzcyB0aGF0LCBqbG9uZyBhcmcwLCBqZmxvYXQgYXJnMSwgamZsb2F0IGFyZzIsIGppbnQgYXJnMykKew==
1406	STATEMENT	70950	70964	1	ab2eac128ef6225b35f40b35e2bd8fba39be8b3b6b281960b3c51646eba99890	CglqaW50IHJjID0gMDs=
1407	STATEMENT	70964	71037	1	08d7e668112e212ca58d4d024d10b12159d9a3daaec4931da85747f95e3c1668	CglHZGlwX05BVElWRV9FTlRFUihlbnYsIHRoYXQsIExpbmVhckdyYWRpZW50QnJ1c2hfMVNjYWxlVHJhbnNmb3JtX0ZVTkMpOw==
1408	STATEMENT	71037	71127	1	1b3d0474c24d2b1073538aac1ba0957306b55c0ec26b598cc9c9d9abc9cb6722	CglyYyA9IChqaW50KSgoTGluZWFyR3JhZGllbnRCcnVzaCAqKWFyZzApLT5TY2FsZVRyYW5zZm9ybShhcmcxLCBhcmcyLCAoTWF0cml4T3JkZXIpYXJnMyk7
1409	STATEMENT	71127	71199	1	306e43f6f922204e1c2bd21ce2e684ec5a8a6e9493e1dd568ad5c49633d3327b	CglHZGlwX05BVElWRV9FWElUKGVudiwgdGhhdCwgTGluZWFyR3JhZGllbnRCcnVzaF8xU2NhbGVUcmFuc2Zvcm1fRlVOQyk7
1410	STATEMENT	71199	71211	1	a028c9c9501df4846ec72c7b4432d4a3cb499b36b781bb1c38853498151d0ba7	CglyZXR1cm4gcmM7
1411	FRAGMENT	71211	71212	1	01ba4719c80b6fe911b091a7c05124b64eeece964e09c058ef8f9805daca546b	Cg==
1412	BLOCK_CLOSE	71212	71213	0	d10b36aa74a59bcf4a88185837f658afaf3646eff2bb16c3928d0e9335e945d2	fQ==
1413	PREPROCESSOR	71213	71221	0	626de321eb397f6600939892a0009f31bc378f7e886f9acc5ec0af18db6a99a7	CiNlbmRpZgo=
1414	PREPROCESSOR	71221	71277	0	c7f902eca7639334de2fcde832ff54eba3a46dd3ced85ba702b52ac3018ffb89	CiNpZm5kZWYgTk9fTGluZWFyR3JhZGllbnRCcnVzaF8xU2V0SW50ZXJwb2xhdGlvbkNvbG9ycwo=
1415	STATEMENT	71277	71451	0	f976b7a9bd1aa2561c2d3ef4abac1e87a26ee52c2dbc27f2d49fdd4b4ee1ee04	ZXh0ZXJuICJDIiBKTklFWFBPUlQgamludCBKTklDQUxMIEdkaXBfTkFUSVZFKExpbmVhckdyYWRpZW50QnJ1c2hfMVNldEludGVycG9sYXRpb25Db2xvcnMpKEpOSUVudiAqZW52LCBqY2xhc3MgdGhhdCwgamxvbmcgYXJnMCwgamludEFycmF5IGFyZzEsIGpmbG9hdEFycmF5IGFyZzIsIGppbnQgYXJnMyk7
1416	FUNCTION_OPEN	71451	71618	0	1e56ea36aae235f72a7868545fb1db725b3ffa9ea1c894858650c46aff4945cf	CkpOSUVYUE9SVCBqaW50IEpOSUNBTEwgR2RpcF9OQVRJVkUoTGluZWFyR3JhZGllbnRCcnVzaF8xU2V0SW50ZXJwb2xhdGlvbkNvbG9ycykKCShKTklFbnYgKmVudiwgamNsYXNzIHRoYXQsIGpsb25nIGFyZzAsIGppbnRBcnJheSBhcmcxLCBqZmxvYXRBcnJheSBhcmcyLCBqaW50IGFyZzMpCns=
1417	STATEMENT	71618	71638	1	490e641fda0849eab828d471df09f1ecd4438e25740081b8153585d71e8a1d7c	CglqaW50ICpscGFyZzE9TlVMTDs=
1418	STATEMENT	71638	71660	1	490d0e1bdd34007745dce13453c09092aa083f5d00117a1f1fa4d070604b0962	CglqZmxvYXQgKmxwYXJnMj1OVUxMOw==
1419	STATEMENT	71660	71674	1	ab2eac128ef6225b35f40b35e2bd8fba39be8b3b6b281960b3c51646eba99890	CglqaW50IHJjID0gMDs=
1420	STATEMENT	71674	71755	1	f972d37e9118a9697b54a994df2b38e09bf08da316cf0752b9fe616a028eec80	CglHZGlwX05BVElWRV9FTlRFUihlbnYsIHRoYXQsIExpbmVhckdyYWRpZW50QnJ1c2hfMVNldEludGVycG9sYXRpb25Db2xvcnNfRlVOQyk7
1421	STATEMENT	71755	71838	1	bff3967c913cf841979dccfa80fc05dfb38b9b61fa035bbcc841b1dbd0897068	CglpZiAoYXJnMSkgaWYgKChscGFyZzEgPSBlbnYtPkdldEludEFycmF5RWxlbWVudHMoYXJnMSwgTlVMTCkpID09IE5VTEwpIGdvdG8gZmFpbDs=
1422	STATEMENT	71838	71923	1	58ca57e5cf914d894b52bf6cca715c3c2bbd62e75cd777abf4af1821e71ad883	CglpZiAoYXJnMikgaWYgKChscGFyZzIgPSBlbnYtPkdldEZsb2F0QXJyYXlFbGVtZW50cyhhcmcyLCBOVUxMKSkgPT0gTlVMTCkgZ290byBmYWlsOw==
1423	STATEMENT	71923	72041	1	bbf09a203beea70a9c5289f7741080aee83652d43ec796fa5c56fd7a4f5d74a2	CglyYyA9IChqaW50KSgoTGluZWFyR3JhZGllbnRCcnVzaCAqKWFyZzApLT5TZXRJbnRlcnBvbGF0aW9uQ29sb3JzKChjb25zdCBDb2xvciAqKWxwYXJnMSwgKGNvbnN0IFJFQUwgKilscGFyZzIsIGFyZzMpOw==
1424	STATEMENT	72041	72125	1	81568da79186b4b224f011a07d0fdea9506f50636585addab7c2944671124b2b	CmZhaWw6CglpZiAoYXJnMiAmJiBscGFyZzIpIGVudi0+UmVsZWFzZUZsb2F0QXJyYXlFbGVtZW50cyhhcmcyLCBscGFyZzIsIEpOSV9BQk9SVCk7
1425	STATEMENT	72125	72201	1	52c478779ed5420b00e51016fe4463fd03d86bc6549bf5d01819071aa4508167	CglpZiAoYXJnMSAmJiBscGFyZzEpIGVudi0+UmVsZWFzZUludEFycmF5RWxlbWVudHMoYXJnMSwgbHBhcmcxLCBKTklfQUJPUlQpOw==
1426	STATEMENT	72201	72281	1	2a3565cdc11df17b3073394457ad854682281eb4155bd0d176c34125c9060c35	CglHZGlwX05BVElWRV9FWElUKGVudiwgdGhhdCwgTGluZWFyR3JhZGllbnRCcnVzaF8xU2V0SW50ZXJwb2xhdGlvbkNvbG9yc19GVU5DKTs=
1427	STATEMENT	72281	72293	1	a028c9c9501df4846ec72c7b4432d4a3cb499b36b781bb1c38853498151d0ba7	CglyZXR1cm4gcmM7
1428	FRAGMENT	72293	72294	1	01ba4719c80b6fe911b091a7c05124b64eeece964e09c058ef8f9805daca546b	Cg==
1429	BLOCK_CLOSE	72294	72295	0	d10b36aa74a59bcf4a88185837f658afaf3646eff2bb16c3928d0e9335e945d2	fQ==
1430	PREPROCESSOR	72295	72303	0	626de321eb397f6600939892a0009f31bc378f7e886f9acc5ec0af18db6a99a7	CiNlbmRpZgo=
1431	PREPROCESSOR	72303	72348	0	0050a04d03731e052ae4d3d2aff4c05a0c3501360dcc95b71f39174adfa2f7e0	CiNpZm5kZWYgTk9fTGluZWFyR3JhZGllbnRCcnVzaF8xU2V0V3JhcE1vZGUK
1432	STATEMENT	72348	72477	0	3e8b57a5c9c098e372972db7230af5adaa6195a65c2a42ab511376e25ae69124	ZXh0ZXJuICJDIiBKTklFWFBPUlQgamludCBKTklDQUxMIEdkaXBfTkFUSVZFKExpbmVhckdyYWRpZW50QnJ1c2hfMVNldFdyYXBNb2RlKShKTklFbnYgKmVudiwgamNsYXNzIHRoYXQsIGpsb25nIGFyZzAsIGppbnQgYXJnMSk7
1433	FUNCTION_OPEN	72477	72599	0	b499993fe26898bfb883c261718f7afaff74a029c5013b36f680fa57b1cf84da	CkpOSUVYUE9SVCBqaW50IEpOSUNBTEwgR2RpcF9OQVRJVkUoTGluZWFyR3JhZGllbnRCcnVzaF8xU2V0V3JhcE1vZGUpCgkoSk5JRW52ICplbnYsIGpjbGFzcyB0aGF0LCBqbG9uZyBhcmcwLCBqaW50IGFyZzEpCns=
1434	STATEMENT	72599	72613	1	ab2eac128ef6225b35f40b35e2bd8fba39be8b3b6b281960b3c51646eba99890	CglqaW50IHJjID0gMDs=
1435	STATEMENT	72613	72683	1	6a7681188f543b963c2a67aed9e8f0cfa7ff5254056fce2718a6847556527848	CglHZGlwX05BVElWRV9FTlRFUihlbnYsIHRoYXQsIExpbmVhckdyYWRpZW50QnJ1c2hfMVNldFdyYXBNb2RlX0ZVTkMpOw==
1436	STATEMENT	72683	72755	1	f363323fc1ab672d29eba20eacd6bc1ca737664ad90a738a1071a5f80be7fc0a	CglyYyA9IChqaW50KSgoTGluZWFyR3JhZGllbnRCcnVzaCAqKWFyZzApLT5TZXRXcmFwTW9kZSgoV3JhcE1vZGUpYXJnMSk7
1437	STATEMENT	72755	72824	1	6d4b0ba782e3407aa0c6615f47b24a1a1686f5c49cf24e18945b296af410a19c	CglHZGlwX05BVElWRV9FWElUKGVudiwgdGhhdCwgTGluZWFyR3JhZGllbnRCcnVzaF8xU2V0V3JhcE1vZGVfRlVOQyk7
1438	STATEMENT	72824	72836	1	a028c9c9501df4846ec72c7b4432d4a3cb499b36b781bb1c38853498151d0ba7	CglyZXR1cm4gcmM7
1439	FRAGMENT	72836	72837	1	01ba4719c80b6fe911b091a7c05124b64eeece964e09c058ef8f9805daca546b	Cg==
1440	BLOCK_CLOSE	72837	72838	0	d10b36aa74a59bcf4a88185837f658afaf3646eff2bb16c3928d0e9335e945d2	fQ==
1441	PREPROCESSOR	72838	72846	0	626de321eb397f6600939892a0009f31bc378f7e886f9acc5ec0af18db6a99a7	CiNlbmRpZgo=
1442	PREPROCESSOR	72846	72898	0	7e7194626aad125b7571808933e250320f25751b563c6679bba9d3f1536107a3	CiNpZm5kZWYgTk9fTGluZWFyR3JhZGllbnRCcnVzaF8xVHJhbnNsYXRlVHJhbnNmb3JtCg==
1443	STATEMENT	72898	73060	0	e055a8d6c4354a9b772d3d92c0102bbfc56891b9875e445d9b19b1e85c749b0d	ZXh0ZXJuICJDIiBKTklFWFBPUlQgamludCBKTklDQUxMIEdkaXBfTkFUSVZFKExpbmVhckdyYWRpZW50QnJ1c2hfMVRyYW5zbGF0ZVRyYW5zZm9ybSkoSk5JRW52ICplbnYsIGpjbGFzcyB0aGF0LCBqbG9uZyBhcmcwLCBqZmxvYXQgYXJnMSwgamZsb2F0IGFyZzIsIGppbnQgYXJnMyk7
1444	FUNCTION_OPEN	73060	73215	0	3bceb71de04304bb00a424819ff7452fb52d5131641882f91c0dab232a84b853	CkpOSUVYUE9SVCBqaW50IEpOSUNBTEwgR2RpcF9OQVRJVkUoTGluZWFyR3JhZGllbnRCcnVzaF8xVHJhbnNsYXRlVHJhbnNmb3JtKQoJKEpOSUVudiAqZW52LCBqY2xhc3MgdGhhdCwgamxvbmcgYXJnMCwgamZsb2F0IGFyZzEsIGpmbG9hdCBhcmcyLCBqaW50IGFyZzMpCns=
1445	STATEMENT	73215	73229	1	ab2eac128ef6225b35f40b35e2bd8fba39be8b3b6b281960b3c51646eba99890	CglqaW50IHJjID0gMDs=
1446	STATEMENT	73229	73306	1	076495bd38a79003e761d3864ad9c89cabb8c539c43203158d091d23503b17e7	CglHZGlwX05BVElWRV9FTlRFUihlbnYsIHRoYXQsIExpbmVhckdyYWRpZW50QnJ1c2hfMVRyYW5zbGF0ZVRyYW5zZm9ybV9GVU5DKTs=
1447	STATEMENT	73306	73400	1	d97e5b4e534e3fe58e9ea8db7413c8fbd1e6dd386e26237b8ea5d8027fc31c55	CglyYyA9IChqaW50KSgoTGluZWFyR3JhZGllbnRCcnVzaCAqKWFyZzApLT5UcmFuc2xhdGVUcmFuc2Zvcm0oYXJnMSwgYXJnMiwgKE1hdHJpeE9yZGVyKWFyZzMpOw==
1448	STATEMENT	73400	73476	1	13f6ca9cf81fda085b1948da4b78fe22aedf10e79b7a231e59602e4c003af742	CglHZGlwX05BVElWRV9FWElUKGVudiwgdGhhdCwgTGluZWFyR3JhZGllbnRCcnVzaF8xVHJhbnNsYXRlVHJhbnNmb3JtX0ZVTkMpOw==
1449	STATEMENT	73476	73488	1	a028c9c9501df4846ec72c7b4432d4a3cb499b36b781bb1c38853498151d0ba7	CglyZXR1cm4gcmM7
1450	FRAGMENT	73488	73489	1	01ba4719c80b6fe911b091a7c05124b64eeece964e09c058ef8f9805daca546b	Cg==
1451	BLOCK_CLOSE	73489	73490	0	d10b36aa74a59bcf4a88185837f658afaf3646eff2bb16c3928d0e9335e945d2	fQ==
1452	PREPROCESSOR	73490	73498	0	626de321eb397f6600939892a0009f31bc378f7e886f9acc5ec0af18db6a99a7	CiNlbmRpZgo=
1453	PREPROCESSOR	73498	73538	0	22bd0bbbd65db0986ecbe9e184ba52f9378f6acec212ab7936ab62edf1f4b8e5	CiNpZm5kZWYgTk9fTGluZWFyR3JhZGllbnRCcnVzaF8xZGVsZXRlCg==
1454	STATEMENT	73538	73651	0	af73415cd529d0a001d1a4f0f179ab9a5b33f3c2e261e6efdb2b4fe65c8f9798	ZXh0ZXJuICJDIiBKTklFWFBPUlQgdm9pZCBKTklDQUxMIEdkaXBfTkFUSVZFKExpbmVhckdyYWRpZW50QnJ1c2hfMWRlbGV0ZSkoSk5JRW52ICplbnYsIGpjbGFzcyB0aGF0LCBqbG9uZyBhcmcwKTs=
1455	FUNCTION_OPEN	73651	73757	0	55ebaa325ed2ef4af783a24d23317e300910b1cd050e7129d1f9aacc67c389cc	CkpOSUVYUE9SVCB2b2lkIEpOSUNBTEwgR2RpcF9OQVRJVkUoTGluZWFyR3JhZGllbnRCcnVzaF8xZGVsZXRlKQoJKEpOSUVudiAqZW52LCBqY2xhc3MgdGhhdCwgamxvbmcgYXJnMCkKew==
1456	STATEMENT	73757	73822	1	297fca9a2eaa99754634effd15d7f3a93b897c554f6778e7317e5528532f312a	CglHZGlwX05BVElWRV9FTlRFUihlbnYsIHRoYXQsIExpbmVhckdyYWRpZW50QnJ1c2hfMWRlbGV0ZV9GVU5DKTs=
1457	STATEMENT	73822	73859	1	19b074d64330ef2d859a201b4286ee6a7fdfd57e8876df8fc318ae805330ba8e	CglkZWxldGUgKExpbmVhckdyYWRpZW50QnJ1c2ggKilhcmcwOw==
1458	STATEMENT	73859	73923	1	a1e3e9e218bb187d3a07f56305376e18042405565d1f5e947102f534329dffed	CglHZGlwX05BVElWRV9FWElUKGVudiwgdGhhdCwgTGluZWFyR3JhZGllbnRCcnVzaF8xZGVsZXRlX0ZVTkMpOw==
1459	FRAGMENT	73923	73924	1	01ba4719c80b6fe911b091a7c05124b64eeece964e09c058ef8f9805daca546b	Cg==
1460	BLOCK_CLOSE	73924	73925	0	d10b36aa74a59bcf4a88185837f658afaf3646eff2bb16c3928d0e9335e945d2	fQ==
1461	PREPROCESSOR	73925	73933	0	626de321eb397f6600939892a0009f31bc378f7e886f9acc5ec0af18db6a99a7	CiNlbmRpZgo=
1462	PREPROCESSOR	73933	73970	0	d810b01e5d85b858c0dc05072a5601b3c187ca7f31bad3fa12981e94199e9e34	CiNpZm5kZWYgTk9fTGluZWFyR3JhZGllbnRCcnVzaF8xbmV3Cg==
1463	STATEMENT	73970	74119	0	12077bb302fae0b74a7b0a852e0e03604900b99276feab7cdd0547ecd519bfb5	ZXh0ZXJuICJDIiBKTklFWFBPUlQgamxvbmcgSk5JQ0FMTCBHZGlwX05BVElWRShMaW5lYXJHcmFkaWVudEJydXNoXzFuZXcpKEpOSUVudiAqZW52LCBqY2xhc3MgdGhhdCwgam9iamVjdCBhcmcwLCBqb2JqZWN0IGFyZzEsIGppbnQgYXJnMiwgamludCBhcmczKTs=
1464	FUNCTION_OPEN	74119	74261	0	47519f057face3cf56c88f3985ac1cacae620ae5e363ffd72e9ce8b349b46d79	CkpOSUVYUE9SVCBqbG9uZyBKTklDQUxMIEdkaXBfTkFUSVZFKExpbmVhckdyYWRpZW50QnJ1c2hfMW5ldykKCShKTklFbnYgKmVudiwgamNsYXNzIHRoYXQsIGpvYmplY3QgYXJnMCwgam9iamVjdCBhcmcxLCBqaW50IGFyZzIsIGppbnQgYXJnMykKew==
1465	STATEMENT	74261	74290	1	c427d09c5e227be70e8859d6202f734b4924fd2340035c39b7ce50b9b49564ab	CglQb2ludEYgX2FyZzAsICpscGFyZzA9TlVMTDs=
1466	STATEMENT	74290	74319	1	32191d7768b915e30092992dca2abb973ef26a7b34e49c0bc3662fbc14c9f153	CglQb2ludEYgX2FyZzEsICpscGFyZzE9TlVMTDs=
1467	STATEMENT	74319	74334	1	3411ceb5951bc52321d8d6cf00df310a159211846b0264e08db2a18b94173633	CglqbG9uZyByYyA9IDA7
1468	STATEMENT	74334	74396	1	fea5b2ffb3c74d3ae16376ed9e5ee2c96c3adf8d30c62194d6e5b841b1289d99	CglHZGlwX05BVElWRV9FTlRFUihlbnYsIHRoYXQsIExpbmVhckdyYWRpZW50QnJ1c2hfMW5ld19GVU5DKTs=
1469	STATEMENT	74396	74477	1	fbfb4923be793c7a20ed154c9fa8c76129720e95f4c5634a2b66de9611bd909d	CglpZiAoYXJnMCkgaWYgKChscGFyZzAgPSBnZXRQb2ludEZGaWVsZHMoZW52LCBhcmcwLCAmX2FyZzApKSA9PSBOVUxMKSBnb3RvIGZhaWw7
1470	STATEMENT	74477	74558	1	005d93a7c9565c148cfbc0706c0b9f0e73ba8ad4b629bb60605cb40e4faf3a17	CglpZiAoYXJnMSkgaWYgKChscGFyZzEgPSBnZXRQb2ludEZGaWVsZHMoZW52LCBhcmcxLCAmX2FyZzEpKSA9PSBOVUxMKSBnb3RvIGZhaWw7
1471	STATEMENT	74558	74640	1	b0a842b6e763f9d1c4c9514d2c40608c5895656086faa9e59f788d55300b7a0e	CglyYyA9IChqbG9uZyluZXcgTGluZWFyR3JhZGllbnRCcnVzaCgqbHBhcmcwLCAqbHBhcmcxLCAoQ29sb3IpYXJnMiwgKENvbG9yKWFyZzMpOw==
1472	STATEMENT	74640	74703	1	15536ba36d86c1a90710da69c967b97ce04a6066c1d766c86908d242c821c68b	CmZhaWw6CglpZiAoYXJnMSAmJiBscGFyZzEpIHNldFBvaW50RkZpZWxkcyhlbnYsIGFyZzEsIGxwYXJnMSk7
1473	STATEMENT	74703	74760	1	32d607e1eae1d3aa0cc1d0ddf8227b386fbde08708778a3874a519050329c55d	CglpZiAoYXJnMCAmJiBscGFyZzApIHNldFBvaW50RkZpZWxkcyhlbnYsIGFyZzAsIGxwYXJnMCk7
1474	STATEMENT	74760	74821	1	7079be3b61e62060e6b0e3bb0138f352e74d859c4ea6975d4889d798f65f6eba	CglHZGlwX05BVElWRV9FWElUKGVudiwgdGhhdCwgTGluZWFyR3JhZGllbnRCcnVzaF8xbmV3X0ZVTkMpOw==
1475	STATEMENT	74821	74833	1	a028c9c9501df4846ec72c7b4432d4a3cb499b36b781bb1c38853498151d0ba7	CglyZXR1cm4gcmM7
1476	FRAGMENT	74833	74834	1	01ba4719c80b6fe911b091a7c05124b64eeece964e09c058ef8f9805daca546b	Cg==
1477	BLOCK_CLOSE	74834	74835	0	d10b36aa74a59bcf4a88185837f658afaf3646eff2bb16c3928d0e9335e945d2	fQ==
1478	PREPROCESSOR	74835	74843	0	626de321eb397f6600939892a0009f31bc378f7e886f9acc5ec0af18db6a99a7	CiNlbmRpZgo=
1479	PREPROCESSOR	74843	74875	0	beb51bf4b3a3f4ebbfd84843ddd9dec4af8b82ae0228780b2fa3687889d8603f	CiNpZm5kZWYgTk9fTWF0cml4XzFHZXRFbGVtZW50cwo=
1480	STATEMENT	74875	74998	0	03a7c242e802d8e0edf0880b22fedc4261c1ac888f8d77a2fc4a308b4bad89b4	ZXh0ZXJuICJDIiBKTklFWFBPUlQgamludCBKTklDQUxMIEdkaXBfTkFUSVZFKE1hdHJpeF8xR2V0RWxlbWVudHMpKEpOSUVudiAqZW52LCBqY2xhc3MgdGhhdCwgamxvbmcgYXJnMCwgamZsb2F0QXJyYXkgYXJnMSk7
1481	FUNCTION_OPEN	74998	75114	0	307fa7eae8aec4dc1546623ab98ba52c228cef053c819cf22c607df7ca61a1c3	CkpOSUVYUE9SVCBqaW50IEpOSUNBTEwgR2RpcF9OQVRJVkUoTWF0cml4XzFHZXRFbGVtZW50cykKCShKTklFbnYgKmVudiwgamNsYXNzIHRoYXQsIGpsb25nIGFyZzAsIGpmbG9hdEFycmF5IGFyZzEpCns=
1482	STATEMENT	75114	75136	1	49650f86e1dc7ab90eda1c647c5aaea410e029d26851789a23a3e73b4ea163ac	CglqZmxvYXQgKmxwYXJnMT1OVUxMOw==
1483	STATEMENT	75136	75150	1	ab2eac128ef6225b35f40b35e2bd8fba39be8b3b6b281960b3c51646eba99890	CglqaW50IHJjID0gMDs=
1484	STATEMENT	75150	75207	1	e359e9289dc2c98708374eb329ea81c6edd3544b9d5cc0b5c3aec89cb72304eb	CglHZGlwX05BVElWRV9FTlRFUihlbnYsIHRoYXQsIE1hdHJpeF8xR2V0RWxlbWVudHNfRlVOQyk7
1485	STATEMENT	75207	75292	1	c9817cb36629bf67d2039ea4e2137566e405ad36e68895151368d118dba89ab8	CglpZiAoYXJnMSkgaWYgKChscGFyZzEgPSBlbnYtPkdldEZsb2F0QXJyYXlFbGVtZW50cyhhcmcxLCBOVUxMKSkgPT0gTlVMTCkgZ290byBmYWlsOw==
1486	STATEMENT	75292	75351	1	d249121bf3a5dd229d350ba7b8f331e7b8378f673e89cbe5ac38de64488a7fa5	CglyYyA9IChqaW50KSgoTWF0cml4ICopYXJnMCktPkdldEVsZW1lbnRzKChSRUFMICopbHBhcmcxKTs=
1487	STATEMENT	75351	75427	1	83ddaaa224427a9c6275af3a572bc3d6e2a3d100ce3bdf1d2846c51f4b365201	CmZhaWw6CglpZiAoYXJnMSAmJiBscGFyZzEpIGVudi0+UmVsZWFzZUZsb2F0QXJyYXlFbGVtZW50cyhhcmcxLCBscGFyZzEsIDApOw==
1488	STATEMENT	75427	75483	1	f4735d876cffbf5c002b4b385f38e538088d9152a0f522f3417821b699446e95	CglHZGlwX05BVElWRV9FWElUKGVudiwgdGhhdCwgTWF0cml4XzFHZXRFbGVtZW50c19GVU5DKTs=
1489	STATEMENT	75483	75495	1	a028c9c9501df4846ec72c7b4432d4a3cb499b36b781bb1c38853498151d0ba7	CglyZXR1cm4gcmM7
1490	FRAGMENT	75495	75496	1	01ba4719c80b6fe911b091a7c05124b64eeece964e09c058ef8f9805daca546b	Cg==
1491	BLOCK_CLOSE	75496	75497	0	d10b36aa74a59bcf4a88185837f658afaf3646eff2bb16c3928d0e9335e945d2	fQ==
1492	PREPROCESSOR	75497	75505	0	626de321eb397f6600939892a0009f31bc378f7e886f9acc5ec0af18db6a99a7	CiNlbmRpZgo=
1493	PREPROCESSOR	75505	75532	0	f6301f376a6d99b668f274a63ba4fa0df09881e709cc1bb203282ffc5bc11909	CiNpZm5kZWYgTk9fTWF0cml4XzFJbnZlcnQK
1494	STATEMENT	75532	75632	0	2fed3cc4f13bf9ea7cf3bd8fbb68869e808019e59f1046f07e52f7a178fa1512	ZXh0ZXJuICJDIiBKTklFWFBPUlQgamludCBKTklDQUxMIEdkaXBfTkFUSVZFKE1hdHJpeF8xSW52ZXJ0KShKTklFbnYgKmVudiwgamNsYXNzIHRoYXQsIGpsb25nIGFyZzApOw==
1495	FUNCTION_OPEN	75632	75725	0	4f9b102b5370cdae012e6577c35138563bbb75588e2134e2bc32872b486799e8	CkpOSUVYUE9SVCBqaW50IEpOSUNBTEwgR2RpcF9OQVRJVkUoTWF0cml4XzFJbnZlcnQpCgkoSk5JRW52ICplbnYsIGpjbGFzcyB0aGF0LCBqbG9uZyBhcmcwKQp7
1496	STATEMENT	75725	75739	1	ab2eac128ef6225b35f40b35e2bd8fba39be8b3b6b281960b3c51646eba99890	CglqaW50IHJjID0gMDs=
1497	STATEMENT	75739	75791	1	e325bb25fa1a93d0c0962107903c9c6f32771cbf6a6abd2e93d5f44a71abcb65	CglHZGlwX05BVElWRV9FTlRFUihlbnYsIHRoYXQsIE1hdHJpeF8xSW52ZXJ0X0ZVTkMpOw==
1498	STATEMENT	75791	75831	1	78f1ab08851e649c01fd02a5165654f1ae99a8e4f2f662183886158d6108185b	CglyYyA9IChqaW50KSgoTWF0cml4ICopYXJnMCktPkludmVydCgpOw==
1499	STATEMENT	75831	75882	1	8d8dab77b626fbd80a2d10f3cc65ec8a029cb27ce4248bd870d0046128ddbde2	CglHZGlwX05BVElWRV9FWElUKGVudiwgdGhhdCwgTWF0cml4XzFJbnZlcnRfRlVOQyk7
1500	STATEMENT	75882	75894	1	a028c9c9501df4846ec72c7b4432d4a3cb499b36b781bb1c38853498151d0ba7	CglyZXR1cm4gcmM7
1501	FRAGMENT	75894	75895	1	01ba4719c80b6fe911b091a7c05124b64eeece964e09c058ef8f9805daca546b	Cg==
1502	BLOCK_CLOSE	75895	75896	0	d10b36aa74a59bcf4a88185837f658afaf3646eff2bb16c3928d0e9335e945d2	fQ==
1503	PREPROCESSOR	75896	75904	0	626de321eb397f6600939892a0009f31bc378f7e886f9acc5ec0af18db6a99a7	CiNlbmRpZgo=
1504	PREPROCESSOR	75904	75935	0	3d15a45e9116e5556a8736ba4389f0f4e000e01ad7673b6e13ac64d34758702d	CiNpZm5kZWYgTk9fTWF0cml4XzFJc0lkZW50aXR5Cg==
1505	STATEMENT	75935	76043	0	d837e241160ec17854d5fe7a16a515a2a363f0bbf01b532c3f17f55cb25aa376	ZXh0ZXJuICJDIiBKTklFWFBPUlQgamJvb2xlYW4gSk5JQ0FMTCBHZGlwX05BVElWRShNYXRyaXhfMUlzSWRlbnRpdHkpKEpOSUVudiAqZW52LCBqY2xhc3MgdGhhdCwgamxvbmcgYXJnMCk7
1506	FUNCTION_OPEN	76043	76144	0	59dcc247a387c32d65d234266caa135a887fca7396534922f24d854ccabdd1e5	CkpOSUVYUE9SVCBqYm9vbGVhbiBKTklDQUxMIEdkaXBfTkFUSVZFKE1hdHJpeF8xSXNJZGVudGl0eSkKCShKTklFbnYgKmVudiwgamNsYXNzIHRoYXQsIGpsb25nIGFyZzApCns=
1507	STATEMENT	76144	76162	1	6e389c725127046540fa228f0aca981232172a088ed5b7d88f2be6db7346caa1	CglqYm9vbGVhbiByYyA9IDA7
1508	STATEMENT	76162	76218	1	8c3b7fcf1a8476860fb85f51b1816966847901637a8bcb57acd74a4d04a550ad	CglHZGlwX05BVElWRV9FTlRFUihlbnYsIHRoYXQsIE1hdHJpeF8xSXNJZGVudGl0eV9GVU5DKTs=
1509	STATEMENT	76218	76266	1	9f4399f4cb7c15d5b5671c216d5b8ba815ac0ce4af3054ec2a9b994f352ed4ae	CglyYyA9IChqYm9vbGVhbikoKE1hdHJpeCAqKWFyZzApLT5Jc0lkZW50aXR5KCk7
1510	STATEMENT	76266	76321	1	8566ee60b6b78ec30bd18798b54386e50734cab074cad5654b71b353d883caf9	CglHZGlwX05BVElWRV9FWElUKGVudiwgdGhhdCwgTWF0cml4XzFJc0lkZW50aXR5X0ZVTkMpOw==
1511	STATEMENT	76321	76333	1	a028c9c9501df4846ec72c7b4432d4a3cb499b36b781bb1c38853498151d0ba7	CglyZXR1cm4gcmM7
1512	FRAGMENT	76333	76334	1	01ba4719c80b6fe911b091a7c05124b64eeece964e09c058ef8f9805daca546b	Cg==
1513	BLOCK_CLOSE	76334	76335	0	d10b36aa74a59bcf4a88185837f658afaf3646eff2bb16c3928d0e9335e945d2	fQ==
1514	PREPROCESSOR	76335	76343	0	626de321eb397f6600939892a0009f31bc378f7e886f9acc5ec0af18db6a99a7	CiNlbmRpZgo=
1515	PREPROCESSOR	76343	76372	0	8c69f31fc34d90fcfaa808440ff28b72c3710149fbfbf26d37a7f2ade67f0789	CiNpZm5kZWYgTk9fTWF0cml4XzFNdWx0aXBseQo=
1516	STATEMENT	76372	76497	0	e8fe21b29cdedfb287e13864f3460717aa73f9fe0896a3ab768f2e438b2fe46e	ZXh0ZXJuICJDIiBKTklFWFBPUlQgamludCBKTklDQUxMIEdkaXBfTkFUSVZFKE1hdHJpeF8xTXVsdGlwbHkpKEpOSUVudiAqZW52LCBqY2xhc3MgdGhhdCwgamxvbmcgYXJnMCwgamxvbmcgYXJnMSwgamludCBhcmcyKTs=
1517	FUNCTION_OPEN	76497	76615	0	5dd604bd908c64dceb2fec20715c37657fe50f3f590bc41ff89d4316802633c1	CkpOSUVYUE9SVCBqaW50IEpOSUNBTEwgR2RpcF9OQVRJVkUoTWF0cml4XzFNdWx0aXBseSkKCShKTklFbnYgKmVudiwgamNsYXNzIHRoYXQsIGpsb25nIGFyZzAsIGpsb25nIGFyZzEsIGppbnQgYXJnMikKew==
1518	STATEMENT	76615	76629	1	ab2eac128ef6225b35f40b35e2bd8fba39be8b3b6b281960b3c51646eba99890	CglqaW50IHJjID0gMDs=
1519	STATEMENT	76629	76683	1	4cba796b4f4585c5fbeac1b4c67ce398312c196446130f09a0d88b3babdd33fc	CglHZGlwX05BVElWRV9FTlRFUihlbnYsIHRoYXQsIE1hdHJpeF8xTXVsdGlwbHlfRlVOQyk7
1520	STATEMENT	76683	76758	1	40b92d933594aee877cc1b5d83f570608904cbc458c1de5cb8ce84e7a4fdefd2	CglyYyA9IChqaW50KSgoTWF0cml4ICopYXJnMCktPk11bHRpcGx5KChNYXRyaXggKilhcmcxLCAoTWF0cml4T3JkZXIpYXJnMik7
1521	STATEMENT	76758	76811	1	2c097d98b40ec5bb505c8f9d9dfb656fce37b72b3ee8280fc32e87e0532f9353	CglHZGlwX05BVElWRV9FWElUKGVudiwgdGhhdCwgTWF0cml4XzFNdWx0aXBseV9GVU5DKTs=
1522	STATEMENT	76811	76823	1	a028c9c9501df4846ec72c7b4432d4a3cb499b36b781bb1c38853498151d0ba7	CglyZXR1cm4gcmM7
1523	FRAGMENT	76823	76824	1	01ba4719c80b6fe911b091a7c05124b64eeece964e09c058ef8f9805daca546b	Cg==
1524	BLOCK_CLOSE	76824	76825	0	d10b36aa74a59bcf4a88185837f658afaf3646eff2bb16c3928d0e9335e945d2	fQ==
1525	PREPROCESSOR	76825	76833	0	626de321eb397f6600939892a0009f31bc378f7e886f9acc5ec0af18db6a99a7	CiNlbmRpZgo=
1526	PREPROCESSOR	76833	76860	0	b5504d9aedd27a8b79c72379f24a84c67aa4839d853186a0ae5d0060eedf0a0e	CiNpZm5kZWYgTk9fTWF0cml4XzFSb3RhdGUK
1527	STATEMENT	76860	76984	0	564747677645f4f413439440094e8cf970d4ccf82621bb4cd9bb40daa649f5a6	ZXh0ZXJuICJDIiBKTklFWFBPUlQgamludCBKTklDQUxMIEdkaXBfTkFUSVZFKE1hdHJpeF8xUm90YXRlKShKTklFbnYgKmVudiwgamNsYXNzIHRoYXQsIGpsb25nIGFyZzAsIGpmbG9hdCBhcmcxLCBqaW50IGFyZzIpOw==
1528	FUNCTION_OPEN	76984	77101	0	55336e38048cacdc871f296fdb821dceb49aed560d3208b5a84c6e9bd287aade	CkpOSUVYUE9SVCBqaW50IEpOSUNBTEwgR2RpcF9OQVRJVkUoTWF0cml4XzFSb3RhdGUpCgkoSk5JRW52ICplbnYsIGpjbGFzcyB0aGF0LCBqbG9uZyBhcmcwLCBqZmxvYXQgYXJnMSwgamludCBhcmcyKQp7
1529	STATEMENT	77101	77115	1	ab2eac128ef6225b35f40b35e2bd8fba39be8b3b6b281960b3c51646eba99890	CglqaW50IHJjID0gMDs=
1530	STATEMENT	77115	77167	1	d67369e37b0afc6634a997bfff3771393bb7f635b2bd009b47077211614430cf	CglHZGlwX05BVElWRV9FTlRFUihlbnYsIHRoYXQsIE1hdHJpeF8xUm90YXRlX0ZVTkMpOw==
1531	STATEMENT	77167	77236	1	90fc2c3d95b5d237aee46948b9c78750f89b2cd90898e7c30dae70ff37fea36e	CglyYyA9IChqaW50KSgoTWF0cml4ICopYXJnMCktPlJvdGF0ZSgoUkVBTClhcmcxLCAoTWF0cml4T3JkZXIpYXJnMik7
1532	STATEMENT	77236	77287	1	56157a1b07df09341810801cbc85cddbbacdcc7e99de02fd59a2beeae1caf607	CglHZGlwX05BVElWRV9FWElUKGVudiwgdGhhdCwgTWF0cml4XzFSb3RhdGVfRlVOQyk7
1533	STATEMENT	77287	77299	1	a028c9c9501df4846ec72c7b4432d4a3cb499b36b781bb1c38853498151d0ba7	CglyZXR1cm4gcmM7
1534	FRAGMENT	77299	77300	1	01ba4719c80b6fe911b091a7c05124b64eeece964e09c058ef8f9805daca546b	Cg==
1535	BLOCK_CLOSE	77300	77301	0	d10b36aa74a59bcf4a88185837f658afaf3646eff2bb16c3928d0e9335e945d2	fQ==
1536	PREPROCESSOR	77301	77309	0	626de321eb397f6600939892a0009f31bc378f7e886f9acc5ec0af18db6a99a7	CiNlbmRpZgo=
1537	PREPROCESSOR	77309	77335	0	f19cd659a44fc06d907a55f680cc275ed1c866da0fbdf09ae3d7f85ef71be8ab	CiNpZm5kZWYgTk9fTWF0cml4XzFTY2FsZQo=
1538	STATEMENT	77335	77471	0	098d1336230656d867b2fa629e0b61915778e5200535f439d751dac57cc87c15	ZXh0ZXJuICJDIiBKTklFWFBPUlQgamludCBKTklDQUxMIEdkaXBfTkFUSVZFKE1hdHJpeF8xU2NhbGUpKEpOSUVudiAqZW52LCBqY2xhc3MgdGhhdCwgamxvbmcgYXJnMCwgamZsb2F0IGFyZzEsIGpmbG9hdCBhcmcyLCBqaW50IGFyZzMpOw==
1539	FUNCTION_OPEN	77471	77600	0	0feaf0d516db3af017d8134a76c004a88d36b7e3568937d967439602fa423843	CkpOSUVYUE9SVCBqaW50IEpOSUNBTEwgR2RpcF9OQVRJVkUoTWF0cml4XzFTY2FsZSkKCShKTklFbnYgKmVudiwgamNsYXNzIHRoYXQsIGpsb25nIGFyZzAsIGpmbG9hdCBhcmcxLCBqZmxvYXQgYXJnMiwgamludCBhcmczKQp7
1540	STATEMENT	77600	77614	1	ab2eac128ef6225b35f40b35e2bd8fba39be8b3b6b281960b3c51646eba99890	CglqaW50IHJjID0gMDs=
1541	STATEMENT	77614	77665	1	c6ed15adfe62c79337c038dfb31c12d8883f4623b51f400b1cd6bfa51a7717ef	CglHZGlwX05BVElWRV9FTlRFUihlbnYsIHRoYXQsIE1hdHJpeF8xU2NhbGVfRlVOQyk7
1542	STATEMENT	77665	77745	1	a7685b34300038cdb8c6e37cc6e1b8900b3dfb088373e722a89281e80bedb2f0	CglyYyA9IChqaW50KSgoTWF0cml4ICopYXJnMCktPlNjYWxlKChSRUFMKWFyZzEsIChSRUFMKWFyZzIsIChNYXRyaXhPcmRlcilhcmczKTs=
1543	STATEMENT	77745	77795	1	6b5c79d4a903d399f4aec8ac83e313713a531aa3f4560d880c8ee88457e10815	CglHZGlwX05BVElWRV9FWElUKGVudiwgdGhhdCwgTWF0cml4XzFTY2FsZV9GVU5DKTs=
1544	STATEMENT	77795	77807	1	a028c9c9501df4846ec72c7b4432d4a3cb499b36b781bb1c38853498151d0ba7	CglyZXR1cm4gcmM7
1545	FRAGMENT	77807	77808	1	01ba4719c80b6fe911b091a7c05124b64eeece964e09c058ef8f9805daca546b	Cg==
1546	BLOCK_CLOSE	77808	77809	0	d10b36aa74a59bcf4a88185837f658afaf3646eff2bb16c3928d0e9335e945d2	fQ==
1547	PREPROCESSOR	77809	77817	0	626de321eb397f6600939892a0009f31bc378f7e886f9acc5ec0af18db6a99a7	CiNlbmRpZgo=
1548	PREPROCESSOR	77817	77849	0	9580f171a71d99082845fe7f1bb3ee7409d1dd8e351b4bac506028fba81d6449	CiNpZm5kZWYgTk9fTWF0cml4XzFTZXRFbGVtZW50cwo=
1549	STATEMENT	77849	78032	0	b9a3b201e30f4e12e56c5d1554e7b36f2aa53fbf1061ffca57481176df812202	ZXh0ZXJuICJDIiBKTklFWFBPUlQgamludCBKTklDQUxMIEdkaXBfTkFUSVZFKE1hdHJpeF8xU2V0RWxlbWVudHMpKEpOSUVudiAqZW52LCBqY2xhc3MgdGhhdCwgamxvbmcgYXJnMCwgamZsb2F0IGFyZzEsIGpmbG9hdCBhcmcyLCBqZmxvYXQgYXJnMywgamZsb2F0IGFyZzQsIGpmbG9hdCBhcmc1LCBqZmxvYXQgYXJnNik7
1550	FUNCTION_OPEN	78032	78208	0	59913a18c2775e3d653021759b138c0b7e462456c42422b913eff54b755939ac	CkpOSUVYUE9SVCBqaW50IEpOSUNBTEwgR2RpcF9OQVRJVkUoTWF0cml4XzFTZXRFbGVtZW50cykKCShKTklFbnYgKmVudiwgamNsYXNzIHRoYXQsIGpsb25nIGFyZzAsIGpmbG9hdCBhcmcxLCBqZmxvYXQgYXJnMiwgamZsb2F0IGFyZzMsIGpmbG9hdCBhcmc0LCBqZmxvYXQgYXJnNSwgamZsb2F0IGFyZzYpCns=
1551	STATEMENT	78208	78222	1	ab2eac128ef6225b35f40b35e2bd8fba39be8b3b6b281960b3c51646eba99890	CglqaW50IHJjID0gMDs=
1552	STATEMENT	78222	78279	1	e65efe10399796d9fe5ffc6ced38e7dce5a84e6219877cc132b74087da6a6a45	CglHZGlwX05BVElWRV9FTlRFUihlbnYsIHRoYXQsIE1hdHJpeF8xU2V0RWxlbWVudHNfRlVOQyk7
1553	STATEMENT	78279	78394	1	9629e6e0ae0e9b9a158f538a0893b28259a32075a664c8049dd6c8aea0824566	CglyYyA9IChqaW50KSgoTWF0cml4ICopYXJnMCktPlNldEVsZW1lbnRzKChSRUFMKWFyZzEsIChSRUFMKWFyZzIsIChSRUFMKWFyZzMsIChSRUFMKWFyZzQsIChSRUFMKWFyZzUsIChSRUFMKWFyZzYpOw==
1554	STATEMENT	78394	78450	1	ccc4da41b3767d590e321ecfba988154d89c393be847bf181ebecf3bc24f464f	CglHZGlwX05BVElWRV9FWElUKGVudiwgdGhhdCwgTWF0cml4XzFTZXRFbGVtZW50c19GVU5DKTs=
1555	STATEMENT	78450	78462	1	a028c9c9501df4846ec72c7b4432d4a3cb499b36b781bb1c38853498151d0ba7	CglyZXR1cm4gcmM7
1556	FRAGMENT	78462	78463	1	01ba4719c80b6fe911b091a7c05124b64eeece964e09c058ef8f9805daca546b	Cg==
1557	BLOCK_CLOSE	78463	78464	0	d10b36aa74a59bcf4a88185837f658afaf3646eff2bb16c3928d0e9335e945d2	fQ==
1558	PREPROCESSOR	78464	78472	0	626de321eb397f6600939892a0009f31bc378f7e886f9acc5ec0af18db6a99a7	CiNlbmRpZgo=
1559	PREPROCESSOR	78472	78498	0	a7b3432290cd5fbd056670011da6a8cbcb9739612bfb736d3143067641374cc6	CiNpZm5kZWYgTk9fTWF0cml4XzFTaGVhcgo=
1560	STATEMENT	78498	78634	0	578b3013ac5a16176ac8cf0cbe1f4fcf435b28d1381d86fe946a0f37386cba2b	ZXh0ZXJuICJDIiBKTklFWFBPUlQgamludCBKTklDQUxMIEdkaXBfTkFUSVZFKE1hdHJpeF8xU2hlYXIpKEpOSUVudiAqZW52LCBqY2xhc3MgdGhhdCwgamxvbmcgYXJnMCwgamZsb2F0IGFyZzEsIGpmbG9hdCBhcmcyLCBqaW50IGFyZzMpOw==
1561	FUNCTION_OPEN	78634	78763	0	f0e1f7411f0b372d3a7f6aa6b47b2253e358fe804dc5a905fef3f1e77aea6ce0	CkpOSUVYUE9SVCBqaW50IEpOSUNBTEwgR2RpcF9OQVRJVkUoTWF0cml4XzFTaGVhcikKCShKTklFbnYgKmVudiwgamNsYXNzIHRoYXQsIGpsb25nIGFyZzAsIGpmbG9hdCBhcmcxLCBqZmxvYXQgYXJnMiwgamludCBhcmczKQp7
1562	STATEMENT	78763	78777	1	ab2eac128ef6225b35f40b35e2bd8fba39be8b3b6b281960b3c51646eba99890	CglqaW50IHJjID0gMDs=
1563	STATEMENT	78777	78828	1	cf1f9cfcd8d21c788692c2d2d68ed8377139dc4e8ee3292b950aeb7539babff1	CglHZGlwX05BVElWRV9FTlRFUihlbnYsIHRoYXQsIE1hdHJpeF8xU2hlYXJfRlVOQyk7
1564	STATEMENT	78828	78908	1	97fd4ac4f831529ac780655c52c6860bd4a88aaeb714ae853571f7dfb5ddfb00	CglyYyA9IChqaW50KSgoTWF0cml4ICopYXJnMCktPlNoZWFyKChSRUFMKWFyZzEsIChSRUFMKWFyZzIsIChNYXRyaXhPcmRlcilhcmczKTs=
1565	STATEMENT	78908	78958	1	06433b96bd1aff0d89dac09c31957bf6816d74c8b6e5455eff26435ee2e6651e	CglHZGlwX05BVElWRV9FWElUKGVudiwgdGhhdCwgTWF0cml4XzFTaGVhcl9GVU5DKTs=
1566	STATEMENT	78958	78970	1	a028c9c9501df4846ec72c7b4432d4a3cb499b36b781bb1c38853498151d0ba7	CglyZXR1cm4gcmM7
1567	FRAGMENT	78970	78971	1	01ba4719c80b6fe911b091a7c05124b64eeece964e09c058ef8f9805daca546b	Cg==
1568	BLOCK_CLOSE	78971	78972	0	d10b36aa74a59bcf4a88185837f658afaf3646eff2bb16c3928d0e9335e945d2	fQ==
1569	PREPROCESSOR	78972	78980	0	626de321eb397f6600939892a0009f31bc378f7e886f9acc5ec0af18db6a99a7	CiNlbmRpZgo=
1570	PREPROCESSOR	78980	79059	0	edbbecb6bd37142b5d88ba2c16baea5bb28c9884871fec876f665e60cf5f167a	CiNpZm5kZWYgTk9fTWF0cml4XzFUcmFuc2Zvcm1Qb2ludHNfX0pMb3JnX2VjbGlwc2Vfc3d0X2ludGVybmFsX2dkaXBfUG9pbnRGXzJJCg==
1571	STATEMENT	79059	79236	0	1a101c4e242fb48ceb69a1faead39a225679a98626ef3eca32b334717a940917	ZXh0ZXJuICJDIiBKTklFWFBPUlQgamludCBKTklDQUxMIEdkaXBfTkFUSVZFKE1hdHJpeF8xVHJhbnNmb3JtUG9pbnRzX19KTG9yZ19lY2xpcHNlX3N3dF9pbnRlcm5hbF9nZGlwX1BvaW50Rl8ySSkoSk5JRW52ICplbnYsIGpjbGFzcyB0aGF0LCBqbG9uZyBhcmcwLCBqb2JqZWN0IGFyZzEsIGppbnQgYXJnMik7
1572	FUNCTION_OPEN	79236	79406	0	2ddfd45a34909e861065e280eb3409892c26522cb0f131f62634e131022317c0	CkpOSUVYUE9SVCBqaW50IEpOSUNBTEwgR2RpcF9OQVRJVkUoTWF0cml4XzFUcmFuc2Zvcm1Qb2ludHNfX0pMb3JnX2VjbGlwc2Vfc3d0X2ludGVybmFsX2dkaXBfUG9pbnRGXzJJKQoJKEpOSUVudiAqZW52LCBqY2xhc3MgdGhhdCwgamxvbmcgYXJnMCwgam9iamVjdCBhcmcxLCBqaW50IGFyZzIpCns=
1573	STATEMENT	79406	79435	1	32191d7768b915e30092992dca2abb973ef26a7b34e49c0bc3662fbc14c9f153	CglQb2ludEYgX2FyZzEsICpscGFyZzE9TlVMTDs=
1574	STATEMENT	79435	79449	1	ab2eac128ef6225b35f40b35e2bd8fba39be8b3b6b281960b3c51646eba99890	CglqaW50IHJjID0gMDs=
1575	STATEMENT	79449	79553	1	3fb4db8083971cd1ca25890f5d2ad798bfeae7c6596637ac364cc9066835bccb	CglHZGlwX05BVElWRV9FTlRFUihlbnYsIHRoYXQsIE1hdHJpeF8xVHJhbnNmb3JtUG9pbnRzX19KTG9yZ19lY2xpcHNlX3N3dF9pbnRlcm5hbF9nZGlwX1BvaW50Rl8ySV9GVU5DKTs=
1576	STATEMENT	79553	79634	1	005d93a7c9565c148cfbc0706c0b9f0e73ba8ad4b629bb60605cb40e4faf3a17	CglpZiAoYXJnMSkgaWYgKChscGFyZzEgPSBnZXRQb2ludEZGaWVsZHMoZW52LCBhcmcxLCAmX2FyZzEpKSA9PSBOVUxMKSBnb3RvIGZhaWw7
1577	STATEMENT	79634	79695	1	39f2327285f93f397e37a2fccaa781e77286bd54f5c037aabe94c2d152927866	CglyYyA9IChqaW50KSgoTWF0cml4ICopYXJnMCktPlRyYW5zZm9ybVBvaW50cyhscGFyZzEsIGFyZzIpOw==
1578	STATEMENT	79695	79758	1	15536ba36d86c1a90710da69c967b97ce04a6066c1d766c86908d242c821c68b	CmZhaWw6CglpZiAoYXJnMSAmJiBscGFyZzEpIHNldFBvaW50RkZpZWxkcyhlbnYsIGFyZzEsIGxwYXJnMSk7
1579	STATEMENT	79758	79861	1	f212dc094d0677491731bfe7cbc27ba2135a49c01cced90f9ce15f226c3e93e7	CglHZGlwX05BVElWRV9FWElUKGVudiwgdGhhdCwgTWF0cml4XzFUcmFuc2Zvcm1Qb2ludHNfX0pMb3JnX2VjbGlwc2Vfc3d0X2ludGVybmFsX2dkaXBfUG9pbnRGXzJJX0ZVTkMpOw==
1580	STATEMENT	79861	79873	1	a028c9c9501df4846ec72c7b4432d4a3cb499b36b781bb1c38853498151d0ba7	CglyZXR1cm4gcmM7
1581	FRAGMENT	79873	79874	1	01ba4719c80b6fe911b091a7c05124b64eeece964e09c058ef8f9805daca546b	Cg==
1582	BLOCK_CLOSE	79874	79875	0	d10b36aa74a59bcf4a88185837f658afaf3646eff2bb16c3928d0e9335e945d2	fQ==
1583	PREPROCESSOR	79875	79883	0	626de321eb397f6600939892a0009f31bc378f7e886f9acc5ec0af18db6a99a7	CiNlbmRpZgo=
1584	PREPROCESSOR	79883	79926	0	400f815a89cfdccda9f0f32c11b02114c3783e398b0513e212decff586588fa8	CiNpZm5kZWYgTk9fTWF0cml4XzFUcmFuc2Zvcm1Qb2ludHNfX0pfM0ZJCg==
1585	STATEMENT	79926	80071	0	023fcbda0e263d3bf077b5f25a1cdee1a5b11860b351b03ed4e5601844aa66c1	ZXh0ZXJuICJDIiBKTklFWFBPUlQgamludCBKTklDQUxMIEdkaXBfTkFUSVZFKE1hdHJpeF8xVHJhbnNmb3JtUG9pbnRzX19KXzNGSSkoSk5JRW52ICplbnYsIGpjbGFzcyB0aGF0LCBqbG9uZyBhcmcwLCBqZmxvYXRBcnJheSBhcmcxLCBqaW50IGFyZzIpOw==
1586	FUNCTION_OPEN	80071	80209	0	8214b5f75d2ccb1ac9ea1259915186eed1c044018efb03f4fb352fe81dbdd230	CkpOSUVYUE9SVCBqaW50IEpOSUNBTEwgR2RpcF9OQVRJVkUoTWF0cml4XzFUcmFuc2Zvcm1Qb2ludHNfX0pfM0ZJKQoJKEpOSUVudiAqZW52LCBqY2xhc3MgdGhhdCwgamxvbmcgYXJnMCwgamZsb2F0QXJyYXkgYXJnMSwgamludCBhcmcyKQp7
1587	STATEMENT	80209	80231	1	49650f86e1dc7ab90eda1c647c5aaea410e029d26851789a23a3e73b4ea163ac	CglqZmxvYXQgKmxwYXJnMT1OVUxMOw==
1588	STATEMENT	80231	80245	1	ab2eac128ef6225b35f40b35e2bd8fba39be8b3b6b281960b3c51646eba99890	CglqaW50IHJjID0gMDs=
1589	STATEMENT	80245	80313	1	55f5893ec484725a799a5c629b97d3e652baf8f17da689cabf75a7b8a7397eee	CglHZGlwX05BVElWRV9FTlRFUihlbnYsIHRoYXQsIE1hdHJpeF8xVHJhbnNmb3JtUG9pbnRzX19KXzNGSV9GVU5DKTs=
1590	STATEMENT	80313	80398	1	c9817cb36629bf67d2039ea4e2137566e405ad36e68895151368d118dba89ab8	CglpZiAoYXJnMSkgaWYgKChscGFyZzEgPSBlbnYtPkdldEZsb2F0QXJyYXlFbGVtZW50cyhhcmcxLCBOVUxMKSkgPT0gTlVMTCkgZ290byBmYWlsOw==
1591	STATEMENT	80398	80469	1	b18358b8faf87dcddff6ac5b1a21ba82503b2a7e4004af8c8c5b900eb2431348	CglyYyA9IChqaW50KSgoTWF0cml4ICopYXJnMCktPlRyYW5zZm9ybVBvaW50cygoUG9pbnRGICopbHBhcmcxLCBhcmcyKTs=
1592	STATEMENT	80469	80545	1	83ddaaa224427a9c6275af3a572bc3d6e2a3d100ce3bdf1d2846c51f4b365201	CmZhaWw6CglpZiAoYXJnMSAmJiBscGFyZzEpIGVudi0+UmVsZWFzZUZsb2F0QXJyYXlFbGVtZW50cyhhcmcxLCBscGFyZzEsIDApOw==
1593	STATEMENT	80545	80612	1	ada38b45b7c7b27dcc0a1261acef913c458fe013007cebd9110d3652d8046428	CglHZGlwX05BVElWRV9FWElUKGVudiwgdGhhdCwgTWF0cml4XzFUcmFuc2Zvcm1Qb2ludHNfX0pfM0ZJX0ZVTkMpOw==
1594	STATEMENT	80612	80624	1	a028c9c9501df4846ec72c7b4432d4a3cb499b36b781bb1c38853498151d0ba7	CglyZXR1cm4gcmM7
1595	FRAGMENT	80624	80625	1	01ba4719c80b6fe911b091a7c05124b64eeece964e09c058ef8f9805daca546b	Cg==
1596	BLOCK_CLOSE	80625	80626	0	d10b36aa74a59bcf4a88185837f658afaf3646eff2bb16c3928d0e9335e945d2	fQ==
1597	PREPROCESSOR	80626	80634	0	626de321eb397f6600939892a0009f31bc378f7e886f9acc5ec0af18db6a99a7	CiNlbmRpZgo=
1598	PREPROCESSOR	80634	80671	0	51d487e06df3dcdc9eccad661a7d69d87da0f3d25782de0a87bd9ce32f18e01a	CiNpZm5kZWYgTk9fTWF0cml4XzFUcmFuc2Zvcm1WZWN0b3JzCg==
1599	STATEMENT	80671	80806	0	be4b9ac7f2e5cacafe761ccce8a8253499716b9c69a2c65cf50916c4d3f0a4cc	ZXh0ZXJuICJDIiBKTklFWFBPUlQgamludCBKTklDQUxMIEdkaXBfTkFUSVZFKE1hdHJpeF8xVHJhbnNmb3JtVmVjdG9ycykoSk5JRW52ICplbnYsIGpjbGFzcyB0aGF0LCBqbG9uZyBhcmcwLCBqb2JqZWN0IGFyZzEsIGppbnQgYXJnMik7
1600	FUNCTION_OPEN	80806	80934	0	cb50fb5dd30b4394368b783f46ec62b2d44709bcefb489b74e4f165e0ea40503	CkpOSUVYUE9SVCBqaW50IEpOSUNBTEwgR2RpcF9OQVRJVkUoTWF0cml4XzFUcmFuc2Zvcm1WZWN0b3JzKQoJKEpOSUVudiAqZW52LCBqY2xhc3MgdGhhdCwgamxvbmcgYXJnMCwgam9iamVjdCBhcmcxLCBqaW50IGFyZzIpCns=
1601	STATEMENT	80934	80963	1	32191d7768b915e30092992dca2abb973ef26a7b34e49c0bc3662fbc14c9f153	CglQb2ludEYgX2FyZzEsICpscGFyZzE9TlVMTDs=
1602	STATEMENT	80963	80977	1	ab2eac128ef6225b35f40b35e2bd8fba39be8b3b6b281960b3c51646eba99890	CglqaW50IHJjID0gMDs=
1603	STATEMENT	80977	81039	1	f97facd75fef3426c00fa270010590998b78428e0dbb03cac778eded030db3e9	CglHZGlwX05BVElWRV9FTlRFUihlbnYsIHRoYXQsIE1hdHJpeF8xVHJhbnNmb3JtVmVjdG9yc19GVU5DKTs=
1604	STATEMENT	81039	81120	1	005d93a7c9565c148cfbc0706c0b9f0e73ba8ad4b629bb60605cb40e4faf3a17	CglpZiAoYXJnMSkgaWYgKChscGFyZzEgPSBnZXRQb2ludEZGaWVsZHMoZW52LCBhcmcxLCAmX2FyZzEpKSA9PSBOVUxMKSBnb3RvIGZhaWw7
1605	STATEMENT	81120	81182	1	6d441fa1e237da47bfa631a9f250a3ed18630103d7a70451d29313d8228a07a2	CglyYyA9IChqaW50KSgoTWF0cml4ICopYXJnMCktPlRyYW5zZm9ybVZlY3RvcnMobHBhcmcxLCBhcmcyKTs=
1606	STATEMENT	81182	81245	1	15536ba36d86c1a90710da69c967b97ce04a6066c1d766c86908d242c821c68b	CmZhaWw6CglpZiAoYXJnMSAmJiBscGFyZzEpIHNldFBvaW50RkZpZWxkcyhlbnYsIGFyZzEsIGxwYXJnMSk7
1607	STATEMENT	81245	81306	1	916ac609f18b7336d405dd978581f0ba35302f5f1215bdc250c2a62dae925633	CglHZGlwX05BVElWRV9FWElUKGVudiwgdGhhdCwgTWF0cml4XzFUcmFuc2Zvcm1WZWN0b3JzX0ZVTkMpOw==
1608	STATEMENT	81306	81318	1	a028c9c9501df4846ec72c7b4432d4a3cb499b36b781bb1c38853498151d0ba7	CglyZXR1cm4gcmM7
1609	FRAGMENT	81318	81319	1	01ba4719c80b6fe911b091a7c05124b64eeece964e09c058ef8f9805daca546b	Cg==
1610	BLOCK_CLOSE	81319	81320	0	d10b36aa74a59bcf4a88185837f658afaf3646eff2bb16c3928d0e9335e945d2	fQ==
1611	PREPROCESSOR	81320	81328	0	626de321eb397f6600939892a0009f31bc378f7e886f9acc5ec0af18db6a99a7	CiNlbmRpZgo=
1612	PREPROCESSOR	81328	81358	0	d8e89a2435bc37d42c9082f14082e1ba8be866979190d0e90cff413d3de57d13	CiNpZm5kZWYgTk9fTWF0cml4XzFUcmFuc2xhdGUK
1613	STATEMENT	81358	81498	0	5cc1760c4a13f6829a054a9d4301b8db2d2898c3b4fe116f8f3ef14194852510	ZXh0ZXJuICJDIiBKTklFWFBPUlQgamludCBKTklDQUxMIEdkaXBfTkFUSVZFKE1hdHJpeF8xVHJhbnNsYXRlKShKTklFbnYgKmVudiwgamNsYXNzIHRoYXQsIGpsb25nIGFyZzAsIGpmbG9hdCBhcmcxLCBqZmxvYXQgYXJnMiwgamludCBhcmczKTs=
1614	FUNCTION_OPEN	81498	81631	0	be07d7a06870b6fef3895fa4773a826d46a6f889f121621f584ca56597ac09bc	CkpOSUVYUE9SVCBqaW50IEpOSUNBTEwgR2RpcF9OQVRJVkUoTWF0cml4XzFUcmFuc2xhdGUpCgkoSk5JRW52ICplbnYsIGpjbGFzcyB0aGF0LCBqbG9uZyBhcmcwLCBqZmxvYXQgYXJnMSwgamZsb2F0IGFyZzIsIGppbnQgYXJnMykKew==
1615	STATEMENT	81631	81645	1	ab2eac128ef6225b35f40b35e2bd8fba39be8b3b6b281960b3c51646eba99890	CglqaW50IHJjID0gMDs=
1616	STATEMENT	81645	81700	1	5a7ec09df965ccd378b29118e93b84b2bb84d8d51cf725f1f39cd40158763b8f	CglHZGlwX05BVElWRV9FTlRFUihlbnYsIHRoYXQsIE1hdHJpeF8xVHJhbnNsYXRlX0ZVTkMpOw==
1617	STATEMENT	81700	81784	1	2c24e57fcd572af85beb8f551ae084c9d7081d11d030491b18e79e5dacf431c5	CglyYyA9IChqaW50KSgoTWF0cml4ICopYXJnMCktPlRyYW5zbGF0ZSgoUkVBTClhcmcxLCAoUkVBTClhcmcyLCAoTWF0cml4T3JkZXIpYXJnMyk7
1618	STATEMENT	81784	81838	1	19468ee1085dc6e7976868d2b66cfe11f1b633afe26959c416cd4d3465b01e13	CglHZGlwX05BVElWRV9FWElUKGVudiwgdGhhdCwgTWF0cml4XzFUcmFuc2xhdGVfRlVOQyk7
1619	STATEMENT	81838	81850	1	a028c9c9501df4846ec72c7b4432d4a3cb499b36b781bb1c38853498151d0ba7	CglyZXR1cm4gcmM7
1620	FRAGMENT	81850	81851	1	01ba4719c80b6fe911b091a7c05124b64eeece964e09c058ef8f9805daca546b	Cg==
1621	BLOCK_CLOSE	81851	81852	0	d10b36aa74a59bcf4a88185837f658afaf3646eff2bb16c3928d0e9335e945d2	fQ==
1622	PREPROCESSOR	81852	81860	0	626de321eb397f6600939892a0009f31bc378f7e886f9acc5ec0af18db6a99a7	CiNlbmRpZgo=
1623	PREPROCESSOR	81860	81887	0	e2419e5ff0c7f3a9fb2244d04ddffe18401b8b2ec0d247723d1d118d482b7263	CiNpZm5kZWYgTk9fTWF0cml4XzFkZWxldGUK
1624	STATEMENT	81887	81987	0	f6ea8c9afec8af6a105ad5255de35711456a1de012a5932ff87e1900c839a209	ZXh0ZXJuICJDIiBKTklFWFBPUlQgdm9pZCBKTklDQUxMIEdkaXBfTkFUSVZFKE1hdHJpeF8xZGVsZXRlKShKTklFbnYgKmVudiwgamNsYXNzIHRoYXQsIGpsb25nIGFyZzApOw==
1625	FUNCTION_OPEN	81987	82080	0	c3f9d51ca3fae127ec2fdaadafbc308e6e3aaaecd3604e682d2fdb928ca8ba79	CkpOSUVYUE9SVCB2b2lkIEpOSUNBTEwgR2RpcF9OQVRJVkUoTWF0cml4XzFkZWxldGUpCgkoSk5JRW52ICplbnYsIGpjbGFzcyB0aGF0LCBqbG9uZyBhcmcwKQp7
1626	STATEMENT	82080	82132	1	b109f0baf50e21d6a0fce1b787f40d0994d8d732649f0959f2109c4bee9ac6e4	CglHZGlwX05BVElWRV9FTlRFUihlbnYsIHRoYXQsIE1hdHJpeF8xZGVsZXRlX0ZVTkMpOw==
1627	STATEMENT	82132	82156	1	1f24af866cd8440229eeb51a927341c0c69498cf7d22eb4ae2a084a4fb364c77	CglkZWxldGUgKE1hdHJpeCAqKWFyZzA7
1628	STATEMENT	82156	82207	1	232cd6d5a55e312670c0da548c6e21ccbb96f3aad6f59ebf1aeb4e1e0a9b4e73	CglHZGlwX05BVElWRV9FWElUKGVudiwgdGhhdCwgTWF0cml4XzFkZWxldGVfRlVOQyk7
1629	FRAGMENT	82207	82208	1	01ba4719c80b6fe911b091a7c05124b64eeece964e09c058ef8f9805daca546b	Cg==
1630	BLOCK_CLOSE	82208	82209	0	d10b36aa74a59bcf4a88185837f658afaf3646eff2bb16c3928d0e9335e945d2	fQ==
1631	PREPROCESSOR	82209	82217	0	626de321eb397f6600939892a0009f31bc378f7e886f9acc5ec0af18db6a99a7	CiNlbmRpZgo=
1632	PREPROCESSOR	82217	82241	0	727c840b2712c5142c64da2198ab745bfc28f1bf55407ed886f1f3f17510cdb8	CiNpZm5kZWYgTk9fTWF0cml4XzFuZXcK
1633	STATEMENT	82241	82405	0	3179263db3525b778da1d2d5060d9ffb7ae8223a46977d109f6cc217d3b1a07b	ZXh0ZXJuICJDIiBKTklFWFBPUlQgamxvbmcgSk5JQ0FMTCBHZGlwX05BVElWRShNYXRyaXhfMW5ldykoSk5JRW52ICplbnYsIGpjbGFzcyB0aGF0LCBqZmxvYXQgYXJnMCwgamZsb2F0IGFyZzEsIGpmbG9hdCBhcmcyLCBqZmxvYXQgYXJnMywgamZsb2F0IGFyZzQsIGpmbG9hdCBhcmc1KTs=
1634	FUNCTION_OPEN	82405	82562	0	c35ae01ff7c70b2ae7ca1f69440bb920603408f1092590da59792e4ded1c9757	CkpOSUVYUE9SVCBqbG9uZyBKTklDQUxMIEdkaXBfTkFUSVZFKE1hdHJpeF8xbmV3KQoJKEpOSUVudiAqZW52LCBqY2xhc3MgdGhhdCwgamZsb2F0IGFyZzAsIGpmbG9hdCBhcmcxLCBqZmxvYXQgYXJnMiwgamZsb2F0IGFyZzMsIGpmbG9hdCBhcmc0LCBqZmxvYXQgYXJnNSkKew==
1635	STATEMENT	82562	82577	1	3411ceb5951bc52321d8d6cf00df310a159211846b0264e08db2a18b94173633	CglqbG9uZyByYyA9IDA7
1636	STATEMENT	82577	82626	1	fa4858d088030b1ac6fd27844d07ad52e632131daf49a87081d4cd9f50451a09	CglHZGlwX05BVElWRV9FTlRFUihlbnYsIHRoYXQsIE1hdHJpeF8xbmV3X0ZVTkMpOw==
1637	STATEMENT	82626	82723	1	90d15170c8015e510e13bde55b5de6c37fd032f541dec8945c95fab7eaa437bb	CglyYyA9IChqbG9uZyluZXcgTWF0cml4KChSRUFMKWFyZzAsIChSRUFMKWFyZzEsIChSRUFMKWFyZzIsIChSRUFMKWFyZzMsIChSRUFMKWFyZzQsIChSRUFMKWFyZzUpOw==
1638	STATEMENT	82723	82771	1	deea1c80f9559936c5813e72f592f5f56b60f2fc08da3ebf870c1735dfc48a86	CglHZGlwX05BVElWRV9FWElUKGVudiwgdGhhdCwgTWF0cml4XzFuZXdfRlVOQyk7
1639	STATEMENT	82771	82783	1	a028c9c9501df4846ec72c7b4432d4a3cb499b36b781bb1c38853498151d0ba7	CglyZXR1cm4gcmM7
1640	FRAGMENT	82783	82784	1	01ba4719c80b6fe911b091a7c05124b64eeece964e09c058ef8f9805daca546b	Cg==
1641	BLOCK_CLOSE	82784	82785	0	d10b36aa74a59bcf4a88185837f658afaf3646eff2bb16c3928d0e9335e945d2	fQ==
1642	PREPROCESSOR	82785	82793	0	626de321eb397f6600939892a0009f31bc378f7e886f9acc5ec0af18db6a99a7	CiNlbmRpZgo=
1643	PREPROCESSOR	82793	82862	0	1b690735a99f92c39de8b521a24f06f022851af5236e91d05dde3f150e66a5c9	CiNpZm5kZWYgTk9fTW92ZU1lbW9yeV9fTG9yZ19lY2xpcHNlX3N3dF9pbnRlcm5hbF9nZGlwX0JpdG1hcERhdGFfMkoK
1644	STATEMENT	82862	83018	0	a4f2091d1dc0741fdabc6675b8ac50f7f3d379f5b61e14eb7080a5bce548702b	ZXh0ZXJuICJDIiBKTklFWFBPUlQgdm9pZCBKTklDQUxMIEdkaXBfTkFUSVZFKE1vdmVNZW1vcnlfX0xvcmdfZWNsaXBzZV9zd3RfaW50ZXJuYWxfZ2RpcF9CaXRtYXBEYXRhXzJKKShKTklFbnYgKmVudiwgamNsYXNzIHRoYXQsIGpvYmplY3QgYXJnMCwgamxvbmcgYXJnMSk7
1645	FUNCTION_OPEN	83018	83167	0	05e53c9b3e4cd56f243fcfc5b9c29340c5d2e332432354ac6991cb9420973707	CkpOSUVYUE9SVCB2b2lkIEpOSUNBTEwgR2RpcF9OQVRJVkUoTW92ZU1lbW9yeV9fTG9yZ19lY2xpcHNlX3N3dF9pbnRlcm5hbF9nZGlwX0JpdG1hcERhdGFfMkopCgkoSk5JRW52ICplbnYsIGpjbGFzcyB0aGF0LCBqb2JqZWN0IGFyZzAsIGpsb25nIGFyZzEpCns=
1646	STATEMENT	83167	83261	1	e7b0fb358d6a38d20b98063a7f582660b19f220706e20950bbbccb0f0e3383f9	CglHZGlwX05BVElWRV9FTlRFUihlbnYsIHRoYXQsIE1vdmVNZW1vcnlfX0xvcmdfZWNsaXBzZV9zd3RfaW50ZXJuYWxfZ2RpcF9CaXRtYXBEYXRhXzJKX0ZVTkMpOw==
1647	STATEMENT	83261	83324	1	11bf5fd408a2207ac0151ba1535975035c17a19e82463a4e4b57672b9f7a45d1	CglpZiAoYXJnMCkgc2V0Qml0bWFwRGF0YUZpZWxkcyhlbnYsIGFyZzAsIChCaXRtYXBEYXRhICopYXJnMSk7
1648	STATEMENT	83324	83417	1	f9896c81374449bdddc82618e0d692df8ea86d0b5b2d491b677905bb9bb98465	CglHZGlwX05BVElWRV9FWElUKGVudiwgdGhhdCwgTW92ZU1lbW9yeV9fTG9yZ19lY2xpcHNlX3N3dF9pbnRlcm5hbF9nZGlwX0JpdG1hcERhdGFfMkpfRlVOQyk7
1649	FRAGMENT	83417	83418	1	01ba4719c80b6fe911b091a7c05124b64eeece964e09c058ef8f9805daca546b	Cg==
1650	BLOCK_CLOSE	83418	83419	0	d10b36aa74a59bcf4a88185837f658afaf3646eff2bb16c3928d0e9335e945d2	fQ==
1651	PREPROCESSOR	83419	83427	0	626de321eb397f6600939892a0009f31bc378f7e886f9acc5ec0af18db6a99a7	CiNlbmRpZgo=
1652	PREPROCESSOR	83427	83499	0	6e036d27f480cf2919bc955257714b26ec62d1aaa14f977ddb49da090fd60ef6	CiNpZm5kZWYgTk9fTW92ZU1lbW9yeV9fTG9yZ19lY2xpcHNlX3N3dF9pbnRlcm5hbF9nZGlwX0NvbG9yUGFsZXR0ZV8ySkkK
1653	STATEMENT	83499	83669	0	934ccb45f02c5ad42d8b66a988c589afbee2e4909ca439d96535e62d6fd66d18	ZXh0ZXJuICJDIiBKTklFWFBPUlQgdm9pZCBKTklDQUxMIEdkaXBfTkFUSVZFKE1vdmVNZW1vcnlfX0xvcmdfZWNsaXBzZV9zd3RfaW50ZXJuYWxfZ2RpcF9Db2xvclBhbGV0dGVfMkpJKShKTklFbnYgKmVudiwgamNsYXNzIHRoYXQsIGpvYmplY3QgYXJnMCwgamxvbmcgYXJnMSwgamludCBhcmcyKTs=
1654	FUNCTION_OPEN	83669	83832	0	3ed51cbeb89197feaac97fd88fab61c6258772cc873fa8df4ad149192e51ecbd	CkpOSUVYUE9SVCB2b2lkIEpOSUNBTEwgR2RpcF9OQVRJVkUoTW92ZU1lbW9yeV9fTG9yZ19lY2xpcHNlX3N3dF9pbnRlcm5hbF9nZGlwX0NvbG9yUGFsZXR0ZV8ySkkpCgkoSk5JRW52ICplbnYsIGpjbGFzcyB0aGF0LCBqb2JqZWN0IGFyZzAsIGpsb25nIGFyZzEsIGppbnQgYXJnMikKew==
1655	STATEMENT	83832	83867	1	5c90434af7c157794908b5215c3f73d4701bbe495a01768f46f1a9f0f5f16f01	CglDb2xvclBhbGV0dGUgX2FyZzAsICpscGFyZzA9TlVMTDs=
1656	STATEMENT	83867	83964	1	a3213e112f6ffd39f3d588e1df6e8ab31f54740e57cca1cffdd1da323bf9b6df	CglHZGlwX05BVElWRV9FTlRFUihlbnYsIHRoYXQsIE1vdmVNZW1vcnlfX0xvcmdfZWNsaXBzZV9zd3RfaW50ZXJuYWxfZ2RpcF9Db2xvclBhbGV0dGVfMkpJX0ZVTkMpOw==
1657	STATEMENT	83964	84051	1	e2e4fb00207702d89f2646b10d24cb1de56a71bbf2c656fce6b7f24514a53a2b	CglpZiAoYXJnMCkgaWYgKChscGFyZzAgPSBnZXRDb2xvclBhbGV0dGVGaWVsZHMoZW52LCBhcmcwLCAmX2FyZzApKSA9PSBOVUxMKSBnb3RvIGZhaWw7
1658	STATEMENT	84051	84104	1	547155a72b0bd783f78b7f01cd68750f33f8a3f0bef288b9c5f6e044da54782e	CglNb3ZlTWVtb3J5KChQVk9JRClscGFyZzAsIChDT05TVCBWT0lEKilhcmcxLCBhcmcyKTs=
1659	STATEMENT	84104	84173	1	2b646d2571c747d290ab239c15820730998beba4df2cd0276e6a166a948652c1	CmZhaWw6CglpZiAoYXJnMCAmJiBscGFyZzApIHNldENvbG9yUGFsZXR0ZUZpZWxkcyhlbnYsIGFyZzAsIGxwYXJnMCk7
1660	STATEMENT	84173	84269	1	874b24d153953ebdf5c978486dd402da405cb3c06c063b4c52b0fda2d8831c23	CglHZGlwX05BVElWRV9FWElUKGVudiwgdGhhdCwgTW92ZU1lbW9yeV9fTG9yZ19lY2xpcHNlX3N3dF9pbnRlcm5hbF9nZGlwX0NvbG9yUGFsZXR0ZV8ySklfRlVOQyk7
1661	FRAGMENT	84269	84270	1	01ba4719c80b6fe911b091a7c05124b64eeece964e09c058ef8f9805daca546b	Cg==
1662	BLOCK_CLOSE	84270	84271	0	d10b36aa74a59bcf4a88185837f658afaf3646eff2bb16c3928d0e9335e945d2	fQ==
1663	PREPROCESSOR	84271	84279	0	626de321eb397f6600939892a0009f31bc378f7e886f9acc5ec0af18db6a99a7	CiNlbmRpZgo=
1664	PREPROCESSOR	84279	84325	0	6c8c41680523464f5051d688bb23905d683bccf4ec12976cb85cfea4369b7c18	CiNpZm5kZWYgTk9fUGF0aEdyYWRpZW50QnJ1c2hfMVNldENlbnRlckNvbG9yCg==
1665	STATEMENT	84325	84455	0	9617ce5f021009f8e62ff883a9c0b093608bfebd7a9f1518c1159df7804db8dd	ZXh0ZXJuICJDIiBKTklFWFBPUlQgamludCBKTklDQUxMIEdkaXBfTkFUSVZFKFBhdGhHcmFkaWVudEJydXNoXzFTZXRDZW50ZXJDb2xvcikoSk5JRW52ICplbnYsIGpjbGFzcyB0aGF0LCBqbG9uZyBhcmcwLCBqaW50IGFyZzEpOw==
1666	FUNCTION_OPEN	84455	84578	0	2f793801bba2386c6f8d11c9ac358110ac2359ef62cd294c5006478d6f61e50c	CkpOSUVYUE9SVCBqaW50IEpOSUNBTEwgR2RpcF9OQVRJVkUoUGF0aEdyYWRpZW50QnJ1c2hfMVNldENlbnRlckNvbG9yKQoJKEpOSUVudiAqZW52LCBqY2xhc3MgdGhhdCwgamxvbmcgYXJnMCwgamludCBhcmcxKQp7
1667	STATEMENT	84578	84592	1	ab2eac128ef6225b35f40b35e2bd8fba39be8b3b6b281960b3c51646eba99890	CglqaW50IHJjID0gMDs=
1668	STATEMENT	84592	84663	1	cf5e2530f41d702deabac0f1034c2208acab509eaea070a8db5b93afb8e69df9	CglHZGlwX05BVElWRV9FTlRFUihlbnYsIHRoYXQsIFBhdGhHcmFkaWVudEJydXNoXzFTZXRDZW50ZXJDb2xvcl9GVU5DKTs=
1669	STATEMENT	84663	84733	1	e3b4d1f0861ede4bfc334b9c62349af846ad600dbf66910a4ee488a81eb89cac	CglyYyA9IChqaW50KSgoUGF0aEdyYWRpZW50QnJ1c2ggKilhcmcwKS0+U2V0Q2VudGVyQ29sb3IoKENvbG9yKWFyZzEpOw==
1670	STATEMENT	84733	84803	1	6cfc8142c81e748e22ea0f66d5678d2ab46e5ff9496967ac2bf615b8cb6921e2	CglHZGlwX05BVElWRV9FWElUKGVudiwgdGhhdCwgUGF0aEdyYWRpZW50QnJ1c2hfMVNldENlbnRlckNvbG9yX0ZVTkMpOw==
1671	STATEMENT	84803	84815	1	a028c9c9501df4846ec72c7b4432d4a3cb499b36b781bb1c38853498151d0ba7	CglyZXR1cm4gcmM7
1672	FRAGMENT	84815	84816	1	01ba4719c80b6fe911b091a7c05124b64eeece964e09c058ef8f9805daca546b	Cg==
1673	BLOCK_CLOSE	84816	84817	0	d10b36aa74a59bcf4a88185837f658afaf3646eff2bb16c3928d0e9335e945d2	fQ==
1674	PREPROCESSOR	84817	84825	0	626de321eb397f6600939892a0009f31bc378f7e886f9acc5ec0af18db6a99a7	CiNlbmRpZgo=
1675	PREPROCESSOR	84825	84871	0	fdcf898886ecac1e8ef5ba3db45b103a88639e615b8355018f471093e5e65914	CiNpZm5kZWYgTk9fUGF0aEdyYWRpZW50QnJ1c2hfMVNldENlbnRlclBvaW50Cg==
1676	STATEMENT	84871	85004	0	1b1267271e338d24cdabd4408eac6f2a4a070f2cc415488dd3db36675317914e	ZXh0ZXJuICJDIiBKTklFWFBPUlQgamludCBKTklDQUxMIEdkaXBfTkFUSVZFKFBhdGhHcmFkaWVudEJydXNoXzFTZXRDZW50ZXJQb2ludCkoSk5JRW52ICplbnYsIGpjbGFzcyB0aGF0LCBqbG9uZyBhcmcwLCBqb2JqZWN0IGFyZzEpOw==
1677	FUNCTION_OPEN	85004	85130	0	203e59257b532d8118923c6edb2f7363fa4f76af1b4817302d78718a4532c0a1	CkpOSUVYUE9SVCBqaW50IEpOSUNBTEwgR2RpcF9OQVRJVkUoUGF0aEdyYWRpZW50QnJ1c2hfMVNldENlbnRlclBvaW50KQoJKEpOSUVudiAqZW52LCBqY2xhc3MgdGhhdCwgamxvbmcgYXJnMCwgam9iamVjdCBhcmcxKQp7
1678	STATEMENT	85130	85159	1	32191d7768b915e30092992dca2abb973ef26a7b34e49c0bc3662fbc14c9f153	CglQb2ludEYgX2FyZzEsICpscGFyZzE9TlVMTDs=
1679	STATEMENT	85159	85173	1	ab2eac128ef6225b35f40b35e2bd8fba39be8b3b6b281960b3c51646eba99890	CglqaW50IHJjID0gMDs=
1680	STATEMENT	85173	85244	1	9640bc071186b2cc951a92e4193c14abe29fde1f8b13146702603901fe276ecd	CglHZGlwX05BVElWRV9FTlRFUihlbnYsIHRoYXQsIFBhdGhHcmFkaWVudEJydXNoXzFTZXRDZW50ZXJQb2ludF9GVU5DKTs=
1681	STATEMENT	85244	85325	1	005d93a7c9565c148cfbc0706c0b9f0e73ba8ad4b629bb60605cb40e4faf3a17	CglpZiAoYXJnMSkgaWYgKChscGFyZzEgPSBnZXRQb2ludEZGaWVsZHMoZW52LCBhcmcxLCAmX2FyZzEpKSA9PSBOVUxMKSBnb3RvIGZhaWw7
1682	STATEMENT	85325	85391	1	08d54c903652bae9c9ad74ff981228d89ed28f89a148911ed2efc05cc8c9a995	CglyYyA9IChqaW50KSgoUGF0aEdyYWRpZW50QnJ1c2ggKilhcmcwKS0+U2V0Q2VudGVyUG9pbnQoKmxwYXJnMSk7
1683	STATEMENT	85391	85454	1	15536ba36d86c1a90710da69c967b97ce04a6066c1d766c86908d242c821c68b	CmZhaWw6CglpZiAoYXJnMSAmJiBscGFyZzEpIHNldFBvaW50RkZpZWxkcyhlbnYsIGFyZzEsIGxwYXJnMSk7
1684	STATEMENT	85454	85524	1	09fe42a1fb7d7c6c316d923c37fca6924fb84736aeb7f8ae84d425f9d593002a	CglHZGlwX05BVElWRV9FWElUKGVudiwgdGhhdCwgUGF0aEdyYWRpZW50QnJ1c2hfMVNldENlbnRlclBvaW50X0ZVTkMpOw==
1685	STATEMENT	85524	85536	1	a028c9c9501df4846ec72c7b4432d4a3cb499b36b781bb1c38853498151d0ba7	CglyZXR1cm4gcmM7
1686	FRAGMENT	85536	85537	1	01ba4719c80b6fe911b091a7c05124b64eeece964e09c058ef8f9805daca546b	Cg==
1687	BLOCK_CLOSE	85537	85538	0	d10b36aa74a59bcf4a88185837f658afaf3646eff2bb16c3928d0e9335e945d2	fQ==
1688	PREPROCESSOR	85538	85546	0	626de321eb397f6600939892a0009f31bc378f7e886f9acc5ec0af18db6a99a7	CiNlbmRpZgo=
1689	PREPROCESSOR	85546	85593	0	514ed8a5187b39d2ced1c54ef75ddb9c44de23e1a005110fb357b62730772d07	CiNpZm5kZWYgTk9fUGF0aEdyYWRpZW50QnJ1c2hfMVNldEdyYXBoaWNzUGF0aAo=
1690	STATEMENT	85593	85725	0	ce7b122eca70e8adce214c3f08f04f0b9ef0bba7fa2811477be941f81c11f110	ZXh0ZXJuICJDIiBKTklFWFBPUlQgamludCBKTklDQUxMIEdkaXBfTkFUSVZFKFBhdGhHcmFkaWVudEJydXNoXzFTZXRHcmFwaGljc1BhdGgpKEpOSUVudiAqZW52LCBqY2xhc3MgdGhhdCwgamxvbmcgYXJnMCwgamxvbmcgYXJnMSk7
1691	FUNCTION_OPEN	85725	85850	0	13349ef088ee8f9fe67c4404cbfd3908dd713df679014307077444703ca93b05	CkpOSUVYUE9SVCBqaW50IEpOSUNBTEwgR2RpcF9OQVRJVkUoUGF0aEdyYWRpZW50QnJ1c2hfMVNldEdyYXBoaWNzUGF0aCkKCShKTklFbnYgKmVudiwgamNsYXNzIHRoYXQsIGpsb25nIGFyZzAsIGpsb25nIGFyZzEpCns=
1692	STATEMENT	85850	85864	1	ab2eac128ef6225b35f40b35e2bd8fba39be8b3b6b281960b3c51646eba99890	CglqaW50IHJjID0gMDs=
1693	STATEMENT	85864	85936	1	0f5ab6ba5ee00b7cc9e2642c78f71b4aff1411924dd9b5e38898f4f936e98ce8	CglHZGlwX05BVElWRV9FTlRFUihlbnYsIHRoYXQsIFBhdGhHcmFkaWVudEJydXNoXzFTZXRHcmFwaGljc1BhdGhfRlVOQyk7
1694	STATEMENT	85936	86016	1	963198d2921b5f328287bcfec59a05d1f6d6638a4cd53d3a3194b6a04ea646a6	CglyYyA9IChqaW50KSgoUGF0aEdyYWRpZW50QnJ1c2ggKilhcmcwKS0+U2V0R3JhcGhpY3NQYXRoKChHcmFwaGljc1BhdGggKilhcmcxKTs=
1695	STATEMENT	86016	86087	1	054c76cedb3dc14a0972584b61d0dff729444387c098f1e0faf4184adfc36f3f	CglHZGlwX05BVElWRV9FWElUKGVudiwgdGhhdCwgUGF0aEdyYWRpZW50QnJ1c2hfMVNldEdyYXBoaWNzUGF0aF9GVU5DKTs=
1696	STATEMENT	86087	86099	1	a028c9c9501df4846ec72c7b4432d4a3cb499b36b781bb1c38853498151d0ba7	CglyZXR1cm4gcmM7
1697	FRAGMENT	86099	86100	1	01ba4719c80b6fe911b091a7c05124b64eeece964e09c058ef8f9805daca546b	Cg==
1698	BLOCK_CLOSE	86100	86101	0	d10b36aa74a59bcf4a88185837f658afaf3646eff2bb16c3928d0e9335e945d2	fQ==
1699	PREPROCESSOR	86101	86109	0	626de321eb397f6600939892a0009f31bc378f7e886f9acc5ec0af18db6a99a7	CiNlbmRpZgo=
1700	PREPROCESSOR	86109	86163	0	c040d1154380fce4e71f071add82fef24a3e32c540c79c47a8fa7c0553c53314	CiNpZm5kZWYgTk9fUGF0aEdyYWRpZW50QnJ1c2hfMVNldEludGVycG9sYXRpb25Db2xvcnMK
1701	STATEMENT	86163	86335	0	9967e930ba54d81ec574f3735efad4d8ea6aee45ce73a45dd7edabeb0335ea3b	ZXh0ZXJuICJDIiBKTklFWFBPUlQgamludCBKTklDQUxMIEdkaXBfTkFUSVZFKFBhdGhHcmFkaWVudEJydXNoXzFTZXRJbnRlcnBvbGF0aW9uQ29sb3JzKShKTklFbnYgKmVudiwgamNsYXNzIHRoYXQsIGpsb25nIGFyZzAsIGppbnRBcnJheSBhcmcxLCBqZmxvYXRBcnJheSBhcmcyLCBqaW50IGFyZzMpOw==
1702	FUNCTION_OPEN	86335	86500	0	86cba1bbe99d3c05c0ab68d4914230ab43f1061241fca743a5b6ef1f5c8ec096	CkpOSUVYUE9SVCBqaW50IEpOSUNBTEwgR2RpcF9OQVRJVkUoUGF0aEdyYWRpZW50QnJ1c2hfMVNldEludGVycG9sYXRpb25Db2xvcnMpCgkoSk5JRW52ICplbnYsIGpjbGFzcyB0aGF0LCBqbG9uZyBhcmcwLCBqaW50QXJyYXkgYXJnMSwgamZsb2F0QXJyYXkgYXJnMiwgamludCBhcmczKQp7
1703	STATEMENT	86500	86520	1	490e641fda0849eab828d471df09f1ecd4438e25740081b8153585d71e8a1d7c	CglqaW50ICpscGFyZzE9TlVMTDs=
1704	STATEMENT	86520	86542	1	490d0e1bdd34007745dce13453c09092aa083f5d00117a1f1fa4d070604b0962	CglqZmxvYXQgKmxwYXJnMj1OVUxMOw==
1705	STATEMENT	86542	86556	1	ab2eac128ef6225b35f40b35e2bd8fba39be8b3b6b281960b3c51646eba99890	CglqaW50IHJjID0gMDs=
1706	STATEMENT	86556	86635	1	50b36a483a6d73714c317fffd2f4d9b35dd7be5ae93878687a6daeeabcfb3f1f	CglHZGlwX05BVElWRV9FTlRFUihlbnYsIHRoYXQsIFBhdGhHcmFkaWVudEJydXNoXzFTZXRJbnRlcnBvbGF0aW9uQ29sb3JzX0ZVTkMpOw==
1707	STATEMENT	86635	86718	1	bff3967c913cf841979dccfa80fc05dfb38b9b61fa035bbcc841b1dbd0897068	CglpZiAoYXJnMSkgaWYgKChscGFyZzEgPSBlbnYtPkdldEludEFycmF5RWxlbWVudHMoYXJnMSwgTlVMTCkpID09IE5VTEwpIGdvdG8gZmFpbDs=
1708	STATEMENT	86718	86803	1	58ca57e5cf914d894b52bf6cca715c3c2bbd62e75cd777abf4af1821e71ad883	CglpZiAoYXJnMikgaWYgKChscGFyZzIgPSBlbnYtPkdldEZsb2F0QXJyYXlFbGVtZW50cyhhcmcyLCBOVUxMKSkgPT0gTlVMTCkgZ290byBmYWlsOw==
1709	STATEMENT	86803	86919	1	3e3c3e0435ee6a1de4857b60854679bf08e828e563cbce6d41bb2346b3de4188	CglyYyA9IChqaW50KSgoUGF0aEdyYWRpZW50QnJ1c2ggKilhcmcwKS0+U2V0SW50ZXJwb2xhdGlvbkNvbG9ycygoY29uc3QgQ29sb3IgKilscGFyZzEsIChjb25zdCBSRUFMICopbHBhcmcyLCBhcmczKTs=
1710	STATEMENT	86919	87003	1	81568da79186b4b224f011a07d0fdea9506f50636585addab7c2944671124b2b	CmZhaWw6CglpZiAoYXJnMiAmJiBscGFyZzIpIGVudi0+UmVsZWFzZUZsb2F0QXJyYXlFbGVtZW50cyhhcmcyLCBscGFyZzIsIEpOSV9BQk9SVCk7
1711	STATEMENT	87003	87079	1	52c478779ed5420b00e51016fe4463fd03d86bc6549bf5d01819071aa4508167	CglpZiAoYXJnMSAmJiBscGFyZzEpIGVudi0+UmVsZWFzZUludEFycmF5RWxlbWVudHMoYXJnMSwgbHBhcmcxLCBKTklfQUJPUlQpOw==
1712	STATEMENT	87079	87157	1	46ece6912c1acbd1fc83474e0bde7442771661953e4272af9eca2ce2ece9cf3a	CglHZGlwX05BVElWRV9FWElUKGVudiwgdGhhdCwgUGF0aEdyYWRpZW50QnJ1c2hfMVNldEludGVycG9sYXRpb25Db2xvcnNfRlVOQyk7
1713	STATEMENT	87157	87169	1	a028c9c9501df4846ec72c7b4432d4a3cb499b36b781bb1c38853498151d0ba7	CglyZXR1cm4gcmM7
1714	FRAGMENT	87169	87170	1	01ba4719c80b6fe911b091a7c05124b64eeece964e09c058ef8f9805daca546b	Cg==
1715	BLOCK_CLOSE	87170	87171	0	d10b36aa74a59bcf4a88185837f658afaf3646eff2bb16c3928d0e9335e945d2	fQ==
1716	PREPROCESSOR	87171	87179	0	626de321eb397f6600939892a0009f31bc378f7e886f9acc5ec0af18db6a99a7	CiNlbmRpZgo=
1717	PREPROCESSOR	87179	87228	0	ac601b12b4366602fdffda1a6fcb1f6cc1b504686144827c9fe157a35120c05f	CiNpZm5kZWYgTk9fUGF0aEdyYWRpZW50QnJ1c2hfMVNldFN1cnJvdW5kQ29sb3JzCg==
1718	STATEMENT	87228	87382	0	ec4616b872541b6ff8f8d73137ac7e82fcfbff4ff5ca8e630059153e178b4906	ZXh0ZXJuICJDIiBKTklFWFBPUlQgamludCBKTklDQUxMIEdkaXBfTkFUSVZFKFBhdGhHcmFkaWVudEJydXNoXzFTZXRTdXJyb3VuZENvbG9ycykoSk5JRW52ICplbnYsIGpjbGFzcyB0aGF0LCBqbG9uZyBhcmcwLCBqaW50QXJyYXkgYXJnMSwgamludEFycmF5IGFyZzIpOw==
1719	FUNCTION_OPEN	87382	87529	0	58c8b0b4e802eee45b79246c10dd59a9a504e5ce6043574153b78ef33c9fbac5	CkpOSUVYUE9SVCBqaW50IEpOSUNBTEwgR2RpcF9OQVRJVkUoUGF0aEdyYWRpZW50QnJ1c2hfMVNldFN1cnJvdW5kQ29sb3JzKQoJKEpOSUVudiAqZW52LCBqY2xhc3MgdGhhdCwgamxvbmcgYXJnMCwgamludEFycmF5IGFyZzEsIGppbnRBcnJheSBhcmcyKQp7
1720	STATEMENT	87529	87549	1	490e641fda0849eab828d471df09f1ecd4438e25740081b8153585d71e8a1d7c	CglqaW50ICpscGFyZzE9TlVMTDs=
1721	STATEMENT	87549	87569	1	6778f342eb5ab632481500374a71f394d94a272d1e7b47275cb4d780109a0ee9	CglqaW50ICpscGFyZzI9TlVMTDs=
1722	STATEMENT	87569	87583	1	ab2eac128ef6225b35f40b35e2bd8fba39be8b3b6b281960b3c51646eba99890	CglqaW50IHJjID0gMDs=
1723	STATEMENT	87583	87657	1	d38ddda0a4f8d3edb922447d713c88e3728b63906ded7750aa443800dadeb237	CglHZGlwX05BVElWRV9FTlRFUihlbnYsIHRoYXQsIFBhdGhHcmFkaWVudEJydXNoXzFTZXRTdXJyb3VuZENvbG9yc19GVU5DKTs=
1724	STATEMENT	87657	87740	1	bff3967c913cf841979dccfa80fc05dfb38b9b61fa035bbcc841b1dbd0897068	CglpZiAoYXJnMSkgaWYgKChscGFyZzEgPSBlbnYtPkdldEludEFycmF5RWxlbWVudHMoYXJnMSwgTlVMTCkpID09IE5VTEwpIGdvdG8gZmFpbDs=
1725	STATEMENT	87740	87823	1	d67e55719643f80e9d118a7ec30926a2f96ebcdb928072dccef7dc12fc773e7e	CglpZiAoYXJnMikgaWYgKChscGFyZzIgPSBlbnYtPkdldEludEFycmF5RWxlbWVudHMoYXJnMiwgTlVMTCkpID09IE5VTEwpIGdvdG8gZmFpbDs=
1726	STATEMENT	87823	87921	1	be6736a8f74fc2659cf72a357d80982447042ba0ee34f21d785134a7b96e4cc1	CglyYyA9IChqaW50KSgoUGF0aEdyYWRpZW50QnJ1c2ggKilhcmcwKS0+U2V0U3Vycm91bmRDb2xvcnMoKGNvbnN0IENvbG9yICopbHBhcmcxLCAoSU5UICopbHBhcmcyKTs=
1727	STATEMENT	87921	87995	1	90217c2395fb96522476d6893364422e5cca3640b47846b7e8a8fc99d33e3389	CmZhaWw6CglpZiAoYXJnMiAmJiBscGFyZzIpIGVudi0+UmVsZWFzZUludEFycmF5RWxlbWVudHMoYXJnMiwgbHBhcmcyLCAwKTs=
1728	STATEMENT	87995	88071	1	52c478779ed5420b00e51016fe4463fd03d86bc6549bf5d01819071aa4508167	CglpZiAoYXJnMSAmJiBscGFyZzEpIGVudi0+UmVsZWFzZUludEFycmF5RWxlbWVudHMoYXJnMSwgbHBhcmcxLCBKTklfQUJPUlQpOw==
1729	STATEMENT	88071	88144	1	806fe2cd3585620072409442d027a2c379694621e8ed9078bcb0683dab6e9cfb	CglHZGlwX05BVElWRV9FWElUKGVudiwgdGhhdCwgUGF0aEdyYWRpZW50QnJ1c2hfMVNldFN1cnJvdW5kQ29sb3JzX0ZVTkMpOw==
1730	STATEMENT	88144	88156	1	a028c9c9501df4846ec72c7b4432d4a3cb499b36b781bb1c38853498151d0ba7	CglyZXR1cm4gcmM7
1731	FRAGMENT	88156	88157	1	01ba4719c80b6fe911b091a7c05124b64eeece964e09c058ef8f9805daca546b	Cg==
1732	BLOCK_CLOSE	88157	88158	0	d10b36aa74a59bcf4a88185837f658afaf3646eff2bb16c3928d0e9335e945d2	fQ==
1733	PREPROCESSOR	88158	88166	0	626de321eb397f6600939892a0009f31bc378f7e886f9acc5ec0af18db6a99a7	CiNlbmRpZgo=
1734	PREPROCESSOR	88166	88209	0	26d9cc7465e5e68eb0c171ab2067528deacc4db3b7498c330ffd1c2df887a330	CiNpZm5kZWYgTk9fUGF0aEdyYWRpZW50QnJ1c2hfMVNldFdyYXBNb2RlCg==
1735	STATEMENT	88209	88336	0	88642c62318c83a5f9f379b6bda46c32fbdf27a27af0201591950360930eb7ba	ZXh0ZXJuICJDIiBKTklFWFBPUlQgamludCBKTklDQUxMIEdkaXBfTkFUSVZFKFBhdGhHcmFkaWVudEJydXNoXzFTZXRXcmFwTW9kZSkoSk5JRW52ICplbnYsIGpjbGFzcyB0aGF0LCBqbG9uZyBhcmcwLCBqaW50IGFyZzEpOw==
1736	FUNCTION_OPEN	88336	88456	0	affb84ddd9fffd11ff80174b28870d754829698880d644c5bbd7427b87d2b5d4	CkpOSUVYUE9SVCBqaW50IEpOSUNBTEwgR2RpcF9OQVRJVkUoUGF0aEdyYWRpZW50QnJ1c2hfMVNldFdyYXBNb2RlKQoJKEpOSUVudiAqZW52LCBqY2xhc3MgdGhhdCwgamxvbmcgYXJnMCwgamludCBhcmcxKQp7
1737	STATEMENT	88456	88470	1	ab2eac128ef6225b35f40b35e2bd8fba39be8b3b6b281960b3c51646eba99890	CglqaW50IHJjID0gMDs=
1738	STATEMENT	88470	88538	1	25476565959a344ce7a983c7ac0da42def9fdeca66f096349b6b3c2065d29bde	CglHZGlwX05BVElWRV9FTlRFUihlbnYsIHRoYXQsIFBhdGhHcmFkaWVudEJydXNoXzFTZXRXcmFwTW9kZV9GVU5DKTs=
1739	STATEMENT	88538	88608	1	aed0766870255c6eab873a29043c05917343306276249965dfe175f7ab3c2806	CglyYyA9IChqaW50KSgoUGF0aEdyYWRpZW50QnJ1c2ggKilhcmcwKS0+U2V0V3JhcE1vZGUoKFdyYXBNb2RlKWFyZzEpOw==
1740	STATEMENT	88608	88675	1	f6d2cef63fc2d377fd8609da9e1b7f22ff9a9e6e08a58a93164643ee4d734382	CglHZGlwX05BVElWRV9FWElUKGVudiwgdGhhdCwgUGF0aEdyYWRpZW50QnJ1c2hfMVNldFdyYXBNb2RlX0ZVTkMpOw==
1741	STATEMENT	88675	88687	1	a028c9c9501df4846ec72c7b4432d4a3cb499b36b781bb1c38853498151d0ba7	CglyZXR1cm4gcmM7
1742	FRAGMENT	88687	88688	1	01ba4719c80b6fe911b091a7c05124b64eeece964e09c058ef8f9805daca546b	Cg==
1743	BLOCK_CLOSE	88688	88689	0	d10b36aa74a59bcf4a88185837f658afaf3646eff2bb16c3928d0e9335e945d2	fQ==
1744	PREPROCESSOR	88689	88697	0	626de321eb397f6600939892a0009f31bc378f7e886f9acc5ec0af18db6a99a7	CiNlbmRpZgo=
1745	PREPROCESSOR	88697	88735	0	f56ebc5fa1877294b69fff9ee5526991b3ec64b5dad5e679ff5cfe2a5fd7bdbb	CiNpZm5kZWYgTk9fUGF0aEdyYWRpZW50QnJ1c2hfMWRlbGV0ZQo=
1746	STATEMENT	88735	88846	0	5df929836a0ea610f837e9d85bdda1c14b774792a2d8ce1dcd0388429de7cd6d	ZXh0ZXJuICJDIiBKTklFWFBPUlQgdm9pZCBKTklDQUxMIEdkaXBfTkFUSVZFKFBhdGhHcmFkaWVudEJydXNoXzFkZWxldGUpKEpOSUVudiAqZW52LCBqY2xhc3MgdGhhdCwgamxvbmcgYXJnMCk7
1747	FUNCTION_OPEN	88846	88950	0	dc17d78e8563ab50e387da7102edc4143b2e88f63acf35496a9a6218d19dafcd	CkpOSUVYUE9SVCB2b2lkIEpOSUNBTEwgR2RpcF9OQVRJVkUoUGF0aEdyYWRpZW50QnJ1c2hfMWRlbGV0ZSkKCShKTklFbnYgKmVudiwgamNsYXNzIHRoYXQsIGpsb25nIGFyZzApCns=
1748	STATEMENT	88950	89013	1	3812a1dc6cc55c702cb0c418f1bed7c9c69f68918f35e84740768ab34d4a9482	CglHZGlwX05BVElWRV9FTlRFUihlbnYsIHRoYXQsIFBhdGhHcmFkaWVudEJydXNoXzFkZWxldGVfRlVOQyk7
1749	STATEMENT	89013	89048	1	d33a73853e6141484a68807ae9980e9555757f1f9e18d9380404c5ebf9cb82fa	CglkZWxldGUgKFBhdGhHcmFkaWVudEJydXNoICopYXJnMDs=
1750	STATEMENT	89048	89110	1	a02f28d28cfe7248797407bf29157b3c4f62c402469bebcbf03ec12ed7e18810	CglHZGlwX05BVElWRV9FWElUKGVudiwgdGhhdCwgUGF0aEdyYWRpZW50QnJ1c2hfMWRlbGV0ZV9GVU5DKTs=
1751	FRAGMENT	89110	89111	1	01ba4719c80b6fe911b091a7c05124b64eeece964e09c058ef8f9805daca546b	Cg==
1752	BLOCK_CLOSE	89111	89112	0	d10b36aa74a59bcf4a88185837f658afaf3646eff2bb16c3928d0e9335e945d2	fQ==
1753	PREPROCESSOR	89112	89120	0	626de321eb397f6600939892a0009f31bc378f7e886f9acc5ec0af18db6a99a7	CiNlbmRpZgo=
1754	PREPROCESSOR	89120	89155	0	669bdc6a1f9635724d169ee72db3b0c149065736c151a6507f6c06caa39a018a	CiNpZm5kZWYgTk9fUGF0aEdyYWRpZW50QnJ1c2hfMW5ldwo=
1755	STATEMENT	89155	89264	0	d68075b35fe050d98549e5d38ed9a0702aa1f57f45d534922fb62e07f1e26345	ZXh0ZXJuICJDIiBKTklFWFBPUlQgamxvbmcgSk5JQ0FMTCBHZGlwX05BVElWRShQYXRoR3JhZGllbnRCcnVzaF8xbmV3KShKTklFbnYgKmVudiwgamNsYXNzIHRoYXQsIGpsb25nIGFyZzApOw==
1756	FUNCTION_OPEN	89264	89366	0	21cf072d3ab09e753417dffc4dfa99412cb261a2dbabc4f5dd5f7acea1209702	CkpOSUVYUE9SVCBqbG9uZyBKTklDQUxMIEdkaXBfTkFUSVZFKFBhdGhHcmFkaWVudEJydXNoXzFuZXcpCgkoSk5JRW52ICplbnYsIGpjbGFzcyB0aGF0LCBqbG9uZyBhcmcwKQp7
1757	STATEMENT	89366	89381	1	3411ceb5951bc52321d8d6cf00df310a159211846b0264e08db2a18b94173633	CglqbG9uZyByYyA9IDA7
1758	STATEMENT	89381	89441	1	50d429f46597fe6f20728121dffb8f107927a8bbe9d3ec284e2f5dfa07f9718c	CglHZGlwX05BVElWRV9FTlRFUihlbnYsIHRoYXQsIFBhdGhHcmFkaWVudEJydXNoXzFuZXdfRlVOQyk7
1759	STATEMENT	89441	89499	1	c27d40086ac39dc1791fb877f80f31bea477dc15a2a4834ad4e8a2484bf9a654	CglyYyA9IChqbG9uZyluZXcgUGF0aEdyYWRpZW50QnJ1c2goKEdyYXBoaWNzUGF0aCAqKWFyZzApOw==
1760	STATEMENT	89499	89558	1	9a3208f46ddda0ffcd798eac50e7876754aeb8718aa42506f61d77e8579708fd	CglHZGlwX05BVElWRV9FWElUKGVudiwgdGhhdCwgUGF0aEdyYWRpZW50QnJ1c2hfMW5ld19GVU5DKTs=
1761	STATEMENT	89558	89570	1	a028c9c9501df4846ec72c7b4432d4a3cb499b36b781bb1c38853498151d0ba7	CglyZXR1cm4gcmM7
1762	FRAGMENT	89570	89571	1	01ba4719c80b6fe911b091a7c05124b64eeece964e09c058ef8f9805daca546b	Cg==
1763	BLOCK_CLOSE	89571	89572	0	d10b36aa74a59bcf4a88185837f658afaf3646eff2bb16c3928d0e9335e945d2	fQ==
1764	PREPROCESSOR	89572	89580	0	626de321eb397f6600939892a0009f31bc378f7e886f9acc5ec0af18db6a99a7	CiNlbmRpZgo=
1765	PREPROCESSOR	89580	89606	0	dc1bca081250de0444e0fd1591f8234d88b7f61fe8507bc09f4012cba90940ce	CiNpZm5kZWYgTk9fUGVuXzFHZXRCcnVzaAo=
1766	STATEMENT	89606	89706	0	7ad26691b0962912962770b67e1a0936c4f1067291b47a5b1ad3ecc5e3156ea8	ZXh0ZXJuICJDIiBKTklFWFBPUlQgamxvbmcgSk5JQ0FMTCBHZGlwX05BVElWRShQZW5fMUdldEJydXNoKShKTklFbnYgKmVudiwgamNsYXNzIHRoYXQsIGpsb25nIGFyZzApOw==
1767	FUNCTION_OPEN	89706	89799	0	41035415444df1a7807c04f6bb5f3c7ae77d7aaad2e19e42d86e37b548e004c9	CkpOSUVYUE9SVCBqbG9uZyBKTklDQUxMIEdkaXBfTkFUSVZFKFBlbl8xR2V0QnJ1c2gpCgkoSk5JRW52ICplbnYsIGpjbGFzcyB0aGF0LCBqbG9uZyBhcmcwKQp7
1768	STATEMENT	89799	89814	1	3411ceb5951bc52321d8d6cf00df310a159211846b0264e08db2a18b94173633	CglqbG9uZyByYyA9IDA7
1769	STATEMENT	89814	89865	1	65d62a3e6a6571dd7b546c7db83721aafd75c338aa9265d962f4766c4becd8f2	CglHZGlwX05BVElWRV9FTlRFUihlbnYsIHRoYXQsIFBlbl8xR2V0QnJ1c2hfRlVOQyk7
1770	STATEMENT	89865	89905	1	d2cdd369bded7014724c2bee16bda905551759eb3b08e0c95761e8457847684b	CglyYyA9IChqbG9uZykoKFBlbiAqKWFyZzApLT5HZXRCcnVzaCgpOw==
1771	STATEMENT	89905	89955	1	c77f2146f0682631f18724e438a90a085065d5aeae9101ea130d0764a5fff90a	CglHZGlwX05BVElWRV9FWElUKGVudiwgdGhhdCwgUGVuXzFHZXRCcnVzaF9GVU5DKTs=
1772	STATEMENT	89955	89967	1	a028c9c9501df4846ec72c7b4432d4a3cb499b36b781bb1c38853498151d0ba7	CglyZXR1cm4gcmM7
1773	FRAGMENT	89967	89968	1	01ba4719c80b6fe911b091a7c05124b64eeece964e09c058ef8f9805daca546b	Cg==
1774	BLOCK_CLOSE	89968	89969	0	d10b36aa74a59bcf4a88185837f658afaf3646eff2bb16c3928d0e9335e945d2	fQ==
1775	PREPROCESSOR	89969	89977	0	626de321eb397f6600939892a0009f31bc378f7e886f9acc5ec0af18db6a99a7	CiNlbmRpZgo=
1776	PREPROCESSOR	89977	90003	0	084dcedd5623b5ce20415d8b38a66f53d5ecf82a9eb6f207dc599ca269716a36	CiNpZm5kZWYgTk9fUGVuXzFTZXRCcnVzaAo=
1777	STATEMENT	90003	90114	0	fdcb88b74f43ecf4846b6fcc81c2f7495fb63d6ed38105fd05caaf7b82bddc39	ZXh0ZXJuICJDIiBKTklFWFBPUlQgamludCBKTklDQUxMIEdkaXBfTkFUSVZFKFBlbl8xU2V0QnJ1c2gpKEpOSUVudiAqZW52LCBqY2xhc3MgdGhhdCwgamxvbmcgYXJnMCwgamxvbmcgYXJnMSk7
1778	FUNCTION_OPEN	90114	90218	0	4eaefa31d51a9b7b43403bc58765c9adc5a1e58613bf4fceefff0bbe53b44ff0	CkpOSUVYUE9SVCBqaW50IEpOSUNBTEwgR2RpcF9OQVRJVkUoUGVuXzFTZXRCcnVzaCkKCShKTklFbnYgKmVudiwgamNsYXNzIHRoYXQsIGpsb25nIGFyZzAsIGpsb25nIGFyZzEpCns=
1779	STATEMENT	90218	90232	1	ab2eac128ef6225b35f40b35e2bd8fba39be8b3b6b281960b3c51646eba99890	CglqaW50IHJjID0gMDs=
1780	STATEMENT	90232	90283	1	94883a01edd7203007ca291be62d7035fc3a7fa7b17b417c5436ad8d75593335	CglHZGlwX05BVElWRV9FTlRFUihlbnYsIHRoYXQsIFBlbl8xU2V0QnJ1c2hfRlVOQyk7
1781	STATEMENT	90283	90335	1	f8ea89e53b83ccfe49854cbd46c39156c7c9bff8d10346b00c56ae4e067db3a5	CglyYyA9IChqaW50KSgoUGVuICopYXJnMCktPlNldEJydXNoKChCcnVzaCAqKWFyZzEpOw==
1782	STATEMENT	90335	90385	1	bd2fac5111d2860d7dcf65b49639c387b6fec92d7c56becf7a153815d9ca823a	CglHZGlwX05BVElWRV9FWElUKGVudiwgdGhhdCwgUGVuXzFTZXRCcnVzaF9GVU5DKTs=
1783	STATEMENT	90385	90397	1	a028c9c9501df4846ec72c7b4432d4a3cb499b36b781bb1c38853498151d0ba7	CglyZXR1cm4gcmM7
1784	FRAGMENT	90397	90398	1	01ba4719c80b6fe911b091a7c05124b64eeece964e09c058ef8f9805daca546b	Cg==
1785	BLOCK_CLOSE	90398	90399	0	d10b36aa74a59bcf4a88185837f658afaf3646eff2bb16c3928d0e9335e945d2	fQ==
1786	PREPROCESSOR	90399	90407	0	626de321eb397f6600939892a0009f31bc378f7e886f9acc5ec0af18db6a99a7	CiNlbmRpZgo=
1787	PREPROCESSOR	90407	90438	0	e70081e12317a315e70b7a1dfa3f711efcf372fb1d871310c96a9ed345e21a09	CiNpZm5kZWYgTk9fUGVuXzFTZXREYXNoT2Zmc2V0Cg==
1788	STATEMENT	90438	90555	0	8d6f220cb2f6df6c2b4bd2e6b023f108c4211c69742654da14ac9137ed63c628	ZXh0ZXJuICJDIiBKTklFWFBPUlQgamludCBKTklDQUxMIEdkaXBfTkFUSVZFKFBlbl8xU2V0RGFzaE9mZnNldCkoSk5JRW52ICplbnYsIGpjbGFzcyB0aGF0LCBqbG9uZyBhcmcwLCBqZmxvYXQgYXJnMSk7
1789	FUNCTION_OPEN	90555	90665	0	a8dfc0d872212510a3c1b092bd71e8b53b58a1c688834e3d5a2c230c693c5a39	CkpOSUVYUE9SVCBqaW50IEpOSUNBTEwgR2RpcF9OQVRJVkUoUGVuXzFTZXREYXNoT2Zmc2V0KQoJKEpOSUVudiAqZW52LCBqY2xhc3MgdGhhdCwgamxvbmcgYXJnMCwgamZsb2F0IGFyZzEpCns=
1790	STATEMENT	90665	90679	1	ab2eac128ef6225b35f40b35e2bd8fba39be8b3b6b281960b3c51646eba99890	CglqaW50IHJjID0gMDs=
1791	STATEMENT	90679	90735	1	e35d37050603bc17968be62ab1c509f45eb4c21b1c4815e14dc19f436730b118	CglHZGlwX05BVElWRV9FTlRFUihlbnYsIHRoYXQsIFBlbl8xU2V0RGFzaE9mZnNldF9GVU5DKTs=
1792	STATEMENT	90735	90783	1	f1158b53895dc80accaebf31f14b901b98dffeade7b3784aaf3492a9bb7ab6cf	CglyYyA9IChqaW50KSgoUGVuICopYXJnMCktPlNldERhc2hPZmZzZXQoYXJnMSk7
1793	STATEMENT	90783	90838	1	53d3623241c6c6352278969b37fda2bd287a9aaabe9ec5534f375a54ee845fe4	CglHZGlwX05BVElWRV9FWElUKGVudiwgdGhhdCwgUGVuXzFTZXREYXNoT2Zmc2V0X0ZVTkMpOw==
1794	STATEMENT	90838	90850	1	a028c9c9501df4846ec72c7b4432d4a3cb499b36b781bb1c38853498151d0ba7	CglyZXR1cm4gcmM7
1795	FRAGMENT	90850	90851	1	01ba4719c80b6fe911b091a7c05124b64eeece964e09c058ef8f9805daca546b	Cg==
1796	BLOCK_CLOSE	90851	90852	0	d10b36aa74a59bcf4a88185837f658afaf3646eff2bb16c3928d0e9335e945d2	fQ==
1797	PREPROCESSOR	90852	90860	0	626de321eb397f6600939892a0009f31bc378f7e886f9acc5ec0af18db6a99a7	CiNlbmRpZgo=
1798	PREPROCESSOR	90860	90892	0	fa19b766af8da3311ef0b54dc4d0f12ed2b864a3cb0905ac89a41aefdd7ac55d	CiNpZm5kZWYgTk9fUGVuXzFTZXREYXNoUGF0dGVybgo=
1799	STATEMENT	90892	91026	0	b2c959917ff18717871d472b97fc71b14259ae5c11daa5466d2c6522836bdafc	ZXh0ZXJuICJDIiBKTklFWFBPUlQgamludCBKTklDQUxMIEdkaXBfTkFUSVZFKFBlbl8xU2V0RGFzaFBhdHRlcm4pKEpOSUVudiAqZW52LCBqY2xhc3MgdGhhdCwgamxvbmcgYXJnMCwgamZsb2F0QXJyYXkgYXJnMSwgamludCBhcmcyKTs=
1800	FUNCTION_OPEN	91026	91153	0	871a40bf336ae36abf1a2e2733299ffb6d24a27ced57971562f3ed2aedc619b2	CkpOSUVYUE9SVCBqaW50IEpOSUNBTEwgR2RpcF9OQVRJVkUoUGVuXzFTZXREYXNoUGF0dGVybikKCShKTklFbnYgKmVudiwgamNsYXNzIHRoYXQsIGpsb25nIGFyZzAsIGpmbG9hdEFycmF5IGFyZzEsIGppbnQgYXJnMikKew==
1801	STATEMENT	91153	91175	1	49650f86e1dc7ab90eda1c647c5aaea410e029d26851789a23a3e73b4ea163ac	CglqZmxvYXQgKmxwYXJnMT1OVUxMOw==
1802	STATEMENT	91175	91189	1	ab2eac128ef6225b35f40b35e2bd8fba39be8b3b6b281960b3c51646eba99890	CglqaW50IHJjID0gMDs=
1803	STATEMENT	91189	91246	1	000928f366a1c2e685f469817be63b44cea3e82cb6b061e020f075964206b140	CglHZGlwX05BVElWRV9FTlRFUihlbnYsIHRoYXQsIFBlbl8xU2V0RGFzaFBhdHRlcm5fRlVOQyk7
1804	STATEMENT	91246	91331	1	c9817cb36629bf67d2039ea4e2137566e405ad36e68895151368d118dba89ab8	CglpZiAoYXJnMSkgaWYgKChscGFyZzEgPSBlbnYtPkdldEZsb2F0QXJyYXlFbGVtZW50cyhhcmcxLCBOVUxMKSkgPT0gTlVMTCkgZ290byBmYWlsOw==
1805	STATEMENT	91331	91401	1	a11c1ef1657cd2d91a5086056f14d8b9913053e827ec7ab9379cca6372fc1031	CglyYyA9IChqaW50KSgoUGVuICopYXJnMCktPlNldERhc2hQYXR0ZXJuKChSRUFMICopbHBhcmcxLCAoaW50KWFyZzIpOw==
1806	STATEMENT	91401	91477	1	83ddaaa224427a9c6275af3a572bc3d6e2a3d100ce3bdf1d2846c51f4b365201	CmZhaWw6CglpZiAoYXJnMSAmJiBscGFyZzEpIGVudi0+UmVsZWFzZUZsb2F0QXJyYXlFbGVtZW50cyhhcmcxLCBscGFyZzEsIDApOw==
1807	STATEMENT	91477	91533	1	f756a9677485f4482017081f55f15bce54e4dcfeeb795b2856fc077e24c54e4e	CglHZGlwX05BVElWRV9FWElUKGVudiwgdGhhdCwgUGVuXzFTZXREYXNoUGF0dGVybl9GVU5DKTs=
1808	STATEMENT	91533	91545	1	a028c9c9501df4846ec72c7b4432d4a3cb499b36b781bb1c38853498151d0ba7	CglyZXR1cm4gcmM7
1809	FRAGMENT	91545	91546	1	01ba4719c80b6fe911b091a7c05124b64eeece964e09c058ef8f9805daca546b	Cg==
1810	BLOCK_CLOSE	91546	91547	0	d10b36aa74a59bcf4a88185837f658afaf3646eff2bb16c3928d0e9335e945d2	fQ==
1811	PREPROCESSOR	91547	91555	0	626de321eb397f6600939892a0009f31bc378f7e886f9acc5ec0af18db6a99a7	CiNlbmRpZgo=
1812	PREPROCESSOR	91555	91585	0	4567b19164c634c4165a7ea324e96c79c70acbfc463a6f49a8ef1880412aa324	CiNpZm5kZWYgTk9fUGVuXzFTZXREYXNoU3R5bGUK
1813	STATEMENT	91585	91699	0	38c16fdbedb554b9067ea3d389ac2f68f6023205fc5e551c2d1857b4c768b330	ZXh0ZXJuICJDIiBKTklFWFBPUlQgamludCBKTklDQUxMIEdkaXBfTkFUSVZFKFBlbl8xU2V0RGFzaFN0eWxlKShKTklFbnYgKmVudiwgamNsYXNzIHRoYXQsIGpsb25nIGFyZzAsIGppbnQgYXJnMSk7
1814	FUNCTION_OPEN	91699	91806	0	87f0f5233e4c8896f33cb80c632001db7b34234a4168be587ebffa8e61c32949	CkpOSUVYUE9SVCBqaW50IEpOSUNBTEwgR2RpcF9OQVRJVkUoUGVuXzFTZXREYXNoU3R5bGUpCgkoSk5JRW52ICplbnYsIGpjbGFzcyB0aGF0LCBqbG9uZyBhcmcwLCBqaW50IGFyZzEpCns=
1815	STATEMENT	91806	91820	1	ab2eac128ef6225b35f40b35e2bd8fba39be8b3b6b281960b3c51646eba99890	CglqaW50IHJjID0gMDs=
1816	STATEMENT	91820	91875	1	38f91867ba935038215e2f6f19324cd22c5eca9c5e7f6abb3dcd7589be692fd2	CglHZGlwX05BVElWRV9FTlRFUihlbnYsIHRoYXQsIFBlbl8xU2V0RGFzaFN0eWxlX0ZVTkMpOw==
1817	STATEMENT	91875	91933	1	2a0b7f57ce8a0da4f456942ec324261e83ae43d8ac44a0b29d1d9335253f3581	CglyYyA9IChqaW50KSgoUGVuICopYXJnMCktPlNldERhc2hTdHlsZSgoRGFzaFN0eWxlKWFyZzEpOw==
1818	STATEMENT	91933	91987	1	0b7704ba2a86e041e434b5a0ca1373479caba54d11a68c9ed59d05135c57b50f	CglHZGlwX05BVElWRV9FWElUKGVudiwgdGhhdCwgUGVuXzFTZXREYXNoU3R5bGVfRlVOQyk7
1819	STATEMENT	91987	91999	1	a028c9c9501df4846ec72c7b4432d4a3cb499b36b781bb1c38853498151d0ba7	CglyZXR1cm4gcmM7
1820	FRAGMENT	91999	92000	1	01ba4719c80b6fe911b091a7c05124b64eeece964e09c058ef8f9805daca546b	Cg==
1821	BLOCK_CLOSE	92000	92001	0	d10b36aa74a59bcf4a88185837f658afaf3646eff2bb16c3928d0e9335e945d2	fQ==
1822	PREPROCESSOR	92001	92009	0	626de321eb397f6600939892a0009f31bc378f7e886f9acc5ec0af18db6a99a7	CiNlbmRpZgo=
1823	PREPROCESSOR	92009	92037	0	d4853c0372847fa86c372c0400915364ca8dc96f94ef4a7ef0d9afb041a2f0f6	CiNpZm5kZWYgTk9fUGVuXzFTZXRMaW5lQ2FwCg==
1824	STATEMENT	92037	92171	0	4dc32c7e8ddbb8d340bbe6470fe12e314c48994ba950b5e3ab451d643c827293	ZXh0ZXJuICJDIiBKTklFWFBPUlQgamludCBKTklDQUxMIEdkaXBfTkFUSVZFKFBlbl8xU2V0TGluZUNhcCkoSk5JRW52ICplbnYsIGpjbGFzcyB0aGF0LCBqbG9uZyBhcmcwLCBqaW50IGFyZzEsIGppbnQgYXJnMiwgamludCBhcmczKTs=
1825	FUNCTION_OPEN	92171	92298	0	b954db37a6be8f3bf070e4bfc2212ba73119f69a46c52b198e0011a2e3b18a2a	CkpOSUVYUE9SVCBqaW50IEpOSUNBTEwgR2RpcF9OQVRJVkUoUGVuXzFTZXRMaW5lQ2FwKQoJKEpOSUVudiAqZW52LCBqY2xhc3MgdGhhdCwgamxvbmcgYXJnMCwgamludCBhcmcxLCBqaW50IGFyZzIsIGppbnQgYXJnMykKew==
1826	STATEMENT	92298	92312	1	ab2eac128ef6225b35f40b35e2bd8fba39be8b3b6b281960b3c51646eba99890	CglqaW50IHJjID0gMDs=
1827	STATEMENT	92312	92365	1	3a546b42b9e5ff125df388653e56eae067c45066830b9239fefc8dbabed1c16d	CglHZGlwX05BVElWRV9FTlRFUihlbnYsIHRoYXQsIFBlbl8xU2V0TGluZUNhcF9GVU5DKTs=
1828	STATEMENT	92365	92449	1	3acf40494894823125dab832e4e9869408d83431e783fce44618fd8fab5b97c0	CglyYyA9IChqaW50KSgoUGVuICopYXJnMCktPlNldExpbmVDYXAoKExpbmVDYXApYXJnMSwgKExpbmVDYXApYXJnMiwgKERhc2hDYXApYXJnMyk7
1829	STATEMENT	92449	92501	1	4d454faec2b3b9b59a3f627a8d25611d35619ad35ecef1cefb9c14a3cc00d737	CglHZGlwX05BVElWRV9FWElUKGVudiwgdGhhdCwgUGVuXzFTZXRMaW5lQ2FwX0ZVTkMpOw==
1830	STATEMENT	92501	92513	1	a028c9c9501df4846ec72c7b4432d4a3cb499b36b781bb1c38853498151d0ba7	CglyZXR1cm4gcmM7
1831	FRAGMENT	92513	92514	1	01ba4719c80b6fe911b091a7c05124b64eeece964e09c058ef8f9805daca546b	Cg==
1832	BLOCK_CLOSE	92514	92515	0	d10b36aa74a59bcf4a88185837f658afaf3646eff2bb16c3928d0e9335e945d2	fQ==
1833	PREPROCESSOR	92515	92523	0	626de321eb397f6600939892a0009f31bc378f7e886f9acc5ec0af18db6a99a7	CiNlbmRpZgo=
1834	PREPROCESSOR	92523	92552	0	1565853fe7100af8ffdb092c08db94b20b21fbdf41ed81d691efa94aadf3ce51	CiNpZm5kZWYgTk9fUGVuXzFTZXRMaW5lSm9pbgo=
1835	STATEMENT	92552	92665	0	481738b4b2b8ced678095cbdaf05d4dcc794693ca24f5996449934a1afb1ddf3	ZXh0ZXJuICJDIiBKTklFWFBPUlQgamludCBKTklDQUxMIEdkaXBfTkFUSVZFKFBlbl8xU2V0TGluZUpvaW4pKEpOSUVudiAqZW52LCBqY2xhc3MgdGhhdCwgamxvbmcgYXJnMCwgamludCBhcmcxKTs=
1836	FUNCTION_OPEN	92665	92771	0	9ca51d76faddd807dfab9bbf67298319cdb77da518570a459b91f39046611e63	CkpOSUVYUE9SVCBqaW50IEpOSUNBTEwgR2RpcF9OQVRJVkUoUGVuXzFTZXRMaW5lSm9pbikKCShKTklFbnYgKmVudiwgamNsYXNzIHRoYXQsIGpsb25nIGFyZzAsIGppbnQgYXJnMSkKew==
1837	STATEMENT	92771	92785	1	ab2eac128ef6225b35f40b35e2bd8fba39be8b3b6b281960b3c51646eba99890	CglqaW50IHJjID0gMDs=
1838	STATEMENT	92785	92839	1	d4ab7bed1141d772f2894bf4762eacd502e0e9c16ace7d11356a2d916d82a1f0	CglHZGlwX05BVElWRV9FTlRFUihlbnYsIHRoYXQsIFBlbl8xU2V0TGluZUpvaW5fRlVOQyk7
1839	STATEMENT	92839	92895	1	546795171d06db4412a91c20f052534490611d89dbd3ab0a9048bcc8578ef679	CglyYyA9IChqaW50KSgoUGVuICopYXJnMCktPlNldExpbmVKb2luKChMaW5lSm9pbilhcmcxKTs=
1840	STATEMENT	92895	92948	1	5fd4df175f60f3a85e025666daf842a362030fd17ae07f56699430eba0b521a5	CglHZGlwX05BVElWRV9FWElUKGVudiwgdGhhdCwgUGVuXzFTZXRMaW5lSm9pbl9GVU5DKTs=
1841	STATEMENT	92948	92960	1	a028c9c9501df4846ec72c7b4432d4a3cb499b36b781bb1c38853498151d0ba7	CglyZXR1cm4gcmM7
1842	FRAGMENT	92960	92961	1	01ba4719c80b6fe911b091a7c05124b64eeece964e09c058ef8f9805daca546b	Cg==
1843	BLOCK_CLOSE	92961	92962	0	d10b36aa74a59bcf4a88185837f658afaf3646eff2bb16c3928d0e9335e945d2	fQ==
1844	PREPROCESSOR	92962	92970	0	626de321eb397f6600939892a0009f31bc378f7e886f9acc5ec0af18db6a99a7	CiNlbmRpZgo=
1845	PREPROCESSOR	92970	93001	0	c4c831d70f96da67f6186438ebac8941bc7a542f3036b400efc551bc96e871c2	CiNpZm5kZWYgTk9fUGVuXzFTZXRNaXRlckxpbWl0Cg==
1846	STATEMENT	93001	93118	0	93947e47988e11e97afcd9702277d8e4a67c41c5b5bfbb6e61e2977815cac926	ZXh0ZXJuICJDIiBKTklFWFBPUlQgamludCBKTklDQUxMIEdkaXBfTkFUSVZFKFBlbl8xU2V0TWl0ZXJMaW1pdCkoSk5JRW52ICplbnYsIGpjbGFzcyB0aGF0LCBqbG9uZyBhcmcwLCBqZmxvYXQgYXJnMSk7
1847	FUNCTION_OPEN	93118	93228	0	aabc58437d7aecff54312f03234cd2cead084bc1d911e21ccbf0e12a912ee5f0	CkpOSUVYUE9SVCBqaW50IEpOSUNBTEwgR2RpcF9OQVRJVkUoUGVuXzFTZXRNaXRlckxpbWl0KQoJKEpOSUVudiAqZW52LCBqY2xhc3MgdGhhdCwgamxvbmcgYXJnMCwgamZsb2F0IGFyZzEpCns=
1848	STATEMENT	93228	93242	1	ab2eac128ef6225b35f40b35e2bd8fba39be8b3b6b281960b3c51646eba99890	CglqaW50IHJjID0gMDs=
1849	STATEMENT	93242	93298	1	2e812392fbf092f0b627a6c4ef3cd8a3a82dd58a919058096454a2c358770077	CglHZGlwX05BVElWRV9FTlRFUihlbnYsIHRoYXQsIFBlbl8xU2V0TWl0ZXJMaW1pdF9GVU5DKTs=
1850	STATEMENT	93298	93346	1	d1c8281ff547896c7e476e82319ff5efe1a5f5ac25783e942271becfad5f0808	CglyYyA9IChqaW50KSgoUGVuICopYXJnMCktPlNldE1pdGVyTGltaXQoYXJnMSk7
1851	STATEMENT	93346	93401	1	8ea3376abca682754a2b97a49076f742b3646b6f7cceaae4eefff36de4e0ab9d	CglHZGlwX05BVElWRV9FWElUKGVudiwgdGhhdCwgUGVuXzFTZXRNaXRlckxpbWl0X0ZVTkMpOw==
1852	STATEMENT	93401	93413	1	a028c9c9501df4846ec72c7b4432d4a3cb499b36b781bb1c38853498151d0ba7	CglyZXR1cm4gcmM7
1853	FRAGMENT	93413	93414	1	01ba4719c80b6fe911b091a7c05124b64eeece964e09c058ef8f9805daca546b	Cg==
1854	BLOCK_CLOSE	93414	93415	0	d10b36aa74a59bcf4a88185837f658afaf3646eff2bb16c3928d0e9335e945d2	fQ==
1855	PREPROCESSOR	93415	93423	0	626de321eb397f6600939892a0009f31bc378f7e886f9acc5ec0af18db6a99a7	CiNlbmRpZgo=
1856	PREPROCESSOR	93423	93449	0	8453d3fe3df4c54497b16ead1677db883c12520372c15ad6dfac43b59ea2781c	CiNpZm5kZWYgTk9fUGVuXzFTZXRXaWR0aAo=
1857	STATEMENT	93449	93561	0	ea773ea5ea0c8a2ad9f2c9c0070d351ed33884faa2bfdbb125a9760a442f1dd1	ZXh0ZXJuICJDIiBKTklFWFBPUlQgamludCBKTklDQUxMIEdkaXBfTkFUSVZFKFBlbl8xU2V0V2lkdGgpKEpOSUVudiAqZW52LCBqY2xhc3MgdGhhdCwgamxvbmcgYXJnMCwgamZsb2F0IGFyZzEpOw==
1858	FUNCTION_OPEN	93561	93666	0	7d6bdb8945e22df4ce45f79a163857efbff83049cf3a312a1d944b3f56177358	CkpOSUVYUE9SVCBqaW50IEpOSUNBTEwgR2RpcF9OQVRJVkUoUGVuXzFTZXRXaWR0aCkKCShKTklFbnYgKmVudiwgamNsYXNzIHRoYXQsIGpsb25nIGFyZzAsIGpmbG9hdCBhcmcxKQp7
1859	STATEMENT	93666	93680	1	ab2eac128ef6225b35f40b35e2bd8fba39be8b3b6b281960b3c51646eba99890	CglqaW50IHJjID0gMDs=
1860	STATEMENT	93680	93731	1	51eed882d51e9c27935c8c31c2390988d30382f8eb934f43ebca5e36c1875a48	CglHZGlwX05BVElWRV9FTlRFUihlbnYsIHRoYXQsIFBlbl8xU2V0V2lkdGhfRlVOQyk7
1861	STATEMENT	93731	93780	1	80a6dd6e6b555c2c394ea37a2695e42615c788fba7d33ca77e96d799db2a4f5d	CglyYyA9IChqaW50KSgoUGVuICopYXJnMCktPlNldFdpZHRoKChSRUFMKWFyZzEpOw==
1862	STATEMENT	93780	93830	1	e41e2f2861a5cf38c3d1dae530258ed0fbc9abee3ea6ee390b2d2b24f63df1a2	CglHZGlwX05BVElWRV9FWElUKGVudiwgdGhhdCwgUGVuXzFTZXRXaWR0aF9GVU5DKTs=
1863	STATEMENT	93830	93842	1	a028c9c9501df4846ec72c7b4432d4a3cb499b36b781bb1c38853498151d0ba7	CglyZXR1cm4gcmM7
1864	FRAGMENT	93842	93843	1	01ba4719c80b6fe911b091a7c05124b64eeece964e09c058ef8f9805daca546b	Cg==
1865	BLOCK_CLOSE	93843	93844	0	d10b36aa74a59bcf4a88185837f658afaf3646eff2bb16c3928d0e9335e945d2	fQ==
1866	PREPROCESSOR	93844	93852	0	626de321eb397f6600939892a0009f31bc378f7e886f9acc5ec0af18db6a99a7	CiNlbmRpZgo=
1867	PREPROCESSOR	93852	93876	0	7f97df6ec3edd8fe127918d99f7abb780c58c41be6df20365ad3bc1115caa7e6	CiNpZm5kZWYgTk9fUGVuXzFkZWxldGUK
1868	STATEMENT	93876	93973	0	dcc9f3ac2dd0b81d010be4284cead59934d0119b92d773d0a2657516ae44e0b2	ZXh0ZXJuICJDIiBKTklFWFBPUlQgdm9pZCBKTklDQUxMIEdkaXBfTkFUSVZFKFBlbl8xZGVsZXRlKShKTklFbnYgKmVudiwgamNsYXNzIHRoYXQsIGpsb25nIGFyZzApOw==
1869	FUNCTION_OPEN	93973	94063	0	76df00f91aa72a8ab013903e514cf110ceb797b4fb52f62b651d7e46dba1ac2e	CkpOSUVYUE9SVCB2b2lkIEpOSUNBTEwgR2RpcF9OQVRJVkUoUGVuXzFkZWxldGUpCgkoSk5JRW52ICplbnYsIGpjbGFzcyB0aGF0LCBqbG9uZyBhcmcwKQp7
1870	STATEMENT	94063	94112	1	63d94461c107f41786a18f60c6e09f9105f3e9d1de9852b274b10ae3c5012843	CglHZGlwX05BVElWRV9FTlRFUihlbnYsIHRoYXQsIFBlbl8xZGVsZXRlX0ZVTkMpOw==
1871	STATEMENT	94112	94133	1	b7f58d32cefd3350d7e2fa13a9117ed8773210b585c0a057f10947e6a5a64585	CglkZWxldGUgKFBlbiAqKWFyZzA7
1872	STATEMENT	94133	94181	1	0f4e8d70a1e34545d7ac475e514dec5345c2c07db417c4114dddd5bb39ad45ae	CglHZGlwX05BVElWRV9FWElUKGVudiwgdGhhdCwgUGVuXzFkZWxldGVfRlVOQyk7
1873	FRAGMENT	94181	94182	1	01ba4719c80b6fe911b091a7c05124b64eeece964e09c058ef8f9805daca546b	Cg==
1874	BLOCK_CLOSE	94182	94183	0	d10b36aa74a59bcf4a88185837f658afaf3646eff2bb16c3928d0e9335e945d2	fQ==
1875	PREPROCESSOR	94183	94191	0	626de321eb397f6600939892a0009f31bc378f7e886f9acc5ec0af18db6a99a7	CiNlbmRpZgo=
1876	PREPROCESSOR	94191	94212	0	45871622667b318240f49012ac8862501aede0a68a22484403ab3e4af4d8e25a	CiNpZm5kZWYgTk9fUGVuXzFuZXcK
1877	STATEMENT	94212	94320	0	1505521daf5d560cb254e20316a755a36716effe01a8ddb767e4239ef0ddff7d	ZXh0ZXJuICJDIiBKTklFWFBPUlQgamxvbmcgSk5JQ0FMTCBHZGlwX05BVElWRShQZW5fMW5ldykoSk5JRW52ICplbnYsIGpjbGFzcyB0aGF0LCBqbG9uZyBhcmcwLCBqZmxvYXQgYXJnMSk7
1878	FUNCTION_OPEN	94320	94421	0	e5461f8860601a2dcc3cafd3c3b0c8900db3e2d8b10bf16d737b9b5aaa20edc6	CkpOSUVYUE9SVCBqbG9uZyBKTklDQUxMIEdkaXBfTkFUSVZFKFBlbl8xbmV3KQoJKEpOSUVudiAqZW52LCBqY2xhc3MgdGhhdCwgamxvbmcgYXJnMCwgamZsb2F0IGFyZzEpCns=
1879	STATEMENT	94421	94436	1	3411ceb5951bc52321d8d6cf00df310a159211846b0264e08db2a18b94173633	CglqbG9uZyByYyA9IDA7
1880	STATEMENT	94436	94482	1	8b5d372b02117f93f28f96fc477510235e9fe791d2ca176c4b0bf06157e80bec	CglHZGlwX05BVElWRV9FTlRFUihlbnYsIHRoYXQsIFBlbl8xbmV3X0ZVTkMpOw==
1881	STATEMENT	94482	94531	1	3aa10de3f8fb2244202f16f8567934ac3c72c92bfb2b26b072ce31df4219d30c	CglyYyA9IChqbG9uZyluZXcgUGVuKChCcnVzaCAqKWFyZzAsIChSRUFMKWFyZzEpOw==
1882	STATEMENT	94531	94576	1	2637856578be881d793a42b080a3c243c4ce2a28a0f3889f9fd128476f81778b	CglHZGlwX05BVElWRV9FWElUKGVudiwgdGhhdCwgUGVuXzFuZXdfRlVOQyk7
1883	STATEMENT	94576	94588	1	a028c9c9501df4846ec72c7b4432d4a3cb499b36b781bb1c38853498151d0ba7	CglyZXR1cm4gcmM7
1884	FRAGMENT	94588	94589	1	01ba4719c80b6fe911b091a7c05124b64eeece964e09c058ef8f9805daca546b	Cg==
1885	BLOCK_CLOSE	94589	94590	0	d10b36aa74a59bcf4a88185837f658afaf3646eff2bb16c3928d0e9335e945d2	fQ==
1886	PREPROCESSOR	94590	94598	0	626de321eb397f6600939892a0009f31bc378f7e886f9acc5ec0af18db6a99a7	CiNlbmRpZgo=
1887	PREPROCESSOR	94598	94624	0	5db13641a419c92d0198ef8e349a695b2964645ca8267d87b1a87381fdb85821	CiNpZm5kZWYgTk9fUG9pbnRfMWRlbGV0ZQo=
1888	STATEMENT	94624	94723	0	00953fef95b68509e0c59639e8934a7998a08a581472b02753ddc4166710f0f5	ZXh0ZXJuICJDIiBKTklFWFBPUlQgdm9pZCBKTklDQUxMIEdkaXBfTkFUSVZFKFBvaW50XzFkZWxldGUpKEpOSUVudiAqZW52LCBqY2xhc3MgdGhhdCwgamxvbmcgYXJnMCk7
1889	FUNCTION_OPEN	94723	94815	0	26b83e10a4c74b4af3f73e414681eefa0a5c42d750c08823b1446355c904d4e5	CkpOSUVYUE9SVCB2b2lkIEpOSUNBTEwgR2RpcF9OQVRJVkUoUG9pbnRfMWRlbGV0ZSkKCShKTklFbnYgKmVudiwgamNsYXNzIHRoYXQsIGpsb25nIGFyZzApCns=
1890	STATEMENT	94815	94866	1	5870ee29fb20b7a999692522715cc1acbd823f00ebf09472fd06f8b32f52050b	CglHZGlwX05BVElWRV9FTlRFUihlbnYsIHRoYXQsIFBvaW50XzFkZWxldGVfRlVOQyk7
1891	STATEMENT	94866	94889	1	1e8601edbca600bc0c28192ecb1689ec3ef270d89d402a40ed9fc74c2f619f76	CglkZWxldGUgKFBvaW50ICopYXJnMDs=
1892	STATEMENT	94889	94939	1	f4a1b3cce04897b2cd85d151209958703f966cdf1b4d128624232cc3a4ebcb94	CglHZGlwX05BVElWRV9FWElUKGVudiwgdGhhdCwgUG9pbnRfMWRlbGV0ZV9GVU5DKTs=
1893	FRAGMENT	94939	94940	1	01ba4719c80b6fe911b091a7c05124b64eeece964e09c058ef8f9805daca546b	Cg==
1894	BLOCK_CLOSE	94940	94941	0	d10b36aa74a59bcf4a88185837f658afaf3646eff2bb16c3928d0e9335e945d2	fQ==
1895	PREPROCESSOR	94941	94949	0	626de321eb397f6600939892a0009f31bc378f7e886f9acc5ec0af18db6a99a7	CiNlbmRpZgo=
1896	PREPROCESSOR	94949	94972	0	d15e3cbe6e30226903337de0ee19e686df7db726c8c53f37787f25ae15908144	CiNpZm5kZWYgTk9fUG9pbnRfMW5ldwo=
1897	STATEMENT	94972	95079	0	21dac992c77c2828f695b0da1cda8e90e04429e1b026d1d5f36e4990fb1c3a88	ZXh0ZXJuICJDIiBKTklFWFBPUlQgamxvbmcgSk5JQ0FMTCBHZGlwX05BVElWRShQb2ludF8xbmV3KShKTklFbnYgKmVudiwgamNsYXNzIHRoYXQsIGppbnQgYXJnMCwgamludCBhcmcxKTs=
1898	FUNCTION_OPEN	95079	95179	0	6fe22d5a9bee12ae1e5ebee5cdbec205f8749286b59088bf79c7faf19e64753d	CkpOSUVYUE9SVCBqbG9uZyBKTklDQUxMIEdkaXBfTkFUSVZFKFBvaW50XzFuZXcpCgkoSk5JRW52ICplbnYsIGpjbGFzcyB0aGF0LCBqaW50IGFyZzAsIGppbnQgYXJnMSkKew==
1899	STATEMENT	95179	95194	1	3411ceb5951bc52321d8d6cf00df310a159211846b0264e08db2a18b94173633	CglqbG9uZyByYyA9IDA7
1900	STATEMENT	95194	95242	1	40bd5ef928d0f51cc4d6832c01e8fd3467297e57ff9d4cc5b6bb3e0680472d01	CglHZGlwX05BVElWRV9FTlRFUihlbnYsIHRoYXQsIFBvaW50XzFuZXdfRlVOQyk7
1901	STATEMENT	95242	95278	1	0c4a6f1fb987b0fca4f16c8b7a59e4ed4df52b981188307f7be94449878ff7da	CglyYyA9IChqbG9uZyluZXcgUG9pbnQoYXJnMCwgYXJnMSk7
1902	STATEMENT	95278	95325	1	f299722c70558dfbaa2e95eea26f7d6cbe0ea0a2e7a1d9834962d51d5d37b806	CglHZGlwX05BVElWRV9FWElUKGVudiwgdGhhdCwgUG9pbnRfMW5ld19GVU5DKTs=
1903	STATEMENT	95325	95337	1	a028c9c9501df4846ec72c7b4432d4a3cb499b36b781bb1c38853498151d0ba7	CglyZXR1cm4gcmM7
1904	FRAGMENT	95337	95338	1	01ba4719c80b6fe911b091a7c05124b64eeece964e09c058ef8f9805daca546b	Cg==
1905	BLOCK_CLOSE	95338	95339	0	d10b36aa74a59bcf4a88185837f658afaf3646eff2bb16c3928d0e9335e945d2	fQ==
1906	PREPROCESSOR	95339	95347	0	626de321eb397f6600939892a0009f31bc378f7e886f9acc5ec0af18db6a99a7	CiNlbmRpZgo=
1907	PREPROCESSOR	95347	95394	0	b1ee7f38319bb1e4a09389fb5ac10cef50e9414141d7d1bb2d45518cdb7d6f4b	CiNpZm5kZWYgTk9fUHJpdmF0ZUZvbnRDb2xsZWN0aW9uXzFBZGRGb250RmlsZQo=
1908	STATEMENT	95394	95531	0	9b08529780fbbd3b9b38f04b2a5b60c91a921e0816fcbc99627bf97fa36d671d	ZXh0ZXJuICJDIiBKTklFWFBPUlQgamludCBKTklDQUxMIEdkaXBfTkFUSVZFKFByaXZhdGVGb250Q29sbGVjdGlvbl8xQWRkRm9udEZpbGUpKEpOSUVudiAqZW52LCBqY2xhc3MgdGhhdCwgamxvbmcgYXJnMCwgamNoYXJBcnJheSBhcmcxKTs=
1909	FUNCTION_OPEN	95531	95661	0	e2365ceb9ebc83cea296c8336b9401f5c2824bc716e5270372f4742f1f48576a	CkpOSUVYUE9SVCBqaW50IEpOSUNBTEwgR2RpcF9OQVRJVkUoUHJpdmF0ZUZvbnRDb2xsZWN0aW9uXzFBZGRGb250RmlsZSkKCShKTklFbnYgKmVudiwgamNsYXNzIHRoYXQsIGpsb25nIGFyZzAsIGpjaGFyQXJyYXkgYXJnMSkKew==
1910	STATEMENT	95661	95682	1	cb233fdf59df1dd8a069c3bfcfdc1736b1e106ad16a2ac4efdc03ccbc3d7e752	CglqY2hhciAqbHBhcmcxPU5VTEw7
1911	STATEMENT	95682	95696	1	ab2eac128ef6225b35f40b35e2bd8fba39be8b3b6b281960b3c51646eba99890	CglqaW50IHJjID0gMDs=
1912	STATEMENT	95696	95768	1	b04427f34ba3feded78c70014e748aa5796a6d6b5818757295b0f5b84f67071c	CglHZGlwX05BVElWRV9FTlRFUihlbnYsIHRoYXQsIFByaXZhdGVGb250Q29sbGVjdGlvbl8xQWRkRm9udEZpbGVfRlVOQyk7
1913	STATEMENT	95768	95852	1	ccf88f90e36f7e1bfb7ee4188f0d874f12841983c1ee971a91629a2f82f78f34	CglpZiAoYXJnMSkgaWYgKChscGFyZzEgPSBlbnYtPkdldENoYXJBcnJheUVsZW1lbnRzKGFyZzEsIE5VTEwpKSA9PSBOVUxMKSBnb3RvIGZhaWw7
1914	STATEMENT	95852	95933	1	e42197186be01f0f4b32f52b7dea70cb0e75e00de76d764337a254740605bf0f	CglyYyA9IChqaW50KSgoUHJpdmF0ZUZvbnRDb2xsZWN0aW9uICopYXJnMCktPkFkZEZvbnRGaWxlKChjb25zdCBXQ0hBUiAqKWxwYXJnMSk7
1915	STATEMENT	95933	96008	1	c4e5ccca478ef041cb71e1ed6ef1f1b6885a6132217720f798c5482969cfc8da	CmZhaWw6CglpZiAoYXJnMSAmJiBscGFyZzEpIGVudi0+UmVsZWFzZUNoYXJBcnJheUVsZW1lbnRzKGFyZzEsIGxwYXJnMSwgMCk7
1916	STATEMENT	96008	96079	1	a5a4045ada7239006cf032b694e7115f754d8158cd3fa09f7df44465dea4b797	CglHZGlwX05BVElWRV9FWElUKGVudiwgdGhhdCwgUHJpdmF0ZUZvbnRDb2xsZWN0aW9uXzFBZGRGb250RmlsZV9GVU5DKTs=
1917	STATEMENT	96079	96091	1	a028c9c9501df4846ec72c7b4432d4a3cb499b36b781bb1c38853498151d0ba7	CglyZXR1cm4gcmM7
1918	FRAGMENT	96091	96092	1	01ba4719c80b6fe911b091a7c05124b64eeece964e09c058ef8f9805daca546b	Cg==
1919	BLOCK_CLOSE	96092	96093	0	d10b36aa74a59bcf4a88185837f658afaf3646eff2bb16c3928d0e9335e945d2	fQ==
1920	PREPROCESSOR	96093	96101	0	626de321eb397f6600939892a0009f31bc378f7e886f9acc5ec0af18db6a99a7	CiNlbmRpZgo=
1921	PREPROCESSOR	96101	96143	0	4e24fb77615b3463df22f40ba0ef3536d04c281bfb87dce78ec8f0a4663ba326	CiNpZm5kZWYgTk9fUHJpdmF0ZUZvbnRDb2xsZWN0aW9uXzFkZWxldGUK
1922	STATEMENT	96143	96258	0	a42bf589c57664ea9bf2ce480f682f733005352391cd899966523b6326ecafbb	ZXh0ZXJuICJDIiBKTklFWFBPUlQgdm9pZCBKTklDQUxMIEdkaXBfTkFUSVZFKFByaXZhdGVGb250Q29sbGVjdGlvbl8xZGVsZXRlKShKTklFbnYgKmVudiwgamNsYXNzIHRoYXQsIGpsb25nIGFyZzApOw==
1923	FUNCTION_OPEN	96258	96366	0	b10a5c33c8d9105db85526ed4a02a6704764fc55dcc887da8854c017ef59d2eb	CkpOSUVYUE9SVCB2b2lkIEpOSUNBTEwgR2RpcF9OQVRJVkUoUHJpdmF0ZUZvbnRDb2xsZWN0aW9uXzFkZWxldGUpCgkoSk5JRW52ICplbnYsIGpjbGFzcyB0aGF0LCBqbG9uZyBhcmcwKQp7
1924	STATEMENT	96366	96433	1	7f7fff32718e76bdf961b62bae3401a79778de5ae10b81cb751a3e19badc6c04	CglHZGlwX05BVElWRV9FTlRFUihlbnYsIHRoYXQsIFByaXZhdGVGb250Q29sbGVjdGlvbl8xZGVsZXRlX0ZVTkMpOw==
1925	STATEMENT	96433	96472	1	b0b19884cea19b278db2903bea9d14046c70e67b270a794c011da861e36555f5	CglkZWxldGUgKFByaXZhdGVGb250Q29sbGVjdGlvbiAqKWFyZzA7
1926	STATEMENT	96472	96538	1	b0451b453947503b42984c8f1ac6062f58e3e8e8bcc3aed68c2103a606c8d18a	CglHZGlwX05BVElWRV9FWElUKGVudiwgdGhhdCwgUHJpdmF0ZUZvbnRDb2xsZWN0aW9uXzFkZWxldGVfRlVOQyk7
1927	FRAGMENT	96538	96539	1	01ba4719c80b6fe911b091a7c05124b64eeece964e09c058ef8f9805daca546b	Cg==
1928	BLOCK_CLOSE	96539	96540	0	d10b36aa74a59bcf4a88185837f658afaf3646eff2bb16c3928d0e9335e945d2	fQ==
1929	PREPROCESSOR	96540	96548	0	626de321eb397f6600939892a0009f31bc378f7e886f9acc5ec0af18db6a99a7	CiNlbmRpZgo=
1930	PREPROCESSOR	96548	96587	0	da8a8665fb5bd8cd42d0c07a225a091d6e4ebcdf97a92c6d054c24549cba4a48	CiNpZm5kZWYgTk9fUHJpdmF0ZUZvbnRDb2xsZWN0aW9uXzFuZXcK
1931	STATEMENT	96587	96688	0	71fddaeda28753aab6e921ae65f9d0f0588a6e699e84be9acde476042a048929	ZXh0ZXJuICJDIiBKTklFWFBPUlQgamxvbmcgSk5JQ0FMTCBHZGlwX05BVElWRShQcml2YXRlRm9udENvbGxlY3Rpb25fMW5ldykoSk5JRW52ICplbnYsIGpjbGFzcyB0aGF0KTs=
1932	FUNCTION_OPEN	96688	96782	0	caaff176632163b8c31bb1207aea8d7475b1c704192dff4f50069aa807cd00e6	CkpOSUVYUE9SVCBqbG9uZyBKTklDQUxMIEdkaXBfTkFUSVZFKFByaXZhdGVGb250Q29sbGVjdGlvbl8xbmV3KQoJKEpOSUVudiAqZW52LCBqY2xhc3MgdGhhdCkKew==
1933	STATEMENT	96782	96797	1	3411ceb5951bc52321d8d6cf00df310a159211846b0264e08db2a18b94173633	CglqbG9uZyByYyA9IDA7
1934	STATEMENT	96797	96861	1	f9895d28599594876b2f576b3a93d4654e01bdcfd095d979bf54a97589add5a4	CglHZGlwX05BVElWRV9FTlRFUihlbnYsIHRoYXQsIFByaXZhdGVGb250Q29sbGVjdGlvbl8xbmV3X0ZVTkMpOw==
1935	STATEMENT	96861	96903	1	e45ac185d681da06aefdc8e97dce2adc39985664b97b9fad25840138a1bdc880	CglyYyA9IChqbG9uZyluZXcgUHJpdmF0ZUZvbnRDb2xsZWN0aW9uKCk7
1936	STATEMENT	96903	96966	1	51c7aa789723e0d7dc2e8cbbeb1f768b8db4f8dfd166d10a2844fc8b3eead31a	CglHZGlwX05BVElWRV9FWElUKGVudiwgdGhhdCwgUHJpdmF0ZUZvbnRDb2xsZWN0aW9uXzFuZXdfRlVOQyk7
1937	STATEMENT	96966	96978	1	a028c9c9501df4846ec72c7b4432d4a3cb499b36b781bb1c38853498151d0ba7	CglyZXR1cm4gcmM7
1938	FRAGMENT	96978	96979	1	01ba4719c80b6fe911b091a7c05124b64eeece964e09c058ef8f9805daca546b	Cg==
1939	BLOCK_CLOSE	96979	96980	0	d10b36aa74a59bcf4a88185837f658afaf3646eff2bb16c3928d0e9335e945d2	fQ==
1940	PREPROCESSOR	96980	96988	0	626de321eb397f6600939892a0009f31bc378f7e886f9acc5ec0af18db6a99a7	CiNlbmRpZgo=
1941	PREPROCESSOR	96988	97016	0	ce4452a60112a5c6acb0cf12edfc9e1da16ad800349eff92be29e1021f12d402	CiNpZm5kZWYgTk9fUmVnaW9uXzFHZXRIUkdOCg==
1942	STATEMENT	97016	97130	0	fba36ec7bb7c093d35291c2d967bdd2cb2998aa5175c4b3fe63f328752c03a12	ZXh0ZXJuICJDIiBKTklFWFBPUlQgamxvbmcgSk5JQ0FMTCBHZGlwX05BVElWRShSZWdpb25fMUdldEhSR04pKEpOSUVudiAqZW52LCBqY2xhc3MgdGhhdCwgamxvbmcgYXJnMCwgamxvbmcgYXJnMSk7
1943	FUNCTION_OPEN	97130	97237	0	9f413279bda3df021d736209a4605d2926d5d70341684297c0802874e3b27625	CkpOSUVYUE9SVCBqbG9uZyBKTklDQUxMIEdkaXBfTkFUSVZFKFJlZ2lvbl8xR2V0SFJHTikKCShKTklFbnYgKmVudiwgamNsYXNzIHRoYXQsIGpsb25nIGFyZzAsIGpsb25nIGFyZzEpCns=
1944	STATEMENT	97237	97252	1	3411ceb5951bc52321d8d6cf00df310a159211846b0264e08db2a18b94173633	CglqbG9uZyByYyA9IDA7
1945	STATEMENT	97252	97305	1	a58e8a1ad4dc185d441f70f5ce381a716623ea07bc4dc695edaf30843f5490b9	CglHZGlwX05BVElWRV9FTlRFUihlbnYsIHRoYXQsIFJlZ2lvbl8xR2V0SFJHTl9GVU5DKTs=
1946	STATEMENT	97305	97363	1	242ee6ea111dbc45dd5d3ca160e2e0fba88489b6216de020ca8162557e7825df	CglyYyA9IChqbG9uZykoKFJlZ2lvbiAqKWFyZzApLT5HZXRIUkdOKChHcmFwaGljcyAqKWFyZzEpOw==
1947	STATEMENT	97363	97415	1	520551bba40aa8a85f4fb7abdc1b11319d35cb88fbcf71e71a455f89ddbfa83f	CglHZGlwX05BVElWRV9FWElUKGVudiwgdGhhdCwgUmVnaW9uXzFHZXRIUkdOX0ZVTkMpOw==
1948	STATEMENT	97415	97427	1	a028c9c9501df4846ec72c7b4432d4a3cb499b36b781bb1c38853498151d0ba7	CglyZXR1cm4gcmM7
1949	FRAGMENT	97427	97428	1	01ba4719c80b6fe911b091a7c05124b64eeece964e09c058ef8f9805daca546b	Cg==
1950	BLOCK_CLOSE	97428	97429	0	d10b36aa74a59bcf4a88185837f658afaf3646eff2bb16c3928d0e9335e945d2	fQ==
1951	PREPROCESSOR	97429	97437	0	626de321eb397f6600939892a0009f31bc378f7e886f9acc5ec0af18db6a99a7	CiNlbmRpZgo=
1952	PREPROCESSOR	97437	97468	0	52e4737be6a80484bfa0bb3d4dd2ebc18df78c0a1b0cdca077284d7df6079446	CiNpZm5kZWYgTk9fUmVnaW9uXzFJc0luZmluaXRlCg==
1953	STATEMENT	97468	97588	0	c4a1c4f895a604ac2c9292068d6a7ba6ea410d209eeb949c5749b3354ec1f5d6	ZXh0ZXJuICJDIiBKTklFWFBPUlQgamJvb2xlYW4gSk5JQ0FMTCBHZGlwX05BVElWRShSZWdpb25fMUlzSW5maW5pdGUpKEpOSUVudiAqZW52LCBqY2xhc3MgdGhhdCwgamxvbmcgYXJnMCwgamxvbmcgYXJnMSk7
1954	FUNCTION_OPEN	97588	97701	0	1ef3a40cfc550755958a9b168309fa30d081c78b22169799349bcfec1f4642da	CkpOSUVYUE9SVCBqYm9vbGVhbiBKTklDQUxMIEdkaXBfTkFUSVZFKFJlZ2lvbl8xSXNJbmZpbml0ZSkKCShKTklFbnYgKmVudiwgamNsYXNzIHRoYXQsIGpsb25nIGFyZzAsIGpsb25nIGFyZzEpCns=
1955	STATEMENT	97701	97719	1	6e389c725127046540fa228f0aca981232172a088ed5b7d88f2be6db7346caa1	CglqYm9vbGVhbiByYyA9IDA7
1956	STATEMENT	97719	97775	1	fefb23a1d6f7e13e882bede018a53f4c6b0aa9fa7bf8268f46514c952108270d	CglHZGlwX05BVElWRV9FTlRFUihlbnYsIHRoYXQsIFJlZ2lvbl8xSXNJbmZpbml0ZV9GVU5DKTs=
1957	STATEMENT	97775	97839	1	aac7a73f6412e3311578ca3da57630b900ce83cfdc2630236433c898a064553f	CglyYyA9IChqYm9vbGVhbikoKFJlZ2lvbiAqKWFyZzApLT5Jc0luZmluaXRlKChHcmFwaGljcyAqKWFyZzEpOw==
1958	STATEMENT	97839	97894	1	df77556e92a5f3230bf925cee6a78f5c14b88849e9699ffbd111a5e2d68a9f03	CglHZGlwX05BVElWRV9FWElUKGVudiwgdGhhdCwgUmVnaW9uXzFJc0luZmluaXRlX0ZVTkMpOw==
1959	STATEMENT	97894	97906	1	a028c9c9501df4846ec72c7b4432d4a3cb499b36b781bb1c38853498151d0ba7	CglyZXR1cm4gcmM7
1960	FRAGMENT	97906	97907	1	01ba4719c80b6fe911b091a7c05124b64eeece964e09c058ef8f9805daca546b	Cg==
1961	BLOCK_CLOSE	97907	97908	0	d10b36aa74a59bcf4a88185837f658afaf3646eff2bb16c3928d0e9335e945d2	fQ==
1962	PREPROCESSOR	97908	97916	0	626de321eb397f6600939892a0009f31bc378f7e886f9acc5ec0af18db6a99a7	CiNlbmRpZgo=
1963	PREPROCESSOR	97916	97943	0	a8d076180bceb5dbf734fa922a53f3721f2e0200f25ed3a1df37b0f401d9982c	CiNpZm5kZWYgTk9fUmVnaW9uXzFkZWxldGUK
1964	STATEMENT	97943	98043	0	a040882dc353227e746e30f27b1c16ff654d80c048f212baad1669871cf57658	ZXh0ZXJuICJDIiBKTklFWFBPUlQgdm9pZCBKTklDQUxMIEdkaXBfTkFUSVZFKFJlZ2lvbl8xZGVsZXRlKShKTklFbnYgKmVudiwgamNsYXNzIHRoYXQsIGpsb25nIGFyZzApOw==
1965	FUNCTION_OPEN	98043	98136	0	94923ec0fb2467d7b1335ac993af061a130a0b8bbbf14b7d66458efdcebe6666	CkpOSUVYUE9SVCB2b2lkIEpOSUNBTEwgR2RpcF9OQVRJVkUoUmVnaW9uXzFkZWxldGUpCgkoSk5JRW52ICplbnYsIGpjbGFzcyB0aGF0LCBqbG9uZyBhcmcwKQp7
1966	STATEMENT	98136	98188	1	fb426ddc769cc0f87070a12bfea365116ce849ef5be0cd43123d454e360cc99a	CglHZGlwX05BVElWRV9FTlRFUihlbnYsIHRoYXQsIFJlZ2lvbl8xZGVsZXRlX0ZVTkMpOw==
1967	STATEMENT	98188	98212	1	0e6fd161e9c148dd85cc60084cdfdbf2c0648d44d8aaa0e497d518b7db5ab025	CglkZWxldGUgKFJlZ2lvbiAqKWFyZzA7
1968	STATEMENT	98212	98263	1	d0cd431a6b78a110f4731719f596053c19616ddf134ebd816e35e0c1adf6cbcf	CglHZGlwX05BVElWRV9FWElUKGVudiwgdGhhdCwgUmVnaW9uXzFkZWxldGVfRlVOQyk7
1969	FRAGMENT	98263	98264	1	01ba4719c80b6fe911b091a7c05124b64eeece964e09c058ef8f9805daca546b	Cg==
1970	BLOCK_CLOSE	98264	98265	0	d10b36aa74a59bcf4a88185837f658afaf3646eff2bb16c3928d0e9335e945d2	fQ==
1971	PREPROCESSOR	98265	98273	0	626de321eb397f6600939892a0009f31bc378f7e886f9acc5ec0af18db6a99a7	CiNlbmRpZgo=
1972	PREPROCESSOR	98273	98299	0	eba9a2d6eed4c45d51cc11147e6c3bf00214e8f47c6ab81877fb1273e9b73e95	CiNpZm5kZWYgTk9fUmVnaW9uXzFuZXdfXwo=
1973	STATEMENT	98299	98387	0	299a9b54795fb2d0355a2520088cfc0d33808697dc5bab222bd14506ac185d81	ZXh0ZXJuICJDIiBKTklFWFBPUlQgamxvbmcgSk5JQ0FMTCBHZGlwX05BVElWRShSZWdpb25fMW5ld19fKShKTklFbnYgKmVudiwgamNsYXNzIHRoYXQpOw==
1974	FUNCTION_OPEN	98387	98468	0	ee772f33cdf56b289760b8e55f293bc61817ae804ed593fcaad54a37ed92a443	CkpOSUVYUE9SVCBqbG9uZyBKTklDQUxMIEdkaXBfTkFUSVZFKFJlZ2lvbl8xbmV3X18pCgkoSk5JRW52ICplbnYsIGpjbGFzcyB0aGF0KQp7
1975	STATEMENT	98468	98483	1	3411ceb5951bc52321d8d6cf00df310a159211846b0264e08db2a18b94173633	CglqbG9uZyByYyA9IDA7
1976	STATEMENT	98483	98534	1	6d551628bc2e4c1d6805781361d240476da4c20788d40da5ca8fc6b3990b92b8	CglHZGlwX05BVElWRV9FTlRFUihlbnYsIHRoYXQsIFJlZ2lvbl8xbmV3X19fRlVOQyk7
1977	STATEMENT	98534	98561	1	0ee98f4ead24c6f4297a9438c9d6648cc2aba54ede0f05448ddc313ad8e74e09	CglyYyA9IChqbG9uZyluZXcgUmVnaW9uKCk7
1978	STATEMENT	98561	98611	1	5b30cd2c8f72e32948a62b3d94ea9006d5c365eb80466aa43bfae49f4a176626	CglHZGlwX05BVElWRV9FWElUKGVudiwgdGhhdCwgUmVnaW9uXzFuZXdfX19GVU5DKTs=
1979	STATEMENT	98611	98623	1	a028c9c9501df4846ec72c7b4432d4a3cb499b36b781bb1c38853498151d0ba7	CglyZXR1cm4gcmM7
1980	FRAGMENT	98623	98624	1	01ba4719c80b6fe911b091a7c05124b64eeece964e09c058ef8f9805daca546b	Cg==
1981	BLOCK_CLOSE	98624	98625	0	d10b36aa74a59bcf4a88185837f658afaf3646eff2bb16c3928d0e9335e945d2	fQ==
1982	PREPROCESSOR	98625	98633	0	626de321eb397f6600939892a0009f31bc378f7e886f9acc5ec0af18db6a99a7	CiNlbmRpZgo=
1983	PREPROCESSOR	98633	98660	0	8a90b2ddfb18d9b9fd3ca34c51791b0c79c7b9193d9257bfe9f9d25619fc2e82	CiNpZm5kZWYgTk9fUmVnaW9uXzFuZXdfX0oK
1984	STATEMENT	98660	98761	0	581d68590a5bba152289a488a650408283bbb7fe3518ef29b036a73bd799491e	ZXh0ZXJuICJDIiBKTklFWFBPUlQgamxvbmcgSk5JQ0FMTCBHZGlwX05BVElWRShSZWdpb25fMW5ld19fSikoSk5JRW52ICplbnYsIGpjbGFzcyB0aGF0LCBqbG9uZyBhcmcwKTs=
1985	FUNCTION_OPEN	98761	98855	0	65a2d4e32992837a5403eb46571d750fe8c216bc1889770693c7b9033a777f64	CkpOSUVYUE9SVCBqbG9uZyBKTklDQUxMIEdkaXBfTkFUSVZFKFJlZ2lvbl8xbmV3X19KKQoJKEpOSUVudiAqZW52LCBqY2xhc3MgdGhhdCwgamxvbmcgYXJnMCkKew==
1986	STATEMENT	98855	98870	1	3411ceb5951bc52321d8d6cf00df310a159211846b0264e08db2a18b94173633	CglqbG9uZyByYyA9IDA7
1987	STATEMENT	98870	98922	1	a62b7b608d7e50274db3c65821286a5b90f76a5d307788f91ce63991f48f09ef	CglHZGlwX05BVElWRV9FTlRFUihlbnYsIHRoYXQsIFJlZ2lvbl8xbmV3X19KX0ZVTkMpOw==
1988	STATEMENT	98922	98959	1	7ad348d2649703debf68360fe98527792e8c77bc2fe4b17c9f81d71bfb272a28	CglyYyA9IChqbG9uZyluZXcgUmVnaW9uKChIUkdOKWFyZzApOw==
1989	STATEMENT	98959	99010	1	19b0b10b10f665c2787b66afefcd46344400dbdcda0012781a46e7c4d67baac9	CglHZGlwX05BVElWRV9FWElUKGVudiwgdGhhdCwgUmVnaW9uXzFuZXdfX0pfRlVOQyk7
1990	STATEMENT	99010	99022	1	a028c9c9501df4846ec72c7b4432d4a3cb499b36b781bb1c38853498151d0ba7	CglyZXR1cm4gcmM7
1991	FRAGMENT	99022	99023	1	01ba4719c80b6fe911b091a7c05124b64eeece964e09c058ef8f9805daca546b	Cg==
1992	BLOCK_CLOSE	99023	99024	0	d10b36aa74a59bcf4a88185837f658afaf3646eff2bb16c3928d0e9335e945d2	fQ==
1993	PREPROCESSOR	99024	99032	0	626de321eb397f6600939892a0009f31bc378f7e886f9acc5ec0af18db6a99a7	CiNlbmRpZgo=
1994	PREPROCESSOR	99032	99068	0	b3faa16a1957583bbdcdf598dbbbe84402b8c76933173ac1f0376f19c35f4498	CiNpZm5kZWYgTk9fUmVnaW9uXzFuZXdHcmFwaGljc1BhdGgK
1995	STATEMENT	99068	99178	0	e614af087043adae3bc189781e9b0bc30d4f414218858bb51f52346c07257ada	ZXh0ZXJuICJDIiBKTklFWFBPUlQgamxvbmcgSk5JQ0FMTCBHZGlwX05BVElWRShSZWdpb25fMW5ld0dyYXBoaWNzUGF0aCkoSk5JRW52ICplbnYsIGpjbGFzcyB0aGF0LCBqbG9uZyBhcmcwKTs=
1996	FUNCTION_OPEN	99178	99281	0	bc1b8d60ed51ddc8804792c5b55ac830082f20ae902f2bcb8ad6657af1b7ec27	CkpOSUVYUE9SVCBqbG9uZyBKTklDQUxMIEdkaXBfTkFUSVZFKFJlZ2lvbl8xbmV3R3JhcGhpY3NQYXRoKQoJKEpOSUVudiAqZW52LCBqY2xhc3MgdGhhdCwgamxvbmcgYXJnMCkKew==
1997	STATEMENT	99281	99296	1	3411ceb5951bc52321d8d6cf00df310a159211846b0264e08db2a18b94173633	CglqbG9uZyByYyA9IDA7
1998	STATEMENT	99296	99357	1	ba7a74832d155eb951678fbdb391340cd24202ca14c4a42b2d71ea9df8dd6b23	CglHZGlwX05BVElWRV9FTlRFUihlbnYsIHRoYXQsIFJlZ2lvbl8xbmV3R3JhcGhpY3NQYXRoX0ZVTkMpOw==
1999	STATEMENT	99357	99403	1	e5443acdb13bd5d454f185d55555f4bb57feb531a20e48434aae1b8df10ab6eb	CglyYyA9IChqbG9uZyluZXcgUmVnaW9uKChHcmFwaGljc1BhdGgqKWFyZzApOw==
2000	STATEMENT	99403	99463	1	bb882ad030de7bb95ea84d5bd542d3c7efe4fb18c82c35a43f2ec3a3ddae9ded	CglHZGlwX05BVElWRV9FWElUKGVudiwgdGhhdCwgUmVnaW9uXzFuZXdHcmFwaGljc1BhdGhfRlVOQyk7
2001	STATEMENT	99463	99475	1	a028c9c9501df4846ec72c7b4432d4a3cb499b36b781bb1c38853498151d0ba7	CglyZXR1cm4gcmM7
2002	FRAGMENT	99475	99476	1	01ba4719c80b6fe911b091a7c05124b64eeece964e09c058ef8f9805daca546b	Cg==
2003	BLOCK_CLOSE	99476	99477	0	d10b36aa74a59bcf4a88185837f658afaf3646eff2bb16c3928d0e9335e945d2	fQ==
2004	PREPROCESSOR	99477	99485	0	626de321eb397f6600939892a0009f31bc378f7e886f9acc5ec0af18db6a99a7	CiNlbmRpZgo=
2005	PREPROCESSOR	99485	99516	0	0e87f648d222f76aca9b40407eee6e5006e6aa62221fb10dbeb4856485246257	CiNpZm5kZWYgTk9fU29saWRCcnVzaF8xZGVsZXRlCg==
2006	STATEMENT	99516	99620	0	f99e55ea6868718e99581b13d2e82bbf4b303cc01f70956bdf048bf391d0336e	ZXh0ZXJuICJDIiBKTklFWFBPUlQgdm9pZCBKTklDQUxMIEdkaXBfTkFUSVZFKFNvbGlkQnJ1c2hfMWRlbGV0ZSkoSk5JRW52ICplbnYsIGpjbGFzcyB0aGF0LCBqbG9uZyBhcmcwKTs=
2007	FUNCTION_OPEN	99620	99717	0	ee9a6472283ecf37e1bca40cb18e2347e1a2a697261cffd325cd70f689b94b27	CkpOSUVYUE9SVCB2b2lkIEpOSUNBTEwgR2RpcF9OQVRJVkUoU29saWRCcnVzaF8xZGVsZXRlKQoJKEpOSUVudiAqZW52LCBqY2xhc3MgdGhhdCwgamxvbmcgYXJnMCkKew==
2008	STATEMENT	99717	99773	1	c1510f079ac43576be9883d03d7bde13881e65a9290e0dc051a7b036a567a8d1	CglHZGlwX05BVElWRV9FTlRFUihlbnYsIHRoYXQsIFNvbGlkQnJ1c2hfMWRlbGV0ZV9GVU5DKTs=
2009	STATEMENT	99773	99801	1	3f3d7abfce9e0cf2b7efece3f112d37331a442f9a53a2622512ac213f9a35941	CglkZWxldGUgKFNvbGlkQnJ1c2ggKilhcmcwOw==
2010	STATEMENT	99801	99856	1	6f307f874d792349b03c129a075befa9c70cbb4d9436780e33461d86bc13ea7a	CglHZGlwX05BVElWRV9FWElUKGVudiwgdGhhdCwgU29saWRCcnVzaF8xZGVsZXRlX0ZVTkMpOw==
2011	FRAGMENT	99856	99857	1	01ba4719c80b6fe911b091a7c05124b64eeece964e09c058ef8f9805daca546b	Cg==
2012	BLOCK_CLOSE	99857	99858	0	d10b36aa74a59bcf4a88185837f658afaf3646eff2bb16c3928d0e9335e945d2	fQ==
2013	PREPROCESSOR	99858	99866	0	626de321eb397f6600939892a0009f31bc378f7e886f9acc5ec0af18db6a99a7	CiNlbmRpZgo=
2014	PREPROCESSOR	99866	99894	0	bd4940d54bc0e5089e781738c5f9ec1d5ecdf789c6122a21cf79308aa0cd3159	CiNpZm5kZWYgTk9fU29saWRCcnVzaF8xbmV3Cg==
2015	STATEMENT	99894	99995	0	e43587365f19a2578fdfda8ac0b8b23101edf83b7bab62c844b62dcfae62d6e4	ZXh0ZXJuICJDIiBKTklFWFBPUlQgamxvbmcgSk5JQ0FMTCBHZGlwX05BVElWRShTb2xpZEJydXNoXzFuZXcpKEpOSUVudiAqZW52LCBqY2xhc3MgdGhhdCwgamludCBhcmcwKTs=
2016	FUNCTION_OPEN	99995	100089	0	8ec345d5e38f659e4e66a690ea8b02fae40b4927bcdf49962d213a6d7963cdd3	CkpOSUVYUE9SVCBqbG9uZyBKTklDQUxMIEdkaXBfTkFUSVZFKFNvbGlkQnJ1c2hfMW5ldykKCShKTklFbnYgKmVudiwgamNsYXNzIHRoYXQsIGppbnQgYXJnMCkKew==
2017	STATEMENT	100089	100104	1	3411ceb5951bc52321d8d6cf00df310a159211846b0264e08db2a18b94173633	CglqbG9uZyByYyA9IDA7
2018	STATEMENT	100104	100157	1	1be60e624439005d7e46e6e204d68b239ba47a5fd326c2dddd8911925fd1add9	CglHZGlwX05BVElWRV9FTlRFUihlbnYsIHRoYXQsIFNvbGlkQnJ1c2hfMW5ld19GVU5DKTs=
2019	STATEMENT	100157	100199	1	ddb97be71c49e82e855eeb70d08c5a85c00d495b015827734b7de5982b635596	CglyYyA9IChqbG9uZyluZXcgU29saWRCcnVzaCgoQ29sb3IpYXJnMCk7
2020	STATEMENT	100199	100251	1	9d50ae7d36f64b6143531e366ca80f0689e767f47daf3c9afda842a5dbed5d8a	CglHZGlwX05BVElWRV9FWElUKGVudiwgdGhhdCwgU29saWRCcnVzaF8xbmV3X0ZVTkMpOw==
2021	STATEMENT	100251	100263	1	a028c9c9501df4846ec72c7b4432d4a3cb499b36b781bb1c38853498151d0ba7	CglyZXR1cm4gcmM7
2022	FRAGMENT	100263	100264	1	01ba4719c80b6fe911b091a7c05124b64eeece964e09c058ef8f9805daca546b	Cg==
2023	BLOCK_CLOSE	100264	100265	0	d10b36aa74a59bcf4a88185837f658afaf3646eff2bb16c3928d0e9335e945d2	fQ==
2024	PREPROCESSOR	100265	100273	0	626de321eb397f6600939892a0009f31bc378f7e886f9acc5ec0af18db6a99a7	CiNlbmRpZgo=
2025	PREPROCESSOR	100273	100305	0	57e1aba56bdf73f4a6f029efd4c0a3e012c00a5f42feecf2761b6b94caa6cca5	CiNpZm5kZWYgTk9fU3RyaW5nRm9ybWF0XzFDbG9uZQo=
2026	STATEMENT	100305	100411	0	880ade2921d66f69b23dc02dca74d96a28abe5a5208b7975ed284e13b368c7f9	ZXh0ZXJuICJDIiBKTklFWFBPUlQgamxvbmcgSk5JQ0FMTCBHZGlwX05BVElWRShTdHJpbmdGb3JtYXRfMUNsb25lKShKTklFbnYgKmVudiwgamNsYXNzIHRoYXQsIGpsb25nIGFyZzApOw==
2027	FUNCTION_OPEN	100411	100510	0	0570785fd451baba6c015a8368fecc147be0b57fa2f0090d293a03e152a31b0c	CkpOSUVYUE9SVCBqbG9uZyBKTklDQUxMIEdkaXBfTkFUSVZFKFN0cmluZ0Zvcm1hdF8xQ2xvbmUpCgkoSk5JRW52ICplbnYsIGpjbGFzcyB0aGF0LCBqbG9uZyBhcmcwKQp7
2028	STATEMENT	100510	100525	1	3411ceb5951bc52321d8d6cf00df310a159211846b0264e08db2a18b94173633	CglqbG9uZyByYyA9IDA7
2029	STATEMENT	100525	100582	1	a58489a7507a0ea0d096a86ba32885f05e56c7943dedd2f3ae33686c55f429a6	CglHZGlwX05BVElWRV9FTlRFUihlbnYsIHRoYXQsIFN0cmluZ0Zvcm1hdF8xQ2xvbmVfRlVOQyk7
2030	STATEMENT	100582	100628	1	4b02bd2a8edbb7814c06cd650adb9775c81d1a88f2c9011685c53bb7bc4a45cb	CglyYyA9IChqbG9uZykoKFN0cmluZ0Zvcm1hdCAqKWFyZzApLT5DbG9uZSgpOw==
2031	STATEMENT	100628	100684	1	ad8005233d1c8ab9bcd8b9423c3293d2ab5f5578ae23fd7f017b9aa47bf81d73	CglHZGlwX05BVElWRV9FWElUKGVudiwgdGhhdCwgU3RyaW5nRm9ybWF0XzFDbG9uZV9GVU5DKTs=
2032	STATEMENT	100684	100696	1	a028c9c9501df4846ec72c7b4432d4a3cb499b36b781bb1c38853498151d0ba7	CglyZXR1cm4gcmM7
2033	FRAGMENT	100696	100697	1	01ba4719c80b6fe911b091a7c05124b64eeece964e09c058ef8f9805daca546b	Cg==
2034	BLOCK_CLOSE	100697	100698	0	d10b36aa74a59bcf4a88185837f658afaf3646eff2bb16c3928d0e9335e945d2	fQ==
2035	PREPROCESSOR	100698	100706	0	626de321eb397f6600939892a0009f31bc378f7e886f9acc5ec0af18db6a99a7	CiNlbmRpZgo=
2036	PREPROCESSOR	100706	100747	0	63a0996ed323d5b47fb9b0f5ae4e7e09a7d62d97d68d06a096e61d2f829826bc	CiNpZm5kZWYgTk9fU3RyaW5nRm9ybWF0XzFHZW5lcmljRGVmYXVsdAo=
2037	STATEMENT	100747	100850	0	10b344a0a1589641a5457a1d66e9e3d845bc4e8b3114b7a8eef246c854996fcc	ZXh0ZXJuICJDIiBKTklFWFBPUlQgamxvbmcgSk5JQ0FMTCBHZGlwX05BVElWRShTdHJpbmdGb3JtYXRfMUdlbmVyaWNEZWZhdWx0KShKTklFbnYgKmVudiwgamNsYXNzIHRoYXQpOw==
2038	FUNCTION_OPEN	100850	100946	0	4a197b7407325cea9583c9d47417354b98867ab99ba9b51dfa5591b8c1917ce5	CkpOSUVYUE9SVCBqbG9uZyBKTklDQUxMIEdkaXBfTkFUSVZFKFN0cmluZ0Zvcm1hdF8xR2VuZXJpY0RlZmF1bHQpCgkoSk5JRW52ICplbnYsIGpjbGFzcyB0aGF0KQp7
2039	STATEMENT	100946	100961	1	3411ceb5951bc52321d8d6cf00df310a159211846b0264e08db2a18b94173633	CglqbG9uZyByYyA9IDA7
2040	STATEMENT	100961	101027	1	b2d6083b41596ec6e12f2cb7fb6cda876d0708c0fc7f358c19246ded45033c12	CglHZGlwX05BVElWRV9FTlRFUihlbnYsIHRoYXQsIFN0cmluZ0Zvcm1hdF8xR2VuZXJpY0RlZmF1bHRfRlVOQyk7
2041	STATEMENT	101027	101072	1	0db7d23c7813167d396088073af3c848b20bd22e45ba01e05ad13a60dfef477e	CglyYyA9IChqbG9uZylTdHJpbmdGb3JtYXQ6OkdlbmVyaWNEZWZhdWx0KCk7
2042	STATEMENT	101072	101137	1	f748b85b883e8c566c7486c25dde113458d30b26f1ab8fbabf3a95543bd0f246	CglHZGlwX05BVElWRV9FWElUKGVudiwgdGhhdCwgU3RyaW5nRm9ybWF0XzFHZW5lcmljRGVmYXVsdF9GVU5DKTs=
2043	STATEMENT	101137	101149	1	a028c9c9501df4846ec72c7b4432d4a3cb499b36b781bb1c38853498151d0ba7	CglyZXR1cm4gcmM7
2044	FRAGMENT	101149	101150	1	01ba4719c80b6fe911b091a7c05124b64eeece964e09c058ef8f9805daca546b	Cg==
2045	BLOCK_CLOSE	101150	101151	0	d10b36aa74a59bcf4a88185837f658afaf3646eff2bb16c3928d0e9335e945d2	fQ==
2046	PREPROCESSOR	101151	101159	0	626de321eb397f6600939892a0009f31bc378f7e886f9acc5ec0af18db6a99a7	CiNlbmRpZgo=
2047	PREPROCESSOR	101159	101204	0	babe18c9653973b8bd7697aad62f995875b56c9365c36a7bc2ea450db61b92e8	CiNpZm5kZWYgTk9fU3RyaW5nRm9ybWF0XzFHZW5lcmljVHlwb2dyYXBoaWMK
2048	STATEMENT	101204	101311	0	51a1e2e40a43b27ee9b3629257e6b71df1438461bf242c74f3ff2f95612c0736	ZXh0ZXJuICJDIiBKTklFWFBPUlQgamxvbmcgSk5JQ0FMTCBHZGlwX05BVElWRShTdHJpbmdGb3JtYXRfMUdlbmVyaWNUeXBvZ3JhcGhpYykoSk5JRW52ICplbnYsIGpjbGFzcyB0aGF0KTs=
2049	FUNCTION_OPEN	101311	101411	0	99bae0f095d4f8e931dc532063d3eb4087daf5b5bf881c053eb55c946698b4fb	CkpOSUVYUE9SVCBqbG9uZyBKTklDQUxMIEdkaXBfTkFUSVZFKFN0cmluZ0Zvcm1hdF8xR2VuZXJpY1R5cG9ncmFwaGljKQoJKEpOSUVudiAqZW52LCBqY2xhc3MgdGhhdCkKew==
2050	STATEMENT	101411	101426	1	3411ceb5951bc52321d8d6cf00df310a159211846b0264e08db2a18b94173633	CglqbG9uZyByYyA9IDA7
2051	STATEMENT	101426	101496	1	553a7f17e7e901dd3e7914f725bbd65d1df512289f49c4735cdd3996c261a903	CglHZGlwX05BVElWRV9FTlRFUihlbnYsIHRoYXQsIFN0cmluZ0Zvcm1hdF8xR2VuZXJpY1R5cG9ncmFwaGljX0ZVTkMpOw==
2052	STATEMENT	101496	101545	1	26578dd0fea5d467bdb21ab493cca83c7311e030c7c5772824adfdfe9eaa3509	CglyYyA9IChqbG9uZylTdHJpbmdGb3JtYXQ6OkdlbmVyaWNUeXBvZ3JhcGhpYygpOw==
2053	STATEMENT	101545	101614	1	55e849dc640b9b1d6e734cc029bad157e523ac613298c423792b98c32c92d41f	CglHZGlwX05BVElWRV9FWElUKGVudiwgdGhhdCwgU3RyaW5nRm9ybWF0XzFHZW5lcmljVHlwb2dyYXBoaWNfRlVOQyk7
2054	STATEMENT	101614	101626	1	a028c9c9501df4846ec72c7b4432d4a3cb499b36b781bb1c38853498151d0ba7	CglyZXR1cm4gcmM7
2055	FRAGMENT	101626	101627	1	01ba4719c80b6fe911b091a7c05124b64eeece964e09c058ef8f9805daca546b	Cg==
2056	BLOCK_CLOSE	101627	101628	0	d10b36aa74a59bcf4a88185837f658afaf3646eff2bb16c3928d0e9335e945d2	fQ==
2057	PREPROCESSOR	101628	101636	0	626de321eb397f6600939892a0009f31bc378f7e886f9acc5ec0af18db6a99a7	CiNlbmRpZgo=
2058	PREPROCESSOR	101636	101677	0	7a82eac992e75a0766a1e2e0cb8ac56566ce869b504baca333ef87f50a35d875	CiNpZm5kZWYgTk9fU3RyaW5nRm9ybWF0XzFHZXRGb3JtYXRGbGFncwo=
2059	STATEMENT	101677	101791	0	41d2d09fe52162a05e3ba157e8e8f7a19e0cafd527662132a94507f1c292a2da	ZXh0ZXJuICJDIiBKTklFWFBPUlQgamludCBKTklDQUxMIEdkaXBfTkFUSVZFKFN0cmluZ0Zvcm1hdF8xR2V0Rm9ybWF0RmxhZ3MpKEpOSUVudiAqZW52LCBqY2xhc3MgdGhhdCwgamxvbmcgYXJnMCk7
2060	FUNCTION_OPEN	101791	101898	0	bbb4fe99719883cd0d8aa02bf1646c4a3947448357b90de7cd5e342bc0b20e76	CkpOSUVYUE9SVCBqaW50IEpOSUNBTEwgR2RpcF9OQVRJVkUoU3RyaW5nRm9ybWF0XzFHZXRGb3JtYXRGbGFncykKCShKTklFbnYgKmVudiwgamNsYXNzIHRoYXQsIGpsb25nIGFyZzApCns=
2061	STATEMENT	101898	101912	1	ab2eac128ef6225b35f40b35e2bd8fba39be8b3b6b281960b3c51646eba99890	CglqaW50IHJjID0gMDs=
2062	STATEMENT	101912	101978	1	778ccdf66b03ec084200cffacc804425d045f0ce81aa9f05a5dcc492f65fa5c6	CglHZGlwX05BVElWRV9FTlRFUihlbnYsIHRoYXQsIFN0cmluZ0Zvcm1hdF8xR2V0Rm9ybWF0RmxhZ3NfRlVOQyk7
2063	STATEMENT	101978	102032	1	10c55d38ef7e6f3030f52f2806f0c57bbe34ecbc3d86aafcd5dd0d1339e41a0f	CglyYyA9IChqaW50KSgoU3RyaW5nRm9ybWF0ICopYXJnMCktPkdldEZvcm1hdEZsYWdzKCk7
2064	STATEMENT	102032	102097	1	a8e211c26c80054cbfca9e3c192913064b50474bb257917c46da64cc1d41493e	CglHZGlwX05BVElWRV9FWElUKGVudiwgdGhhdCwgU3RyaW5nRm9ybWF0XzFHZXRGb3JtYXRGbGFnc19GVU5DKTs=
2065	STATEMENT	102097	102109	1	a028c9c9501df4846ec72c7b4432d4a3cb499b36b781bb1c38853498151d0ba7	CglyZXR1cm4gcmM7
2066	FRAGMENT	102109	102110	1	01ba4719c80b6fe911b091a7c05124b64eeece964e09c058ef8f9805daca546b	Cg==
2067	BLOCK_CLOSE	102110	102111	0	d10b36aa74a59bcf4a88185837f658afaf3646eff2bb16c3928d0e9335e945d2	fQ==
2068	PREPROCESSOR	102111	102119	0	626de321eb397f6600939892a0009f31bc378f7e886f9acc5ec0af18db6a99a7	CiNlbmRpZgo=
2069	PREPROCESSOR	102119	102160	0	3e5ebabf24e13daf13278f4c60e71e2f2ef5e10955497cd2bd934734ffa93191	CiNpZm5kZWYgTk9fU3RyaW5nRm9ybWF0XzFTZXRGb3JtYXRGbGFncwo=
2070	STATEMENT	102160	102285	0	9b5b9a4cef361bd06ad9c37910f42befa6d08d2ca3db544727baeea6ca5a4c5f	ZXh0ZXJuICJDIiBKTklFWFBPUlQgamludCBKTklDQUxMIEdkaXBfTkFUSVZFKFN0cmluZ0Zvcm1hdF8xU2V0Rm9ybWF0RmxhZ3MpKEpOSUVudiAqZW52LCBqY2xhc3MgdGhhdCwgamxvbmcgYXJnMCwgamludCBhcmcxKTs=
2071	FUNCTION_OPEN	102285	102403	0	8d8e9406665d1658b394a6e7eee46bd844be1058a6aaa21677db25df6edb9c5a	CkpOSUVYUE9SVCBqaW50IEpOSUNBTEwgR2RpcF9OQVRJVkUoU3RyaW5nRm9ybWF0XzFTZXRGb3JtYXRGbGFncykKCShKTklFbnYgKmVudiwgamNsYXNzIHRoYXQsIGpsb25nIGFyZzAsIGppbnQgYXJnMSkKew==
2072	STATEMENT	102403	102417	1	ab2eac128ef6225b35f40b35e2bd8fba39be8b3b6b281960b3c51646eba99890	CglqaW50IHJjID0gMDs=
2073	STATEMENT	102417	102483	1	fd411df5edfcf66e4c06341904e5d8b0a2a4d2cfc20bff21b274bc47cb76f8bc	CglHZGlwX05BVElWRV9FTlRFUihlbnYsIHRoYXQsIFN0cmluZ0Zvcm1hdF8xU2V0Rm9ybWF0RmxhZ3NfRlVOQyk7
2074	STATEMENT	102483	102560	1	62fd1b85663373fcdb4376651a01f0ad804d5263197a959c0b845ee76640d4eb	CglyYyA9IChqaW50KSgoU3RyaW5nRm9ybWF0ICopYXJnMCktPlNldEZvcm1hdEZsYWdzKChTdHJpbmdGb3JtYXRGbGFncylhcmcxKTs=
2075	STATEMENT	102560	102625	1	6f4df267706e770e9040effa3c3c61e4a24a7eb2c01283d5f0bf4c524f9ad9d9	CglHZGlwX05BVElWRV9FWElUKGVudiwgdGhhdCwgU3RyaW5nRm9ybWF0XzFTZXRGb3JtYXRGbGFnc19GVU5DKTs=
2076	STATEMENT	102625	102637	1	a028c9c9501df4846ec72c7b4432d4a3cb499b36b781bb1c38853498151d0ba7	CglyZXR1cm4gcmM7
2077	FRAGMENT	102637	102638	1	01ba4719c80b6fe911b091a7c05124b64eeece964e09c058ef8f9805daca546b	Cg==
2078	BLOCK_CLOSE	102638	102639	0	d10b36aa74a59bcf4a88185837f658afaf3646eff2bb16c3928d0e9335e945d2	fQ==
2079	PREPROCESSOR	102639	102647	0	626de321eb397f6600939892a0009f31bc378f7e886f9acc5ec0af18db6a99a7	CiNlbmRpZgo=
2080	PREPROCESSOR	102647	102689	0	bd6112957f83dc4dd50f457297e0bd235ac5f0e3d57d67c1537951c53acecd40	CiNpZm5kZWYgTk9fU3RyaW5nRm9ybWF0XzFTZXRIb3RrZXlQcmVmaXgK
2081	STATEMENT	102689	102815	0	a53b264ec06d22d537ee60afdaf1351f057a62ceb3d9a190ec6780465738ba7b	ZXh0ZXJuICJDIiBKTklFWFBPUlQgamludCBKTklDQUxMIEdkaXBfTkFUSVZFKFN0cmluZ0Zvcm1hdF8xU2V0SG90a2V5UHJlZml4KShKTklFbnYgKmVudiwgamNsYXNzIHRoYXQsIGpsb25nIGFyZzAsIGppbnQgYXJnMSk7
2082	FUNCTION_OPEN	102815	102934	0	4963fa3e2847f105653501d0890fe2552dbe143a8a3554b0a0fd64c16c92219b	CkpOSUVYUE9SVCBqaW50IEpOSUNBTEwgR2RpcF9OQVRJVkUoU3RyaW5nRm9ybWF0XzFTZXRIb3RrZXlQcmVmaXgpCgkoSk5JRW52ICplbnYsIGpjbGFzcyB0aGF0LCBqbG9uZyBhcmcwLCBqaW50IGFyZzEpCns=
2083	STATEMENT	102934	102948	1	ab2eac128ef6225b35f40b35e2bd8fba39be8b3b6b281960b3c51646eba99890	CglqaW50IHJjID0gMDs=
2084	STATEMENT	102948	103015	1	479051c4785ccd3bfff2ebf0fc2d2f3ebc9e7d1b17e4f10043975dc180e68bec	CglHZGlwX05BVElWRV9FTlRFUihlbnYsIHRoYXQsIFN0cmluZ0Zvcm1hdF8xU2V0SG90a2V5UHJlZml4X0ZVTkMpOw==
2085	STATEMENT	103015	103088	1	18d8fb6462c9838d7fed87abb31d3de9d1627445d0e945c79b5d77fef3bc5a58	CglyYyA9IChqaW50KSgoU3RyaW5nRm9ybWF0ICopYXJnMCktPlNldEhvdGtleVByZWZpeCgoSG90a2V5UHJlZml4KWFyZzEpOw==
2086	STATEMENT	103088	103154	1	1d048f623b2061c65debbc6cd7eb5117e88e4f7c3bd9adb9e5278140631328af	CglHZGlwX05BVElWRV9FWElUKGVudiwgdGhhdCwgU3RyaW5nRm9ybWF0XzFTZXRIb3RrZXlQcmVmaXhfRlVOQyk7
2087	STATEMENT	103154	103166	1	a028c9c9501df4846ec72c7b4432d4a3cb499b36b781bb1c38853498151d0ba7	CglyZXR1cm4gcmM7
2088	FRAGMENT	103166	103167	1	01ba4719c80b6fe911b091a7c05124b64eeece964e09c058ef8f9805daca546b	Cg==
2089	BLOCK_CLOSE	103167	103168	0	d10b36aa74a59bcf4a88185837f658afaf3646eff2bb16c3928d0e9335e945d2	fQ==
2090	PREPROCESSOR	103168	103176	0	626de321eb397f6600939892a0009f31bc378f7e886f9acc5ec0af18db6a99a7	CiNlbmRpZgo=
2091	PREPROCESSOR	103176	103214	0	e0914aa628078ff52291b82a29672cde3f743302e94c0c004d9c7ca8d9571a80	CiNpZm5kZWYgTk9fU3RyaW5nRm9ybWF0XzFTZXRUYWJTdG9wcwo=
2092	STATEMENT	103214	103367	0	64714ede9ab081a8f2351b6110d082f390e8b45e11c60bba0058299bee273818	ZXh0ZXJuICJDIiBKTklFWFBPUlQgamludCBKTklDQUxMIEdkaXBfTkFUSVZFKFN0cmluZ0Zvcm1hdF8xU2V0VGFiU3RvcHMpKEpOSUVudiAqZW52LCBqY2xhc3MgdGhhdCwgamxvbmcgYXJnMCwgamZsb2F0IGFyZzEsIGppbnQgYXJnMiwgamZsb2F0QXJyYXkgYXJnMyk7
2093	FUNCTION_OPEN	103367	103513	0	dac16b210e661e6da7e00f922868d257f4091b5c7467394805fa766e85ae0475	CkpOSUVYUE9SVCBqaW50IEpOSUNBTEwgR2RpcF9OQVRJVkUoU3RyaW5nRm9ybWF0XzFTZXRUYWJTdG9wcykKCShKTklFbnYgKmVudiwgamNsYXNzIHRoYXQsIGpsb25nIGFyZzAsIGpmbG9hdCBhcmcxLCBqaW50IGFyZzIsIGpmbG9hdEFycmF5IGFyZzMpCns=
2094	STATEMENT	103513	103535	1	694fea2b7429641ea2f2194479523447837280862d1c3dfcfb3d016e607b3eaa	CglqZmxvYXQgKmxwYXJnMz1OVUxMOw==
2095	STATEMENT	103535	103549	1	ab2eac128ef6225b35f40b35e2bd8fba39be8b3b6b281960b3c51646eba99890	CglqaW50IHJjID0gMDs=
2096	STATEMENT	103549	103612	1	f3021126bcb89185ad6ec0e24268a49d3edce4e254beee0b5197d1d569fc7b7d	CglHZGlwX05BVElWRV9FTlRFUihlbnYsIHRoYXQsIFN0cmluZ0Zvcm1hdF8xU2V0VGFiU3RvcHNfRlVOQyk7
2097	STATEMENT	103612	103697	1	34ae9c095f84a2012aacb829df8bd92e331c6181fcaeb3a08eb059857d72bc65	CglpZiAoYXJnMykgaWYgKChscGFyZzMgPSBlbnYtPkdldEZsb2F0QXJyYXlFbGVtZW50cyhhcmczLCBOVUxMKSkgPT0gTlVMTCkgZ290byBmYWlsOw==
2098	STATEMENT	103697	103766	1	596926d8f7038cc1b9198976d231bc601eeae92d6604c580d3ada50e5464a927	CglyYyA9IChqaW50KSgoU3RyaW5nRm9ybWF0ICopYXJnMCktPlNldFRhYlN0b3BzKGFyZzEsIGFyZzIsIGxwYXJnMyk7
2099	STATEMENT	103766	103842	1	ec6e89b61a74f54e7ca2313ca2cee0ee3365eaf6a338f09b53ce4d72a5bca55a	CmZhaWw6CglpZiAoYXJnMyAmJiBscGFyZzMpIGVudi0+UmVsZWFzZUZsb2F0QXJyYXlFbGVtZW50cyhhcmczLCBscGFyZzMsIDApOw==
2100	STATEMENT	103842	103904	1	7c5671bd43930c973c74e4fd908b5a5b1f27016c0abfe9fa855e5923d577bba5	CglHZGlwX05BVElWRV9FWElUKGVudiwgdGhhdCwgU3RyaW5nRm9ybWF0XzFTZXRUYWJTdG9wc19GVU5DKTs=
2101	STATEMENT	103904	103916	1	a028c9c9501df4846ec72c7b4432d4a3cb499b36b781bb1c38853498151d0ba7	CglyZXR1cm4gcmM7
2102	FRAGMENT	103916	103917	1	01ba4719c80b6fe911b091a7c05124b64eeece964e09c058ef8f9805daca546b	Cg==
2103	BLOCK_CLOSE	103917	103918	0	d10b36aa74a59bcf4a88185837f658afaf3646eff2bb16c3928d0e9335e945d2	fQ==
2104	PREPROCESSOR	103918	103926	0	626de321eb397f6600939892a0009f31bc378f7e886f9acc5ec0af18db6a99a7	CiNlbmRpZgo=
2105	PREPROCESSOR	103926	103959	0	df5b832dc08b4c8f9234d2fcb7b2c15cfa62c304f5d058fdfa565396ed5e6e1a	CiNpZm5kZWYgTk9fU3RyaW5nRm9ybWF0XzFkZWxldGUK
2106	STATEMENT	103959	104065	0	05675044cafad85c586abd26fc84085f6491b32398aad8d29b4fa53d7d877f55	ZXh0ZXJuICJDIiBKTklFWFBPUlQgdm9pZCBKTklDQUxMIEdkaXBfTkFUSVZFKFN0cmluZ0Zvcm1hdF8xZGVsZXRlKShKTklFbnYgKmVudiwgamNsYXNzIHRoYXQsIGpsb25nIGFyZzApOw==
2107	FUNCTION_OPEN	104065	104164	0	dfb0c6c58b4f658e4b13c7e19ec8eb4d3c2b4f654bd38fc10d45370cafacea01	CkpOSUVYUE9SVCB2b2lkIEpOSUNBTEwgR2RpcF9OQVRJVkUoU3RyaW5nRm9ybWF0XzFkZWxldGUpCgkoSk5JRW52ICplbnYsIGpjbGFzcyB0aGF0LCBqbG9uZyBhcmcwKQp7
2108	STATEMENT	104164	104222	1	38e1094f33c7f4440543ec0002c021e2b791297f4d1be2ed99fa1b353c09f400	CglHZGlwX05BVElWRV9FTlRFUihlbnYsIHRoYXQsIFN0cmluZ0Zvcm1hdF8xZGVsZXRlX0ZVTkMpOw==
2109	STATEMENT	104222	104252	1	fde7d7edf6bafbdce5b1115e84ac2188428fbe11135f52070f7492535c5425a6	CglkZWxldGUgKFN0cmluZ0Zvcm1hdCAqKWFyZzA7
2110	STATEMENT	104252	104309	1	72b78fb1f12c4a6aafad6c6d40fce84c153d3857eb2866609edb8367fe6383c5	CglHZGlwX05BVElWRV9FWElUKGVudiwgdGhhdCwgU3RyaW5nRm9ybWF0XzFkZWxldGVfRlVOQyk7
2111	FRAGMENT	104309	104310	1	01ba4719c80b6fe911b091a7c05124b64eeece964e09c058ef8f9805daca546b	Cg==
2112	BLOCK_CLOSE	104310	104311	0	d10b36aa74a59bcf4a88185837f658afaf3646eff2bb16c3928d0e9335e945d2	fQ==
2113	PREPROCESSOR	104311	104319	0	626de321eb397f6600939892a0009f31bc378f7e886f9acc5ec0af18db6a99a7	CiNlbmRpZgo=
2114	PREPROCESSOR	104319	104354	0	a43f51e808741a6e2c255e6f5590198492427ab0fcfde5ad1d80b78e036f9ad3	CiNpZm5kZWYgTk9fVGV4dHVyZUJydXNoXzFHZXRJbWFnZQo=
2115	STATEMENT	104354	104463	0	25ef6236f2db05452aac3eb023debf4aebc9fb0c656e60bf47b9487627835a50	ZXh0ZXJuICJDIiBKTklFWFBPUlQgamxvbmcgSk5JQ0FMTCBHZGlwX05BVElWRShUZXh0dXJlQnJ1c2hfMUdldEltYWdlKShKTklFbnYgKmVudiwgamNsYXNzIHRoYXQsIGpsb25nIGFyZzApOw==
2116	FUNCTION_OPEN	104463	104565	0	e0150851756f0641c24d156cb731cf50267f0879fcbd386e1d817999fb35e5b1	CkpOSUVYUE9SVCBqbG9uZyBKTklDQUxMIEdkaXBfTkFUSVZFKFRleHR1cmVCcnVzaF8xR2V0SW1hZ2UpCgkoSk5JRW52ICplbnYsIGpjbGFzcyB0aGF0LCBqbG9uZyBhcmcwKQp7
2117	STATEMENT	104565	104580	1	3411ceb5951bc52321d8d6cf00df310a159211846b0264e08db2a18b94173633	CglqbG9uZyByYyA9IDA7
2118	STATEMENT	104580	104640	1	bba783fd8e52ad3b90e42beb40db3d2420f46328daf16b32e2cb14a8c3e49267	CglHZGlwX05BVElWRV9FTlRFUihlbnYsIHRoYXQsIFRleHR1cmVCcnVzaF8xR2V0SW1hZ2VfRlVOQyk7
2119	STATEMENT	104640	104689	1	50ee2161c788e86a53ca9e36706a0deba5a02a8eabc24e0d7aea5c768feb94c7	CglyYyA9IChqbG9uZykoKFRleHR1cmVCcnVzaCAqKWFyZzApLT5HZXRJbWFnZSgpOw==
2120	STATEMENT	104689	104748	1	23059f42aa33c2fafd6c69fc46b21eaad1ff318046deb8b51a39895ed36bb029	CglHZGlwX05BVElWRV9FWElUKGVudiwgdGhhdCwgVGV4dHVyZUJydXNoXzFHZXRJbWFnZV9GVU5DKTs=
2121	STATEMENT	104748	104760	1	a028c9c9501df4846ec72c7b4432d4a3cb499b36b781bb1c38853498151d0ba7	CglyZXR1cm4gcmM7
2122	FRAGMENT	104760	104761	1	01ba4719c80b6fe911b091a7c05124b64eeece964e09c058ef8f9805daca546b	Cg==
2123	BLOCK_CLOSE	104761	104762	0	d10b36aa74a59bcf4a88185837f658afaf3646eff2bb16c3928d0e9335e945d2	fQ==
2124	PREPROCESSOR	104762	104770	0	626de321eb397f6600939892a0009f31bc378f7e886f9acc5ec0af18db6a99a7	CiNlbmRpZgo=
2125	PREPROCESSOR	104770	104811	0	a0936c8d6bc59bf41bff0886d05bdbffadf1208e98021684253ceae87ff34aee	CiNpZm5kZWYgTk9fVGV4dHVyZUJydXNoXzFSZXNldFRyYW5zZm9ybQo=
2126	STATEMENT	104811	104925	0	ccea3f8e18dd77d54e83303b31fc52a3335e03f962a2b55b2563cffc87078aae	ZXh0ZXJuICJDIiBKTklFWFBPUlQgamludCBKTklDQUxMIEdkaXBfTkFUSVZFKFRleHR1cmVCcnVzaF8xUmVzZXRUcmFuc2Zvcm0pKEpOSUVudiAqZW52LCBqY2xhc3MgdGhhdCwgamxvbmcgYXJnMCk7
2127	FUNCTION_OPEN	104925	105032	0	1321a115716e3b53dcdeac605a12ce5d4e924cdb6cd88b8c59aa12aa8b2c39ec	CkpOSUVYUE9SVCBqaW50IEpOSUNBTEwgR2RpcF9OQVRJVkUoVGV4dHVyZUJydXNoXzFSZXNldFRyYW5zZm9ybSkKCShKTklFbnYgKmVudiwgamNsYXNzIHRoYXQsIGpsb25nIGFyZzApCns=
2128	STATEMENT	105032	105046	1	ab2eac128ef6225b35f40b35e2bd8fba39be8b3b6b281960b3c51646eba99890	CglqaW50IHJjID0gMDs=
2129	STATEMENT	105046	105112	1	147b7d55293d6c7d4fc1fdc721a4a5c1e3d96ccf68a0dd05b8f905dcb9ee4896	CglHZGlwX05BVElWRV9FTlRFUihlbnYsIHRoYXQsIFRleHR1cmVCcnVzaF8xUmVzZXRUcmFuc2Zvcm1fRlVOQyk7
2130	STATEMENT	105112	105166	1	c36c3bb2a9a30f09d2e519deb50776abc629e722aa533615b9c947f3f99315c8	CglyYyA9IChqaW50KSgoVGV4dHVyZUJydXNoICopYXJnMCktPlJlc2V0VHJhbnNmb3JtKCk7
2131	STATEMENT	105166	105231	1	cedc1ceb46187ffd4df2ae18417f4f1a49e2e9ad550825283d79275ec1229d5f	CglHZGlwX05BVElWRV9FWElUKGVudiwgdGhhdCwgVGV4dHVyZUJydXNoXzFSZXNldFRyYW5zZm9ybV9GVU5DKTs=
2132	STATEMENT	105231	105243	1	a028c9c9501df4846ec72c7b4432d4a3cb499b36b781bb1c38853498151d0ba7	CglyZXR1cm4gcmM7
2133	FRAGMENT	105243	105244	1	01ba4719c80b6fe911b091a7c05124b64eeece964e09c058ef8f9805daca546b	Cg==
2134	BLOCK_CLOSE	105244	105245	0	d10b36aa74a59bcf4a88185837f658afaf3646eff2bb16c3928d0e9335e945d2	fQ==
2135	PREPROCESSOR	105245	105253	0	626de321eb397f6600939892a0009f31bc378f7e886f9acc5ec0af18db6a99a7	CiNlbmRpZgo=
2136	PREPROCESSOR	105253	105294	0	95689ccde84f6ff579cbdf2cb395ebd8fbb23dc98d89af5618b9293a82d9b15e	CiNpZm5kZWYgTk9fVGV4dHVyZUJydXNoXzFTY2FsZVRyYW5zZm9ybQo=
2137	STATEMENT	105294	105445	0	58c11196aba1cb68a6f18649e46452b912577dc65c877f34e971cf7941ef836d	ZXh0ZXJuICJDIiBKTklFWFBPUlQgamludCBKTklDQUxMIEdkaXBfTkFUSVZFKFRleHR1cmVCcnVzaF8xU2NhbGVUcmFuc2Zvcm0pKEpOSUVudiAqZW52LCBqY2xhc3MgdGhhdCwgamxvbmcgYXJnMCwgamZsb2F0IGFyZzEsIGpmbG9hdCBhcmcyLCBqaW50IGFyZzMpOw==
2138	FUNCTION_OPEN	105445	105589	0	24778f2f32448b05c2be0a01c1752a1760f0874a35acbe615740ff1f98191cf6	CkpOSUVYUE9SVCBqaW50IEpOSUNBTEwgR2RpcF9OQVRJVkUoVGV4dHVyZUJydXNoXzFTY2FsZVRyYW5zZm9ybSkKCShKTklFbnYgKmVudiwgamNsYXNzIHRoYXQsIGpsb25nIGFyZzAsIGpmbG9hdCBhcmcxLCBqZmxvYXQgYXJnMiwgamludCBhcmczKQp7
2139	STATEMENT	105589	105603	1	ab2eac128ef6225b35f40b35e2bd8fba39be8b3b6b281960b3c51646eba99890	CglqaW50IHJjID0gMDs=
2140	STATEMENT	105603	105669	1	ecc2b19e0ea2e7ad659ba4b2294749a98a6dc854c8abcc8442e1e97844fa1b9f	CglHZGlwX05BVElWRV9FTlRFUihlbnYsIHRoYXQsIFRleHR1cmVCcnVzaF8xU2NhbGVUcmFuc2Zvcm1fRlVOQyk7
2141	STATEMENT	105669	105752	1	62e457f17f2d2c931c48b35becd869da2b1d70d82b67b6df199cbb847574f910	CglyYyA9IChqaW50KSgoVGV4dHVyZUJydXNoICopYXJnMCktPlNjYWxlVHJhbnNmb3JtKGFyZzEsIGFyZzIsIChNYXRyaXhPcmRlcilhcmczKTs=
2142	STATEMENT	105752	105817	1	af3bdb940d89e517e8dc518a1caab4dd85ee1d428ac26bfe469e7fb4b7902d47	CglHZGlwX05BVElWRV9FWElUKGVudiwgdGhhdCwgVGV4dHVyZUJydXNoXzFTY2FsZVRyYW5zZm9ybV9GVU5DKTs=
2143	STATEMENT	105817	105829	1	a028c9c9501df4846ec72c7b4432d4a3cb499b36b781bb1c38853498151d0ba7	CglyZXR1cm4gcmM7
2144	FRAGMENT	105829	105830	1	01ba4719c80b6fe911b091a7c05124b64eeece964e09c058ef8f9805daca546b	Cg==
2145	BLOCK_CLOSE	105830	105831	0	d10b36aa74a59bcf4a88185837f658afaf3646eff2bb16c3928d0e9335e945d2	fQ==
2146	PREPROCESSOR	105831	105839	0	626de321eb397f6600939892a0009f31bc378f7e886f9acc5ec0af18db6a99a7	CiNlbmRpZgo=
2147	PREPROCESSOR	105839	105878	0	98e5b44de79ffddb00c9e95a54c5348be8db3d1b0adf4929e6f2850a030db739	CiNpZm5kZWYgTk9fVGV4dHVyZUJydXNoXzFTZXRUcmFuc2Zvcm0K
2148	STATEMENT	105878	106002	0	2d8c8df5234cb2e083cf26cce0cd1618a4ad0c09aaa1c69e4d156b9ff238a3e1	ZXh0ZXJuICJDIiBKTklFWFBPUlQgamludCBKTklDQUxMIEdkaXBfTkFUSVZFKFRleHR1cmVCcnVzaF8xU2V0VHJhbnNmb3JtKShKTklFbnYgKmVudiwgamNsYXNzIHRoYXQsIGpsb25nIGFyZzAsIGpsb25nIGFyZzEpOw==
2149	FUNCTION_OPEN	106002	106119	0	be8e24c1146a858c57ff55f2729ad25e253487967d6703e852fed99db2e9cb49	CkpOSUVYUE9SVCBqaW50IEpOSUNBTEwgR2RpcF9OQVRJVkUoVGV4dHVyZUJydXNoXzFTZXRUcmFuc2Zvcm0pCgkoSk5JRW52ICplbnYsIGpjbGFzcyB0aGF0LCBqbG9uZyBhcmcwLCBqbG9uZyBhcmcxKQp7
2150	STATEMENT	106119	106133	1	ab2eac128ef6225b35f40b35e2bd8fba39be8b3b6b281960b3c51646eba99890	CglqaW50IHJjID0gMDs=
2151	STATEMENT	106133	106197	1	e5ee07d75f32a18dda5c23dc82df09c79c4518951e6a353897069030b46c5577	CglHZGlwX05BVElWRV9FTlRFUihlbnYsIHRoYXQsIFRleHR1cmVCcnVzaF8xU2V0VHJhbnNmb3JtX0ZVTkMpOw==
2152	STATEMENT	106197	106263	1	792959c0244a76e1af52be0275149ec0b42eaeb7fb9637549a0e95b308fc4ba9	CglyYyA9IChqaW50KSgoVGV4dHVyZUJydXNoICopYXJnMCktPlNldFRyYW5zZm9ybSgoTWF0cml4ICopYXJnMSk7
2153	STATEMENT	106263	106326	1	22ba1cc95d17c1e4760d13bddc4d19685b408971abf04f318574348df806e60d	CglHZGlwX05BVElWRV9FWElUKGVudiwgdGhhdCwgVGV4dHVyZUJydXNoXzFTZXRUcmFuc2Zvcm1fRlVOQyk7
2154	STATEMENT	106326	106338	1	a028c9c9501df4846ec72c7b4432d4a3cb499b36b781bb1c38853498151d0ba7	CglyZXR1cm4gcmM7
2155	FRAGMENT	106338	106339	1	01ba4719c80b6fe911b091a7c05124b64eeece964e09c058ef8f9805daca546b	Cg==
2156	BLOCK_CLOSE	106339	106340	0	d10b36aa74a59bcf4a88185837f658afaf3646eff2bb16c3928d0e9335e945d2	fQ==
2157	PREPROCESSOR	106340	106348	0	626de321eb397f6600939892a0009f31bc378f7e886f9acc5ec0af18db6a99a7	CiNlbmRpZgo=
2158	PREPROCESSOR	106348	106393	0	5eee9a029eeb46111be21149c58becd39f11958f77e9ac1d9f089ed8fd784b3e	CiNpZm5kZWYgTk9fVGV4dHVyZUJydXNoXzFUcmFuc2xhdGVUcmFuc2Zvcm0K
2159	STATEMENT	106393	106548	0	48514742b235cf73e45c0c0c0c574b15d03451f245b350a0c4dbb2b8989cc024	ZXh0ZXJuICJDIiBKTklFWFBPUlQgamludCBKTklDQUxMIEdkaXBfTkFUSVZFKFRleHR1cmVCcnVzaF8xVHJhbnNsYXRlVHJhbnNmb3JtKShKTklFbnYgKmVudiwgamNsYXNzIHRoYXQsIGpsb25nIGFyZzAsIGpmbG9hdCBhcmcxLCBqZmxvYXQgYXJnMiwgamludCBhcmczKTs=
2160	FUNCTION_OPEN	106548	106696	0	b923fc0b91fd968f3a9ce987bd92cafbfa7d2720a7479b00358ee7275792212d	CkpOSUVYUE9SVCBqaW50IEpOSUNBTEwgR2RpcF9OQVRJVkUoVGV4dHVyZUJydXNoXzFUcmFuc2xhdGVUcmFuc2Zvcm0pCgkoSk5JRW52ICplbnYsIGpjbGFzcyB0aGF0LCBqbG9uZyBhcmcwLCBqZmxvYXQgYXJnMSwgamZsb2F0IGFyZzIsIGppbnQgYXJnMykKew==
2161	STATEMENT	106696	106710	1	ab2eac128ef6225b35f40b35e2bd8fba39be8b3b6b281960b3c51646eba99890	CglqaW50IHJjID0gMDs=
2162	STATEMENT	106710	106780	1	e45e701dfb3fac4d3d625b9cc4421448bbb5f4c549fd74a90d1f3cd2b0bf6ed6	CglHZGlwX05BVElWRV9FTlRFUihlbnYsIHRoYXQsIFRleHR1cmVCcnVzaF8xVHJhbnNsYXRlVHJhbnNmb3JtX0ZVTkMpOw==
2163	STATEMENT	106780	106867	1	47d57b452675304ce213d05a874fd696b72d957f1568051ec32bbb86fe7bcbdf	CglyYyA9IChqaW50KSgoVGV4dHVyZUJydXNoICopYXJnMCktPlRyYW5zbGF0ZVRyYW5zZm9ybShhcmcxLCBhcmcyLCAoTWF0cml4T3JkZXIpYXJnMyk7
2164	STATEMENT	106867	106936	1	4204da80eb86b910eec5903bdad8d62bc62474fce639790431c6b13b2a1c6b88	CglHZGlwX05BVElWRV9FWElUKGVudiwgdGhhdCwgVGV4dHVyZUJydXNoXzFUcmFuc2xhdGVUcmFuc2Zvcm1fRlVOQyk7
2165	STATEMENT	106936	106948	1	a028c9c9501df4846ec72c7b4432d4a3cb499b36b781bb1c38853498151d0ba7	CglyZXR1cm4gcmM7
2166	FRAGMENT	106948	106949	1	01ba4719c80b6fe911b091a7c05124b64eeece964e09c058ef8f9805daca546b	Cg==
2167	BLOCK_CLOSE	106949	106950	0	d10b36aa74a59bcf4a88185837f658afaf3646eff2bb16c3928d0e9335e945d2	fQ==
2168	PREPROCESSOR	106950	106958	0	626de321eb397f6600939892a0009f31bc378f7e886f9acc5ec0af18db6a99a7	CiNlbmRpZgo=
2169	PREPROCESSOR	106958	106991	0	3c9cf4a5dec89f7a46cc3497e5e93a7284ba2105b10eacec38aa633dfa5c0a8a	CiNpZm5kZWYgTk9fVGV4dHVyZUJydXNoXzFkZWxldGUK
2170	STATEMENT	106991	107097	0	2e1abbe4fbab7640156a182300a76b7ab2d4d98dfd35b9c18410f04f59033797	ZXh0ZXJuICJDIiBKTklFWFBPUlQgdm9pZCBKTklDQUxMIEdkaXBfTkFUSVZFKFRleHR1cmVCcnVzaF8xZGVsZXRlKShKTklFbnYgKmVudiwgamNsYXNzIHRoYXQsIGpsb25nIGFyZzApOw==
2171	FUNCTION_OPEN	107097	107196	0	de594303129e65bb4b24088a6988b0aadf1843244163a79111ba5c416aff1a0d	CkpOSUVYUE9SVCB2b2lkIEpOSUNBTEwgR2RpcF9OQVRJVkUoVGV4dHVyZUJydXNoXzFkZWxldGUpCgkoSk5JRW52ICplbnYsIGpjbGFzcyB0aGF0LCBqbG9uZyBhcmcwKQp7
2172	STATEMENT	107196	107254	1	757b0c7c0fcecc078dd9375f71cf86c389d7ca0caf0be00a9c78b7dfc162d416	CglHZGlwX05BVElWRV9FTlRFUihlbnYsIHRoYXQsIFRleHR1cmVCcnVzaF8xZGVsZXRlX0ZVTkMpOw==
2173	STATEMENT	107254	107284	1	70c67aa043deaa2ac40b980359be3ed9ddeb2dc5b9bc4b7d78c3fe78f9b9eb51	CglkZWxldGUgKFRleHR1cmVCcnVzaCAqKWFyZzA7
2174	STATEMENT	107284	107341	1	5066ea031c8b19c11efc520523c0b3af510d6f2dcc2158fe87c3a7d7e50e05ab	CglHZGlwX05BVElWRV9FWElUKGVudiwgdGhhdCwgVGV4dHVyZUJydXNoXzFkZWxldGVfRlVOQyk7
2175	FRAGMENT	107341	107342	1	01ba4719c80b6fe911b091a7c05124b64eeece964e09c058ef8f9805daca546b	Cg==
2176	BLOCK_CLOSE	107342	107343	0	d10b36aa74a59bcf4a88185837f658afaf3646eff2bb16c3928d0e9335e945d2	fQ==
2177	PREPROCESSOR	107343	107351	0	626de321eb397f6600939892a0009f31bc378f7e886f9acc5ec0af18db6a99a7	CiNlbmRpZgo=
2178	PREPROCESSOR	107351	107389	0	2ab8487ede0eee8d02c8055630eea562a170056b5aff2e48c08063d63696c539	CiNpZm5kZWYgTk9fVGV4dHVyZUJydXNoXzFuZXdfX0pJRkZGRgo=
2179	STATEMENT	107389	107564	0	f591b48cde072e33f818764e8778f8630b983b5bb16f6ba2994c7a4728a7d08f	ZXh0ZXJuICJDIiBKTklFWFBPUlQgamxvbmcgSk5JQ0FMTCBHZGlwX05BVElWRShUZXh0dXJlQnJ1c2hfMW5ld19fSklGRkZGKShKTklFbnYgKmVudiwgamNsYXNzIHRoYXQsIGpsb25nIGFyZzAsIGppbnQgYXJnMSwgamZsb2F0IGFyZzIsIGpmbG9hdCBhcmczLCBqZmxvYXQgYXJnNCwgamZsb2F0IGFyZzUpOw==
2180	FUNCTION_OPEN	107564	107732	0	532e4fb5024031897cb723568d653e8a633f3d5122d670e88d5d22417fd54b2d	CkpOSUVYUE9SVCBqbG9uZyBKTklDQUxMIEdkaXBfTkFUSVZFKFRleHR1cmVCcnVzaF8xbmV3X19KSUZGRkYpCgkoSk5JRW52ICplbnYsIGpjbGFzcyB0aGF0LCBqbG9uZyBhcmcwLCBqaW50IGFyZzEsIGpmbG9hdCBhcmcyLCBqZmxvYXQgYXJnMywgamZsb2F0IGFyZzQsIGpmbG9hdCBhcmc1KQp7
2181	STATEMENT	107732	107747	1	3411ceb5951bc52321d8d6cf00df310a159211846b0264e08db2a18b94173633	CglqbG9uZyByYyA9IDA7
2182	STATEMENT	107747	107810	1	6a9f95daad5116fff7ae8875872b7954d026b32955d29cecd5f56cfee00407c2	CglHZGlwX05BVElWRV9FTlRFUihlbnYsIHRoYXQsIFRleHR1cmVCcnVzaF8xbmV3X19KSUZGRkZfRlVOQyk7
2183	STATEMENT	107810	107896	1	144e835dfc92c4acf3c7fc2feccd835404167e6a368e36b1ba001f9afdea335a	CglyYyA9IChqbG9uZyluZXcgVGV4dHVyZUJydXNoKChJbWFnZSAqKWFyZzAsIChXcmFwTW9kZSlhcmcxLCBhcmcyLCBhcmczLCBhcmc0LCBhcmc1KTs=
2184	STATEMENT	107896	107958	1	4520ecf95bacdfb3fab10d4dd39cb02b263ed44f7df3f5683df16e0b0444eb53	CglHZGlwX05BVElWRV9FWElUKGVudiwgdGhhdCwgVGV4dHVyZUJydXNoXzFuZXdfX0pJRkZGRl9GVU5DKTs=
2185	STATEMENT	107958	107970	1	a028c9c9501df4846ec72c7b4432d4a3cb499b36b781bb1c38853498151d0ba7	CglyZXR1cm4gcmM7
2186	FRAGMENT	107970	107971	1	01ba4719c80b6fe911b091a7c05124b64eeece964e09c058ef8f9805daca546b	Cg==
2187	BLOCK_CLOSE	107971	107972	0	d10b36aa74a59bcf4a88185837f658afaf3646eff2bb16c3928d0e9335e945d2	fQ==
2188	PREPROCESSOR	107972	107980	0	626de321eb397f6600939892a0009f31bc378f7e886f9acc5ec0af18db6a99a7	CiNlbmRpZgo=
2189	PREPROCESSOR	107980	108051	0	ed110cae64b1c28ccf3c02e62d0d33ae82ccfa75b8b8f81899a44d043f922848	CiNpZm5kZWYgTk9fVGV4dHVyZUJydXNoXzFuZXdfX0pMb3JnX2VjbGlwc2Vfc3d0X2ludGVybmFsX2dkaXBfUmVjdF8ySgo=
2190	STATEMENT	108051	108222	0	88bd20889461a3a269ff768b4cf910fd23dcaf63fc067e99b8f4de0f9b0a654e	ZXh0ZXJuICJDIiBKTklFWFBPUlQgamxvbmcgSk5JQ0FMTCBHZGlwX05BVElWRShUZXh0dXJlQnJ1c2hfMW5ld19fSkxvcmdfZWNsaXBzZV9zd3RfaW50ZXJuYWxfZ2RpcF9SZWN0XzJKKShKTklFbnYgKmVudiwgamNsYXNzIHRoYXQsIGpsb25nIGFyZzAsIGpvYmplY3QgYXJnMSwgamxvbmcgYXJnMik7
2191	FUNCTION_OPEN	108222	108386	0	fee4d929c6d82d2b861a541c15103cd60ebfaf7c685babac10ceff76af8fff7d	CkpOSUVYUE9SVCBqbG9uZyBKTklDQUxMIEdkaXBfTkFUSVZFKFRleHR1cmVCcnVzaF8xbmV3X19KTG9yZ19lY2xpcHNlX3N3dF9pbnRlcm5hbF9nZGlwX1JlY3RfMkopCgkoSk5JRW52ICplbnYsIGpjbGFzcyB0aGF0LCBqbG9uZyBhcmcwLCBqb2JqZWN0IGFyZzEsIGpsb25nIGFyZzIpCns=
2192	STATEMENT	108386	108413	1	682fbc99cec5c405eab601f0413690066aa8692d18135f2401cce6d57e4bdb31	CglSZWN0IF9hcmcxLCAqbHBhcmcxPU5VTEw7
2193	STATEMENT	108413	108428	1	3411ceb5951bc52321d8d6cf00df310a159211846b0264e08db2a18b94173633	CglqbG9uZyByYyA9IDA7
2194	STATEMENT	108428	108524	1	512c8fb9f6b3afd4f40f743a1e2c274e79722fe5419458aa41d1a3bded2607e2	CglHZGlwX05BVElWRV9FTlRFUihlbnYsIHRoYXQsIFRleHR1cmVCcnVzaF8xbmV3X19KTG9yZ19lY2xpcHNlX3N3dF9pbnRlcm5hbF9nZGlwX1JlY3RfMkpfRlVOQyk7
2195	STATEMENT	108524	108603	1	d11f59b1bfc942720a5659bfcd2accf8f211f2c701dd6cca52ca2294b3cb0f30	CglpZiAoYXJnMSkgaWYgKChscGFyZzEgPSBnZXRSZWN0RmllbGRzKGVudiwgYXJnMSwgJl9hcmcxKSkgPT0gTlVMTCkgZ290byBmYWlsOw==
2196	STATEMENT	108603	108691	1	cb756519dd0f1c5715e524c99386f27fdf4b9f37a9e719b7e2e129496fbbd81c	CglyYyA9IChqbG9uZyluZXcgVGV4dHVyZUJydXNoKChJbWFnZSAqKWFyZzAsICooUmVjdCAqKWxwYXJnMSwgKEltYWdlQXR0cmlidXRlcyAqKWFyZzIpOw==
2197	STATEMENT	108691	108752	1	694acbbc0e157ab79b377661a802b6cc444cb0023c262cc4486b1b1859294812	CmZhaWw6CglpZiAoYXJnMSAmJiBscGFyZzEpIHNldFJlY3RGaWVsZHMoZW52LCBhcmcxLCBscGFyZzEpOw==
2198	STATEMENT	108752	108847	1	135e084f7d6d3855981d7ec762a7999e4a8ef8cde219b545a9ed2a6e39b2883c	CglHZGlwX05BVElWRV9FWElUKGVudiwgdGhhdCwgVGV4dHVyZUJydXNoXzFuZXdfX0pMb3JnX2VjbGlwc2Vfc3d0X2ludGVybmFsX2dkaXBfUmVjdF8ySl9GVU5DKTs=
2199	STATEMENT	108847	108859	1	a028c9c9501df4846ec72c7b4432d4a3cb499b36b781bb1c38853498151d0ba7	CglyZXR1cm4gcmM7
2200	FRAGMENT	108859	108860	1	01ba4719c80b6fe911b091a7c05124b64eeece964e09c058ef8f9805daca546b	Cg==
2201	BLOCK_CLOSE	108860	108861	0	d10b36aa74a59bcf4a88185837f658afaf3646eff2bb16c3928d0e9335e945d2	fQ==
2202	PREPROCESSOR	108861	108869	0	626de321eb397f6600939892a0009f31bc378f7e886f9acc5ec0af18db6a99a7	CiNlbmRpZgo=
2203	TRAILING	108869	108870	0	01ba4719c80b6fe911b091a7c05124b64eeece964e09c058ef8f9805daca546b	Cg==
