ordinal	kind	start	end	depth	sha256	payload-base64
0	PREPROCESSOR	0	710	0	14c4dcb2fd969a32edf6038cc4f24ee9c2e91911718a77bb359a764eda9805e7	LyoqKioqKioqKioqKioqKioqKioqKioqKioqKioqKioqKioqKioqKioqKioqKioqKioqKioqKioqKioqKioqKioqKioqKioqKioqKioqKioKICogQ29weXJpZ2h0IChjKSAyMDAwLCAyMDI1IElCTSBDb3Jwb3JhdGlvbiBhbmQgb3RoZXJzLgogKgogKiBUaGlzIHByb2dyYW0gYW5kIHRoZSBhY2NvbXBhbnlpbmcgbWF0ZXJpYWxzCiAqIGFyZSBtYWRlIGF2YWlsYWJsZSB1bmRlciB0aGUgdGVybXMgb2YgdGhlIEVjbGlwc2UgUHVibGljIExpY2Vuc2UgMi4wCiAqIHdoaWNoIGFjY29tcGFuaWVzIHRoaXMgZGlzdHJpYnV0aW9uLCBhbmQgaXMgYXZhaWxhYmxlIGF0CiAqIGh0dHBzOi8vd3d3LmVjbGlwc2Uub3JnL2xlZ2FsL2VwbC0yLjAvCiAqCiAqIFNQRFgtTGljZW5zZS1JZGVudGlmaWVyOiBFUEwtMi4wCiAqCiAqIENvbnRyaWJ1dG9yczoKICogICAgSUJNIENvcnBvcmF0aW9uIC0gaW5pdGlhbCBBUEkgYW5kIGltcGxlbWVudGF0aW9uCiAqKioqKioqKioqKioqKioqKioqKioqKioqKioqKioqKioqKioqKioqKioqKioqKioqKioqKioqKioqKioqKioqKioqKioqKioqKioqKioqLwoKLyogTm90ZTogVGhpcyBmaWxlIHdhcyBhdXRvLWdlbmVyYXRlZCBieSBvcmcuZWNsaXBzZS5zd3QudG9vbHMuaW50ZXJuYWwuSk5JR2VuZXJhdG9yICovCi8qIERPIE5PVCBFRElUIC0geW91ciBjaGFuZ2VzIHdpbGwgYmUgbG9zdC4gKi8KCiNpbmNsdWRlICJvcy5oIgo=
1	PREPROCESSOR	710	728	0	78767406b333f7b6f0f9cb6f552af294780a8a20c8c75807323bfd88f3dd5520	CiNpZm5kZWYgTk9fQUNDRUwK
2	STATEMENT	728	781	0	6b65c07acb4ecce1aed7c084d093711926977153fe22b45dcd0c64e2ae97e371	dm9pZCBjYWNoZUFDQ0VMRmllbGRzKEpOSUVudiAqZW52LCBqb2JqZWN0IGxwT2JqZWN0KTs=
3	STATEMENT	781	852	0	2aa28db776d334d12bb949bc31a419b757c560ebad10999071f2fdc54730a649	CkFDQ0VMICpnZXRBQ0NFTEZpZWxkcyhKTklFbnYgKmVudiwgam9iamVjdCBscE9iamVjdCwgQUNDRUwgKmxwU3RydWN0KTs=
4	STATEMENT	852	921	0	3978fbc74882d57df29282cc990e17ea92bbeb3ff79cb6e4ad38f1d89c9a919c	CnZvaWQgc2V0QUNDRUxGaWVsZHMoSk5JRW52ICplbnYsIGpvYmplY3QgbHBPYmplY3QsIEFDQ0VMICpscFN0cnVjdCk7
5	PREPROCESSOR	921	959	0	6e0c6bba2663fcaf95863be0de1244125e52bd12334b3f2fa9bca9222a4dc695	CiNkZWZpbmUgQUNDRUxfc2l6ZW9mKCkgc2l6ZW9mKEFDQ0VMKQo=
6	PREPROCESSOR	959	965	0	a95dbf91f6d6c3dc84eb44907afe37bdec7e3aa1cd0a07042249536df254415c	I2Vsc2UK
7	PREPROCESSOR	965	995	0	09d58a7c27d1d5eb7ed879617ed793db980b5befca238a08a40a9047b8df5dd2	I2RlZmluZSBjYWNoZUFDQ0VMRmllbGRzKGEsYikK
8	PREPROCESSOR	995	1030	0	ed056f4cc101d7cd409eed62a0ef5d75efee75955d41a05ebe84ee9f7c582789	I2RlZmluZSBnZXRBQ0NFTEZpZWxkcyhhLGIsYykgTlVMTAo=
9	PREPROCESSOR	1030	1060	0	3e9d8fccab965042650fe724edae428c6ca39adaf33a9625f3fff6393343dee6	I2RlZmluZSBzZXRBQ0NFTEZpZWxkcyhhLGIsYykK
10	PREPROCESSOR	1060	1085	0	1c36a44fc88e3ddf0daa23dc06f330140987cc9a3f17b263fff1ec22d5be94ee	I2RlZmluZSBBQ0NFTF9zaXplb2YoKSAwCg==
11	PREPROCESSOR	1085	1092	0	9a349bbd1a21104f051e34b2c8a9e70cc7fbb50bc19a67781f2a140c386d9438	I2VuZGlmCg==
12	PREPROCESSOR	1092	1111	0	d84bd80e5d008ef86a6a583d975ce55967447067b2389c51cfacb5588365610b	CiNpZm5kZWYgTk9fQUNUQ1RYCg==
13	STATEMENT	1111	1165	0	36b5735ae4ad1414dacee1f60f97d63bc2103a321428b4a3417dda752c8b5a28	dm9pZCBjYWNoZUFDVENUWEZpZWxkcyhKTklFbnYgKmVudiwgam9iamVjdCBscE9iamVjdCk7
14	STATEMENT	1165	1239	0	b09527edb750e9a45da088740522dabd4cd2a2bf8729fb63f9cca115fbbc2ad7	CkFDVENUWCAqZ2V0QUNUQ1RYRmllbGRzKEpOSUVudiAqZW52LCBqb2JqZWN0IGxwT2JqZWN0LCBBQ1RDVFggKmxwU3RydWN0KTs=
15	STATEMENT	1239	1310	0	7184d637c656db34b03a9e0227c45a93f03ad94022f0abd2d18d40a2c3e8f003	CnZvaWQgc2V0QUNUQ1RYRmllbGRzKEpOSUVudiAqZW52LCBqb2JqZWN0IGxwT2JqZWN0LCBBQ1RDVFggKmxwU3RydWN0KTs=
16	PREPROCESSOR	1310	1350	0	9b46741ab01234b0111329b972ceed8bedfd78659ddeef275d5764577c81a66f	CiNkZWZpbmUgQUNUQ1RYX3NpemVvZigpIHNpemVvZihBQ1RDVFgpCg==
17	PREPROCESSOR	1350	1356	0	a95dbf91f6d6c3dc84eb44907afe37bdec7e3aa1cd0a07042249536df254415c	I2Vsc2UK
18	PREPROCESSOR	1356	1387	0	cd255190e272983d167419b527d7b2e335b0fd2d3f3116d3a4151f255c1fb59a	I2RlZmluZSBjYWNoZUFDVENUWEZpZWxkcyhhLGIpCg==
19	PREPROCESSOR	1387	1423	0	b7c1412ed51bb159efa31b85a0820d83b0ec32ef8bf391ed4666fb0a8f5b671c	I2RlZmluZSBnZXRBQ1RDVFhGaWVsZHMoYSxiLGMpIE5VTEwK
20	PREPROCESSOR	1423	1454	0	a1a3d50460b1e16d50305d1f3b5a9a18e96b32c0c7f1b9041a9609a977131372	I2RlZmluZSBzZXRBQ1RDVFhGaWVsZHMoYSxiLGMpCg==
21	PREPROCESSOR	1454	1480	0	f5d89b7fce12e9a44b14efeb40b27381e57d25ddf37412ec7cbcfcf662307256	I2RlZmluZSBBQ1RDVFhfc2l6ZW9mKCkgMAo=
22	PREPROCESSOR	1480	1487	0	9a349bbd1a21104f051e34b2c8a9e70cc7fbb50bc19a67781f2a140c386d9438	I2VuZGlmCg==
23	PREPROCESSOR	1487	1506	0	6739a5509dd9db15694de9b66f140eb9cb5e49445d00b770331f55f6749a54e4	CiNpZm5kZWYgTk9fQklUTUFQCg==
24	STATEMENT	1506	1560	0	784718ce14197e60937749a0a4ebed3099abddc7b4dd7c54bf3c49a0d44a3afc	dm9pZCBjYWNoZUJJVE1BUEZpZWxkcyhKTklFbnYgKmVudiwgam9iamVjdCBscE9iamVjdCk7
25	STATEMENT	1560	1634	0	57c8507ce4ed5094b9e7ecb02ce0ff7a9642ba1aa780b57dfc2d3fc06e300a7e	CkJJVE1BUCAqZ2V0QklUTUFQRmllbGRzKEpOSUVudiAqZW52LCBqb2JqZWN0IGxwT2JqZWN0LCBCSVRNQVAgKmxwU3RydWN0KTs=
26	STATEMENT	1634	1705	0	ce9514f299bcdcffade3cd32db6bb082a777395087fe58accce8e5737aed02cc	CnZvaWQgc2V0QklUTUFQRmllbGRzKEpOSUVudiAqZW52LCBqb2JqZWN0IGxwT2JqZWN0LCBCSVRNQVAgKmxwU3RydWN0KTs=
27	PREPROCESSOR	1705	1745	0	243998464c2181c2513de54ecedb314edf2c3e56f8c79d701c4cf99251a59b62	CiNkZWZpbmUgQklUTUFQX3NpemVvZigpIHNpemVvZihCSVRNQVApCg==
28	PREPROCESSOR	1745	1751	0	a95dbf91f6d6c3dc84eb44907afe37bdec7e3aa1cd0a07042249536df254415c	I2Vsc2UK
29	PREPROCESSOR	1751	1782	0	709cd978efab108e684e6ac78962928c1941a25b255604f4c8d1c5add5823b84	I2RlZmluZSBjYWNoZUJJVE1BUEZpZWxkcyhhLGIpCg==
30	PREPROCESSOR	1782	1818	0	129300479b74a8b328da76316b28d2dd80e6b31f5d399e40be2c294b4a47fba7	I2RlZmluZSBnZXRCSVRNQVBGaWVsZHMoYSxiLGMpIE5VTEwK
31	PREPROCESSOR	1818	1849	0	5ec55864a006e742a9a60a87a9ee305f376c44c20bef6e46ed26bb8e2a0832ea	I2RlZmluZSBzZXRCSVRNQVBGaWVsZHMoYSxiLGMpCg==
32	PREPROCESSOR	1849	1875	0	fe7a1bc92e16db1a32aabd035d327a0d789e45ba4b5d9d620b11a4cecf82b194	I2RlZmluZSBCSVRNQVBfc2l6ZW9mKCkgMAo=
33	PREPROCESSOR	1875	1882	0	9a349bbd1a21104f051e34b2c8a9e70cc7fbb50bc19a67781f2a140c386d9438	I2VuZGlmCg==
34	PREPROCESSOR	1882	1911	0	0e5997c71c7464848d9062dbbdcf7c111b0d4ad40ca1c39025e89c5ea33a8f04	CiNpZm5kZWYgTk9fQklUTUFQSU5GT0hFQURFUgo=
35	STATEMENT	1911	1975	0	e2702f512a06b59eb2f5b90222c471683d239f341238548d556af329b99cd62b	dm9pZCBjYWNoZUJJVE1BUElORk9IRUFERVJGaWVsZHMoSk5JRW52ICplbnYsIGpvYmplY3QgbHBPYmplY3QpOw==
36	STATEMENT	1975	2079	0	964f4c29d460a8d30b4578b91ab69b0e297d535025a83ad4e4d9cf9d7723fdf9	CkJJVE1BUElORk9IRUFERVIgKmdldEJJVE1BUElORk9IRUFERVJGaWVsZHMoSk5JRW52ICplbnYsIGpvYmplY3QgbHBPYmplY3QsIEJJVE1BUElORk9IRUFERVIgKmxwU3RydWN0KTs=
37	STATEMENT	2079	2170	0	a812ccc8291d19799cdedb62a08718df4bb55d68f41a30e872cbc2396150a8e9	CnZvaWQgc2V0QklUTUFQSU5GT0hFQURFUkZpZWxkcyhKTklFbnYgKmVudiwgam9iamVjdCBscE9iamVjdCwgQklUTUFQSU5GT0hFQURFUiAqbHBTdHJ1Y3QpOw==
38	PREPROCESSOR	2170	2230	0	c533544a3665c5461e8484c2aa8056f1bf08baf68d38b1b43fb74e28d6e1065f	CiNkZWZpbmUgQklUTUFQSU5GT0hFQURFUl9zaXplb2YoKSBzaXplb2YoQklUTUFQSU5GT0hFQURFUikK
39	PREPROCESSOR	2230	2236	0	a95dbf91f6d6c3dc84eb44907afe37bdec7e3aa1cd0a07042249536df254415c	I2Vsc2UK
40	PREPROCESSOR	2236	2277	0	db32389aa9905923234eaab1b604dcd0019d1f7d80820b72ca0a24467e05a256	I2RlZmluZSBjYWNoZUJJVE1BUElORk9IRUFERVJGaWVsZHMoYSxiKQo=
41	PREPROCESSOR	2277	2323	0	9d110e92a078c6e184605243d0bc8bfd86882eabc2b73eb1a43ace8e3bc3b2a2	I2RlZmluZSBnZXRCSVRNQVBJTkZPSEVBREVSRmllbGRzKGEsYixjKSBOVUxMCg==
42	PREPROCESSOR	2323	2364	0	3caea7dfd2ca8d41a34ab425947a69e308fcdcc2cb494687cfee0b0cc8478a90	I2RlZmluZSBzZXRCSVRNQVBJTkZPSEVBREVSRmllbGRzKGEsYixjKQo=
43	PREPROCESSOR	2364	2400	0	eab34ab448f1ef8e663f1074f33eb0653a925a4cc6c5cb67fe104b9e8ca0cba8	I2RlZmluZSBCSVRNQVBJTkZPSEVBREVSX3NpemVvZigpIDAK
44	PREPROCESSOR	2400	2407	0	9a349bbd1a21104f051e34b2c8a9e70cc7fbb50bc19a67781f2a140c386d9438	I2VuZGlmCg==
45	PREPROCESSOR	2407	2433	0	83149c0636ec25fde4a8b15f60bc718faa65734bab4aa83088ca654887b358ae	CiNpZm5kZWYgTk9fQkxFTkRGVU5DVElPTgo=
46	STATEMENT	2433	2494	0	4f34de80981be9105c828193f99378cbcbd397151ad9b3bb9d0b12b79aaf2b93	dm9pZCBjYWNoZUJMRU5ERlVOQ1RJT05GaWVsZHMoSk5JRW52ICplbnYsIGpvYmplY3QgbHBPYmplY3QpOw==
47	STATEMENT	2494	2589	0	e636cccf5b040f6f04d893a4c6912eaafc22a2f141d6748718e4d72f4ca8622f	CkJMRU5ERlVOQ1RJT04gKmdldEJMRU5ERlVOQ1RJT05GaWVsZHMoSk5JRW52ICplbnYsIGpvYmplY3QgbHBPYmplY3QsIEJMRU5ERlVOQ1RJT04gKmxwU3RydWN0KTs=
48	STATEMENT	2589	2674	0	2a47f92d07c8597bcbd7820b9a899e4f56693376d75bf8bf71278eb4005aea66	CnZvaWQgc2V0QkxFTkRGVU5DVElPTkZpZWxkcyhKTklFbnYgKmVudiwgam9iamVjdCBscE9iamVjdCwgQkxFTkRGVU5DVElPTiAqbHBTdHJ1Y3QpOw==
49	PREPROCESSOR	2674	2728	0	5a59bd3c190c98f4c7ab8eb54002aa3f3be0608eba75663d89b50d59b06f4886	CiNkZWZpbmUgQkxFTkRGVU5DVElPTl9zaXplb2YoKSBzaXplb2YoQkxFTkRGVU5DVElPTikK
50	PREPROCESSOR	2728	2734	0	a95dbf91f6d6c3dc84eb44907afe37bdec7e3aa1cd0a07042249536df254415c	I2Vsc2UK
51	PREPROCESSOR	2734	2772	0	ea1cddb81575863e812f50c3df1b2fc0b922dda7a2000efb6c9405d8c966deea	I2RlZmluZSBjYWNoZUJMRU5ERlVOQ1RJT05GaWVsZHMoYSxiKQo=
52	PREPROCESSOR	2772	2815	0	e7b035a0294c820e4e015f2751bb04508cf6d55c0730f7f2d6ccf212f7b8280f	I2RlZmluZSBnZXRCTEVOREZVTkNUSU9ORmllbGRzKGEsYixjKSBOVUxMCg==
53	PREPROCESSOR	2815	2853	0	add63c709af6edb602ae1321bb6c855e3defb83e534b209fc1a123ec34b11758	I2RlZmluZSBzZXRCTEVOREZVTkNUSU9ORmllbGRzKGEsYixjKQo=
54	PREPROCESSOR	2853	2886	0	b296e01b47e4946daa33241a7d94b8297bcc5f5ac719496219bede32cfdbc463	I2RlZmluZSBCTEVOREZVTkNUSU9OX3NpemVvZigpIDAK
55	PREPROCESSOR	2886	2893	0	9a349bbd1a21104f051e34b2c8a9e70cc7fbb50bc19a67781f2a140c386d9438	I2VuZGlmCg==
56	PREPROCESSOR	2893	2920	0	b6cea60d3323616860ffc8cc361a2cb893423f34e52e46499e8e107542ac4d90	CiNpZm5kZWYgTk9fQlBfUEFJTlRQQVJBTVMK
57	STATEMENT	2920	2982	0	748aff5834c3541597465b2b8ee89cb2212ddb0e7e323b59fef31f3db437bc4c	dm9pZCBjYWNoZUJQX1BBSU5UUEFSQU1TRmllbGRzKEpOSUVudiAqZW52LCBqb2JqZWN0IGxwT2JqZWN0KTs=
58	STATEMENT	2982	3080	0	7cb92c64586148ff0d855be0a6cfd8162f8231cc2e4fa57d4ad53a1f88db6bb2	CkJQX1BBSU5UUEFSQU1TICpnZXRCUF9QQUlOVFBBUkFNU0ZpZWxkcyhKTklFbnYgKmVudiwgam9iamVjdCBscE9iamVjdCwgQlBfUEFJTlRQQVJBTVMgKmxwU3RydWN0KTs=
59	STATEMENT	3080	3167	0	3bbf6031a89659338e5a138ef34bef0f1e5765abf909fad397eb3e605f9bc97e	CnZvaWQgc2V0QlBfUEFJTlRQQVJBTVNGaWVsZHMoSk5JRW52ICplbnYsIGpvYmplY3QgbHBPYmplY3QsIEJQX1BBSU5UUEFSQU1TICpscFN0cnVjdCk7
60	PREPROCESSOR	3167	3223	0	099fe0e76edcd547b6a06b08542f0bd9ccad9514a783845766fe6aa25389ee73	CiNkZWZpbmUgQlBfUEFJTlRQQVJBTVNfc2l6ZW9mKCkgc2l6ZW9mKEJQX1BBSU5UUEFSQU1TKQo=
61	PREPROCESSOR	3223	3229	0	a95dbf91f6d6c3dc84eb44907afe37bdec7e3aa1cd0a07042249536df254415c	I2Vsc2UK
62	PREPROCESSOR	3229	3268	0	daabd8ab01f00fc3633590fdbf50312bc36687c7fbe04d3396ab0826a1e1e9e4	I2RlZmluZSBjYWNoZUJQX1BBSU5UUEFSQU1TRmllbGRzKGEsYikK
63	PREPROCESSOR	3268	3312	0	9382c9a76044bbdcea120cfb75be8844af4dcd2db507f92ab9e8d065399d3a81	I2RlZmluZSBnZXRCUF9QQUlOVFBBUkFNU0ZpZWxkcyhhLGIsYykgTlVMTAo=
64	PREPROCESSOR	3312	3351	0	c11b72616a9e1b9a9b533a47c9b42f8e83a2f5d9365450c8e482f213d5aae9b3	I2RlZmluZSBzZXRCUF9QQUlOVFBBUkFNU0ZpZWxkcyhhLGIsYykK
65	PREPROCESSOR	3351	3385	0	173cabe54048f6778db2ea67c721f74b652a44bd1990488dd308631fafe6d70e	I2RlZmluZSBCUF9QQUlOVFBBUkFNU19zaXplb2YoKSAwCg==
66	PREPROCESSOR	3385	3392	0	9a349bbd1a21104f051e34b2c8a9e70cc7fbb50bc19a67781f2a140c386d9438	I2VuZGlmCg==
67	PREPROCESSOR	3392	3421	0	864e5d58066e29a4c2963abe77423617031581acf13fe2b5c40757eaf7287fa8	CiNpZm5kZWYgTk9fQlVUVE9OX0lNQUdFTElTVAo=
68	STATEMENT	3421	3485	0	5d206b1c67f39094e279e80144c49f91bc48e054becd365d33e575022848c03a	dm9pZCBjYWNoZUJVVFRPTl9JTUFHRUxJU1RGaWVsZHMoSk5JRW52ICplbnYsIGpvYmplY3QgbHBPYmplY3QpOw==
69	STATEMENT	3485	3589	0	ec89efb417c88a58ffbe0e7a5f31ab9160b9b8e89cb13de6ef4d4bdfc9ee5fb7	CkJVVFRPTl9JTUFHRUxJU1QgKmdldEJVVFRPTl9JTUFHRUxJU1RGaWVsZHMoSk5JRW52ICplbnYsIGpvYmplY3QgbHBPYmplY3QsIEJVVFRPTl9JTUFHRUxJU1QgKmxwU3RydWN0KTs=
70	STATEMENT	3589	3680	0	e3c2ff16cb3db5fed3dd571aa7453e4c51744e221f6bfefccb35ae7b21a49194	CnZvaWQgc2V0QlVUVE9OX0lNQUdFTElTVEZpZWxkcyhKTklFbnYgKmVudiwgam9iamVjdCBscE9iamVjdCwgQlVUVE9OX0lNQUdFTElTVCAqbHBTdHJ1Y3QpOw==
71	PREPROCESSOR	3680	3740	0	9bcdbf02cce9d7c130b2ecd49b38cf54272229e8743c3909c4090dd6b3b57820	CiNkZWZpbmUgQlVUVE9OX0lNQUdFTElTVF9zaXplb2YoKSBzaXplb2YoQlVUVE9OX0lNQUdFTElTVCkK
72	PREPROCESSOR	3740	3746	0	a95dbf91f6d6c3dc84eb44907afe37bdec7e3aa1cd0a07042249536df254415c	I2Vsc2UK
73	PREPROCESSOR	3746	3787	0	c1014609e2ac1e664a39a78525fc393941aa7bcec0ec7a7badd32c9b9c9f6c4e	I2RlZmluZSBjYWNoZUJVVFRPTl9JTUFHRUxJU1RGaWVsZHMoYSxiKQo=
74	PREPROCESSOR	3787	3833	0	82c568a0a8850351800cd23404bff520b7968b0e85747179565a2331f5df39d4	I2RlZmluZSBnZXRCVVRUT05fSU1BR0VMSVNURmllbGRzKGEsYixjKSBOVUxMCg==
75	PREPROCESSOR	3833	3874	0	300557126f0f6d997dec270644cbac0df4faa2b94c422c8512d50757c54cf130	I2RlZmluZSBzZXRCVVRUT05fSU1BR0VMSVNURmllbGRzKGEsYixjKQo=
76	PREPROCESSOR	3874	3910	0	3a4788ef560f20772cff9d683e632dd612fe2b975c56e70f9714fc769e29aa7a	I2RlZmluZSBCVVRUT05fSU1BR0VMSVNUX3NpemVvZigpIDAK
77	PREPROCESSOR	3910	3917	0	9a349bbd1a21104f051e34b2c8a9e70cc7fbb50bc19a67781f2a140c386d9438	I2VuZGlmCg==
78	PREPROCESSOR	3917	3943	0	5585a2f5c0361c4674d580fb214e9bbee68c8a6a1fa992559f7bddbaa8bb86e5	CiNpZm5kZWYgTk9fQ0FORElEQVRFRk9STQo=
79	STATEMENT	3943	4004	0	a198628c4b11993ac84f34f0b448a6c70e55c1623d66627286fa6673fc6aa778	dm9pZCBjYWNoZUNBTkRJREFURUZPUk1GaWVsZHMoSk5JRW52ICplbnYsIGpvYmplY3QgbHBPYmplY3QpOw==
80	STATEMENT	4004	4099	0	86d07b372eb0a942a1b64ed979db3d058c165f075e0867ab5243ffa7da534aaa	CkNBTkRJREFURUZPUk0gKmdldENBTkRJREFURUZPUk1GaWVsZHMoSk5JRW52ICplbnYsIGpvYmplY3QgbHBPYmplY3QsIENBTkRJREFURUZPUk0gKmxwU3RydWN0KTs=
81	STATEMENT	4099	4184	0	9e39939d68b6093b301a719200bf3a65f45cecb4a5b1040f85d046318b1f6d36	CnZvaWQgc2V0Q0FORElEQVRFRk9STUZpZWxkcyhKTklFbnYgKmVudiwgam9iamVjdCBscE9iamVjdCwgQ0FORElEQVRFRk9STSAqbHBTdHJ1Y3QpOw==
82	PREPROCESSOR	4184	4238	0	25e3ffbbcf13e63ef1d08aed621c559582e3c3a29d5d8aed345c0a28508608ea	CiNkZWZpbmUgQ0FORElEQVRFRk9STV9zaXplb2YoKSBzaXplb2YoQ0FORElEQVRFRk9STSkK
83	PREPROCESSOR	4238	4244	0	a95dbf91f6d6c3dc84eb44907afe37bdec7e3aa1cd0a07042249536df254415c	I2Vsc2UK
84	PREPROCESSOR	4244	4282	0	6cfc18e7ee0575a8cfb24be4456cc64b2e1dddfb43a13c83aa0bcd04ab5bbc4a	I2RlZmluZSBjYWNoZUNBTkRJREFURUZPUk1GaWVsZHMoYSxiKQo=
85	PREPROCESSOR	4282	4325	0	b7377c0c971620ce06ad9e28a2034448cf97ddcc7e2e9b73d856eb2727fc56bd	I2RlZmluZSBnZXRDQU5ESURBVEVGT1JNRmllbGRzKGEsYixjKSBOVUxMCg==
86	PREPROCESSOR	4325	4363	0	ea8768d69a16065d902c146946697c9fcbb0a5802946f924907eea1dcb9d2fb9	I2RlZmluZSBzZXRDQU5ESURBVEVGT1JNRmllbGRzKGEsYixjKQo=
87	PREPROCESSOR	4363	4396	0	de73dd796a83cc73437cd78d9a62d62646f1ea0118bdb18eca1f9850658a18bf	I2RlZmluZSBDQU5ESURBVEVGT1JNX3NpemVvZigpIDAK
88	PREPROCESSOR	4396	4403	0	9a349bbd1a21104f051e34b2c8a9e70cc7fbb50bc19a67781f2a140c386d9438	I2VuZGlmCg==
89	PREPROCESSOR	4403	4427	0	3c01635f2fefd882df4119615c5cfe1d7961bcb274f53104904823b254731abf	CiNpZm5kZWYgTk9fQ0hPT1NFQ09MT1IK
90	STATEMENT	4427	4486	0	9ada67c2594f80364564c67158f74f0a8ca2be9129ac9ffba3906f6c93b0d49a	dm9pZCBjYWNoZUNIT09TRUNPTE9SRmllbGRzKEpOSUVudiAqZW52LCBqb2JqZWN0IGxwT2JqZWN0KTs=
91	STATEMENT	4486	4575	0	7450d9f42ccbc65eae99082fe9dc8722dad130f9550c63bb33bbde31fa6ad888	CkNIT09TRUNPTE9SICpnZXRDSE9PU0VDT0xPUkZpZWxkcyhKTklFbnYgKmVudiwgam9iamVjdCBscE9iamVjdCwgQ0hPT1NFQ09MT1IgKmxwU3RydWN0KTs=
92	STATEMENT	4575	4656	0	f6bc095768019f490c692bf594ffc6c40b54139f83cc7f11cffb4c4625678d71	CnZvaWQgc2V0Q0hPT1NFQ09MT1JGaWVsZHMoSk5JRW52ICplbnYsIGpvYmplY3QgbHBPYmplY3QsIENIT09TRUNPTE9SICpscFN0cnVjdCk7
93	PREPROCESSOR	4656	4706	0	76624f08d5ba0c127fe9d77314db93530889a7bedccb5a815a5ea5917bd03125	CiNkZWZpbmUgQ0hPT1NFQ09MT1Jfc2l6ZW9mKCkgc2l6ZW9mKENIT09TRUNPTE9SKQo=
94	PREPROCESSOR	4706	4712	0	a95dbf91f6d6c3dc84eb44907afe37bdec7e3aa1cd0a07042249536df254415c	I2Vsc2UK
95	PREPROCESSOR	4712	4748	0	2ceedb83ce176ce3ede03d48df361e18f239d46062b805443ae8b4c2cbd51381	I2RlZmluZSBjYWNoZUNIT09TRUNPTE9SRmllbGRzKGEsYikK
96	PREPROCESSOR	4748	4789	0	aafc2676c1eefc7af77854d759194524f3c6869c84a79746c3cb3d9c2ff167d9	I2RlZmluZSBnZXRDSE9PU0VDT0xPUkZpZWxkcyhhLGIsYykgTlVMTAo=
97	PREPROCESSOR	4789	4825	0	82ac3435494308c62edf1e2982f2794dcfec9e686b5d018799cf73e411e49c44	I2RlZmluZSBzZXRDSE9PU0VDT0xPUkZpZWxkcyhhLGIsYykK
98	PREPROCESSOR	4825	4856	0	2199d2b17b2c0643588f0da0b9247e3e84c2f7413792c2bdd1dcb1afb7a5f264	I2RlZmluZSBDSE9PU0VDT0xPUl9zaXplb2YoKSAwCg==
99	PREPROCESSOR	4856	4863	0	9a349bbd1a21104f051e34b2c8a9e70cc7fbb50bc19a67781f2a140c386d9438	I2VuZGlmCg==
100	PREPROCESSOR	4863	4886	0	23be1056591bcda42a5e08f4a991c537835d12a485d87e37e209d28e0231d0f4	CiNpZm5kZWYgTk9fQ0hPT1NFRk9OVAo=
101	STATEMENT	4886	4944	0	d9541a9140e4846ff98594b81952acfd90c90fa4542b9f4b8b65ecd19aba8578	dm9pZCBjYWNoZUNIT09TRUZPTlRGaWVsZHMoSk5JRW52ICplbnYsIGpvYmplY3QgbHBPYmplY3QpOw==
102	STATEMENT	4944	5030	0	9b21189f43726fbbcabddd4b75ee928d9ca670593c2db20fb2bb24d61b039301	CkNIT09TRUZPTlQgKmdldENIT09TRUZPTlRGaWVsZHMoSk5JRW52ICplbnYsIGpvYmplY3QgbHBPYmplY3QsIENIT09TRUZPTlQgKmxwU3RydWN0KTs=
103	STATEMENT	5030	5109	0	793fb0e3a022b2d23954b5965c4cd82868e5ea261c3559b5ed3064192cbcba4e	CnZvaWQgc2V0Q0hPT1NFRk9OVEZpZWxkcyhKTklFbnYgKmVudiwgam9iamVjdCBscE9iamVjdCwgQ0hPT1NFRk9OVCAqbHBTdHJ1Y3QpOw==
104	PREPROCESSOR	5109	5157	0	17c5289abc4ca3b0bda0a9c0240bd09b5d5d350b9b98e9981528b60d085d1eef	CiNkZWZpbmUgQ0hPT1NFRk9OVF9zaXplb2YoKSBzaXplb2YoQ0hPT1NFRk9OVCkK
105	PREPROCESSOR	5157	5163	0	a95dbf91f6d6c3dc84eb44907afe37bdec7e3aa1cd0a07042249536df254415c	I2Vsc2UK
106	PREPROCESSOR	5163	5198	0	f2bc2c5017d60ee9803aa3c2a378902c02076e654aa5cf3891223cf07a2a189f	I2RlZmluZSBjYWNoZUNIT09TRUZPTlRGaWVsZHMoYSxiKQo=
107	PREPROCESSOR	5198	5238	0	de4561cc804b6f9510805694241e97c8b97ca633264642c413c9a4553196df63	I2RlZmluZSBnZXRDSE9PU0VGT05URmllbGRzKGEsYixjKSBOVUxMCg==
108	PREPROCESSOR	5238	5273	0	43cd8b291f2a746dd39b77e6ac7b0e333b9bc0870975a4e04fd0d0dc0b88cbbd	I2RlZmluZSBzZXRDSE9PU0VGT05URmllbGRzKGEsYixjKQo=
109	PREPROCESSOR	5273	5303	0	cf89033cb8b82f8f67842ca43524a8a454379d61445ca671e384b079644e3a7b	I2RlZmluZSBDSE9PU0VGT05UX3NpemVvZigpIDAK
110	PREPROCESSOR	5303	5310	0	9a349bbd1a21104f051e34b2c8a9e70cc7fbb50bc19a67781f2a140c386d9438	I2VuZGlmCg==
111	PREPROCESSOR	5310	5327	0	41ed6c8642b9f4e97d0d84089deac053e38704dd8a09094b8f1d7188ea0c40f6	CiNpZm5kZWYgTk9fQ0lEQQo=
112	STATEMENT	5327	5379	0	c5e1686132f8e839013b114e970fe53c62750babaa8171c77aedf38836d657af	dm9pZCBjYWNoZUNJREFGaWVsZHMoSk5JRW52ICplbnYsIGpvYmplY3QgbHBPYmplY3QpOw==
113	STATEMENT	5379	5447	0	d4f564fb7a969bae4aa561ad31bc80f943d9e904b70220d3f3528ac223a068cc	CkNJREEgKmdldENJREFGaWVsZHMoSk5JRW52ICplbnYsIGpvYmplY3QgbHBPYmplY3QsIENJREEgKmxwU3RydWN0KTs=
114	STATEMENT	5447	5514	0	9a957ead4f8fe49dc7a1b8fab2bd884788ed64cc2938f418de6f225baa02cebe	CnZvaWQgc2V0Q0lEQUZpZWxkcyhKTklFbnYgKmVudiwgam9iamVjdCBscE9iamVjdCwgQ0lEQSAqbHBTdHJ1Y3QpOw==
115	PREPROCESSOR	5514	5550	0	3863077ed0262d0dccbb1e8bba7ac5b88d3cb23c78f5820e53c8735f9d177148	CiNkZWZpbmUgQ0lEQV9zaXplb2YoKSBzaXplb2YoQ0lEQSkK
116	PREPROCESSOR	5550	5556	0	a95dbf91f6d6c3dc84eb44907afe37bdec7e3aa1cd0a07042249536df254415c	I2Vsc2UK
117	PREPROCESSOR	5556	5585	0	572140a6a954487efd60903b858291bcfc476b8c54704e9f2f45d0375ed3ac3a	I2RlZmluZSBjYWNoZUNJREFGaWVsZHMoYSxiKQo=
118	PREPROCESSOR	5585	5619	0	fe4ab9303178f4dc211d9ff9751f57b3ecf18e71e0f5d23979908c05dc3ff05e	I2RlZmluZSBnZXRDSURBRmllbGRzKGEsYixjKSBOVUxMCg==
119	PREPROCESSOR	5619	5648	0	cc91829902461a2b653cd60702aad22625fc65f7946225e3c0b68edbc3cc01db	I2RlZmluZSBzZXRDSURBRmllbGRzKGEsYixjKQo=
120	PREPROCESSOR	5648	5672	0	33f628eb933ad320cd77e94756e1843d078a0244c341d409b1a72eae20a0a391	I2RlZmluZSBDSURBX3NpemVvZigpIDAK
121	PREPROCESSOR	5672	5679	0	9a349bbd1a21104f051e34b2c8a9e70cc7fbb50bc19a67781f2a140c386d9438	I2VuZGlmCg==
122	PREPROCESSOR	5679	5704	0	3675f951704ae76e6d9cffa7a2e83f884e299130212c0e340a717afdd9cd81db	CiNpZm5kZWYgTk9fQ09NQk9CT1hJTkZPCg==
123	STATEMENT	5704	5764	0	6d13a415bc26b6ca26b181b77551fc7ac106d15f1177214e5cc1e9f5dc772cf7	dm9pZCBjYWNoZUNPTUJPQk9YSU5GT0ZpZWxkcyhKTklFbnYgKmVudiwgam9iamVjdCBscE9iamVjdCk7
124	STATEMENT	5764	5856	0	4c79df3249086dc4f6513a8d325ea6e97922d61e2fb80ca7fdebc69fce594216	CkNPTUJPQk9YSU5GTyAqZ2V0Q09NQk9CT1hJTkZPRmllbGRzKEpOSUVudiAqZW52LCBqb2JqZWN0IGxwT2JqZWN0LCBDT01CT0JPWElORk8gKmxwU3RydWN0KTs=
125	STATEMENT	5856	5939	0	7b2537474fac76e679457481e0ce7a4f956112b7a885b0432d4df4d433e43366	CnZvaWQgc2V0Q09NQk9CT1hJTkZPRmllbGRzKEpOSUVudiAqZW52LCBqb2JqZWN0IGxwT2JqZWN0LCBDT01CT0JPWElORk8gKmxwU3RydWN0KTs=
126	PREPROCESSOR	5939	5991	0	129281fcde680fe33d9078e160e07e36fd5e07f346e23157889326539139cdba	CiNkZWZpbmUgQ09NQk9CT1hJTkZPX3NpemVvZigpIHNpemVvZihDT01CT0JPWElORk8pCg==
127	PREPROCESSOR	5991	5997	0	a95dbf91f6d6c3dc84eb44907afe37bdec7e3aa1cd0a07042249536df254415c	I2Vsc2UK
128	PREPROCESSOR	5997	6034	0	cc527419c95460d5b7d61aa4b1fb7b0f4c37d5f2521db18a540adb93b31af0a0	I2RlZmluZSBjYWNoZUNPTUJPQk9YSU5GT0ZpZWxkcyhhLGIpCg==
129	PREPROCESSOR	6034	6076	0	bc6df7357c93968c59388bd416810ad19c0cbcb31b5397efc661bacd8b9d464a	I2RlZmluZSBnZXRDT01CT0JPWElORk9GaWVsZHMoYSxiLGMpIE5VTEwK
130	PREPROCESSOR	6076	6113	0	559747834bef00283d4ac933b74ae56acc20053da92ca0c5ae18a735ca0e7ca8	I2RlZmluZSBzZXRDT01CT0JPWElORk9GaWVsZHMoYSxiLGMpCg==
131	PREPROCESSOR	6113	6145	0	ee6d001c0e7ad11047b5542afe195a95c91081d1650e5982366f36d9fa5301f1	I2RlZmluZSBDT01CT0JPWElORk9fc2l6ZW9mKCkgMAo=
132	PREPROCESSOR	6145	6152	0	9a349bbd1a21104f051e34b2c8a9e70cc7fbb50bc19a67781f2a140c386d9438	I2VuZGlmCg==
133	PREPROCESSOR	6152	6180	0	5a4d28f2cf41e05252b7b365c3f33b95e30d7e8d12416c5e78d4d8357f7220cc	CiNpZm5kZWYgTk9fQ09NUE9TSVRJT05GT1JNCg==
134	STATEMENT	6180	6243	0	8f89124c80eb2988e7c674153121f6c19b154ed4f37cf4c20a18a57fc3e7404b	dm9pZCBjYWNoZUNPTVBPU0lUSU9ORk9STUZpZWxkcyhKTklFbnYgKmVudiwgam9iamVjdCBscE9iamVjdCk7
135	STATEMENT	6243	6344	0	9f851022c6af8b9fa86801f87a40b1810f19b84d410384ac2f94b99c728cf155	CkNPTVBPU0lUSU9ORk9STSAqZ2V0Q09NUE9TSVRJT05GT1JNRmllbGRzKEpOSUVudiAqZW52LCBqb2JqZWN0IGxwT2JqZWN0LCBDT01QT1NJVElPTkZPUk0gKmxwU3RydWN0KTs=
136	STATEMENT	6344	6433	0	15f82fc65dbaf8595464daba68db52e552489daec42a5b272d8e84328379601f	CnZvaWQgc2V0Q09NUE9TSVRJT05GT1JNRmllbGRzKEpOSUVudiAqZW52LCBqb2JqZWN0IGxwT2JqZWN0LCBDT01QT1NJVElPTkZPUk0gKmxwU3RydWN0KTs=
137	PREPROCESSOR	6433	6491	0	bdedd2f1c5043a2efd14694023fce641d5cef54fd7e592dc36ec55f1b4f1b2fd	CiNkZWZpbmUgQ09NUE9TSVRJT05GT1JNX3NpemVvZigpIHNpemVvZihDT01QT1NJVElPTkZPUk0pCg==
138	PREPROCESSOR	6491	6497	0	a95dbf91f6d6c3dc84eb44907afe37bdec7e3aa1cd0a07042249536df254415c	I2Vsc2UK
139	PREPROCESSOR	6497	6537	0	5ea2875f09a2faa1d28423d12bf511a20d6822961d6513c51d1d8ea1ffd657a9	I2RlZmluZSBjYWNoZUNPTVBPU0lUSU9ORk9STUZpZWxkcyhhLGIpCg==
140	PREPROCESSOR	6537	6582	0	2bd278fb4370fb6719979c7f1dcd19a77dadc216df8be0ed8427efaac81d1b29	I2RlZmluZSBnZXRDT01QT1NJVElPTkZPUk1GaWVsZHMoYSxiLGMpIE5VTEwK
141	PREPROCESSOR	6582	6622	0	75c508e2a1119050d59670d14495b6b497ea5d62f31132a6aaa88e2d273ecc74	I2RlZmluZSBzZXRDT01QT1NJVElPTkZPUk1GaWVsZHMoYSxiLGMpCg==
142	PREPROCESSOR	6622	6657	0	04966510d2222f9e49f5a4e055476f97202fa6dcd0074fc38408a9236eb770d1	I2RlZmluZSBDT01QT1NJVElPTkZPUk1fc2l6ZW9mKCkgMAo=
143	PREPROCESSOR	6657	6664	0	9a349bbd1a21104f051e34b2c8a9e70cc7fbb50bc19a67781f2a140c386d9438	I2VuZGlmCg==
144	PREPROCESSOR	6664	6689	0	f16c30463ca55f63dd053ef65dfc6f7aec0b7fc06bbfe41d7a05af91a00a4b90	CiNpZm5kZWYgTk9fQ1JFQVRFU1RSVUNUCg==
145	STATEMENT	6689	6749	0	c3c85a2751457953acc485dcdfd8ee6b7a10112c1758f7c3c39fe556aec12590	dm9pZCBjYWNoZUNSRUFURVNUUlVDVEZpZWxkcyhKTklFbnYgKmVudiwgam9iamVjdCBscE9iamVjdCk7
146	STATEMENT	6749	6841	0	68e06c00efdf0c673ead45e084de7f42f4f4293ae891786036cee8e47adada90	CkNSRUFURVNUUlVDVCAqZ2V0Q1JFQVRFU1RSVUNURmllbGRzKEpOSUVudiAqZW52LCBqb2JqZWN0IGxwT2JqZWN0LCBDUkVBVEVTVFJVQ1QgKmxwU3RydWN0KTs=
147	STATEMENT	6841	6924	0	8c75fd68d03723c689c12b23aad0b68e685f1feb04c681d03fa6cde26796758b	CnZvaWQgc2V0Q1JFQVRFU1RSVUNURmllbGRzKEpOSUVudiAqZW52LCBqb2JqZWN0IGxwT2JqZWN0LCBDUkVBVEVTVFJVQ1QgKmxwU3RydWN0KTs=
148	PREPROCESSOR	6924	6976	0	3632ff371ecc6eea805f11e1b3d2325a079e44df7bcef3cf4cfe1a90e8ba1b54	CiNkZWZpbmUgQ1JFQVRFU1RSVUNUX3NpemVvZigpIHNpemVvZihDUkVBVEVTVFJVQ1QpCg==
149	PREPROCESSOR	6976	6982	0	a95dbf91f6d6c3dc84eb44907afe37bdec7e3aa1cd0a07042249536df254415c	I2Vsc2UK
150	PREPROCESSOR	6982	7019	0	e6e768c9d0eadf7bde941abc3231265bd4314ed2622a85e63675f9d22cd12ba0	I2RlZmluZSBjYWNoZUNSRUFURVNUUlVDVEZpZWxkcyhhLGIpCg==
151	PREPROCESSOR	7019	7061	0	467efeb69d3792fcafbe83b77b21bbf0c5933f9d15ea15b8073b5f8d6de93fe8	I2RlZmluZSBnZXRDUkVBVEVTVFJVQ1RGaWVsZHMoYSxiLGMpIE5VTEwK
152	PREPROCESSOR	7061	7098	0	8dad38da6416c27c1de8181734576ab32e45259c48c6bde65d0a53000bb5651c	I2RlZmluZSBzZXRDUkVBVEVTVFJVQ1RGaWVsZHMoYSxiLGMpCg==
153	PREPROCESSOR	7098	7130	0	277ddb725e05a68e191f180c995ffdff92051cb69b84696c0f73575d2134b5a8	I2RlZmluZSBDUkVBVEVTVFJVQ1Rfc2l6ZW9mKCkgMAo=
154	PREPROCESSOR	7130	7137	0	9a349bbd1a21104f051e34b2c8a9e70cc7fbb50bc19a67781f2a140c386d9438	I2VuZGlmCg==
155	PREPROCESSOR	7137	7157	0	892b4c43bb039259a2fe4bc3677f1a798e29c75f8b8b0df8ea99ff809183c541	CiNpZm5kZWYgTk9fREVWTU9ERQo=
156	STATEMENT	7157	7212	0	252c190bf6c5921ce9c7b9221555cc0b85a84f2c852143a4933f2ea979f42f6e	dm9pZCBjYWNoZURFVk1PREVGaWVsZHMoSk5JRW52ICplbnYsIGpvYmplY3QgbHBPYmplY3QpOw==
157	STATEMENT	7212	7289	0	a07882ca31726f1b44ad8c6cab8460025a31df074d0222c66cff98518f4dde56	CkRFVk1PREUgKmdldERFVk1PREVGaWVsZHMoSk5JRW52ICplbnYsIGpvYmplY3QgbHBPYmplY3QsIERFVk1PREUgKmxwU3RydWN0KTs=
158	STATEMENT	7289	7362	0	0a3159b8ad6724bfae15c2ed3814642342482e7750415d020182a18a5439972c	CnZvaWQgc2V0REVWTU9ERUZpZWxkcyhKTklFbnYgKmVudiwgam9iamVjdCBscE9iamVjdCwgREVWTU9ERSAqbHBTdHJ1Y3QpOw==
159	PREPROCESSOR	7362	7404	0	4b68fc1a714537f07041ef3706ff8ca3b32fa8f073803300442b57cd983846c7	CiNkZWZpbmUgREVWTU9ERV9zaXplb2YoKSBzaXplb2YoREVWTU9ERSkK
160	PREPROCESSOR	7404	7410	0	a95dbf91f6d6c3dc84eb44907afe37bdec7e3aa1cd0a07042249536df254415c	I2Vsc2UK
161	PREPROCESSOR	7410	7442	0	e78e8bc4f6344db19811699c73ca26175775d03dce24a1d88259abb26aa16853	I2RlZmluZSBjYWNoZURFVk1PREVGaWVsZHMoYSxiKQo=
162	PREPROCESSOR	7442	7479	0	982c63041ab041133773b8324f3996808869b52e6a7f87567107e86d69d1e189	I2RlZmluZSBnZXRERVZNT0RFRmllbGRzKGEsYixjKSBOVUxMCg==
163	PREPROCESSOR	7479	7511	0	ed952e836bfa26da66de31172cf9e3ba77739952c8e348611997bb24a34dee80	I2RlZmluZSBzZXRERVZNT0RFRmllbGRzKGEsYixjKQo=
164	PREPROCESSOR	7511	7538	0	f8d1fa77a608aa5bad7eedcf7dc09699a29238d3a562f1fca728af79812b5785	I2RlZmluZSBERVZNT0RFX3NpemVvZigpIDAK
165	PREPROCESSOR	7538	7545	0	9a349bbd1a21104f051e34b2c8a9e70cc7fbb50bc19a67781f2a140c386d9438	I2VuZGlmCg==
166	PREPROCESSOR	7545	7568	0	c560b353c11103ed7369191ebb69e1279694d447d7eee129e0b414c1dda71724	CiNpZm5kZWYgTk9fRElCU0VDVElPTgo=
167	STATEMENT	7568	7626	0	7d36afee0c19ff586191f356989596dda1c329700cc1708a754e9e848544c039	dm9pZCBjYWNoZURJQlNFQ1RJT05GaWVsZHMoSk5JRW52ICplbnYsIGpvYmplY3QgbHBPYmplY3QpOw==
168	STATEMENT	7626	7712	0	7e92e6523ff5d863e894d29a1386b0a012ad1d7d8b8034b0ac9a251dc70895d1	CkRJQlNFQ1RJT04gKmdldERJQlNFQ1RJT05GaWVsZHMoSk5JRW52ICplbnYsIGpvYmplY3QgbHBPYmplY3QsIERJQlNFQ1RJT04gKmxwU3RydWN0KTs=
169	STATEMENT	7712	7791	0	29464881f60566d50efb7398d267671633770308f2d23b307eb9c68b235a5c6f	CnZvaWQgc2V0RElCU0VDVElPTkZpZWxkcyhKTklFbnYgKmVudiwgam9iamVjdCBscE9iamVjdCwgRElCU0VDVElPTiAqbHBTdHJ1Y3QpOw==
170	PREPROCESSOR	7791	7839	0	1bfa02f05e1ab007127e1b85946669925240f77dcffae157c0b82766309fb799	CiNkZWZpbmUgRElCU0VDVElPTl9zaXplb2YoKSBzaXplb2YoRElCU0VDVElPTikK
171	PREPROCESSOR	7839	7845	0	a95dbf91f6d6c3dc84eb44907afe37bdec7e3aa1cd0a07042249536df254415c	I2Vsc2UK
172	PREPROCESSOR	7845	7880	0	b0cfeceeee3bceddb518953f744696589c7f281f1699b868da5148eb3b1520a6	I2RlZmluZSBjYWNoZURJQlNFQ1RJT05GaWVsZHMoYSxiKQo=
173	PREPROCESSOR	7880	7920	0	2ee900ba26e93109b74c7cc4aa0b7d4b0091671218baf404c41310c3a6af611d	I2RlZmluZSBnZXRESUJTRUNUSU9ORmllbGRzKGEsYixjKSBOVUxMCg==
174	PREPROCESSOR	7920	7955	0	366a4e117e1dbf3568e40429e0a1a1688f91ad2c1b0ef641c3e0d1668206f11a	I2RlZmluZSBzZXRESUJTRUNUSU9ORmllbGRzKGEsYixjKQo=
175	PREPROCESSOR	7955	7985	0	ea1766cf31ae8cbfc08ea2a702b98f8b05968c14b93ca37aefd61a1bd969e80d	I2RlZmluZSBESUJTRUNUSU9OX3NpemVvZigpIDAK
176	PREPROCESSOR	7985	7992	0	9a349bbd1a21104f051e34b2c8a9e70cc7fbb50bc19a67781f2a140c386d9438	I2VuZGlmCg==
177	PREPROCESSOR	7992	8018	0	d17f78d6a92b6c478d9c8e3f9d55228e245c6cec214ff1a209015f57b26cd8aa	CiNpZm5kZWYgTk9fRE9DSE9TVFVJSU5GTwo=
178	STATEMENT	8018	8079	0	e03bdc1c15a1c4cbaedd78e1af4387b4c5df565eaae1060e1bfa1b27711dd9d1	dm9pZCBjYWNoZURPQ0hPU1RVSUlORk9GaWVsZHMoSk5JRW52ICplbnYsIGpvYmplY3QgbHBPYmplY3QpOw==
179	STATEMENT	8079	8174	0	c4a381289dc37c227511db14356b1ab8b4015b0d0f43e46b836b074f145652de	CkRPQ0hPU1RVSUlORk8gKmdldERPQ0hPU1RVSUlORk9GaWVsZHMoSk5JRW52ICplbnYsIGpvYmplY3QgbHBPYmplY3QsIERPQ0hPU1RVSUlORk8gKmxwU3RydWN0KTs=
180	STATEMENT	8174	8259	0	2b338e8565eed8447498b515d6ba046eabb24467cfe129e44cd4cba67bdf2d70	CnZvaWQgc2V0RE9DSE9TVFVJSU5GT0ZpZWxkcyhKTklFbnYgKmVudiwgam9iamVjdCBscE9iamVjdCwgRE9DSE9TVFVJSU5GTyAqbHBTdHJ1Y3QpOw==
181	PREPROCESSOR	8259	8313	0	e4995f59446cca79a248c793b2593a8baacea9ec2d542b381df1e8e2c76a668f	CiNkZWZpbmUgRE9DSE9TVFVJSU5GT19zaXplb2YoKSBzaXplb2YoRE9DSE9TVFVJSU5GTykK
182	PREPROCESSOR	8313	8319	0	a95dbf91f6d6c3dc84eb44907afe37bdec7e3aa1cd0a07042249536df254415c	I2Vsc2UK
183	PREPROCESSOR	8319	8357	0	eeedba6634bf4bbe8c339eb38afdf56573e9bba0f8973343eac70a874d06a2ee	I2RlZmluZSBjYWNoZURPQ0hPU1RVSUlORk9GaWVsZHMoYSxiKQo=
184	PREPROCESSOR	8357	8400	0	13309a0ba2c79879a36b0ada94a2bb1854003cba535d46133747ec6de6097626	I2RlZmluZSBnZXRET0NIT1NUVUlJTkZPRmllbGRzKGEsYixjKSBOVUxMCg==
185	PREPROCESSOR	8400	8438	0	5998c5da65d9518870d624dc0ecf9f28a5039f12d3d51a9be281babe02ed15d9	I2RlZmluZSBzZXRET0NIT1NUVUlJTkZPRmllbGRzKGEsYixjKQo=
186	PREPROCESSOR	8438	8471	0	d447a5aecd2466f305f22b28f8b7a2f6e270e58b92a9e30a532bf3d441a5abfa	I2RlZmluZSBET0NIT1NUVUlJTkZPX3NpemVvZigpIDAK
187	PREPROCESSOR	8471	8478	0	9a349bbd1a21104f051e34b2c8a9e70cc7fbb50bc19a67781f2a140c386d9438	I2VuZGlmCg==
188	PREPROCESSOR	8478	8498	0	e31174b2b31dafc94c9882c50b67454b7d8849aa5c02e51dc2d7dfe1b1fae493	CiNpZm5kZWYgTk9fRE9DSU5GTwo=
189	STATEMENT	8498	8553	0	f7304e5cbaf1510164eae03d83d98ad731c65dbef0a751c0efd6b3ee53c60011	dm9pZCBjYWNoZURPQ0lORk9GaWVsZHMoSk5JRW52ICplbnYsIGpvYmplY3QgbHBPYmplY3QpOw==
190	STATEMENT	8553	8630	0	4dbacb0d6c4c5595a37416061c73a3a1b810cc420ab390a3d4077b1e67867ca8	CkRPQ0lORk8gKmdldERPQ0lORk9GaWVsZHMoSk5JRW52ICplbnYsIGpvYmplY3QgbHBPYmplY3QsIERPQ0lORk8gKmxwU3RydWN0KTs=
191	STATEMENT	8630	8703	0	7643aeb1b630f740862de5c12d7de37330ea2b6be668261de9e69f2ccdc494cf	CnZvaWQgc2V0RE9DSU5GT0ZpZWxkcyhKTklFbnYgKmVudiwgam9iamVjdCBscE9iamVjdCwgRE9DSU5GTyAqbHBTdHJ1Y3QpOw==
192	PREPROCESSOR	8703	8745	0	80aba3b35f167587ff0282608c22b04aed70bd7a6ce97f9cbeca407541e21f5b	CiNkZWZpbmUgRE9DSU5GT19zaXplb2YoKSBzaXplb2YoRE9DSU5GTykK
193	PREPROCESSOR	8745	8751	0	a95dbf91f6d6c3dc84eb44907afe37bdec7e3aa1cd0a07042249536df254415c	I2Vsc2UK
194	PREPROCESSOR	8751	8783	0	b3e153702609a783ed0884b38a0946d18f15cf1b3d58343eeaedd1e890e14bb0	I2RlZmluZSBjYWNoZURPQ0lORk9GaWVsZHMoYSxiKQo=
195	PREPROCESSOR	8783	8820	0	623f9badab1f8684ecebb5edac898138277e7c9bfa84bd6ccedf14b39cd2bdfd	I2RlZmluZSBnZXRET0NJTkZPRmllbGRzKGEsYixjKSBOVUxMCg==
196	PREPROCESSOR	8820	8852	0	f491248f92dea06b83f16ed3c34acc91ada28ba0522b48b49087de60ceed2599	I2RlZmluZSBzZXRET0NJTkZPRmllbGRzKGEsYixjKQo=
197	PREPROCESSOR	8852	8879	0	6e19c0c331b875e48ba94a999c93fcf659b0703f31336cd716a14a03b6c775d0	I2RlZmluZSBET0NJTkZPX3NpemVvZigpIDAK
198	PREPROCESSOR	8879	8886	0	9a349bbd1a21104f051e34b2c8a9e70cc7fbb50bc19a67781f2a140c386d9438	I2VuZGlmCg==
199	PREPROCESSOR	8886	8913	0	26deff834b4bf38a29f79fe76f6e0644e3f800a999cc0a35a0c5887ca3850524	CiNpZm5kZWYgTk9fRFJBV0lURU1TVFJVQ1QK
200	STATEMENT	8913	8975	0	bf9fe36cecffec19df9047d2f203e177294b9a07b1a7234f7458df4d6929965b	dm9pZCBjYWNoZURSQVdJVEVNU1RSVUNURmllbGRzKEpOSUVudiAqZW52LCBqb2JqZWN0IGxwT2JqZWN0KTs=
201	STATEMENT	8975	9073	0	c2d925ab902419c01ea9fe7868a5153b583056e3627498de3356da33a4a5e4dd	CkRSQVdJVEVNU1RSVUNUICpnZXREUkFXSVRFTVNUUlVDVEZpZWxkcyhKTklFbnYgKmVudiwgam9iamVjdCBscE9iamVjdCwgRFJBV0lURU1TVFJVQ1QgKmxwU3RydWN0KTs=
202	STATEMENT	9073	9160	0	c7b73f54f45f86a743e7649d2ab556186b89fcdb71664224b8b6c3fcf435cbda	CnZvaWQgc2V0RFJBV0lURU1TVFJVQ1RGaWVsZHMoSk5JRW52ICplbnYsIGpvYmplY3QgbHBPYmplY3QsIERSQVdJVEVNU1RSVUNUICpscFN0cnVjdCk7
203	PREPROCESSOR	9160	9216	0	1dddde90dc61d1e5391ef4bb597b276976c7dc25bfb2d6af3d1e4188edc5f3ad	CiNkZWZpbmUgRFJBV0lURU1TVFJVQ1Rfc2l6ZW9mKCkgc2l6ZW9mKERSQVdJVEVNU1RSVUNUKQo=
204	PREPROCESSOR	9216	9222	0	a95dbf91f6d6c3dc84eb44907afe37bdec7e3aa1cd0a07042249536df254415c	I2Vsc2UK
205	PREPROCESSOR	9222	9261	0	55ca5577c31f581ba380c73072f0a3cf4b7d3f795a5468cc80c5438897147469	I2RlZmluZSBjYWNoZURSQVdJVEVNU1RSVUNURmllbGRzKGEsYikK
206	PREPROCESSOR	9261	9305	0	a0570aa86ed2bb18b15182b561c2d870471446101bd87e216aabf8c46f1da60b	I2RlZmluZSBnZXREUkFXSVRFTVNUUlVDVEZpZWxkcyhhLGIsYykgTlVMTAo=
207	PREPROCESSOR	9305	9344	0	74cffecfe426b42a10457662885d8eaf97a2278501d75aeb35171e5499506b30	I2RlZmluZSBzZXREUkFXSVRFTVNUUlVDVEZpZWxkcyhhLGIsYykK
208	PREPROCESSOR	9344	9378	0	01d314d67c2aacdcb67211a0a3e70130b4eced4e8263065bed4bf8b880dc8a8a	I2RlZmluZSBEUkFXSVRFTVNUUlVDVF9zaXplb2YoKSAwCg==
209	PREPROCESSOR	9378	9385	0	9a349bbd1a21104f051e34b2c8a9e70cc7fbb50bc19a67781f2a140c386d9438	I2VuZGlmCg==
210	PREPROCESSOR	9385	9407	0	5c7297c57e9050530eddc59206dda07bfaf5b18054310cbb08d3d6817dcf3189	CiNpZm5kZWYgTk9fRFJPUEZJTEVTCg==
211	STATEMENT	9407	9464	0	4be678f85fe2d102e49cf900cf462445285c71cb627bedd716684b1e2a281757	dm9pZCBjYWNoZURST1BGSUxFU0ZpZWxkcyhKTklFbnYgKmVudiwgam9iamVjdCBscE9iamVjdCk7
212	STATEMENT	9464	9547	0	fa525ef9e5f93e8d1ddcd38a9d52728c2e94b57c091525ab18838b160093479f	CkRST1BGSUxFUyAqZ2V0RFJPUEZJTEVTRmllbGRzKEpOSUVudiAqZW52LCBqb2JqZWN0IGxwT2JqZWN0LCBEUk9QRklMRVMgKmxwU3RydWN0KTs=
213	STATEMENT	9547	9624	0	463255f912098340e965b99b7cbf46efb322e6c23f744210ac60f4d6f6bde3b1	CnZvaWQgc2V0RFJPUEZJTEVTRmllbGRzKEpOSUVudiAqZW52LCBqb2JqZWN0IGxwT2JqZWN0LCBEUk9QRklMRVMgKmxwU3RydWN0KTs=
214	PREPROCESSOR	9624	9670	0	d405df2798e0763daed921296e63af48db40190fb908114c3a1b03da3c96d36d	CiNkZWZpbmUgRFJPUEZJTEVTX3NpemVvZigpIHNpemVvZihEUk9QRklMRVMpCg==
215	PREPROCESSOR	9670	9676	0	a95dbf91f6d6c3dc84eb44907afe37bdec7e3aa1cd0a07042249536df254415c	I2Vsc2UK
216	PREPROCESSOR	9676	9710	0	814471e6c8a8add5be41f0acd65dd31533e810840d9803a0ed6c6dec0fa7f9e4	I2RlZmluZSBjYWNoZURST1BGSUxFU0ZpZWxkcyhhLGIpCg==
217	PREPROCESSOR	9710	9749	0	cb351e0c967490a84e3f71234bcc44fb7677ce8314ae73901c4811048160dcfc	I2RlZmluZSBnZXREUk9QRklMRVNGaWVsZHMoYSxiLGMpIE5VTEwK
218	PREPROCESSOR	9749	9783	0	5a3d6832df52be87561819088cac093a3214a204ca83c6f12793d8181d150ac9	I2RlZmluZSBzZXREUk9QRklMRVNGaWVsZHMoYSxiLGMpCg==
219	PREPROCESSOR	9783	9812	0	8fae27b8bdf7d555924ffd4a182a68961c8640185e8745619b81ce1d99e5dab2	I2RlZmluZSBEUk9QRklMRVNfc2l6ZW9mKCkgMAo=
220	PREPROCESSOR	9812	9819	0	9a349bbd1a21104f051e34b2c8a9e70cc7fbb50bc19a67781f2a140c386d9438	I2VuZGlmCg==
221	PREPROCESSOR	9819	9835	0	d702e5e270627e8589fecc979e70690e543d67e4b3074f366523cc8d82d2e053	CiNpZm5kZWYgTk9fRU1SCg==
222	STATEMENT	9835	9886	0	89df161801b7eb83e5ac4db8267c11272d8bad7658403e9120016133f2be52e1	dm9pZCBjYWNoZUVNUkZpZWxkcyhKTklFbnYgKmVudiwgam9iamVjdCBscE9iamVjdCk7
223	STATEMENT	9886	9951	0	1e5dd3b6ecd7aed92e5d02ad2ea51b38aa711e8d624a0dfa67967b891f1ddbc2	CkVNUiAqZ2V0RU1SRmllbGRzKEpOSUVudiAqZW52LCBqb2JqZWN0IGxwT2JqZWN0LCBFTVIgKmxwU3RydWN0KTs=
224	STATEMENT	9951	10016	0	3205e3d5ac7070e87e941acf94ea8b851579344df16b7a86d970d9fd9aa7a547	CnZvaWQgc2V0RU1SRmllbGRzKEpOSUVudiAqZW52LCBqb2JqZWN0IGxwT2JqZWN0LCBFTVIgKmxwU3RydWN0KTs=
225	PREPROCESSOR	10016	10050	0	7be13bf3b27c0b33b243927e1601a04e997e02481db44e1d9819ae99eea29ec7	CiNkZWZpbmUgRU1SX3NpemVvZigpIHNpemVvZihFTVIpCg==
226	PREPROCESSOR	10050	10056	0	a95dbf91f6d6c3dc84eb44907afe37bdec7e3aa1cd0a07042249536df254415c	I2Vsc2UK
227	PREPROCESSOR	10056	10084	0	15e1ed6207e9283342bdcabd2ffa785547e0d5fb98fe079fca8e14951e4856cc	I2RlZmluZSBjYWNoZUVNUkZpZWxkcyhhLGIpCg==
228	PREPROCESSOR	10084	10117	0	4477b5e7cb3f25bb30dc438e729e0281109f9769b81636d5aa592795e66cfbba	I2RlZmluZSBnZXRFTVJGaWVsZHMoYSxiLGMpIE5VTEwK
229	PREPROCESSOR	10117	10145	0	c6956541e8d393e5bc92cd235eca200bc00121903721f05e52559e04966a48fd	I2RlZmluZSBzZXRFTVJGaWVsZHMoYSxiLGMpCg==
230	PREPROCESSOR	10145	10168	0	240646fd66cbffceaf9983371663f2010d83491cdb1f877ae07c7640348469fc	I2RlZmluZSBFTVJfc2l6ZW9mKCkgMAo=
231	PREPROCESSOR	10168	10175	0	9a349bbd1a21104f051e34b2c8a9e70cc7fbb50bc19a67781f2a140c386d9438	I2VuZGlmCg==
232	PREPROCESSOR	10175	10213	0	4473ec54fc29ead580ed758957223a243c79812f6ae5f03287aedc50f4aea6af	CiNpZm5kZWYgTk9fRU1SRVhUQ1JFQVRFRk9OVElORElSRUNUVwo=
233	STATEMENT	10213	10286	0	f828bd73826b4b3f1914ca989339e440ec9b064ea276fe2a929b592c268c359d	dm9pZCBjYWNoZUVNUkVYVENSRUFURUZPTlRJTkRJUkVDVFdGaWVsZHMoSk5JRW52ICplbnYsIGpvYmplY3QgbHBPYmplY3QpOw==
234	STATEMENT	10286	10417	0	934887d862933b031a5d57b16cffd6659b84182d6f7cb6e5635bd8873c40b808	CkVNUkVYVENSRUFURUZPTlRJTkRJUkVDVFcgKmdldEVNUkVYVENSRUFURUZPTlRJTkRJUkVDVFdGaWVsZHMoSk5JRW52ICplbnYsIGpvYmplY3QgbHBPYmplY3QsIEVNUkVYVENSRUFURUZPTlRJTkRJUkVDVFcgKmxwU3RydWN0KTs=
235	STATEMENT	10417	10526	0	cc6808d2aec882b4b5543135f247e4fc2110ea948e6d149af069179969c34c4e	CnZvaWQgc2V0RU1SRVhUQ1JFQVRFRk9OVElORElSRUNUV0ZpZWxkcyhKTklFbnYgKmVudiwgam9iamVjdCBscE9iamVjdCwgRU1SRVhUQ1JFQVRFRk9OVElORElSRUNUVyAqbHBTdHJ1Y3QpOw==
236	PREPROCESSOR	10526	10604	0	8e4eec613bc99a72669ac81ac55d78b9ed565ae3666a86bedbb7e4a957503cb6	CiNkZWZpbmUgRU1SRVhUQ1JFQVRFRk9OVElORElSRUNUV19zaXplb2YoKSBzaXplb2YoRU1SRVhUQ1JFQVRFRk9OVElORElSRUNUVykK
237	PREPROCESSOR	10604	10610	0	a95dbf91f6d6c3dc84eb44907afe37bdec7e3aa1cd0a07042249536df254415c	I2Vsc2UK
238	PREPROCESSOR	10610	10660	0	f1472d8056dc7d6314073a043fc531ede3bbae26994c168e5c91ae2bd9312923	I2RlZmluZSBjYWNoZUVNUkVYVENSRUFURUZPTlRJTkRJUkVDVFdGaWVsZHMoYSxiKQo=
239	PREPROCESSOR	10660	10715	0	76110addfe478085226d516953f5183ce789cdd2e723be3d6f23b8bf929c7511	I2RlZmluZSBnZXRFTVJFWFRDUkVBVEVGT05USU5ESVJFQ1RXRmllbGRzKGEsYixjKSBOVUxMCg==
240	PREPROCESSOR	10715	10765	0	e9d2830258647ccfad09ccbd2a0911b01475145fc85e6fd839dc0d736140cfca	I2RlZmluZSBzZXRFTVJFWFRDUkVBVEVGT05USU5ESVJFQ1RXRmllbGRzKGEsYixjKQo=
241	PREPROCESSOR	10765	10810	0	0fea5934a576a281d1a320f32c80aa229c414d9e16f9e08a45ba67c5f76d15c6	I2RlZmluZSBFTVJFWFRDUkVBVEVGT05USU5ESVJFQ1RXX3NpemVvZigpIDAK
242	PREPROCESSOR	10810	10817	0	9a349bbd1a21104f051e34b2c8a9e70cc7fbb50bc19a67781f2a140c386d9438	I2VuZGlmCg==
243	PREPROCESSOR	10817	10841	0	07097f79960b884c2ab3ff6a5376bab5341a8ffa365086858f8e87ca5047f921	CiNpZm5kZWYgTk9fRVhUTE9HRk9OVFcK
244	STATEMENT	10841	10900	0	0d712f92836d05d62792eb14b4075076ca37d3d53e78d96dc37430ce36c2ff45	dm9pZCBjYWNoZUVYVExPR0ZPTlRXRmllbGRzKEpOSUVudiAqZW52LCBqb2JqZWN0IGxwT2JqZWN0KTs=
245	STATEMENT	10900	10989	0	cc0665e8b4c514cd8530c112cc1f5ff384902a708d9121f57cd370fea188463f	CkVYVExPR0ZPTlRXICpnZXRFWFRMT0dGT05UV0ZpZWxkcyhKTklFbnYgKmVudiwgam9iamVjdCBscE9iamVjdCwgRVhUTE9HRk9OVFcgKmxwU3RydWN0KTs=
246	STATEMENT	10989	11070	0	8989ac9bd29039ab9699783445ce504758b99782db5dcd77dd9f5837e5d22157	CnZvaWQgc2V0RVhUTE9HRk9OVFdGaWVsZHMoSk5JRW52ICplbnYsIGpvYmplY3QgbHBPYmplY3QsIEVYVExPR0ZPTlRXICpscFN0cnVjdCk7
247	PREPROCESSOR	11070	11120	0	a34af58d1cbf50d3afdce4065912529d289538860309d9230658ff70bda0db64	CiNkZWZpbmUgRVhUTE9HRk9OVFdfc2l6ZW9mKCkgc2l6ZW9mKEVYVExPR0ZPTlRXKQo=
248	PREPROCESSOR	11120	11126	0	a95dbf91f6d6c3dc84eb44907afe37bdec7e3aa1cd0a07042249536df254415c	I2Vsc2UK
249	PREPROCESSOR	11126	11162	0	f2b5fc80ad9154223f5949b23bf60a1426af21f63bb4eb330db95f8de12bfe5f	I2RlZmluZSBjYWNoZUVYVExPR0ZPTlRXRmllbGRzKGEsYikK
250	PREPROCESSOR	11162	11203	0	1a54d52f9a5bcbee4f00f5daebe9b49d07c3b2e943f3819022a024dab2ab1513	I2RlZmluZSBnZXRFWFRMT0dGT05UV0ZpZWxkcyhhLGIsYykgTlVMTAo=
251	PREPROCESSOR	11203	11239	0	58a4b7d69d4049687d08fac780c3dbb205a971b51958aa7aa0427d5edf79ec7b	I2RlZmluZSBzZXRFWFRMT0dGT05UV0ZpZWxkcyhhLGIsYykK
252	PREPROCESSOR	11239	11270	0	54496c470e61b612b83e5c4a0a812a424a740c66b6218a04d03cb5aca8730d89	I2RlZmluZSBFWFRMT0dGT05UV19zaXplb2YoKSAwCg==
253	PREPROCESSOR	11270	11277	0	9a349bbd1a21104f051e34b2c8a9e70cc7fbb50bc19a67781f2a140c386d9438	I2VuZGlmCg==
254	PREPROCESSOR	11277	11300	0	8cac7aadeb6a93da32d4794d7b7f8cc642dd3c16d504cb8ad3f3139edb163679	CiNpZm5kZWYgTk9fRkxJQ0tfREFUQQo=
255	STATEMENT	11300	11358	0	f0e19b0c73c74a08762df44dad4b517bf8be955cc33d7d03c5a5e89c60d34ace	dm9pZCBjYWNoZUZMSUNLX0RBVEFGaWVsZHMoSk5JRW52ICplbnYsIGpvYmplY3QgbHBPYmplY3QpOw==
256	STATEMENT	11358	11444	0	308f88a8104a0d803fbf8adfeff24c117d5a31c1a23be4f8934979900374c943	CkZMSUNLX0RBVEEgKmdldEZMSUNLX0RBVEFGaWVsZHMoSk5JRW52ICplbnYsIGpvYmplY3QgbHBPYmplY3QsIEZMSUNLX0RBVEEgKmxwU3RydWN0KTs=
257	STATEMENT	11444	11523	0	56fe62187947351dfc717c69c516e37c9794e6429573ea1c15987bef96a0ae92	CnZvaWQgc2V0RkxJQ0tfREFUQUZpZWxkcyhKTklFbnYgKmVudiwgam9iamVjdCBscE9iamVjdCwgRkxJQ0tfREFUQSAqbHBTdHJ1Y3QpOw==
258	PREPROCESSOR	11523	11571	0	e6469cf978e74fd089921bb37556ff038f215214dc0ddf848c0bd4f53d59762a	CiNkZWZpbmUgRkxJQ0tfREFUQV9zaXplb2YoKSBzaXplb2YoRkxJQ0tfREFUQSkK
259	PREPROCESSOR	11571	11577	0	a95dbf91f6d6c3dc84eb44907afe37bdec7e3aa1cd0a07042249536df254415c	I2Vsc2UK
260	PREPROCESSOR	11577	11612	0	40252ead666e3775de37bd301539e8359005d18f8f9900f94f8aa454299cf20e	I2RlZmluZSBjYWNoZUZMSUNLX0RBVEFGaWVsZHMoYSxiKQo=
261	PREPROCESSOR	11612	11652	0	cb22e9e7760cee8470454ec1b431b6e0bc133cbde18c0a91094ffd26fc3fe2a9	I2RlZmluZSBnZXRGTElDS19EQVRBRmllbGRzKGEsYixjKSBOVUxMCg==
262	PREPROCESSOR	11652	11687	0	70814016e3fe15c5946829fc08fb65898ff6f2ec3892d60d1c8ef9b34e51c2ea	I2RlZmluZSBzZXRGTElDS19EQVRBRmllbGRzKGEsYixjKQo=
263	PREPROCESSOR	11687	11717	0	22974484298697d3e5ee577ec1a1f3a98d24659a30e47bb593d32072bea1d2d9	I2RlZmluZSBGTElDS19EQVRBX3NpemVvZigpIDAK
264	PREPROCESSOR	11717	11724	0	9a349bbd1a21104f051e34b2c8a9e70cc7fbb50bc19a67781f2a140c386d9438	I2VuZGlmCg==
265	PREPROCESSOR	11724	11748	0	42730dd093e58d586f546855d5ca21764e1b277fe5343291b5d6d2cdd5df2f3d	CiNpZm5kZWYgTk9fRkxJQ0tfUE9JTlQK
266	STATEMENT	11748	11807	0	ca3fc9fc0e72dd7f563fd6b1d68bd61f15e7621b3c736562abae8692493c28d8	dm9pZCBjYWNoZUZMSUNLX1BPSU5URmllbGRzKEpOSUVudiAqZW52LCBqb2JqZWN0IGxwT2JqZWN0KTs=
267	STATEMENT	11807	11896	0	54df6f749723e31a0ea769ef5ce68aa625a08cc2c3bb98c632fd5340598302ab	CkZMSUNLX1BPSU5UICpnZXRGTElDS19QT0lOVEZpZWxkcyhKTklFbnYgKmVudiwgam9iamVjdCBscE9iamVjdCwgRkxJQ0tfUE9JTlQgKmxwU3RydWN0KTs=
268	STATEMENT	11896	11977	0	f98b8ab3699d1631ffa2515b75c538648c59574f753e181242cdf06beb12e41c	CnZvaWQgc2V0RkxJQ0tfUE9JTlRGaWVsZHMoSk5JRW52ICplbnYsIGpvYmplY3QgbHBPYmplY3QsIEZMSUNLX1BPSU5UICpscFN0cnVjdCk7
269	PREPROCESSOR	11977	12027	0	149931de2a48163ea2ad2190608fe3b815a4e0fdd779c5d8b9d226cfb304ce4a	CiNkZWZpbmUgRkxJQ0tfUE9JTlRfc2l6ZW9mKCkgc2l6ZW9mKEZMSUNLX1BPSU5UKQo=
270	PREPROCESSOR	12027	12033	0	a95dbf91f6d6c3dc84eb44907afe37bdec7e3aa1cd0a07042249536df254415c	I2Vsc2UK
271	PREPROCESSOR	12033	12069	0	3df460a097c9600b5e116ae56be9951a71691fac383312a673fe2e9d15e904c6	I2RlZmluZSBjYWNoZUZMSUNLX1BPSU5URmllbGRzKGEsYikK
272	PREPROCESSOR	12069	12110	0	86c95fe9d63cdc1ae541c9c7fd1e438869b8c200f242d41dd61ecafbe19e6d0f	I2RlZmluZSBnZXRGTElDS19QT0lOVEZpZWxkcyhhLGIsYykgTlVMTAo=
273	PREPROCESSOR	12110	12146	0	37d6422d502ebea6644b2c9c614cb47cbd67b316af31e13e87f7ed3d94e01f88	I2RlZmluZSBzZXRGTElDS19QT0lOVEZpZWxkcyhhLGIsYykK
274	PREPROCESSOR	12146	12177	0	8fc947d36fd0034f303498024340dcede10031ec43670c3de271798ea78bd9a5	I2RlZmluZSBGTElDS19QT0lOVF9zaXplb2YoKSAwCg==
275	PREPROCESSOR	12177	12184	0	9a349bbd1a21104f051e34b2c8a9e70cc7fbb50bc19a67781f2a140c386d9438	I2VuZGlmCg==
276	PREPROCESSOR	12184	12208	0	12e2357d07be5e44fb684e53246db41701d4ebf57f19c16d81b6757e7143a23d	CiNpZm5kZWYgTk9fR0NQX1JFU1VMVFMK
277	STATEMENT	12208	12267	0	ac5cfd4d1f6d93c330daa2b3436eea5c78371752ca614b6c6af1141e7fcf1271	dm9pZCBjYWNoZUdDUF9SRVNVTFRTRmllbGRzKEpOSUVudiAqZW52LCBqb2JqZWN0IGxwT2JqZWN0KTs=
278	STATEMENT	12267	12356	0	e8c38cd8ace37ac57aaf2d5f918aa864e8b8bf61d89a8900d22d1e034cbfdc0a	CkdDUF9SRVNVTFRTICpnZXRHQ1BfUkVTVUxUU0ZpZWxkcyhKTklFbnYgKmVudiwgam9iamVjdCBscE9iamVjdCwgR0NQX1JFU1VMVFMgKmxwU3RydWN0KTs=
279	STATEMENT	12356	12437	0	56c60fc58e1cbe06dae99a06eb160078cd26b3cab5c4c21c222e4c65e652eb37	CnZvaWQgc2V0R0NQX1JFU1VMVFNGaWVsZHMoSk5JRW52ICplbnYsIGpvYmplY3QgbHBPYmplY3QsIEdDUF9SRVNVTFRTICpscFN0cnVjdCk7
280	PREPROCESSOR	12437	12487	0	deff058fe1f92bdaf83c51e8da743d3e81c425ad6d2ed36d81fba60c65402d92	CiNkZWZpbmUgR0NQX1JFU1VMVFNfc2l6ZW9mKCkgc2l6ZW9mKEdDUF9SRVNVTFRTKQo=
281	PREPROCESSOR	12487	12493	0	a95dbf91f6d6c3dc84eb44907afe37bdec7e3aa1cd0a07042249536df254415c	I2Vsc2UK
282	PREPROCESSOR	12493	12529	0	d5b0c64de7f43014c797f1a34c22adfe7cca1a3c1507603c320f9cb60a5ee162	I2RlZmluZSBjYWNoZUdDUF9SRVNVTFRTRmllbGRzKGEsYikK
283	PREPROCESSOR	12529	12570	0	cea988c814f999875078a2de9cf287c191d2c4e0e31979b0f85db66d6d993d63	I2RlZmluZSBnZXRHQ1BfUkVTVUxUU0ZpZWxkcyhhLGIsYykgTlVMTAo=
284	PREPROCESSOR	12570	12606	0	fa512717762fcae5cc023bab1403834a511409b9c935ff6a9938844b231c8931	I2RlZmluZSBzZXRHQ1BfUkVTVUxUU0ZpZWxkcyhhLGIsYykK
285	PREPROCESSOR	12606	12637	0	f47fb0adc1650ebf6c49dab980956d98610a0d7ae3956f2a01e8470ac0fe0006	I2RlZmluZSBHQ1BfUkVTVUxUU19zaXplb2YoKSAwCg==
286	PREPROCESSOR	12637	12644	0	9a349bbd1a21104f051e34b2c8a9e70cc7fbb50bc19a67781f2a140c386d9438	I2VuZGlmCg==
287	PREPROCESSOR	12644	12670	0	a3eebc348c36fecd1e0f8f7edd24e6b04cd9a02ed6e74697330b65793b3c30ed	CiNpZm5kZWYgTk9fR0VTVFVSRUNPTkZJRwo=
288	STATEMENT	12670	12731	0	9f477e105549dc133f1804a778a559a8e5ea248974b43ef8ab7e3fd0e95d68c2	dm9pZCBjYWNoZUdFU1RVUkVDT05GSUdGaWVsZHMoSk5JRW52ICplbnYsIGpvYmplY3QgbHBPYmplY3QpOw==
289	STATEMENT	12731	12826	0	b97a6ce36c5669d1f5c06f585a8ed4313f302b5ea5cbfa08485cd6636b46f1be	CkdFU1RVUkVDT05GSUcgKmdldEdFU1RVUkVDT05GSUdGaWVsZHMoSk5JRW52ICplbnYsIGpvYmplY3QgbHBPYmplY3QsIEdFU1RVUkVDT05GSUcgKmxwU3RydWN0KTs=
290	STATEMENT	12826	12911	0	cffe32b7f9c58131dd89c964c23e4d06aa591a6f08f041b93be8079a13576913	CnZvaWQgc2V0R0VTVFVSRUNPTkZJR0ZpZWxkcyhKTklFbnYgKmVudiwgam9iamVjdCBscE9iamVjdCwgR0VTVFVSRUNPTkZJRyAqbHBTdHJ1Y3QpOw==
291	PREPROCESSOR	12911	12965	0	bee184632407244c335d8b0cf04506dd96b8160181bcf15376c5e19b3c7905c6	CiNkZWZpbmUgR0VTVFVSRUNPTkZJR19zaXplb2YoKSBzaXplb2YoR0VTVFVSRUNPTkZJRykK
292	PREPROCESSOR	12965	12971	0	a95dbf91f6d6c3dc84eb44907afe37bdec7e3aa1cd0a07042249536df254415c	I2Vsc2UK
293	PREPROCESSOR	12971	13009	0	21b2beb15b3b86b52771b83905813c7b36f5f5ea9f8ae9fb29bc3dd638aa52bb	I2RlZmluZSBjYWNoZUdFU1RVUkVDT05GSUdGaWVsZHMoYSxiKQo=
294	PREPROCESSOR	13009	13052	0	18be617b4c238908454a48225bea9a36a2765e5b6feae749a108512bfba7f27f	I2RlZmluZSBnZXRHRVNUVVJFQ09ORklHRmllbGRzKGEsYixjKSBOVUxMCg==
295	PREPROCESSOR	13052	13090	0	eae22aec898a2fd0fe93f72d75b9cd17b61a71fabbbc0e0e201585955e3390e6	I2RlZmluZSBzZXRHRVNUVVJFQ09ORklHRmllbGRzKGEsYixjKQo=
296	PREPROCESSOR	13090	13123	0	30c3347bb0888fa7e8bea44b56d5068c5ff0f682c7d6e69b7d122ba4bf6442fb	I2RlZmluZSBHRVNUVVJFQ09ORklHX3NpemVvZigpIDAK
297	PREPROCESSOR	13123	13130	0	9a349bbd1a21104f051e34b2c8a9e70cc7fbb50bc19a67781f2a140c386d9438	I2VuZGlmCg==
298	PREPROCESSOR	13130	13154	0	34a804db6b824c966ba8acf1892b12ae776d8a647ccec997e1f3ea6518773979	CiNpZm5kZWYgTk9fR0VTVFVSRUlORk8K
299	STATEMENT	13154	13213	0	ffedf1a6796614431606fdddab0164bfec8a58076fe90da4f8ace5d51c7b8f42	dm9pZCBjYWNoZUdFU1RVUkVJTkZPRmllbGRzKEpOSUVudiAqZW52LCBqb2JqZWN0IGxwT2JqZWN0KTs=
300	STATEMENT	13213	13302	0	df0e26b32512f6e0bcc86de244d4241f07f0c4ff776402ffb6df4086894002bc	CkdFU1RVUkVJTkZPICpnZXRHRVNUVVJFSU5GT0ZpZWxkcyhKTklFbnYgKmVudiwgam9iamVjdCBscE9iamVjdCwgR0VTVFVSRUlORk8gKmxwU3RydWN0KTs=
301	STATEMENT	13302	13383	0	61b47844fe76ceb8abbe06fcc525d642045510d187e2f43af7c530b3fbe2f2db	CnZvaWQgc2V0R0VTVFVSRUlORk9GaWVsZHMoSk5JRW52ICplbnYsIGpvYmplY3QgbHBPYmplY3QsIEdFU1RVUkVJTkZPICpscFN0cnVjdCk7
302	PREPROCESSOR	13383	13433	0	94295093c48fa95b3213ac34c1c21e11d95444bb930fb966ebb003ce410dc8b8	CiNkZWZpbmUgR0VTVFVSRUlORk9fc2l6ZW9mKCkgc2l6ZW9mKEdFU1RVUkVJTkZPKQo=
303	PREPROCESSOR	13433	13439	0	a95dbf91f6d6c3dc84eb44907afe37bdec7e3aa1cd0a07042249536df254415c	I2Vsc2UK
304	PREPROCESSOR	13439	13475	0	abb8e28b1893c29a7491d8620bc74199d7d7b750111dace8a0de65af9dbe80a1	I2RlZmluZSBjYWNoZUdFU1RVUkVJTkZPRmllbGRzKGEsYikK
305	PREPROCESSOR	13475	13516	0	524dcefdf90ecc4ce6de3cb9ddb8062ba0aee8b081a04014dc5cfd1851e2d88b	I2RlZmluZSBnZXRHRVNUVVJFSU5GT0ZpZWxkcyhhLGIsYykgTlVMTAo=
306	PREPROCESSOR	13516	13552	0	baf465b38e112c3b8c1f368a192394caac17eaa963855131ae28a69022191b4d	I2RlZmluZSBzZXRHRVNUVVJFSU5GT0ZpZWxkcyhhLGIsYykK
307	PREPROCESSOR	13552	13583	0	5d816659e489d02eae0d4d091980b6d46ee64f47f4bf8d87e363d44b48a9e671	I2RlZmluZSBHRVNUVVJFSU5GT19zaXplb2YoKSAwCg==
308	PREPROCESSOR	13583	13590	0	9a349bbd1a21104f051e34b2c8a9e70cc7fbb50bc19a67781f2a140c386d9438	I2VuZGlmCg==
309	PREPROCESSOR	13590	13616	0	cbb6ae5cdf0e0c7ddbf8ea6284f643a656a182bc4a3bdb62dc75306b1ff96f7f	CiNpZm5kZWYgTk9fR1JBRElFTlRfUkVDVAo=
310	STATEMENT	13616	13677	0	a6c37e32a910e23ec7b0c4ef9d5d310c47a16fa8e9bdf78d9284df0fd54a10a7	dm9pZCBjYWNoZUdSQURJRU5UX1JFQ1RGaWVsZHMoSk5JRW52ICplbnYsIGpvYmplY3QgbHBPYmplY3QpOw==
311	STATEMENT	13677	13772	0	62b40b04a9248e5e5f4ecc08000f9709b0d6d45ef7320f6fad9616b8f5af11e1	CkdSQURJRU5UX1JFQ1QgKmdldEdSQURJRU5UX1JFQ1RGaWVsZHMoSk5JRW52ICplbnYsIGpvYmplY3QgbHBPYmplY3QsIEdSQURJRU5UX1JFQ1QgKmxwU3RydWN0KTs=
312	STATEMENT	13772	13857	0	d3557751bed3df834a1aa62659e2650e35ee887e249bfcdb8b041df3370bf91f	CnZvaWQgc2V0R1JBRElFTlRfUkVDVEZpZWxkcyhKTklFbnYgKmVudiwgam9iamVjdCBscE9iamVjdCwgR1JBRElFTlRfUkVDVCAqbHBTdHJ1Y3QpOw==
313	PREPROCESSOR	13857	13911	0	61faa5bef5dfc5934b6a86795237e5f8e8eb2097f6757d1b8e5c4d97fb101e58	CiNkZWZpbmUgR1JBRElFTlRfUkVDVF9zaXplb2YoKSBzaXplb2YoR1JBRElFTlRfUkVDVCkK
314	PREPROCESSOR	13911	13917	0	a95dbf91f6d6c3dc84eb44907afe37bdec7e3aa1cd0a07042249536df254415c	I2Vsc2UK
315	PREPROCESSOR	13917	13955	0	589610ca81ddff15edfc48fa68e06d3be40dbb0bb595240d913e90bebb1d40a9	I2RlZmluZSBjYWNoZUdSQURJRU5UX1JFQ1RGaWVsZHMoYSxiKQo=
316	PREPROCESSOR	13955	13998	0	7bba28c15fa82b4792aa423d438bc980979ca79807dd316e50fb839e0b3c0648	I2RlZmluZSBnZXRHUkFESUVOVF9SRUNURmllbGRzKGEsYixjKSBOVUxMCg==
317	PREPROCESSOR	13998	14036	0	67e5c756cb3e20ccc1383f4de4bae8b654590afd22037f606b7b516a3a59d9aa	I2RlZmluZSBzZXRHUkFESUVOVF9SRUNURmllbGRzKGEsYixjKQo=
318	PREPROCESSOR	14036	14069	0	70167ae65f247694a52117247e7abc0f12fb44f42ebf893fc557362a43770158	I2RlZmluZSBHUkFESUVOVF9SRUNUX3NpemVvZigpIDAK
319	PREPROCESSOR	14069	14076	0	9a349bbd1a21104f051e34b2c8a9e70cc7fbb50bc19a67781f2a140c386d9438	I2VuZGlmCg==
320	PREPROCESSOR	14076	14102	0	e3110bf8746228aba93c8815ecce706ccb74c151249c7530c2cf5268786d644f	CiNpZm5kZWYgTk9fR1VJVEhSRUFESU5GTwo=
321	STATEMENT	14102	14163	0	7db2034c3d995020b695eb27752cc2021a596eadaf71a91d98aee771cbcc57e2	dm9pZCBjYWNoZUdVSVRIUkVBRElORk9GaWVsZHMoSk5JRW52ICplbnYsIGpvYmplY3QgbHBPYmplY3QpOw==
322	STATEMENT	14163	14258	0	3d404d38edd4499ddfd13afc58f65b1c3bf2318db9113f5aaefa6ed8ef34c50c	CkdVSVRIUkVBRElORk8gKmdldEdVSVRIUkVBRElORk9GaWVsZHMoSk5JRW52ICplbnYsIGpvYmplY3QgbHBPYmplY3QsIEdVSVRIUkVBRElORk8gKmxwU3RydWN0KTs=
323	STATEMENT	14258	14343	0	757351b78c80605634749617cfb02b02ac97e46d861bfeb45dfa3b82849aad36	CnZvaWQgc2V0R1VJVEhSRUFESU5GT0ZpZWxkcyhKTklFbnYgKmVudiwgam9iamVjdCBscE9iamVjdCwgR1VJVEhSRUFESU5GTyAqbHBTdHJ1Y3QpOw==
324	PREPROCESSOR	14343	14397	0	28305d7a5002786c2f6176e3769bb8530ebfbcb29f741c46ce8adddb6dd14423	CiNkZWZpbmUgR1VJVEhSRUFESU5GT19zaXplb2YoKSBzaXplb2YoR1VJVEhSRUFESU5GTykK
325	PREPROCESSOR	14397	14403	0	a95dbf91f6d6c3dc84eb44907afe37bdec7e3aa1cd0a07042249536df254415c	I2Vsc2UK
326	PREPROCESSOR	14403	14441	0	5dfc2fa0d535286d0a88a8206461c4de95fb9691fd77cf7ef7801527debf5ff8	I2RlZmluZSBjYWNoZUdVSVRIUkVBRElORk9GaWVsZHMoYSxiKQo=
327	PREPROCESSOR	14441	14484	0	b10807fc2d9fadac193c523de5a509e41877c50d03cd673824cf9372d8b28f82	I2RlZmluZSBnZXRHVUlUSFJFQURJTkZPRmllbGRzKGEsYixjKSBOVUxMCg==
328	PREPROCESSOR	14484	14522	0	e22540200afb6d8b0b9c79a4794df7409024d5a5eabc766e1407cbb53e74b8b7	I2RlZmluZSBzZXRHVUlUSFJFQURJTkZPRmllbGRzKGEsYixjKQo=
329	PREPROCESSOR	14522	14555	0	462b6fc6707fe1459649e6df24bf5de5541685b619080fd6d58dff205bc59a18	I2RlZmluZSBHVUlUSFJFQURJTkZPX3NpemVvZigpIDAK
330	PREPROCESSOR	14555	14562	0	9a349bbd1a21104f051e34b2c8a9e70cc7fbb50bc19a67781f2a140c386d9438	I2VuZGlmCg==
331	PREPROCESSOR	14562	14588	0	f30b8e695dc1088291833649e259671383531e0b878b14cb336838d8e9d3c9ee	CiNpZm5kZWYgTk9fSERISVRURVNUSU5GTwo=
332	STATEMENT	14588	14649	0	6d430fcaa8ee3b84854c17dc633842362a39d771cd51fb8d03e86a3b2a4ff848	dm9pZCBjYWNoZUhESElUVEVTVElORk9GaWVsZHMoSk5JRW52ICplbnYsIGpvYmplY3QgbHBPYmplY3QpOw==
333	STATEMENT	14649	14744	0	8097af0021daf94a2546cc67e00e89f338fe8415c51aca4ca95085f4a9ffc38a	CkhESElUVEVTVElORk8gKmdldEhESElUVEVTVElORk9GaWVsZHMoSk5JRW52ICplbnYsIGpvYmplY3QgbHBPYmplY3QsIEhESElUVEVTVElORk8gKmxwU3RydWN0KTs=
334	STATEMENT	14744	14829	0	8829cdc41e8d3566712587a7590592a2f4589cff71ab6b9796d3697c26e4ffae	CnZvaWQgc2V0SERISVRURVNUSU5GT0ZpZWxkcyhKTklFbnYgKmVudiwgam9iamVjdCBscE9iamVjdCwgSERISVRURVNUSU5GTyAqbHBTdHJ1Y3QpOw==
335	PREPROCESSOR	14829	14883	0	c021295f321f35da2255d87581071238590a678ed32699326c488f9b220383b0	CiNkZWZpbmUgSERISVRURVNUSU5GT19zaXplb2YoKSBzaXplb2YoSERISVRURVNUSU5GTykK
336	PREPROCESSOR	14883	14889	0	a95dbf91f6d6c3dc84eb44907afe37bdec7e3aa1cd0a07042249536df254415c	I2Vsc2UK
337	PREPROCESSOR	14889	14927	0	d62394bd9062da5f4a3a859f853e7f867ddd365d640259b6d6d788189f9e4158	I2RlZmluZSBjYWNoZUhESElUVEVTVElORk9GaWVsZHMoYSxiKQo=
338	PREPROCESSOR	14927	14970	0	a6de2884d4019efde634ba18b24e9871856aac28ed5da533890646c1bfb5bd21	I2RlZmluZSBnZXRIREhJVFRFU1RJTkZPRmllbGRzKGEsYixjKSBOVUxMCg==
339	PREPROCESSOR	14970	15008	0	0f480d6403e63bc39073f1e7d91c477e9ffb5d93edcc319c1002923068a37e9d	I2RlZmluZSBzZXRIREhJVFRFU1RJTkZPRmllbGRzKGEsYixjKQo=
340	PREPROCESSOR	15008	15041	0	2102d55b0cf35cf4e0751cae5495f396a3584941c3812da611c145db95990380	I2RlZmluZSBIREhJVFRFU1RJTkZPX3NpemVvZigpIDAK
341	PREPROCESSOR	15041	15048	0	9a349bbd1a21104f051e34b2c8a9e70cc7fbb50bc19a67781f2a140c386d9438	I2VuZGlmCg==
342	PREPROCESSOR	15048	15067	0	18517acbde600ff13cb43856105c73410843f3d948cef1e89120b70ebb11d20a	CiNpZm5kZWYgTk9fSERJVEVNCg==
343	STATEMENT	15067	15121	0	4730799560ec25ace30517b563c48bade25f24fda4e8156b1f0674786a316f03	dm9pZCBjYWNoZUhESVRFTUZpZWxkcyhKTklFbnYgKmVudiwgam9iamVjdCBscE9iamVjdCk7
344	STATEMENT	15121	15195	0	1fbb6d588cc74816f0d5ab591d096bbb9a673ddcca4095403f1d02c00752dbca	CkhESVRFTSAqZ2V0SERJVEVNRmllbGRzKEpOSUVudiAqZW52LCBqb2JqZWN0IGxwT2JqZWN0LCBIRElURU0gKmxwU3RydWN0KTs=
345	STATEMENT	15195	15266	0	12465b86a99438fc9da6a8af1c858eb68d04ce337c9c2e7d63101709cdb7fd63	CnZvaWQgc2V0SERJVEVNRmllbGRzKEpOSUVudiAqZW52LCBqb2JqZWN0IGxwT2JqZWN0LCBIRElURU0gKmxwU3RydWN0KTs=
346	PREPROCESSOR	15266	15306	0	fb142c81d96a9bdad5edbcc563195a4c48b3a4cb8687664525b001f79cbac153	CiNkZWZpbmUgSERJVEVNX3NpemVvZigpIHNpemVvZihIRElURU0pCg==
347	PREPROCESSOR	15306	15312	0	a95dbf91f6d6c3dc84eb44907afe37bdec7e3aa1cd0a07042249536df254415c	I2Vsc2UK
348	PREPROCESSOR	15312	15343	0	745656e1c2c25e6a93a56b9a24fed4ae7e4f0a78056f6d63c75ccf166b558f9c	I2RlZmluZSBjYWNoZUhESVRFTUZpZWxkcyhhLGIpCg==
349	PREPROCESSOR	15343	15379	0	50645a0cdfaa23964135b043b591a66a5549907a19dcae023311d0dd8efd222b	I2RlZmluZSBnZXRIRElURU1GaWVsZHMoYSxiLGMpIE5VTEwK
350	PREPROCESSOR	15379	15410	0	a3f9d60cbcaff83b82fffae84bd9fafda327b029e75be4a7c01c1d8c5db8f2d3	I2RlZmluZSBzZXRIRElURU1GaWVsZHMoYSxiLGMpCg==
351	PREPROCESSOR	15410	15436	0	2c9e487bd53a57f0bf6ec9375e52ea72ecc4d88b61c582c1e8ae4a943845dbbf	I2RlZmluZSBIRElURU1fc2l6ZW9mKCkgMAo=
352	PREPROCESSOR	15436	15443	0	9a349bbd1a21104f051e34b2c8a9e70cc7fbb50bc19a67781f2a140c386d9438	I2VuZGlmCg==
353	PREPROCESSOR	15443	15464	0	f6edded09005577c241dedfa81a9fd9aaddb78b4d24e84721297d0327fed6d31	CiNpZm5kZWYgTk9fSERMQVlPVVQK
354	STATEMENT	15464	15520	0	c372859ca25f6a441f5744d72d4de72f652004fbdbc4713bd43c800e73718919	dm9pZCBjYWNoZUhETEFZT1VURmllbGRzKEpOSUVudiAqZW52LCBqb2JqZWN0IGxwT2JqZWN0KTs=
355	STATEMENT	15520	15600	0	ab0a0011e338b0e128941b93d8bd2abdf02a52a254dcd464c38e3a7181696b57	CkhETEFZT1VUICpnZXRIRExBWU9VVEZpZWxkcyhKTklFbnYgKmVudiwgam9iamVjdCBscE9iamVjdCwgSERMQVlPVVQgKmxwU3RydWN0KTs=
356	STATEMENT	15600	15675	0	b4ce909dfa7ddedd3c71488b8d489fe55b1c676148585a44ec215d99f08c0c0f	CnZvaWQgc2V0SERMQVlPVVRGaWVsZHMoSk5JRW52ICplbnYsIGpvYmplY3QgbHBPYmplY3QsIEhETEFZT1VUICpscFN0cnVjdCk7
357	PREPROCESSOR	15675	15719	0	360e3a8398c65b9342c3fa2312e658c176e53f52c088e782c8056abe12842c15	CiNkZWZpbmUgSERMQVlPVVRfc2l6ZW9mKCkgc2l6ZW9mKEhETEFZT1VUKQo=
358	PREPROCESSOR	15719	15725	0	a95dbf91f6d6c3dc84eb44907afe37bdec7e3aa1cd0a07042249536df254415c	I2Vsc2UK
359	PREPROCESSOR	15725	15758	0	c1c627e44b2c6e245090fc1660c92fa7b2349d8ed13027c153338bbfd704ba29	I2RlZmluZSBjYWNoZUhETEFZT1VURmllbGRzKGEsYikK
360	PREPROCESSOR	15758	15796	0	33914db5ec1cc6eaf535485eec968d59e97b6b6655d5e427dc4a2e9a902353bb	I2RlZmluZSBnZXRIRExBWU9VVEZpZWxkcyhhLGIsYykgTlVMTAo=
361	PREPROCESSOR	15796	15829	0	00d7c023253bd7836e96f824f4c686b5f3299e42c85932ef42d34fb3c3c01a1e	I2RlZmluZSBzZXRIRExBWU9VVEZpZWxkcyhhLGIsYykK
362	PREPROCESSOR	15829	15857	0	9e49617eff9184d1e3d9e0ece98271b224be25d4edc2bfde5af2892527ba738a	I2RlZmluZSBIRExBWU9VVF9zaXplb2YoKSAwCg==
363	PREPROCESSOR	15857	15864	0	9a349bbd1a21104f051e34b2c8a9e70cc7fbb50bc19a67781f2a140c386d9438	I2VuZGlmCg==
364	PREPROCESSOR	15864	15885	0	3ce7216b5bf95d0e0a51b47bad7c92231d10f3a395846448bcf26300257269d3	CiNpZm5kZWYgTk9fSEVMUElORk8K
365	STATEMENT	15885	15941	0	cbcf9793eebb144c7e7b656cfadb2cb1d448afe93acc5d5682f084cfc6e08f13	dm9pZCBjYWNoZUhFTFBJTkZPRmllbGRzKEpOSUVudiAqZW52LCBqb2JqZWN0IGxwT2JqZWN0KTs=
366	STATEMENT	15941	16021	0	ebb362bd16e29b87a3f75ffab7f82fc55b34e4fe12e4670dea50c0a3c53995d5	CkhFTFBJTkZPICpnZXRIRUxQSU5GT0ZpZWxkcyhKTklFbnYgKmVudiwgam9iamVjdCBscE9iamVjdCwgSEVMUElORk8gKmxwU3RydWN0KTs=
367	STATEMENT	16021	16096	0	d5b17b3a660b6558d2766fc82cdf665302fe1aff4af2f0b6c633acceeea9048e	CnZvaWQgc2V0SEVMUElORk9GaWVsZHMoSk5JRW52ICplbnYsIGpvYmplY3QgbHBPYmplY3QsIEhFTFBJTkZPICpscFN0cnVjdCk7
368	PREPROCESSOR	16096	16140	0	78df6a150ee3ea0b206263622d6dd1e5f51856856e79aa21ef22144e7d2ffb74	CiNkZWZpbmUgSEVMUElORk9fc2l6ZW9mKCkgc2l6ZW9mKEhFTFBJTkZPKQo=
369	PREPROCESSOR	16140	16146	0	a95dbf91f6d6c3dc84eb44907afe37bdec7e3aa1cd0a07042249536df254415c	I2Vsc2UK
370	PREPROCESSOR	16146	16179	0	c4e52f5aef8a4bb0feefc6162d244898c42bac0d974593553404cb52a42c1784	I2RlZmluZSBjYWNoZUhFTFBJTkZPRmllbGRzKGEsYikK
371	PREPROCESSOR	16179	16217	0	8c6ccac02afaae0b243f073e1939a8f6ebba541b5ba0e93caa6a5de82de239f5	I2RlZmluZSBnZXRIRUxQSU5GT0ZpZWxkcyhhLGIsYykgTlVMTAo=
372	PREPROCESSOR	16217	16250	0	0d7c7841053f4685e85184d4bbde2892869a9ebec5414d19c59c3f5ffd4e8ebc	I2RlZmluZSBzZXRIRUxQSU5GT0ZpZWxkcyhhLGIsYykK
373	PREPROCESSOR	16250	16278	0	8edc117244499b873cb5435d9a2974016282f3f05c4a42ea7d63bd5ea808d437	I2RlZmluZSBIRUxQSU5GT19zaXplb2YoKSAwCg==
374	PREPROCESSOR	16278	16285	0	9a349bbd1a21104f051e34b2c8a9e70cc7fbb50bc19a67781f2a140c386d9438	I2VuZGlmCg==
375	PREPROCESSOR	16285	16310	0	995fc654378aee520578d575166b5301ad244b47629df202c2ac8e0a5d3fe3d2	CiNpZm5kZWYgTk9fSElHSENPTlRSQVNUCg==
376	STATEMENT	16310	16370	0	b3aca46d66258d849798203727358ea88b1a7ac38a5b6141c75c52d97907a607	dm9pZCBjYWNoZUhJR0hDT05UUkFTVEZpZWxkcyhKTklFbnYgKmVudiwgam9iamVjdCBscE9iamVjdCk7
377	STATEMENT	16370	16462	0	321f142726d07d48cdb2c050454c9412b3b6feade344f0ae5e465110039689a5	CkhJR0hDT05UUkFTVCAqZ2V0SElHSENPTlRSQVNURmllbGRzKEpOSUVudiAqZW52LCBqb2JqZWN0IGxwT2JqZWN0LCBISUdIQ09OVFJBU1QgKmxwU3RydWN0KTs=
378	STATEMENT	16462	16545	0	8f5238c5f309a0b241e75883129d24087a38601308ba50e0dcf4aa5806e01b04	CnZvaWQgc2V0SElHSENPTlRSQVNURmllbGRzKEpOSUVudiAqZW52LCBqb2JqZWN0IGxwT2JqZWN0LCBISUdIQ09OVFJBU1QgKmxwU3RydWN0KTs=
379	PREPROCESSOR	16545	16597	0	271193b2f8c0b1a9b0f302ba432e4dd276dc09c9b95e4be7a66ae2599cf9a38c	CiNkZWZpbmUgSElHSENPTlRSQVNUX3NpemVvZigpIHNpemVvZihISUdIQ09OVFJBU1QpCg==
380	PREPROCESSOR	16597	16603	0	a95dbf91f6d6c3dc84eb44907afe37bdec7e3aa1cd0a07042249536df254415c	I2Vsc2UK
381	PREPROCESSOR	16603	16640	0	876682f36a596d0eaebdafb8b241a6f331af360ba8dd13fc6c45ff33fc9bb8b2	I2RlZmluZSBjYWNoZUhJR0hDT05UUkFTVEZpZWxkcyhhLGIpCg==
382	PREPROCESSOR	16640	16682	0	d0091d6fd705b0eec7d0ce133379fddd058bb7aab4bc9c212b2a03aab7522853	I2RlZmluZSBnZXRISUdIQ09OVFJBU1RGaWVsZHMoYSxiLGMpIE5VTEwK
383	PREPROCESSOR	16682	16719	0	35d4aef53f34b03902fa784107ad591bd7761157a4c087c7532702af97b7fc70	I2RlZmluZSBzZXRISUdIQ09OVFJBU1RGaWVsZHMoYSxiLGMpCg==
384	PREPROCESSOR	16719	16751	0	b5336c23545e8121f6acb657595c5322e19e081cab07e63391cf7f2ba26801f2	I2RlZmluZSBISUdIQ09OVFJBU1Rfc2l6ZW9mKCkgMAo=
385	PREPROCESSOR	16751	16758	0	9a349bbd1a21104f051e34b2c8a9e70cc7fbb50bc19a67781f2a140c386d9438	I2VuZGlmCg==
386	PREPROCESSOR	16758	16779	0	9c111cb97bc4feccbf82710685b855a5ec94b96e28dcad6e6974ef2dda07db90	CiNpZm5kZWYgTk9fSUNPTklORk8K
387	STATEMENT	16779	16835	0	5c70ab7be1dabc3c66e5b5b14b398bc0cf072672ae8d8e0f1df519ced956c0a0	dm9pZCBjYWNoZUlDT05JTkZPRmllbGRzKEpOSUVudiAqZW52LCBqb2JqZWN0IGxwT2JqZWN0KTs=
388	STATEMENT	16835	16915	0	c182f71fbb12e1702585715aeb559763774490a1ed7017b74fcb87a236793d88	CklDT05JTkZPICpnZXRJQ09OSU5GT0ZpZWxkcyhKTklFbnYgKmVudiwgam9iamVjdCBscE9iamVjdCwgSUNPTklORk8gKmxwU3RydWN0KTs=
389	STATEMENT	16915	16990	0	85731c9e6bf519c1bd2b2eedb21740f6a246b2a6d3d6af23bdeae51b48c45b8e	CnZvaWQgc2V0SUNPTklORk9GaWVsZHMoSk5JRW52ICplbnYsIGpvYmplY3QgbHBPYmplY3QsIElDT05JTkZPICpscFN0cnVjdCk7
390	PREPROCESSOR	16990	17034	0	0512126604fec9de9bd02ba57ccaaa8f49fe21695413ce359875df2ad64b3b5b	CiNkZWZpbmUgSUNPTklORk9fc2l6ZW9mKCkgc2l6ZW9mKElDT05JTkZPKQo=
391	PREPROCESSOR	17034	17040	0	a95dbf91f6d6c3dc84eb44907afe37bdec7e3aa1cd0a07042249536df254415c	I2Vsc2UK
392	PREPROCESSOR	17040	17073	0	bf7ecad6480e15125272f364ce040877ed05a09cdb0aa2a4eef60b8315f3493e	I2RlZmluZSBjYWNoZUlDT05JTkZPRmllbGRzKGEsYikK
393	PREPROCESSOR	17073	17111	0	87adf63d861f34322ea591bdafb6228cafc8c87ecf23e6595d9a38350cba8a9a	I2RlZmluZSBnZXRJQ09OSU5GT0ZpZWxkcyhhLGIsYykgTlVMTAo=
394	PREPROCESSOR	17111	17144	0	7555e89c7445320d7f9793fa5998391784531fa2341b11ee4d3b2b9edf2d4168	I2RlZmluZSBzZXRJQ09OSU5GT0ZpZWxkcyhhLGIsYykK
395	PREPROCESSOR	17144	17172	0	96d74040a17af809d3dfa0ed403fd28d7d95546ded885335b51c1f75df473a15	I2RlZmluZSBJQ09OSU5GT19zaXplb2YoKSAwCg==
396	PREPROCESSOR	17172	17179	0	9a349bbd1a21104f051e34b2c8a9e70cc7fbb50bc19a67781f2a140c386d9438	I2VuZGlmCg==
397	PREPROCESSOR	17179	17212	0	9c18fbc78f5b09d231b40ca441c25622c670f93619d45ce120402a7fab2a7311	CiNpZm5kZWYgTk9fSU5JVENPTU1PTkNPTlRST0xTRVgK
398	STATEMENT	17212	17280	0	83bc443a16632cddcd0c705510d2f3b8fcab604ed893a5aab8f31158f3e4317b	dm9pZCBjYWNoZUlOSVRDT01NT05DT05UUk9MU0VYRmllbGRzKEpOSUVudiAqZW52LCBqb2JqZWN0IGxwT2JqZWN0KTs=
399	STATEMENT	17280	17396	0	2ec3980938aedee7ab89950a494fc7b9edafd56deae4bc8d5fa3aaea1632f30c	CklOSVRDT01NT05DT05UUk9MU0VYICpnZXRJTklUQ09NTU9OQ09OVFJPTFNFWEZpZWxkcyhKTklFbnYgKmVudiwgam9iamVjdCBscE9iamVjdCwgSU5JVENPTU1PTkNPTlRST0xTRVggKmxwU3RydWN0KTs=
400	STATEMENT	17396	17495	0	ea9e6166d2c1b049cb520ed700900c244532e24a74ee7f212d1071bcc345bd23	CnZvaWQgc2V0SU5JVENPTU1PTkNPTlRST0xTRVhGaWVsZHMoSk5JRW52ICplbnYsIGpvYmplY3QgbHBPYmplY3QsIElOSVRDT01NT05DT05UUk9MU0VYICpscFN0cnVjdCk7
401	PREPROCESSOR	17495	17563	0	611c2aebcfdef4f5de2fa7cbd5df751e63890a0cab9250699fdede5d8d7401c5	CiNkZWZpbmUgSU5JVENPTU1PTkNPTlRST0xTRVhfc2l6ZW9mKCkgc2l6ZW9mKElOSVRDT01NT05DT05UUk9MU0VYKQo=
402	PREPROCESSOR	17563	17569	0	a95dbf91f6d6c3dc84eb44907afe37bdec7e3aa1cd0a07042249536df254415c	I2Vsc2UK
403	PREPROCESSOR	17569	17614	0	e891e5304d2665425b70a2ef29334e8281db0aaf0285af637579767c6b0ac971	I2RlZmluZSBjYWNoZUlOSVRDT01NT05DT05UUk9MU0VYRmllbGRzKGEsYikK
404	PREPROCESSOR	17614	17664	0	839909af00474d38b42de69a5238bb06706aef2e4c2b7d958741bcaaeb7b71db	I2RlZmluZSBnZXRJTklUQ09NTU9OQ09OVFJPTFNFWEZpZWxkcyhhLGIsYykgTlVMTAo=
405	PREPROCESSOR	17664	17709	0	f6610726aa20d090e7664d552881512b2b35fa477887764f18b2191b75fc9c28	I2RlZmluZSBzZXRJTklUQ09NTU9OQ09OVFJPTFNFWEZpZWxkcyhhLGIsYykK
406	PREPROCESSOR	17709	17749	0	b83ac51504be4cd00ca4038716018bd55364791603ee5b35d4cfded68dc0d222	I2RlZmluZSBJTklUQ09NTU9OQ09OVFJPTFNFWF9zaXplb2YoKSAwCg==
407	PREPROCESSOR	17749	17756	0	9a349bbd1a21104f051e34b2c8a9e70cc7fbb50bc19a67781f2a140c386d9438	I2VuZGlmCg==
408	PREPROCESSOR	17756	17774	0	b15d324cd5f5e5685daee1f5a1c7eea1d1a7674e40f890e4cb53de1df1994529	CiNpZm5kZWYgTk9fSU5QVVQK
409	STATEMENT	17774	17827	0	531befe799c62fddae1755955283978ce9efbcea7e9a498bf5c8970b26fe614e	dm9pZCBjYWNoZUlOUFVURmllbGRzKEpOSUVudiAqZW52LCBqb2JqZWN0IGxwT2JqZWN0KTs=
410	STATEMENT	17827	17898	0	e63b3cd6752f40ebd435a08fb5995bb9c1d4e6dd353e427254b6323cf0b42972	CklOUFVUICpnZXRJTlBVVEZpZWxkcyhKTklFbnYgKmVudiwgam9iamVjdCBscE9iamVjdCwgSU5QVVQgKmxwU3RydWN0KTs=
411	STATEMENT	17898	17967	0	d60f6bbf0a1ac17a6884a419d863d98a8d51a57ea339e0899201ec6bf7ccfe5d	CnZvaWQgc2V0SU5QVVRGaWVsZHMoSk5JRW52ICplbnYsIGpvYmplY3QgbHBPYmplY3QsIElOUFVUICpscFN0cnVjdCk7
412	PREPROCESSOR	17967	18005	0	dd88d8fd2f92a4a1fcbfbefc14adcb267ed16540eaf2f78059f7f796bbe88eed	CiNkZWZpbmUgSU5QVVRfc2l6ZW9mKCkgc2l6ZW9mKElOUFVUKQo=
413	PREPROCESSOR	18005	18011	0	a95dbf91f6d6c3dc84eb44907afe37bdec7e3aa1cd0a07042249536df254415c	I2Vsc2UK
414	PREPROCESSOR	18011	18041	0	6f85c4fed99208ccd4760486b0d742ac383c9801779b416e5afd6783986523fd	I2RlZmluZSBjYWNoZUlOUFVURmllbGRzKGEsYikK
415	PREPROCESSOR	18041	18076	0	591bb88ed29c1f53c408462dc76c27c614b6e99381a8ffd225f93f384f7e6f10	I2RlZmluZSBnZXRJTlBVVEZpZWxkcyhhLGIsYykgTlVMTAo=
416	PREPROCESSOR	18076	18106	0	e013571a4a1e9cb64aa1ef23ee9189f6b39f84b084836c0db08465c2b191bc45	I2RlZmluZSBzZXRJTlBVVEZpZWxkcyhhLGIsYykK
417	PREPROCESSOR	18106	18131	0	fe4f9bc694301e5a3dc5981debbcaf7f7c903f670ed4037769d1af6b5a10f4d2	I2RlZmluZSBJTlBVVF9zaXplb2YoKSAwCg==
418	PREPROCESSOR	18131	18138	0	9a349bbd1a21104f051e34b2c8a9e70cc7fbb50bc19a67781f2a140c386d9438	I2VuZGlmCg==
419	PREPROCESSOR	18138	18161	0	7fce5adf4df73a00710de9660a7dce9300f21739f74aa9a4b5dd48bd13083021	CiNpZm5kZWYgTk9fS0VZQkRJTlBVVAo=
420	STATEMENT	18161	18219	0	f3b260d6ed8a8e4d764198a8cc442259d12ef021673d4103df24c684399833c7	dm9pZCBjYWNoZUtFWUJESU5QVVRGaWVsZHMoSk5JRW52ICplbnYsIGpvYmplY3QgbHBPYmplY3QpOw==
421	STATEMENT	18219	18305	0	8d4777d4f2815bbd284a6b06fb92002873755520d6f35188187d8c218ed50f63	CktFWUJESU5QVVQgKmdldEtFWUJESU5QVVRGaWVsZHMoSk5JRW52ICplbnYsIGpvYmplY3QgbHBPYmplY3QsIEtFWUJESU5QVVQgKmxwU3RydWN0KTs=
422	STATEMENT	18305	18384	0	b2f5a3863969533a585bdc3175dd940803edbe82f9957156e6b7a23b823b9ee6	CnZvaWQgc2V0S0VZQkRJTlBVVEZpZWxkcyhKTklFbnYgKmVudiwgam9iamVjdCBscE9iamVjdCwgS0VZQkRJTlBVVCAqbHBTdHJ1Y3QpOw==
423	PREPROCESSOR	18384	18432	0	0dc8460d11f1b568c317aa7f74faaf12804541cff110c65df4bac02bfbd0ac2a	CiNkZWZpbmUgS0VZQkRJTlBVVF9zaXplb2YoKSBzaXplb2YoS0VZQkRJTlBVVCkK
424	PREPROCESSOR	18432	18438	0	a95dbf91f6d6c3dc84eb44907afe37bdec7e3aa1cd0a07042249536df254415c	I2Vsc2UK
425	PREPROCESSOR	18438	18473	0	ca7268303d642a20cee748292b22935d0daac71c549bf5493f98c408798d127d	I2RlZmluZSBjYWNoZUtFWUJESU5QVVRGaWVsZHMoYSxiKQo=
426	PREPROCESSOR	18473	18513	0	3bb005ad0614a6b0cba2b5106e623e36ff58997dd52fb1d5e5cf8fcf790ce088	I2RlZmluZSBnZXRLRVlCRElOUFVURmllbGRzKGEsYixjKSBOVUxMCg==
427	PREPROCESSOR	18513	18548	0	2f7e331a3181e7f7af4e7fe8ab38a3e0a8e6febeaf810243483d070bc182c3d1	I2RlZmluZSBzZXRLRVlCRElOUFVURmllbGRzKGEsYixjKQo=
428	PREPROCESSOR	18548	18578	0	53bc7f1603ef633f02f9279584a15dc0aab9e53c3cf4646c873d21272fecd821	I2RlZmluZSBLRVlCRElOUFVUX3NpemVvZigpIDAK
429	PREPROCESSOR	18578	18585	0	9a349bbd1a21104f051e34b2c8a9e70cc7fbb50bc19a67781f2a140c386d9438	I2VuZGlmCg==
430	PREPROCESSOR	18585	18603	0	62532d0a335a1d882f98165e16f8b487698ea01968ed65fd89bdadf8e62bf4a3	CiNpZm5kZWYgTk9fTElURU0K
431	STATEMENT	18603	18656	0	18aa8d4333d484e794b4f39140210b04aa44dfce4f333cfad6aa9f05731df15b	dm9pZCBjYWNoZUxJVEVNRmllbGRzKEpOSUVudiAqZW52LCBqb2JqZWN0IGxwT2JqZWN0KTs=
432	STATEMENT	18656	18727	0	418d556b18606ae6da905ea871daf3e00fdd5979ad9a51a2a8c41fb66f3e5273	CkxJVEVNICpnZXRMSVRFTUZpZWxkcyhKTklFbnYgKmVudiwgam9iamVjdCBscE9iamVjdCwgTElURU0gKmxwU3RydWN0KTs=
433	STATEMENT	18727	18796	0	5780f6572fc06d9e2bc86834a3a914b3524caae80aefbe6a176b2c6ebf221ae4	CnZvaWQgc2V0TElURU1GaWVsZHMoSk5JRW52ICplbnYsIGpvYmplY3QgbHBPYmplY3QsIExJVEVNICpscFN0cnVjdCk7
434	PREPROCESSOR	18796	18834	0	e947dae085f597fd46a769bf3e3417cdc34d4e27fb7c1d8322906093a4056f48	CiNkZWZpbmUgTElURU1fc2l6ZW9mKCkgc2l6ZW9mKExJVEVNKQo=
435	PREPROCESSOR	18834	18840	0	a95dbf91f6d6c3dc84eb44907afe37bdec7e3aa1cd0a07042249536df254415c	I2Vsc2UK
436	PREPROCESSOR	18840	18870	0	c29aff90baaa7e277431b9de7d09250d55db3e1d541b5ab6de902349326c88fb	I2RlZmluZSBjYWNoZUxJVEVNRmllbGRzKGEsYikK
437	PREPROCESSOR	18870	18905	0	084ba36d24f670d3c87fe41619844c0e49222cc58a54a161f4e046c65c901f56	I2RlZmluZSBnZXRMSVRFTUZpZWxkcyhhLGIsYykgTlVMTAo=
438	PREPROCESSOR	18905	18935	0	a9bfccd9c94594be31b3d35893dee5a2689626b30dc6d8e0789bdfb43e2610f4	I2RlZmluZSBzZXRMSVRFTUZpZWxkcyhhLGIsYykK
439	PREPROCESSOR	18935	18960	0	7e116e83be983059e698c5b8eb7ead07effdcc0a5e62dc0aa8272a2d47be90f8	I2RlZmluZSBMSVRFTV9zaXplb2YoKSAwCg==
440	PREPROCESSOR	18960	18967	0	9a349bbd1a21104f051e34b2c8a9e70cc7fbb50bc19a67781f2a140c386d9438	I2VuZGlmCg==
441	PREPROCESSOR	18967	18988	0	96e13b03b11a56bc3b38110e61fd8ca81aa50403d4081ad13400bc4071e3e9f4	CiNpZm5kZWYgTk9fTE9HQlJVU0gK
442	STATEMENT	18988	19044	0	8d0679f88e43ac04f2af4a4782031c092662e509eb5670d93430e67b6525d6d5	dm9pZCBjYWNoZUxPR0JSVVNIRmllbGRzKEpOSUVudiAqZW52LCBqb2JqZWN0IGxwT2JqZWN0KTs=
443	STATEMENT	19044	19124	0	a04caa97b863605c25c65962442dce2bb5cfb47f372fba6fb3333c28bf7233b4	CkxPR0JSVVNIICpnZXRMT0dCUlVTSEZpZWxkcyhKTklFbnYgKmVudiwgam9iamVjdCBscE9iamVjdCwgTE9HQlJVU0ggKmxwU3RydWN0KTs=
444	STATEMENT	19124	19199	0	a30c3a7d17115802447250448723f5691eba802fd01adf0015ff80bdf00f0865	CnZvaWQgc2V0TE9HQlJVU0hGaWVsZHMoSk5JRW52ICplbnYsIGpvYmplY3QgbHBPYmplY3QsIExPR0JSVVNIICpscFN0cnVjdCk7
445	PREPROCESSOR	19199	19243	0	743f821c7dcacbe0dfa34a3340a3474e8ba298b6a4b8351cab8fb087afa48f99	CiNkZWZpbmUgTE9HQlJVU0hfc2l6ZW9mKCkgc2l6ZW9mKExPR0JSVVNIKQo=
446	PREPROCESSOR	19243	19249	0	a95dbf91f6d6c3dc84eb44907afe37bdec7e3aa1cd0a07042249536df254415c	I2Vsc2UK
447	PREPROCESSOR	19249	19282	0	cc3881f91873999a2a683afa6584d6464812dd61f1dee43c323abf5d30975b15	I2RlZmluZSBjYWNoZUxPR0JSVVNIRmllbGRzKGEsYikK
448	PREPROCESSOR	19282	19320	0	a37e633b1d21e44610c13e42e3bec3d31a1f108ad9cc366c9976c297cbc9a5f6	I2RlZmluZSBnZXRMT0dCUlVTSEZpZWxkcyhhLGIsYykgTlVMTAo=
449	PREPROCESSOR	19320	19353	0	6e0035ff67ed964a060415946f20cf5611a28bf0939979cb65cffe688f8802b7	I2RlZmluZSBzZXRMT0dCUlVTSEZpZWxkcyhhLGIsYykK
450	PREPROCESSOR	19353	19381	0	9bdff43db26ceb5cb0c5ef40f5d0d2a3beed7ac0708e253c1e3ab26f690284c2	I2RlZmluZSBMT0dCUlVTSF9zaXplb2YoKSAwCg==
451	PREPROCESSOR	19381	19388	0	9a349bbd1a21104f051e34b2c8a9e70cc7fbb50bc19a67781f2a140c386d9438	I2VuZGlmCg==
452	PREPROCESSOR	19388	19408	0	0e36a0787872fdf13142175f0bdffc429c7263e30dc348ede4d8d690996af5b5	CiNpZm5kZWYgTk9fTE9HRk9OVAo=
453	STATEMENT	19408	19463	0	4506556e5438d4f87d4c10e92114d750ec4dec75d5ea2c1ca3dd3963129792b4	dm9pZCBjYWNoZUxPR0ZPTlRGaWVsZHMoSk5JRW52ICplbnYsIGpvYmplY3QgbHBPYmplY3QpOw==
454	STATEMENT	19463	19540	0	e56c01e0e0a0d0983e980880bcdf38a33769b5d9fe599930d2be5f8388be9c0e	CkxPR0ZPTlQgKmdldExPR0ZPTlRGaWVsZHMoSk5JRW52ICplbnYsIGpvYmplY3QgbHBPYmplY3QsIExPR0ZPTlQgKmxwU3RydWN0KTs=
455	STATEMENT	19540	19613	0	13bd5ff3cd016e31e65165350a6441dcc48bc4e08484ed22fa622e87e43b994f	CnZvaWQgc2V0TE9HRk9OVEZpZWxkcyhKTklFbnYgKmVudiwgam9iamVjdCBscE9iamVjdCwgTE9HRk9OVCAqbHBTdHJ1Y3QpOw==
456	PREPROCESSOR	19613	19655	0	c028640930a0a4a5aaa4721d1ed7955c1ce18370e8737b223ab0c3f7e83f840d	CiNkZWZpbmUgTE9HRk9OVF9zaXplb2YoKSBzaXplb2YoTE9HRk9OVCkK
457	PREPROCESSOR	19655	19661	0	a95dbf91f6d6c3dc84eb44907afe37bdec7e3aa1cd0a07042249536df254415c	I2Vsc2UK
458	PREPROCESSOR	19661	19693	0	4d26cdeb463d01ecd372f11ff33f067c016c4bc7f804cce741e37d57e6f2e8fb	I2RlZmluZSBjYWNoZUxPR0ZPTlRGaWVsZHMoYSxiKQo=
459	PREPROCESSOR	19693	19730	0	b71c9bf733dc05454eb4286053274458f19eeed0b30d15d33fafae1c015ba17a	I2RlZmluZSBnZXRMT0dGT05URmllbGRzKGEsYixjKSBOVUxMCg==
460	PREPROCESSOR	19730	19762	0	18380695b301c99f65779249c24e9f7749b2928c5970fb814eb5234faecd1c24	I2RlZmluZSBzZXRMT0dGT05URmllbGRzKGEsYixjKQo=
461	PREPROCESSOR	19762	19789	0	9b77eb6c26c2f53d77c293cc62959de51fc7e35b7a84e22a451b21fbaf6ae462	I2RlZmluZSBMT0dGT05UX3NpemVvZigpIDAK
462	PREPROCESSOR	19789	19796	0	9a349bbd1a21104f051e34b2c8a9e70cc7fbb50bc19a67781f2a140c386d9438	I2VuZGlmCg==
463	PREPROCESSOR	19796	19817	0	60466e4e659fc06bc17ebe18bff2b4c7da2cafd106e97608a970cb269e6faff0	CiNpZm5kZWYgTk9fTFZDT0xVTU4K
464	STATEMENT	19817	19873	0	411ed19871a0b1d8ab44187cb52221a7cd7e795f86890deefe5742e00b2f8bce	dm9pZCBjYWNoZUxWQ09MVU1ORmllbGRzKEpOSUVudiAqZW52LCBqb2JqZWN0IGxwT2JqZWN0KTs=
465	STATEMENT	19873	19953	0	7b42755e5a9601c9459e573344d43d0ad19b49763352646a5f7b161781d5cd72	CkxWQ09MVU1OICpnZXRMVkNPTFVNTkZpZWxkcyhKTklFbnYgKmVudiwgam9iamVjdCBscE9iamVjdCwgTFZDT0xVTU4gKmxwU3RydWN0KTs=
466	STATEMENT	19953	20028	0	4e391cc267a3c1a4dc5e6cf731d337800bef585d23c566a95652b05b6f3f30c0	CnZvaWQgc2V0TFZDT0xVTU5GaWVsZHMoSk5JRW52ICplbnYsIGpvYmplY3QgbHBPYmplY3QsIExWQ09MVU1OICpscFN0cnVjdCk7
467	PREPROCESSOR	20028	20072	0	c0a8ee61be0198eef14c9e7fb00d0ec1bed8413c88a820cae2e40a79b3310b15	CiNkZWZpbmUgTFZDT0xVTU5fc2l6ZW9mKCkgc2l6ZW9mKExWQ09MVU1OKQo=
468	PREPROCESSOR	20072	20078	0	a95dbf91f6d6c3dc84eb44907afe37bdec7e3aa1cd0a07042249536df254415c	I2Vsc2UK
469	PREPROCESSOR	20078	20111	0	c793e4366b961577a9d77f75bfaf6a5789f43d4f19b5a7714f5ec2d01286c579	I2RlZmluZSBjYWNoZUxWQ09MVU1ORmllbGRzKGEsYikK
470	PREPROCESSOR	20111	20149	0	0325bf435d962e7071c262841c654d22f0c3dd462046917a5cfca3444492e74d	I2RlZmluZSBnZXRMVkNPTFVNTkZpZWxkcyhhLGIsYykgTlVMTAo=
471	PREPROCESSOR	20149	20182	0	40ac178da6371606b75c776bd7fd4215beb4525fe3c80ccb8b435d127d8d519e	I2RlZmluZSBzZXRMVkNPTFVNTkZpZWxkcyhhLGIsYykK
472	PREPROCESSOR	20182	20210	0	e001f2cf5e0046ff5dd2774a17d412b1bc056eae4abfa0cc0bba7d43bab3ca8b	I2RlZmluZSBMVkNPTFVNTl9zaXplb2YoKSAwCg==
473	PREPROCESSOR	20210	20217	0	9a349bbd1a21104f051e34b2c8a9e70cc7fbb50bc19a67781f2a140c386d9438	I2VuZGlmCg==
474	PREPROCESSOR	20217	20243	0	d33bfffdfc72760e75bfa8621ee01048264ad11308b6a95e03164ae78f50e3a9	CiNpZm5kZWYgTk9fTFZISVRURVNUSU5GTwo=
475	STATEMENT	20243	20304	0	b9c060ac86d01a012d860f263598f7ecd5476d435eea9c5bf468b36dd05d63fe	dm9pZCBjYWNoZUxWSElUVEVTVElORk9GaWVsZHMoSk5JRW52ICplbnYsIGpvYmplY3QgbHBPYmplY3QpOw==
476	STATEMENT	20304	20399	0	911dc4f0b82c49a48544f07128a7b7ad7d26fe99b50e7abd6948a57723dd7b10	CkxWSElUVEVTVElORk8gKmdldExWSElUVEVTVElORk9GaWVsZHMoSk5JRW52ICplbnYsIGpvYmplY3QgbHBPYmplY3QsIExWSElUVEVTVElORk8gKmxwU3RydWN0KTs=
477	STATEMENT	20399	20484	0	5ddd4a4dbe2533323744fffe37967f7ab0a022a7cc8ad45a06b908a2a94036a4	CnZvaWQgc2V0TFZISVRURVNUSU5GT0ZpZWxkcyhKTklFbnYgKmVudiwgam9iamVjdCBscE9iamVjdCwgTFZISVRURVNUSU5GTyAqbHBTdHJ1Y3QpOw==
478	PREPROCESSOR	20484	20538	0	ad4633406179259840d00082a3f48b60bc8922ff82105c90ec233937bb2d1eea	CiNkZWZpbmUgTFZISVRURVNUSU5GT19zaXplb2YoKSBzaXplb2YoTFZISVRURVNUSU5GTykK
479	PREPROCESSOR	20538	20544	0	a95dbf91f6d6c3dc84eb44907afe37bdec7e3aa1cd0a07042249536df254415c	I2Vsc2UK
480	PREPROCESSOR	20544	20582	0	cf5e3afaa15d647d6dc098bd734d8805ca09a267b238eeca9b80a0e94a1c9d50	I2RlZmluZSBjYWNoZUxWSElUVEVTVElORk9GaWVsZHMoYSxiKQo=
481	PREPROCESSOR	20582	20625	0	39aef745cc9e21a92b4bcaf559b906aa69680c8b17994b8b82c9ed60ec80e039	I2RlZmluZSBnZXRMVkhJVFRFU1RJTkZPRmllbGRzKGEsYixjKSBOVUxMCg==
482	PREPROCESSOR	20625	20663	0	a884cf7ff9cc273c4eca9ad9f001067b82cdc308f107c284d588bef672a2ad3b	I2RlZmluZSBzZXRMVkhJVFRFU1RJTkZPRmllbGRzKGEsYixjKQo=
483	PREPROCESSOR	20663	20696	0	21fdf62ea40988ff850c66c085ffbdb68dcd86260c98264b619cfc807b3bb2aa	I2RlZmluZSBMVkhJVFRFU1RJTkZPX3NpemVvZigpIDAK
484	PREPROCESSOR	20696	20703	0	9a349bbd1a21104f051e34b2c8a9e70cc7fbb50bc19a67781f2a140c386d9438	I2VuZGlmCg==
485	PREPROCESSOR	20703	20728	0	afc79a1f732aede683a702886ce6cccc911caa38cc79edc602c5c710139f65e8	CiNpZm5kZWYgTk9fTFZJTlNFUlRNQVJLCg==
486	STATEMENT	20728	20788	0	53ffab50313f28cc7be21de4984f48108f601494383fa6bcf18b6820d79bfa9e	dm9pZCBjYWNoZUxWSU5TRVJUTUFSS0ZpZWxkcyhKTklFbnYgKmVudiwgam9iamVjdCBscE9iamVjdCk7
487	STATEMENT	20788	20880	0	b6e9e24ef3d42af43e7deecd104de8d9247ce21a493a19d8434fd195d80a7ca0	CkxWSU5TRVJUTUFSSyAqZ2V0TFZJTlNFUlRNQVJLRmllbGRzKEpOSUVudiAqZW52LCBqb2JqZWN0IGxwT2JqZWN0LCBMVklOU0VSVE1BUksgKmxwU3RydWN0KTs=
488	STATEMENT	20880	20963	0	15a8ac444a5ecd69c691493fcf7c49971f33864ef55efd206a38837ded8bdce5	CnZvaWQgc2V0TFZJTlNFUlRNQVJLRmllbGRzKEpOSUVudiAqZW52LCBqb2JqZWN0IGxwT2JqZWN0LCBMVklOU0VSVE1BUksgKmxwU3RydWN0KTs=
489	PREPROCESSOR	20963	21015	0	c105dc652ef0429469e3f59e8b8e1bfa0a1ef239555f039777f53148350920d0	CiNkZWZpbmUgTFZJTlNFUlRNQVJLX3NpemVvZigpIHNpemVvZihMVklOU0VSVE1BUkspCg==
490	PREPROCESSOR	21015	21021	0	a95dbf91f6d6c3dc84eb44907afe37bdec7e3aa1cd0a07042249536df254415c	I2Vsc2UK
491	PREPROCESSOR	21021	21058	0	ef80681789a1ac4653a0ab2da18f75a3782484ab03e99ab9e760fdbe5b75928c	I2RlZmluZSBjYWNoZUxWSU5TRVJUTUFSS0ZpZWxkcyhhLGIpCg==
492	PREPROCESSOR	21058	21100	0	84459784927f9db8263fc0bcb5607a05a56513322bf2df0f6131aec42cd6fc63	I2RlZmluZSBnZXRMVklOU0VSVE1BUktGaWVsZHMoYSxiLGMpIE5VTEwK
493	PREPROCESSOR	21100	21137	0	cf99f00375dd4d48c344d47ffbe47eb54a56869eb22b9400b253f0b235779aa4	I2RlZmluZSBzZXRMVklOU0VSVE1BUktGaWVsZHMoYSxiLGMpCg==
494	PREPROCESSOR	21137	21169	0	2515f55c2788037a09f48aeb0b42a8b1b3229a8b5ee4130c4e8c40dcc961a6c5	I2RlZmluZSBMVklOU0VSVE1BUktfc2l6ZW9mKCkgMAo=
495	PREPROCESSOR	21169	21176	0	9a349bbd1a21104f051e34b2c8a9e70cc7fbb50bc19a67781f2a140c386d9438	I2VuZGlmCg==
496	PREPROCESSOR	21176	21195	0	d46f3907e483546e75b68d282661aa5548c06683b19134b47f638bed1dc8484e	CiNpZm5kZWYgTk9fTFZJVEVNCg==
497	STATEMENT	21195	21249	0	2ee88cbf0cca961ba7cf2470fe5cfcc1302e56df0e8617ca6185888ce72b3fc6	dm9pZCBjYWNoZUxWSVRFTUZpZWxkcyhKTklFbnYgKmVudiwgam9iamVjdCBscE9iamVjdCk7
498	STATEMENT	21249	21323	0	e442a795ab928a9c9c1250bf0c44f3a67bdaf8d02cc1c38ae670c6b68d5a975e	CkxWSVRFTSAqZ2V0TFZJVEVNRmllbGRzKEpOSUVudiAqZW52LCBqb2JqZWN0IGxwT2JqZWN0LCBMVklURU0gKmxwU3RydWN0KTs=
499	STATEMENT	21323	21394	0	3b9c5ae7c8853180a4a1a63ba0ee532609e3943aa0cbba9f8596daf055ca23d8	CnZvaWQgc2V0TFZJVEVNRmllbGRzKEpOSUVudiAqZW52LCBqb2JqZWN0IGxwT2JqZWN0LCBMVklURU0gKmxwU3RydWN0KTs=
500	PREPROCESSOR	21394	21434	0	f03aa81187b761068a67f1681dedf7df7d98a6a74233821e2f6028d05097deea	CiNkZWZpbmUgTFZJVEVNX3NpemVvZigpIHNpemVvZihMVklURU0pCg==
501	PREPROCESSOR	21434	21440	0	a95dbf91f6d6c3dc84eb44907afe37bdec7e3aa1cd0a07042249536df254415c	I2Vsc2UK
502	PREPROCESSOR	21440	21471	0	105926e3fa03a7d01eaaec30242f54a8fdffffda659f264f48b4424dfa599b2a	I2RlZmluZSBjYWNoZUxWSVRFTUZpZWxkcyhhLGIpCg==
503	PREPROCESSOR	21471	21507	0	512818050500d87fad6043892be3853137fc541e6d7fdc8924c1dee6ef40b646	I2RlZmluZSBnZXRMVklURU1GaWVsZHMoYSxiLGMpIE5VTEwK
504	PREPROCESSOR	21507	21538	0	858fbea0cd24a4c6be0bea509cbd0e9d2bcd597e8c6ec2a031603bbb2f69f418	I2RlZmluZSBzZXRMVklURU1GaWVsZHMoYSxiLGMpCg==
505	PREPROCESSOR	21538	21564	0	9ab4f5cac1a57858a6c57cf3b80879341f31fde22569840c139b76af515bfe2f	I2RlZmluZSBMVklURU1fc2l6ZW9mKCkgMAo=
506	PREPROCESSOR	21564	21571	0	9a349bbd1a21104f051e34b2c8a9e70cc7fbb50bc19a67781f2a140c386d9438	I2VuZGlmCg==
507	PREPROCESSOR	21571	21591	0	0a6a947f5870ddccfa8555a708f484bb2f7292baaa3ec795ab73d212a9c2b631	CiNpZm5kZWYgTk9fTUFSR0lOUwo=
508	STATEMENT	21591	21646	0	d5570a8de7d4f00113dd4c02822691ca439adb76f4621ff6e946dc898ff2d732	dm9pZCBjYWNoZU1BUkdJTlNGaWVsZHMoSk5JRW52ICplbnYsIGpvYmplY3QgbHBPYmplY3QpOw==
509	STATEMENT	21646	21723	0	7643372fb34ca9e70448dd122979e16de247fe6e86425ae6080f60b4b4279bad	Ck1BUkdJTlMgKmdldE1BUkdJTlNGaWVsZHMoSk5JRW52ICplbnYsIGpvYmplY3QgbHBPYmplY3QsIE1BUkdJTlMgKmxwU3RydWN0KTs=
510	STATEMENT	21723	21796	0	fbcf499295d5202ccaea5f841b0d7e10e08a4c8d1c88bba328a1729c7acf4047	CnZvaWQgc2V0TUFSR0lOU0ZpZWxkcyhKTklFbnYgKmVudiwgam9iamVjdCBscE9iamVjdCwgTUFSR0lOUyAqbHBTdHJ1Y3QpOw==
511	PREPROCESSOR	21796	21838	0	1fbb580a1a1b3dfe1bd60f75ea7914885867cf583bf3d1260fa886bf537393f7	CiNkZWZpbmUgTUFSR0lOU19zaXplb2YoKSBzaXplb2YoTUFSR0lOUykK
512	PREPROCESSOR	21838	21844	0	a95dbf91f6d6c3dc84eb44907afe37bdec7e3aa1cd0a07042249536df254415c	I2Vsc2UK
513	PREPROCESSOR	21844	21876	0	0c995d974c2f96d5675c8c8ea11dba7556d0ef90e6a986b942b36545b6316b1d	I2RlZmluZSBjYWNoZU1BUkdJTlNGaWVsZHMoYSxiKQo=
514	PREPROCESSOR	21876	21913	0	5cc40ff6754a98a30f134556d2935597205f4d80bce21e0c336ceb70b76b3339	I2RlZmluZSBnZXRNQVJHSU5TRmllbGRzKGEsYixjKSBOVUxMCg==
515	PREPROCESSOR	21913	21945	0	31b809d14446d4df0f029ab71024f06db631f64fea94bdc39c8f351241949e35	I2RlZmluZSBzZXRNQVJHSU5TRmllbGRzKGEsYixjKQo=
516	PREPROCESSOR	21945	21972	0	79b7407865092c603068fe675a44984d578817f7b582019bec903122a5e92d24	I2RlZmluZSBNQVJHSU5TX3NpemVvZigpIDAK
517	PREPROCESSOR	21972	21979	0	9a349bbd1a21104f051e34b2c8a9e70cc7fbb50bc19a67781f2a140c386d9438	I2VuZGlmCg==
518	PREPROCESSOR	21979	22005	0	669f72cfd4b9ebdebc1ec1114accd8c1e306d9d0f48997b4e73815163298f634	CiNpZm5kZWYgTk9fTUNISVRURVNUSU5GTwo=
519	STATEMENT	22005	22066	0	1cc31d7f9776e11310eaa1442ec7781d0e855a8478bd358b4cd68cf8f152825e	dm9pZCBjYWNoZU1DSElUVEVTVElORk9GaWVsZHMoSk5JRW52ICplbnYsIGpvYmplY3QgbHBPYmplY3QpOw==
520	STATEMENT	22066	22161	0	022f54ab18b3f6eb629cdfafcd6792ae034e46566b546b2676bc994e55ca2fd9	Ck1DSElUVEVTVElORk8gKmdldE1DSElUVEVTVElORk9GaWVsZHMoSk5JRW52ICplbnYsIGpvYmplY3QgbHBPYmplY3QsIE1DSElUVEVTVElORk8gKmxwU3RydWN0KTs=
521	STATEMENT	22161	22246	0	3b2801c50e7015631e94f277bafe4ecbcc3972b977804c7230d9254d6581bcf3	CnZvaWQgc2V0TUNISVRURVNUSU5GT0ZpZWxkcyhKTklFbnYgKmVudiwgam9iamVjdCBscE9iamVjdCwgTUNISVRURVNUSU5GTyAqbHBTdHJ1Y3QpOw==
522	PREPROCESSOR	22246	22300	0	8c29a281dc19df4ae51b6ed952f0c167dd009140baf82aeebf460a50b4380ac4	CiNkZWZpbmUgTUNISVRURVNUSU5GT19zaXplb2YoKSBzaXplb2YoTUNISVRURVNUSU5GTykK
523	PREPROCESSOR	22300	22306	0	a95dbf91f6d6c3dc84eb44907afe37bdec7e3aa1cd0a07042249536df254415c	I2Vsc2UK
524	PREPROCESSOR	22306	22344	0	7d56ba32b1ddab3be12e42542ecb16cdf5b4050a6436f262edce9fecd9d0fa99	I2RlZmluZSBjYWNoZU1DSElUVEVTVElORk9GaWVsZHMoYSxiKQo=
525	PREPROCESSOR	22344	22387	0	49c7c8a87231e760b0c20121f3f62e919c18b3525a8a7b92502e2427aab0d49d	I2RlZmluZSBnZXRNQ0hJVFRFU1RJTkZPRmllbGRzKGEsYixjKSBOVUxMCg==
526	PREPROCESSOR	22387	22425	0	e857009883a3168bd6401a54ed73a2c14a5dd6cea10ada40424ee1b8ee026f28	I2RlZmluZSBzZXRNQ0hJVFRFU1RJTkZPRmllbGRzKGEsYixjKQo=
527	PREPROCESSOR	22425	22458	0	76540b9f97644386f8ec4edd362a83ccbf92cd1b86571d6f3c6ce587b63b7bac	I2RlZmluZSBNQ0hJVFRFU1RJTkZPX3NpemVvZigpIDAK
528	PREPROCESSOR	22458	22465	0	9a349bbd1a21104f051e34b2c8a9e70cc7fbb50bc19a67781f2a140c386d9438	I2VuZGlmCg==
529	PREPROCESSOR	22465	22495	0	67e7a8fc9c15fcdd245550979dcef845f65c90168764a936441c3e231cb05d28	CiNpZm5kZWYgTk9fTUVBU1VSRUlURU1TVFJVQ1QK
530	STATEMENT	22495	22560	0	96bd7dfbb757f96743600eb464936d1117b94f316cabaac9cd83b09290719250	dm9pZCBjYWNoZU1FQVNVUkVJVEVNU1RSVUNURmllbGRzKEpOSUVudiAqZW52LCBqb2JqZWN0IGxwT2JqZWN0KTs=
531	STATEMENT	22560	22667	0	990be8317147a968b8cd8a027726fba441b4ec42a96c865ca5e8e4178a3187b8	Ck1FQVNVUkVJVEVNU1RSVUNUICpnZXRNRUFTVVJFSVRFTVNUUlVDVEZpZWxkcyhKTklFbnYgKmVudiwgam9iamVjdCBscE9iamVjdCwgTUVBU1VSRUlURU1TVFJVQ1QgKmxwU3RydWN0KTs=
532	STATEMENT	22667	22760	0	11210e2029d6d11ff64585d1e1c111a9c469b7fbc18e159d7c45dd931c58ff5f	CnZvaWQgc2V0TUVBU1VSRUlURU1TVFJVQ1RGaWVsZHMoSk5JRW52ICplbnYsIGpvYmplY3QgbHBPYmplY3QsIE1FQVNVUkVJVEVNU1RSVUNUICpscFN0cnVjdCk7
533	PREPROCESSOR	22760	22822	0	a103aec21dc0eb654ba5041326f84ccff853be962fca413fa85c2fefdaaf2a00	CiNkZWZpbmUgTUVBU1VSRUlURU1TVFJVQ1Rfc2l6ZW9mKCkgc2l6ZW9mKE1FQVNVUkVJVEVNU1RSVUNUKQo=
534	PREPROCESSOR	22822	22828	0	a95dbf91f6d6c3dc84eb44907afe37bdec7e3aa1cd0a07042249536df254415c	I2Vsc2UK
535	PREPROCESSOR	22828	22870	0	11aedb6fa46b2bb6a9266addbe64a3afd13832a4058b5f3a38b62ff8d7979605	I2RlZmluZSBjYWNoZU1FQVNVUkVJVEVNU1RSVUNURmllbGRzKGEsYikK
536	PREPROCESSOR	22870	22917	0	b290eb1f50005673a4dab6657a4aceb3e850bd82cf807d1b3c8e7572e0caa5a3	I2RlZmluZSBnZXRNRUFTVVJFSVRFTVNUUlVDVEZpZWxkcyhhLGIsYykgTlVMTAo=
537	PREPROCESSOR	22917	22959	0	ab61089d7ecc98ce911114c196364cad185f0cfeebc4135d25c8b4c572477069	I2RlZmluZSBzZXRNRUFTVVJFSVRFTVNUUlVDVEZpZWxkcyhhLGIsYykK
538	PREPROCESSOR	22959	22996	0	30b98c92e64072a2d12c62f2bed5023004d44f3b39845aa9bffec56548f64c0a	I2RlZmluZSBNRUFTVVJFSVRFTVNUUlVDVF9zaXplb2YoKSAwCg==
539	PREPROCESSOR	22996	23003	0	9a349bbd1a21104f051e34b2c8a9e70cc7fbb50bc19a67781f2a140c386d9438	I2VuZGlmCg==
540	PREPROCESSOR	23003	23027	0	98d00920c28801beceee096bbe02b5ae649199560d8a00a81a73e6e95cc6c2ac	CiNpZm5kZWYgTk9fTUVOVUJBUklORk8K
541	STATEMENT	23027	23086	0	fda6a713f95bf2fd9e319d3d565a8094db0e0cbade6a5d44de9a919656ad4002	dm9pZCBjYWNoZU1FTlVCQVJJTkZPRmllbGRzKEpOSUVudiAqZW52LCBqb2JqZWN0IGxwT2JqZWN0KTs=
542	STATEMENT	23086	23175	0	efe53b24e17d6573f5353526032f085ee7b7ded18d51012ec78ac9578f21559e	Ck1FTlVCQVJJTkZPICpnZXRNRU5VQkFSSU5GT0ZpZWxkcyhKTklFbnYgKmVudiwgam9iamVjdCBscE9iamVjdCwgTUVOVUJBUklORk8gKmxwU3RydWN0KTs=
543	STATEMENT	23175	23256	0	caaa3869516dc03308b29df956a04a41396aaac72686c06d0e27ab9579c659f1	CnZvaWQgc2V0TUVOVUJBUklORk9GaWVsZHMoSk5JRW52ICplbnYsIGpvYmplY3QgbHBPYmplY3QsIE1FTlVCQVJJTkZPICpscFN0cnVjdCk7
544	PREPROCESSOR	23256	23306	0	3fc74846db69a66a3479802d2bc243c1b834ea4a32388137e6ae49610b6c432c	CiNkZWZpbmUgTUVOVUJBUklORk9fc2l6ZW9mKCkgc2l6ZW9mKE1FTlVCQVJJTkZPKQo=
545	PREPROCESSOR	23306	23312	0	a95dbf91f6d6c3dc84eb44907afe37bdec7e3aa1cd0a07042249536df254415c	I2Vsc2UK
546	PREPROCESSOR	23312	23348	0	8a4d229a67834a978bdf88ea44fc41f3b5b59f0613a42978b697a4c070a31744	I2RlZmluZSBjYWNoZU1FTlVCQVJJTkZPRmllbGRzKGEsYikK
547	PREPROCESSOR	23348	23389	0	9d1ffa5317a50bda5e964933770f35929fda76b55b8449389bbeef64aab8eb81	I2RlZmluZSBnZXRNRU5VQkFSSU5GT0ZpZWxkcyhhLGIsYykgTlVMTAo=
548	PREPROCESSOR	23389	23425	0	24d154b20fcb9cadc27da47e39d55233f5bd36237a70979905bbf15e409b344f	I2RlZmluZSBzZXRNRU5VQkFSSU5GT0ZpZWxkcyhhLGIsYykK
549	PREPROCESSOR	23425	23456	0	cac0c2e2db6fe76678f1e2669513452655e1b4114f75db93b42e4b7f0b93110b	I2RlZmluZSBNRU5VQkFSSU5GT19zaXplb2YoKSAwCg==
550	PREPROCESSOR	23456	23463	0	9a349bbd1a21104f051e34b2c8a9e70cc7fbb50bc19a67781f2a140c386d9438	I2VuZGlmCg==
551	PREPROCESSOR	23463	23484	0	896cc33b36e5871c381391667fe4e9a833a9945940a6ee7e7b79ffd134a3b5fe	CiNpZm5kZWYgTk9fTUVOVUlORk8K
552	STATEMENT	23484	23540	0	55095bf91d683aae2ba1bc2a424ee2433a532b31eed5298aacdb5bfc7f59aff4	dm9pZCBjYWNoZU1FTlVJTkZPRmllbGRzKEpOSUVudiAqZW52LCBqb2JqZWN0IGxwT2JqZWN0KTs=
553	STATEMENT	23540	23620	0	15394be6a6f9db469dc6512bf3310cda72d6f4eca99244aa407b31b54a0e2594	Ck1FTlVJTkZPICpnZXRNRU5VSU5GT0ZpZWxkcyhKTklFbnYgKmVudiwgam9iamVjdCBscE9iamVjdCwgTUVOVUlORk8gKmxwU3RydWN0KTs=
554	STATEMENT	23620	23695	0	c5a8c0955d7759144bacf2f71f1d9798587e9d662264b22919b186b5dd0af859	CnZvaWQgc2V0TUVOVUlORk9GaWVsZHMoSk5JRW52ICplbnYsIGpvYmplY3QgbHBPYmplY3QsIE1FTlVJTkZPICpscFN0cnVjdCk7
555	PREPROCESSOR	23695	23739	0	fa965b409982f92733e64ce860a94b1fac20ab4575f697f4bce33fb658b8898f	CiNkZWZpbmUgTUVOVUlORk9fc2l6ZW9mKCkgc2l6ZW9mKE1FTlVJTkZPKQo=
556	PREPROCESSOR	23739	23745	0	a95dbf91f6d6c3dc84eb44907afe37bdec7e3aa1cd0a07042249536df254415c	I2Vsc2UK
557	PREPROCESSOR	23745	23778	0	c686f5bc06eaa59d45153bd24f2df4016f4dbfe003aaf120d70507db3bb00c7d	I2RlZmluZSBjYWNoZU1FTlVJTkZPRmllbGRzKGEsYikK
558	PREPROCESSOR	23778	23816	0	ab92a2835aa4330a71e2a820e323753432a224d169a5104735ca43fb67f2fee2	I2RlZmluZSBnZXRNRU5VSU5GT0ZpZWxkcyhhLGIsYykgTlVMTAo=
559	PREPROCESSOR	23816	23849	0	1ad9ea12912bb94c0a88562e6139c24090a449df0065cfccb2e9db2a36d0147d	I2RlZmluZSBzZXRNRU5VSU5GT0ZpZWxkcyhhLGIsYykK
560	PREPROCESSOR	23849	23877	0	bf3ef38707a88a5075fbe3ec7a8d4672d7b4730fa733d3610e097d161b000a1f	I2RlZmluZSBNRU5VSU5GT19zaXplb2YoKSAwCg==
561	PREPROCESSOR	23877	23884	0	9a349bbd1a21104f051e34b2c8a9e70cc7fbb50bc19a67781f2a140c386d9438	I2VuZGlmCg==
562	PREPROCESSOR	23884	23909	0	17fa0bdf870510eb3fc81128e6ea05d4a011d5c370caae3892be67eb80fccef3	CiNpZm5kZWYgTk9fTUVOVUlURU1JTkZPCg==
563	STATEMENT	23909	23969	0	b5011dfd9347962b2bdab44cacaeb0b22afc3a60d22489b5ceecd711dbf1cf1b	dm9pZCBjYWNoZU1FTlVJVEVNSU5GT0ZpZWxkcyhKTklFbnYgKmVudiwgam9iamVjdCBscE9iamVjdCk7
564	STATEMENT	23969	24061	0	494bfdcab49d25f7ee54d8b2a5d3d4aed14cb51b913621084a55588d0caed91b	Ck1FTlVJVEVNSU5GTyAqZ2V0TUVOVUlURU1JTkZPRmllbGRzKEpOSUVudiAqZW52LCBqb2JqZWN0IGxwT2JqZWN0LCBNRU5VSVRFTUlORk8gKmxwU3RydWN0KTs=
565	STATEMENT	24061	24144	0	530da8b620eba19439c893b492ede79c06f39d0df51103e6933d9f6b54a17632	CnZvaWQgc2V0TUVOVUlURU1JTkZPRmllbGRzKEpOSUVudiAqZW52LCBqb2JqZWN0IGxwT2JqZWN0LCBNRU5VSVRFTUlORk8gKmxwU3RydWN0KTs=
566	PREPROCESSOR	24144	24196	0	f5d20ff53830fa7667b1845495f9b480b3a330bf103e988e03b89e6f31fb2927	CiNkZWZpbmUgTUVOVUlURU1JTkZPX3NpemVvZigpIHNpemVvZihNRU5VSVRFTUlORk8pCg==
567	PREPROCESSOR	24196	24202	0	a95dbf91f6d6c3dc84eb44907afe37bdec7e3aa1cd0a07042249536df254415c	I2Vsc2UK
568	PREPROCESSOR	24202	24239	0	214d1ff8b6bd458db514a59ecf5c00438e5000fbc537ee48858f731ba46f3aa8	I2RlZmluZSBjYWNoZU1FTlVJVEVNSU5GT0ZpZWxkcyhhLGIpCg==
569	PREPROCESSOR	24239	24281	0	59f982b691e51a752acb33d059399076dc13580adf3b7c0a4dca69d0b08ca7b8	I2RlZmluZSBnZXRNRU5VSVRFTUlORk9GaWVsZHMoYSxiLGMpIE5VTEwK
570	PREPROCESSOR	24281	24318	0	fc8b37bebc693d64ae9695aee8b92721a298e0bd2f6a648fb29fd5dfe2f6ad09	I2RlZmluZSBzZXRNRU5VSVRFTUlORk9GaWVsZHMoYSxiLGMpCg==
571	PREPROCESSOR	24318	24350	0	e4fbb468e457fa4a1e6af8c81c7d1b537d4437374e2f71f2bf4664be2a966a06	I2RlZmluZSBNRU5VSVRFTUlORk9fc2l6ZW9mKCkgMAo=
572	PREPROCESSOR	24350	24357	0	9a349bbd1a21104f051e34b2c8a9e70cc7fbb50bc19a67781f2a140c386d9438	I2VuZGlmCg==
573	PREPROCESSOR	24357	24380	0	af53870583abf6c1adb1c0b56d825fc460b17cded1acbb49d810e271a7d443c3	CiNpZm5kZWYgTk9fTUlOTUFYSU5GTwo=
574	STATEMENT	24380	24438	0	24c7e80b0f3a6744b1c9f6d3773f1d585bffa39fcf7d154421b954682ffb5f62	dm9pZCBjYWNoZU1JTk1BWElORk9GaWVsZHMoSk5JRW52ICplbnYsIGpvYmplY3QgbHBPYmplY3QpOw==
575	STATEMENT	24438	24524	0	e7009a09a6dc3a57b965c26efc74672112e53cafb110d6db802fd2e0fd242d2a	Ck1JTk1BWElORk8gKmdldE1JTk1BWElORk9GaWVsZHMoSk5JRW52ICplbnYsIGpvYmplY3QgbHBPYmplY3QsIE1JTk1BWElORk8gKmxwU3RydWN0KTs=
576	STATEMENT	24524	24603	0	5ac56732caac6deaa3a0037ca45ce2aee389948102b02afa17b5d0bbfc4dabdd	CnZvaWQgc2V0TUlOTUFYSU5GT0ZpZWxkcyhKTklFbnYgKmVudiwgam9iamVjdCBscE9iamVjdCwgTUlOTUFYSU5GTyAqbHBTdHJ1Y3QpOw==
577	PREPROCESSOR	24603	24651	0	47faa0930576663efa560632fa9a4ec55caea34be4da68736138da12993e0a6b	CiNkZWZpbmUgTUlOTUFYSU5GT19zaXplb2YoKSBzaXplb2YoTUlOTUFYSU5GTykK
578	PREPROCESSOR	24651	24657	0	a95dbf91f6d6c3dc84eb44907afe37bdec7e3aa1cd0a07042249536df254415c	I2Vsc2UK
579	PREPROCESSOR	24657	24692	0	65d057746608705872d0499dd6df75f22882020673e053ab367e0edb69e1c1ae	I2RlZmluZSBjYWNoZU1JTk1BWElORk9GaWVsZHMoYSxiKQo=
580	PREPROCESSOR	24692	24732	0	7c056ab0520e112d6062aea88b933f404f9b9f38b26a046fdd9325b5a4cd5d71	I2RlZmluZSBnZXRNSU5NQVhJTkZPRmllbGRzKGEsYixjKSBOVUxMCg==
581	PREPROCESSOR	24732	24767	0	3d929fde37a78abc7336a312bee12855c184d4b85ade0a6986069bb65fcc71df	I2RlZmluZSBzZXRNSU5NQVhJTkZPRmllbGRzKGEsYixjKQo=
582	PREPROCESSOR	24767	24797	0	32d8466bf9378a2200e064c998a50bd16bd61daeffa793baa4abfca482cdc1d2	I2RlZmluZSBNSU5NQVhJTkZPX3NpemVvZigpIDAK
583	PREPROCESSOR	24797	24804	0	9a349bbd1a21104f051e34b2c8a9e70cc7fbb50bc19a67781f2a140c386d9438	I2VuZGlmCg==
584	PREPROCESSOR	24804	24828	0	dcc479a4d241bc0cf5117c7e4ced686d6841c693bb77cd331128818bf17623d6	CiNpZm5kZWYgTk9fTU9OSVRPUklORk8K
585	STATEMENT	24828	24887	0	41913e47a0822fb9c681076a8b3f3935120136c966f33cd5ae25d212f4f09c22	dm9pZCBjYWNoZU1PTklUT1JJTkZPRmllbGRzKEpOSUVudiAqZW52LCBqb2JqZWN0IGxwT2JqZWN0KTs=
586	STATEMENT	24887	24976	0	c033c2a274b8a1b534163a959ecf8486b805603371e51669b5a4e505d99c2a08	Ck1PTklUT1JJTkZPICpnZXRNT05JVE9SSU5GT0ZpZWxkcyhKTklFbnYgKmVudiwgam9iamVjdCBscE9iamVjdCwgTU9OSVRPUklORk8gKmxwU3RydWN0KTs=
587	STATEMENT	24976	25057	0	17575c55adbd4fafc708f2afd98b59690fd25a065f67d1e648f22c42e53a113f	CnZvaWQgc2V0TU9OSVRPUklORk9GaWVsZHMoSk5JRW52ICplbnYsIGpvYmplY3QgbHBPYmplY3QsIE1PTklUT1JJTkZPICpscFN0cnVjdCk7
588	PREPROCESSOR	25057	25107	0	eb40de2b3e2d8c5e892a9b463b829d5593434bbea286179964b6e61741bce579	CiNkZWZpbmUgTU9OSVRPUklORk9fc2l6ZW9mKCkgc2l6ZW9mKE1PTklUT1JJTkZPKQo=
589	PREPROCESSOR	25107	25113	0	a95dbf91f6d6c3dc84eb44907afe37bdec7e3aa1cd0a07042249536df254415c	I2Vsc2UK
590	PREPROCESSOR	25113	25149	0	3d654097bc9403d6880200d13976cba771bedb1312cadd26ac27e8a676a8f81c	I2RlZmluZSBjYWNoZU1PTklUT1JJTkZPRmllbGRzKGEsYikK
591	PREPROCESSOR	25149	25190	0	d001b0dc4fa253a5015dc3affa08738898e95fefb807b51b2924fcdf05f1c8df	I2RlZmluZSBnZXRNT05JVE9SSU5GT0ZpZWxkcyhhLGIsYykgTlVMTAo=
592	PREPROCESSOR	25190	25226	0	991a5c4e97fdd5039a57b15bc807657ba31105821b9dcdcf3baf11d3408bcb77	I2RlZmluZSBzZXRNT05JVE9SSU5GT0ZpZWxkcyhhLGIsYykK
593	PREPROCESSOR	25226	25257	0	cc57b8ce52a1b127cc50591ca1f29d3a7a9feaaca378c55bd0043cc9fd743480	I2RlZmluZSBNT05JVE9SSU5GT19zaXplb2YoKSAwCg==
594	PREPROCESSOR	25257	25264	0	9a349bbd1a21104f051e34b2c8a9e70cc7fbb50bc19a67781f2a140c386d9438	I2VuZGlmCg==
595	PREPROCESSOR	25264	25287	0	888c57944835e0b4cb0da4d63342e3bafcd1ad9eac520af92067f76c5689d987	CiNpZm5kZWYgTk9fTU9VU0VJTlBVVAo=
596	STATEMENT	25287	25345	0	d125564993cc35dc100827c014a491d5a7906cf8dfa0b94782330ba721a74e93	dm9pZCBjYWNoZU1PVVNFSU5QVVRGaWVsZHMoSk5JRW52ICplbnYsIGpvYmplY3QgbHBPYmplY3QpOw==
597	STATEMENT	25345	25431	0	eba56acd61edf39cfb1f5385e6fc6e94a871b074e8ff775d1e4f10b41c231856	Ck1PVVNFSU5QVVQgKmdldE1PVVNFSU5QVVRGaWVsZHMoSk5JRW52ICplbnYsIGpvYmplY3QgbHBPYmplY3QsIE1PVVNFSU5QVVQgKmxwU3RydWN0KTs=
598	STATEMENT	25431	25510	0	cb619522e9028aafe81f6ab8aeafbf007e0ca39a693f5802c187381acd0355e1	CnZvaWQgc2V0TU9VU0VJTlBVVEZpZWxkcyhKTklFbnYgKmVudiwgam9iamVjdCBscE9iamVjdCwgTU9VU0VJTlBVVCAqbHBTdHJ1Y3QpOw==
599	PREPROCESSOR	25510	25558	0	f81210542ac7a9dd852eef3359960476e0c9551a4992841509c9bd60789db01f	CiNkZWZpbmUgTU9VU0VJTlBVVF9zaXplb2YoKSBzaXplb2YoTU9VU0VJTlBVVCkK
600	PREPROCESSOR	25558	25564	0	a95dbf91f6d6c3dc84eb44907afe37bdec7e3aa1cd0a07042249536df254415c	I2Vsc2UK
601	PREPROCESSOR	25564	25599	0	107696a3f597e7673e6bf0914a790eb5a97688dbaa5a42597c8828543117f9a9	I2RlZmluZSBjYWNoZU1PVVNFSU5QVVRGaWVsZHMoYSxiKQo=
602	PREPROCESSOR	25599	25639	0	f9f0552bd8298cf9de00a22b05d81ea023e2030f5ca5a1b2f24fe68760f8157d	I2RlZmluZSBnZXRNT1VTRUlOUFVURmllbGRzKGEsYixjKSBOVUxMCg==
603	PREPROCESSOR	25639	25674	0	3a39873e758381436d97f828572afde3aa4b183d946e131c353e8f83d85e0d6d	I2RlZmluZSBzZXRNT1VTRUlOUFVURmllbGRzKGEsYixjKQo=
604	PREPROCESSOR	25674	25704	0	1681ad30b5a04f67eac243264e472f7a946e11a3f689d0725c493bf9bfa38906	I2RlZmluZSBNT1VTRUlOUFVUX3NpemVvZigpIDAK
605	PREPROCESSOR	25704	25711	0	9a349bbd1a21104f051e34b2c8a9e70cc7fbb50bc19a67781f2a140c386d9438	I2VuZGlmCg==
606	PREPROCESSOR	25711	25727	0	0a1289a8d1a4a7a38d804f53d1bc06b0578fa5141fabc544cb31ba9c04ef9d1a	CiNpZm5kZWYgTk9fTVNHCg==
607	STATEMENT	25727	25778	0	089ebf848f9aeadf4713041348cb53f123605abc4d6440c57ef54f00e83de9ed	dm9pZCBjYWNoZU1TR0ZpZWxkcyhKTklFbnYgKmVudiwgam9iamVjdCBscE9iamVjdCk7
608	STATEMENT	25778	25843	0	456b8868e5ae3f08b10b19d602eeabcc11c4940c5f5d75114d1321fa48c5c792	Ck1TRyAqZ2V0TVNHRmllbGRzKEpOSUVudiAqZW52LCBqb2JqZWN0IGxwT2JqZWN0LCBNU0cgKmxwU3RydWN0KTs=
609	STATEMENT	25843	25908	0	bce9a1af73deda3f9138570bc7c2febe5a03e5e603357078badcb4090c9ef70f	CnZvaWQgc2V0TVNHRmllbGRzKEpOSUVudiAqZW52LCBqb2JqZWN0IGxwT2JqZWN0LCBNU0cgKmxwU3RydWN0KTs=
610	PREPROCESSOR	25908	25942	0	a9c61bfe4af92dee5bcc50944f81e4a294e0db0394e07dda05ab6339860f0cc1	CiNkZWZpbmUgTVNHX3NpemVvZigpIHNpemVvZihNU0cpCg==
611	PREPROCESSOR	25942	25948	0	a95dbf91f6d6c3dc84eb44907afe37bdec7e3aa1cd0a07042249536df254415c	I2Vsc2UK
612	PREPROCESSOR	25948	25976	0	0883c4ffa81dcfd4c0658a5796646c00bc3cadd1bf5229c09e9fb97bbc273deb	I2RlZmluZSBjYWNoZU1TR0ZpZWxkcyhhLGIpCg==
613	PREPROCESSOR	25976	26009	0	8cba0b908706e971f71ef660d9fa3f691de02afa6f31eb4e8c0557cba722d1f1	I2RlZmluZSBnZXRNU0dGaWVsZHMoYSxiLGMpIE5VTEwK
614	PREPROCESSOR	26009	26037	0	e4bf3beefd2e161dbc5b5c71c155ea7f9811489d4c7145b538718cc349c48bec	I2RlZmluZSBzZXRNU0dGaWVsZHMoYSxiLGMpCg==
615	PREPROCESSOR	26037	26060	0	6e5bfd774b62595108fd3df3a1ba639d9406998d2885217a1c2b7a1c6d57ec9a	I2RlZmluZSBNU0dfc2l6ZW9mKCkgMAo=
616	PREPROCESSOR	26060	26067	0	9a349bbd1a21104f051e34b2c8a9e70cc7fbb50bc19a67781f2a140c386d9438	I2VuZGlmCg==
617	PREPROCESSOR	26067	26092	0	a09eeb66c236b35bb1b4cc0778ec95b36a7c753d2555fd1712b91a00c1eeda45	CiNpZm5kZWYgTk9fTk1DVVNUT01EUkFXCg==
618	STATEMENT	26092	26152	0	7a31e8d0ec4d5c8cb68369ccec498b05f9af55294d889893b2954cb53f868d37	dm9pZCBjYWNoZU5NQ1VTVE9NRFJBV0ZpZWxkcyhKTklFbnYgKmVudiwgam9iamVjdCBscE9iamVjdCk7
619	STATEMENT	26152	26244	0	fb2536123178e5ff921beaa792eacd289bb5ce69785de85184bc3344b1f5b44f	Ck5NQ1VTVE9NRFJBVyAqZ2V0Tk1DVVNUT01EUkFXRmllbGRzKEpOSUVudiAqZW52LCBqb2JqZWN0IGxwT2JqZWN0LCBOTUNVU1RPTURSQVcgKmxwU3RydWN0KTs=
620	STATEMENT	26244	26327	0	3063ecb47991318d028bffdb779121ff8dd68077e674d091a59cf176cee506ba	CnZvaWQgc2V0Tk1DVVNUT01EUkFXRmllbGRzKEpOSUVudiAqZW52LCBqb2JqZWN0IGxwT2JqZWN0LCBOTUNVU1RPTURSQVcgKmxwU3RydWN0KTs=
621	PREPROCESSOR	26327	26379	0	781e030a53e1ee42082fd856cc55209f1b854e3ca0042be416fbc0b1d94f489c	CiNkZWZpbmUgTk1DVVNUT01EUkFXX3NpemVvZigpIHNpemVvZihOTUNVU1RPTURSQVcpCg==
622	PREPROCESSOR	26379	26385	0	a95dbf91f6d6c3dc84eb44907afe37bdec7e3aa1cd0a07042249536df254415c	I2Vsc2UK
623	PREPROCESSOR	26385	26422	0	7686e92d4fdff16c8cd07e6159624a4060abc79d664dc13e6fb37c01fc816bb9	I2RlZmluZSBjYWNoZU5NQ1VTVE9NRFJBV0ZpZWxkcyhhLGIpCg==
624	PREPROCESSOR	26422	26464	0	8e1a8007db4c5d6a66a8732737f2a7edbe7f30384400d09a233fb79170ff8514	I2RlZmluZSBnZXROTUNVU1RPTURSQVdGaWVsZHMoYSxiLGMpIE5VTEwK
625	PREPROCESSOR	26464	26501	0	3254a5535fbf37fcd9ebee038d61d8536cbc8f453bf4d6e7338b9799bdca14a8	I2RlZmluZSBzZXROTUNVU1RPTURSQVdGaWVsZHMoYSxiLGMpCg==
626	PREPROCESSOR	26501	26533	0	cf7ebe71bd47cf89fb797ebc4b75eff45e3a069e3dc9791f8efddff43071be48	I2RlZmluZSBOTUNVU1RPTURSQVdfc2l6ZW9mKCkgMAo=
627	PREPROCESSOR	26533	26540	0	9a349bbd1a21104f051e34b2c8a9e70cc7fbb50bc19a67781f2a140c386d9438	I2VuZGlmCg==
628	PREPROCESSOR	26540	26558	0	db298fe07f1460cbb9c66476da24dff340c1bbb30b948402d1ab0ebad7650cba	CiNpZm5kZWYgTk9fTk1IRFIK
629	STATEMENT	26558	26611	0	20df0148025fe718df7a85f8e8f0e4794c4dd27c7210801bcf1de5f89d6bc833	dm9pZCBjYWNoZU5NSERSRmllbGRzKEpOSUVudiAqZW52LCBqb2JqZWN0IGxwT2JqZWN0KTs=
630	STATEMENT	26611	26682	0	3159afe9836b8413ac16061637ab707c049ae2b9854ccb4212fa21360c905e63	Ck5NSERSICpnZXROTUhEUkZpZWxkcyhKTklFbnYgKmVudiwgam9iamVjdCBscE9iamVjdCwgTk1IRFIgKmxwU3RydWN0KTs=
631	STATEMENT	26682	26751	0	cb1fde3428be455277182aea6df796700fa9ed58515773b9f8fed1fa82431c85	CnZvaWQgc2V0Tk1IRFJGaWVsZHMoSk5JRW52ICplbnYsIGpvYmplY3QgbHBPYmplY3QsIE5NSERSICpscFN0cnVjdCk7
632	PREPROCESSOR	26751	26789	0	8d067c8d82415835edd34df7376dc591f229fd63184357eb05ec02540cb4e1c1	CiNkZWZpbmUgTk1IRFJfc2l6ZW9mKCkgc2l6ZW9mKE5NSERSKQo=
633	PREPROCESSOR	26789	26795	0	a95dbf91f6d6c3dc84eb44907afe37bdec7e3aa1cd0a07042249536df254415c	I2Vsc2UK
634	PREPROCESSOR	26795	26825	0	f4a88d054e1538bd583c8185c63dc15c1e86cf645bfe8d6a3d057fac2370868f	I2RlZmluZSBjYWNoZU5NSERSRmllbGRzKGEsYikK
635	PREPROCESSOR	26825	26860	0	26dbbf676e9c01e6b39a694219c32af1615bb9a7341c79e3875430b8578d378c	I2RlZmluZSBnZXROTUhEUkZpZWxkcyhhLGIsYykgTlVMTAo=
636	PREPROCESSOR	26860	26890	0	65c7e2c92b939aa0781105af84205664110173bcdeae71bb2199e39adbbbd4eb	I2RlZmluZSBzZXROTUhEUkZpZWxkcyhhLGIsYykK
637	PREPROCESSOR	26890	26915	0	79202085f985ab5c7c93352451e27169ae04abfa50ba87dcf55f24306fa383ad	I2RlZmluZSBOTUhEUl9zaXplb2YoKSAwCg==
638	PREPROCESSOR	26915	26922	0	9a349bbd1a21104f051e34b2c8a9e70cc7fbb50bc19a67781f2a140c386d9438	I2VuZGlmCg==
639	PREPROCESSOR	26922	26943	0	0bf705f0b7bac72899e8c8e44f57dbf67a403048d4323c770d92a518a93c8908	CiNpZm5kZWYgTk9fTk1IRUFERVIK
640	STATEMENT	26943	26999	0	39f11a34aa80fea41032f2ce16d2cfb464350f2c00e4facddb18a94451d5650a	dm9pZCBjYWNoZU5NSEVBREVSRmllbGRzKEpOSUVudiAqZW52LCBqb2JqZWN0IGxwT2JqZWN0KTs=
641	STATEMENT	26999	27079	0	91e09934341134b4dedb11981106550ae5afd78f59887352b70d4c550c5d76f5	Ck5NSEVBREVSICpnZXROTUhFQURFUkZpZWxkcyhKTklFbnYgKmVudiwgam9iamVjdCBscE9iamVjdCwgTk1IRUFERVIgKmxwU3RydWN0KTs=
642	STATEMENT	27079	27154	0	b8b29c0db6b25bdf6fc9c75768ff9526227dbd25754e7f24d7564a748b4071d3	CnZvaWQgc2V0Tk1IRUFERVJGaWVsZHMoSk5JRW52ICplbnYsIGpvYmplY3QgbHBPYmplY3QsIE5NSEVBREVSICpscFN0cnVjdCk7
643	PREPROCESSOR	27154	27198	0	ca57f6e95600d0f73f438cb714d099234e3930c604c31600c0316e1fbea4ce8c	CiNkZWZpbmUgTk1IRUFERVJfc2l6ZW9mKCkgc2l6ZW9mKE5NSEVBREVSKQo=
644	PREPROCESSOR	27198	27204	0	a95dbf91f6d6c3dc84eb44907afe37bdec7e3aa1cd0a07042249536df254415c	I2Vsc2UK
645	PREPROCESSOR	27204	27237	0	c9297ffceb3d6f2a49bfdf57d7d949e0cafbe3042d3c8f980bcba3a25c41dbc3	I2RlZmluZSBjYWNoZU5NSEVBREVSRmllbGRzKGEsYikK
646	PREPROCESSOR	27237	27275	0	b21463d629f9478753148e1631bcdb847c4eccec98e663a16250aee2ad74f971	I2RlZmluZSBnZXROTUhFQURFUkZpZWxkcyhhLGIsYykgTlVMTAo=
647	PREPROCESSOR	27275	27308	0	79f4b1263a67132c58e211b1ce51f8fc676b35a5bb75eeed872a0e7b54c6dba5	I2RlZmluZSBzZXROTUhFQURFUkZpZWxkcyhhLGIsYykK
648	PREPROCESSOR	27308	27336	0	f2b1a2a7dd08106780c37f98bf709c1e24ffc4f583b763133102ff6890d6e138	I2RlZmluZSBOTUhFQURFUl9zaXplb2YoKSAwCg==
649	PREPROCESSOR	27336	27343	0	9a349bbd1a21104f051e34b2c8a9e70cc7fbb50bc19a67781f2a140c386d9438	I2VuZGlmCg==
650	PREPROCESSOR	27343	27362	0	0591c9ea65ed335746bb6d5e9cf81a8364749fb7393b57432d65b0c5ac62c69c	CiNpZm5kZWYgTk9fTk1MSU5LCg==
651	STATEMENT	27362	27416	0	e3647d0c545577c8c22adc0252d48eff327f875fecb2aa0dd17b6eee892db545	dm9pZCBjYWNoZU5NTElOS0ZpZWxkcyhKTklFbnYgKmVudiwgam9iamVjdCBscE9iamVjdCk7
652	STATEMENT	27416	27490	0	80a474ef6900ce43ee5a48e0ff847f56523ca59c4f9614831191e943408a6f34	Ck5NTElOSyAqZ2V0Tk1MSU5LRmllbGRzKEpOSUVudiAqZW52LCBqb2JqZWN0IGxwT2JqZWN0LCBOTUxJTksgKmxwU3RydWN0KTs=
653	STATEMENT	27490	27561	0	16ef8231b5cd30dc7f6900ea693e6e43f52fc24f3ce7b977d63fbd16bf8b11de	CnZvaWQgc2V0Tk1MSU5LRmllbGRzKEpOSUVudiAqZW52LCBqb2JqZWN0IGxwT2JqZWN0LCBOTUxJTksgKmxwU3RydWN0KTs=
654	PREPROCESSOR	27561	27601	0	25ef8dd755224e4d9d42de9d5e17c328cd4d6bd811a5be5e0c81fe64f39255ee	CiNkZWZpbmUgTk1MSU5LX3NpemVvZigpIHNpemVvZihOTUxJTkspCg==
655	PREPROCESSOR	27601	27607	0	a95dbf91f6d6c3dc84eb44907afe37bdec7e3aa1cd0a07042249536df254415c	I2Vsc2UK
656	PREPROCESSOR	27607	27638	0	1ff26edae3ef97f4c0e6ee61a22bf21b8225739a0cd886b30a1b54084f3a2769	I2RlZmluZSBjYWNoZU5NTElOS0ZpZWxkcyhhLGIpCg==
657	PREPROCESSOR	27638	27674	0	44f6ecbd0f18986fe98930772e33cd5e89f1eb797dd18554660c212656c6fe25	I2RlZmluZSBnZXROTUxJTktGaWVsZHMoYSxiLGMpIE5VTEwK
658	PREPROCESSOR	27674	27705	0	2a0165fe7fcde899adfb0d427b31115e45d27a6d3d1d1826944daa41a6e7f487	I2RlZmluZSBzZXROTUxJTktGaWVsZHMoYSxiLGMpCg==
659	PREPROCESSOR	27705	27731	0	63fc20cc17530a56391cf24879d3e0a80ef5fa5c760302ae120e10951e1bfc23	I2RlZmluZSBOTUxJTktfc2l6ZW9mKCkgMAo=
660	PREPROCESSOR	27731	27738	0	9a349bbd1a21104f051e34b2c8a9e70cc7fbb50bc19a67781f2a140c386d9438	I2VuZGlmCg==
661	PREPROCESSOR	27738	27761	0	24f0b545c8de10f426a0bded5b6f6d9a1a5be796eefbcea63efb0b55349c88d7	CiNpZm5kZWYgTk9fTk1MSVNUVklFVwo=
662	STATEMENT	27761	27819	0	fab5c73c1a5a0ad798cf17b5bb47aef0c13ee3cbe927a1e55c9718bff07b25b2	dm9pZCBjYWNoZU5NTElTVFZJRVdGaWVsZHMoSk5JRW52ICplbnYsIGpvYmplY3QgbHBPYmplY3QpOw==
663	STATEMENT	27819	27905	0	e49e4293b1e4c0c610d0d0f57d8c10d1d480d696aadb7201329167e691bf3c88	Ck5NTElTVFZJRVcgKmdldE5NTElTVFZJRVdGaWVsZHMoSk5JRW52ICplbnYsIGpvYmplY3QgbHBPYmplY3QsIE5NTElTVFZJRVcgKmxwU3RydWN0KTs=
664	STATEMENT	27905	27984	0	54ca08bd0bf21092ae090c459ec1fdf303b14a621746d832745a0fd3788f8371	CnZvaWQgc2V0Tk1MSVNUVklFV0ZpZWxkcyhKTklFbnYgKmVudiwgam9iamVjdCBscE9iamVjdCwgTk1MSVNUVklFVyAqbHBTdHJ1Y3QpOw==
665	PREPROCESSOR	27984	28032	0	11a4fc5c2af70bb53791dff49635bac678b8c09cfdfaee3031f31f698ca28c5f	CiNkZWZpbmUgTk1MSVNUVklFV19zaXplb2YoKSBzaXplb2YoTk1MSVNUVklFVykK
666	PREPROCESSOR	28032	28038	0	a95dbf91f6d6c3dc84eb44907afe37bdec7e3aa1cd0a07042249536df254415c	I2Vsc2UK
667	PREPROCESSOR	28038	28073	0	e8181986a3270709e6318337e5c95fff8d827c459d41b59c5a682c8c9af2f1ff	I2RlZmluZSBjYWNoZU5NTElTVFZJRVdGaWVsZHMoYSxiKQo=
668	PREPROCESSOR	28073	28113	0	dcaa10bc5c27c8bcbf62713b1c5caec0d8ee8ecebe4c2fb43b14a69a7facf21f	I2RlZmluZSBnZXROTUxJU1RWSUVXRmllbGRzKGEsYixjKSBOVUxMCg==
669	PREPROCESSOR	28113	28148	0	d171c46d123929a58c00a9c90c81fbf66982bbf5481b1f2d2646e23edbc0e20b	I2RlZmluZSBzZXROTUxJU1RWSUVXRmllbGRzKGEsYixjKQo=
670	PREPROCESSOR	28148	28178	0	638e4970f17aea3515ef09cb27f77f9324e70ed7e676bbde7214f090aa1af336	I2RlZmluZSBOTUxJU1RWSUVXX3NpemVvZigpIDAK
671	PREPROCESSOR	28178	28185	0	9a349bbd1a21104f051e34b2c8a9e70cc7fbb50bc19a67781f2a140c386d9438	I2VuZGlmCg==
672	PREPROCESSOR	28185	28212	0	7132375bdf9b854fe2fa934ad2d7d09acb69866330ae7a7d8522df1057b3d9fa	CiNpZm5kZWYgTk9fTk1MVkNVU1RPTURSQVcK
673	STATEMENT	28212	28274	0	07ce7776afde29af80c4ffd2d91d1296de10ba4762909d021f99f3c381e842b3	dm9pZCBjYWNoZU5NTFZDVVNUT01EUkFXRmllbGRzKEpOSUVudiAqZW52LCBqb2JqZWN0IGxwT2JqZWN0KTs=
674	STATEMENT	28274	28372	0	6b8c751949780f067807cde865a370f5e6024608c272d8f18fbbd2bb87f44254	Ck5NTFZDVVNUT01EUkFXICpnZXROTUxWQ1VTVE9NRFJBV0ZpZWxkcyhKTklFbnYgKmVudiwgam9iamVjdCBscE9iamVjdCwgTk1MVkNVU1RPTURSQVcgKmxwU3RydWN0KTs=
675	STATEMENT	28372	28459	0	918a2ea164344770743f5fbc2a646950030f3e79b270b1df8e528ae84a8176fb	CnZvaWQgc2V0Tk1MVkNVU1RPTURSQVdGaWVsZHMoSk5JRW52ICplbnYsIGpvYmplY3QgbHBPYmplY3QsIE5NTFZDVVNUT01EUkFXICpscFN0cnVjdCk7
676	PREPROCESSOR	28459	28515	0	7c6a3b966ac14ce41b161145e9d24701ac33fe4033cdaecff2168df6e109fe4c	CiNkZWZpbmUgTk1MVkNVU1RPTURSQVdfc2l6ZW9mKCkgc2l6ZW9mKE5NTFZDVVNUT01EUkFXKQo=
677	PREPROCESSOR	28515	28521	0	a95dbf91f6d6c3dc84eb44907afe37bdec7e3aa1cd0a07042249536df254415c	I2Vsc2UK
678	PREPROCESSOR	28521	28560	0	0f32f8319f6f05a8bdeba3c25dd0b2aa1264dcc20218c5c5132d3d03999c3d4a	I2RlZmluZSBjYWNoZU5NTFZDVVNUT01EUkFXRmllbGRzKGEsYikK
679	PREPROCESSOR	28560	28604	0	3f8a4accbc902ecd58453f4f63b9857f274443b003b618ee7fe15ff12d968ab7	I2RlZmluZSBnZXROTUxWQ1VTVE9NRFJBV0ZpZWxkcyhhLGIsYykgTlVMTAo=
680	PREPROCESSOR	28604	28643	0	694aaa67253ddc9978edbe1c33923f264bf29dcbf06f7b223365e5f2637a317d	I2RlZmluZSBzZXROTUxWQ1VTVE9NRFJBV0ZpZWxkcyhhLGIsYykK
681	PREPROCESSOR	28643	28677	0	69fa62585101d32ba45237f96f33d0e068d13973674e6b0f1e01aa6736c064f3	I2RlZmluZSBOTUxWQ1VTVE9NRFJBV19zaXplb2YoKSAwCg==
682	PREPROCESSOR	28677	28684	0	9a349bbd1a21104f051e34b2c8a9e70cc7fbb50bc19a67781f2a140c386d9438	I2VuZGlmCg==
683	PREPROCESSOR	28684	28709	0	799176c350c91b4a3d06e1542d7de86f438c417b866b5277d0df43b09c9500e7	CiNpZm5kZWYgTk9fTk1MVkRJU1BJTkZPCg==
684	STATEMENT	28709	28769	0	14a221dd4d7fd1e7ed23e802da4e393f48a0cedfa1ec1bfb7cad76e20a54703e	dm9pZCBjYWNoZU5NTFZESVNQSU5GT0ZpZWxkcyhKTklFbnYgKmVudiwgam9iamVjdCBscE9iamVjdCk7
685	STATEMENT	28769	28861	0	e5c40b7295c162e292839fb1c8496d339c0dcd1c0a7e10a855c21cbe05bfbf08	Ck5NTFZESVNQSU5GTyAqZ2V0Tk1MVkRJU1BJTkZPRmllbGRzKEpOSUVudiAqZW52LCBqb2JqZWN0IGxwT2JqZWN0LCBOTUxWRElTUElORk8gKmxwU3RydWN0KTs=
686	STATEMENT	28861	28944	0	5e2d6f9d5b1ffef1a3a9dd9ba2dbcbc9ff0205c9ba7458be3ad16c9db09d5521	CnZvaWQgc2V0Tk1MVkRJU1BJTkZPRmllbGRzKEpOSUVudiAqZW52LCBqb2JqZWN0IGxwT2JqZWN0LCBOTUxWRElTUElORk8gKmxwU3RydWN0KTs=
687	PREPROCESSOR	28944	28996	0	87b33ba6e1020c10f8133cf782fa836df3e67646568219319b3e5e85fac96345	CiNkZWZpbmUgTk1MVkRJU1BJTkZPX3NpemVvZigpIHNpemVvZihOTUxWRElTUElORk8pCg==
688	PREPROCESSOR	28996	29002	0	a95dbf91f6d6c3dc84eb44907afe37bdec7e3aa1cd0a07042249536df254415c	I2Vsc2UK
689	PREPROCESSOR	29002	29039	0	5f98e2010e707f97285ecd0052cfb6f2fdf79e931b767e7ca7c07929ad142838	I2RlZmluZSBjYWNoZU5NTFZESVNQSU5GT0ZpZWxkcyhhLGIpCg==
690	PREPROCESSOR	29039	29081	0	50979f94b6d27e8ee352496093f96db58298ee60b27bb816c43505278f242165	I2RlZmluZSBnZXROTUxWRElTUElORk9GaWVsZHMoYSxiLGMpIE5VTEwK
691	PREPROCESSOR	29081	29118	0	d22e8c6ccd073d56d044d047cd7c9ebceecbbff67fcef05272184ecce3f28358	I2RlZmluZSBzZXROTUxWRElTUElORk9GaWVsZHMoYSxiLGMpCg==
692	PREPROCESSOR	29118	29150	0	f63d3ef74d53c213392ceccf752f5b3bde0fb23fdc6fdb4dcaa875ef548910a6	I2RlZmluZSBOTUxWRElTUElORk9fc2l6ZW9mKCkgMAo=
693	PREPROCESSOR	29150	29157	0	9a349bbd1a21104f051e34b2c8a9e70cc7fbb50bc19a67781f2a140c386d9438	I2VuZGlmCg==
694	PREPROCESSOR	29157	29182	0	a4e8d56a7eee64488254227d12e11bb2fe02a29618eecf2a0fc28395e223f35c	CiNpZm5kZWYgTk9fTk1MVkZJTkRJVEVNCg==
695	STATEMENT	29182	29242	0	a745fbf760135eb297245066bb837431ffb8c16195fb2249279888cabc0e252e	dm9pZCBjYWNoZU5NTFZGSU5ESVRFTUZpZWxkcyhKTklFbnYgKmVudiwgam9iamVjdCBscE9iamVjdCk7
696	STATEMENT	29242	29334	0	1fa990d49ada61be785db06718e029275c022b8710a44bab4f528ad09ccca97d	Ck5NTFZGSU5ESVRFTSAqZ2V0Tk1MVkZJTkRJVEVNRmllbGRzKEpOSUVudiAqZW52LCBqb2JqZWN0IGxwT2JqZWN0LCBOTUxWRklORElURU0gKmxwU3RydWN0KTs=
697	STATEMENT	29334	29417	0	ed1e3b8ac2e14a953f146935fdd30fa527fd2dc182ca7f0cd2a6c186a9b56b99	CnZvaWQgc2V0Tk1MVkZJTkRJVEVNRmllbGRzKEpOSUVudiAqZW52LCBqb2JqZWN0IGxwT2JqZWN0LCBOTUxWRklORElURU0gKmxwU3RydWN0KTs=
698	PREPROCESSOR	29417	29469	0	9bdbeb283a46619f2fc866c699a4a2245138fffca4633a8c6ecc21233d592af0	CiNkZWZpbmUgTk1MVkZJTkRJVEVNX3NpemVvZigpIHNpemVvZihOTUxWRklORElURU0pCg==
699	PREPROCESSOR	29469	29475	0	a95dbf91f6d6c3dc84eb44907afe37bdec7e3aa1cd0a07042249536df254415c	I2Vsc2UK
700	PREPROCESSOR	29475	29512	0	2c6d5f9b59d80b73163b5020d0739c6ca709d4495fb52b00100ea9a65cc26128	I2RlZmluZSBjYWNoZU5NTFZGSU5ESVRFTUZpZWxkcyhhLGIpCg==
701	PREPROCESSOR	29512	29554	0	f216339b8d6eeb23c0ae2251cda5797d6473d719df124be7c6d8138f082e4f31	I2RlZmluZSBnZXROTUxWRklORElURU1GaWVsZHMoYSxiLGMpIE5VTEwK
702	PREPROCESSOR	29554	29591	0	bea54012fb562b68ca09e57ee651a6e76a3b4f16818dd38b50cc975951bf27c6	I2RlZmluZSBzZXROTUxWRklORElURU1GaWVsZHMoYSxiLGMpCg==
703	PREPROCESSOR	29591	29623	0	35d556db32d844ee7eb275a53995fd1dd0eeb8423095bd737a0692441c6ee13c	I2RlZmluZSBOTUxWRklORElURU1fc2l6ZW9mKCkgMAo=
704	PREPROCESSOR	29623	29630	0	9a349bbd1a21104f051e34b2c8a9e70cc7fbb50bc19a67781f2a140c386d9438	I2VuZGlmCg==
705	PREPROCESSOR	29630	29660	0	36bb9c6467cfabf27129af2ba8b7de77b68f7107668e7690bd07d65811c90f47	CiNpZm5kZWYgTk9fTk1MVk9EU1RBVEVDSEFOR0UK
706	STATEMENT	29660	29725	0	f3d4dd38bee632d4b5057286112c4ae862cc02d6e021e866446720b19c5b7ee0	dm9pZCBjYWNoZU5NTFZPRFNUQVRFQ0hBTkdFRmllbGRzKEpOSUVudiAqZW52LCBqb2JqZWN0IGxwT2JqZWN0KTs=
707	STATEMENT	29725	29832	0	b811794690c6c5fbb451b2a99bfd0d5831bb789d4ec82f4ef0debeda04127f53	Ck5NTFZPRFNUQVRFQ0hBTkdFICpnZXROTUxWT0RTVEFURUNIQU5HRUZpZWxkcyhKTklFbnYgKmVudiwgam9iamVjdCBscE9iamVjdCwgTk1MVk9EU1RBVEVDSEFOR0UgKmxwU3RydWN0KTs=
708	STATEMENT	29832	29925	0	67df7bc4aca7fd9ca9789f4e4bf9cd8bd815886bc177451fb85a92f539f16db8	CnZvaWQgc2V0Tk1MVk9EU1RBVEVDSEFOR0VGaWVsZHMoSk5JRW52ICplbnYsIGpvYmplY3QgbHBPYmplY3QsIE5NTFZPRFNUQVRFQ0hBTkdFICpscFN0cnVjdCk7
709	PREPROCESSOR	29925	29987	0	686e04d79aabc67daa73d26a558cb2f0c4855d7dd1f38e532b0241e41f595165	CiNkZWZpbmUgTk1MVk9EU1RBVEVDSEFOR0Vfc2l6ZW9mKCkgc2l6ZW9mKE5NTFZPRFNUQVRFQ0hBTkdFKQo=
710	PREPROCESSOR	29987	29993	0	a95dbf91f6d6c3dc84eb44907afe37bdec7e3aa1cd0a07042249536df254415c	I2Vsc2UK
711	PREPROCESSOR	29993	30035	0	084a0c5597705621bc596a535fdac38ac7a1aaef0a652184cd8b4995e697768e	I2RlZmluZSBjYWNoZU5NTFZPRFNUQVRFQ0hBTkdFRmllbGRzKGEsYikK
712	PREPROCESSOR	30035	30082	0	1b675a4fdbb34392deeae2370ab3e3c1d88bdbed7e59b5bc7af71957aa5036b3	I2RlZmluZSBnZXROTUxWT0RTVEFURUNIQU5HRUZpZWxkcyhhLGIsYykgTlVMTAo=
713	PREPROCESSOR	30082	30124	0	313efd89ad9af652da3888cc6139a13fed6ab24f0083f9f9c963116487df622e	I2RlZmluZSBzZXROTUxWT0RTVEFURUNIQU5HRUZpZWxkcyhhLGIsYykK
714	PREPROCESSOR	30124	30161	0	c91c2fb6df63f1672ef810b598c53e2eb9d847fea9791b7eaec2433e97f13daf	I2RlZmluZSBOTUxWT0RTVEFURUNIQU5HRV9zaXplb2YoKSAwCg==
715	PREPROCESSOR	30161	30168	0	9a349bbd1a21104f051e34b2c8a9e70cc7fbb50bc19a67781f2a140c386d9438	I2VuZGlmCg==
716	PREPROCESSOR	30168	30195	0	1606f79821884bccf7f9a282e4cc25264f9b5ca0b5e96144e13547e24b6f669a	CiNpZm5kZWYgTk9fTk1SRUJBUkNIRVZST04K
717	STATEMENT	30195	30257	0	b7808e89587e3dbacf3fd8d6a506db36642df051e17a48e1ddcadf53465c44de	dm9pZCBjYWNoZU5NUkVCQVJDSEVWUk9ORmllbGRzKEpOSUVudiAqZW52LCBqb2JqZWN0IGxwT2JqZWN0KTs=
718	STATEMENT	30257	30355	0	5ff20c256acaed7bb8d5814dc934367b7659d76b2dd25e2ea15d21fd0e2df18e	Ck5NUkVCQVJDSEVWUk9OICpnZXROTVJFQkFSQ0hFVlJPTkZpZWxkcyhKTklFbnYgKmVudiwgam9iamVjdCBscE9iamVjdCwgTk1SRUJBUkNIRVZST04gKmxwU3RydWN0KTs=
719	STATEMENT	30355	30442	0	95230d2c989afc65b90128c53ef9b2ea435882c90ba12d20fb49690087578ba4	CnZvaWQgc2V0Tk1SRUJBUkNIRVZST05GaWVsZHMoSk5JRW52ICplbnYsIGpvYmplY3QgbHBPYmplY3QsIE5NUkVCQVJDSEVWUk9OICpscFN0cnVjdCk7
720	PREPROCESSOR	30442	30498	0	4bf93a70588c1bb2ed4f2f28bcfb8404e2177799a1559e557e30edb6ea841d4d	CiNkZWZpbmUgTk1SRUJBUkNIRVZST05fc2l6ZW9mKCkgc2l6ZW9mKE5NUkVCQVJDSEVWUk9OKQo=
721	PREPROCESSOR	30498	30504	0	a95dbf91f6d6c3dc84eb44907afe37bdec7e3aa1cd0a07042249536df254415c	I2Vsc2UK
722	PREPROCESSOR	30504	30543	0	da038cd27e262e993f06543192050a997590a2482e478a680cc1ed3bd63d68aa	I2RlZmluZSBjYWNoZU5NUkVCQVJDSEVWUk9ORmllbGRzKGEsYikK
723	PREPROCESSOR	30543	30587	0	118e902edaa12625c946f649c5162fd10dd029f2fd298f0dd1ea5db3d557aa2e	I2RlZmluZSBnZXROTVJFQkFSQ0hFVlJPTkZpZWxkcyhhLGIsYykgTlVMTAo=
724	PREPROCESSOR	30587	30626	0	f96ef73a06b462126d915e8cf388b92614ab9280b24ddcf01a3c31553ad0be90	I2RlZmluZSBzZXROTVJFQkFSQ0hFVlJPTkZpZWxkcyhhLGIsYykK
725	PREPROCESSOR	30626	30660	0	e7782007bb5f737e9c797c8ddd77ec2937a1eea17348f4446c2cf8f91cf256c5	I2RlZmluZSBOTVJFQkFSQ0hFVlJPTl9zaXplb2YoKSAwCg==
726	PREPROCESSOR	30660	30667	0	9a349bbd1a21104f051e34b2c8a9e70cc7fbb50bc19a67781f2a140c386d9438	I2VuZGlmCg==
727	PREPROCESSOR	30667	30696	0	5b6748e3110a14d34dbc5b9a16a779e9dc162992ee152bca34c611913d745bf2	CiNpZm5kZWYgTk9fTk1SRUJBUkNISUxEU0laRQo=
728	STATEMENT	30696	30760	0	0a72c6f9cac4f3e1145fbbc34dc81539eabe9c5cc1b8b239561e75b7f93c7cbf	dm9pZCBjYWNoZU5NUkVCQVJDSElMRFNJWkVGaWVsZHMoSk5JRW52ICplbnYsIGpvYmplY3QgbHBPYmplY3QpOw==
729	STATEMENT	30760	30864	0	024cdc49f0f8066dfbb042516e6f3880e82cf868285a1db9e6b70cfbdd9bed26	Ck5NUkVCQVJDSElMRFNJWkUgKmdldE5NUkVCQVJDSElMRFNJWkVGaWVsZHMoSk5JRW52ICplbnYsIGpvYmplY3QgbHBPYmplY3QsIE5NUkVCQVJDSElMRFNJWkUgKmxwU3RydWN0KTs=
730	STATEMENT	30864	30955	0	26ff631c498ee90b1efa68f8084b6b36ccb8fea0a3668e4acafcebd36d52441c	CnZvaWQgc2V0Tk1SRUJBUkNISUxEU0laRUZpZWxkcyhKTklFbnYgKmVudiwgam9iamVjdCBscE9iamVjdCwgTk1SRUJBUkNISUxEU0laRSAqbHBTdHJ1Y3QpOw==
731	PREPROCESSOR	30955	31015	0	1992bc7189af9e32339fa9e90771f5320053fa90d288ee5bb8c0b5a6ee7cfa99	CiNkZWZpbmUgTk1SRUJBUkNISUxEU0laRV9zaXplb2YoKSBzaXplb2YoTk1SRUJBUkNISUxEU0laRSkK
732	PREPROCESSOR	31015	31021	0	a95dbf91f6d6c3dc84eb44907afe37bdec7e3aa1cd0a07042249536df254415c	I2Vsc2UK
733	PREPROCESSOR	31021	31062	0	12513e76a8d19c932057471e26f48934c7d9662d574f3bcf31132ba667b35f2b	I2RlZmluZSBjYWNoZU5NUkVCQVJDSElMRFNJWkVGaWVsZHMoYSxiKQo=
734	PREPROCESSOR	31062	31108	0	f542e79e935d79db8e008521bab71293c178aa674a9e78fb1b4d5a88e4797edf	I2RlZmluZSBnZXROTVJFQkFSQ0hJTERTSVpFRmllbGRzKGEsYixjKSBOVUxMCg==
735	PREPROCESSOR	31108	31149	0	45be09b863ba6c8465c314c011af82f535384678634362daeb371cdd8e592dc8	I2RlZmluZSBzZXROTVJFQkFSQ0hJTERTSVpFRmllbGRzKGEsYixjKQo=
736	PREPROCESSOR	31149	31185	0	f909e45b144526951058e6d38265ac2a0f776e32bd6207f6d774153586e53ac4	I2RlZmluZSBOTVJFQkFSQ0hJTERTSVpFX3NpemVvZigpIDAK
737	PREPROCESSOR	31185	31192	0	9a349bbd1a21104f051e34b2c8a9e70cc7fbb50bc19a67781f2a140c386d9438	I2VuZGlmCg==
738	PREPROCESSOR	31192	31219	0	7102a9b44ec7e4a5160e1ae55291fb6d0cb2352ec5429e3668815739f228832f	CiNpZm5kZWYgTk9fTk1UQkNVU1RPTURSQVcK
739	STATEMENT	31219	31281	0	5f4bb79547ea04524a7facf6260e2f6c84deb2c4d1d1eed05705dc22e8433552	dm9pZCBjYWNoZU5NVEJDVVNUT01EUkFXRmllbGRzKEpOSUVudiAqZW52LCBqb2JqZWN0IGxwT2JqZWN0KTs=
740	STATEMENT	31281	31379	0	42a2b2e69b298967621e9aa45187111088133f5771c07d1027cb0bc22beb6306	Ck5NVEJDVVNUT01EUkFXICpnZXROTVRCQ1VTVE9NRFJBV0ZpZWxkcyhKTklFbnYgKmVudiwgam9iamVjdCBscE9iamVjdCwgTk1UQkNVU1RPTURSQVcgKmxwU3RydWN0KTs=
741	STATEMENT	31379	31466	0	17018fdfc1d71bab6b9acdac13d024dc0198f47e48d0fd7786d080bcd3191147	CnZvaWQgc2V0Tk1UQkNVU1RPTURSQVdGaWVsZHMoSk5JRW52ICplbnYsIGpvYmplY3QgbHBPYmplY3QsIE5NVEJDVVNUT01EUkFXICpscFN0cnVjdCk7
742	PREPROCESSOR	31466	31522	0	dc577de85905090424b315c4b7561a394017f6010a20cc8ebceb8f7730a20ae3	CiNkZWZpbmUgTk1UQkNVU1RPTURSQVdfc2l6ZW9mKCkgc2l6ZW9mKE5NVEJDVVNUT01EUkFXKQo=
743	PREPROCESSOR	31522	31528	0	a95dbf91f6d6c3dc84eb44907afe37bdec7e3aa1cd0a07042249536df254415c	I2Vsc2UK
744	PREPROCESSOR	31528	31567	0	bf80ba51ce3beb2a90836b0464790f50a0b5fbc87c661b9d55097fc521c7a087	I2RlZmluZSBjYWNoZU5NVEJDVVNUT01EUkFXRmllbGRzKGEsYikK
745	PREPROCESSOR	31567	31611	0	59c324744ac5e31cde555daeb1fc6e41a63e0517b5824f2ceec169294faaa44c	I2RlZmluZSBnZXROTVRCQ1VTVE9NRFJBV0ZpZWxkcyhhLGIsYykgTlVMTAo=
746	PREPROCESSOR	31611	31650	0	ff7531ed424464ceac5fec98eebdd8849de25c2d55c73187053de0a7ab8480a7	I2RlZmluZSBzZXROTVRCQ1VTVE9NRFJBV0ZpZWxkcyhhLGIsYykK
747	PREPROCESSOR	31650	31684	0	1872ea52245b83861756ffc3ae499cfca15927bb0843a031e5baa697c12bad27	I2RlZmluZSBOTVRCQ1VTVE9NRFJBV19zaXplb2YoKSAwCg==
748	PREPROCESSOR	31684	31691	0	9a349bbd1a21104f051e34b2c8a9e70cc7fbb50bc19a67781f2a140c386d9438	I2VuZGlmCg==
749	PREPROCESSOR	31691	31715	0	511b5160dcc1adaae64e125dd58236e6f507e382593bbd9ca168a33cdbc86816	CiNpZm5kZWYgTk9fTk1UQkhPVElURU0K
750	STATEMENT	31715	31774	0	662bbb5af5334876ffd7be0ff0043395c93da1fef0305cb0d5065c7fc41c6786	dm9pZCBjYWNoZU5NVEJIT1RJVEVNRmllbGRzKEpOSUVudiAqZW52LCBqb2JqZWN0IGxwT2JqZWN0KTs=
751	STATEMENT	31774	31863	0	d216256816456728f8fc78291113bd074b574e70a46a8e8d9b40380ae451591c	Ck5NVEJIT1RJVEVNICpnZXROTVRCSE9USVRFTUZpZWxkcyhKTklFbnYgKmVudiwgam9iamVjdCBscE9iamVjdCwgTk1UQkhPVElURU0gKmxwU3RydWN0KTs=
752	STATEMENT	31863	31944	0	251cfed744f7f1c6d18d3558d09170d3c95d46a12e51798d1ac90ca9c90f249c	CnZvaWQgc2V0Tk1UQkhPVElURU1GaWVsZHMoSk5JRW52ICplbnYsIGpvYmplY3QgbHBPYmplY3QsIE5NVEJIT1RJVEVNICpscFN0cnVjdCk7
753	PREPROCESSOR	31944	31994	0	1616605ee56e7b99b440296b086e24fb078c0b612cb84f1bd7c3a9b0dbfbfeef	CiNkZWZpbmUgTk1UQkhPVElURU1fc2l6ZW9mKCkgc2l6ZW9mKE5NVEJIT1RJVEVNKQo=
754	PREPROCESSOR	31994	32000	0	a95dbf91f6d6c3dc84eb44907afe37bdec7e3aa1cd0a07042249536df254415c	I2Vsc2UK
755	PREPROCESSOR	32000	32036	0	473e02f63bc2a7581bc6903a0b62fbe25f564bfd8e41921fe1eacafb34be0fe1	I2RlZmluZSBjYWNoZU5NVEJIT1RJVEVNRmllbGRzKGEsYikK
756	PREPROCESSOR	32036	32077	0	9591210768a1ded7a167d1df5d99dd036365ba86217beae11237bffd9f9715d9	I2RlZmluZSBnZXROTVRCSE9USVRFTUZpZWxkcyhhLGIsYykgTlVMTAo=
757	PREPROCESSOR	32077	32113	0	77009d4e7662c283cd515e6e8d1ee0ddafe4c40c61725f59e6b624d4d0b859ca	I2RlZmluZSBzZXROTVRCSE9USVRFTUZpZWxkcyhhLGIsYykK
758	PREPROCESSOR	32113	32144	0	fae6da03c6345fc9955fb9c3c7c3603a1de69c324f261880b2211533ae1ed301	I2RlZmluZSBOTVRCSE9USVRFTV9zaXplb2YoKSAwCg==
759	PREPROCESSOR	32144	32151	0	9a349bbd1a21104f051e34b2c8a9e70cc7fbb50bc19a67781f2a140c386d9438	I2VuZGlmCg==
760	PREPROCESSOR	32151	32173	0	4c11f7480f1e103282063a1fa5da583d527fa89f705dd4880d70d8d635bd6db4	CiNpZm5kZWYgTk9fTk1UT09MQkFSCg==
761	STATEMENT	32173	32230	0	3d2afe8234ca6692b5bee5189ec2c48a6ca4e6d0cf143466102463d0f70aa96d	dm9pZCBjYWNoZU5NVE9PTEJBUkZpZWxkcyhKTklFbnYgKmVudiwgam9iamVjdCBscE9iamVjdCk7
762	STATEMENT	32230	32313	0	4f52a0f52a2edbcb7edae7efe752b883b1fcddce0b2a794fd09929fd47d5e8c1	Ck5NVE9PTEJBUiAqZ2V0Tk1UT09MQkFSRmllbGRzKEpOSUVudiAqZW52LCBqb2JqZWN0IGxwT2JqZWN0LCBOTVRPT0xCQVIgKmxwU3RydWN0KTs=
763	STATEMENT	32313	32390	0	4403466f3c072cca47c58fed2e7c946f9bdf502d4094509f1c7afe9a5e7559b1	CnZvaWQgc2V0Tk1UT09MQkFSRmllbGRzKEpOSUVudiAqZW52LCBqb2JqZWN0IGxwT2JqZWN0LCBOTVRPT0xCQVIgKmxwU3RydWN0KTs=
764	PREPROCESSOR	32390	32436	0	51f2d587bb8521f158a2cab77ee4327b1830ee33b4a047315c3f5d804a937b6a	CiNkZWZpbmUgTk1UT09MQkFSX3NpemVvZigpIHNpemVvZihOTVRPT0xCQVIpCg==
765	PREPROCESSOR	32436	32442	0	a95dbf91f6d6c3dc84eb44907afe37bdec7e3aa1cd0a07042249536df254415c	I2Vsc2UK
766	PREPROCESSOR	32442	32476	0	15fc2fd9d5b44f08699f65895370d2620dd332051c26ed1b8e3eba1c73d4e6de	I2RlZmluZSBjYWNoZU5NVE9PTEJBUkZpZWxkcyhhLGIpCg==
767	PREPROCESSOR	32476	32515	0	49a668c81a53aa04a32f15e3138a1858edbeb41c401b3cae74ac693fc94110c9	I2RlZmluZSBnZXROTVRPT0xCQVJGaWVsZHMoYSxiLGMpIE5VTEwK
768	PREPROCESSOR	32515	32549	0	24db4d3707d1cecbcbbfa0bc712500274d0a43639372cf2a7c90c3f8e9293cd3	I2RlZmluZSBzZXROTVRPT0xCQVJGaWVsZHMoYSxiLGMpCg==
769	PREPROCESSOR	32549	32578	0	d1bf0f223b81346f138df26050ee87543b17c641457621907135dc15c872f598	I2RlZmluZSBOTVRPT0xCQVJfc2l6ZW9mKCkgMAo=
770	PREPROCESSOR	32578	32585	0	9a349bbd1a21104f051e34b2c8a9e70cc7fbb50bc19a67781f2a140c386d9438	I2VuZGlmCg==
771	PREPROCESSOR	32585	32608	0	75202bebcc9345aa1661eea44fab768d51be59b3ea14858f22ffcb033d6d5aed	CiNpZm5kZWYgTk9fTk1UUkVFVklFVwo=
772	STATEMENT	32608	32666	0	67e4fd4a1b8569d2fab98af590c19f9db31e8723eaf69a27ae2ac24cc8d5145d	dm9pZCBjYWNoZU5NVFJFRVZJRVdGaWVsZHMoSk5JRW52ICplbnYsIGpvYmplY3QgbHBPYmplY3QpOw==
773	STATEMENT	32666	32752	0	516bfc288992f8eadafede30196a5dcbe22e53db44e2143c129107ff121fbccb	Ck5NVFJFRVZJRVcgKmdldE5NVFJFRVZJRVdGaWVsZHMoSk5JRW52ICplbnYsIGpvYmplY3QgbHBPYmplY3QsIE5NVFJFRVZJRVcgKmxwU3RydWN0KTs=
774	STATEMENT	32752	32831	0	8adf7d64b0b2934f91b3c6802121fbaa3cb6f88d65ccf61187547b137135e1b9	CnZvaWQgc2V0Tk1UUkVFVklFV0ZpZWxkcyhKTklFbnYgKmVudiwgam9iamVjdCBscE9iamVjdCwgTk1UUkVFVklFVyAqbHBTdHJ1Y3QpOw==
775	PREPROCESSOR	32831	32879	0	3658e6db2e4799ebf2db790c7be784bb3c19b4a1a2a0c85f24e5dcd5d3922140	CiNkZWZpbmUgTk1UUkVFVklFV19zaXplb2YoKSBzaXplb2YoTk1UUkVFVklFVykK
776	PREPROCESSOR	32879	32885	0	a95dbf91f6d6c3dc84eb44907afe37bdec7e3aa1cd0a07042249536df254415c	I2Vsc2UK
777	PREPROCESSOR	32885	32920	0	a101b0d3315a68428a6c55adc5878c9c49ceffc2e7421c7cf0695c1bcfa635fd	I2RlZmluZSBjYWNoZU5NVFJFRVZJRVdGaWVsZHMoYSxiKQo=
778	PREPROCESSOR	32920	32960	0	8967a21fa7e429cc00ac9d14649f52de1c86292c78abd98a6f46b8089f36bf24	I2RlZmluZSBnZXROTVRSRUVWSUVXRmllbGRzKGEsYixjKSBOVUxMCg==
779	PREPROCESSOR	32960	32995	0	ddafd360450838191a2ba6d7af5533163c388431f9e8ec26b89adbb5920377a8	I2RlZmluZSBzZXROTVRSRUVWSUVXRmllbGRzKGEsYixjKQo=
780	PREPROCESSOR	32995	33025	0	7112c3103cdb243761955a7475b2c998619e7fc32e51014b94d6aeb0f381a8e6	I2RlZmluZSBOTVRSRUVWSUVXX3NpemVvZigpIDAK
781	PREPROCESSOR	33025	33032	0	9a349bbd1a21104f051e34b2c8a9e70cc7fbb50bc19a67781f2a140c386d9438	I2VuZGlmCg==
782	PREPROCESSOR	33032	33059	0	7e5c0d52012caeba2a43f458ecdc210d883f1e76b5a4347f70bb7e6eb3bf4c3a	CiNpZm5kZWYgTk9fTk1UVENVU1RPTURSQVcK
783	STATEMENT	33059	33121	0	11138b10651caf4a31bf051592a295ba522bcffd73642b716b3f2071f454d158	dm9pZCBjYWNoZU5NVFRDVVNUT01EUkFXRmllbGRzKEpOSUVudiAqZW52LCBqb2JqZWN0IGxwT2JqZWN0KTs=
784	STATEMENT	33121	33219	0	90deb907f646a4e0477750ccfe23ce120bbf41c20ace1cc7136bcb065b73c037	Ck5NVFRDVVNUT01EUkFXICpnZXROTVRUQ1VTVE9NRFJBV0ZpZWxkcyhKTklFbnYgKmVudiwgam9iamVjdCBscE9iamVjdCwgTk1UVENVU1RPTURSQVcgKmxwU3RydWN0KTs=
785	STATEMENT	33219	33306	0	fcece75d9130c2a83f11ebe4a15b7399e75fb283ff62dd90e0193c4d44b061e1	CnZvaWQgc2V0Tk1UVENVU1RPTURSQVdGaWVsZHMoSk5JRW52ICplbnYsIGpvYmplY3QgbHBPYmplY3QsIE5NVFRDVVNUT01EUkFXICpscFN0cnVjdCk7
786	PREPROCESSOR	33306	33362	0	342cc619a97e1c2229ea3c2e61360a2244b99620cd143a1e5d87f4262bf1ee49	CiNkZWZpbmUgTk1UVENVU1RPTURSQVdfc2l6ZW9mKCkgc2l6ZW9mKE5NVFRDVVNUT01EUkFXKQo=
787	PREPROCESSOR	33362	33368	0	a95dbf91f6d6c3dc84eb44907afe37bdec7e3aa1cd0a07042249536df254415c	I2Vsc2UK
788	PREPROCESSOR	33368	33407	0	b43a766029f2a9ec0812377dc4357bf13ed7bba2c932f302d7b563ffe7a934cb	I2RlZmluZSBjYWNoZU5NVFRDVVNUT01EUkFXRmllbGRzKGEsYikK
789	PREPROCESSOR	33407	33451	0	2a48fe63462a6dbdc80b3f2bcecb693c7e5330384ef1060148dce214132c012e	I2RlZmluZSBnZXROTVRUQ1VTVE9NRFJBV0ZpZWxkcyhhLGIsYykgTlVMTAo=
790	PREPROCESSOR	33451	33490	0	b8f6bd50221e5e7262b2484ac0f5758893e0571046664885b1462299a34117cb	I2RlZmluZSBzZXROTVRUQ1VTVE9NRFJBV0ZpZWxkcyhhLGIsYykK
791	PREPROCESSOR	33490	33524	0	1e486f437da5074871ed676db069ac890984fbfb694496b3ea6849dd113783fd	I2RlZmluZSBOTVRUQ1VTVE9NRFJBV19zaXplb2YoKSAwCg==
792	PREPROCESSOR	33524	33531	0	9a349bbd1a21104f051e34b2c8a9e70cc7fbb50bc19a67781f2a140c386d9438	I2VuZGlmCg==
793	PREPROCESSOR	33531	33556	0	3dbc2a0f06dc6aedb04c3e3f8acbec52b4c8e5d173281267d87846ef02bc9a1d	CiNpZm5kZWYgTk9fTk1UVERJU1BJTkZPCg==
794	STATEMENT	33556	33616	0	e3a84b79fea4f8726feb1df4fb5b51dcf555d382a52371ea1ab983e99ae698d2	dm9pZCBjYWNoZU5NVFRESVNQSU5GT0ZpZWxkcyhKTklFbnYgKmVudiwgam9iamVjdCBscE9iamVjdCk7
795	STATEMENT	33616	33708	0	7d88896df19b72a094113a8388a9af304cc84ae5f1a035339c0777176cec0768	Ck5NVFRESVNQSU5GTyAqZ2V0Tk1UVERJU1BJTkZPRmllbGRzKEpOSUVudiAqZW52LCBqb2JqZWN0IGxwT2JqZWN0LCBOTVRURElTUElORk8gKmxwU3RydWN0KTs=
796	STATEMENT	33708	33791	0	d654ec6c301a3e99b7484ada554b2b773389ca9d44aaa17165238515b8139a82	CnZvaWQgc2V0Tk1UVERJU1BJTkZPRmllbGRzKEpOSUVudiAqZW52LCBqb2JqZWN0IGxwT2JqZWN0LCBOTVRURElTUElORk8gKmxwU3RydWN0KTs=
797	PREPROCESSOR	33791	33843	0	b80ddae77159414d93ee3802cb92683ba3706d72fdefcaa225ece0f9ff6fb172	CiNkZWZpbmUgTk1UVERJU1BJTkZPX3NpemVvZigpIHNpemVvZihOTVRURElTUElORk8pCg==
798	PREPROCESSOR	33843	33849	0	a95dbf91f6d6c3dc84eb44907afe37bdec7e3aa1cd0a07042249536df254415c	I2Vsc2UK
799	PREPROCESSOR	33849	33886	0	8154097e4a204404610559049170126315b6f5a3b01e3e5a9e48af7018aef5ae	I2RlZmluZSBjYWNoZU5NVFRESVNQSU5GT0ZpZWxkcyhhLGIpCg==
800	PREPROCESSOR	33886	33928	0	f0d116f9a6143d8c9e3ba9c3ba17c128463af50930be4bbcb48ed72aa7b8f758	I2RlZmluZSBnZXROTVRURElTUElORk9GaWVsZHMoYSxiLGMpIE5VTEwK
801	PREPROCESSOR	33928	33965	0	a3678c8a356b93d709e34bf79e446f6cd946bb00c86ff7f80d247ce03d2e6632	I2RlZmluZSBzZXROTVRURElTUElORk9GaWVsZHMoYSxiLGMpCg==
802	PREPROCESSOR	33965	33997	0	d55136715780169ce7bda3a3b70c11f098bf455addbcfb488d9ae89049930037	I2RlZmluZSBOTVRURElTUElORk9fc2l6ZW9mKCkgMAo=
803	PREPROCESSOR	33997	34004	0	9a349bbd1a21104f051e34b2c8a9e70cc7fbb50bc19a67781f2a140c386d9438	I2VuZGlmCg==
804	PREPROCESSOR	34004	34031	0	bfa39518788ee8e10a7fcb381bcdd1944a5b235d857a34d709350708f5825b5d	CiNpZm5kZWYgTk9fTk1UVkNVU1RPTURSQVcK
805	STATEMENT	34031	34093	0	9e29d5ffa420f9fd76005740bed940cb505f7422e80538a945d989e2e679f640	dm9pZCBjYWNoZU5NVFZDVVNUT01EUkFXRmllbGRzKEpOSUVudiAqZW52LCBqb2JqZWN0IGxwT2JqZWN0KTs=
806	STATEMENT	34093	34191	0	6cdef410386c96d3eda0a71aa14f9a5837752faa538dd16f610f8055176efb5d	Ck5NVFZDVVNUT01EUkFXICpnZXROTVRWQ1VTVE9NRFJBV0ZpZWxkcyhKTklFbnYgKmVudiwgam9iamVjdCBscE9iamVjdCwgTk1UVkNVU1RPTURSQVcgKmxwU3RydWN0KTs=
807	STATEMENT	34191	34278	0	1469b7b11e2db5442043e11358600460b836676e361e3246ae23ba52b6fa4415	CnZvaWQgc2V0Tk1UVkNVU1RPTURSQVdGaWVsZHMoSk5JRW52ICplbnYsIGpvYmplY3QgbHBPYmplY3QsIE5NVFZDVVNUT01EUkFXICpscFN0cnVjdCk7
808	PREPROCESSOR	34278	34334	0	d5900494e10c776942f8088cc93a47fe9f95f52d9a8d073805a0f8b7923f12df	CiNkZWZpbmUgTk1UVkNVU1RPTURSQVdfc2l6ZW9mKCkgc2l6ZW9mKE5NVFZDVVNUT01EUkFXKQo=
809	PREPROCESSOR	34334	34340	0	a95dbf91f6d6c3dc84eb44907afe37bdec7e3aa1cd0a07042249536df254415c	I2Vsc2UK
810	PREPROCESSOR	34340	34379	0	6afdbcb5d8236cbd384974b48938849a78f263996f74f46972746d9faff490ef	I2RlZmluZSBjYWNoZU5NVFZDVVNUT01EUkFXRmllbGRzKGEsYikK
811	PREPROCESSOR	34379	34423	0	0e039710ffee38dcc51e5c8d68fb6c4faa3c139e5898f081719161c9b5285bcf	I2RlZmluZSBnZXROTVRWQ1VTVE9NRFJBV0ZpZWxkcyhhLGIsYykgTlVMTAo=
812	PREPROCESSOR	34423	34462	0	36bbf5c047b0f4ebccf7a6fb7b121639b1c423acdd58e7664b82c611e3b53339	I2RlZmluZSBzZXROTVRWQ1VTVE9NRFJBV0ZpZWxkcyhhLGIsYykK
813	PREPROCESSOR	34462	34496	0	1ff9d913f30b55952f32cdc31a88661ff049ddf59a7cd65f632236ef17619fb4	I2RlZmluZSBOTVRWQ1VTVE9NRFJBV19zaXplb2YoKSAwCg==
814	PREPROCESSOR	34496	34503	0	9a349bbd1a21104f051e34b2c8a9e70cc7fbb50bc19a67781f2a140c386d9438	I2VuZGlmCg==
815	PREPROCESSOR	34503	34528	0	0f05adffa9f19bf0eb34b40a2e5d809417b88139cbb0d8502a1bcd93a7b41b10	CiNpZm5kZWYgTk9fTk1UVkRJU1BJTkZPCg==
816	STATEMENT	34528	34588	0	40f093494c7cbd21aed84abee9748a70e601ef5477e65bb9a29393f598a8014d	dm9pZCBjYWNoZU5NVFZESVNQSU5GT0ZpZWxkcyhKTklFbnYgKmVudiwgam9iamVjdCBscE9iamVjdCk7
817	STATEMENT	34588	34680	0	7b1211483b2db6ebb9a2a7e8b0e85a55e378d09ac09555c5ca47f6e7505600ca	Ck5NVFZESVNQSU5GTyAqZ2V0Tk1UVkRJU1BJTkZPRmllbGRzKEpOSUVudiAqZW52LCBqb2JqZWN0IGxwT2JqZWN0LCBOTVRWRElTUElORk8gKmxwU3RydWN0KTs=
818	STATEMENT	34680	34763	0	023a8f8363356bcd35d9b28eccf07c4f7a968c156942080835f84383e82747cf	CnZvaWQgc2V0Tk1UVkRJU1BJTkZPRmllbGRzKEpOSUVudiAqZW52LCBqb2JqZWN0IGxwT2JqZWN0LCBOTVRWRElTUElORk8gKmxwU3RydWN0KTs=
819	PREPROCESSOR	34763	34815	0	f38ed48a4f1c34cfb2735170ded8939608fda1997e24970fa7ea4a875b28f04d	CiNkZWZpbmUgTk1UVkRJU1BJTkZPX3NpemVvZigpIHNpemVvZihOTVRWRElTUElORk8pCg==
820	PREPROCESSOR	34815	34821	0	a95dbf91f6d6c3dc84eb44907afe37bdec7e3aa1cd0a07042249536df254415c	I2Vsc2UK
821	PREPROCESSOR	34821	34858	0	4c0a199242d010c1c6305697f0dee2e24abc6702dc3b2739eae56bc8519e57dd	I2RlZmluZSBjYWNoZU5NVFZESVNQSU5GT0ZpZWxkcyhhLGIpCg==
822	PREPROCESSOR	34858	34900	0	2436391450d6e7b235950d409c00258ab46ccd632833417c81edb1635e92b827	I2RlZmluZSBnZXROTVRWRElTUElORk9GaWVsZHMoYSxiLGMpIE5VTEwK
823	PREPROCESSOR	34900	34937	0	16ac06227da6b76c7e7d022b3cabfeed66210aa8e2966b137eea4a994c2d8cf0	I2RlZmluZSBzZXROTVRWRElTUElORk9GaWVsZHMoYSxiLGMpCg==
824	PREPROCESSOR	34937	34969	0	27b1d7abad0723810539b0c085d6b299c535b940b3086f54daf26b61859ce87b	I2RlZmluZSBOTVRWRElTUElORk9fc2l6ZW9mKCkgMAo=
825	PREPROCESSOR	34969	34976	0	9a349bbd1a21104f051e34b2c8a9e70cc7fbb50bc19a67781f2a140c386d9438	I2VuZGlmCg==
826	PREPROCESSOR	34976	35003	0	5a44e7aafe2b61e6a4530b125a6f57f42e7485f9d5e97f12cdac6f9ec85a5a21	CiNpZm5kZWYgTk9fTk1UVklURU1DSEFOR0UK
827	STATEMENT	35003	35065	0	1f8d6fd1dc80fc3701524a1066cdac048b41f019ec34dbf1454521a0b37696fb	dm9pZCBjYWNoZU5NVFZJVEVNQ0hBTkdFRmllbGRzKEpOSUVudiAqZW52LCBqb2JqZWN0IGxwT2JqZWN0KTs=
828	STATEMENT	35065	35163	0	bb90884a5dc9a7ca7e80319dde968efc5cad7d6a8a7fa0a0874a061c8ae8b7a8	Ck5NVFZJVEVNQ0hBTkdFICpnZXROTVRWSVRFTUNIQU5HRUZpZWxkcyhKTklFbnYgKmVudiwgam9iamVjdCBscE9iamVjdCwgTk1UVklURU1DSEFOR0UgKmxwU3RydWN0KTs=
829	STATEMENT	35163	35250	0	9c0bfcd110096d9f248477bff3a7d8fae65d8adf44a86a7b61ba3781d77ecf5c	CnZvaWQgc2V0Tk1UVklURU1DSEFOR0VGaWVsZHMoSk5JRW52ICplbnYsIGpvYmplY3QgbHBPYmplY3QsIE5NVFZJVEVNQ0hBTkdFICpscFN0cnVjdCk7
830	PREPROCESSOR	35250	35306	0	2029174cbe0b3635f3614659d2ac4562203f48d6054fbc3ba11bd7dcb8898e5a	CiNkZWZpbmUgTk1UVklURU1DSEFOR0Vfc2l6ZW9mKCkgc2l6ZW9mKE5NVFZJVEVNQ0hBTkdFKQo=
831	PREPROCESSOR	35306	35312	0	a95dbf91f6d6c3dc84eb44907afe37bdec7e3aa1cd0a07042249536df254415c	I2Vsc2UK
832	PREPROCESSOR	35312	35351	0	a62a3a4daee9be732afd876186baee2307005748dc025426094f37e08f3fd97b	I2RlZmluZSBjYWNoZU5NVFZJVEVNQ0hBTkdFRmllbGRzKGEsYikK
833	PREPROCESSOR	35351	35395	0	d3554d1ddd7dd569e63b90022ab22d0bab54fdce6786441284c90ecf7e12b423	I2RlZmluZSBnZXROTVRWSVRFTUNIQU5HRUZpZWxkcyhhLGIsYykgTlVMTAo=
834	PREPROCESSOR	35395	35434	0	9e80d82f2919c55ef30480b195ad3d5a4b3c16b9d0cbcbeebd49b02f3caaf301	I2RlZmluZSBzZXROTVRWSVRFTUNIQU5HRUZpZWxkcyhhLGIsYykK
835	PREPROCESSOR	35434	35468	0	e65b7c728a3fdf2d7efdd934781c54611cce821cf2c73e5f7cb46df3c19bef08	I2RlZmluZSBOTVRWSVRFTUNIQU5HRV9zaXplb2YoKSAwCg==
836	PREPROCESSOR	35468	35475	0	9a349bbd1a21104f051e34b2c8a9e70cc7fbb50bc19a67781f2a140c386d9438	I2VuZGlmCg==
837	PREPROCESSOR	35475	35496	0	a2d846dd4a3287aff80ee6532097925e743cc3df2778d6e1eeac31e4df022b1c	CiNpZm5kZWYgTk9fTk1VUERPV04K
838	STATEMENT	35496	35552	0	7ea65ff2b87dbec65a012993cafc485e406ba95c007807a909d0206c842d0548	dm9pZCBjYWNoZU5NVVBET1dORmllbGRzKEpOSUVudiAqZW52LCBqb2JqZWN0IGxwT2JqZWN0KTs=
839	STATEMENT	35552	35632	0	90d1bbbdd7c17634c90d22fdc6cad0558f16b60dc8a5dd1fb5390cb94949e772	Ck5NVVBET1dOICpnZXROTVVQRE9XTkZpZWxkcyhKTklFbnYgKmVudiwgam9iamVjdCBscE9iamVjdCwgTk1VUERPV04gKmxwU3RydWN0KTs=
840	STATEMENT	35632	35707	0	44a566359f44c3f92d6a6dd65a35d8d5449848d5b75e0fad3faf5cb27d655ff1	CnZvaWQgc2V0Tk1VUERPV05GaWVsZHMoSk5JRW52ICplbnYsIGpvYmplY3QgbHBPYmplY3QsIE5NVVBET1dOICpscFN0cnVjdCk7
841	PREPROCESSOR	35707	35751	0	cf8b4dc475a0c822594996d77553c2f69cb08df2edc46e5a1f77535944f9d672	CiNkZWZpbmUgTk1VUERPV05fc2l6ZW9mKCkgc2l6ZW9mKE5NVVBET1dOKQo=
842	PREPROCESSOR	35751	35757	0	a95dbf91f6d6c3dc84eb44907afe37bdec7e3aa1cd0a07042249536df254415c	I2Vsc2UK
843	PREPROCESSOR	35757	35790	0	6bd9e35b0beadeeb554744c93484dc0ae7272e085d4a748c3e3375842e642bd8	I2RlZmluZSBjYWNoZU5NVVBET1dORmllbGRzKGEsYikK
844	PREPROCESSOR	35790	35828	0	72ab5a27475c6ddbbd8f4dfb7c0a880f550259c323a98fad9b12ca0076d089f2	I2RlZmluZSBnZXROTVVQRE9XTkZpZWxkcyhhLGIsYykgTlVMTAo=
845	PREPROCESSOR	35828	35861	0	a3381ec84971cadd9f62fc684a296e3b6e53bb3ba34175f789ef1d801d940f95	I2RlZmluZSBzZXROTVVQRE9XTkZpZWxkcyhhLGIsYykK
846	PREPROCESSOR	35861	35889	0	071139bc393ee5ce8af33ba0546600924ba4a99d76716c8f87935173a2bf0500	I2RlZmluZSBOTVVQRE9XTl9zaXplb2YoKSAwCg==
847	PREPROCESSOR	35889	35896	0	9a349bbd1a21104f051e34b2c8a9e70cc7fbb50bc19a67781f2a140c386d9438	I2VuZGlmCg==
848	PREPROCESSOR	35896	35925	0	a7e8aa7ec419c4ce1fca730cfb004ee34487ff6b79035a238edada364c5f1893	CiNpZm5kZWYgTk9fTk9OQ0xJRU5UTUVUUklDUwo=
849	STATEMENT	35925	35989	0	fff103a59a4a3ae64120097570f874f3080eff7bd14d6a3bab88016f3fdb5625	dm9pZCBjYWNoZU5PTkNMSUVOVE1FVFJJQ1NGaWVsZHMoSk5JRW52ICplbnYsIGpvYmplY3QgbHBPYmplY3QpOw==
850	STATEMENT	35989	36093	0	a99ecbf188cd88d6e41fc1757ca7c902a93293cb88cbad1a2cc621b7b4b6da1a	Ck5PTkNMSUVOVE1FVFJJQ1MgKmdldE5PTkNMSUVOVE1FVFJJQ1NGaWVsZHMoSk5JRW52ICplbnYsIGpvYmplY3QgbHBPYmplY3QsIE5PTkNMSUVOVE1FVFJJQ1MgKmxwU3RydWN0KTs=
851	STATEMENT	36093	36184	0	3e724b5eeefdf82c15e9a5d9c5f62f2e3e82d6dabc47cb93601a03953639d564	CnZvaWQgc2V0Tk9OQ0xJRU5UTUVUUklDU0ZpZWxkcyhKTklFbnYgKmVudiwgam9iamVjdCBscE9iamVjdCwgTk9OQ0xJRU5UTUVUUklDUyAqbHBTdHJ1Y3QpOw==
852	PREPROCESSOR	36184	36244	0	5d67e9ea4b7d95773570154051e06044ba15cee1b06d600edc6a8ae92dfce8f8	CiNkZWZpbmUgTk9OQ0xJRU5UTUVUUklDU19zaXplb2YoKSBzaXplb2YoTk9OQ0xJRU5UTUVUUklDUykK
853	PREPROCESSOR	36244	36250	0	a95dbf91f6d6c3dc84eb44907afe37bdec7e3aa1cd0a07042249536df254415c	I2Vsc2UK
854	PREPROCESSOR	36250	36291	0	dab88b2753a7c84a05080945fcdae42e5a07accc12431a78f16abba35d930f86	I2RlZmluZSBjYWNoZU5PTkNMSUVOVE1FVFJJQ1NGaWVsZHMoYSxiKQo=
855	PREPROCESSOR	36291	36337	0	d1f2370db869124bfcd8a9f5cd09aad10c72e35595c258ee49ba3d3c7c795304	I2RlZmluZSBnZXROT05DTElFTlRNRVRSSUNTRmllbGRzKGEsYixjKSBOVUxMCg==
856	PREPROCESSOR	36337	36378	0	c10c57685cb530aa48de93a9b21560c5ba153b07191224870be3c52ee05bb216	I2RlZmluZSBzZXROT05DTElFTlRNRVRSSUNTRmllbGRzKGEsYixjKQo=
857	PREPROCESSOR	36378	36414	0	34516bbd68f53d93b06431cad8410506b16484e7b69173ce0c880a940b0f9b11	I2RlZmluZSBOT05DTElFTlRNRVRSSUNTX3NpemVvZigpIDAK
858	PREPROCESSOR	36414	36421	0	9a349bbd1a21104f051e34b2c8a9e70cc7fbb50bc19a67781f2a140c386d9438	I2VuZGlmCg==
859	PREPROCESSOR	36421	36448	0	f581d3ccb17438a9c2a964b294d4414d36987cff55be56ee49258c8654d4fcb6	CiNpZm5kZWYgTk9fTk9USUZZSUNPTkRBVEEK
860	STATEMENT	36448	36510	0	8cc4d63228f92e6dd71a82dcadd12f4e346bec97520f7ef270ce84389a819ead	dm9pZCBjYWNoZU5PVElGWUlDT05EQVRBRmllbGRzKEpOSUVudiAqZW52LCBqb2JqZWN0IGxwT2JqZWN0KTs=
861	STATEMENT	36510	36608	0	f7b27b4eaabf7b9fe8ae0445813af63f5e16a5c827ec96defc83ee1c7586e2d3	Ck5PVElGWUlDT05EQVRBICpnZXROT1RJRllJQ09OREFUQUZpZWxkcyhKTklFbnYgKmVudiwgam9iamVjdCBscE9iamVjdCwgTk9USUZZSUNPTkRBVEEgKmxwU3RydWN0KTs=
862	STATEMENT	36608	36695	0	34834e14036a802bf9900b1c9e1324f2e45cf09d3201bf47b541907a043783e3	CnZvaWQgc2V0Tk9USUZZSUNPTkRBVEFGaWVsZHMoSk5JRW52ICplbnYsIGpvYmplY3QgbHBPYmplY3QsIE5PVElGWUlDT05EQVRBICpscFN0cnVjdCk7
863	PREPROCESSOR	36695	36751	0	eb704ccaebf7f74b103709fd2c7c6dad5e0ce5b517c9164a7c128b3f1520b4d9	CiNkZWZpbmUgTk9USUZZSUNPTkRBVEFfc2l6ZW9mKCkgc2l6ZW9mKE5PVElGWUlDT05EQVRBKQo=
864	PREPROCESSOR	36751	36757	0	a95dbf91f6d6c3dc84eb44907afe37bdec7e3aa1cd0a07042249536df254415c	I2Vsc2UK
865	PREPROCESSOR	36757	36796	0	2c940b30478ffa38e4f74bb0e25844f8ec3f47cbe2211932690cb7f25344a414	I2RlZmluZSBjYWNoZU5PVElGWUlDT05EQVRBRmllbGRzKGEsYikK
866	PREPROCESSOR	36796	36840	0	6f62ef9c7b416f0abdb077c116d142039684f7031842186291b6cb8afaff832b	I2RlZmluZSBnZXROT1RJRllJQ09OREFUQUZpZWxkcyhhLGIsYykgTlVMTAo=
867	PREPROCESSOR	36840	36879	0	3555eaaa12fb2e2b8fb3291b380e62b093e07842db6cd3a30952dd584434bad3	I2RlZmluZSBzZXROT1RJRllJQ09OREFUQUZpZWxkcyhhLGIsYykK
868	PREPROCESSOR	36879	36913	0	08f3a56cda33d18e0d98f4b1cd23bdb2e8669365468089d47272166f45b24a99	I2RlZmluZSBOT1RJRllJQ09OREFUQV9zaXplb2YoKSAwCg==
869	PREPROCESSOR	36913	36920	0	9a349bbd1a21104f051e34b2c8a9e70cc7fbb50bc19a67781f2a140c386d9438	I2VuZGlmCg==
870	PREPROCESSOR	36920	36950	0	c00f1393e6a008687158c6ed5ecf3cc47961c7896485b25f5eca81e06370fa02	CiNpZm5kZWYgTk9fT1VUTElORVRFWFRNRVRSSUMK
871	STATEMENT	36950	37015	0	91b6a0daf2f34c6126d3b2811b7ff710bee5e1ffa7cd387bf97e426e419b28bd	dm9pZCBjYWNoZU9VVExJTkVURVhUTUVUUklDRmllbGRzKEpOSUVudiAqZW52LCBqb2JqZWN0IGxwT2JqZWN0KTs=
872	STATEMENT	37015	37122	0	07e6011746bb6d56ee326c000a3af90292c6ab517b5ed5e00d83c01a91ca62f1	Ck9VVExJTkVURVhUTUVUUklDICpnZXRPVVRMSU5FVEVYVE1FVFJJQ0ZpZWxkcyhKTklFbnYgKmVudiwgam9iamVjdCBscE9iamVjdCwgT1VUTElORVRFWFRNRVRSSUMgKmxwU3RydWN0KTs=
873	STATEMENT	37122	37215	0	f93635b84c960bcdf7d91fe6af0731a53fe244742d00fb02fed92682a5fb3c29	CnZvaWQgc2V0T1VUTElORVRFWFRNRVRSSUNGaWVsZHMoSk5JRW52ICplbnYsIGpvYmplY3QgbHBPYmplY3QsIE9VVExJTkVURVhUTUVUUklDICpscFN0cnVjdCk7
874	PREPROCESSOR	37215	37277	0	4e22afd7682c4ee9f2b0708cf3f9e19ad3607795d666c4ef5fd6bc65d7009004	CiNkZWZpbmUgT1VUTElORVRFWFRNRVRSSUNfc2l6ZW9mKCkgc2l6ZW9mKE9VVExJTkVURVhUTUVUUklDKQo=
875	PREPROCESSOR	37277	37283	0	a95dbf91f6d6c3dc84eb44907afe37bdec7e3aa1cd0a07042249536df254415c	I2Vsc2UK
876	PREPROCESSOR	37283	37325	0	9562074272c7df7b8ec8210c4b36be6454f5c081463d836a383d577dddd80639	I2RlZmluZSBjYWNoZU9VVExJTkVURVhUTUVUUklDRmllbGRzKGEsYikK
877	PREPROCESSOR	37325	37372	0	a523bbe0dfc0cd098f3871f978b2643de4373511167aebe3eb4d037e15c2fce9	I2RlZmluZSBnZXRPVVRMSU5FVEVYVE1FVFJJQ0ZpZWxkcyhhLGIsYykgTlVMTAo=
878	PREPROCESSOR	37372	37414	0	a920e69e468b4d58f4b13b93da93227bac5a6b1e0d0aa2fb9edb866bdd663cf3	I2RlZmluZSBzZXRPVVRMSU5FVEVYVE1FVFJJQ0ZpZWxkcyhhLGIsYykK
879	PREPROCESSOR	37414	37451	0	668fc0084ccf62823fc61aa55343b5489e57d26ff188c2ccc0491665acde4123	I2RlZmluZSBPVVRMSU5FVEVYVE1FVFJJQ19zaXplb2YoKSAwCg==
880	PREPROCESSOR	37451	37458	0	9a349bbd1a21104f051e34b2c8a9e70cc7fbb50bc19a67781f2a140c386d9438	I2VuZGlmCg==
881	PREPROCESSOR	37458	37482	0	2f75955282da838be30469cb8944171b59f3e54a84c0252d7abd471af6b1574e	CiNpZm5kZWYgTk9fUEFJTlRTVFJVQ1QK
882	STATEMENT	37482	37541	0	db4e99e6119bbf644e29efaa8951459e227ecf71a7d864225194fd5a24f701e4	dm9pZCBjYWNoZVBBSU5UU1RSVUNURmllbGRzKEpOSUVudiAqZW52LCBqb2JqZWN0IGxwT2JqZWN0KTs=
883	STATEMENT	37541	37630	0	e8e643eeb526218bc49982d135bbead8682f1c7730055f5f3eef7831525755a6	ClBBSU5UU1RSVUNUICpnZXRQQUlOVFNUUlVDVEZpZWxkcyhKTklFbnYgKmVudiwgam9iamVjdCBscE9iamVjdCwgUEFJTlRTVFJVQ1QgKmxwU3RydWN0KTs=
884	STATEMENT	37630	37711	0	fb1324078f5a6851d54574f3476a3e78d9748628890533a4e1a8081f2e8540ce	CnZvaWQgc2V0UEFJTlRTVFJVQ1RGaWVsZHMoSk5JRW52ICplbnYsIGpvYmplY3QgbHBPYmplY3QsIFBBSU5UU1RSVUNUICpscFN0cnVjdCk7
885	PREPROCESSOR	37711	37761	0	7aebb959391a8720121d1f51ab3e3db07e1203fd257a806d6e9be13149a83291	CiNkZWZpbmUgUEFJTlRTVFJVQ1Rfc2l6ZW9mKCkgc2l6ZW9mKFBBSU5UU1RSVUNUKQo=
886	PREPROCESSOR	37761	37767	0	a95dbf91f6d6c3dc84eb44907afe37bdec7e3aa1cd0a07042249536df254415c	I2Vsc2UK
887	PREPROCESSOR	37767	37803	0	85dcf357127e8fd639797c9c61bca20e369a1703752ce06ae026c4c5121fa47c	I2RlZmluZSBjYWNoZVBBSU5UU1RSVUNURmllbGRzKGEsYikK
888	PREPROCESSOR	37803	37844	0	63c2662ea532bd315947e82bbd8af184f4b860d29abd15e5ea3be267302e0817	I2RlZmluZSBnZXRQQUlOVFNUUlVDVEZpZWxkcyhhLGIsYykgTlVMTAo=
889	PREPROCESSOR	37844	37880	0	8c1297ca050b5a7726764d861b6f26ce8e69ab41c6ce1124057098b7c23b172e	I2RlZmluZSBzZXRQQUlOVFNUUlVDVEZpZWxkcyhhLGIsYykK
890	PREPROCESSOR	37880	37911	0	339476eec29e5bb59b10a2109f0dc32f2874731a00950b8e4fa1e640c435f4c5	I2RlZmluZSBQQUlOVFNUUlVDVF9zaXplb2YoKSAwCg==
891	PREPROCESSOR	37911	37918	0	9a349bbd1a21104f051e34b2c8a9e70cc7fbb50bc19a67781f2a140c386d9438	I2VuZGlmCg==
892	PREPROCESSOR	37918	37936	0	e2c93587102308d2fc723a17d5120468add6511367abaa7a237ced3b5fc5cb39	CiNpZm5kZWYgTk9fUE9JTlQK
893	STATEMENT	37936	37989	0	fe4657baec3aee720a1dcbcae4ecaf2ca33c2b66aec25852f16d993615a404e2	dm9pZCBjYWNoZVBPSU5URmllbGRzKEpOSUVudiAqZW52LCBqb2JqZWN0IGxwT2JqZWN0KTs=
894	STATEMENT	37989	38060	0	e180915133bd0ad0033673d70cb98ab4a2a79883017d050865c6e6dad4894652	ClBPSU5UICpnZXRQT0lOVEZpZWxkcyhKTklFbnYgKmVudiwgam9iamVjdCBscE9iamVjdCwgUE9JTlQgKmxwU3RydWN0KTs=
895	STATEMENT	38060	38129	0	fb4e8078fa9a36a5f27a7ec8611714926c1f28f071719c7574083df044354b59	CnZvaWQgc2V0UE9JTlRGaWVsZHMoSk5JRW52ICplbnYsIGpvYmplY3QgbHBPYmplY3QsIFBPSU5UICpscFN0cnVjdCk7
896	PREPROCESSOR	38129	38167	0	ea5af204a5edf08e61ba6b79becd825c0c8ff23f114a443d7ed1dfe65ad95a3d	CiNkZWZpbmUgUE9JTlRfc2l6ZW9mKCkgc2l6ZW9mKFBPSU5UKQo=
897	PREPROCESSOR	38167	38173	0	a95dbf91f6d6c3dc84eb44907afe37bdec7e3aa1cd0a07042249536df254415c	I2Vsc2UK
898	PREPROCESSOR	38173	38203	0	8b9784eff02a720f77d4b7740942d21728bb33f95e7c462d93f00cc2252fe716	I2RlZmluZSBjYWNoZVBPSU5URmllbGRzKGEsYikK
899	PREPROCESSOR	38203	38238	0	68f52ac40bdcb5b18e95ca39ba76941b3bc676022476f93d3b84aa05a06a75be	I2RlZmluZSBnZXRQT0lOVEZpZWxkcyhhLGIsYykgTlVMTAo=
900	PREPROCESSOR	38238	38268	0	38a9c6889e802a7fc3acc25ff362e0d017ec958d12c5af3855a85cc609438b4a	I2RlZmluZSBzZXRQT0lOVEZpZWxkcyhhLGIsYykK
901	PREPROCESSOR	38268	38293	0	a27902e1ee28a8b145e4812df3c090c07af58d692ae1d0c246924297392f1142	I2RlZmluZSBQT0lOVF9zaXplb2YoKSAwCg==
902	PREPROCESSOR	38293	38300	0	9a349bbd1a21104f051e34b2c8a9e70cc7fbb50bc19a67781f2a140c386d9438	I2VuZGlmCg==
903	PREPROCESSOR	38300	38321	0	5ad0cb7d8568094e75d63ae7cb22e6be18d7c96049de4b3bfc652f46d9279a4a	CiNpZm5kZWYgTk9fUFJJTlRETEcK
904	STATEMENT	38321	38377	0	a0ae8225b2d062601cc19e439078dc68e43d3375aba1852f54714e47ed6e7b80	dm9pZCBjYWNoZVBSSU5URExHRmllbGRzKEpOSUVudiAqZW52LCBqb2JqZWN0IGxwT2JqZWN0KTs=
905	STATEMENT	38377	38457	0	f1e5ac100c419479b366e4bd76b45e6a3be860c32e45255b5ef64ec81f1a7001	ClBSSU5URExHICpnZXRQUklOVERMR0ZpZWxkcyhKTklFbnYgKmVudiwgam9iamVjdCBscE9iamVjdCwgUFJJTlRETEcgKmxwU3RydWN0KTs=
906	STATEMENT	38457	38532	0	94f70a9d5bbbcfd09451d3ef51400b1e5d81cb9cc4e84779e932fc949aea0106	CnZvaWQgc2V0UFJJTlRETEdGaWVsZHMoSk5JRW52ICplbnYsIGpvYmplY3QgbHBPYmplY3QsIFBSSU5URExHICpscFN0cnVjdCk7
907	PREPROCESSOR	38532	38576	0	c1000c692244766f6189a05110b99d33343bbc9c0bdbda955e19c5401711b6ee	CiNkZWZpbmUgUFJJTlRETEdfc2l6ZW9mKCkgc2l6ZW9mKFBSSU5URExHKQo=
908	PREPROCESSOR	38576	38582	0	a95dbf91f6d6c3dc84eb44907afe37bdec7e3aa1cd0a07042249536df254415c	I2Vsc2UK
909	PREPROCESSOR	38582	38615	0	5d50619030d1521e56b017a040e30f5f79fc4f016ad9adc344be4ef9536a0a21	I2RlZmluZSBjYWNoZVBSSU5URExHRmllbGRzKGEsYikK
910	PREPROCESSOR	38615	38653	0	b8e5201803bab1797c83b47b7347c4b644b07fb2f61c29e0c3355032429d368b	I2RlZmluZSBnZXRQUklOVERMR0ZpZWxkcyhhLGIsYykgTlVMTAo=
911	PREPROCESSOR	38653	38686	0	f8b567a84d637f30eacfadd6881cf509d34e44b1697d4e1509acea256d136243	I2RlZmluZSBzZXRQUklOVERMR0ZpZWxkcyhhLGIsYykK
912	PREPROCESSOR	38686	38714	0	25e1861db63219362edc38a28e47e0647517313ea46e56d1af283d2cde489850	I2RlZmluZSBQUklOVERMR19zaXplb2YoKSAwCg==
913	PREPROCESSOR	38714	38721	0	9a349bbd1a21104f051e34b2c8a9e70cc7fbb50bc19a67781f2a140c386d9438	I2VuZGlmCg==
914	PREPROCESSOR	38721	38753	0	9bef92355cf891cceaec5dfe744d1b5dbe5c80f67c8ff8d831c13d0d0b22b9d4	CiNpZm5kZWYgTk9fUFJPQ0VTU19JTkZPUk1BVElPTgo=
915	STATEMENT	38753	38820	0	c62167724562e092a3e570e5d19ac4b76c16ba1bb0173300d512b6e391bb44e6	dm9pZCBjYWNoZVBST0NFU1NfSU5GT1JNQVRJT05GaWVsZHMoSk5JRW52ICplbnYsIGpvYmplY3QgbHBPYmplY3QpOw==
916	STATEMENT	38820	38933	0	adc6b39251c09edcbc9808b1aee897383b6ca840c16082c82369dc74d8a61907	ClBST0NFU1NfSU5GT1JNQVRJT04gKmdldFBST0NFU1NfSU5GT1JNQVRJT05GaWVsZHMoSk5JRW52ICplbnYsIGpvYmplY3QgbHBPYmplY3QsIFBST0NFU1NfSU5GT1JNQVRJT04gKmxwU3RydWN0KTs=
917	STATEMENT	38933	39030	0	f312b28e858629811768e0fa1f8474db30d26527f30db479c7d0392a3a7ab7d7	CnZvaWQgc2V0UFJPQ0VTU19JTkZPUk1BVElPTkZpZWxkcyhKTklFbnYgKmVudiwgam9iamVjdCBscE9iamVjdCwgUFJPQ0VTU19JTkZPUk1BVElPTiAqbHBTdHJ1Y3QpOw==
918	PREPROCESSOR	39030	39096	0	9bb8c70f6725cc42cffc240fc9b1a9778d90263624a022c3fd1cc47dce82b063	CiNkZWZpbmUgUFJPQ0VTU19JTkZPUk1BVElPTl9zaXplb2YoKSBzaXplb2YoUFJPQ0VTU19JTkZPUk1BVElPTikK
919	PREPROCESSOR	39096	39102	0	a95dbf91f6d6c3dc84eb44907afe37bdec7e3aa1cd0a07042249536df254415c	I2Vsc2UK
920	PREPROCESSOR	39102	39146	0	8bcf4f80237161c93f08d0badfdb371a0eefd0c24a5a67e44abb0022b1f2eef6	I2RlZmluZSBjYWNoZVBST0NFU1NfSU5GT1JNQVRJT05GaWVsZHMoYSxiKQo=
921	PREPROCESSOR	39146	39195	0	bfacc0b01c6955721beb488bea7d82a19ca49f98d52523b4925a7033357c2904	I2RlZmluZSBnZXRQUk9DRVNTX0lORk9STUFUSU9ORmllbGRzKGEsYixjKSBOVUxMCg==
922	PREPROCESSOR	39195	39239	0	090a6ddf9c70100f0f2a695dfe84aab4712d9944d004d4e6abafa1d052bd9dae	I2RlZmluZSBzZXRQUk9DRVNTX0lORk9STUFUSU9ORmllbGRzKGEsYixjKQo=
923	PREPROCESSOR	39239	39278	0	1130c4ef4f7416c4244003101ac79df1a7f8015ac7b3b60d513a09c329f94f63	I2RlZmluZSBQUk9DRVNTX0lORk9STUFUSU9OX3NpemVvZigpIDAK
924	PREPROCESSOR	39278	39285	0	9a349bbd1a21104f051e34b2c8a9e70cc7fbb50bc19a67781f2a140c386d9438	I2VuZGlmCg==
925	PREPROCESSOR	39285	39309	0	376576190e82086e07ba586e36f4b13e0cdb7e14250b786af2a37e24cf505f21	CiNpZm5kZWYgTk9fUFJPUEVSVFlLRVkK
926	STATEMENT	39309	39368	0	2fc8be826a4089005f051b83b4ca5e1fceacd5d9de7850feae7b2fa039318b42	dm9pZCBjYWNoZVBST1BFUlRZS0VZRmllbGRzKEpOSUVudiAqZW52LCBqb2JqZWN0IGxwT2JqZWN0KTs=
927	STATEMENT	39368	39457	0	719157859a7356ffb778d9d1e081bd253ef448379f3df13a6efbefdb87622038	ClBST1BFUlRZS0VZICpnZXRQUk9QRVJUWUtFWUZpZWxkcyhKTklFbnYgKmVudiwgam9iamVjdCBscE9iamVjdCwgUFJPUEVSVFlLRVkgKmxwU3RydWN0KTs=
928	STATEMENT	39457	39538	0	8e084a415392c6b7d5f21a1a1509a23518a27d4592c4b76321b4ea742fec3ec2	CnZvaWQgc2V0UFJPUEVSVFlLRVlGaWVsZHMoSk5JRW52ICplbnYsIGpvYmplY3QgbHBPYmplY3QsIFBST1BFUlRZS0VZICpscFN0cnVjdCk7
929	PREPROCESSOR	39538	39588	0	8ff4dc2b896bc7929c9a89022b10c78b4d83a2973800325341c51953b103aa1c	CiNkZWZpbmUgUFJPUEVSVFlLRVlfc2l6ZW9mKCkgc2l6ZW9mKFBST1BFUlRZS0VZKQo=
930	PREPROCESSOR	39588	39594	0	a95dbf91f6d6c3dc84eb44907afe37bdec7e3aa1cd0a07042249536df254415c	I2Vsc2UK
931	PREPROCESSOR	39594	39630	0	e91d975bc254a7ed7f5840b30d5fd8cf7a04ecd9187a04c61c9a4bdb668da95c	I2RlZmluZSBjYWNoZVBST1BFUlRZS0VZRmllbGRzKGEsYikK
932	PREPROCESSOR	39630	39671	0	3a3a86e04edcbfa59e88dd7922c53ce056586303b49e0c84c0485528bda16be6	I2RlZmluZSBnZXRQUk9QRVJUWUtFWUZpZWxkcyhhLGIsYykgTlVMTAo=
933	PREPROCESSOR	39671	39707	0	fcf0d6f6f7b6c2f946e1e9716a57ec53ed3551aa26f966e201657460eed1897f	I2RlZmluZSBzZXRQUk9QRVJUWUtFWUZpZWxkcyhhLGIsYykK
934	PREPROCESSOR	39707	39738	0	ee1ac3713762be3b69a51583dca0edf3ee85394dc33abf09141502a58f566207	I2RlZmluZSBQUk9QRVJUWUtFWV9zaXplb2YoKSAwCg==
935	PREPROCESSOR	39738	39745	0	9a349bbd1a21104f051e34b2c8a9e70cc7fbb50bc19a67781f2a140c386d9438	I2VuZGlmCg==
936	PREPROCESSOR	39745	39771	0	3657c09ce141fa174e06101ebbae82479b844afb5a51584aef5335e59ee3499e	CiNpZm5kZWYgTk9fUkVCQVJCQU5ESU5GTwo=
937	STATEMENT	39771	39832	0	ca45a4a5d8e64d3f27b5d149c420fe2f238361c10ab542d166fe7c6e492e4f19	dm9pZCBjYWNoZVJFQkFSQkFORElORk9GaWVsZHMoSk5JRW52ICplbnYsIGpvYmplY3QgbHBPYmplY3QpOw==
938	STATEMENT	39832	39927	0	f628e6769e0d750566c4f7b2f75a915f213c99881ff4407e3cbe374c9731e4f7	ClJFQkFSQkFORElORk8gKmdldFJFQkFSQkFORElORk9GaWVsZHMoSk5JRW52ICplbnYsIGpvYmplY3QgbHBPYmplY3QsIFJFQkFSQkFORElORk8gKmxwU3RydWN0KTs=
939	STATEMENT	39927	40012	0	c8f6498aea876999996bc8fec897c82feb893139202916df84a3c5b2027d668b	CnZvaWQgc2V0UkVCQVJCQU5ESU5GT0ZpZWxkcyhKTklFbnYgKmVudiwgam9iamVjdCBscE9iamVjdCwgUkVCQVJCQU5ESU5GTyAqbHBTdHJ1Y3QpOw==
940	PREPROCESSOR	40012	40066	0	f28140d831853de16239bd943ddcb57e181330eed53521d68763c38549c1b671	CiNkZWZpbmUgUkVCQVJCQU5ESU5GT19zaXplb2YoKSBzaXplb2YoUkVCQVJCQU5ESU5GTykK
941	PREPROCESSOR	40066	40072	0	a95dbf91f6d6c3dc84eb44907afe37bdec7e3aa1cd0a07042249536df254415c	I2Vsc2UK
942	PREPROCESSOR	40072	40110	0	e1b3b8bb790b33e88c68ef6718b5804ac3e3d11f51e3909eb46af1c650ce09df	I2RlZmluZSBjYWNoZVJFQkFSQkFORElORk9GaWVsZHMoYSxiKQo=
943	PREPROCESSOR	40110	40153	0	97d3e6b39d411e2e4adca2afecc7583bf2b87d699328d2e24b3d2d14721261d4	I2RlZmluZSBnZXRSRUJBUkJBTkRJTkZPRmllbGRzKGEsYixjKSBOVUxMCg==
944	PREPROCESSOR	40153	40191	0	02536db2872f605098a2d907b887f6d82a85aed8752faaf3397699404f3bed97	I2RlZmluZSBzZXRSRUJBUkJBTkRJTkZPRmllbGRzKGEsYixjKQo=
945	PREPROCESSOR	40191	40224	0	8634994db8a7ed2a1a46e64eb1a89f11d1705e4b5dbca5d6c44837d8bfdcf9e7	I2RlZmluZSBSRUJBUkJBTkRJTkZPX3NpemVvZigpIDAK
946	PREPROCESSOR	40224	40231	0	9a349bbd1a21104f051e34b2c8a9e70cc7fbb50bc19a67781f2a140c386d9438	I2VuZGlmCg==
947	PREPROCESSOR	40231	40248	0	2881332a1c4bed58da2b5b2912bd0c5c9818cd6375841391df4dd099ae8f8a46	CiNpZm5kZWYgTk9fUkVDVAo=
948	STATEMENT	40248	40300	0	4973175e56b7ee97c6974f85ed46f3258c6d753694d37e884842f8be2e9393cb	dm9pZCBjYWNoZVJFQ1RGaWVsZHMoSk5JRW52ICplbnYsIGpvYmplY3QgbHBPYmplY3QpOw==
949	STATEMENT	40300	40368	0	26390d945adfe9f4f221cf5b8205ee56cdc009a0ea4d710e6f3ff7691350d914	ClJFQ1QgKmdldFJFQ1RGaWVsZHMoSk5JRW52ICplbnYsIGpvYmplY3QgbHBPYmplY3QsIFJFQ1QgKmxwU3RydWN0KTs=
950	STATEMENT	40368	40435	0	05cb0daf51f72fe151e614252b707fc6ccab2eb663df83270d6c3b3e9080f4db	CnZvaWQgc2V0UkVDVEZpZWxkcyhKTklFbnYgKmVudiwgam9iamVjdCBscE9iamVjdCwgUkVDVCAqbHBTdHJ1Y3QpOw==
951	PREPROCESSOR	40435	40471	0	47282aba8923742b8b4abf59d5adc55f79372c6752497d1aa5e32c1fefc404ac	CiNkZWZpbmUgUkVDVF9zaXplb2YoKSBzaXplb2YoUkVDVCkK
952	PREPROCESSOR	40471	40477	0	a95dbf91f6d6c3dc84eb44907afe37bdec7e3aa1cd0a07042249536df254415c	I2Vsc2UK
953	PREPROCESSOR	40477	40506	0	cf9a4bc08f0907d8e4be06f6aebba45331b890d27fd8e79e803a7d66ca505a22	I2RlZmluZSBjYWNoZVJFQ1RGaWVsZHMoYSxiKQo=
954	PREPROCESSOR	40506	40540	0	8539f5350296ae5cd55f68266597b86862d796be4460b36de6e192f55168764f	I2RlZmluZSBnZXRSRUNURmllbGRzKGEsYixjKSBOVUxMCg==
955	PREPROCESSOR	40540	40569	0	4788ed8dfe91ebf11e3bbf62f9184fc62ce5acdfef8c7566b2622ad5366198fe	I2RlZmluZSBzZXRSRUNURmllbGRzKGEsYixjKQo=
956	PREPROCESSOR	40569	40593	0	6df83324057094f8763fd3ed2f7355ae080e5ae7854da639818ea2e34456a4f6	I2RlZmluZSBSRUNUX3NpemVvZigpIDAK
957	PREPROCESSOR	40593	40600	0	9a349bbd1a21104f051e34b2c8a9e70cc7fbb50bc19a67781f2a140c386d9438	I2VuZGlmCg==
958	PREPROCESSOR	40600	40622	0	6b481af04aa8a7022829454893cf45fd452b7ab485b4a6478fda17e9fafd1c83	CiNpZm5kZWYgTk9fU0FGRUFSUkFZCg==
959	STATEMENT	40622	40679	0	0e7cbdfca926653f3a1d51a9c6e708db924a5b0504ea26e0920292e3596f9720	dm9pZCBjYWNoZVNBRkVBUlJBWUZpZWxkcyhKTklFbnYgKmVudiwgam9iamVjdCBscE9iamVjdCk7
960	STATEMENT	40679	40762	0	141b78d6fb967d6d9cfccf3374b83ea04affd87932bc4745dac14e9a04098649	ClNBRkVBUlJBWSAqZ2V0U0FGRUFSUkFZRmllbGRzKEpOSUVudiAqZW52LCBqb2JqZWN0IGxwT2JqZWN0LCBTQUZFQVJSQVkgKmxwU3RydWN0KTs=
961	STATEMENT	40762	40839	0	0bf635cb61c221d66fe4815cf0cbe7b4ff4cafe7a8df3ad766df7fb17e87d6d1	CnZvaWQgc2V0U0FGRUFSUkFZRmllbGRzKEpOSUVudiAqZW52LCBqb2JqZWN0IGxwT2JqZWN0LCBTQUZFQVJSQVkgKmxwU3RydWN0KTs=
962	PREPROCESSOR	40839	40885	0	64773a359fffabc5ff6f9830ba4b331da90b64cc796848874bdc14c30d7d4288	CiNkZWZpbmUgU0FGRUFSUkFZX3NpemVvZigpIHNpemVvZihTQUZFQVJSQVkpCg==
963	PREPROCESSOR	40885	40891	0	a95dbf91f6d6c3dc84eb44907afe37bdec7e3aa1cd0a07042249536df254415c	I2Vsc2UK
964	PREPROCESSOR	40891	40925	0	a2fd2f2654159c1dadad6be270c67bcb9b4014b68a58ade70fc870be8f0c79c3	I2RlZmluZSBjYWNoZVNBRkVBUlJBWUZpZWxkcyhhLGIpCg==
965	PREPROCESSOR	40925	40964	0	75498d335bf8ef29cec385c652c3a4135da48f1f97b992b4ee8b066d6ab5ba8d	I2RlZmluZSBnZXRTQUZFQVJSQVlGaWVsZHMoYSxiLGMpIE5VTEwK
966	PREPROCESSOR	40964	40998	0	510d157881d66a565705a433cfc5498b5eb6b0291f663b9f1292c48a26e7ddde	I2RlZmluZSBzZXRTQUZFQVJSQVlGaWVsZHMoYSxiLGMpCg==
967	PREPROCESSOR	40998	41027	0	465d26f1d3b3e3f928275ea0746d2515e16dee8064150740fc7cf5ec174fe141	I2RlZmluZSBTQUZFQVJSQVlfc2l6ZW9mKCkgMAo=
968	PREPROCESSOR	41027	41034	0	9a349bbd1a21104f051e34b2c8a9e70cc7fbb50bc19a67781f2a140c386d9438	I2VuZGlmCg==
969	PREPROCESSOR	41034	41061	0	3ba58d5fa58dea70bfb113589d568b9dc4b61d6a05aa7fc50f6743cd1076dc7c	CiNpZm5kZWYgTk9fU0FGRUFSUkFZQk9VTkQK
970	STATEMENT	41061	41123	0	73f61a42067e202aababc0c0f7b98a35f5b82b5abf5cc3fe77b5e1ea23ba35b8	dm9pZCBjYWNoZVNBRkVBUlJBWUJPVU5ERmllbGRzKEpOSUVudiAqZW52LCBqb2JqZWN0IGxwT2JqZWN0KTs=
971	STATEMENT	41123	41221	0	1a908ebf914036e213739aa5faad8ed944686fbadf4d6391177b1721bc111bd9	ClNBRkVBUlJBWUJPVU5EICpnZXRTQUZFQVJSQVlCT1VOREZpZWxkcyhKTklFbnYgKmVudiwgam9iamVjdCBscE9iamVjdCwgU0FGRUFSUkFZQk9VTkQgKmxwU3RydWN0KTs=
972	STATEMENT	41221	41308	0	f9490f11f76b89199c4149b808ec434152822a66408d07f6e35b341e2a2c6760	CnZvaWQgc2V0U0FGRUFSUkFZQk9VTkRGaWVsZHMoSk5JRW52ICplbnYsIGpvYmplY3QgbHBPYmplY3QsIFNBRkVBUlJBWUJPVU5EICpscFN0cnVjdCk7
973	PREPROCESSOR	41308	41364	0	dcc271f8b67d68c0b990448807715e8f6a27ba2397efb431180b8d00777021fa	CiNkZWZpbmUgU0FGRUFSUkFZQk9VTkRfc2l6ZW9mKCkgc2l6ZW9mKFNBRkVBUlJBWUJPVU5EKQo=
974	PREPROCESSOR	41364	41370	0	a95dbf91f6d6c3dc84eb44907afe37bdec7e3aa1cd0a07042249536df254415c	I2Vsc2UK
975	PREPROCESSOR	41370	41409	0	76fafcf8027062a7065bb592950236708399981df748d464c8625977a32113fa	I2RlZmluZSBjYWNoZVNBRkVBUlJBWUJPVU5ERmllbGRzKGEsYikK
976	PREPROCESSOR	41409	41453	0	7f3bf5defeeb793949d76583325023ebfe1a85787851edb8c2507d48dc6b80b3	I2RlZmluZSBnZXRTQUZFQVJSQVlCT1VOREZpZWxkcyhhLGIsYykgTlVMTAo=
977	PREPROCESSOR	41453	41492	0	68cc116cf3d1e7118956ae28596bc387f9b8ad1eb29b7c980384b0fc35adc339	I2RlZmluZSBzZXRTQUZFQVJSQVlCT1VOREZpZWxkcyhhLGIsYykK
978	PREPROCESSOR	41492	41526	0	36e605b6bd0668aed62850737336035b05333c8b3d4005ab6381c5e52fdc983c	I2RlZmluZSBTQUZFQVJSQVlCT1VORF9zaXplb2YoKSAwCg==
979	PREPROCESSOR	41526	41533	0	9a349bbd1a21104f051e34b2c8a9e70cc7fbb50bc19a67781f2a140c386d9438	I2VuZGlmCg==
980	PREPROCESSOR	41533	41561	0	27b228f9ea79f7493b70cb47b1a517427b50469a1707321b2cd7690110ffce96	CiNpZm5kZWYgTk9fU0NSSVBUX0FOQUxZU0lTCg==
981	STATEMENT	41561	41624	0	0cddd0045df0e2df3f5873a4b49e4c754decdb9bab6852935ad13d6b03e9599a	dm9pZCBjYWNoZVNDUklQVF9BTkFMWVNJU0ZpZWxkcyhKTklFbnYgKmVudiwgam9iamVjdCBscE9iamVjdCk7
982	STATEMENT	41624	41725	0	68e181cc79cd7eeba8b6aeb038a2f7979c514ba6a01b71cd464ef5bbe04a08e8	ClNDUklQVF9BTkFMWVNJUyAqZ2V0U0NSSVBUX0FOQUxZU0lTRmllbGRzKEpOSUVudiAqZW52LCBqb2JqZWN0IGxwT2JqZWN0LCBTQ1JJUFRfQU5BTFlTSVMgKmxwU3RydWN0KTs=
983	STATEMENT	41725	41814	0	806475b3db231f7519bb72234f54ac15a037232510e68de790235d87c84f09f3	CnZvaWQgc2V0U0NSSVBUX0FOQUxZU0lTRmllbGRzKEpOSUVudiAqZW52LCBqb2JqZWN0IGxwT2JqZWN0LCBTQ1JJUFRfQU5BTFlTSVMgKmxwU3RydWN0KTs=
984	PREPROCESSOR	41814	41872	0	44c8f090c65b0a42b236bf7c3867f8d917f25779d9179103dc09617e35dc1b48	CiNkZWZpbmUgU0NSSVBUX0FOQUxZU0lTX3NpemVvZigpIHNpemVvZihTQ1JJUFRfQU5BTFlTSVMpCg==
985	PREPROCESSOR	41872	41878	0	a95dbf91f6d6c3dc84eb44907afe37bdec7e3aa1cd0a07042249536df254415c	I2Vsc2UK
986	PREPROCESSOR	41878	41918	0	7d9cfe8348be13ac6e102e455b2b34c8017fd301a361f958e71f76038b52fae6	I2RlZmluZSBjYWNoZVNDUklQVF9BTkFMWVNJU0ZpZWxkcyhhLGIpCg==
987	PREPROCESSOR	41918	41963	0	1a38cd4ce0132100ec4e4886d011f3fc5b963373630cb3d02c568bf655ebe84d	I2RlZmluZSBnZXRTQ1JJUFRfQU5BTFlTSVNGaWVsZHMoYSxiLGMpIE5VTEwK
988	PREPROCESSOR	41963	42003	0	0a0037b0b3dbe88518933de0d1e8a0e9d850f6780b556a1bc0cca6ca9c7ed649	I2RlZmluZSBzZXRTQ1JJUFRfQU5BTFlTSVNGaWVsZHMoYSxiLGMpCg==
989	PREPROCESSOR	42003	42038	0	1cb944fd0aeefd01bad9e09555e6ae06157a7a8b5ca75ae0450d8adc3c4d29b8	I2RlZmluZSBTQ1JJUFRfQU5BTFlTSVNfc2l6ZW9mKCkgMAo=
990	PREPROCESSOR	42038	42045	0	9a349bbd1a21104f051e34b2c8a9e70cc7fbb50bc19a67781f2a140c386d9438	I2VuZGlmCg==
991	PREPROCESSOR	42045	42072	0	ce05b29a9c302d65369f0e23db343e55c3939698c80f2b43241a3f49b66e6c03	CiNpZm5kZWYgTk9fU0NSSVBUX0NPTlRST0wK
992	STATEMENT	42072	42134	0	4edc12695b3f5ec8669f3bc116c640aaa5676fef4953f439ba1a3b903ebde241	dm9pZCBjYWNoZVNDUklQVF9DT05UUk9MRmllbGRzKEpOSUVudiAqZW52LCBqb2JqZWN0IGxwT2JqZWN0KTs=
993	STATEMENT	42134	42232	0	2fc2cb8080c2420aba1c5f1d3db5d8a9233616d46ad5803a0cf08d6fb96686cf	ClNDUklQVF9DT05UUk9MICpnZXRTQ1JJUFRfQ09OVFJPTEZpZWxkcyhKTklFbnYgKmVudiwgam9iamVjdCBscE9iamVjdCwgU0NSSVBUX0NPTlRST0wgKmxwU3RydWN0KTs=
994	STATEMENT	42232	42319	0	7e0181637f79530a6b10637ed036f40d75859402c15b03c1e98aa49a33d1b381	CnZvaWQgc2V0U0NSSVBUX0NPTlRST0xGaWVsZHMoSk5JRW52ICplbnYsIGpvYmplY3QgbHBPYmplY3QsIFNDUklQVF9DT05UUk9MICpscFN0cnVjdCk7
995	PREPROCESSOR	42319	42375	0	4a871ef296ca87c7a2d42ad8b7b5bd471fc8243fdbaee4b0e871f8c734329ac8	CiNkZWZpbmUgU0NSSVBUX0NPTlRST0xfc2l6ZW9mKCkgc2l6ZW9mKFNDUklQVF9DT05UUk9MKQo=
996	PREPROCESSOR	42375	42381	0	a95dbf91f6d6c3dc84eb44907afe37bdec7e3aa1cd0a07042249536df254415c	I2Vsc2UK
997	PREPROCESSOR	42381	42420	0	6b0f2739049e165ee9d10e774a3e05d07eac61bdbb3ee54051d6a80a793d0eb1	I2RlZmluZSBjYWNoZVNDUklQVF9DT05UUk9MRmllbGRzKGEsYikK
998	PREPROCESSOR	42420	42464	0	3fa46408f20a273f59c1c62ad5b167d2792488514503fab02480ff7fc1b405da	I2RlZmluZSBnZXRTQ1JJUFRfQ09OVFJPTEZpZWxkcyhhLGIsYykgTlVMTAo=
999	PREPROCESSOR	42464	42503	0	9c862797859d4d8f226f3aa0b892187221f626de7de70c351a431bd2c3037e5a	I2RlZmluZSBzZXRTQ1JJUFRfQ09OVFJPTEZpZWxkcyhhLGIsYykK
1000	PREPROCESSOR	42503	42537	0	8c2b05332cdbd14341c05ff49703912acd9e95227eea3c0fc815bb016a0d2410	I2RlZmluZSBTQ1JJUFRfQ09OVFJPTF9zaXplb2YoKSAwCg==
1001	PREPROCESSOR	42537	42544	0	9a349bbd1a21104f051e34b2c8a9e70cc7fbb50bc19a67781f2a140c386d9438	I2VuZGlmCg==
1002	PREPROCESSOR	42544	42578	0	e39ade0d8ec1eacf21e4978f7b7131c78b263f46aa216a4908c7179ca4d4b33b	CiNpZm5kZWYgTk9fU0NSSVBUX0ZPTlRQUk9QRVJUSUVTCg==
1003	STATEMENT	42578	42647	0	0ea15aeaeaaa3007982b964aaf85ad6376c9318d0d8b734bc7c8daaf5853620e	dm9pZCBjYWNoZVNDUklQVF9GT05UUFJPUEVSVElFU0ZpZWxkcyhKTklFbnYgKmVudiwgam9iamVjdCBscE9iamVjdCk7
1004	STATEMENT	42647	42766	0	b3f344a838d55882bbe510eef5a92450dbd093c786d8c9f73cf9d24825a74da3	ClNDUklQVF9GT05UUFJPUEVSVElFUyAqZ2V0U0NSSVBUX0ZPTlRQUk9QRVJUSUVTRmllbGRzKEpOSUVudiAqZW52LCBqb2JqZWN0IGxwT2JqZWN0LCBTQ1JJUFRfRk9OVFBST1BFUlRJRVMgKmxwU3RydWN0KTs=
1005	STATEMENT	42766	42867	0	f3056269f2ba1d99f14951ba9730dcccfccd5d9c4f3a9179899370d67a5d1bd9	CnZvaWQgc2V0U0NSSVBUX0ZPTlRQUk9QRVJUSUVTRmllbGRzKEpOSUVudiAqZW52LCBqb2JqZWN0IGxwT2JqZWN0LCBTQ1JJUFRfRk9OVFBST1BFUlRJRVMgKmxwU3RydWN0KTs=
1006	PREPROCESSOR	42867	42937	0	d36de73118b6be34e6a406c700d009017df2d44bd8d13b2c26f119269bc77ac2	CiNkZWZpbmUgU0NSSVBUX0ZPTlRQUk9QRVJUSUVTX3NpemVvZigpIHNpemVvZihTQ1JJUFRfRk9OVFBST1BFUlRJRVMpCg==
1007	PREPROCESSOR	42937	42943	0	a95dbf91f6d6c3dc84eb44907afe37bdec7e3aa1cd0a07042249536df254415c	I2Vsc2UK
1008	PREPROCESSOR	42943	42989	0	7737d7ae3fccbcb657af46c749e59b74347705bbe86355bb9f93081a15ce573f	I2RlZmluZSBjYWNoZVNDUklQVF9GT05UUFJPUEVSVElFU0ZpZWxkcyhhLGIpCg==
1009	PREPROCESSOR	42989	43040	0	c40856d81dc1aa300b540aa54b9c22862b338dbbea349630f02593afbbaac751	I2RlZmluZSBnZXRTQ1JJUFRfRk9OVFBST1BFUlRJRVNGaWVsZHMoYSxiLGMpIE5VTEwK
1010	PREPROCESSOR	43040	43086	0	58e7e6fcc615d11f313d72d74bc16fdce80ac7a9c740ce7521092dc148c76d7f	I2RlZmluZSBzZXRTQ1JJUFRfRk9OVFBST1BFUlRJRVNGaWVsZHMoYSxiLGMpCg==
1011	PREPROCESSOR	43086	43127	0	f66be158aef25c61d3c215f8bef4aea5bd51f993a9de2761f0e0cf1ba3bc39c4	I2RlZmluZSBTQ1JJUFRfRk9OVFBST1BFUlRJRVNfc2l6ZW9mKCkgMAo=
1012	PREPROCESSOR	43127	43134	0	9a349bbd1a21104f051e34b2c8a9e70cc7fbb50bc19a67781f2a140c386d9438	I2VuZGlmCg==
1013	PREPROCESSOR	43134	43158	0	3968f6e3c067db27d662089facb66fcfa29864b6d07374f43e5b0c528b12eb33	CiNpZm5kZWYgTk9fU0NSSVBUX0lURU0K
1014	STATEMENT	43158	43217	0	da462cffaa289b118b4db98b7ed8aadb5b39e070156e4523fdfc3d1b757b2e76	dm9pZCBjYWNoZVNDUklQVF9JVEVNRmllbGRzKEpOSUVudiAqZW52LCBqb2JqZWN0IGxwT2JqZWN0KTs=
1015	STATEMENT	43217	43306	0	c0218df648a466b06a8d2026107a8c8d51056ee49610976740f377545b050fdb	ClNDUklQVF9JVEVNICpnZXRTQ1JJUFRfSVRFTUZpZWxkcyhKTklFbnYgKmVudiwgam9iamVjdCBscE9iamVjdCwgU0NSSVBUX0lURU0gKmxwU3RydWN0KTs=
1016	STATEMENT	43306	43387	0	d59fd866c7accdb2b446f1db40923c78a0fc32ee8e5e7b4d20940add3ee081a3	CnZvaWQgc2V0U0NSSVBUX0lURU1GaWVsZHMoSk5JRW52ICplbnYsIGpvYmplY3QgbHBPYmplY3QsIFNDUklQVF9JVEVNICpscFN0cnVjdCk7
1017	PREPROCESSOR	43387	43437	0	692bf1505dc664d92938ea6cb7215e019427179efcb77321be8091038ea09990	CiNkZWZpbmUgU0NSSVBUX0lURU1fc2l6ZW9mKCkgc2l6ZW9mKFNDUklQVF9JVEVNKQo=
1018	PREPROCESSOR	43437	43443	0	a95dbf91f6d6c3dc84eb44907afe37bdec7e3aa1cd0a07042249536df254415c	I2Vsc2UK
1019	PREPROCESSOR	43443	43479	0	c0b5e8425b7df0473483b95bb4ea0b9a8b8407a7e2d301145f28d17dfe7fc233	I2RlZmluZSBjYWNoZVNDUklQVF9JVEVNRmllbGRzKGEsYikK
1020	PREPROCESSOR	43479	43520	0	8c69bd64ddde5f8c29030b87cba6a4dd77e3c412ccf1edd0d533f19613b21ce3	I2RlZmluZSBnZXRTQ1JJUFRfSVRFTUZpZWxkcyhhLGIsYykgTlVMTAo=
1021	PREPROCESSOR	43520	43556	0	e561ff3da12e40f79a31c18884286218746bac240c29b4971e794dad48079aeb	I2RlZmluZSBzZXRTQ1JJUFRfSVRFTUZpZWxkcyhhLGIsYykK
1022	PREPROCESSOR	43556	43587	0	0ef2925e9a7350775da7a37e5757fbdb0d90d5c81939264f910a71032fb619a7	I2RlZmluZSBTQ1JJUFRfSVRFTV9zaXplb2YoKSAwCg==
1023	PREPROCESSOR	43587	43594	0	9a349bbd1a21104f051e34b2c8a9e70cc7fbb50bc19a67781f2a140c386d9438	I2VuZGlmCg==
1024	PREPROCESSOR	43594	43621	0	254e324a638cbc7f1057685e2ed694062903baba39f02413a36c78de9aef7983	CiNpZm5kZWYgTk9fU0NSSVBUX0xPR0FUVFIK
1025	STATEMENT	43621	43683	0	0acf3400583fb81bb43f067d372d825a7ffd3df51af7b3bf0bd3ae57469adb5f	dm9pZCBjYWNoZVNDUklQVF9MT0dBVFRSRmllbGRzKEpOSUVudiAqZW52LCBqb2JqZWN0IGxwT2JqZWN0KTs=
1026	STATEMENT	43683	43781	0	e63bd209f6d4ce303352fedbf22aa0644231747153d2814ee6664cb3fdadfc55	ClNDUklQVF9MT0dBVFRSICpnZXRTQ1JJUFRfTE9HQVRUUkZpZWxkcyhKTklFbnYgKmVudiwgam9iamVjdCBscE9iamVjdCwgU0NSSVBUX0xPR0FUVFIgKmxwU3RydWN0KTs=
1027	STATEMENT	43781	43868	0	69108d03905b20324ccd9a82525300b81ca3951ec40c872a522e2bc6dc44da5f	CnZvaWQgc2V0U0NSSVBUX0xPR0FUVFJGaWVsZHMoSk5JRW52ICplbnYsIGpvYmplY3QgbHBPYmplY3QsIFNDUklQVF9MT0dBVFRSICpscFN0cnVjdCk7
1028	PREPROCESSOR	43868	43924	0	4311fde317473bc622003cb52c758af5b1e160940c17be9183649c01f0d1005e	CiNkZWZpbmUgU0NSSVBUX0xPR0FUVFJfc2l6ZW9mKCkgc2l6ZW9mKFNDUklQVF9MT0dBVFRSKQo=
1029	PREPROCESSOR	43924	43930	0	a95dbf91f6d6c3dc84eb44907afe37bdec7e3aa1cd0a07042249536df254415c	I2Vsc2UK
1030	PREPROCESSOR	43930	43969	0	73407520db45d31e36f39a600e468d8963b458c038cc3e05a716dade6b835b17	I2RlZmluZSBjYWNoZVNDUklQVF9MT0dBVFRSRmllbGRzKGEsYikK
1031	PREPROCESSOR	43969	44013	0	5376773d92ce7d91ab3879b94a4bd15537276f69424a0f578d665610293e13f1	I2RlZmluZSBnZXRTQ1JJUFRfTE9HQVRUUkZpZWxkcyhhLGIsYykgTlVMTAo=
1032	PREPROCESSOR	44013	44052	0	cc44bec250038954d34ce97dac537f0e5fb75a58720678fd1280ced0432491ca	I2RlZmluZSBzZXRTQ1JJUFRfTE9HQVRUUkZpZWxkcyhhLGIsYykK
1033	PREPROCESSOR	44052	44086	0	9caefc9e93ddacf2be97ff7b85faabc21f01c4c8937f26a7798ec38e183f778f	I2RlZmluZSBTQ1JJUFRfTE9HQVRUUl9zaXplb2YoKSAwCg==
1034	PREPROCESSOR	44086	44093	0	9a349bbd1a21104f051e34b2c8a9e70cc7fbb50bc19a67781f2a140c386d9438	I2VuZGlmCg==
1035	PREPROCESSOR	44093	44123	0	e82d5fb8a54273832799a591eb46e7c2f7369eee7552a8cd71a09e6567e55926	CiNpZm5kZWYgTk9fU0NSSVBUX1BST1BFUlRJRVMK
1036	STATEMENT	44123	44188	0	71385a710cc33847b646ea502af45949788040abf05915cb7873aef73568a84e	dm9pZCBjYWNoZVNDUklQVF9QUk9QRVJUSUVTRmllbGRzKEpOSUVudiAqZW52LCBqb2JqZWN0IGxwT2JqZWN0KTs=
1037	STATEMENT	44188	44295	0	0367afa8c2ffa86d9328f4b5e73e39f8a20288ea95a28556d43e0d92dd9c0fb1	ClNDUklQVF9QUk9QRVJUSUVTICpnZXRTQ1JJUFRfUFJPUEVSVElFU0ZpZWxkcyhKTklFbnYgKmVudiwgam9iamVjdCBscE9iamVjdCwgU0NSSVBUX1BST1BFUlRJRVMgKmxwU3RydWN0KTs=
1038	STATEMENT	44295	44388	0	dfcf7aada8c73f201af0e45b33c639ff20cec5762bb141f4e254e1ff9b0f2bed	CnZvaWQgc2V0U0NSSVBUX1BST1BFUlRJRVNGaWVsZHMoSk5JRW52ICplbnYsIGpvYmplY3QgbHBPYmplY3QsIFNDUklQVF9QUk9QRVJUSUVTICpscFN0cnVjdCk7
1039	PREPROCESSOR	44388	44450	0	eabe8da0a89d80b9a87c44a2a5501af4c33310bd5885904e8a4cabb944bee177	CiNkZWZpbmUgU0NSSVBUX1BST1BFUlRJRVNfc2l6ZW9mKCkgc2l6ZW9mKFNDUklQVF9QUk9QRVJUSUVTKQo=
1040	PREPROCESSOR	44450	44456	0	a95dbf91f6d6c3dc84eb44907afe37bdec7e3aa1cd0a07042249536df254415c	I2Vsc2UK
1041	PREPROCESSOR	44456	44498	0	f495f9a76aacc99dd94ecd89b95e8e531f9df24ad89f5cb424d6a77c9bd9df0f	I2RlZmluZSBjYWNoZVNDUklQVF9QUk9QRVJUSUVTRmllbGRzKGEsYikK
1042	PREPROCESSOR	44498	44545	0	1093ccc95c249ef80da4718fb466494a2e797202163851cbe1da77a85c41fe7a	I2RlZmluZSBnZXRTQ1JJUFRfUFJPUEVSVElFU0ZpZWxkcyhhLGIsYykgTlVMTAo=
1043	PREPROCESSOR	44545	44587	0	8472ec79cc881913544c189aa3c631045d90a2363d045dd0083374b200582079	I2RlZmluZSBzZXRTQ1JJUFRfUFJPUEVSVElFU0ZpZWxkcyhhLGIsYykK
1044	PREPROCESSOR	44587	44624	0	a18d75f2f0260aec6f7cbefe557d525f90d5274c553603543a258394dcb5e75d	I2RlZmluZSBTQ1JJUFRfUFJPUEVSVElFU19zaXplb2YoKSAwCg==
1045	PREPROCESSOR	44624	44631	0	9a349bbd1a21104f051e34b2c8a9e70cc7fbb50bc19a67781f2a140c386d9438	I2VuZGlmCg==
1046	PREPROCESSOR	44631	44656	0	845d8dcae24ecf9c4a83e45713e1f88ae8a0e501897633db93f80ae64706090f	CiNpZm5kZWYgTk9fU0NSSVBUX1NUQVRFCg==
1047	STATEMENT	44656	44716	0	16b9357875d0608bc436b420abb72b286d51572877af77a114b3e26ecfe66047	dm9pZCBjYWNoZVNDUklQVF9TVEFURUZpZWxkcyhKTklFbnYgKmVudiwgam9iamVjdCBscE9iamVjdCk7
1048	STATEMENT	44716	44808	0	029cc564082a80ac3759087be017257f80577a88cd7e394009fc5c691769a515	ClNDUklQVF9TVEFURSAqZ2V0U0NSSVBUX1NUQVRFRmllbGRzKEpOSUVudiAqZW52LCBqb2JqZWN0IGxwT2JqZWN0LCBTQ1JJUFRfU1RBVEUgKmxwU3RydWN0KTs=
1049	STATEMENT	44808	44891	0	03c3ac9f8a96e0b5f0df8a321623580fec54d195fe9e3418ef626e3d1a83f527	CnZvaWQgc2V0U0NSSVBUX1NUQVRFRmllbGRzKEpOSUVudiAqZW52LCBqb2JqZWN0IGxwT2JqZWN0LCBTQ1JJUFRfU1RBVEUgKmxwU3RydWN0KTs=
1050	PREPROCESSOR	44891	44943	0	be5ce23be9fc6c26dccf184611a544178112c71a7a95d6a5e890e1bfc672a605	CiNkZWZpbmUgU0NSSVBUX1NUQVRFX3NpemVvZigpIHNpemVvZihTQ1JJUFRfU1RBVEUpCg==
1051	PREPROCESSOR	44943	44949	0	a95dbf91f6d6c3dc84eb44907afe37bdec7e3aa1cd0a07042249536df254415c	I2Vsc2UK
1052	PREPROCESSOR	44949	44986	0	7de519acc903a72bf39c36a895bafe498c3edd374499356bd44bd943b47798be	I2RlZmluZSBjYWNoZVNDUklQVF9TVEFURUZpZWxkcyhhLGIpCg==
1053	PREPROCESSOR	44986	45028	0	45dd0680c2c40aa7f01d92d813e3361e70322a2c737a8da00d6f1e665e8071e5	I2RlZmluZSBnZXRTQ1JJUFRfU1RBVEVGaWVsZHMoYSxiLGMpIE5VTEwK
1054	PREPROCESSOR	45028	45065	0	d013bd40b75b09ab080c1331ec5dbdf3abe83a55a71110c997335ec5759538f6	I2RlZmluZSBzZXRTQ1JJUFRfU1RBVEVGaWVsZHMoYSxiLGMpCg==
1055	PREPROCESSOR	45065	45097	0	3312d63ca347f94e0b585229e1105d69a7c991197c8813fb3c444c0d8bd22c2e	I2RlZmluZSBTQ1JJUFRfU1RBVEVfc2l6ZW9mKCkgMAo=
1056	PREPROCESSOR	45097	45104	0	9a349bbd1a21104f051e34b2c8a9e70cc7fbb50bc19a67781f2a140c386d9438	I2VuZGlmCg==
1057	PREPROCESSOR	45104	45130	0	6296f2a17d1c418525a0b32371a577ed5b21d1fc53f2d14a332f58300f0d3152	CiNpZm5kZWYgTk9fU0NST0xMQkFSSU5GTwo=
1058	STATEMENT	45130	45191	0	045b7a24a1c8d7bd6843cad8c3c98dd46b0a333e35fda841a7a418b25592af0e	dm9pZCBjYWNoZVNDUk9MTEJBUklORk9GaWVsZHMoSk5JRW52ICplbnYsIGpvYmplY3QgbHBPYmplY3QpOw==
1059	STATEMENT	45191	45286	0	d6361266bd3b7760da429de4a5e61f735574183e7e62d2f32ee761306f3443ef	ClNDUk9MTEJBUklORk8gKmdldFNDUk9MTEJBUklORk9GaWVsZHMoSk5JRW52ICplbnYsIGpvYmplY3QgbHBPYmplY3QsIFNDUk9MTEJBUklORk8gKmxwU3RydWN0KTs=
1060	STATEMENT	45286	45371	0	2f6ea903b4854bd331e2dd37c6735d15df99e782bf89ede5b0ac95d8631515ae	CnZvaWQgc2V0U0NST0xMQkFSSU5GT0ZpZWxkcyhKTklFbnYgKmVudiwgam9iamVjdCBscE9iamVjdCwgU0NST0xMQkFSSU5GTyAqbHBTdHJ1Y3QpOw==
1061	PREPROCESSOR	45371	45425	0	44ebeb69a002c658861b518c0b3ffa34c6685b274aa109db17db83f4998bb8b6	CiNkZWZpbmUgU0NST0xMQkFSSU5GT19zaXplb2YoKSBzaXplb2YoU0NST0xMQkFSSU5GTykK
1062	PREPROCESSOR	45425	45431	0	a95dbf91f6d6c3dc84eb44907afe37bdec7e3aa1cd0a07042249536df254415c	I2Vsc2UK
1063	PREPROCESSOR	45431	45469	0	661e0dfea43b1a639e304f9a664f0564eab3b447200d0fa791d3d9ef1d016fb5	I2RlZmluZSBjYWNoZVNDUk9MTEJBUklORk9GaWVsZHMoYSxiKQo=
1064	PREPROCESSOR	45469	45512	0	0a05eb1c801140b5fad308bae5cae0a7bf0c388c6edda9784de006a0dab3058f	I2RlZmluZSBnZXRTQ1JPTExCQVJJTkZPRmllbGRzKGEsYixjKSBOVUxMCg==
1065	PREPROCESSOR	45512	45550	0	da1f3717e949f4cef67da6023a76b26a31771d39f1704be3c53e2a4b5c7e9585	I2RlZmluZSBzZXRTQ1JPTExCQVJJTkZPRmllbGRzKGEsYixjKQo=
1066	PREPROCESSOR	45550	45583	0	f95c44a5e63678dda53a43f464e126e44194694911593ebe3bc17c149e767a27	I2RlZmluZSBTQ1JPTExCQVJJTkZPX3NpemVvZigpIDAK
1067	PREPROCESSOR	45583	45590	0	9a349bbd1a21104f051e34b2c8a9e70cc7fbb50bc19a67781f2a140c386d9438	I2VuZGlmCg==
1068	PREPROCESSOR	45590	45613	0	3c7a571f658d70674550a3cfddbd9519469b45e5753ce8791823fe01d2756b87	CiNpZm5kZWYgTk9fU0NST0xMSU5GTwo=
1069	STATEMENT	45613	45671	0	8829e027aaf013cdeab352826f682b9197222f141ebf4cf3827a9de017fded12	dm9pZCBjYWNoZVNDUk9MTElORk9GaWVsZHMoSk5JRW52ICplbnYsIGpvYmplY3QgbHBPYmplY3QpOw==
1070	STATEMENT	45671	45757	0	b365be975d08628e7aad52c42ddc1ce5e163aac01926e261c698b30987d9db4c	ClNDUk9MTElORk8gKmdldFNDUk9MTElORk9GaWVsZHMoSk5JRW52ICplbnYsIGpvYmplY3QgbHBPYmplY3QsIFNDUk9MTElORk8gKmxwU3RydWN0KTs=
1071	STATEMENT	45757	45836	0	1855baea8288a5a4f815b52750a7ad290ec4fce4569d2871ea768e9f0fdc5f75	CnZvaWQgc2V0U0NST0xMSU5GT0ZpZWxkcyhKTklFbnYgKmVudiwgam9iamVjdCBscE9iamVjdCwgU0NST0xMSU5GTyAqbHBTdHJ1Y3QpOw==
1072	PREPROCESSOR	45836	45884	0	4d203bc5c05b10fa6559123a1950470b1d4f73514edcb2c90bd06563ca784602	CiNkZWZpbmUgU0NST0xMSU5GT19zaXplb2YoKSBzaXplb2YoU0NST0xMSU5GTykK
1073	PREPROCESSOR	45884	45890	0	a95dbf91f6d6c3dc84eb44907afe37bdec7e3aa1cd0a07042249536df254415c	I2Vsc2UK
1074	PREPROCESSOR	45890	45925	0	332584b7bb3ff4f782bf849b476b29cbe89bd45bbb2cf36ccf4da8b2d48632b1	I2RlZmluZSBjYWNoZVNDUk9MTElORk9GaWVsZHMoYSxiKQo=
1075	PREPROCESSOR	45925	45965	0	96bc39eaf7f1fbe61b60bc630c9681b353d5276472e39c50ab8e2458e228ce03	I2RlZmluZSBnZXRTQ1JPTExJTkZPRmllbGRzKGEsYixjKSBOVUxMCg==
1076	PREPROCESSOR	45965	46000	0	9de3b29a21907cec2dd71803d2a78aabf22afbc169f087a572f609736111b99d	I2RlZmluZSBzZXRTQ1JPTExJTkZPRmllbGRzKGEsYixjKQo=
1077	PREPROCESSOR	46000	46030	0	5342106c8049a20b3c0a6d9c6125d2b80428241b6d33ee270165c07b6261836b	I2RlZmluZSBTQ1JPTExJTkZPX3NpemVvZigpIDAK
1078	PREPROCESSOR	46030	46037	0	9a349bbd1a21104f051e34b2c8a9e70cc7fbb50bc19a67781f2a140c386d9438	I2VuZGlmCg==
1079	PREPROCESSOR	46037	46061	0	9ff848f0897890ca8334f5ebddf9e9cfc48b58aade5d24823c3bb3bcb8308359	CiNpZm5kZWYgTk9fU0hEUkFHSU1BR0UK
1080	STATEMENT	46061	46120	0	4db3e74dc5e2f5e437e48a1dcb69d900400342578c76e62c5a1933fcb64e9484	dm9pZCBjYWNoZVNIRFJBR0lNQUdFRmllbGRzKEpOSUVudiAqZW52LCBqb2JqZWN0IGxwT2JqZWN0KTs=
1081	STATEMENT	46120	46209	0	a093a67cf7a931abfc5420dc814f394a58b4e1e46993a948e73f3acbb7958a4e	ClNIRFJBR0lNQUdFICpnZXRTSERSQUdJTUFHRUZpZWxkcyhKTklFbnYgKmVudiwgam9iamVjdCBscE9iamVjdCwgU0hEUkFHSU1BR0UgKmxwU3RydWN0KTs=
1082	STATEMENT	46209	46290	0	10a9b4bad7afb20e9b943309f4dc945ef2c27b63a6ea68fc88f0d9ddbea3cfc0	CnZvaWQgc2V0U0hEUkFHSU1BR0VGaWVsZHMoSk5JRW52ICplbnYsIGpvYmplY3QgbHBPYmplY3QsIFNIRFJBR0lNQUdFICpscFN0cnVjdCk7
1083	PREPROCESSOR	46290	46340	0	79d0acb23494a97746070b66418f70e6d1d711c3ad44e6f55d74900ddd26d082	CiNkZWZpbmUgU0hEUkFHSU1BR0Vfc2l6ZW9mKCkgc2l6ZW9mKFNIRFJBR0lNQUdFKQo=
1084	PREPROCESSOR	46340	46346	0	a95dbf91f6d6c3dc84eb44907afe37bdec7e3aa1cd0a07042249536df254415c	I2Vsc2UK
1085	PREPROCESSOR	46346	46382	0	5a468de9bcb2a9c0631b5de2d4174c8a6673d1a50b56cb0f9a2e98a366607360	I2RlZmluZSBjYWNoZVNIRFJBR0lNQUdFRmllbGRzKGEsYikK
1086	PREPROCESSOR	46382	46423	0	e20d29e85d0117e14135cc03f4b0a244feb3ca5bebfc58634c2158aa6269ab82	I2RlZmluZSBnZXRTSERSQUdJTUFHRUZpZWxkcyhhLGIsYykgTlVMTAo=
1087	PREPROCESSOR	46423	46459	0	a8a222c3816c4de64c8dc0d22f35fdfd3604f51c95434916ae19d611c483b22d	I2RlZmluZSBzZXRTSERSQUdJTUFHRUZpZWxkcyhhLGIsYykK
1088	PREPROCESSOR	46459	46490	0	0421b2f86044b7374c0763f3dd656aa47e7c1510314021618985e05408adc45a	I2RlZmluZSBTSERSQUdJTUFHRV9zaXplb2YoKSAwCg==
1089	PREPROCESSOR	46490	46497	0	9a349bbd1a21104f051e34b2c8a9e70cc7fbb50bc19a67781f2a140c386d9438	I2VuZGlmCg==
1090	PREPROCESSOR	46497	46526	0	09d99767454aa4bd4d6152088b47200481523e0749f6c15c5152d21135517968	CiNpZm5kZWYgTk9fU0hFTExFWEVDVVRFSU5GTwo=
1091	STATEMENT	46526	46590	0	56766baaf6bcfbdb10e120ef1c7ec21f3f48285a9ebd19ce36477fab02221857	dm9pZCBjYWNoZVNIRUxMRVhFQ1VURUlORk9GaWVsZHMoSk5JRW52ICplbnYsIGpvYmplY3QgbHBPYmplY3QpOw==
1092	STATEMENT	46590	46694	0	10b84520d281419cef3f56b3ed3d28ff1cff5dfc686c259b9a2a92078819a60c	ClNIRUxMRVhFQ1VURUlORk8gKmdldFNIRUxMRVhFQ1VURUlORk9GaWVsZHMoSk5JRW52ICplbnYsIGpvYmplY3QgbHBPYmplY3QsIFNIRUxMRVhFQ1VURUlORk8gKmxwU3RydWN0KTs=
1093	STATEMENT	46694	46785	0	e0a11a0b1c780a4a2070c9f8382fa00d3c5f037fbbce459279b95b69446f5c26	CnZvaWQgc2V0U0hFTExFWEVDVVRFSU5GT0ZpZWxkcyhKTklFbnYgKmVudiwgam9iamVjdCBscE9iamVjdCwgU0hFTExFWEVDVVRFSU5GTyAqbHBTdHJ1Y3QpOw==
1094	PREPROCESSOR	46785	46845	0	9679e8371a6f78c0f6c5b7a8686ad3ff0da538f55c74279d1bfea6b5d528eb53	CiNkZWZpbmUgU0hFTExFWEVDVVRFSU5GT19zaXplb2YoKSBzaXplb2YoU0hFTExFWEVDVVRFSU5GTykK
1095	PREPROCESSOR	46845	46851	0	a95dbf91f6d6c3dc84eb44907afe37bdec7e3aa1cd0a07042249536df254415c	I2Vsc2UK
1096	PREPROCESSOR	46851	46892	0	763f20f802f9f30731ff262975e4d25b00112ee7b200a22ffc3794d6416cb597	I2RlZmluZSBjYWNoZVNIRUxMRVhFQ1VURUlORk9GaWVsZHMoYSxiKQo=
1097	PREPROCESSOR	46892	46938	0	fdc582cb8f2d9ac3bc80bf576d02eac1dc911e930fff27f127b2a24f0f7a18cb	I2RlZmluZSBnZXRTSEVMTEVYRUNVVEVJTkZPRmllbGRzKGEsYixjKSBOVUxMCg==
1098	PREPROCESSOR	46938	46979	0	634610e28778b6520b269f7da01f53c9c0475582a97a9d148bf7b6d76e826feb	I2RlZmluZSBzZXRTSEVMTEVYRUNVVEVJTkZPRmllbGRzKGEsYixjKQo=
1099	PREPROCESSOR	46979	47015	0	b2964e8f59e48bce2a89af3f35d5cde750bac90ac24982e339aa9633e314d366	I2RlZmluZSBTSEVMTEVYRUNVVEVJTkZPX3NpemVvZigpIDAK
1100	PREPROCESSOR	47015	47022	0	9a349bbd1a21104f051e34b2c8a9e70cc7fbb50bc19a67781f2a140c386d9438	I2VuZGlmCg==
1101	PREPROCESSOR	47022	47045	0	b3411abec4ef4ab4b6243e198f200e9e54cfc8417bc4b35a469c5014dd7335d8	CiNpZm5kZWYgTk9fU0hGSUxFSU5GTwo=
1102	STATEMENT	47045	47103	0	c37384600309a61e22c6a1455eeadda7d286cb6634b0632ebb70e53d32d70f61	dm9pZCBjYWNoZVNIRklMRUlORk9GaWVsZHMoSk5JRW52ICplbnYsIGpvYmplY3QgbHBPYmplY3QpOw==
1103	STATEMENT	47103	47189	0	d43c72bcf07ec40f5ce912a45082fb7b01c20b45cd28201eb619d259b9d659e4	ClNIRklMRUlORk8gKmdldFNIRklMRUlORk9GaWVsZHMoSk5JRW52ICplbnYsIGpvYmplY3QgbHBPYmplY3QsIFNIRklMRUlORk8gKmxwU3RydWN0KTs=
1104	STATEMENT	47189	47268	0	400ecbe2b109a82845773f7709d9e74975cc7f09452ba0d6bde8213d87da47cf	CnZvaWQgc2V0U0hGSUxFSU5GT0ZpZWxkcyhKTklFbnYgKmVudiwgam9iamVjdCBscE9iamVjdCwgU0hGSUxFSU5GTyAqbHBTdHJ1Y3QpOw==
1105	PREPROCESSOR	47268	47316	0	db424cee1486eb372ef4241450f932200e0c90796351ca956e809cd6acf7b094	CiNkZWZpbmUgU0hGSUxFSU5GT19zaXplb2YoKSBzaXplb2YoU0hGSUxFSU5GTykK
1106	PREPROCESSOR	47316	47322	0	a95dbf91f6d6c3dc84eb44907afe37bdec7e3aa1cd0a07042249536df254415c	I2Vsc2UK
1107	PREPROCESSOR	47322	47357	0	eaa5c5dae08ca8253ee1701be53fd49a30e804e885a136b16db6883f5a26b59e	I2RlZmluZSBjYWNoZVNIRklMRUlORk9GaWVsZHMoYSxiKQo=
1108	PREPROCESSOR	47357	47397	0	58bd84c1340ac15cf91a22a1dd5e8c13e66311cb7dffc06d91e54be319409f31	I2RlZmluZSBnZXRTSEZJTEVJTkZPRmllbGRzKGEsYixjKSBOVUxMCg==
1109	PREPROCESSOR	47397	47432	0	a0fe61f46e8cc193c795d1e554442dd83aeb17c5c601ff299d68909de026801b	I2RlZmluZSBzZXRTSEZJTEVJTkZPRmllbGRzKGEsYixjKQo=
1110	PREPROCESSOR	47432	47462	0	3792ce21f6eda7e22c0e81c3f94eccc3fc4734cf951df1ec6590b3038b9ab415	I2RlZmluZSBTSEZJTEVJTkZPX3NpemVvZigpIDAK
1111	PREPROCESSOR	47462	47469	0	9a349bbd1a21104f051e34b2c8a9e70cc7fbb50bc19a67781f2a140c386d9438	I2VuZGlmCg==
1112	PREPROCESSOR	47469	47486	0	7f8868786e7a4a8417cc2658018e1df3c5b7c938c17f0ef04af78dae02cecbcf	CiNpZm5kZWYgTk9fU0laRQo=
1113	STATEMENT	47486	47538	0	2df22b7d5192ef9dc546b54e544ec776add17983ab4f96817439724f09521f06	dm9pZCBjYWNoZVNJWkVGaWVsZHMoSk5JRW52ICplbnYsIGpvYmplY3QgbHBPYmplY3QpOw==
1114	STATEMENT	47538	47606	0	4285b00e3bd4a556ba7e325ca5c74aebffb8c3808010cc9fa55bd90f10dc4741	ClNJWkUgKmdldFNJWkVGaWVsZHMoSk5JRW52ICplbnYsIGpvYmplY3QgbHBPYmplY3QsIFNJWkUgKmxwU3RydWN0KTs=
1115	STATEMENT	47606	47673	0	9ec18691254c5c03f54295c8d0b88a80faa185065fa433fe139d23a81d3394c9	CnZvaWQgc2V0U0laRUZpZWxkcyhKTklFbnYgKmVudiwgam9iamVjdCBscE9iamVjdCwgU0laRSAqbHBTdHJ1Y3QpOw==
1116	PREPROCESSOR	47673	47709	0	94e4611408d5deaad81db51fcba319dd42e8703554670dd2ed199675d4b5b867	CiNkZWZpbmUgU0laRV9zaXplb2YoKSBzaXplb2YoU0laRSkK
1117	PREPROCESSOR	47709	47715	0	a95dbf91f6d6c3dc84eb44907afe37bdec7e3aa1cd0a07042249536df254415c	I2Vsc2UK
1118	PREPROCESSOR	47715	47744	0	63dfe8672e943184ac26259f82d2052e3ef74cede2d4563c1939f80c198487c9	I2RlZmluZSBjYWNoZVNJWkVGaWVsZHMoYSxiKQo=
1119	PREPROCESSOR	47744	47778	0	b6b23b2c3f5a153b21b16f217eb4300ed3b94af590fa02a5c17063e6e6af0e78	I2RlZmluZSBnZXRTSVpFRmllbGRzKGEsYixjKSBOVUxMCg==
1120	PREPROCESSOR	47778	47807	0	afe42828e90a6b1ab058280926ff90aa4a26d9b71e7367ab6a5c8a363e1e4c4e	I2RlZmluZSBzZXRTSVpFRmllbGRzKGEsYixjKQo=
1121	PREPROCESSOR	47807	47831	0	6e3e48ef96db20bc2e68e1d707a89fa17b9289905f2218384b573324ae5808c2	I2RlZmluZSBTSVpFX3NpemVvZigpIDAK
1122	PREPROCESSOR	47831	47838	0	9a349bbd1a21104f051e34b2c8a9e70cc7fbb50bc19a67781f2a140c386d9438	I2VuZGlmCg==
1123	PREPROCESSOR	47838	47862	0	4bc9e102049713c5fbca0c9f6bd0a2410f3b26e3a54949c3651ff60fcbca5c3e	CiNpZm5kZWYgTk9fU1RBUlRVUElORk8K
1124	STATEMENT	47862	47921	0	4e7b71a717d191455d5916127f682ec2c7a8b030643fc934480a5d7331dcbd6a	dm9pZCBjYWNoZVNUQVJUVVBJTkZPRmllbGRzKEpOSUVudiAqZW52LCBqb2JqZWN0IGxwT2JqZWN0KTs=
1125	STATEMENT	47921	48010	0	dbd37951bc93d68ef9fcf5ab85f580e9baca031a6acd42ea16607194a59fd146	ClNUQVJUVVBJTkZPICpnZXRTVEFSVFVQSU5GT0ZpZWxkcyhKTklFbnYgKmVudiwgam9iamVjdCBscE9iamVjdCwgU1RBUlRVUElORk8gKmxwU3RydWN0KTs=
1126	STATEMENT	48010	48091	0	c09ae89b91ccabee931945e6a9c38c9d74284bc51b9bbfed31bac2e01b6de9eb	CnZvaWQgc2V0U1RBUlRVUElORk9GaWVsZHMoSk5JRW52ICplbnYsIGpvYmplY3QgbHBPYmplY3QsIFNUQVJUVVBJTkZPICpscFN0cnVjdCk7
1127	PREPROCESSOR	48091	48141	0	426f6781a80ddbb06503eedaa506b5507c2cb78595678a9bcd488a2d8a636cd5	CiNkZWZpbmUgU1RBUlRVUElORk9fc2l6ZW9mKCkgc2l6ZW9mKFNUQVJUVVBJTkZPKQo=
1128	PREPROCESSOR	48141	48147	0	a95dbf91f6d6c3dc84eb44907afe37bdec7e3aa1cd0a07042249536df254415c	I2Vsc2UK
1129	PREPROCESSOR	48147	48183	0	0802d5c1b89e4f91856695d4a76a967b2c7b31b847893efa55bfc46b4ba630d7	I2RlZmluZSBjYWNoZVNUQVJUVVBJTkZPRmllbGRzKGEsYikK
1130	PREPROCESSOR	48183	48224	0	ebfdf47aecbd713b9836d9436f9e5df8352a97e6c6b888161262b8e20ad515a9	I2RlZmluZSBnZXRTVEFSVFVQSU5GT0ZpZWxkcyhhLGIsYykgTlVMTAo=
1131	PREPROCESSOR	48224	48260	0	b82d436525dbc51b13f60b3f02e65b64c7b41e89758348bbf3d0764c82250768	I2RlZmluZSBzZXRTVEFSVFVQSU5GT0ZpZWxkcyhhLGIsYykK
1132	PREPROCESSOR	48260	48291	0	26bc397ae06388b466dd26d6f844a794cc868f3e6547ad5edb406c8fd95618f7	I2RlZmluZSBTVEFSVFVQSU5GT19zaXplb2YoKSAwCg==
1133	PREPROCESSOR	48291	48298	0	9a349bbd1a21104f051e34b2c8a9e70cc7fbb50bc19a67781f2a140c386d9438	I2VuZGlmCg==
1134	PREPROCESSOR	48298	48321	0	e95923ce9a142334048903e22ee4ce7117c46c4f9526a6280a8af565d756a8fa	CiNpZm5kZWYgTk9fU1lTVEVNVElNRQo=
1135	STATEMENT	48321	48379	0	367b0072c7cefd864dc6399fb42da7ec4a1ebd7f421440a3bd63f415ed4c6776	dm9pZCBjYWNoZVNZU1RFTVRJTUVGaWVsZHMoSk5JRW52ICplbnYsIGpvYmplY3QgbHBPYmplY3QpOw==
1136	STATEMENT	48379	48465	0	3cd62573c5f61202e259ba5bc1870f39a596bf276041d8f9c7474906f82634bd	ClNZU1RFTVRJTUUgKmdldFNZU1RFTVRJTUVGaWVsZHMoSk5JRW52ICplbnYsIGpvYmplY3QgbHBPYmplY3QsIFNZU1RFTVRJTUUgKmxwU3RydWN0KTs=
1137	STATEMENT	48465	48544	0	da35ffa2264fc1baf14a98acc6f454b5d3c8b75b3bd6c981d201012532c334e8	CnZvaWQgc2V0U1lTVEVNVElNRUZpZWxkcyhKTklFbnYgKmVudiwgam9iamVjdCBscE9iamVjdCwgU1lTVEVNVElNRSAqbHBTdHJ1Y3QpOw==
1138	PREPROCESSOR	48544	48592	0	db0b575742e2f19ae9d3794d9f2aaeb33df1f2aba7e4b0192a33ed1357381465	CiNkZWZpbmUgU1lTVEVNVElNRV9zaXplb2YoKSBzaXplb2YoU1lTVEVNVElNRSkK
1139	PREPROCESSOR	48592	48598	0	a95dbf91f6d6c3dc84eb44907afe37bdec7e3aa1cd0a07042249536df254415c	I2Vsc2UK
1140	PREPROCESSOR	48598	48633	0	2a0dc22c0814011f83b082144fb8d3c7688671eef6e069e2611752107fb0e020	I2RlZmluZSBjYWNoZVNZU1RFTVRJTUVGaWVsZHMoYSxiKQo=
1141	PREPROCESSOR	48633	48673	0	d8b5330a039306f19f655d454e932f40ed20818cffee61584008912af404939c	I2RlZmluZSBnZXRTWVNURU1USU1FRmllbGRzKGEsYixjKSBOVUxMCg==
1142	PREPROCESSOR	48673	48708	0	a61e3c32435ca928e1f396b57ba19300d5e301f5865b6dcad75540b663785a1f	I2RlZmluZSBzZXRTWVNURU1USU1FRmllbGRzKGEsYixjKQo=
1143	PREPROCESSOR	48708	48738	0	c373d659c4f92a10298c1e4742b7cfe1e555114d545f4fc79683bd41c69cbb09	I2RlZmluZSBTWVNURU1USU1FX3NpemVvZigpIDAK
1144	PREPROCESSOR	48738	48745	0	9a349bbd1a21104f051e34b2c8a9e70cc7fbb50bc19a67781f2a140c386d9438	I2VuZGlmCg==
1145	PREPROCESSOR	48745	48766	0	8eca09a90a5072a78df23feae4028ae90eb8a9f3433ba8c81490941b8731c225	CiNpZm5kZWYgTk9fVEJCVVRUT04K
1146	STATEMENT	48766	48822	0	970c225ef06ef9c1db859b57f505906eec9a8a45022fa80e50cff49191c45411	dm9pZCBjYWNoZVRCQlVUVE9ORmllbGRzKEpOSUVudiAqZW52LCBqb2JqZWN0IGxwT2JqZWN0KTs=
1147	STATEMENT	48822	48902	0	3fade58f7a77b16f576253cea0e5da43323acca7ee521c17db0f58ca9af09505	ClRCQlVUVE9OICpnZXRUQkJVVFRPTkZpZWxkcyhKTklFbnYgKmVudiwgam9iamVjdCBscE9iamVjdCwgVEJCVVRUT04gKmxwU3RydWN0KTs=
1148	STATEMENT	48902	48977	0	68883645efc19ed53763177d449f6118c8c29f6cf3965edbbab901aceb816ddb	CnZvaWQgc2V0VEJCVVRUT05GaWVsZHMoSk5JRW52ICplbnYsIGpvYmplY3QgbHBPYmplY3QsIFRCQlVUVE9OICpscFN0cnVjdCk7
1149	PREPROCESSOR	48977	49021	0	57dedb83142515184b65b31d1527a3a9ecaac691b8981c2110549539331ab93b	CiNkZWZpbmUgVEJCVVRUT05fc2l6ZW9mKCkgc2l6ZW9mKFRCQlVUVE9OKQo=
1150	PREPROCESSOR	49021	49027	0	a95dbf91f6d6c3dc84eb44907afe37bdec7e3aa1cd0a07042249536df254415c	I2Vsc2UK
1151	PREPROCESSOR	49027	49060	0	b0f0a09e2fac73b50a0d2949ac4781beeb79e275c8604bf70f07ac14829ed3d2	I2RlZmluZSBjYWNoZVRCQlVUVE9ORmllbGRzKGEsYikK
1152	PREPROCESSOR	49060	49098	0	8dc48b46af5bd89ff29dd3eb0024b30de7d7669d851d60223d7a5b1d4fd3b57f	I2RlZmluZSBnZXRUQkJVVFRPTkZpZWxkcyhhLGIsYykgTlVMTAo=
1153	PREPROCESSOR	49098	49131	0	e106487434948c963763b0378785bed536b3c3f13e2d19f706c676f5a51729db	I2RlZmluZSBzZXRUQkJVVFRPTkZpZWxkcyhhLGIsYykK
1154	PREPROCESSOR	49131	49159	0	22cdbc37e227dd56da5221a5398ffaa036ea60f74b303841270ecdad95787d47	I2RlZmluZSBUQkJVVFRPTl9zaXplb2YoKSAwCg==
1155	PREPROCESSOR	49159	49166	0	9a349bbd1a21104f051e34b2c8a9e70cc7fbb50bc19a67781f2a140c386d9438	I2VuZGlmCg==
1156	PREPROCESSOR	49166	49191	0	757189da3963f1a7bac05288012b8501b1188527afcfef6745f4761f64bc3c6c	CiNpZm5kZWYgTk9fVEJCVVRUT05JTkZPCg==
1157	STATEMENT	49191	49251	0	52eef1f02671a3427af132a55aca632c80324dab4a68e6b190029b415f6e7617	dm9pZCBjYWNoZVRCQlVUVE9OSU5GT0ZpZWxkcyhKTklFbnYgKmVudiwgam9iamVjdCBscE9iamVjdCk7
1158	STATEMENT	49251	49343	0	91ceb2993eaa8bba6eecd9af2acb8bb1918368d422f711bf8f145e80671ff4b9	ClRCQlVUVE9OSU5GTyAqZ2V0VEJCVVRUT05JTkZPRmllbGRzKEpOSUVudiAqZW52LCBqb2JqZWN0IGxwT2JqZWN0LCBUQkJVVFRPTklORk8gKmxwU3RydWN0KTs=
1159	STATEMENT	49343	49426	0	fcc19764d1defc4e6542c150a4e780cc95a1504511d18ab8a33edf9e460baf0d	CnZvaWQgc2V0VEJCVVRUT05JTkZPRmllbGRzKEpOSUVudiAqZW52LCBqb2JqZWN0IGxwT2JqZWN0LCBUQkJVVFRPTklORk8gKmxwU3RydWN0KTs=
1160	PREPROCESSOR	49426	49478	0	7d97b02b60d08f4bfb818a937c4478d695c0e4e5a5ad9b950c710836e4892809	CiNkZWZpbmUgVEJCVVRUT05JTkZPX3NpemVvZigpIHNpemVvZihUQkJVVFRPTklORk8pCg==
1161	PREPROCESSOR	49478	49484	0	a95dbf91f6d6c3dc84eb44907afe37bdec7e3aa1cd0a07042249536df254415c	I2Vsc2UK
1162	PREPROCESSOR	49484	49521	0	eb0999770e3db00640ed048335f07fcbff191604c1e7d4cb4077cfa82a7907e0	I2RlZmluZSBjYWNoZVRCQlVUVE9OSU5GT0ZpZWxkcyhhLGIpCg==
1163	PREPROCESSOR	49521	49563	0	fcd5091e2c8b2cb7fea87460c058e7d5741bb1dd9fe5ba773f124f6c2d973dd0	I2RlZmluZSBnZXRUQkJVVFRPTklORk9GaWVsZHMoYSxiLGMpIE5VTEwK
1164	PREPROCESSOR	49563	49600	0	b4c1d5a1fc20aa958bbf8c0a67cc46ea5dfed5019f645b7bbe574262e6aa06d4	I2RlZmluZSBzZXRUQkJVVFRPTklORk9GaWVsZHMoYSxiLGMpCg==
1165	PREPROCESSOR	49600	49632	0	7912c61ac220270f05cc9ecd99b9c6c5cab03acb11e89652cdac0f2a2bf7c8a2	I2RlZmluZSBUQkJVVFRPTklORk9fc2l6ZW9mKCkgMAo=
1166	PREPROCESSOR	49632	49639	0	9a349bbd1a21104f051e34b2c8a9e70cc7fbb50bc19a67781f2a140c386d9438	I2VuZGlmCg==
1167	PREPROCESSOR	49639	49665	0	9f905ea59c1b65503a24e00abfd9b7c448d153c63bd9fed26a0fc592345fd8c1	CiNpZm5kZWYgTk9fVENISVRURVNUSU5GTwo=
1168	STATEMENT	49665	49726	0	747f684cf8d84a0ca59dbac3fab6ad63954041a7bf833cb5c85a960d5fbf3cb3	dm9pZCBjYWNoZVRDSElUVEVTVElORk9GaWVsZHMoSk5JRW52ICplbnYsIGpvYmplY3QgbHBPYmplY3QpOw==
1169	STATEMENT	49726	49821	0	0e9e23fdbc10795400a208d0abe8db0a259c1bd773222d2e266645f63132fbd2	ClRDSElUVEVTVElORk8gKmdldFRDSElUVEVTVElORk9GaWVsZHMoSk5JRW52ICplbnYsIGpvYmplY3QgbHBPYmplY3QsIFRDSElUVEVTVElORk8gKmxwU3RydWN0KTs=
1170	STATEMENT	49821	49906	0	e6dca0ed3a6ede4bb5fba6fd39abde074e3e217ea74cad1dab3608d3c39c08fd	CnZvaWQgc2V0VENISVRURVNUSU5GT0ZpZWxkcyhKTklFbnYgKmVudiwgam9iamVjdCBscE9iamVjdCwgVENISVRURVNUSU5GTyAqbHBTdHJ1Y3QpOw==
1171	PREPROCESSOR	49906	49960	0	505d3e605cd5bfb88ca167b38ded7db2e1ac27a8ecd4ea17a80de517facb7067	CiNkZWZpbmUgVENISVRURVNUSU5GT19zaXplb2YoKSBzaXplb2YoVENISVRURVNUSU5GTykK
1172	PREPROCESSOR	49960	49966	0	a95dbf91f6d6c3dc84eb44907afe37bdec7e3aa1cd0a07042249536df254415c	I2Vsc2UK
1173	PREPROCESSOR	49966	50004	0	8a43e131b98800119f42d44507fecb4ebb4a9aeae004c3291ce03b76403cc3d6	I2RlZmluZSBjYWNoZVRDSElUVEVTVElORk9GaWVsZHMoYSxiKQo=
1174	PREPROCESSOR	50004	50047	0	8fc842462c05ffae4c749da31c14debdc9d744bb32682faa031f168a1d271937	I2RlZmluZSBnZXRUQ0hJVFRFU1RJTkZPRmllbGRzKGEsYixjKSBOVUxMCg==
1175	PREPROCESSOR	50047	50085	0	6e5b9cdd2b594d1a6199da1ee5454f8f4fab13d7bbe06fbef9ee604aebc28a94	I2RlZmluZSBzZXRUQ0hJVFRFU1RJTkZPRmllbGRzKGEsYixjKQo=
1176	PREPROCESSOR	50085	50118	0	9136c701cef789714b9985788b4c253e8f349e8bb4b51ea37ca759ad9f7e0d8b	I2RlZmluZSBUQ0hJVFRFU1RJTkZPX3NpemVvZigpIDAK
1177	PREPROCESSOR	50118	50125	0	9a349bbd1a21104f051e34b2c8a9e70cc7fbb50bc19a67781f2a140c386d9438	I2VuZGlmCg==
1178	PREPROCESSOR	50125	50144	0	d8bbb46e61652a6acec1ffb31532c575cf79cf6613ef1421ccd3b50e7039d42d	CiNpZm5kZWYgTk9fVENJVEVNCg==
1179	STATEMENT	50144	50198	0	0981658c48b458f22bb5fd05132f94f7eb492e901fcb895686012cc292f5bc7c	dm9pZCBjYWNoZVRDSVRFTUZpZWxkcyhKTklFbnYgKmVudiwgam9iamVjdCBscE9iamVjdCk7
1180	STATEMENT	50198	50272	0	4f36b3a6595212e639b36bdb912c41e0c49b0369c1de7a6ad6b2566d220c308e	ClRDSVRFTSAqZ2V0VENJVEVNRmllbGRzKEpOSUVudiAqZW52LCBqb2JqZWN0IGxwT2JqZWN0LCBUQ0lURU0gKmxwU3RydWN0KTs=
1181	STATEMENT	50272	50343	0	ace3773ac8e4e6e57bcd4525235777edcb75a3113be93c353bf3361bd2769e5a	CnZvaWQgc2V0VENJVEVNRmllbGRzKEpOSUVudiAqZW52LCBqb2JqZWN0IGxwT2JqZWN0LCBUQ0lURU0gKmxwU3RydWN0KTs=
1182	PREPROCESSOR	50343	50383	0	1206fb449d2fd6dd81175dddbf809ee2dd123bebae4e71c9617a542da090f0ae	CiNkZWZpbmUgVENJVEVNX3NpemVvZigpIHNpemVvZihUQ0lURU0pCg==
1183	PREPROCESSOR	50383	50389	0	a95dbf91f6d6c3dc84eb44907afe37bdec7e3aa1cd0a07042249536df254415c	I2Vsc2UK
1184	PREPROCESSOR	50389	50420	0	67d6b906daa769419464dff899c5bd4739842e3d13a2ddf6d909c9348814748e	I2RlZmluZSBjYWNoZVRDSVRFTUZpZWxkcyhhLGIpCg==
1185	PREPROCESSOR	50420	50456	0	a634ca455123e399a58f8d2fa0037ce059d0ab065407ff89ecaaae9e51a41592	I2RlZmluZSBnZXRUQ0lURU1GaWVsZHMoYSxiLGMpIE5VTEwK
1186	PREPROCESSOR	50456	50487	0	3af06e59422e65548485c0b37d7bb405b6ae5657539824371a911e2d7b4345c0	I2RlZmluZSBzZXRUQ0lURU1GaWVsZHMoYSxiLGMpCg==
1187	PREPROCESSOR	50487	50513	0	38e319a99826f32b115a0fbecf0e62c7fbc0643162fed94b7187a876657a50e4	I2RlZmluZSBUQ0lURU1fc2l6ZW9mKCkgMAo=
1188	PREPROCESSOR	50513	50520	0	9a349bbd1a21104f051e34b2c8a9e70cc7fbb50bc19a67781f2a140c386d9438	I2VuZGlmCg==
1189	PREPROCESSOR	50520	50543	0	fabcf4c0c71dc38d69b4b9c9af27d794d3ba37251225c51748ffe6968f3c32e7	CiNpZm5kZWYgTk9fVEVYVE1FVFJJQwo=
1190	STATEMENT	50543	50601	0	7e8d00e72fd3569a3b054ff75bc7ff13c0f77f2c1bb528b6150d44dd7f0285b8	dm9pZCBjYWNoZVRFWFRNRVRSSUNGaWVsZHMoSk5JRW52ICplbnYsIGpvYmplY3QgbHBPYmplY3QpOw==
1191	STATEMENT	50601	50687	0	07ede9249041a7b88beaa14a9bfd86c4d402ff61d8e81eda291e090a688428cf	ClRFWFRNRVRSSUMgKmdldFRFWFRNRVRSSUNGaWVsZHMoSk5JRW52ICplbnYsIGpvYmplY3QgbHBPYmplY3QsIFRFWFRNRVRSSUMgKmxwU3RydWN0KTs=
1192	STATEMENT	50687	50766	0	4d02e833fe90404612d1f877983900a24aefda05dc0f6bff4792ea0e10e88267	CnZvaWQgc2V0VEVYVE1FVFJJQ0ZpZWxkcyhKTklFbnYgKmVudiwgam9iamVjdCBscE9iamVjdCwgVEVYVE1FVFJJQyAqbHBTdHJ1Y3QpOw==
1193	PREPROCESSOR	50766	50814	0	98dec40fe6ec70e8db7e655f3c85899784455c3b3421fc28334860ca8aff2617	CiNkZWZpbmUgVEVYVE1FVFJJQ19zaXplb2YoKSBzaXplb2YoVEVYVE1FVFJJQykK
1194	PREPROCESSOR	50814	50820	0	a95dbf91f6d6c3dc84eb44907afe37bdec7e3aa1cd0a07042249536df254415c	I2Vsc2UK
1195	PREPROCESSOR	50820	50855	0	157f026b158e32c883ae7226b7523297c46b7077be9bb018c888163af015c4f0	I2RlZmluZSBjYWNoZVRFWFRNRVRSSUNGaWVsZHMoYSxiKQo=
1196	PREPROCESSOR	50855	50895	0	e595f85baa5d08959e808039d4f24c555b40168dac833206689870f3af1d3836	I2RlZmluZSBnZXRURVhUTUVUUklDRmllbGRzKGEsYixjKSBOVUxMCg==
1197	PREPROCESSOR	50895	50930	0	9bbfe8235b3b2135d6d67244318de0ee6809088093830314d1e4281d8d55b19a	I2RlZmluZSBzZXRURVhUTUVUUklDRmllbGRzKGEsYixjKQo=
1198	PREPROCESSOR	50930	50960	0	e0c3d7602083f83cb2101903b843eb07f6929c6faacc47a4f62e9687c6f015da	I2RlZmluZSBURVhUTUVUUklDX3NpemVvZigpIDAK
1199	PREPROCESSOR	50960	50967	0	9a349bbd1a21104f051e34b2c8a9e70cc7fbb50bc19a67781f2a140c386d9438	I2VuZGlmCg==
1200	PREPROCESSOR	50967	50991	0	2bd29ca123f21acde480564d007f9dd86b4a10fdfd9039c9419061415564ef47	CiNpZm5kZWYgTk9fVEZfREFfQ09MT1IK
1201	STATEMENT	50991	51050	0	210db794d233fc62de82dbaf9d5bd1fe868aa9854ea9ad5c9617397452338cb7	dm9pZCBjYWNoZVRGX0RBX0NPTE9SRmllbGRzKEpOSUVudiAqZW52LCBqb2JqZWN0IGxwT2JqZWN0KTs=
1202	STATEMENT	51050	51139	0	b73bd28497cf7e12712f79887565024a05216b00174db29d9fd653fcf359006a	ClRGX0RBX0NPTE9SICpnZXRURl9EQV9DT0xPUkZpZWxkcyhKTklFbnYgKmVudiwgam9iamVjdCBscE9iamVjdCwgVEZfREFfQ09MT1IgKmxwU3RydWN0KTs=
1203	STATEMENT	51139	51220	0	b9a4b09c3d6539f51e394469d3f7571311944e591e7fd24ead5859a5485f2429	CnZvaWQgc2V0VEZfREFfQ09MT1JGaWVsZHMoSk5JRW52ICplbnYsIGpvYmplY3QgbHBPYmplY3QsIFRGX0RBX0NPTE9SICpscFN0cnVjdCk7
1204	PREPROCESSOR	51220	51270	0	caa351ae7ccf8990cb5e65a68ae35142ce121be1f08ae5e36e564aae1ac3a17c	CiNkZWZpbmUgVEZfREFfQ09MT1Jfc2l6ZW9mKCkgc2l6ZW9mKFRGX0RBX0NPTE9SKQo=
1205	PREPROCESSOR	51270	51276	0	a95dbf91f6d6c3dc84eb44907afe37bdec7e3aa1cd0a07042249536df254415c	I2Vsc2UK
1206	PREPROCESSOR	51276	51312	0	dafc7b3f36d71be51341c100c6b3383711615331c7b22995b7bd4e28791c7aed	I2RlZmluZSBjYWNoZVRGX0RBX0NPTE9SRmllbGRzKGEsYikK
1207	PREPROCESSOR	51312	51353	0	5b1850452820e61bf34f787e6a3476dee8c9770ecf44ce8ca0859416dd52e3a7	I2RlZmluZSBnZXRURl9EQV9DT0xPUkZpZWxkcyhhLGIsYykgTlVMTAo=
1208	PREPROCESSOR	51353	51389	0	068295c27b2a36fe0cfcc6a4d6aeb5f144fdab68123d1d473ace0f82831cc103	I2RlZmluZSBzZXRURl9EQV9DT0xPUkZpZWxkcyhhLGIsYykK
1209	PREPROCESSOR	51389	51420	0	c58df6d0b9469f72c6d29be723800c7c03f628e43f234cee8b0335db43008df0	I2RlZmluZSBURl9EQV9DT0xPUl9zaXplb2YoKSAwCg==
1210	PREPROCESSOR	51420	51427	0	9a349bbd1a21104f051e34b2c8a9e70cc7fbb50bc19a67781f2a140c386d9438	I2VuZGlmCg==
1211	PREPROCESSOR	51427	51459	0	69e594400180c7ac9be409a7a191bdc296562d7de3c0f8027a285df9080ec63c	CiNpZm5kZWYgTk9fVEZfRElTUExBWUFUVFJJQlVURQo=
1212	STATEMENT	51459	51526	0	159a72998dcae0111c5b3d270eae509819446bc694a8ee3490c38b204040729a	dm9pZCBjYWNoZVRGX0RJU1BMQVlBVFRSSUJVVEVGaWVsZHMoSk5JRW52ICplbnYsIGpvYmplY3QgbHBPYmplY3QpOw==
1213	STATEMENT	51526	51639	0	b51d789a4551e4fd4084986e2f9f82ab56f01a70d4fcb5bf5418f10e1f8d071a	ClRGX0RJU1BMQVlBVFRSSUJVVEUgKmdldFRGX0RJU1BMQVlBVFRSSUJVVEVGaWVsZHMoSk5JRW52ICplbnYsIGpvYmplY3QgbHBPYmplY3QsIFRGX0RJU1BMQVlBVFRSSUJVVEUgKmxwU3RydWN0KTs=
1214	STATEMENT	51639	51736	0	12023ac7e5e83c9fbc92f18cd654f39c859bba5169d8d5a1e81e9911b1c17039	CnZvaWQgc2V0VEZfRElTUExBWUFUVFJJQlVURUZpZWxkcyhKTklFbnYgKmVudiwgam9iamVjdCBscE9iamVjdCwgVEZfRElTUExBWUFUVFJJQlVURSAqbHBTdHJ1Y3QpOw==
1215	PREPROCESSOR	51736	51802	0	09887ddb9cff1513ddec1cf3a11e140b80d32e1cb53dadd281fe53026153974d	CiNkZWZpbmUgVEZfRElTUExBWUFUVFJJQlVURV9zaXplb2YoKSBzaXplb2YoVEZfRElTUExBWUFUVFJJQlVURSkK
1216	PREPROCESSOR	51802	51808	0	a95dbf91f6d6c3dc84eb44907afe37bdec7e3aa1cd0a07042249536df254415c	I2Vsc2UK
1217	PREPROCESSOR	51808	51852	0	b0e41ca255b5e455474307a687d8fddc5354dc909779c6fb99933e74618696a7	I2RlZmluZSBjYWNoZVRGX0RJU1BMQVlBVFRSSUJVVEVGaWVsZHMoYSxiKQo=
1218	PREPROCESSOR	51852	51901	0	5722e74ba4cbded54f65eec974b786b6f54b8fcd4779358176a47bd3b6b5696b	I2RlZmluZSBnZXRURl9ESVNQTEFZQVRUUklCVVRFRmllbGRzKGEsYixjKSBOVUxMCg==
1219	PREPROCESSOR	51901	51945	0	04f7db34fcd68a5c3805bbb111af3a44f0a5235d99a42c0555b79170743d97c3	I2RlZmluZSBzZXRURl9ESVNQTEFZQVRUUklCVVRFRmllbGRzKGEsYixjKQo=
1220	PREPROCESSOR	51945	51984	0	8b508842b949667d023ad843f2dd83a655a78fbd25446098506ae3f390bbe44b	I2RlZmluZSBURl9ESVNQTEFZQVRUUklCVVRFX3NpemVvZigpIDAK
1221	PREPROCESSOR	51984	51991	0	9a349bbd1a21104f051e34b2c8a9e70cc7fbb50bc19a67781f2a140c386d9438	I2VuZGlmCg==
1222	PREPROCESSOR	51991	52012	0	6c335a27b8bbc0f9bd827446cf7ace7485930585cde9e4a7f74fb113954330e2	CiNpZm5kZWYgTk9fVE9PTElORk8K
1223	STATEMENT	52012	52068	0	35f1342bfcb1e0418b7a51885f44ac69954d4122c0c68545587c0daaa3d9a9ef	dm9pZCBjYWNoZVRPT0xJTkZPRmllbGRzKEpOSUVudiAqZW52LCBqb2JqZWN0IGxwT2JqZWN0KTs=
1224	STATEMENT	52068	52148	0	e91937d906f84486bc5dd25990f02f468895a86f3345371e703f1f8bf0b428ef	ClRPT0xJTkZPICpnZXRUT09MSU5GT0ZpZWxkcyhKTklFbnYgKmVudiwgam9iamVjdCBscE9iamVjdCwgVE9PTElORk8gKmxwU3RydWN0KTs=
1225	STATEMENT	52148	52223	0	bc2baef3382e445528826eb71d06e79da501276575e3748eab4e925164b5a850	CnZvaWQgc2V0VE9PTElORk9GaWVsZHMoSk5JRW52ICplbnYsIGpvYmplY3QgbHBPYmplY3QsIFRPT0xJTkZPICpscFN0cnVjdCk7
1226	PREPROCESSOR	52223	52267	0	503d4e1b189670800b4f761f7a2d7e0368dfab873514be1febcc6c007fae4f76	CiNkZWZpbmUgVE9PTElORk9fc2l6ZW9mKCkgc2l6ZW9mKFRPT0xJTkZPKQo=
1227	PREPROCESSOR	52267	52273	0	a95dbf91f6d6c3dc84eb44907afe37bdec7e3aa1cd0a07042249536df254415c	I2Vsc2UK
1228	PREPROCESSOR	52273	52306	0	971d81bc2f087d53f4ae16c4b485d14374314a4b9b1ba1f6370d7a94d6a56066	I2RlZmluZSBjYWNoZVRPT0xJTkZPRmllbGRzKGEsYikK
1229	PREPROCESSOR	52306	52344	0	fda5620b8cc294732155c6683a3616181199bd2aea7a1603990d48be903f418b	I2RlZmluZSBnZXRUT09MSU5GT0ZpZWxkcyhhLGIsYykgTlVMTAo=
1230	PREPROCESSOR	52344	52377	0	a6134f8d5373d74b3da3d528dd535742387d92f92ce164610845b504ddbf8a5f	I2RlZmluZSBzZXRUT09MSU5GT0ZpZWxkcyhhLGIsYykK
1231	PREPROCESSOR	52377	52405	0	9328fbd76d54b3c0b13e1eb0395ebb38bdd65e9f28ae39437a87be6205f9204a	I2RlZmluZSBUT09MSU5GT19zaXplb2YoKSAwCg==
1232	PREPROCESSOR	52405	52412	0	9a349bbd1a21104f051e34b2c8a9e70cc7fbb50bc19a67781f2a140c386d9438	I2VuZGlmCg==
1233	PREPROCESSOR	52412	52435	0	644c2023ebc8230da0b89912f104c732ca8439d034e7ea8adf0a68a628a8323e	CiNpZm5kZWYgTk9fVE9VQ0hJTlBVVAo=
1234	STATEMENT	52435	52493	0	4b37ae030a94aee8dc38789798948e23e887f0c0e8450205346b7286147191eb	dm9pZCBjYWNoZVRPVUNISU5QVVRGaWVsZHMoSk5JRW52ICplbnYsIGpvYmplY3QgbHBPYmplY3QpOw==
1235	STATEMENT	52493	52579	0	131985487f3dbb0b15448c04542e372c53ca9f08306474f74a71559399bb8c4e	ClRPVUNISU5QVVQgKmdldFRPVUNISU5QVVRGaWVsZHMoSk5JRW52ICplbnYsIGpvYmplY3QgbHBPYmplY3QsIFRPVUNISU5QVVQgKmxwU3RydWN0KTs=
1236	STATEMENT	52579	52658	0	7d76a15d18b6e4c963f703fa3e05596f38504cefbd82b44f64d22fdc090d8cfd	CnZvaWQgc2V0VE9VQ0hJTlBVVEZpZWxkcyhKTklFbnYgKmVudiwgam9iamVjdCBscE9iamVjdCwgVE9VQ0hJTlBVVCAqbHBTdHJ1Y3QpOw==
1237	PREPROCESSOR	52658	52706	0	16fd32b6e75c26b8c6e22ea91d50a8e5dba23f5203c72d49bc1eeb0e684c44f9	CiNkZWZpbmUgVE9VQ0hJTlBVVF9zaXplb2YoKSBzaXplb2YoVE9VQ0hJTlBVVCkK
1238	PREPROCESSOR	52706	52712	0	a95dbf91f6d6c3dc84eb44907afe37bdec7e3aa1cd0a07042249536df254415c	I2Vsc2UK
1239	PREPROCESSOR	52712	52747	0	e4b2ea2fc99b0ba80e3496c84905aedb182bfe7296a8cfc514d251c0edc1f614	I2RlZmluZSBjYWNoZVRPVUNISU5QVVRGaWVsZHMoYSxiKQo=
1240	PREPROCESSOR	52747	52787	0	652c90e6539be920949de060210040823a54586669b66e840554803c2f82c2a2	I2RlZmluZSBnZXRUT1VDSElOUFVURmllbGRzKGEsYixjKSBOVUxMCg==
1241	PREPROCESSOR	52787	52822	0	7d35f6c3317f0965abc9684f02526c0a68824d69e3404bc80beaacd2a093ed7a	I2RlZmluZSBzZXRUT1VDSElOUFVURmllbGRzKGEsYixjKQo=
1242	PREPROCESSOR	52822	52852	0	7ae52a604a1b63ac78f72d00c27e3bd94695774201e811b093c423820da86983	I2RlZmluZSBUT1VDSElOUFVUX3NpemVvZigpIDAK
1243	PREPROCESSOR	52852	52859	0	9a349bbd1a21104f051e34b2c8a9e70cc7fbb50bc19a67781f2a140c386d9438	I2VuZGlmCg==
1244	PREPROCESSOR	52859	52887	0	27b4bd72377429a6c260706e9784657bd2d454116858cd1cfde218623fff0a85	CiNpZm5kZWYgTk9fVFJBQ0tNT1VTRUVWRU5UCg==
1245	STATEMENT	52887	52950	0	3e4bc15ce013173d0bea8973f32e040d5b99b02b8f10f65c171acfad742d9cde	dm9pZCBjYWNoZVRSQUNLTU9VU0VFVkVOVEZpZWxkcyhKTklFbnYgKmVudiwgam9iamVjdCBscE9iamVjdCk7
1246	STATEMENT	52950	53051	0	0cffdf4dbf1a0ae4d28e6298c14a41bef4b1f76733fbac64bf9cf6aa21a8af01	ClRSQUNLTU9VU0VFVkVOVCAqZ2V0VFJBQ0tNT1VTRUVWRU5URmllbGRzKEpOSUVudiAqZW52LCBqb2JqZWN0IGxwT2JqZWN0LCBUUkFDS01PVVNFRVZFTlQgKmxwU3RydWN0KTs=
1247	STATEMENT	53051	53140	0	a5446a76c47cb0e6fba30ca41cd1f16e3fa499d416af15d2de1ee9a7ae1fdb0d	CnZvaWQgc2V0VFJBQ0tNT1VTRUVWRU5URmllbGRzKEpOSUVudiAqZW52LCBqb2JqZWN0IGxwT2JqZWN0LCBUUkFDS01PVVNFRVZFTlQgKmxwU3RydWN0KTs=
1248	PREPROCESSOR	53140	53198	0	53bdc56ce96326965466cddb34d019929939d6eaa4b90fd0d0cdd0b75517e1b9	CiNkZWZpbmUgVFJBQ0tNT1VTRUVWRU5UX3NpemVvZigpIHNpemVvZihUUkFDS01PVVNFRVZFTlQpCg==
1249	PREPROCESSOR	53198	53204	0	a95dbf91f6d6c3dc84eb44907afe37bdec7e3aa1cd0a07042249536df254415c	I2Vsc2UK
1250	PREPROCESSOR	53204	53244	0	0ac1df517b7375aec55673729c9a80a08bcac0e4cb4a582aead318072cd2401b	I2RlZmluZSBjYWNoZVRSQUNLTU9VU0VFVkVOVEZpZWxkcyhhLGIpCg==
1251	PREPROCESSOR	53244	53289	0	99a9015a489baafc8f153d7de93c65ae2b3fe9d319bbb37d5bc03dfcf94c46f0	I2RlZmluZSBnZXRUUkFDS01PVVNFRVZFTlRGaWVsZHMoYSxiLGMpIE5VTEwK
1252	PREPROCESSOR	53289	53329	0	e9eb350cbbf3c798328febd41f3a1282c047e5e2e0015369ae1e379a4949374b	I2RlZmluZSBzZXRUUkFDS01PVVNFRVZFTlRGaWVsZHMoYSxiLGMpCg==
1253	PREPROCESSOR	53329	53364	0	3f9baf4acd459979e2b775718f1ec519f0a4a205bf1029a12976c0cd0a34da3f	I2RlZmluZSBUUkFDS01PVVNFRVZFTlRfc2l6ZW9mKCkgMAo=
1254	PREPROCESSOR	53364	53371	0	9a349bbd1a21104f051e34b2c8a9e70cc7fbb50bc19a67781f2a140c386d9438	I2VuZGlmCg==
1255	PREPROCESSOR	53371	53393	0	a9cf6d1b85063b9e1c115aaf9c94a61f9eeb1366b424a3c31f175712bdd0c04f	CiNpZm5kZWYgTk9fVFJJVkVSVEVYCg==
1256	STATEMENT	53393	53450	0	331b18ed2c637961707a14735fe43b67aa3d79cf792104b39cf872ac335bc6c3	dm9pZCBjYWNoZVRSSVZFUlRFWEZpZWxkcyhKTklFbnYgKmVudiwgam9iamVjdCBscE9iamVjdCk7
1257	STATEMENT	53450	53533	0	e1d871627b21161345d3f4ce945787726390bde307d3d8e7c4d86dd076dc0b3d	ClRSSVZFUlRFWCAqZ2V0VFJJVkVSVEVYRmllbGRzKEpOSUVudiAqZW52LCBqb2JqZWN0IGxwT2JqZWN0LCBUUklWRVJURVggKmxwU3RydWN0KTs=
1258	STATEMENT	53533	53610	0	a5c20b62a82dde0fe0852fda9e44145297ca481f5e5cc0c7c538c28adf01786e	CnZvaWQgc2V0VFJJVkVSVEVYRmllbGRzKEpOSUVudiAqZW52LCBqb2JqZWN0IGxwT2JqZWN0LCBUUklWRVJURVggKmxwU3RydWN0KTs=
1259	PREPROCESSOR	53610	53656	0	f7e8ec3c8f1e27ee35a989516f57dc47373957e57f6beb150d0c53f83dd3f68e	CiNkZWZpbmUgVFJJVkVSVEVYX3NpemVvZigpIHNpemVvZihUUklWRVJURVgpCg==
1260	PREPROCESSOR	53656	53662	0	a95dbf91f6d6c3dc84eb44907afe37bdec7e3aa1cd0a07042249536df254415c	I2Vsc2UK
1261	PREPROCESSOR	53662	53696	0	2752541b40ae2a7324153bd91d8d4c3fbecb9291f8753897ebb0c32202878c4a	I2RlZmluZSBjYWNoZVRSSVZFUlRFWEZpZWxkcyhhLGIpCg==
1262	PREPROCESSOR	53696	53735	0	c7dc3602b6b0000f6333fe6309e89f43deb7374b1820838bfc5ea7ead3a27bc4	I2RlZmluZSBnZXRUUklWRVJURVhGaWVsZHMoYSxiLGMpIE5VTEwK
1263	PREPROCESSOR	53735	53769	0	fe78cc87e6849ebc54d2e4a550295c44147157f6d6a22ab3160a42cf57bc78ab	I2RlZmluZSBzZXRUUklWRVJURVhGaWVsZHMoYSxiLGMpCg==
1264	PREPROCESSOR	53769	53798	0	48a270f0e21d7dccd1681e081e84717b4fec936d9634e4d4af1f478330bbc33a	I2RlZmluZSBUUklWRVJURVhfc2l6ZW9mKCkgMAo=
1265	PREPROCESSOR	53798	53805	0	9a349bbd1a21104f051e34b2c8a9e70cc7fbb50bc19a67781f2a140c386d9438	I2VuZGlmCg==
1266	PREPROCESSOR	53805	53831	0	ba7d3b1e534768f11ff129f28c72a5b7607414de09d308f8c0f5ddfab66a72c6	CiNpZm5kZWYgTk9fVFZISVRURVNUSU5GTwo=
1267	STATEMENT	53831	53892	0	b0373aebcc04da7d29f0a23ee0bc803ba21a1b5d1baae1fe425c0b60bd3ed86c	dm9pZCBjYWNoZVRWSElUVEVTVElORk9GaWVsZHMoSk5JRW52ICplbnYsIGpvYmplY3QgbHBPYmplY3QpOw==
1268	STATEMENT	53892	53987	0	67235f3844b4c9f391674c511bef2185383645c121e2f9c139e52cd6da4f4b03	ClRWSElUVEVTVElORk8gKmdldFRWSElUVEVTVElORk9GaWVsZHMoSk5JRW52ICplbnYsIGpvYmplY3QgbHBPYmplY3QsIFRWSElUVEVTVElORk8gKmxwU3RydWN0KTs=
1269	STATEMENT	53987	54072	0	ce140d2c04801474332b9a0fa83749fb0f2a04fcf6a782efd11ec054f45e403d	CnZvaWQgc2V0VFZISVRURVNUSU5GT0ZpZWxkcyhKTklFbnYgKmVudiwgam9iamVjdCBscE9iamVjdCwgVFZISVRURVNUSU5GTyAqbHBTdHJ1Y3QpOw==
1270	PREPROCESSOR	54072	54126	0	7ccc1f50e1fe466a000bf8a8d13196a3a0d7730967b777ed6fd98009e37837a7	CiNkZWZpbmUgVFZISVRURVNUSU5GT19zaXplb2YoKSBzaXplb2YoVFZISVRURVNUSU5GTykK
1271	PREPROCESSOR	54126	54132	0	a95dbf91f6d6c3dc84eb44907afe37bdec7e3aa1cd0a07042249536df254415c	I2Vsc2UK
1272	PREPROCESSOR	54132	54170	0	5279770272d35498bcb13150553e52699a71d0dcf5e7ea433871b3e8071a6c3f	I2RlZmluZSBjYWNoZVRWSElUVEVTVElORk9GaWVsZHMoYSxiKQo=
1273	PREPROCESSOR	54170	54213	0	1c88bde6ffdc564371d36553815c2fbdf10c9bdda8273e0e869a82fc1bfef28f	I2RlZmluZSBnZXRUVkhJVFRFU1RJTkZPRmllbGRzKGEsYixjKSBOVUxMCg==
1274	PREPROCESSOR	54213	54251	0	2e3b80b81e3d01a6a74ee06860e80219acbeabe912926b92f199921e08cb1a41	I2RlZmluZSBzZXRUVkhJVFRFU1RJTkZPRmllbGRzKGEsYixjKQo=
1275	PREPROCESSOR	54251	54284	0	219f295e121e260dee7a4d982f51bd80621abd73e8cf983e20a47b97849f51c3	I2RlZmluZSBUVkhJVFRFU1RJTkZPX3NpemVvZigpIDAK
1276	PREPROCESSOR	54284	54291	0	9a349bbd1a21104f051e34b2c8a9e70cc7fbb50bc19a67781f2a140c386d9438	I2VuZGlmCg==
1277	PREPROCESSOR	54291	54318	0	b5b372de4f7c1ac7e96f48d032f4207129999aadada9dc12ead7a0decc0def13	CiNpZm5kZWYgTk9fVFZJTlNFUlRTVFJVQ1QK
1278	STATEMENT	54318	54380	0	dd6217be616832629ca13e39cf41b2bfd70b779f34edafbedc85c96c4b03c1d9	dm9pZCBjYWNoZVRWSU5TRVJUU1RSVUNURmllbGRzKEpOSUVudiAqZW52LCBqb2JqZWN0IGxwT2JqZWN0KTs=
1279	STATEMENT	54380	54478	0	60d6452b0832bd92a86f80682bcf0950641c106e29d6215ef4b4ae51b09c2edf	ClRWSU5TRVJUU1RSVUNUICpnZXRUVklOU0VSVFNUUlVDVEZpZWxkcyhKTklFbnYgKmVudiwgam9iamVjdCBscE9iamVjdCwgVFZJTlNFUlRTVFJVQ1QgKmxwU3RydWN0KTs=
1280	STATEMENT	54478	54565	0	47605de4c2bf24c72fa3865ed14587d44700c072f091e4eb40844d24a63b19fd	CnZvaWQgc2V0VFZJTlNFUlRTVFJVQ1RGaWVsZHMoSk5JRW52ICplbnYsIGpvYmplY3QgbHBPYmplY3QsIFRWSU5TRVJUU1RSVUNUICpscFN0cnVjdCk7
1281	PREPROCESSOR	54565	54621	0	37d80d8416714ce9febe63db150b0e2f9e262752130eee50837c98ff429f4ce5	CiNkZWZpbmUgVFZJTlNFUlRTVFJVQ1Rfc2l6ZW9mKCkgc2l6ZW9mKFRWSU5TRVJUU1RSVUNUKQo=
1282	PREPROCESSOR	54621	54627	0	a95dbf91f6d6c3dc84eb44907afe37bdec7e3aa1cd0a07042249536df254415c	I2Vsc2UK
1283	PREPROCESSOR	54627	54666	0	dcb0ca178b8c68e45410bbb84fcf665a6fc9bf30fab0e98dfca7c35d3a576fab	I2RlZmluZSBjYWNoZVRWSU5TRVJUU1RSVUNURmllbGRzKGEsYikK
1284	PREPROCESSOR	54666	54710	0	73d108bcb1b9da1fac4876d3cb794f617a9846c9d742a4a043c4d77adc459fc6	I2RlZmluZSBnZXRUVklOU0VSVFNUUlVDVEZpZWxkcyhhLGIsYykgTlVMTAo=
1285	PREPROCESSOR	54710	54749	0	a18035098c3493fa7256bdb649891a7c2355d91080c6b08180a960abfd62e309	I2RlZmluZSBzZXRUVklOU0VSVFNUUlVDVEZpZWxkcyhhLGIsYykK
1286	PREPROCESSOR	54749	54783	0	aca7a798ce5ec089a1d8c688cf942f29ea20d44637b2bb9b0aad02825784c805	I2RlZmluZSBUVklOU0VSVFNUUlVDVF9zaXplb2YoKSAwCg==
1287	PREPROCESSOR	54783	54790	0	9a349bbd1a21104f051e34b2c8a9e70cc7fbb50bc19a67781f2a140c386d9438	I2VuZGlmCg==
1288	PREPROCESSOR	54790	54809	0	f89a1149dfb1ab4df07d6b5dd49ccff0fc9e956c09bb82dd2ea1d37739880904	CiNpZm5kZWYgTk9fVFZJVEVNCg==
1289	STATEMENT	54809	54863	0	4c850ad05627f28d97da6e2cb58a45f5ef1523e1ca9c01b55e7d9844dec2e21c	dm9pZCBjYWNoZVRWSVRFTUZpZWxkcyhKTklFbnYgKmVudiwgam9iamVjdCBscE9iamVjdCk7
1290	STATEMENT	54863	54937	0	15b4751ae8564c283a0a63a979ec2c7551042d212f4c3bad54ac8613f6ec88b1	ClRWSVRFTSAqZ2V0VFZJVEVNRmllbGRzKEpOSUVudiAqZW52LCBqb2JqZWN0IGxwT2JqZWN0LCBUVklURU0gKmxwU3RydWN0KTs=
1291	STATEMENT	54937	55008	0	5f1a74cc8c2e705ab42a403595cb5f78b7f30d38cf2146b52ed50055c5f4bf4a	CnZvaWQgc2V0VFZJVEVNRmllbGRzKEpOSUVudiAqZW52LCBqb2JqZWN0IGxwT2JqZWN0LCBUVklURU0gKmxwU3RydWN0KTs=
1292	PREPROCESSOR	55008	55048	0	3e93458199992c1aa00eb2af9ca41fda0705a2cd71ee451de3035d3a05abd104	CiNkZWZpbmUgVFZJVEVNX3NpemVvZigpIHNpemVvZihUVklURU0pCg==
1293	PREPROCESSOR	55048	55054	0	a95dbf91f6d6c3dc84eb44907afe37bdec7e3aa1cd0a07042249536df254415c	I2Vsc2UK
1294	PREPROCESSOR	55054	55085	0	890c5d771936be5afc1eeae695eba4dbc76e5df0c3caf7697779e8b9eb22e560	I2RlZmluZSBjYWNoZVRWSVRFTUZpZWxkcyhhLGIpCg==
1295	PREPROCESSOR	55085	55121	0	06e57a3ffc4191e6f66832fe61d58bdd35aa1986bc080694c05f6920a6e5dece	I2RlZmluZSBnZXRUVklURU1GaWVsZHMoYSxiLGMpIE5VTEwK
1296	PREPROCESSOR	55121	55152	0	56fe4202c017a7912c657cc86c35337f0627616f0e111eb4b07f1ef7320ae636	I2RlZmluZSBzZXRUVklURU1GaWVsZHMoYSxiLGMpCg==
1297	PREPROCESSOR	55152	55178	0	88b2da109f083ab18809a063d85aea6caac5afb800d71b9662ba518006110033	I2RlZmluZSBUVklURU1fc2l6ZW9mKCkgMAo=
1298	PREPROCESSOR	55178	55185	0	9a349bbd1a21104f051e34b2c8a9e70cc7fbb50bc19a67781f2a140c386d9438	I2VuZGlmCg==
1299	PREPROCESSOR	55185	55206	0	0c4597820e291e91851eee3db68a0c8cd7bd9f2acfff3ac3be5fd942ff5963ba	CiNpZm5kZWYgTk9fVFZTT1JUQ0IK
1300	STATEMENT	55206	55262	0	669a3905368bb11ace188d7c2f0101e9df3c82d095f2aa3a27124cbb658e927b	dm9pZCBjYWNoZVRWU09SVENCRmllbGRzKEpOSUVudiAqZW52LCBqb2JqZWN0IGxwT2JqZWN0KTs=
1301	STATEMENT	55262	55342	0	9086fb802d2797b7372230e71d23900debdc190ca7d788b892aa02d3c87a0d93	ClRWU09SVENCICpnZXRUVlNPUlRDQkZpZWxkcyhKTklFbnYgKmVudiwgam9iamVjdCBscE9iamVjdCwgVFZTT1JUQ0IgKmxwU3RydWN0KTs=
1302	STATEMENT	55342	55417	0	0f0c236fd93159ba1753cdacae5f38ee8aa7fef66af5efa52dfa3ba5b968ea9e	CnZvaWQgc2V0VFZTT1JUQ0JGaWVsZHMoSk5JRW52ICplbnYsIGpvYmplY3QgbHBPYmplY3QsIFRWU09SVENCICpscFN0cnVjdCk7
1303	PREPROCESSOR	55417	55461	0	157113572a42c2010f3dcddcd665356a37b201818ab11242065d988c72da04c2	CiNkZWZpbmUgVFZTT1JUQ0Jfc2l6ZW9mKCkgc2l6ZW9mKFRWU09SVENCKQo=
1304	PREPROCESSOR	55461	55467	0	a95dbf91f6d6c3dc84eb44907afe37bdec7e3aa1cd0a07042249536df254415c	I2Vsc2UK
1305	PREPROCESSOR	55467	55500	0	9793545405d71211c52f1423bc92b94a7d7327b4d094beb2f00d18f949ff91cd	I2RlZmluZSBjYWNoZVRWU09SVENCRmllbGRzKGEsYikK
1306	PREPROCESSOR	55500	55538	0	71f7e275300de9a7bec4607cb7aefca8501f68e68012f3942d237cf15599df17	I2RlZmluZSBnZXRUVlNPUlRDQkZpZWxkcyhhLGIsYykgTlVMTAo=
1307	PREPROCESSOR	55538	55571	0	022f3557640021f317cadf22856fcb08713c62f89ee81e6a8005cc79b48a46a1	I2RlZmluZSBzZXRUVlNPUlRDQkZpZWxkcyhhLGIsYykK
1308	PREPROCESSOR	55571	55599	0	5ec9dc2f6b4e353fd8fbd7b08fb4379e54384cd4039cd75791412be42ef47473	I2RlZmluZSBUVlNPUlRDQl9zaXplb2YoKSAwCg==
1309	PREPROCESSOR	55599	55606	0	9a349bbd1a21104f051e34b2c8a9e70cc7fbb50bc19a67781f2a140c386d9438	I2VuZGlmCg==
1310	PREPROCESSOR	55606	55626	0	ea29fe8d45c9d33399d64a09884a82ce561147a751f78265b8825e8c91cf4352	CiNpZm5kZWYgTk9fVURBQ0NFTAo=
1311	STATEMENT	55626	55681	0	1f68cdc178c46fbe3f8aec4bc641a4810cf62f3d3624ecf2f5e4bc08a6ed9879	dm9pZCBjYWNoZVVEQUNDRUxGaWVsZHMoSk5JRW52ICplbnYsIGpvYmplY3QgbHBPYmplY3QpOw==
1312	STATEMENT	55681	55758	0	1f89bdda19de657cdef74cb513fd6c069e5960d98772cc62274de0ee37f68ee8	ClVEQUNDRUwgKmdldFVEQUNDRUxGaWVsZHMoSk5JRW52ICplbnYsIGpvYmplY3QgbHBPYmplY3QsIFVEQUNDRUwgKmxwU3RydWN0KTs=
1313	STATEMENT	55758	55831	0	a70dd865c6b038461ea65dfabfb00289ff9c6ee64d615ec28efdbe51f53e7332	CnZvaWQgc2V0VURBQ0NFTEZpZWxkcyhKTklFbnYgKmVudiwgam9iamVjdCBscE9iamVjdCwgVURBQ0NFTCAqbHBTdHJ1Y3QpOw==
1314	PREPROCESSOR	55831	55873	0	70322592dca5782ec965a08e0d65a6545052a9d817b3af1a4b4e46a1c16db0ba	CiNkZWZpbmUgVURBQ0NFTF9zaXplb2YoKSBzaXplb2YoVURBQ0NFTCkK
1315	PREPROCESSOR	55873	55879	0	a95dbf91f6d6c3dc84eb44907afe37bdec7e3aa1cd0a07042249536df254415c	I2Vsc2UK
1316	PREPROCESSOR	55879	55911	0	888cf72effb22204e7a10c288afb350b1bdfc09e18943e492e142e6642043e50	I2RlZmluZSBjYWNoZVVEQUNDRUxGaWVsZHMoYSxiKQo=
1317	PREPROCESSOR	55911	55948	0	2e5ccaf6f0ac60b473d20132e8441a2063feed7f1f2acb137453a55852b5566c	I2RlZmluZSBnZXRVREFDQ0VMRmllbGRzKGEsYixjKSBOVUxMCg==
1318	PREPROCESSOR	55948	55980	0	6db1fc12d69042f8c7243608fee00ffffc9cdfcba92757a3d1caef0c1721a930	I2RlZmluZSBzZXRVREFDQ0VMRmllbGRzKGEsYixjKQo=
1319	PREPROCESSOR	55980	56007	0	010de0a5657a011ae5b40e61d87aa6a1fa5f25e303c2607f2f2d661cf1a17e36	I2RlZmluZSBVREFDQ0VMX3NpemVvZigpIDAK
1320	PREPROCESSOR	56007	56014	0	9a349bbd1a21104f051e34b2c8a9e70cc7fbb50bc19a67781f2a140c386d9438	I2VuZGlmCg==
1321	PREPROCESSOR	56014	56042	0	906ecc00f13c58d42bdfbab654176cd378c8371a2f5748d110c36e10630030db	CiNpZm5kZWYgTk9fV0lORE9XUExBQ0VNRU5UCg==
1322	STATEMENT	56042	56105	0	719bf5622156dad17d9ffddbbb7425b6823b5857f5ee1a8b037c25d047118013	dm9pZCBjYWNoZVdJTkRPV1BMQUNFTUVOVEZpZWxkcyhKTklFbnYgKmVudiwgam9iamVjdCBscE9iamVjdCk7
1323	STATEMENT	56105	56206	0	9a228088163a587904ba799329cb975f492d398d2856a574c5dd20fcd78770e6	CldJTkRPV1BMQUNFTUVOVCAqZ2V0V0lORE9XUExBQ0VNRU5URmllbGRzKEpOSUVudiAqZW52LCBqb2JqZWN0IGxwT2JqZWN0LCBXSU5ET1dQTEFDRU1FTlQgKmxwU3RydWN0KTs=
1324	STATEMENT	56206	56295	0	acde73609073e6aed1b89baa8ea29cc575cbe958a9f20e9a4460862305471404	CnZvaWQgc2V0V0lORE9XUExBQ0VNRU5URmllbGRzKEpOSUVudiAqZW52LCBqb2JqZWN0IGxwT2JqZWN0LCBXSU5ET1dQTEFDRU1FTlQgKmxwU3RydWN0KTs=
1325	PREPROCESSOR	56295	56353	0	67cc6eecb293f6a54fb1ab620e5812a0a992d81a52fa7cb9af04a91eef6f650d	CiNkZWZpbmUgV0lORE9XUExBQ0VNRU5UX3NpemVvZigpIHNpemVvZihXSU5ET1dQTEFDRU1FTlQpCg==
1326	PREPROCESSOR	56353	56359	0	a95dbf91f6d6c3dc84eb44907afe37bdec7e3aa1cd0a07042249536df254415c	I2Vsc2UK
1327	PREPROCESSOR	56359	56399	0	1cfc1951c42c967808e798d3395695a3db76d18c413218abe757b729942033b7	I2RlZmluZSBjYWNoZVdJTkRPV1BMQUNFTUVOVEZpZWxkcyhhLGIpCg==
1328	PREPROCESSOR	56399	56444	0	c839f60cfaf581cb475a7d1c4062aebe6dd3a29d6946466d3a40a1cda2ddb0c6	I2RlZmluZSBnZXRXSU5ET1dQTEFDRU1FTlRGaWVsZHMoYSxiLGMpIE5VTEwK
1329	PREPROCESSOR	56444	56484	0	b0c76b763925b68d19c1a62c2a35b7c5b3780bb951a0ef05c007e8c38aa40ac0	I2RlZmluZSBzZXRXSU5ET1dQTEFDRU1FTlRGaWVsZHMoYSxiLGMpCg==
1330	PREPROCESSOR	56484	56519	0	903ef1b4599f1fb87a7a3ae0355c7aacbd7f1f38b8ce67621f0d34660b1829fb	I2RlZmluZSBXSU5ET1dQTEFDRU1FTlRfc2l6ZW9mKCkgMAo=
1331	PREPROCESSOR	56519	56526	0	9a349bbd1a21104f051e34b2c8a9e70cc7fbb50bc19a67781f2a140c386d9438	I2VuZGlmCg==
1332	PREPROCESSOR	56526	56548	0	f6907de437f2a2f2707db8098019d49ff963ede994be4c03528039f4031f3ac2	CiNpZm5kZWYgTk9fV0lORE9XUE9TCg==
1333	STATEMENT	56548	56605	0	bfeaa268f856bca49c94d35d7f7cad87c374bd7e7ae3bcb2e04d428e6112cddc	dm9pZCBjYWNoZVdJTkRPV1BPU0ZpZWxkcyhKTklFbnYgKmVudiwgam9iamVjdCBscE9iamVjdCk7
1334	STATEMENT	56605	56688	0	73b2a9588b4b79df889fe9428613e8b0006d039383a2bfcaef9a37e70506b12d	CldJTkRPV1BPUyAqZ2V0V0lORE9XUE9TRmllbGRzKEpOSUVudiAqZW52LCBqb2JqZWN0IGxwT2JqZWN0LCBXSU5ET1dQT1MgKmxwU3RydWN0KTs=
1335	STATEMENT	56688	56765	0	93f840e5331e12b4ca38816443b2d1bb2abd4d83b43eadfc5710f36960c0f041	CnZvaWQgc2V0V0lORE9XUE9TRmllbGRzKEpOSUVudiAqZW52LCBqb2JqZWN0IGxwT2JqZWN0LCBXSU5ET1dQT1MgKmxwU3RydWN0KTs=
1336	PREPROCESSOR	56765	56811	0	d3a5ff0cafbee3fbbaafbefd307589448fc7cf8e2e2a028e7c7191973519d1b1	CiNkZWZpbmUgV0lORE9XUE9TX3NpemVvZigpIHNpemVvZihXSU5ET1dQT1MpCg==
1337	PREPROCESSOR	56811	56817	0	a95dbf91f6d6c3dc84eb44907afe37bdec7e3aa1cd0a07042249536df254415c	I2Vsc2UK
1338	PREPROCESSOR	56817	56851	0	272b9658e2cf4b29669149053c23e7a8b8825361e76bcb07f53c30d9325cab10	I2RlZmluZSBjYWNoZVdJTkRPV1BPU0ZpZWxkcyhhLGIpCg==
1339	PREPROCESSOR	56851	56890	0	20164bc9b9c3925589caa83df3a00c1736259349a9814f893b6cbbb93e9573c2	I2RlZmluZSBnZXRXSU5ET1dQT1NGaWVsZHMoYSxiLGMpIE5VTEwK
1340	PREPROCESSOR	56890	56924	0	4f2e7f61837e681c71868d55320babf2b2f9195cdd642368325161d2d596a34b	I2RlZmluZSBzZXRXSU5ET1dQT1NGaWVsZHMoYSxiLGMpCg==
1341	PREPROCESSOR	56924	56953	0	c18e7055c0513a053f61fb8686aeac4570a5f8290f0b9a1cbb32cd8d59a3745e	I2RlZmluZSBXSU5ET1dQT1Nfc2l6ZW9mKCkgMAo=
1342	PREPROCESSOR	56953	56960	0	9a349bbd1a21104f051e34b2c8a9e70cc7fbb50bc19a67781f2a140c386d9438	I2VuZGlmCg==
1343	PREPROCESSOR	56960	56981	0	38f37a031e79b824a3e9b433bfdaba93745b0f748e297762b0a5d073d3caa6c4	CiNpZm5kZWYgTk9fV05EQ0xBU1MK
1344	STATEMENT	56981	57037	0	a4c104fa18598f98df886f37fd51737758bebe4d4ccc4fb3baf043261ea171c4	dm9pZCBjYWNoZVdORENMQVNTRmllbGRzKEpOSUVudiAqZW52LCBqb2JqZWN0IGxwT2JqZWN0KTs=
1345	STATEMENT	57037	57117	0	9d40e24fc1f50036faa0f4f58cef401011342210f2d1285e677d6248c93d7060	CldORENMQVNTICpnZXRXTkRDTEFTU0ZpZWxkcyhKTklFbnYgKmVudiwgam9iamVjdCBscE9iamVjdCwgV05EQ0xBU1MgKmxwU3RydWN0KTs=
1346	STATEMENT	57117	57192	0	0dfa5c277a084c58120960d547f2655a1f2136fc991ac939b3f4743a442b1ef4	CnZvaWQgc2V0V05EQ0xBU1NGaWVsZHMoSk5JRW52ICplbnYsIGpvYmplY3QgbHBPYmplY3QsIFdORENMQVNTICpscFN0cnVjdCk7
1347	PREPROCESSOR	57192	57236	0	2272854be938efcb793732d6c1b19c8fb01643bd2c63c1393d16e9c0a1bc76a1	CiNkZWZpbmUgV05EQ0xBU1Nfc2l6ZW9mKCkgc2l6ZW9mKFdORENMQVNTKQo=
1348	PREPROCESSOR	57236	57242	0	a95dbf91f6d6c3dc84eb44907afe37bdec7e3aa1cd0a07042249536df254415c	I2Vsc2UK
1349	PREPROCESSOR	57242	57275	0	c8234000d39ac10d3db21f0381f8b169f753929af535180b27f67d70ba3b2db9	I2RlZmluZSBjYWNoZVdORENMQVNTRmllbGRzKGEsYikK
1350	PREPROCESSOR	57275	57313	0	dd9173731868107fe2b0d23d424e423a8bb8f5a51d3f57095a6cfbc7fe9475b4	I2RlZmluZSBnZXRXTkRDTEFTU0ZpZWxkcyhhLGIsYykgTlVMTAo=
1351	PREPROCESSOR	57313	57346	0	59217df3a010cc840ef45455e3c8cd2786fb325b5074d44583d26add798a1c00	I2RlZmluZSBzZXRXTkRDTEFTU0ZpZWxkcyhhLGIsYykK
1352	PREPROCESSOR	57346	57374	0	21cad7bb23d895b641227ee7627d23b06872d139c61dd5da8d025e49b44a0128	I2RlZmluZSBXTkRDTEFTU19zaXplb2YoKSAwCg==
1353	PREPROCESSOR	57374	57381	0	9a349bbd1a21104f051e34b2c8a9e70cc7fbb50bc19a67781f2a140c386d9438	I2VuZGlmCg==
1354	TRAILING	57381	57382	0	01ba4719c80b6fe911b091a7c05124b64eeece964e09c058ef8f9805daca546b	Cg==
