path	kind	sha256	bytes
.m3/gtk-tree-frontier-growth-20261005/stress/tree-middle-expanded.png	image	7ab5a8c89ea2000bfe8beaa97be577216695381685d35c2877f8b25f786b4b03	58611
.m3/gtk-tree-frontier-growth-20261005/stress/tree-pinned-restored.png	image	d9895c88a9e207d36d9867510d2987ad96e10cddd5518eb2d60bac478fbc2d10	58513
.m3/source-coverage-20261005/logical-middle.png	image	6a491e83eac70c8292095dcfe278bfff1be219a6ada6e2c73c0ab4c2d0fb51a5	67752
.m3/source-coverage-20261005/tree-middle-expanded.png	image	7ab5a8c89ea2000bfe8beaa97be577216695381685d35c2877f8b25f786b4b03	58611
bundles/org.eclipse.swt.tools/Icon Exe/org/eclipse/swt/tools/internal/test_16_4.bmp	image	5ad5176156c4af599c1dd35e8e523288f7a27c2ae91e7cd2f08df9791b5a6148	246
bundles/org.eclipse.swt.tools/Icon Exe/org/eclipse/swt/tools/internal/test_16_8.bmp	image	ddba374fc3e5a73c7366852aba25dfeb3a664bf7aba605e0cbf6919a226702c9	1334
bundles/org.eclipse.swt.tools/Icon Exe/org/eclipse/swt/tools/internal/test_32_4.bmp	image	8480735a9208d0397385a0d43d8100ddca02f703aefe2e9f69ab6706f9d083ec	630
bundles/org.eclipse.swt.tools/Icon Exe/org/eclipse/swt/tools/internal/test_32_8.bmp	image	8e7f12631128315aaa65581c119458108a0f3e7ac5351f0e70018c7106a4fbcf	2102
bundles/org.eclipse.swt.tools/Icon Exe/org/eclipse/swt/tools/internal/test_48_4.bmp	image	5876b63230a79633312aa4c952d6fd75253c15a481e4d36bc0b226b2f760f539	1270
bundles/org.eclipse.swt.tools/Icon Exe/org/eclipse/swt/tools/internal/test_48_8.bmp	image	6fef7110c259b8ab0b21e5fea614bce647737eafc666dc4fb4103dd8159a0a65	3382
bundles/org.eclipse.swt.tools/icons/mac.gif	image	e64a6a4cf6613c4f7b01589cd163e506745b406bbd543424ac7e9d00afec6a04	355
bundles/org.eclipse.swt.tools/icons/save_edit.svg	image	1f10810e8e75278ef78801e3208323a23e3d935ffaa6e1d24c7fffa7597e744e	5439
bundles/org.eclipse.swt/Eclipse SWT AWT/cocoa/library/swt_awt.c	native	71bd3c3c9fa33e4f25661c6f43caa928c68827558b5a02c832df0635c7eb8885	2063
bundles/org.eclipse.swt/Eclipse SWT AWT/gtk/library/swt_awt.c	native	0ec1b7ba696b28e900c5e751204715433b5b2c741a531439ee615a309b3aa262	3810
bundles/org.eclipse.swt/Eclipse SWT AWT/win32/library/swt_awt.c	native	f64187e474497d52d06bd4e09a6a2637b3277cd140feb11bf1479783a32b0df1	2681
bundles/org.eclipse.swt/Eclipse SWT OpenGL/glx/library/glx.c	native	51ebc4f628b4b606beb6df809c897aa456a8cd3c897d19f1f81b2259de3ecf68	5666
bundles/org.eclipse.swt/Eclipse SWT OpenGL/glx/library/glx.h	native	302e5f1bea85f14ca4ac09b50bb5433ff24692bd4aca9d8e4b450e5011146331	711
bundles/org.eclipse.swt/Eclipse SWT OpenGL/glx/library/glx_stats.c	native	83b7cdc26dd4e6b263b4af59838d1e7676d5ee6b74cbbf5065b1858ef5cb31bc	735
bundles/org.eclipse.swt/Eclipse SWT OpenGL/glx/library/glx_stats.h	native	7f680fadda442cf5575804d138039c3180653000f04c9914da2348d35ef4a045	1116
bundles/org.eclipse.swt/Eclipse SWT OpenGL/glx/library/glx_structs.c	native	f8bebf4e3f8c0ac3aaa638aaa3f027b0d8b3aed451a72f9de5275026da628d64	4138
bundles/org.eclipse.swt/Eclipse SWT OpenGL/glx/library/glx_structs.h	native	a28e479dedd448a1dd2b8d1f8ca14eab46a5d2831a410ef3cbb01d7a2512a9af	1172
bundles/org.eclipse.swt/Eclipse SWT OpenGL/win32/library/wgl.c	native	1a7fc0b40cdc3078ff29b698a602b2cdea49d9cd575363f86b9a8eef9bbfd63c	4385
bundles/org.eclipse.swt/Eclipse SWT OpenGL/win32/library/wgl.h	native	1763a49abc3e5747779f578ffbb9b4c175bbc9c6d5fa3815da36ee03f33a6721	669
bundles/org.eclipse.swt/Eclipse SWT OpenGL/win32/library/wgl_stats.c	native	7dea9d61ef7f18ee3c76ed6b9cca44197acb4cf3327d3bf03541add22b60e46b	735
bundles/org.eclipse.swt/Eclipse SWT OpenGL/win32/library/wgl_stats.h	native	b8df1c86abcec241dc7c5d24c64a85465600f6659d602d94f6c7758fa6a9e2aa	1083
bundles/org.eclipse.swt/Eclipse SWT OpenGL/win32/library/wgl_structs.c	native	0d9921b27b4beb7213bbf5bd9117fb750725645ab202c32745b444d3a95128a0	10141
bundles/org.eclipse.swt/Eclipse SWT OpenGL/win32/library/wgl_structs.h	native	ac0c57c7b4d2392664f23b518e81afe9781f3333a51a781ac1169fd398737825	1302
bundles/org.eclipse.swt/Eclipse SWT PI/cairo/library/cairo.c	native	f2d8b6cad5eca1a1dd28354fef2ff925934b531aa19609c2a79f2392cb9eb917	51904
bundles/org.eclipse.swt/Eclipse SWT PI/cairo/library/cairo.h	native	a57e3003e0636f5c9341be5b8f40b31eed336c2277864e8b7f3506a3e6f8a71e	1174
bundles/org.eclipse.swt/Eclipse SWT PI/cairo/library/cairo_custom.h	native	4517deeac83e26c354d898d50ef08991e1795dbf771e0bd6557a0b15ecd86e26	1268
bundles/org.eclipse.swt/Eclipse SWT PI/cairo/library/cairo_stats.c	native	ade8766d6a58db5143e4778d523f16d15b1170cc0ceb5cde6f1811741f74a6bb	913
bundles/org.eclipse.swt/Eclipse SWT PI/cairo/library/cairo_stats.h	native	faf88b757970e3a28b6ca529d7befe378651275cecb4b9deef3ea1896b5a078f	4915
bundles/org.eclipse.swt/Eclipse SWT PI/cairo/library/cairo_structs.c	native	60e3bc87154b00ca9989911212061bfd607214d24578ae12d835b4b81c48b36c	5775
bundles/org.eclipse.swt/Eclipse SWT PI/cairo/library/cairo_structs.h	native	fe2627f43d09120531628141fd54ddf95ad63e811a0e0cd2f7db9a0109402ac6	2491
bundles/org.eclipse.swt/Eclipse SWT PI/cocoa/library/os.c	native	60bc1b9bebf6448c93eb89e578f9118cfbd2fadb778b1b46065a158187206bd5	285485
bundles/org.eclipse.swt/Eclipse SWT PI/cocoa/library/os.h	native	0aeb2769264ba59d2501a247018ef10b3d54ae950cf1980c40ae80c4287ade6c	2500
bundles/org.eclipse.swt/Eclipse SWT PI/cocoa/library/os_custom.c	native	54923d42adaf08f53f8adbac7594beb8bd6a1cd58a93727406dc9fe418336d79	4658
bundles/org.eclipse.swt/Eclipse SWT PI/cocoa/library/os_custom.h	native	a1fc505260307e02572602099223cf4a6038157526c1338533b59b4be4818fe1	3821
bundles/org.eclipse.swt/Eclipse SWT PI/cocoa/library/os_stats.c	native	b4e28e6b27ecc29509ad978a379b1ccbb242b8c865185c534ac155b941eccd34	734
bundles/org.eclipse.swt/Eclipse SWT PI/cocoa/library/os_stats.h	native	8e8450c0f77d9b4aa6b3ad95c2d06070f04a6947e1d777e748b80e1d31897575	23604
bundles/org.eclipse.swt/Eclipse SWT PI/cocoa/library/os_structs.c	native	6990ee3370f7cf1073257fe1880b663ab91c4bdcc5714361058c63695962401e	20008
bundles/org.eclipse.swt/Eclipse SWT PI/cocoa/library/os_structs.h	native	65d61349e91475fa2295bafaf76f3a35b635544775636cc6a2fa3ec5f630bb41	6732
bundles/org.eclipse.swt/Eclipse SWT PI/common/library/c.c	native	353a615858b406128359aae4a8ea7f9f2941b4c91c4898071c2d1c46337db70c	12494
bundles/org.eclipse.swt/Eclipse SWT PI/common/library/c.h	native	447e5d2c2f3a480b34c4c3ae41f64c0f3155c7a75e120bdc515b520df3f94817	787
bundles/org.eclipse.swt/Eclipse SWT PI/common/library/c_stats.c	native	d47b9d3be9238439427c0d918e04a3d3a9c93191f318631b4a5f71131902dd3d	733
bundles/org.eclipse.swt/Eclipse SWT PI/common/library/c_stats.h	native	8000ae54f17cbdc8fb7ed330c91bd5ae79addd045a6a30097f112a12675def9b	1338
bundles/org.eclipse.swt/Eclipse SWT PI/common/library/c_structs.c	native	a81c513389d158697ce2b9eefa19f9ccc69945b04d6a0606a160183266d3265c	735
bundles/org.eclipse.swt/Eclipse SWT PI/common/library/c_structs.h	native	4cf9db93cde4485a1c07ab9d690f1126eafb412a4a3fee3fa49eaac029785a01	710
bundles/org.eclipse.swt/Eclipse SWT PI/gtk/library/atk.c	native	5f1d7007d1bdb0261a478e8831321b6459196f06f1377cfbf44e7a622eba4afb	20202
bundles/org.eclipse.swt/Eclipse SWT PI/gtk/library/atk.h	native	7469a8c39fa2f9281bd018d9d0084dc96dbd27d4dad63323dfda2566980b1852	1107
bundles/org.eclipse.swt/Eclipse SWT PI/gtk/library/atk_custom.c	native	f1c48565a23b8101ac751cbe94e960ce376647cd0e11ccd1192cf263389c8d19	969
bundles/org.eclipse.swt/Eclipse SWT PI/gtk/library/atk_custom.h	native	d12b6df21b69feefc1e6a9b6381b89f5921068ca692dc5b8af6ce3986ff12e4d	1017
bundles/org.eclipse.swt/Eclipse SWT PI/gtk/library/atk_stats.c	native	79e7c3cbccb5b8ddb328324c4851d23d73ad8942259a118a208412ae7f2f873d	1009
bundles/org.eclipse.swt/Eclipse SWT PI/gtk/library/atk_stats.h	native	9da25b746b87f21a31a5a1926c073eccc90bac1c70a7c8ce5354bcc24036189c	3196
bundles/org.eclipse.swt/Eclipse SWT PI/gtk/library/atk_structs.c	native	8daf033170f39c87649ac14257cf0f4f9983a556ed61af361bb9ca8a87e55b6d	55629
bundles/org.eclipse.swt/Eclipse SWT PI/gtk/library/atk_structs.h	native	30ee05f560119d9014eb26dbfb8370b00c7a9d5722e6504a7ca512f8f1d0a2e3	7091
bundles/org.eclipse.swt/Eclipse SWT PI/gtk/library/gtk3.c	native	9dacb025716742d15e1a0e212b3a80d9883fce0e425214c0f935d6a388f739d5	104161
bundles/org.eclipse.swt/Eclipse SWT PI/gtk/library/gtk3.h	native	c82fbfaa3f45f5546efad3b983cf2d56bafb360908282a5773442079d3f887d3	836
bundles/org.eclipse.swt/Eclipse SWT PI/gtk/library/gtk3_stats.c	native	0e309e0f83c2398c6afb29ea9ad0fde95f8a7b3dbe9e6a79d8dbdc971b8bfdd2	736
bundles/org.eclipse.swt/Eclipse SWT PI/gtk/library/gtk3_stats.h	native	665f32fb0ba285551f804a1cddc3d82d4d61c2b9d910e48571b6bf7fed583842	9401
bundles/org.eclipse.swt/Eclipse SWT PI/gtk/library/gtk3_structs.c	native	46bdf134744b6c088fa3b4c468bc78d51d5b5e684baa366f7823432b25657334	30984
bundles/org.eclipse.swt/Eclipse SWT PI/gtk/library/gtk3_structs.h	native	25c2c699da42dcb00c60f53aa638a04b1079cf722056396d565af205bdb6f725	5612
bundles/org.eclipse.swt/Eclipse SWT PI/gtk/library/gtk4.c	native	4c1d9dc9d76004c8cb3e6c232dc234581d02a1d91a60dec72b2d823a7592222b	117706
bundles/org.eclipse.swt/Eclipse SWT PI/gtk/library/gtk4.h	native	17889d1b5a44b2b02413245eea4844be466dd9953e4a288f079b7e10f88786a0	837
bundles/org.eclipse.swt/Eclipse SWT PI/gtk/library/gtk4_stats.c	native	9f23be81dca51b9aa8740036bb30ba90980b3942dde96ddc6b56c0eb4ee172d6	736
bundles/org.eclipse.swt/Eclipse SWT PI/gtk/library/gtk4_stats.h	native	74bf4a533fe32274400d5a73d6087eceb093ab6a99142c00f025812818c6403d	10271
bundles/org.eclipse.swt/Eclipse SWT PI/gtk/library/gtk4_structs.c	native	e585279b1947d3f88b577b79f6505233238a5969215900d1eddd22a2e9031ca6	738
bundles/org.eclipse.swt/Eclipse SWT PI/gtk/library/gtk4_structs.h	native	beca8e07ab829ea556416348a07bf814f4db322c9c7022a5e86bea29e1a2fabe	713
bundles/org.eclipse.swt/Eclipse SWT PI/gtk/library/os.c	native	4ea9d617d2ec9ca43847e639cf339476400c2ca0d0b2ae93b9029d2a40446239	544950
bundles/org.eclipse.swt/Eclipse SWT PI/gtk/library/os.h	native	c6d6704ccf881d5a37292c01b04628205ed7f654fc2516f94e2e918fb12a0e72	10931
bundles/org.eclipse.swt/Eclipse SWT PI/gtk/library/os_custom.c	native	17916c76157392c7f94c6f3cda3538ec9543419b4dfa4b7572cd2e91bd7f0ee1	103895
bundles/org.eclipse.swt/Eclipse SWT PI/gtk/library/os_custom.h	native	401f7fca8595ac9a8f205b68e94d6e4b45b7da93dca0869d6fef0964c9366dc2	7897
bundles/org.eclipse.swt/Eclipse SWT PI/gtk/library/os_stats.c	native	8a4380c07ced58c6905b911b277cc625d8cb938e307e1d7bbe448f7eab435327	1008
bundles/org.eclipse.swt/Eclipse SWT PI/gtk/library/os_stats.h	native	b5d0a2bbacbc01b50a30777c81ad2af8daf65ad1ba8aa39e244d7d5dbb7ec50d	44758
bundles/org.eclipse.swt/Eclipse SWT PI/gtk/library/os_structs.c	native	18cdfbf2e2cb769cf65f9a98efd9295ea4e627b43280c406acaba2b455000a10	43877
bundles/org.eclipse.swt/Eclipse SWT PI/gtk/library/os_structs.h	native	cc7d0bb66f7151050fae85eee320f81b939eab48988edac6fc59739be61768c4	11469
bundles/org.eclipse.swt/Eclipse SWT PI/win32/library/cancel.ico	image	d840342f0bde2a6bed96f97d9642d2579982c70a02a778f57a22b4a7e4700469	16398
bundles/org.eclipse.swt/Eclipse SWT PI/win32/library/cancel_darktheme.ico	image	674a2a325539214b96b6eebe77058077fe99744887e550a7a00b59d74ff96f7a	16398
bundles/org.eclipse.swt/Eclipse SWT PI/win32/library/com.c	native	9f4462fb091e598397d8b90904ad16f2250d2cbd7a56b8adecbfccccf444b3a8	92322
bundles/org.eclipse.swt/Eclipse SWT PI/win32/library/com.h	native	5c8cbf8632af0589e8c20687dbd266b3362fdf259210f1fa5f27131b1dd8e462	758
bundles/org.eclipse.swt/Eclipse SWT PI/win32/library/com_custom.cpp	native	19f6a68c491706a60d992adf800f0f822b413d2ab04689495a94b433c98b3352	11137
bundles/org.eclipse.swt/Eclipse SWT PI/win32/library/com_custom.h	native	dce149b2914c4716e1273d134dadef91269f4f3986901dfe60bfd05682e32d93	1144
bundles/org.eclipse.swt/Eclipse SWT PI/win32/library/com_stats.c	native	400d12523d730a564d0c27f6c22eea47c7363671b703428fab3efbb6725b5291	735
bundles/org.eclipse.swt/Eclipse SWT PI/win32/library/com_stats.h	native	a2806ade1a8d1627127370f6dbfe6400b9dc7213529ee6497ea4c64067f7bdb7	6657
bundles/org.eclipse.swt/Eclipse SWT PI/win32/library/com_structs.c	native	ce0be833fd2023a59ec700155092106907c4d5842b06984f2569e1c0660ebc9a	36712
bundles/org.eclipse.swt/Eclipse SWT PI/win32/library/com_structs.h	native	26035c093336276f91c74ec665074ef30630a3129fd5db0b0aa399f0b90fb8e8	6710
bundles/org.eclipse.swt/Eclipse SWT PI/win32/library/defines.h	native	35f44a03534e25f4f6f92d449234fc1f400dfee48bcbd1be43f0c3757d583d63	1035
bundles/org.eclipse.swt/Eclipse SWT PI/win32/library/gdip.cpp	native	0a6ca3c624e73c8c62c5bf22c6a9d09974d1676a46f8dd2f77efc6cf89fd0720	108870
bundles/org.eclipse.swt/Eclipse SWT PI/win32/library/gdip.h	native	2e1c1d59b24665307cffd0e2ac8ec17b221eff89c215b162001151359be9e329	976
bundles/org.eclipse.swt/Eclipse SWT PI/win32/library/gdip_custom.cpp	native	d7ff285b1be140288bf4a910640988261e9dc996beb4a1c1e26094cb35d62870	700
bundles/org.eclipse.swt/Eclipse SWT PI/win32/library/gdip_stats.cpp	native	7c21f7c8fb984a546d747a40a1f55d1240963eab5c35a0e42ef28beb5478a2f1	736
bundles/org.eclipse.swt/Eclipse SWT PI/win32/library/gdip_stats.h	native	e64f7c3df9a8f02b02fe395c986aa9dbe289a0978de411818b6d1fa22cbfa6c5	7041
bundles/org.eclipse.swt/Eclipse SWT PI/win32/library/gdip_structs.cpp	native	f17f0ef75ad6b27510a22a4df042d4528d98a9cf20878dd78ea3194fef495152	10379
bundles/org.eclipse.swt/Eclipse SWT PI/win32/library/gdip_structs.h	native	b55828d0460d7626a14c8011a14be3f095cd0ff2a6d36e0b65a570d9960fd572	3343
bundles/org.eclipse.swt/Eclipse SWT PI/win32/library/os.c	native	e68e0c34748df1a254f165d2fdfe123e713a45bc99552e937e2771813f986543	328792
bundles/org.eclipse.swt/Eclipse SWT PI/win32/library/os.h	native	ebc5d878dfa6c8ffced74dcfebdd7fc23feb9cd2613b232547f1103facd761e4	1401
bundles/org.eclipse.swt/Eclipse SWT PI/win32/library/os_custom.c	native	03b6c4a0d05660c428023d6116154016848ca58df864ce04805b96a3a7b94872	12946
bundles/org.eclipse.swt/Eclipse SWT PI/win32/library/os_custom.h	native	e26db39307f8824eeea94f55ffd6c8c39c2373abf20b0895bf42d337dea4bb43	1116
bundles/org.eclipse.swt/Eclipse SWT PI/win32/library/os_stats.c	native	b4e28e6b27ecc29509ad978a379b1ccbb242b8c865185c534ac155b941eccd34	734
bundles/org.eclipse.swt/Eclipse SWT PI/win32/library/os_stats.h	native	3efbe331122e8331d85876cc8943e325a4e92467301952f1231b22c4c9aae941	22451
bundles/org.eclipse.swt/Eclipse SWT PI/win32/library/os_structs.c	native	d5379f606d1015d7e740755ead11fb5231f69a13efdd21321935e01d7589ffb7	368271
bundles/org.eclipse.swt/Eclipse SWT PI/win32/library/os_structs.h	native	dbd1226478147affa5e981f8490812f66dfa1ab00d7c893ae5b7a9ee29c951cc	57382
bundles/org.eclipse.swt/Eclipse SWT PI/win32/library/osversion.c	native	7ec922d53f46550748941bd9ad44ba04650d2ee183f820570ba6ac20d4dcf5e5	1931
bundles/org.eclipse.swt/Eclipse SWT PI/win32/library/osversion.h	native	4cb40d017ab05622a0a61e1bc83fae7741d7ee46394ce4eb4053488a77f57afa	1000
bundles/org.eclipse.swt/Eclipse SWT PI/win32/library/osversion_stats.c	native	a221d9f8b12d7ccb9b5c1a9acfb2cee2c007977b4811aa1fbde5f3027a6cfbc9	673
bundles/org.eclipse.swt/Eclipse SWT PI/win32/library/osversion_stats.h	native	70d21243bc3c5eba288c30cea6ef388b6ecaf56695301a6dd6fcd04a079cc1f6	878
bundles/org.eclipse.swt/Eclipse SWT PI/win32/library/osversion_structs.c	native	39c60ca376f638a28864948fb7be317b52db8d3b11398b69c671e88e3c8d83e7	5302
bundles/org.eclipse.swt/Eclipse SWT PI/win32/library/osversion_structs.h	native	bf8a48047ca9ae9cec366b9d717292f08d3675c83808ec5fd5c17fecbe68ce0a	1155
bundles/org.eclipse.swt/Eclipse SWT PI/win32/library/search.ico	image	687763137ddcbcf70a7cfc09cf9d0894c445155ccffc290ef4500001c92b9b1e	16398
bundles/org.eclipse.swt/Eclipse SWT PI/win32/library/search_darktheme.ico	image	5f10823f97895e5964a595591c146a8da711491e2ec6cd5b3d8cae6c70e7c3ae	16398
bundles/org.eclipse.swt/Eclipse SWT Tests/win32/org/eclipse/swt/widgets/folder.png	image	8be68391196808195e0daee1d18e2015a40d461ff51fab398430ff920243ad35	921
bundles/org.eclipse.swt/Eclipse SWT WebKit/gtk/library/webkitgtk.c	native	ab67284fc1b8a1bec059046037f80b3fa52aeb0c70301ffb81fe63085225bc26	87270
bundles/org.eclipse.swt/Eclipse SWT WebKit/gtk/library/webkitgtk.h	native	806e4f90a7a648a782ceaa4259ee20ca9c9a4ae0c6531fd9b2551a5a589a9aa9	5047
bundles/org.eclipse.swt/Eclipse SWT WebKit/gtk/library/webkitgtk_custom.c	native	ddbe4d73774cfe09e28b8831308c16b9ee706e350f3ed7ed287edf078f24bb9f	3050
bundles/org.eclipse.swt/Eclipse SWT WebKit/gtk/library/webkitgtk_custom.h	native	efe8bf047746c9c3724d2edb7256c8af81200fa8ccb55bd2e86ac734adaffc36	1149
bundles/org.eclipse.swt/Eclipse SWT WebKit/gtk/library/webkitgtk_stats.c	native	494aee14111e3a2d451e4e7c2d3abe8d3492f4c7ea864f1975e546b2a9c5e3b4	1015
bundles/org.eclipse.swt/Eclipse SWT WebKit/gtk/library/webkitgtk_stats.h	native	18146ef986b902299d7dfd7c2be702cf833c7404592d0f0716109dd1c8b8ad92	7007
bundles/org.eclipse.swt/Eclipse SWT WebKit/gtk/library/webkitgtk_structs.c	native	6408204acd1ec62e8464b543a0272da7c7a435d64f7f4f2d6cb775416657d505	2703
bundles/org.eclipse.swt/Eclipse SWT WebKit/gtk/library/webkitgtk_structs.h	native	4e73a064a5ff452457b9d1a352465dd3891dce632b6d5f1406b40882644ea330	1465
bundles/org.eclipse.swt/Eclipse SWT/common/library/callback.c	native	c621c87c5bc5d6f857cfda82d4638fc45b0e1f3f88af3998b30a4ba1fe759213	52520
bundles/org.eclipse.swt/Eclipse SWT/common/library/callback.h	native	12779db8f2913f37de994e63abf4900ecf38d36624d39a9f904f8d596b171daa	1229
bundles/org.eclipse.swt/Eclipse SWT/common/library/swt.c	native	2215d80cd31b17c3de72b719559e442fb4dd6b095495701b5d51ade058fc5c00	943
bundles/org.eclipse.swt/Eclipse SWT/common/library/swt.h	native	ad16d58937f9d3ce59f57083257c7989f3d1277cc9605cce331173decd6c8293	3068
docs/images/Add_indexer.png	image	dd1ba5642614c284646ed0d54df02d65be38c894fdf4fcc65dbfd5087ab227fc	71685
docs/images/Create_new_project.png	image	61cf153b15fe2ee8fdd8120027274f1319cbcd77a1f73945bf5331eecc6a5662	70453
docs/images/Debug_native_gtk.png	image	04618ae5ab24cf4aeb5c86b2bf475b357e17fc0e3f078def8c3de1902c5a0dc4	26162
docs/images/Gdk_window.png	image	d3fdbc99cc09174d6e4b63c003f1bbb22a4023157a7713f2b4e51f40af2ccd98	268786
docs/images/Indexer_configuration.png	image	c52d46c2ff6c41731eb3aba4549987e1b242d9ae638253645a1d23314425f0ff	92925
docs/images/Jps.png	image	bcb71810c0c3fc165a43b49624856c5d9ceadbfea25c1957027e352ad97e149b	24191
docs/images/Ld_library_path.png	image	76d2e7cdeec321a82a1dea0a068d9f50951980a3fd5c4f806696309f5694ba11	123621
docs/images/Main_do.png	image	16118abce86630b99d49040f463379851d73be8afe81faa9f492fd9e9d1fe1e4	218670
docs/images/Paths_and_symbols.png	image	a3ba96d42628c99916f38a5f40049b38fb0ccc8711d00aac2763e72e1dc20ee9	92702
docs/images/Project_properties.png	image	c1f704f47081fabec9f6ff0123c309515798d1d473e237fe76ca177d7a0ca9eb	83594
docs/images/coordinate_system_with_coordinate_system_mapper.png	image	4efe19a8381e03e67fa65cb9bea2da9e507e5be615a53a6260a637aced9e21b1	72741
example.png	image	37dcb3f630e1ea85db74ff1061ff84e3ef01e6bc7c0152c87c1cd0983a7343f5	5432
examples/org.eclipse.swt.examples.browser.demos/css1/back1.jpg	image	13af67d32f402c729a3b2d5246bd9ce9d18073de4e55224b2ed946be53d667d8	28021
examples/org.eclipse.swt.examples.browser.demos/css1/back2.jpg	image	37ee994b3f460a293b3046f892eeb1a85f4a8b468f7a3a54c474a9e2bae8d588	28352
examples/org.eclipse.swt.examples.browser.demos/css1/black.gif	image	7c5c23290e1116b19b89e3067a8aed218b12f993193f77a818e9222314a9b90a	1066
examples/org.eclipse.swt.examples.browser.demos/css1/board1.jpg	image	bd1399032b0a9a5ad639b4d53606a701cf49857f2260b4d7d912492afd66b074	17747
examples/org.eclipse.swt.examples.browser.demos/css1/empty.gif	image	14f8e3430df62439567cf5ea76dc7cf9aeee31f284754dff0c47810a65a6a3db	848
examples/org.eclipse.swt.examples.browser.demos/css1/line1.gif	image	84ea5125e8c8a6b2e52e6951cba77840f71dd1f6d0b7368a1cdfa50b5bbb5e4d	233
examples/org.eclipse.swt.examples.browser.demos/css1/wall.gif	image	5af59e14fd4ced7d83c8f64fd1a2dac8681433cfea06fd44b4ebb07924d0c807	1066
examples/org.eclipse.swt.examples.browser.demos/css1/white.gif	image	40350f235a2377f3ac188697dbd7aceb5e73f59fd5c47f57e5a0d5b7bd3951f9	910
examples/org.eclipse.swt.examples.browser.demos/css2/Back640x440.gif	image	3c32f8c927b7a86f5916e6b86b5d15fa687546537793f658444bcbe8c08af452	126237
examples/org.eclipse.swt.examples.browser.demos/css2/black_chip.gif	image	e36d7e00e21add78caf56d6f0c489618e799a632e6799ff61df4b47dac1ee368	2359
examples/org.eclipse.swt.examples.browser.demos/css2/line1.gif	image	84ea5125e8c8a6b2e52e6951cba77840f71dd1f6d0b7368a1cdfa50b5bbb5e4d	233
examples/org.eclipse.swt.examples.browser.demos/css2/texture_cells.gif	image	1ffbcda62c2e534e3eb7fc6d16d88d90a43d4ff3e1b2aedca30d6345e568dfc4	66826
examples/org.eclipse.swt.examples.browser.demos/css2/wall_chip.gif	image	691ad3bf368a47ffbff3747d5b75dbfa7583211f2bcd3459a8caaa3cf97aab23	2256
examples/org.eclipse.swt.examples.browser.demos/css2/white_chip.gif	image	1e1fd11f282e7d43b6b8de8548364a488f7da2dbc047923b0b536e2001962bd6	2275
examples/org.eclipse.swt.examples.browser.demos/css3/Back640x440.gif	image	3c32f8c927b7a86f5916e6b86b5d15fa687546537793f658444bcbe8c08af452	126237
examples/org.eclipse.swt.examples.browser.demos/css3/black_pawn.gif	image	cf717233b9242fe8d699cf44a16ee7c268846e50d9ba991afebe0e81733fc884	1883
examples/org.eclipse.swt.examples.browser.demos/css3/line1.gif	image	84ea5125e8c8a6b2e52e6951cba77840f71dd1f6d0b7368a1cdfa50b5bbb5e4d	233
examples/org.eclipse.swt.examples.browser.demos/css3/texture_cells.gif	image	1ffbcda62c2e534e3eb7fc6d16d88d90a43d4ff3e1b2aedca30d6345e568dfc4	66826
examples/org.eclipse.swt.examples.browser.demos/css3/wall_pawn.gif	image	0ea541eeb4df1274bf9c6ec54d7fdc3b4a788bd8815c615d86e2c76ce3825616	2157
examples/org.eclipse.swt.examples.browser.demos/css3/white_pawn.gif	image	878698a7274dc13f24fc6edfa7d408c378b52d4dc3da8147ad4d6c53a5768e36	1836
examples/org.eclipse.swt.examples.browser.demos/css4/Back640x440.gif	image	3c32f8c927b7a86f5916e6b86b5d15fa687546537793f658444bcbe8c08af452	126237
examples/org.eclipse.swt.examples.browser.demos/css4/blue_people.gif	image	49e44b1e67795a146060af931908cf757eef1372542de650453199e88edba44b	1669
examples/org.eclipse.swt.examples.browser.demos/css4/gold_people.gif	image	757708cec852c44ebd88263dc1cf2718b65ecaa0004bb32d8c18c8e91104a161	1656
examples/org.eclipse.swt.examples.browser.demos/css4/line1.gif	image	84ea5125e8c8a6b2e52e6951cba77840f71dd1f6d0b7368a1cdfa50b5bbb5e4d	233
examples/org.eclipse.swt.examples.browser.demos/css4/texture_cells.gif	image	1ffbcda62c2e534e3eb7fc6d16d88d90a43d4ff3e1b2aedca30d6345e568dfc4	66826
examples/org.eclipse.swt.examples.browser.demos/css4/wall_people.gif	image	c5e169cd6e04a3d75cabc666f14e30123ea47eda2127d4c13ba9a193ef27e0ab	2211
examples/org.eclipse.swt.examples.browser.demos/icons/pawn.gif	image	a68dcd56c703df435e76112e79bb6d6e267bb302421886332e428a849901b620	551
examples/org.eclipse.swt.examples.launcher/icons/closedFolder.gif	image	9857f3034da85e8d0246fbaf8b13e8e4f4c08ee1afb659f2f06675f874c4f256	160
examples/org.eclipse.swt.examples.launcher/icons/generic_example.gif	image	6a0985bdb1e5b36e9388c80522f7ae85050f77e2112300155f8c6fc563f6c710	158
examples/org.eclipse.swt.examples.launcher/icons/launcher_example.gif	image	dc93105bcf7767effb6b214a9fecc08c1fe42c86137f3adb83bcc0e634cb4ba2	168
examples/org.eclipse.swt.examples.launcher/icons/openFolder.gif	image	0498be18575c9df9254570f2bc56346332c8dfe1f1ca89c438eebd39b76c0af0	152
examples/org.eclipse.swt.examples.ole.win32/icons/backward_nav.gif	image	0b7e62de2784ef4bf965fcb1f4cdcbe8a55e78706f97b5007ee3b98d478325b9	881
examples/org.eclipse.swt.examples.ole.win32/icons/forward_nav.gif	image	af785a9bd10c4f71704b6487fabae0c8f3b5a0740337ceb37b619d32859b04d1	883
examples/org.eclipse.swt.examples.ole.win32/icons/home_nav.gif	image	1bba9ccb5c27b611842e33146bd87c9661093fca5cb79de8994ab408634b35d4	928
examples/org.eclipse.swt.examples.ole.win32/icons/refresh_nav.gif	image	dbf12c6461968c9fb5e2c49665fc2a53bbc9cd9576391dca701a1b57189466d5	160
examples/org.eclipse.swt.examples.ole.win32/icons/search_nav.gif	image	c6e2989b7d3c9b2fc836a68221efe61298c915cdc68388e06c9cfee113938f9e	245
examples/org.eclipse.swt.examples.ole.win32/icons/stop_nav.gif	image	307c4d78a899bf101dd27dc49f6b960c38a2c4dd7538af45fdeafb6102443cda	174
examples/org.eclipse.swt.examples.ole.win32/icons/webbrowser_example.gif	image	af4fa51fae1f857e068abf9af2476ca167f52243d86607b297354c02e6c69312	380
examples/org.eclipse.swt.examples.views/icons/browser_example.gif	image	af4fa51fae1f857e068abf9af2476ca167f52243d86607b297354c02e6c69312	380
examples/org.eclipse.swt.examples.views/icons/controls_example.gif	image	da76e55db36987a50e201a57c45ac6d3878a0aea6ab593c710fecbe630b7c6a0	111
examples/org.eclipse.swt.examples.views/icons/layouts_example.gif	image	fe2957370339fc85b9b6ccc405b0ea933f2b7c60f0e8d255724dd59b5ba6a111	217
examples/org.eclipse.swt.examples.views/icons/paint_example.gif	image	fe2957370339fc85b9b6ccc405b0ea933f2b7c60f0e8d255724dd59b5ba6a111	217
examples/org.eclipse.swt.examples/src/org/eclipse/swt/examples/accessibility/run.gif	image	7f819323fcfed56d9589595fa38f8559b5d5490772d0fbf4801bfd534b0bd8f9	122
examples/org.eclipse.swt.examples/src/org/eclipse/swt/examples/accessibility/run_wiz.gif	image	71f21a93704fea3fb68d565c959459343a1501b3dc4eea125400e796edcb04f5	1910
examples/org.eclipse.swt.examples/src/org/eclipse/swt/examples/browserexample/document.gif	image	af4fa51fae1f857e068abf9af2476ca167f52243d86607b297354c02e6c69312	380
examples/org.eclipse.swt.examples/src/org/eclipse/swt/examples/browserexample/eclipse01.bmp	image	30fd718ee552c831f276ee0fbc90eefd8ae2876ec715c1df56c2ff535d40dc09	6966
examples/org.eclipse.swt.examples/src/org/eclipse/swt/examples/browserexample/eclipse02.bmp	image	5c18015deb53711b0ddbb27e8cd312b04a71af15963e71af45a1f2378d0d53b6	6966
examples/org.eclipse.swt.examples/src/org/eclipse/swt/examples/browserexample/eclipse03.bmp	image	43be795d51afcc50dc59658124769d1926f3efdbd16739e01ce4f72859177f84	6966
examples/org.eclipse.swt.examples/src/org/eclipse/swt/examples/browserexample/eclipse04.bmp	image	047197bd636cc50ef816e84491f4ec61e777d3e834b837e3cdb2100c651ebf40	6966
examples/org.eclipse.swt.examples/src/org/eclipse/swt/examples/browserexample/eclipse05.bmp	image	d3ba0b150c0adf7c2b816f8336732ec4894abe014c8ecfb828b87f9e88f45fc2	6966
examples/org.eclipse.swt.examples/src/org/eclipse/swt/examples/browserexample/eclipse06.bmp	image	d8db354b0d67c1a499d9cf4a84fe4a6c8a9773145ec4004dafc18aba611f5023	6966
examples/org.eclipse.swt.examples/src/org/eclipse/swt/examples/browserexample/eclipse07.bmp	image	8d3c34cd9913d3764115b2092cdee201bde1aa01bb37b905aaf63beb48ec291d	6966
examples/org.eclipse.swt.examples/src/org/eclipse/swt/examples/browserexample/eclipse08.bmp	image	eef97eba6004708f21e126e39427f01dde4600e3c2ba5542f86afac0b2efdcdb	6966
examples/org.eclipse.swt.examples/src/org/eclipse/swt/examples/browserexample/eclipse09.bmp	image	1ebc88aba8bce3107656337792377df69db382c4a8aa7922882f94b702f29e37	6966
examples/org.eclipse.swt.examples/src/org/eclipse/swt/examples/browserexample/eclipse10.bmp	image	fa798a5a211090c2d588ff12195215c3fd15b2f395979a9f9a5d058c317bbf3c	6966
examples/org.eclipse.swt.examples/src/org/eclipse/swt/examples/browserexample/eclipse11.bmp	image	3265af1ef3c2392ec9d54e44ffa2f4a30bea3b6cdfdd3766baeca4bdbe4b603f	6966
examples/org.eclipse.swt.examples/src/org/eclipse/swt/examples/browserexample/eclipse12.bmp	image	937c9e2287fe8b8da3eac9ad80e28314a1cfaf17221951809ebf75efdc0dac05	6966
examples/org.eclipse.swt.examples/src/org/eclipse/swt/examples/controlexample/backgroundImage.png	image	cd35c0a0b3aa40e08ddb3aa9c5a2da23d86fb6778d441d3151e1ef6f78d975eb	572
examples/org.eclipse.swt.examples/src/org/eclipse/swt/examples/controlexample/bold.bmp	image	4952858de00ebcaa2b43479bc2afb1e7f4c0d86d07e84ca53a8c15205d996391	110
examples/org.eclipse.swt.examples/src/org/eclipse/swt/examples/controlexample/bold_mask.bmp	image	c908c90e23c2aebc1b37d543cc11c5bd83fb2fb7f748a755bdf2cc429aca9008	110
examples/org.eclipse.swt.examples/src/org/eclipse/swt/examples/controlexample/closedFolder.gif	image	16bb91ccd1f1ec1aed51b305997eb265425775b58e13f114b4b6dec67adda161	906
examples/org.eclipse.swt.examples/src/org/eclipse/swt/examples/controlexample/italic.bmp	image	7fc19d54d3473915cebe68eca2d32fc0c528dc7ad7e98033ea723f484eb4176b	110
examples/org.eclipse.swt.examples/src/org/eclipse/swt/examples/controlexample/italic_mask.bmp	image	771d0ac6c1029dfe61408544128bd868355d1d57831eacfb630e941d77917a27	110
examples/org.eclipse.swt.examples/src/org/eclipse/swt/examples/controlexample/openFolder.gif	image	3c43988788d1f3497d917ca53716430039942554d56507f5d49e154b7825de03	184
examples/org.eclipse.swt.examples/src/org/eclipse/swt/examples/controlexample/parentBackgroundImage.png	image	bb4e4ac28a4a3c8afe5e92d8eeedf38f9c5c92aa7a202aeacbf718c2047eb75e	558
examples/org.eclipse.swt.examples/src/org/eclipse/swt/examples/controlexample/red.bmp	image	4a198b9e5fb30ee0b631e8b4365031141e670429a1649fd2ceaefa5c6c6812c0	214
examples/org.eclipse.swt.examples/src/org/eclipse/swt/examples/controlexample/red_mask.bmp	image	7ff4c838692bcc1836ee3bd98a3db2eb63cad85898aeb693cd479a7c578ad262	110
examples/org.eclipse.swt.examples/src/org/eclipse/swt/examples/controlexample/strikeout.bmp	image	4f0f85293b0dc6e4181ea52cfcb3ab2e26892288660c4333b1b53e3e772f44dd	630
examples/org.eclipse.swt.examples/src/org/eclipse/swt/examples/controlexample/strikeout_mask.bmp	image	11669b06b1eafb406f2b18d37c202fd4cd80e0e9d95c09cadd9d3e2c00e4d19e	630
examples/org.eclipse.swt.examples/src/org/eclipse/swt/examples/controlexample/target.gif	image	86c106457210c7a725ef6313f96f04c04802e72b5fe7c4e5e6c0bce6093a0358	917
examples/org.eclipse.swt.examples/src/org/eclipse/swt/examples/controlexample/underline.bmp	image	ddf479a2f0f7c8bc5e5af36ded7276773e03c7246965431a236f631036a3a2ed	630
examples/org.eclipse.swt.examples/src/org/eclipse/swt/examples/controlexample/underline_mask.bmp	image	656db47cf93d3100dbfdec173a4d3b05ec9d39933978cfe48466ac8606ee2365	630
examples/org.eclipse.swt.examples/src/org/eclipse/swt/examples/controlexample/yellow.bmp	image	503f8b38d958b44013b2c6db1c402971f45f8d3a4fb0f830df0af31605b58fe6	214
examples/org.eclipse.swt.examples/src/org/eclipse/swt/examples/controlexample/yellow_mask.bmp	image	7ff4c838692bcc1836ee3bd98a3db2eb63cad85898aeb693cd479a7c578ad262	110
examples/org.eclipse.swt.examples/src/org/eclipse/swt/examples/dnd/openFolder.gif	image	3c43988788d1f3497d917ca53716430039942554d56507f5d49e154b7825de03	184
examples/org.eclipse.swt.examples/src/org/eclipse/swt/examples/fileviewer/cmd_Copy.gif	image	7744f66711cd51305569bb85ee254d85ba7804a424eab7128937199f58e0f5bd	167
examples/org.eclipse.swt.examples/src/org/eclipse/swt/examples/fileviewer/cmd_Cut.gif	image	60dd9e6ac633f14e79a2e689e0375de2f141833f344ce6c42e172f4e3b8261c4	152
examples/org.eclipse.swt.examples/src/org/eclipse/swt/examples/fileviewer/cmd_Delete.gif	image	4cf7f67ef1c52f05e57871ca731ee52c7d974dff28d7b4258dd6911e901d61b7	143
examples/org.eclipse.swt.examples/src/org/eclipse/swt/examples/fileviewer/cmd_Parent.gif	image	857c899b4fcb988aa1a3533acc457ed038d09a83b75b4ddc862a32f7d8c84287	132
examples/org.eclipse.swt.examples/src/org/eclipse/swt/examples/fileviewer/cmd_Paste.gif	image	bd62a7ce93f4af6b36f479a6efef202bfcca77ba896aafff690fe42ccd1279a1	245
examples/org.eclipse.swt.examples/src/org/eclipse/swt/examples/fileviewer/cmd_Print.gif	image	40c5503bcdb3cbf90dfc97142abc08baad1c10efe6c89efb21822d961769c484	227
examples/org.eclipse.swt.examples/src/org/eclipse/swt/examples/fileviewer/cmd_Refresh.gif	image	d7b7623bdbda5ee62ed79998057d3e7c1ca71b7c99c4862be08549719049931f	182
examples/org.eclipse.swt.examples/src/org/eclipse/swt/examples/fileviewer/cmd_Rename.gif	image	10abd903def9d7105444716d3a3669abf0dc684d0e744eff15ad5bf08f7de19c	163
examples/org.eclipse.swt.examples/src/org/eclipse/swt/examples/fileviewer/cmd_Search.gif	image	f512d542b67a98926549b526520519eb1fc6d63b8a98c29a4c49d9da17a230f8	153
examples/org.eclipse.swt.examples/src/org/eclipse/swt/examples/fileviewer/generic_example.gif	image	6a0985bdb1e5b36e9388c80522f7ae85050f77e2112300155f8c6fc563f6c710	158
examples/org.eclipse.swt.examples/src/org/eclipse/swt/examples/fileviewer/icon_ClosedDrive.gif	image	4cdb0d85db915f4850fe7dfbf8d70b0df0a8ad91d0269a99670f33001958dd1a	217
examples/org.eclipse.swt.examples/src/org/eclipse/swt/examples/fileviewer/icon_ClosedFolder.gif	image	9857f3034da85e8d0246fbaf8b13e8e4f4c08ee1afb659f2f06675f874c4f256	160
examples/org.eclipse.swt.examples/src/org/eclipse/swt/examples/fileviewer/icon_File.gif	image	9be29a78b9d8e4515f79b2b4dab51fde176fa4af60a5cfd75b015f074af9044f	152
examples/org.eclipse.swt.examples/src/org/eclipse/swt/examples/fileviewer/icon_OpenDrive.gif	image	3f8405f50668e7d49ec9792bb41e817219479dbd9bc872bdcebe52faf9e4a294	231
examples/org.eclipse.swt.examples/src/org/eclipse/swt/examples/fileviewer/icon_OpenFolder.gif	image	0498be18575c9df9254570f2bc56346332c8dfe1f1ca89c438eebd39b76c0af0	152
examples/org.eclipse.swt.examples/src/org/eclipse/swt/examples/graphics/DEMO2.png	image	b0796880e1eef2c4f07783fa8a2d864a44f7c94acf7c2db1ed059b5f16c6d393	50511
examples/org.eclipse.swt.examples/src/org/eclipse/swt/examples/graphics/TEXFLAT2.png	image	aa403b1d1f49d3c6f512061c7c02eb34c0b760796fc4c9591fb49c3efcfce1a3	6641
examples/org.eclipse.swt.examples/src/org/eclipse/swt/examples/graphics/ace_club.jpg	image	a3f72f2e106ff0572daad1b9f56b964f46d39f81a968ea381ef3273d8c528708	7695
examples/org.eclipse.swt.examples/src/org/eclipse/swt/examples/graphics/ace_diamond.jpg	image	1796662ede4fa1e074612ed9cb79253cb4e51a7d59b215f6928b9c27613f6814	7348
examples/org.eclipse.swt.examples/src/org/eclipse/swt/examples/graphics/ace_hearts.jpg	image	6b9a12e1656ee12f6e4c792739366ff82951ed17efefab5c2eb7efbacb8efb8b	7312
examples/org.eclipse.swt.examples/src/org/eclipse/swt/examples/graphics/ace_spade.jpg	image	94c225bfdae403608ea37f5d05e63981f7a7a1c43fab75085bd87db7b990a33d	7125
examples/org.eclipse.swt.examples/src/org/eclipse/swt/examples/graphics/alpha_img1.png	image	24049c6e05ded6944434e909222814bac359bf4b267be35bef766978e05ae565	7124
examples/org.eclipse.swt.examples/src/org/eclipse/swt/examples/graphics/alpha_img2.png	image	dfa0fc90c25c3ce8594834524668b88b6df53822b970dad3e3c9e2da99ef1243	6602
examples/org.eclipse.swt.examples/src/org/eclipse/swt/examples/graphics/ash.jpg	image	f01e35cba297786a8c4c0d95714feb7b66dd0c6b44c0d18da980dc07ff98a14d	10934
examples/org.eclipse.swt.examples/src/org/eclipse/swt/examples/graphics/back.gif	image	23806cfd3ca93e91761556a501a23794d0d6b83e0a1629241a375a7a2c91e187	327
examples/org.eclipse.swt.examples/src/org/eclipse/swt/examples/graphics/ball.gif	image	3ba86f4a2826c3f4f95e63c63e9368eb648a9d2af4987bbeb6be1b705afc3008	126
examples/org.eclipse.swt.examples/src/org/eclipse/swt/examples/graphics/bu.jpg	image	7961b7419ad14013a984c44862a54848a540d101bfcfdd73145d8b1f79edad3a	4738
examples/org.eclipse.swt.examples/src/org/eclipse/swt/examples/graphics/bump.png	image	a08655d63aaf2a73529d830833e2ff7d5d670bc74ff7a9ccac717d1e0e78b164	321035
examples/org.eclipse.swt.examples/src/org/eclipse/swt/examples/graphics/colormap.jpg	image	6dec2361a1e2248df1e506a252c15ea8dc16739ae4d66108c6ef5e0ec81b75b2	53891
examples/org.eclipse.swt.examples/src/org/eclipse/swt/examples/graphics/cube.png	image	f7b390439504d226cc2ea0f9d1164401120ed774329f30b08cf2a5d80489612a	2212
examples/org.eclipse.swt.examples/src/org/eclipse/swt/examples/graphics/db.gif	image	f7bca891415f7dd7991e160221fad8e259ae048a150ad6ebd938f9efcd185c40	206
examples/org.eclipse.swt.examples/src/org/eclipse/swt/examples/graphics/flower.jpg	image	3b709d4e42e60927d3c42392b0555293fc1ef242e6985ebcda4b61807adb5c0d	28744
examples/org.eclipse.swt.examples/src/org/eclipse/swt/examples/graphics/font.gif	image	e335f4de3bec2651c6f3e8ce9dc1ec2354911b452c67addcdc670c2c19c9a9c1	112
examples/org.eclipse.swt.examples/src/org/eclipse/swt/examples/graphics/font_classic_16x16.gif	image	1ae39f93c2ed20337bfb643eaa58f698b6d0ac4ca8286d2a524865902289e7b6	1115
examples/org.eclipse.swt.examples/src/org/eclipse/swt/examples/graphics/heightmap1.gif	image	e96a6a6a9bfdd8c5b3f9a5050339f1ee6b3fec4598d667bbbc02765a54e40b1e	110991
examples/org.eclipse.swt.examples/src/org/eclipse/swt/examples/graphics/help.gif	image	1096afa90bedb499087130f3fa10d7575b468ab927875be28b528ac55a510cb3	259
examples/org.eclipse.swt.examples/src/org/eclipse/swt/examples/graphics/home_nav.gif	image	e1c077bb34b36b006d3ed7106e8896535ebe44ccad761c45b99646cf010d085f	582
examples/org.eclipse.swt.examples/src/org/eclipse/swt/examples/graphics/houses.png	image	330ec81267789a3898d4ed58fe085d5a69cd1013f94d03ab00764e4b39e310bc	1826
examples/org.eclipse.swt.examples/src/org/eclipse/swt/examples/graphics/irmaos.jpg	image	033bad9b92b038b5ab600216beb881f0e27934daf4425a089b98b281f9facb7b	82313
examples/org.eclipse.swt.examples/src/org/eclipse/swt/examples/graphics/maze.bmp	image	ae9ec3f2a362ee8c179ea00dd54928a94fb0bf341b8233522abb0711566d2a7e	864666
examples/org.eclipse.swt.examples/src/org/eclipse/swt/examples/graphics/next.gif	image	205aa8c69c28f445cd01cdb18743362a6959582d5104cc6ff27582c2133046d2	327
examples/org.eclipse.swt.examples/src/org/eclipse/swt/examples/graphics/ocean.jpg	image	d692997a8dd98c63bd852565839bff9ae87d681c87dae20343adb2748fe42801	25836
examples/org.eclipse.swt.examples/src/org/eclipse/swt/examples/graphics/ovals.png	image	e90176c0fe9706c61bea06f5b7fd83c2ea4218acf8a5d077e85f78bdb0bcac12	2078
examples/org.eclipse.swt.examples/src/org/eclipse/swt/examples/graphics/pattern1.jpg	image	bf89f2b4a7e43916aa510e734de4200ef7cea3a643e6fcf247bbe18db5f28a8d	792
examples/org.eclipse.swt.examples/src/org/eclipse/swt/examples/graphics/pattern2.jpg	image	3757794ed3c5805774b5a2223bbd69fe708e53a5d1aaa73f78066017e9e14206	698
examples/org.eclipse.swt.examples/src/org/eclipse/swt/examples/graphics/pattern3.jpg	image	8991154ec4899b037a567b624fc5492c0a9b5eabd6f9bbcc8c4eb33756b99103	746
examples/org.eclipse.swt.examples/src/org/eclipse/swt/examples/graphics/pause.gif	image	a569f5b865426a942b0888742fe17d7bde37622137ab462146637adafdd2143c	338
examples/org.eclipse.swt.examples/src/org/eclipse/swt/examples/graphics/play.gif	image	03f7fde6d9d729a2ef928b6ddb0b127b43826360b0b19dcdcc2dac2b3540adc9	337
examples/org.eclipse.swt.examples/src/org/eclipse/swt/examples/graphics/swap.gif	image	403a89be2791a3ca3905540ab481ed0d2189fffa77a8def032b44209d2b93076	160
examples/org.eclipse.swt.examples/src/org/eclipse/swt/examples/graphics/swt.png	image	e23c9ebee30a9a254a139e5afc4047711e6101fd62c0a5cbc7f931ba61ba2378	4808
examples/org.eclipse.swt.examples/src/org/eclipse/swt/examples/graphics/task.gif	image	93ab6d5b31bebfd64ed3316b2657c27a47a2f4b21a7341d78717b8a758b65f8f	376
examples/org.eclipse.swt.examples/src/org/eclipse/swt/examples/graphics/texture.png	image	e2e1af88901f67d0658f13becd5acac8ad9a4d58665df8e5261fc135adf2c518	36198
examples/org.eclipse.swt.examples/src/org/eclipse/swt/examples/graphics/tunnelstonetex.png	image	d7f7859f52f8494ba691258dcc29f659a76c1d3b914c9deb0ad6e70e6e6255c7	141864
examples/org.eclipse.swt.examples/src/org/eclipse/swt/examples/graphics/tux256256.png	image	03b9a7a3b485eb7855c239f15829b424cb1beb11b46c21fe26e88be14182a547	68063
examples/org.eclipse.swt.examples/src/org/eclipse/swt/examples/graphics/tuxblackbg.png	image	b75a4242ffe05338417825a3237690cbff229f76a09efcbff0aaa79101b48b2a	33739
examples/org.eclipse.swt.examples/src/org/eclipse/swt/examples/hoverhelp/information.gif	image	41bc70a93e93e91ed08f47eac60e30ef815993979819d1e2cf6babbc8c94ddb8	92
examples/org.eclipse.swt.examples/src/org/eclipse/swt/examples/hoverhelp/warning.gif	image	972f8f85ad6f72013a4430f6fd7077a709e656ef47523e50455a025028ac2ae0	152
examples/org.eclipse.swt.examples/src/org/eclipse/swt/examples/paint/fill_none.gif	image	8692f75053c113e68cc308e8a844a4ecae8d0a3c85d6f175347c98df77e63314	865
examples/org.eclipse.swt.examples/src/org/eclipse/swt/examples/paint/fill_outline.gif	image	7f1d656eb55796be69392d123120f8fd10f3e232798ef41b15a489fd4ee6138b	872
examples/org.eclipse.swt.examples/src/org/eclipse/swt/examples/paint/fill_solid.gif	image	296ca0b2988b27d8de850d2aec913275227a8ab86e83463625c7d66ebcc172be	861
examples/org.eclipse.swt.examples/src/org/eclipse/swt/examples/paint/linestyle_dash.gif	image	9a2ed5fb9dd7957b6feb1445e13cdec13dfdc5d58d82c18cff37509d18e1889b	880
examples/org.eclipse.swt.examples/src/org/eclipse/swt/examples/paint/linestyle_dashdot.gif	image	5ab91ad99b5f0602a0cf87b3abaf5dce491f7975c40ec794de06372b8a27bbbb	880
examples/org.eclipse.swt.examples/src/org/eclipse/swt/examples/paint/linestyle_dot.gif	image	2ac5539c30b25ce0514d28d6125dae9e9b4c7837ae4ff522c7ff243a80daa96a	879
examples/org.eclipse.swt.examples/src/org/eclipse/swt/examples/paint/linestyle_solid.gif	image	1c17e7f9471c1a282c004504cb0936f75a0f275058fcde0a16fb08df0fe4b276	871
examples/org.eclipse.swt.examples/src/org/eclipse/swt/examples/paint/options_font.gif	image	dac3f4d1da031f37f2cf9db95ba393ad9c26b0ccd24ace3bae093e1ecee20afd	868
examples/org.eclipse.swt.examples/src/org/eclipse/swt/examples/paint/tool_airbrush.gif	image	6da4cc73ece5d947c35ff45004737da82bc25e0a476c87ce8cb0b172fc7345ae	890
examples/org.eclipse.swt.examples/src/org/eclipse/swt/examples/paint/tool_ellipse.gif	image	6f2242cddb2e04f78dbc996656c3c4090fb938ae39a4e5a92a50a9192885a8a1	872
examples/org.eclipse.swt.examples/src/org/eclipse/swt/examples/paint/tool_line.gif	image	fd1d656e2d5d81f7245408381a0ff99257b3bd4f8d8ee9da0358463a4ffb445d	860
examples/org.eclipse.swt.examples/src/org/eclipse/swt/examples/paint/tool_pencil.gif	image	ea25373ea6abf0c35ce76f139e6fca1172f9f479125aee0be9052ec1c487a3e6	874
examples/org.eclipse.swt.examples/src/org/eclipse/swt/examples/paint/tool_polyline.gif	image	aa230686a8e948fe28713208e879b393dd2102910f95958248b16c315b63a803	879
examples/org.eclipse.swt.examples/src/org/eclipse/swt/examples/paint/tool_rectangle.gif	image	8692f75053c113e68cc308e8a844a4ecae8d0a3c85d6f175347c98df77e63314	865
examples/org.eclipse.swt.examples/src/org/eclipse/swt/examples/paint/tool_roundedrectangle.gif	image	d9f8ceb09998ee5dd0a0af6ccd279c5def4cb9183366a92b8cd9330257927720	871
examples/org.eclipse.swt.examples/src/org/eclipse/swt/examples/paint/tool_text.gif	image	7821fd512633598e69e4caeb0910e31d5387c28538631b54c50450bbbd3e43ea	875
examples/org.eclipse.swt.examples/src/org/eclipse/swt/examples/texteditor/bold.ico	image	6338bca0db1bec2d2c8655db7aae99465e4a17518ed9c45da8c1af79bee76d97	318
examples/org.eclipse.swt.examples/src/org/eclipse/swt/examples/texteditor/center.ico	image	4a46d64c3a8d54c3ab5a944041308ce00bb38d5e926fdbb1e583ff227633ebad	318
examples/org.eclipse.swt.examples/src/org/eclipse/swt/examples/texteditor/copy.ico	image	322cdcfca35307608827e8a1e2b20ea567d960e75e943d92d5485b951bf50d37	318
examples/org.eclipse.swt.examples/src/org/eclipse/swt/examples/texteditor/cut.ico	image	9384cbcbca43bcfd01f3d21bed2fba1a241b5925f14abf56d2fc3e2dc5902f0a	318
examples/org.eclipse.swt.examples/src/org/eclipse/swt/examples/texteditor/font_big.ico	image	5f6929c8eca7e47f17d02a14a48fa7e904b49f2de46c0d277c1ae176cbe272f2	318
examples/org.eclipse.swt.examples/src/org/eclipse/swt/examples/texteditor/font_sml.ico	image	1a336d52cee1476c976ba64cb815e9e8c658d6678d2a9b330e6044caa9ee8456	318
examples/org.eclipse.swt.examples/src/org/eclipse/swt/examples/texteditor/fullscrn.ico	image	cf2c2817f682585df9375b26ba48d99319e847419a85fd87c7a74e5edeb7ad85	318
examples/org.eclipse.swt.examples/src/org/eclipse/swt/examples/texteditor/italic.ico	image	5ed984b3b2d010ea0cd07eff0da15e1e4094644ce461ec78418420a1af569760	318
examples/org.eclipse.swt.examples/src/org/eclipse/swt/examples/texteditor/justify.ico	image	8653f595ec7520596c1ecd8c966dbcb40979ea2bcc873fb7dfcdd09bb72d2eb5	318
examples/org.eclipse.swt.examples/src/org/eclipse/swt/examples/texteditor/left.ico	image	d78ef25d00665b4f812aab9614df402e6d5ce9c3659c2003bd6f1cc2605ac212	318
examples/org.eclipse.swt.examples/src/org/eclipse/swt/examples/texteditor/link_obj.gif	image	1c2c088dfa126aa264285069b22aace9e9e72adeab0b747a877c16eb928a283f	103
examples/org.eclipse.swt.examples/src/org/eclipse/swt/examples/texteditor/para_bul.ico	image	950cc40ea8ead03ab9ec2c6f83bbf858e83b8cd90f544213514b98b4f6002d3a	318
examples/org.eclipse.swt.examples/src/org/eclipse/swt/examples/texteditor/para_num.ico	image	581d1ef70ab941567cfeb4bd79f04d9ef23aa89e7548e265deb99c4dd728ee0a	318
examples/org.eclipse.swt.examples/src/org/eclipse/swt/examples/texteditor/paste.ico	image	a24eed1c1fdbb523507cfcad8918319dd3a4ddcad2d194eb99f8c2b17a257653	318
examples/org.eclipse.swt.examples/src/org/eclipse/swt/examples/texteditor/resize.ico	image	2fe3534f0dee99afc1f3303fa83fede2fb77de549ac235acc97b2fc6781b255b	318
examples/org.eclipse.swt.examples/src/org/eclipse/swt/examples/texteditor/right.ico	image	e753ae4ad8abab6f5afee2b8444607acdc365e1678e349911e9c9845800a2939	318
examples/org.eclipse.swt.examples/src/org/eclipse/swt/examples/texteditor/strikeout.ico	image	c2e673a5853ac8a7fbf32b17816ecb62eb89c01107b8d8daf4b911468bef98e5	198
examples/org.eclipse.swt.examples/src/org/eclipse/swt/examples/texteditor/textBackground.ico	image	b22abb7916e5652fde15321bbeb312294ab018599020fee23b3a287eac028050	318
examples/org.eclipse.swt.examples/src/org/eclipse/swt/examples/texteditor/textForeground.ico	image	4229e7f1ca415b23e76f7d497e3b592118386f6b20777fababc0e3ff42b7d3b8	318
examples/org.eclipse.swt.examples/src/org/eclipse/swt/examples/texteditor/underline.ico	image	7e3e0ff40010eb0d078e54e0ef311cbbb23da944d6c93bb6e852c1353cbc3c09	318
examples/org.eclipse.swt.opengl.examples/src/org/eclipse/swt/opengl/examples/images/Ball.jpg	image	e2116fc5ad572688cec7edfc3c180b53312ca878f0bd7cfc55f3a25aa2ab09f7	2648
examples/org.eclipse.swt.opengl.examples/src/org/eclipse/swt/opengl/examples/images/Box.bmp	image	9da70cee200637ba330ef7a1f6c9796d6a47989406d0918574f5823da1d96a06	5174
examples/org.eclipse.swt.opengl.examples/src/org/eclipse/swt/opengl/examples/images/Floor.jpg	image	ccef4e809374de89eaef24f9de8266e189b99317ef489dc574ca43dab7b4c656	3605
examples/org.eclipse.swt.opengl.examples/src/org/eclipse/swt/opengl/examples/images/splash.bmp	image	596774707e3edc008ab70571d65097996ce0c913691372ccb9be568c185590cb	495056
examples/org.eclipse.swt.opengl.examples/src/org/eclipse/swt/opengl/examples/images/untitled.jpg	image	ec06f2eeb4dda4fa8bb8cc942b03bb2fa678812e7638163ca9818a56f0afba19	11318
examples/org.eclipse.swt.snippets/previews/Snippet1.png	image	e610f369d45151b84bbd0377a9740ac111082a3c71cfb6a8b393ab18db9de206	1326
examples/org.eclipse.swt.snippets/previews/Snippet10.png	image	993c633eb752788cbaae9ce3dfa75c9ec8ed7be8613d5278e234366621a56661	3102
examples/org.eclipse.swt.snippets/previews/Snippet100.png	image	8223e7e2b9878142d248d5b06b64a109877b1fc57a27d9da6de30fe71518dde4	1031
examples/org.eclipse.swt.snippets/previews/Snippet101.png	image	670fed388c37c8f9426637360ee15b16c4c0b23f05e0f4e656058ad4ebc3a2f5	2102
examples/org.eclipse.swt.snippets/previews/Snippet102.png	image	670fed388c37c8f9426637360ee15b16c4c0b23f05e0f4e656058ad4ebc3a2f5	2102
examples/org.eclipse.swt.snippets/previews/Snippet103.png	image	2be67874a25a25e6ea00bee010c20bddd64cf7834536e7dea66400f67cee5264	1603
examples/org.eclipse.swt.snippets/previews/Snippet104.png	image	e2331f15fa61ece7c91071330006ccfd26b7cee5ad182973d3e79b6b373edb02	805
examples/org.eclipse.swt.snippets/previews/Snippet106.png	image	ffa0995062341dd1f15214bf94a3c2fb02360768d2c73e58ce36df24734a0dd3	3557
examples/org.eclipse.swt.snippets/previews/Snippet107.png	image	4682b494d8335c8734a542630485010aad62b8e6f523a75cb19c1593b73934cb	1092
examples/org.eclipse.swt.snippets/previews/Snippet108.png	image	d8806caba2e6fa4393d30def7a7b1b931819d1727609d402df1040d279d8f76a	1872
examples/org.eclipse.swt.snippets/previews/Snippet109.png	image	e133e31c3d7ad110cd363439124796be5c67ad5d21cd866ed6ac5f1e33d2d64d	3085
examples/org.eclipse.swt.snippets/previews/Snippet11.png	image	ede1c3e233034321dfb51535abd46e1086bc6d4af63cc20519fb6649780a9d7e	1709
examples/org.eclipse.swt.snippets/previews/Snippet110.png	image	d243eac9d502092ba9a07efc6da78ad4ef5d73a265bda679d967491b4c398ab5	3643
examples/org.eclipse.swt.snippets/previews/Snippet111.png	image	2ad92fa9fb5d78721d4b90fa51911c1a72ff8f96c5072899fd6d5535a8a3adbd	2106
examples/org.eclipse.swt.snippets/previews/Snippet112.png	image	a5342b5d95e6ab56e536cd0f51454e744435ca5c1f55fefb720ab8ddcf170010	1044
examples/org.eclipse.swt.snippets/previews/Snippet113.png	image	91cb1663678cad012717f76af7987b561d27b60b16609aff8004ec1725e50e5e	1534
examples/org.eclipse.swt.snippets/previews/Snippet114.png	image	b124d3973018270ecafeb2810730250f4c59819e5c407a224455b4654207eaf5	1650
examples/org.eclipse.swt.snippets/previews/Snippet115.png	image	527deb60ab0401f466db222b4e0c5915f26ff5806ec9f24d71882300f3010fdb	2087
examples/org.eclipse.swt.snippets/previews/Snippet116.png	image	5febc7ace424bf061616bf0c07e4554c10b53a0668ed61012441d50c56889db8	1255
examples/org.eclipse.swt.snippets/previews/Snippet117.png	image	8824b26e31ef178d9e2cb5cc479cf3aa31993ecc30ee1f9a3227b3303d6e32c9	1551
examples/org.eclipse.swt.snippets/previews/Snippet118.png	image	95904471fd5685328e7e35364047614b760dd19560a9e41f18ac097b6af7a41f	1195
examples/org.eclipse.swt.snippets/previews/Snippet119.png	image	50caa55b57a1bc09a97ec1ba62747554d97bc32bf70ab3bfab2159e2946acf22	1269
examples/org.eclipse.swt.snippets/previews/Snippet12.png	image	81aba9d01a6c7afb1f0d71c2018b2769b3e7614f778c59e04efe53b5a2b9ec89	1850
examples/org.eclipse.swt.snippets/previews/Snippet121.png	image	75dffb9b77c26b2b6772b16232ddd0cb65345105dfc355330eea06fbc159afb9	794
examples/org.eclipse.swt.snippets/previews/Snippet122.png	image	f0efaaf4d69251879c78daf180a5511255bda8d526e4ff3a9b9c67435cf2486b	1922
examples/org.eclipse.swt.snippets/previews/Snippet123.png	image	3e1b51e4e9754bd956153c41539f530d6dab05d48af9fb51fe89ec79fe625274	84614
examples/org.eclipse.swt.snippets/previews/Snippet124.png	image	829651c7e718f81ab37beea5fa36c94d56f772e34d9cf9898e264f9263e7405a	1475
examples/org.eclipse.swt.snippets/previews/Snippet125.png	image	c4877b5ff8420e744d02179616fb10be16f05ae6b07eae8c812260fa21f15d81	2099
examples/org.eclipse.swt.snippets/previews/Snippet126.png	image	5bd86ac0d51b0f81cfa41b4d62c7adc980128baa907b5b2a3d1eaaf4b9b9a447	2216
examples/org.eclipse.swt.snippets/previews/Snippet127.png	image	fef017b019ce64a60104050e21694d7f2aa4d921cce4e8ec8d2acf58943ce993	1322
examples/org.eclipse.swt.snippets/previews/Snippet128.png	image	268ebc267f7fcad32efaacfc6cb0ca7c7075ff3af40b054c65f320f2e2c96bb3	268891
examples/org.eclipse.swt.snippets/previews/Snippet129.png	image	48f15afe705b7384602c05cbf338c9f4af3fd2f349e719b018a31fe04efa7f86	5255
examples/org.eclipse.swt.snippets/previews/Snippet13.png	image	af66452a3f891c8ec535f7e072aea7b674610ac39623bb771cbc799405e12a25	1172
examples/org.eclipse.swt.snippets/previews/Snippet130.png	image	2296104642511ab6181d955ec3a43f67f1959509e9dcff2b0d69a97e45216541	1695
examples/org.eclipse.swt.snippets/previews/Snippet131.png	image	00c77da3309d70496cdd64a51473971f7998c71a2c6cb9aa0adeb0ed6360a53b	1756
examples/org.eclipse.swt.snippets/previews/Snippet133.png	image	585f76b52ca0edc30446cdf1a9d43989ef1ca3384e2a14323905689264d974c7	1834
examples/org.eclipse.swt.snippets/previews/Snippet134.png	image	4a4be10abde2db41b36dd1b41abe1890d3e811319dd2e7c690f0d99d989aafe0	692
examples/org.eclipse.swt.snippets/previews/Snippet135.png	image	4d2e62c87275b9d2356c8cdc15ce3bd0213468e011410a4b4e2be82d99dcd1d2	9687
examples/org.eclipse.swt.snippets/previews/Snippet136.png	image	bb75641568652c50f78b15ccaf73fc4b3fd8f391f93cfc66714d46d959212bf3	2895
examples/org.eclipse.swt.snippets/previews/Snippet137.png	image	02e207b23f949b42ccceacd9d4dc2e82e3ce7c03bb45772a05306d892ec6662b	1521
examples/org.eclipse.swt.snippets/previews/Snippet138.png	image	cb90d69f33f628208d7b52595504c4b28ddfd6a6f32280673dbdc95f43f86f54	817
examples/org.eclipse.swt.snippets/previews/Snippet139.png	image	1171248434b9be2711f190f48cb64dfef702e192b851f150e7bfcca5f57899a8	2887
examples/org.eclipse.swt.snippets/previews/Snippet140.png	image	e0d36c76b6863a364a3a411248f9b2ddff20c6728441c9de4dba997721950d36	1155
examples/org.eclipse.swt.snippets/previews/Snippet142.png	image	16e5a3e6b691491ce8cd23214d551049d6e5b1fbbd203c89b69533809c5be227	1008
examples/org.eclipse.swt.snippets/previews/Snippet143.png	image	bcc74f033ec187b4bac5b6d8df4a562d3e742b2eb44fd5f190b80bf7d9d44e54	9171
examples/org.eclipse.swt.snippets/previews/Snippet144.png	image	6ec8232203be1887ad56d4ae4f49305c7823795d332aeba56b3ed29b048b8360	2905
examples/org.eclipse.swt.snippets/previews/Snippet145.png	image	936a25e1556c5ce70d141b367b5608253ae707971cc75c1cd53e196ee47122e8	2805
examples/org.eclipse.swt.snippets/previews/Snippet146.png	image	679b7e7b4c03abfce66a1813f2ef40a8f518b53302207ac7d41bb0a1285c5e77	965
examples/org.eclipse.swt.snippets/previews/Snippet147.png	image	0a1c330a17a09de16e251430819cf63e89caa01280454b2100e43c2bdb949e14	1311
examples/org.eclipse.swt.snippets/previews/Snippet148.png	image	1f3b85038462ac0deb79a65a1f3943bcc4942b12ceb07a79b690714055900523	288863
examples/org.eclipse.swt.snippets/previews/Snippet149.png	image	6037ba431d7e4c1510e6df5bfacc66dae3eb22e1153fa415716bb71752db9daa	4428
examples/org.eclipse.swt.snippets/previews/Snippet15.png	image	b7df52c72880ccd42f7ad41d060f5d2d6fd2e3965338894a7a4d6657f452e1d8	2406
examples/org.eclipse.swt.snippets/previews/Snippet150.png	image	1d82a4169d19450dcec2706c43ca58341f0e7769bee4f32f8e42ed9d948b6391	2112
examples/org.eclipse.swt.snippets/previews/Snippet151.png	image	740c07bc2296a4407971a9e0b1c9807947a431a29131b81a7d71cc0551ebef74	4535
examples/org.eclipse.swt.snippets/previews/Snippet152.png	image	bed1f6fdf7c02bab394988b100a14530c689596b48ab0c353509c8f2e758ba23	2381
examples/org.eclipse.swt.snippets/previews/Snippet153.png	image	6247a94e7ddf46bc53b6d829a0d15657a614dc30f7ff4a536beb0537e8091e7d	1774
examples/org.eclipse.swt.snippets/previews/Snippet154.png	image	459a02c818ae48de29d2aaca4c18645a98fe0593aefeb15b812a2e0131350fdd	23621
examples/org.eclipse.swt.snippets/previews/Snippet155.png	image	fcd7303a6dedfa067599db8990dcea58d1de19d610a3cf1c3ddfdbfbd493a506	2852
examples/org.eclipse.swt.snippets/previews/Snippet156.png	image	cb4485f13b7d2c18b7bd8ae4a996a36618d5a13a4d4da34fb48a3937355ec31b	1551
examples/org.eclipse.swt.snippets/previews/Snippet159.png	image	cf27d37a16c56a37bfd80b6a8457ba2b17215b1800e15fc80daf530ac214d98b	308593
examples/org.eclipse.swt.snippets/previews/Snippet160.png	image	00dd31420ca479dc236eb9c37c8ef36dc6b32af666d8c0b713218bedff5f0919	1993
examples/org.eclipse.swt.snippets/previews/Snippet161.png	image	90c2e6d0719b35ad491d6aa26597ba1e5d7be0cae5fad312e339a253683b328c	7088
examples/org.eclipse.swt.snippets/previews/Snippet162.png	image	f8bbf5b91562bfd2b6ae792316b1d3fce742c967c490c22a484e2cdf82a45866	1517
examples/org.eclipse.swt.snippets/previews/Snippet163.png	image	2cc803d34d5e67add49e9c15775ea41d585973b86b29c02a4eae3aff7aad7ee5	2188
examples/org.eclipse.swt.snippets/previews/Snippet164.png	image	a4ef37640c9642afe23fabdd8fc88833e4bcc0ba7ff5436039fc01f99d214f62	1585
examples/org.eclipse.swt.snippets/previews/Snippet165.png	image	983ae80bc9155183a08840501661f966ea30f4be69bdd79ce78d6a4d70de6f72	2943
examples/org.eclipse.swt.snippets/previews/Snippet166.png	image	77e7ee185ff291ba742d8ed81942bec3ca80fdc506a5e2cf7bf1b3447a77e35c	26485
examples/org.eclipse.swt.snippets/previews/Snippet167.png	image	ccb8edbbe24d3b108c77893f1fcfd5255685c9278b9276b4f6a147b01d613583	2114
examples/org.eclipse.swt.snippets/previews/Snippet168.png	image	1faa10ab5a4e9a10e5ae959a28490010551f98d7066518536510cfeff2d7d059	2077
examples/org.eclipse.swt.snippets/previews/Snippet169.png	image	55149d9f5b99896a19e5e6935d9bf8dff357a214247452a4a0871229cd256c03	2275
examples/org.eclipse.swt.snippets/previews/Snippet17.png	image	33936121132f06aabf9153271014ed581dcbea258b62e64e5f5369a3f3a762e3	1165
examples/org.eclipse.swt.snippets/previews/Snippet170.png	image	67652fd60ebd1957825d27cac9a5dc6646c4d806ee0c5d96f65c56e2379d9af4	2675
examples/org.eclipse.swt.snippets/previews/Snippet171.png	image	673331552d0ece72ee1d759b22c2398cc4b219e0150c48c00f742747df3cef28	2293
examples/org.eclipse.swt.snippets/previews/Snippet172.png	image	281214a2d354f48b127f30825d4ff2c8bf45e6d655284c49677aba315a218738	8022
examples/org.eclipse.swt.snippets/previews/Snippet173.png	image	ad260b0149be30034435af798c60215f41c1291724a352121f0633f305d50add	105077
examples/org.eclipse.swt.snippets/previews/Snippet175.png	image	a767810661756119308f698d60df04bd0a1e9a6f89842596d242c938ddbce916	2388
examples/org.eclipse.swt.snippets/previews/Snippet176.png	image	eac62225c720e37b540700f1e4511d38c1400054a813a78ba75192f6c84809a7	2474
examples/org.eclipse.swt.snippets/previews/Snippet177.png	image	2ec45ecc2931e6063b6dbab7e0cf1a44124a50a81a6a0765152964fa3aac44ee	1980
examples/org.eclipse.swt.snippets/previews/Snippet179.png	image	0d20dc00f254b83926bcf157bacaa17ce41310d92ca54a89399d73b9241f08c0	1083
examples/org.eclipse.swt.snippets/previews/Snippet18.png	image	0954441983633ec0cd2eaa32de36a3943ec943281e173a3d89202b46c32cc534	1812
examples/org.eclipse.swt.snippets/previews/Snippet180.png	image	b22cff86bd539b05de7d0b8660544bbe2a15b50a7d4868d9c9d4400a1707b0c7	22196
examples/org.eclipse.swt.snippets/previews/Snippet181.png	image	047a2a6e3315827ab4c6872e421ef722e60fd857a0b4f7794a5b10f480f0429e	5813
examples/org.eclipse.swt.snippets/previews/Snippet182.png	image	f858324f3435a298a70348f28036d1619e6c4ef49d8946ac1f924fdf564879cb	2304
examples/org.eclipse.swt.snippets/previews/Snippet183.png	image	34962d866d9e6c669c0eedc5e5cf81f192d4fc4032623dc419dbea56cef55e6d	3829
examples/org.eclipse.swt.snippets/previews/Snippet184.png	image	69e368d89979988264ef37b3130fc4cae9f953b7bbfa3dbd48eb2ba27dc1b97e	985
examples/org.eclipse.swt.snippets/previews/Snippet185.png	image	bbc5238e746c95cd28c2f5f73003a1f4fe3ece736f6d62a591d7125ebbbdf32c	2108
examples/org.eclipse.swt.snippets/previews/Snippet187.png	image	7b7ca9e3eac7cb16a1e313446e69c9aaf57129955a1bfd0404afc63d4c7628d6	45162
examples/org.eclipse.swt.snippets/previews/Snippet188.png	image	ae879228f1afc8fe102f6a8d112090783a0d6bce861cd63429c2e508b524881b	4253
examples/org.eclipse.swt.snippets/previews/Snippet189.png	image	a12ccd96e919407047a59f9b7987b1e1526f0504c072951d83af56ee97cc8638	2220
examples/org.eclipse.swt.snippets/previews/Snippet19.png	image	6ccb7fe38b92b8b9ee87fec1bb44a81d4f232778b755f684f6e9937c76254de7	1304
examples/org.eclipse.swt.snippets/previews/Snippet190.png	image	e7fd4eae32f37f938c33561f8ff9ae3f039915d50ca3603926d599f3e3977f86	1401
examples/org.eclipse.swt.snippets/previews/Snippet191.png	image	77ee08f745df6128635bf0beef675c360ecc4fd6f42dc01543f9618dc5db0347	2488
examples/org.eclipse.swt.snippets/previews/Snippet192.png	image	9f59dcfc36ccf58e94b8bf045190c1dba7d05c503e28b5be7b00449cbfeb5a20	5029
examples/org.eclipse.swt.snippets/previews/Snippet193.png	image	dbb8aaa2159c5fc8e91f4bed2ef0e7fee0f5e597bda5b5b7248c5f190017d8ab	4263
examples/org.eclipse.swt.snippets/previews/Snippet195.png	image	e51dd594a5d5a1718689241c060524bd6f7bc42212b5d27467e380708fa4c753	7596
examples/org.eclipse.swt.snippets/previews/Snippet196.png	image	41bd937b34f6f7698f0cc7b56711bc1c065bfbd57921d4e5ee7828b822ec8374	1138
examples/org.eclipse.swt.snippets/previews/Snippet197.png	image	5e56453220a365062acde9df6affe1cc63e0af838ac583887d52e4ad404a0152	5125
examples/org.eclipse.swt.snippets/previews/Snippet198.png	image	e47f579028e5d203c4e4ddbefaa81da7c71df4db9d154564e9c23feed3bbe0ec	2437
examples/org.eclipse.swt.snippets/previews/Snippet2.png	image	3214d9d1378c53c079adf7ead9b6ac20c4647f13b7e57d31332a3caa58a8a977	1988
examples/org.eclipse.swt.snippets/previews/Snippet20.png	image	d75ce380528aa55fb614e098c98f2c130068dbaac6626a95d68981e65eb5ae1c	1602
examples/org.eclipse.swt.snippets/previews/Snippet200.png	image	230e387315b3798eb8d307876c6cfd8230a7aa3011c4c95b07d81a7bb31c5b5b	9598
examples/org.eclipse.swt.snippets/previews/Snippet201.png	image	18023fae04cead203849fbfa150f808e515a551188377fb7f215d0568c01755a	3142
examples/org.eclipse.swt.snippets/previews/Snippet202.png	image	3ebf35d4e1a03d6ec131dfbc65e16f7160f39c486cccfc19613f0cd23e4191f2	3062
examples/org.eclipse.swt.snippets/previews/Snippet203.png	image	95ddf22731bb127b04d83a848c3a51440146d89527f9f08d7ddd49fb44203de8	9607
examples/org.eclipse.swt.snippets/previews/Snippet204.png	image	0c2b6d82e14f3f27018e48addd95ffe982520a438bffb40fbe89d3334b602f10	2353
examples/org.eclipse.swt.snippets/previews/Snippet205.png	image	3dbfa82dafbd92c621ae3cd1fe5d202a6db6e897924e87f936c0512582531bb8	2708
examples/org.eclipse.swt.snippets/previews/Snippet206.png	image	dfa9088c22574e34769f0536c21af78662f1fc2a2eee655ed6dcab32dd70abce	3698
examples/org.eclipse.swt.snippets/previews/Snippet207.png	image	35bb886943b6720d2702d2c2927d307f6d824d8fd13936a6b44cd73124791d6f	11241
examples/org.eclipse.swt.snippets/previews/Snippet208.png	image	86ecb158d47b5b0e8698c2f110ac16bfe43bec3f944fa703b311e9face58d696	9825
examples/org.eclipse.swt.snippets/previews/Snippet209.png	image	982795e8de952bf9bafe56d62df9f4d0090b29c0735eb907797532f2775f0e08	11139
examples/org.eclipse.swt.snippets/previews/Snippet21.png	image	e031b11c89dee13d738aced1576dad52e200bc81f8c0b59547ab1c3e38af4d64	1195
examples/org.eclipse.swt.snippets/previews/Snippet210.png	image	28124c98df34a23a9b9c62c1bc38427ba373fdaf7ff068142c79128c38f1e128	6325
examples/org.eclipse.swt.snippets/previews/Snippet211.png	image	6cbca786a98f95ed7ca44ca58a709aaaaede386353e2e6072480607732d29c27	4718
examples/org.eclipse.swt.snippets/previews/Snippet212.png	image	0e5d51dd61af5693abce890ab19547b1b6243bdc932fd913adf9c57cb2dafd5a	9616
examples/org.eclipse.swt.snippets/previews/Snippet213.png	image	c2e7d910638c132c8784dec1866005633e04621c4c29c2e955991a9021b8154c	7031
examples/org.eclipse.swt.snippets/previews/Snippet214.png	image	7cb1fc8bda58d25d3bb0a3047e41c5bed2fcfebde25e082071dd2afa1257382b	3259
examples/org.eclipse.swt.snippets/previews/Snippet215.png	image	aadfa9660fc62c6d42ffcfa413c1d6e8c4429c6eaab8fb0c32393e2e84766c66	1011
examples/org.eclipse.swt.snippets/previews/Snippet216.png	image	42494e5e692aa3db7ab217285f558ec6928f038a8e295435af2f2c4bd010fe42	1510
examples/org.eclipse.swt.snippets/previews/Snippet217.png	image	f18f531d410d2f9d6167782c7fe306b4e7e61a3fe6446e364588ca17b6279220	4420
examples/org.eclipse.swt.snippets/previews/Snippet218.png	image	28b93e31bf45efb19da6e1326402e874f33b33ec58a6efc116f15afee77ee21d	22517
examples/org.eclipse.swt.snippets/previews/Snippet219.png	image	ee9f7d4a4fb705cc2d890248fc47cdf6525d978946b01c4523cb93b2c415ab66	3621
examples/org.eclipse.swt.snippets/previews/Snippet22.png	image	82a326822ced615a4e9f130fd4ee42717eb5981d4a9d2822f76cb69bce7c6858	949
examples/org.eclipse.swt.snippets/previews/Snippet220.png	image	b468634002890e8fa599f29a891869fc006b1bfc8a6b48fe0c3782f034c9229d	2255
examples/org.eclipse.swt.snippets/previews/Snippet221.png	image	abcd6286d424f1eae6bbe26ac677d39e9919237b58bf7b1fc81e70da1e5c0c5b	3388
examples/org.eclipse.swt.snippets/previews/Snippet222.png	image	b8687b976f51376a10c3d1f455f9ab8bb6950d1a8ba39a993d0e168179421df6	4540
examples/org.eclipse.swt.snippets/previews/Snippet223.png	image	e88e51425d4548c49e24fc16ae804ec9292c61a97549bb82923806553a902a43	24893
examples/org.eclipse.swt.snippets/previews/Snippet224.png	image	8ae94bdf42d579e071f663e0a28e490faec6704c9aa4649ad3b210370ca0efcc	2024
examples/org.eclipse.swt.snippets/previews/Snippet225.png	image	86841d238d645b92bf25e949e4d8b8aa1d7bf0bcd9bb2afc76d46182f862afea	1735
examples/org.eclipse.swt.snippets/previews/Snippet226.png	image	5e76b4b21871c0f9373af60f414872c8acc6e3a412926cbf6b9794055e6831f4	5262
examples/org.eclipse.swt.snippets/previews/Snippet227.png	image	9fa81a0e12dc04232e4bb3b27ae9dcb96fed72e02dfdd776d0cf015589d5bb75	4084
examples/org.eclipse.swt.snippets/previews/Snippet228.png	image	2c748e375c67e94dedc58b7786074f7d0474f62c0dd6c532907a2c3de506e29a	3624
examples/org.eclipse.swt.snippets/previews/Snippet229.png	image	36ecbb82cc22e31ab1549ed606243ff92681efd3499affe83536ac1552cddb5f	5531
examples/org.eclipse.swt.snippets/previews/Snippet23.png	image	f7e4b07b0c6732753d10a8a6ef3ad0c3645d100d5fa5d20d1e7771f4f0ed4360	2577
examples/org.eclipse.swt.snippets/previews/Snippet230.png	image	96891ed3676b60628b75e273cab5920935666943904baee4cea3fd797a4e6842	13094
examples/org.eclipse.swt.snippets/previews/Snippet231.png	image	127bdcbf04370040588256cc653f71bc482ff0a7fd0138ec07986fdf50cd2f99	3128
examples/org.eclipse.swt.snippets/previews/Snippet232.png	image	938ec21149f2b78583ad43a910d13ca3d09865546073a7389bd386e1f2ee89de	2357
examples/org.eclipse.swt.snippets/previews/Snippet233.png	image	8cf662202d486d215a8c5898db383da9876ddc8a0aaeafe1c2cd43b6eedfa220	4579
examples/org.eclipse.swt.snippets/previews/Snippet234.png	image	a75a675f7b7fc1cb644b4b71577bf58529c0c5c73ce48eb161e3983684c57fb6	5319
examples/org.eclipse.swt.snippets/previews/Snippet235.png	image	1956ced6258ad8b055100cb0d05860442d11e4e471ed5239854e805f8cb95c05	22903
examples/org.eclipse.swt.snippets/previews/Snippet236.png	image	4dcd5e505f0cca6fca189c6c31339dcba79f30fcb51f3a6ca87ec47b79c6e1d3	3191
examples/org.eclipse.swt.snippets/previews/Snippet237.png	image	78f5c5a0fd5054886938e845b6bbfb3820ce87e23cd77f65303f15597f042093	7859
examples/org.eclipse.swt.snippets/previews/Snippet238.png	image	16bf0f5a0945df145805ad3c9de32cc9c828b52f9b249148279ca0cd2d350357	3525
examples/org.eclipse.swt.snippets/previews/Snippet239.png	image	78bda06b677f9335d3deb2653593796519659315f4046bae45cf30a02ade1612	3295
examples/org.eclipse.swt.snippets/previews/Snippet24.png	image	af4c56fe05515f15f8a74c2f5ea26f4b0621d911e3d877b4c59266f348ff623a	1975
examples/org.eclipse.swt.snippets/previews/Snippet240.png	image	79065c2956f27a95e3134987d876301c500575eedd5eac24484e745f815f65b0	3285
examples/org.eclipse.swt.snippets/previews/Snippet241.png	image	403bb2b5d9a8a01abccea065d8387d219d82287c363d9a6a59db03b59fd138db	2007
examples/org.eclipse.swt.snippets/previews/Snippet242.png	image	e0f5adde7c8ef7fdd4693da308416cf123f296076953c1a51f7d56557d1b4cb7	1352
examples/org.eclipse.swt.snippets/previews/Snippet243.png	image	3fefa0551a0422a5dba6a67f8722c412f8291a0e00840ff736c655b906066ccc	1118
examples/org.eclipse.swt.snippets/previews/Snippet244.png	image	163373eb8d4616c372612ed859f681dd16823519e2951c023377e3b7a38a2bd6	2080
examples/org.eclipse.swt.snippets/previews/Snippet245.png	image	703794dde6dfbd366e0482d8be3b11b08defb5c794b68776f9be2feeda66f79b	1384
examples/org.eclipse.swt.snippets/previews/Snippet247.png	image	484d378642e6a1abbc36b5378d0cb09c673356265056fa294e336262619d8671	1602
examples/org.eclipse.swt.snippets/previews/Snippet248.png	image	4aab043962d4264e988dc4723ef57d1aabdd039aaff6373f732f737dbe483cf5	1659
examples/org.eclipse.swt.snippets/previews/Snippet249.png	image	499c6b11bc6c1b897d2acfb9928ba3c8479fa9ea5a82c528a1e83a8ea03ef0e3	1491
examples/org.eclipse.swt.snippets/previews/Snippet25.png	image	8ee787cc600cd973ed638bea0d9604f189af434a9b53871d9675aadecef3500f	1794
examples/org.eclipse.swt.snippets/previews/Snippet250.png	image	bb40085d1b9d6cf6f957fa9277f368301302b711469243fde3e2459510edd7c3	5384
examples/org.eclipse.swt.snippets/previews/Snippet251.png	image	f1686f922563ed5e573b5f039c0f52a050501409332496814c98d708309da79e	1094
examples/org.eclipse.swt.snippets/previews/Snippet252.png	image	5101c52ff767808907a6c69e05c2a43eaa1101a605a5498250f095f9400a1ed4	913
examples/org.eclipse.swt.snippets/previews/Snippet253.png	image	2cdf31715e0165030e37fc15c707dfd949f3e91adeb8a6a62515fecac44220a4	2213
examples/org.eclipse.swt.snippets/previews/Snippet254.png	image	86eea166fa9a88a0f524379c47a079bc9165b060b1456f4c7bbaacc671c54dfd	3176
examples/org.eclipse.swt.snippets/previews/Snippet256.png	image	7b511f045084b1a9b698560e258aa992dbdaa0bed90a9f579e3bb9ec85fce04a	2005
examples/org.eclipse.swt.snippets/previews/Snippet257.png	image	758a4e6004234fcf06fcea145b0add8e7d6088de9e1cb964f2cfa88443aee20d	3315
examples/org.eclipse.swt.snippets/previews/Snippet258.png	image	c5d27868a9f995e3b076cfd522875850e2d680cbaaf7493276aabd5a1962070d	3078
examples/org.eclipse.swt.snippets/previews/Snippet259.png	image	9b3737a0522cbdaf8a41b17850e9e1b2504bacb71e35b69ba091615911173550	1499
examples/org.eclipse.swt.snippets/previews/Snippet26.png	image	284ec7636f38b19380b6db3f7492e692eaa8354e0aab4b7fc9afd427d24331ef	1740
examples/org.eclipse.swt.snippets/previews/Snippet264.png	image	38a44c8801e02d128e6fde0755d5f71d8bfb9c5a45aa4732faffdd230df5a398	1779
examples/org.eclipse.swt.snippets/previews/Snippet265.png	image	173ff8fd2b47fc843369c50356dd706c330546a8a23f400eec321532364e6f44	7764
examples/org.eclipse.swt.snippets/previews/Snippet266.png	image	a797eee5fd4229899bf01615fe4d42db07cc51492446ff1904216c99189e3b81	3411
examples/org.eclipse.swt.snippets/previews/Snippet268.png	image	31a839c0dab8394ed9dd6d79be14b6f9173c5fccb371f086d44b2ff2a404ebdd	3306
examples/org.eclipse.swt.snippets/previews/Snippet269.png	image	1c7cd9424d77478c8fff955a9ef515accd85b066513aaae74e0616913802f619	905
examples/org.eclipse.swt.snippets/previews/Snippet270.png	image	fd310110b2d078acafbf01dc0f740adbcde158775f281ba3b2b31f4ab69bb64b	20379
examples/org.eclipse.swt.snippets/previews/Snippet271.png	image	e8580169b1a4fb0e33ae74c6c6c8101f37430c7e4ab81170d7b2de72eef963ca	1549
examples/org.eclipse.swt.snippets/previews/Snippet272.png	image	6b4e1f93f6cdf59b3135deb8b7db5bab5635cbf4f25796abee0350dd393a1278	2180
examples/org.eclipse.swt.snippets/previews/Snippet273.png	image	c474713cd5da37a15e54c7723b47aad3abf4d35818fd06fce257182f21544f03	6999
examples/org.eclipse.swt.snippets/previews/Snippet274.png	image	b4eb6831ce8c8ca394a888109d1f4bab82bb5c7070b8dbf7da262e27fe37cea1	1715
examples/org.eclipse.swt.snippets/previews/Snippet275.png	image	2455db5dd4c298e57048f56ff2d4b63467ebb53aa4a854d2d039fc388c05d3aa	2962
examples/org.eclipse.swt.snippets/previews/Snippet276.png	image	c28be4ec4b8ed886d5123ce32cb57b564d56076907df62ec9cafb8a1fc7a91ab	2350
examples/org.eclipse.swt.snippets/previews/Snippet278.png	image	03e077031926227f2b6d60986a384396d5f3d39f16a94fbdc8bcd005b6d38eeb	1764
examples/org.eclipse.swt.snippets/previews/Snippet279.png	image	28bfc82fdbf76cc63ecd85aa7e1a38754223d4d93e92ff027d6bfb5d4f7e1848	7269
examples/org.eclipse.swt.snippets/previews/Snippet280.png	image	c38def43a1d5ba7b811567b8b50c516cb94a5be4a23e2f81970c398d21efe3f3	1004
examples/org.eclipse.swt.snippets/previews/Snippet281.png	image	2cf0ef07eeaf5c1ed6e3431a6a941010c4e063393034fe39d64a44a1c4b8bab2	1006
examples/org.eclipse.swt.snippets/previews/Snippet282.png	image	5961ddf61a83e00eb783007ab8cdf8eed4668cddf763c5bb140abd08a0c0fed0	2895
examples/org.eclipse.swt.snippets/previews/Snippet283.png	image	a8e55760ee8e864fd76e229c9698232cc10890cf1ad1b155b708a01930bb4c6e	3152
examples/org.eclipse.swt.snippets/previews/Snippet284.png	image	46b69ebd54311e19761088ba323450c1fc4973f8b3e64b2774a7db54f4da34af	2281
examples/org.eclipse.swt.snippets/previews/Snippet285.png	image	d4d136337ccd19d6d8b248c746373b344b173c80951ca3191b9aa3c3726ad70e	1764
examples/org.eclipse.swt.snippets/previews/Snippet286.png	image	eee60cfe2512749a67054aea9969e34a36e07d15104a0160b43fbef643f625ff	1535
examples/org.eclipse.swt.snippets/previews/Snippet287.png	image	837b74da30671bb0082f699f17f7ecb4bb54b5a68160f192857e120abd366201	2480
examples/org.eclipse.swt.snippets/previews/Snippet288.png	image	d3220511f3d4e6daafce0ba4daba1a233f5fa806a18b3aa46577a7a2443feb1d	1355
examples/org.eclipse.swt.snippets/previews/Snippet289.png	image	0556b71433854af8005fa0cb835ebcb87f9ede7ed58fadf9631cda11e22fa80c	823
examples/org.eclipse.swt.snippets/previews/Snippet29.png	image	8f37980cd755b1b8a4428da737a536c22758fd1b1e69372987083748fed6856d	1639
examples/org.eclipse.swt.snippets/previews/Snippet291.png	image	5c24ef753db9d80d148428a1ac1eeea161abbb0925d5b3f8c9ade4e91253b64d	1461
examples/org.eclipse.swt.snippets/previews/Snippet292.png	image	b1b273df2c88934b01c0a36360186a8337d3891b9a48f1a17fc6d29665d8327c	4383
examples/org.eclipse.swt.snippets/previews/Snippet293.png	image	14c01018d3f3ec8be63d37afb180ae9ac1ec9f6965f53fa9ebecd5d0cd374c95	1242
examples/org.eclipse.swt.snippets/previews/Snippet294.png	image	539796132e4abea4a1d0fc5a2485ebd315324533cd6623334a155e9724410d98	1856
examples/org.eclipse.swt.snippets/previews/Snippet295.png	image	4b1c8d2c7ae2f48e7b83bed9f40bd91b3eb9b90569c0a668acde0298a3f6965f	1194
examples/org.eclipse.swt.snippets/previews/Snippet296.png	image	49954f572f0465e3aaa223fd70d2c60d4b2bef2c452320ba11937ab6dc3284d9	3121
examples/org.eclipse.swt.snippets/previews/Snippet297.png	image	c55a41e0212c34b776dc303481762d7796a5bf1fed932078b3cf360dc811f6c0	13119
examples/org.eclipse.swt.snippets/previews/Snippet298.png	image	2a074289c735ab187f4a29eb66a0791a25c2da540a5fd4ced2d3b0a3568ba895	8810
examples/org.eclipse.swt.snippets/previews/Snippet299.png	image	69d176ae8478909ad912f052ee010b1772b2c6c3c854b3bc5d9fd01867512733	1598
examples/org.eclipse.swt.snippets/previews/Snippet3.png	image	93c05b1a94a80da0479b08e3e81d4190e2d6a1d75110a4c097d1fc52a47b3fd4	3622
examples/org.eclipse.swt.snippets/previews/Snippet300.png	image	4500f9e4cd04dee1173bd0a9e26841d00241282c015949cc2dbb6efb44cadee0	2437
examples/org.eclipse.swt.snippets/previews/Snippet301.png	image	e31b6841091a0d017122f54c04875f68bf87a389fe9627435d1acad219e454e2	1515
examples/org.eclipse.swt.snippets/previews/Snippet302.png	image	aa224b93197bad4b9cec6cfdf68ea422d24a351d0a7fb92f9835ca18ecbe2e93	1613
examples/org.eclipse.swt.snippets/previews/Snippet303.png	image	7d536944be8b835bf3ef72fd9b046276605c309f68466807111a28a2e2e8e26f	274650
examples/org.eclipse.swt.snippets/previews/Snippet304.png	image	34511d1c165cc5e2f0dc576157acea2bb596aa7a0cc6a8b2ed0112e8c2fc0410	1534
examples/org.eclipse.swt.snippets/previews/Snippet307.png	image	eb4fd9f658406719e5f237843e95fe99b8af8be26c14df4d8f01ea3e9041e02e	2660
examples/org.eclipse.swt.snippets/previews/Snippet308.png	image	afc6795e60f94100f28bdf5312c094bc14d9f09d7abedffd241bec3b0032ebee	1995
examples/org.eclipse.swt.snippets/previews/Snippet309.png	image	9f297a9158ea66f62d31073d43e369edbe0ebe318d5fc0d430d4cc741ae7e1ce	2289
examples/org.eclipse.swt.snippets/previews/Snippet310.png	image	6e25c7c9daa6c6d5f1a1d58a519286eef10466592df9053f435fe90d0139a041	1400
examples/org.eclipse.swt.snippets/previews/Snippet311.png	image	45511286200eb05a4c7b83aa683911ece2b44eab550343c23d9dfe4bc53854d4	6370
examples/org.eclipse.swt.snippets/previews/Snippet312.png	image	24547151652482ac3f9181983766e255ab95d2291244bf76b3481d1eb2f16529	6440
examples/org.eclipse.swt.snippets/previews/Snippet313.png	image	22dd68d0b3a7fe2f86842a08e06856f86b2703c08140e4024fa1dbf078441862	835
examples/org.eclipse.swt.snippets/previews/Snippet314.png	image	f3e082f6df9bbe59a214d311aecd40ebb9bf9e04d35e1b4d33e98a1d25b4e843	1477
examples/org.eclipse.swt.snippets/previews/Snippet315.png	image	6035f3576f1084bd770616ae1e83b489a978f8f4e9746f18c564bd8ac1a644bc	1673
examples/org.eclipse.swt.snippets/previews/Snippet316.png	image	df7b726230f1ff736ca29dba3387e390ad938fb6e298e6fcede14ab17f9721c7	4766
examples/org.eclipse.swt.snippets/previews/Snippet317.png	image	995a3ab54cd3f46e293d6e60cc770383dd27f0289c593496095ee7163a7c0eb0	58633
examples/org.eclipse.swt.snippets/previews/Snippet319.png	image	826326f612c08955510c85ffc984db3758c24a6f5ac980d68e0779d23422cb42	2680
examples/org.eclipse.swt.snippets/previews/Snippet32.png	image	20c78399cce701819ddf72179d10c51fc7df89a42695488ab4eeb814718f6812	941
examples/org.eclipse.swt.snippets/previews/Snippet320.png	image	4b584497d92a1780546091dae2cc4b0e641918733babdce36928afaa321809f7	845
examples/org.eclipse.swt.snippets/previews/Snippet322.png	image	45bc37875e6db19d41af8d9db9b29d59a535e443998404529a5ecd4960ca13d9	2955
examples/org.eclipse.swt.snippets/previews/Snippet324.png	image	0ac592fdca38fc81e8f2a5485bb5ef9314845e25d0675b2b2e9377a67a0cfc31	1190
examples/org.eclipse.swt.snippets/previews/Snippet325.png	image	7b68bfcef45333038a2669aa96c4457cffc5bf1c7243c945baaced7fcb33bf3a	3591
examples/org.eclipse.swt.snippets/previews/Snippet326.png	image	68ae2a8ba895d449382600b2e97cd1d3231958ea2b8d5978769945cdb163b48c	2817
examples/org.eclipse.swt.snippets/previews/Snippet327.png	image	50d8631fa1cd3dd923965e7bc0b80e7e5883914e1a955c547feb5a6124c0af7e	1835
examples/org.eclipse.swt.snippets/previews/Snippet328.png	image	9ac87a9441a24fc7cec5ac22f7105ba7373c87f6c2f50f130ecc2340d1a3fdc7	3550
examples/org.eclipse.swt.snippets/previews/Snippet330.png	image	2175ec2201700722eeb150dd2d60b5c21a488fc140236396e584d584c0c93c5c	6342
examples/org.eclipse.swt.snippets/previews/Snippet331.png	image	bbccc2cf939c7a555c16cfa1065dcecbf0a42c159c8e5ba02e918817b04c153b	7029
examples/org.eclipse.swt.snippets/previews/Snippet332.png	image	ed6e1c7b1902b8db1c640923ae48386a3c35b4a943be393b189740de0fb50977	5379
examples/org.eclipse.swt.snippets/previews/Snippet333.png	image	3523fd92fb1f6cd9764be9f713d4e5a2682e13f64e2c8b460dc7e756faafd95b	3206
examples/org.eclipse.swt.snippets/previews/Snippet334.png	image	51b1a306ac252acf3c09472a001350d48be027c9adf25ea181bed13c48d5ea3f	1530
examples/org.eclipse.swt.snippets/previews/Snippet335.png	image	40cb79acc8fe7ab11b4996017518c276e2a4b9e3e0b5c1d8bf3265fba8e398d8	2996
examples/org.eclipse.swt.snippets/previews/Snippet336.png	image	0a340f2d45f48fec6ba779e59408b568da1f34c78a699a2d2b4c4ea4d98d042e	8966
examples/org.eclipse.swt.snippets/previews/Snippet337.png	image	cd011d9865eac59c17eb1540560a19af0546d2dd01451f52f62a5584a714080a	2488
examples/org.eclipse.swt.snippets/previews/Snippet338.png	image	9575caaf694f6a697cee770abf65f92507bd6be94c0f630ad0a5e576e27b916b	1816
examples/org.eclipse.swt.snippets/previews/Snippet339.png	image	f57ebcf70897d9e64a89800e34cc501bdf316d992c91dc42da0bae688636abaf	2702
examples/org.eclipse.swt.snippets/previews/Snippet34.png	image	5e49995f4e03299ed3133f932d209792e6d6319a84390d848a4c2ad249d94bea	723
examples/org.eclipse.swt.snippets/previews/Snippet340.png	image	f94a7bae4605c70b5fae74f85160b2d6ef2748f381fb670f4a6a62cde91c26cd	1621
examples/org.eclipse.swt.snippets/previews/Snippet341.png	image	13f534164e8ea18e60cfff52974463d06c165e4c35dfd12870fcce49236d0e45	5540
examples/org.eclipse.swt.snippets/previews/Snippet342.png	image	7743ebbdc6a6e34b5a8e3b2b8ea37f31e5339878987d8dd2a4a89095aa5a34b1	729
examples/org.eclipse.swt.snippets/previews/Snippet343.png	image	a93b2fae69d177987ec5dada27cef572aa72966e2b95a053b0ff4df7771c4e47	5797
examples/org.eclipse.swt.snippets/previews/Snippet344.png	image	ecc81167737257399ce8970b77fe5652821b8790622f995965e9215c4f57a99c	990
examples/org.eclipse.swt.snippets/previews/Snippet345.png	image	8987f9b750aa3c5d29a7c21797360842feb8aea0deb3b3f6dafac2b332021cca	3090
examples/org.eclipse.swt.snippets/previews/Snippet346.png	image	c195ccc49a8a7e1db45a541b3f700bff2b656ec3bd140ad94d24c93ba72d2d29	772
examples/org.eclipse.swt.snippets/previews/Snippet347.png	image	54a1e48247655c576beb5eb369f461901f6d5e05139470ce4f42bba3e33272a0	1017
examples/org.eclipse.swt.snippets/previews/Snippet348.png	image	2fe71af2493fd20a797de2ab7bc1bd29940dc3d2b686f1b6934acb3f39c9e7fc	1404
examples/org.eclipse.swt.snippets/previews/Snippet349.png	image	a117953a86078cb563f6a1b03a2b85cfb52fce3968ce012295f25cbdfd9f6e10	3220
examples/org.eclipse.swt.snippets/previews/Snippet35.png	image	b902ba86fb650be0516df8a39fb7bc149f4f201b0809d210cb94f9e0de709edf	1503
examples/org.eclipse.swt.snippets/previews/Snippet350.png	image	74940a9be03a3c9877b79b82bc38d5a41d61d855b4aecdd7528fe2456b7b455f	1552
examples/org.eclipse.swt.snippets/previews/Snippet354.png	image	54a1e48247655c576beb5eb369f461901f6d5e05139470ce4f42bba3e33272a0	1017
examples/org.eclipse.swt.snippets/previews/Snippet355.png	image	4146e793223634aca0cf884d6b2f246b15d38bb638e6a47d44555958d270a0ec	8263
examples/org.eclipse.swt.snippets/previews/Snippet356.png	image	921817b596fb85d19c3107f8bcc532db274a7cb6b6fe128c3dda90bc0d226ab8	2817
examples/org.eclipse.swt.snippets/previews/Snippet357.png	image	ea22db32e650f037c67184364671ab5bd41081359c8fed7742e1499ee4b7cc87	2114
examples/org.eclipse.swt.snippets/previews/Snippet358.png	image	924c9aab58b0eb77bcf58cd06397169a551ccfaf5daeec13181cbcacb788bcc1	2906
examples/org.eclipse.swt.snippets/previews/Snippet359.png	image	a5a3476825a14320efedaada6fc8a740fd9b8b271cad9227867f184fc3a3b89a	771
examples/org.eclipse.swt.snippets/previews/Snippet36.png	image	0be239a36fd856be9ac64038e62e550cd4851478bd72e5d339fdf9c900fcac07	1228
examples/org.eclipse.swt.snippets/previews/Snippet360.png	image	54479d772cfe3731a7d5d199eb539e0996b280892e40f37470f4e5c5303b789d	2994
examples/org.eclipse.swt.snippets/previews/Snippet361.png	image	17d669ccfcb0addedc1b4f8822d8121d5e9620307f13de452cd111e83619da30	4061
examples/org.eclipse.swt.snippets/previews/Snippet362.png	image	8a4b3e186f9c87fa810b32b732872937612cd00819feb3cde64e7796381ff50c	264140
examples/org.eclipse.swt.snippets/previews/Snippet363.png	image	78b4462aa80588b73adb2e9988762c045ddc21c9000e6de7721e12df83f210b0	1452
examples/org.eclipse.swt.snippets/previews/Snippet364.png	image	0ff69f396ebc8f54101f61bd8bede020c20cd7d56debfec937d5459d31d173e5	3046
examples/org.eclipse.swt.snippets/previews/Snippet365.png	image	6fc4de9f671178d2d4742217b53911ff61de1bcb23d1c7d3ee505193e100b968	33350
examples/org.eclipse.swt.snippets/previews/Snippet366.png	image	0b3ec5699be01961d2242ba9e2c5b185c33272fa4b3be9cc75977bfff9612e0b	2012
examples/org.eclipse.swt.snippets/previews/Snippet367.png	image	5056ed6b99fda90c57a2bb1531513f2bc5ee20618a41eb787448807998e86315	18203
examples/org.eclipse.swt.snippets/previews/Snippet368.png	image	4d6480901ec2ed23a1d37c4ec9aee848aa3958a30323021d6a4a912a63ea5b50	1005
examples/org.eclipse.swt.snippets/previews/Snippet369.png	image	eadb2a1288a760841fcb23f1a0316663b9aa728c49b6ae2060f3163a0da6d9ab	1897
examples/org.eclipse.swt.snippets/previews/Snippet37.png	image	b551dc9197f6982a8149bb2d1ae4452f1c65a4612cffc5cc125d5469071cab4e	986
examples/org.eclipse.swt.snippets/previews/Snippet370.png	image	3b90f49c900dc587881dd91cd41cc3783e6794bf95d8eb14d14e0921aab3fb7c	102307
examples/org.eclipse.swt.snippets/previews/Snippet371.png	image	89b8f64979e7f93278d04c335d28586de2af1ed17dcc1c8744683fe0cbc68450	2239
examples/org.eclipse.swt.snippets/previews/Snippet372.png	image	b45df9be0c0c047ca31c451e66f813aa5b87edc08410d978747583cdf0f613ad	2605
examples/org.eclipse.swt.snippets/previews/Snippet373.png	image	5fc951c5546ea9817ce7e4b204dcb4241726edf151adb1f3eab6cdc608c05db1	10495
examples/org.eclipse.swt.snippets/previews/Snippet374.png	image	0a64d342f77784dac72c3b0120c7aeffcb5306374e58cbb1e3c7a0d9df80c5e8	1206
examples/org.eclipse.swt.snippets/previews/Snippet375.png	image	420b890ea8517d9f6434c9aeac5e602e346ca3f5bb70ef3f9d73876903524835	14650
examples/org.eclipse.swt.snippets/previews/Snippet376.png	image	f721379f767445400ebbf1cb510a32583a4687d62f91403e310c413822cc95d9	120502
examples/org.eclipse.swt.snippets/previews/Snippet377.png	image	b7ea367b17de06bbd8b23cd7bc8b55a932e2b830387cae92b8c274fcaa2d708f	15534
examples/org.eclipse.swt.snippets/previews/Snippet379.png	image	12e1d3b285619013397ffe16388e527250dc2dacf5ac9d3f0984dd540efb37fe	12342
examples/org.eclipse.swt.snippets/previews/Snippet38.png	image	2ee32add7b2b5b2656b9b47ccf973f79fe2abe8d01e7700cfb0634eaab783faf	4663
examples/org.eclipse.swt.snippets/previews/Snippet381.png	image	9ae07d682b4edbe6354559e2be33bb27c9b9f937a7b9c545ed3b0166105556f9	10826
examples/org.eclipse.swt.snippets/previews/Snippet382.png	image	d659ef4186fdf0345d55134cb7422f019232d22e8375a78e161253a5911edab1	72986
examples/org.eclipse.swt.snippets/previews/Snippet383.png	image	9f1e845ffbadcd5b93390a156c171161f8eb8232463e7fdff3d2d83d23bfc88c	5416
examples/org.eclipse.swt.snippets/previews/Snippet384.png	image	b19fb6af49c88f2a437d2d2964b90284418cfe40272caabde02ce44c15376e37	129017
examples/org.eclipse.swt.snippets/previews/Snippet385.png	image	ac2c01620c6ad9407d9e2f6a0824794c537cd6c0e5bd0e9bf09ec5d16ed7a7cb	80782
examples/org.eclipse.swt.snippets/previews/Snippet386.png	image	609d1ddae9d191c8dcb69c179e51f3206b6e025c960cb2353e6e237a0b0d3d8c	16224
examples/org.eclipse.swt.snippets/previews/Snippet387.png	image	358abf94981bc82e927a1630a10a6d9f6e970f1b9ef1fa916366e85fdd4b8e89	15382
examples/org.eclipse.swt.snippets/previews/Snippet388.png	image	c58465ab25712f16bbececa98e33941716e045f41c58ffc55cb4f5c40bb341fe	29143
examples/org.eclipse.swt.snippets/previews/Snippet389.png	image	72288861ef8ac76a3dce657448cb86d977d58c63e8258bb71af6906220e0fb84	61314
examples/org.eclipse.swt.snippets/previews/Snippet39.png	image	b0e3138b995d61cdf1e8604d7f98b9e227938101aea12100215de074137e2181	948
examples/org.eclipse.swt.snippets/previews/Snippet390.png	image	c5bdaef435a99080e1bd06c792a409b01237a4eba696dffe22cfc0e95309e81d	24188
examples/org.eclipse.swt.snippets/previews/Snippet4.png	image	70c3f9667707ece6241b012b821e9dec314ec621aaa59cf3142aa12e04143f21	1885
examples/org.eclipse.swt.snippets/previews/Snippet40.png	image	6ec7fe68f7ee1509799d6d89b85306ac222b7878e7d1970c039d1ec7902b2894	1831
examples/org.eclipse.swt.snippets/previews/Snippet41.png	image	e60958069351c4da652ad5c554be88bf3b9d03640be2e4a124a18929de5f5abe	2848
examples/org.eclipse.swt.snippets/previews/Snippet43.png	image	3532f086b59e57a98cd671caf77b7475b09dcaf27619588716465d2050b33f57	1498
examples/org.eclipse.swt.snippets/previews/Snippet44.png	image	f23db05c61d659e339b42202eeff10b27a70b9ae3464e0b5b808e385295996c2	2318
examples/org.eclipse.swt.snippets/previews/Snippet45.png	image	f826a5da0fa1741e0e75978a6a11c9bac6f9791026f20cabdb087ee764d5dd5f	1327
examples/org.eclipse.swt.snippets/previews/Snippet46.png	image	6a7a5b3ba9f137256c7d27e0e15cf4b94d1b605a3b3db1f5227b7845b88dcbe0	1412
examples/org.eclipse.swt.snippets/previews/Snippet47.png	image	4d00bdeb7b5edf40221d7dd4f8213f0a84c0e6b5d5b0ac91bcadb7422197b810	1194
examples/org.eclipse.swt.snippets/previews/Snippet48.png	image	81d4b6adf7f396e041f5c2bcc00ff47f3a3e6d62f34a85044e02dbf34cf3f836	1758
examples/org.eclipse.swt.snippets/previews/Snippet49.png	image	040ec77b41da154837c3b136b78507d72c523d7a39972c9bdd6dc330fcd84717	1880
examples/org.eclipse.swt.snippets/previews/Snippet5.png	image	db50ca95e2dd66618f25b044db62dad1fac3c8021f49153d88b5808fe2e97d29	2777
examples/org.eclipse.swt.snippets/previews/Snippet51.png	image	d6917f00868917d10187d6aa6342817d820946cc1ab416889fb874634ac382d8	2945
examples/org.eclipse.swt.snippets/previews/Snippet52.png	image	9034cef3b3310689e841a22afc893f0079be133a8680edbee54fc9112bc25edc	2148
examples/org.eclipse.swt.snippets/previews/Snippet53.png	image	77ecd1058057baab15bd8be61fe9a606729d1e6ce931cdb730ee36ed8b9712d9	2959
examples/org.eclipse.swt.snippets/previews/Snippet54.png	image	07885f0ae813036a215ce52bce2cbe91d770d7598f8bf0b0d069ddb6c1eb2feb	1539
examples/org.eclipse.swt.snippets/previews/Snippet55.png	image	dbaa4576e5ce506ff88c64c17f783219defd30c2825d7c8b42c59aa819c17851	728
examples/org.eclipse.swt.snippets/previews/Snippet56.png	image	bafd2b461122deac101b6422c845d385c7e4bd22f882e0bce3d17ba6a1f4c453	1132
examples/org.eclipse.swt.snippets/previews/Snippet57.png	image	31ec56f92586cfba10e46ad40d42cf6372629d83d0eb4db3e9694b2fdc5ef913	3584
examples/org.eclipse.swt.snippets/previews/Snippet58.png	image	d98a1625cde8c49006a18178d311802969c41b5badfd5ae2074455633ab18192	1977
examples/org.eclipse.swt.snippets/previews/Snippet59.png	image	dd89f6d5af366f79f107f07a98a617952aebc26b972c04f068b21ad0cbb7dddb	1309
examples/org.eclipse.swt.snippets/previews/Snippet6.png	image	aae36bf97af8650569f393c17a95ecab271d7050f10be15db5cdeb912e1560ee	2810
examples/org.eclipse.swt.snippets/previews/Snippet61.png	image	bd92f84ddf4f171eb1a90bc55ca793f6587d45c39174d4284cc27957b3c961e0	1593
examples/org.eclipse.swt.snippets/previews/Snippet63.png	image	1119538e1661f18894fef557a4f9d5639f15ae477c2c3877b7b5102a41fcff10	546
examples/org.eclipse.swt.snippets/previews/Snippet64.png	image	79bca313afe4c2cab20c57af4ec705de3901c38031d0219c9f960acdf886b13a	1271
examples/org.eclipse.swt.snippets/previews/Snippet65.png	image	b1a7ade058005f4a4322e54f07f08cbf920c83300d42cffebfc7c42ceeb773b3	2716
examples/org.eclipse.swt.snippets/previews/Snippet66.png	image	64f037140dda994d5a3b0feff17cc12b40cbf0d5a01d9c141ab154ee306c3f5b	2411
examples/org.eclipse.swt.snippets/previews/Snippet67.png	image	51816dc0e422b486a6927bea930121beb2248f5efbbe97a7074009880e288404	2232
examples/org.eclipse.swt.snippets/previews/Snippet68.png	image	0c094999c81587f8df874282b5ea247f1e3b6d0c564c34ba408d9a4d2f3e093b	1084
examples/org.eclipse.swt.snippets/previews/Snippet69.png	image	ea2424059a60f11c944dcc824e31f20cc91b0d6ba8c77c001e2f2792908b132b	1363
examples/org.eclipse.swt.snippets/previews/Snippet7.png	image	65e2246b7b667b76277e5532acb19d8def2997f6b85451b7ade5f928c682a5b4	1661
examples/org.eclipse.swt.snippets/previews/Snippet70.png	image	878779cad03bd71b7efab9f5fe6dac0fe65cb9c6cdb7b59377d67716004e0ed9	1214
examples/org.eclipse.swt.snippets/previews/Snippet71.png	image	9eeb4fa5551f0c4e2dfd5a89bffb46f2b6631b2caa02836b1a169a660a3ca745	980
examples/org.eclipse.swt.snippets/previews/Snippet73.png	image	5dff9d2899bc7f7e7d5060e8718e994140a4af7ba3c3037529dd98f1bcabf282	4892
examples/org.eclipse.swt.snippets/previews/Snippet74.png	image	91bf73e71fc889e3a8042be5ffa6f99ca8a50edfcd91224cb6c3e497e08ed788	1132
examples/org.eclipse.swt.snippets/previews/Snippet75.png	image	6f64ad542943f169a193d6862aae6bdde859c8d5fc5b015ce4bbb2c97d7b1146	3105
examples/org.eclipse.swt.snippets/previews/Snippet76.png	image	efd07e2b54ff98debcdbedcf497383b6ecc39128a0b2e2d5a39468141f524c58	2364
examples/org.eclipse.swt.snippets/previews/Snippet77.png	image	125060a36c482a85c0a02ebb419433f2837878d61cbcbaea8139cc7421c32c76	3539
examples/org.eclipse.swt.snippets/previews/Snippet78.png	image	f2419e5f2a289e223db295deec37077d2424dfcad109a13749eb1344d042c891	1122
examples/org.eclipse.swt.snippets/previews/Snippet79.png	image	820cb48c57ed3e73fb73a780852229c013771757c8da617c11c865500164e2b4	1765
examples/org.eclipse.swt.snippets/previews/Snippet8.png	image	85a9d3ab271d8cf952c125a91555e6e8dab0ad98ed9aee646bc31d9d1fbc89c7	4427
examples/org.eclipse.swt.snippets/previews/Snippet80.png	image	72e8d86cadcaf3952b1aba0108781a5335eee918351d536da5c8714ba036655e	1976
examples/org.eclipse.swt.snippets/previews/Snippet82.png	image	3d9a50ede8ae7bee2cd149781c42895c48f7a85dab789a6be58829a37bb62ec9	2393
examples/org.eclipse.swt.snippets/previews/Snippet83.png	image	7d27af87c9f65a1a6e949c287e87e4b2fe38fc29691e03d0ad0cddd00cf703f7	2423
examples/org.eclipse.swt.snippets/previews/Snippet84.png	image	2e24547bb74517e10847ab420d48878730d60aa45573e889a5f4253826ba4238	2429
examples/org.eclipse.swt.snippets/previews/Snippet88.png	image	81a6b827df94e3e44c87e42ad3bd809a0e51ddedbdb5b724a55295e14e73884b	2460
examples/org.eclipse.swt.snippets/previews/Snippet89.png	image	2d1ff8da240a0f8b0fc8d6d7e77bff7171e91556eb4696fda8878a0a600d8ddc	2197
examples/org.eclipse.swt.snippets/previews/Snippet9.png	image	c09a6c585d184312ea2e7b8ef632aebb8644795dd38176cc450e7a22d7d70702	2715
examples/org.eclipse.swt.snippets/previews/Snippet90.png	image	35387155c97add6fe93ca9775e61e17023bc68842067f364ca90819d8eec17eb	2257
examples/org.eclipse.swt.snippets/previews/Snippet91.png	image	db036584c37d42eab73ba0174c0aba9378f0b7a7ee6aff1b55decd41f18942a3	2130
examples/org.eclipse.swt.snippets/previews/Snippet93.png	image	074899ba4be55bcb249df39813753da6c2474892e3e1f65678c76cd8412b8053	1140
examples/org.eclipse.swt.snippets/previews/Snippet94.png	image	dca0e97509e1c3a0a160cdcdfe9f4dc4bd3ba0ea83fd3543aa0174371edf9d03	1465
examples/org.eclipse.swt.snippets/previews/Snippet95.png	image	c5ebfea4f38263ca95405a87c666e8760154a5c2811607c13b4ec2a4cb678fc2	1620
examples/org.eclipse.swt.snippets/previews/Snippet96.png	image	4c19f336db67e57d5347133ff47f98d5855b44319ba36da3ba00a8a2c7327399	5231
examples/org.eclipse.swt.snippets/previews/Snippet97.png	image	cc4e8cb85667eace4363a8cbe6db71fa643c178927986c9c558eabab56ef3efb	2269
examples/org.eclipse.swt.snippets/previews/Snippet98.png	image	bf5f0d698cf4334a14080adc6de057487263d6744b4e5eb16bfb50e7ce58b240	1999
examples/org.eclipse.swt.snippets/previews/Snippet99.png	image	9ab074d4e15cc147c8d0b87d9debe33159147a3a689b314d69c7ae131631ce28	1168
examples/org.eclipse.swt.snippets/resources/Snippet384/images/aaa_linear_gradient_255x32.png	image	bf4b054b95fdb35593de99d1b41a32a8832df0510bafbea37cd6c18ccfd4f4ce	396
examples/org.eclipse.swt.snippets/resources/Snippet384/images/battery-charge-level-75-percent-icon.png	image	f66fcde5a3ed1ef984bd0a6ce201fd704d0cc25dc2997ae4f47c9176fb6beb5c	388
examples/org.eclipse.swt.snippets/resources/Snippet384/images/checkmark-male-user-color-icon.png	image	037d7582f818c3531e55eaeab9661ba692e412e4c7ce0deaf9fc8e3f595e6576	1595
examples/org.eclipse.swt.snippets/resources/Snippet384/images/civil-icon.png	image	36ded604cd761a51f80c77daa71d8a4a51caa3f37491d2b983a01bb79b32f326	990
examples/org.eclipse.swt.snippets/resources/Snippet384/images/color-wheel-icon.png	image	e522723872476478d6eadedac5aa8d09244a2d134ffc6bd6c5d210b6e6cdef06	1185
examples/org.eclipse.swt.snippets/resources/Snippet384/images/coreldraw-icon.png	image	c19292e7c7bddc36bcf6f6b6606d6b64935c2f470ed71ba4ae63416c075f3460	1789
examples/org.eclipse.swt.snippets/resources/Snippet384/images/electric-switch-color-icon.png	image	763564089213245794f342a1dc8c55c63a41e14f1cf2910bb2bf74ea47d69c8d	480
examples/org.eclipse.swt.snippets/resources/Snippet384/images/file-manager-icon.png	image	3d40cf34db5e4de87ff3906e1df2038f6960ae051df6b7d473cc021f8aafaff2	381
examples/org.eclipse.swt.snippets/resources/Snippet384/images/magnet-magnetic-icon.png	image	6fb0c8fd2932468cfb445d29dc1247c4a747616f18a3f515c0e7c12452071676	1393
examples/org.eclipse.swt.snippets/resources/Snippet384/images/man-woman-toilet-color-icon.png	image	4cd5b5f1987c37b074abd6bfad6275373c156f485d8239d24966bebd34ecc311	837
examples/org.eclipse.swt.snippets/resources/Snippet384/images/medal-color-icon.png	image	946fe0b8ab33357ed4938df45e71073cb2e7cb5add0c8b005f6094965a573a5f	1341
examples/org.eclipse.swt.snippets/resources/Snippet384/images/message-bubble-white-icon.png	image	119133a92d76b8262756d35c2f76cb3815b2bae89276fc4723461fe1e93a74c5	429
examples/org.eclipse.swt.snippets/resources/Snippet384/images/padlock-icon.png	image	1914d8e11645bc778bcb75faf60f21b2ba612ebdb330aa5502661ab6ce21f979	760
examples/org.eclipse.swt.snippets/resources/Snippet384/images/pig-piggy-color-icon.png	image	dc1ddd98e7da2910eb74071dbd8b72548783571ff7ff93acb92d8273049956ef	1332
examples/org.eclipse.swt.snippets/resources/Snippet384/images/piggy-saving-euro-icon.png	image	5336b8388b2943dd51cc81c11d2359dbd0416da23747736a7f56547773541bfc	1272
examples/org.eclipse.swt.snippets/resources/Snippet384/images/rooster-color-icon.png	image	5f7877f67aca8c07de03cedd964b0d781a073776d184e8db81482b603c0986ba	1332
examples/org.eclipse.swt.snippets/resources/Snippet384/images/science-atom-icon.png	image	c0be70d83303acad14e04facdeeb7b8135104bfb68ad95d0ade4983ea24c47f4	1209
examples/org.eclipse.swt.snippets/resources/Snippet385/black.jpg	image	de9d4b9b893fc83f130472b9abb5df8a19b0d0f46d4ebabeb7a253d46f07bd4a	8797
examples/org.eclipse.swt.snippets/resources/Snippet385/red.jpeg	image	c0d924f831cf878f8446fbddfa7754de21d823a35027d35f51d8f2cb0dc3b711	1220168
examples/org.eclipse.swt.snippets/resources/Snippet389/workset_wiz150.png	image	92bf049073d62de4b44cdc4bdb50cc289e8bc48add9529d21753dbc4cf0e02c6	11796
examples/org.eclipse.swt.snippets/resources/Snippet389/workset_wiz300.png	image	b16267fafb2daf7a0695bc4e9a9e00bbfd6ce8a621103743b9160b64e29c18c5	28601
examples/org.eclipse.swt.snippets/src/org/eclipse/swt/snippets/eclipse.png	image	91be5a2344ec2b1c69fc8ecc4326733d85761bfc2c8dd0c4ee5ff011dff1ae11	3353
examples/org.eclipse.swt.snippets/src/org/eclipse/swt/snippets/eclipse.svg	image	a2deabd65df15462a30d569d4b95807ab11a82fab5291f52b43f718a024453c9	8975
examples/org.eclipse.swt.snippets/src/org/eclipse/swt/snippets/eclipse16.png	image	fc9dd1be61a5698b8fa67ea02fbcab0a8864219de034db61df3b4728c1a3709d	664
examples/org.eclipse.swt.snippets/src/org/eclipse/swt/snippets/eclipse24.png	image	e4646b8e9fcad53d00b3dd7586c7f4d4143659ce0a358b7a193948d51720c0c2	1813
examples/org.eclipse.swt.snippets/src/org/eclipse/swt/snippets/eclipse32.png	image	92d03ce590ddd12603c5b7279f35699e90136dd1f3cd3bc1ef1e98f05921092e	2233
examples/org.eclipse.swt.snippets/src/org/eclipse/swt/snippets/pause.gif	image	a569f5b865426a942b0888742fe17d7bde37622137ab462146637adafdd2143c	338
examples/org.eclipse.swt.snippets/src/org/eclipse/swt/snippets/run.gif	image	7f819323fcfed56d9589595fa38f8559b5d5490772d0fbf4801bfd534b0bd8f9	122
examples/org.eclipse.swt.snippets/src/org/eclipse/swt/snippets/warning.gif	image	972f8f85ad6f72013a4430f6fd7077a709e656ef47523e50455a025028ac2ae0	152
tests/org.eclipse.swt.tests.cocoa/ManualNativeCTests/Issue0351_EventKeyCode.mm	native	a9c468b49b7f65950396e7cb8d4507211c566abb77e0463c7d8cf9e28d734378	7858
tests/org.eclipse.swt.tests.gtk/ManualNativeCTests/BugSnippets/Bug_395296_Toolbar_Width.c	native	1f94b0585fb1a619936693d67149b90841bb67a8964bd8467701e5dee19c9bd6	4019
tests/org.eclipse.swt.tests.gtk/ManualNativeCTests/BugSnippets/Bug_464228_ComboBox.c	native	d1ffb5c89439b20bcc1146b5d981702131dda0bd373c339603c504a357220558	1886
tests/org.eclipse.swt.tests.gtk/ManualNativeCTests/BugSnippets/Bug_534179_Tree_Column_Warning.c	native	dcf970652b099fc99ec66eabcedeb01050c044786f2844dd1b0a7dad6131ed7b	3072
tests/org.eclipse.swt.tests.gtk/ManualNativeCTests/BugSnippets/Bug_535083_Set_Region_Black_Out.c	native	9b059b11712514cc5605e8bef15f52577c797dce714eefa61fc84ea834260a1d	2180
tests/org.eclipse.swt.tests.gtk/ManualNativeCTests/BugSnippets/Bug_535538_Shell_Auto_Max.c	native	f2d4c471c14923b8c28ccc7870a762e5a225ca67b5bb869ee3f10f20dffd34a4	1489
tests/org.eclipse.swt.tests.gtk/ManualNativeCTests/BugSnippets/Bug_541427_TreeHeaderNotVisible.cpp	native	ee618690537cd1db4338b23dc1ab1fb40c0400ce9fabdaa5f3b61d16260afcb3	2432
tests/org.eclipse.swt.tests.gtk/ManualNativeCTests/BugSnippets/Bug_545587_TooltipColor.cpp	native	fd3192d1bdb87cf104f639a5d0331946e56396f263ae75d0bf2450811061946e	12309
tests/org.eclipse.swt.tests.gtk/ManualNativeCTests/BugSnippets/Issue0351_EventKeyCode.cpp	native	d6ce47ae0edc813106925cb98ab239d0edb81a5eb6d4c5fe4a210e90123edd4c	1886
tests/org.eclipse.swt.tests.gtk/ManualNativeCTests/BugSnippets/Issue0400_WaylandDndEvents.cpp	native	c2b85bed07564b9141dc348b8852b4b852a42d8d60b036c9e9d6a86753df26b7	9455
tests/org.eclipse.swt.tests.gtk/ManualNativeCTests/SwtFixed_native/GTK3/os_custom.c	native	3447b7bddd19fa0f481c28e4899aa9372dbd28edfd8d035e931b55d0e41fce46	15056
tests/org.eclipse.swt.tests.gtk/ManualNativeCTests/SwtFixed_native/GTK3/os_custom.h	native	a9306a2b3e5fe11ec7368698e746b47d7fbb173aa77d2521cec8ce562c26f41e	2065
tests/org.eclipse.swt.tests.gtk/ManualNativeCTests/SwtFixed_native/GTK3/simple_button_app.c	native	7ae956ecb3300cc886442aa8cdec96f20fcbbb7124e9658941f71c7a270ba64d	2123
tests/org.eclipse.swt.tests.gtk/ManualNativeCTests/SwtFixed_native/GTK4/os_custom.c	native	dd9281fe6d7171592aea3128c1674d814d9f20eecc0e541c8310707e351b084a	10001
tests/org.eclipse.swt.tests.gtk/ManualNativeCTests/SwtFixed_native/GTK4/os_custom.h	native	0dc1103087a27af6f9e4b24ac82e802a89bc4670dd6788618d3c6d81423c17f6	1877
tests/org.eclipse.swt.tests.gtk/ManualNativeCTests/SwtFixed_native/GTK4/simple_button_app.c	native	1af8a6c2396111a120b267a4d753ba4ccfe35e51d55940f1416e47305729cd93	2002
tests/org.eclipse.swt.tests.gtk/images/map.png	image	77e650e6246568f053c546331bbb1f7a32a6c24ebbc50db279342d712ccdde2a	33326
tests/org.eclipse.swt.tests.gtk/images/next_nav.gif	image	51746cb535ee555634c2b70e5a2a9644f4ba775d4ed3ddd4be52abee482754c4	375
tests/org.eclipse.swt.tests.gtk/images/next_nav_dis.gif	image	aa41d7741aed8db20ae415763732ca6ac3a0ff376a66a37b1c2a437c1f69ae8d	244
tests/org.eclipse.swt.tests.gtk/images/red_hat_fedora.svg	image	ed137660f1aa43d4c8436a58754376b19535766f12813503d9806d54a5ee2971	1010
tests/org.eclipse.swt.tests.gtk/images/save.png	image	e98ee92ee26fe6696a153ed073f42904ad79d183e467e5471300701e319c5dc1	657
tests/org.eclipse.swt.tests.win32/ManualNativeCTests/Issue0351_EventKeyCode.cpp	native	8e6ddd45bee79ddc15b8a2e9acab9d9e4c88013fd14b8391fac13b2c3913349a	7844
tests/org.eclipse.swt.tests.win32/ManualNativeCTests/Issue0448_StyledTextAccessibilityDisposed.cpp	native	f84268bd015b7f66412cc16ff119f899dc21b4b38b679c443192de2c1acebf85	10982
tests/org.eclipse.swt.tests.win32/ManualTests/org/eclipse/swt/tests/win32/snippets/eclipse.svg	image	a2deabd65df15462a30d569d4b95807ab11a82fab5291f52b43f718a024453c9	8975
tests/org.eclipse.swt.tests/JUnit Tests/org/eclipse/swt/tests/junit/collapseall.png	image	142f3e46340a5448402d80e796fb1e2e006e4c21164a8e02040a6960abfe3e76	360
tests/org.eclipse.swt.tests/JUnit Tests/org/eclipse/swt/tests/junit/collapseall.svg	image	77f0e3ef6b2a8ba52b881c10aad7907ff54ffcce107156155dd3d0da1fc7b100	9085
tests/org.eclipse.swt.tests/JUnit Tests/org/eclipse/swt/tests/junit/collapseall@1.5x.png	image	ae4515d2a0fc3dde25a4f697ecd734b0e886d3ccecce1e785fda1f29e3f5b6cc	551
tests/org.eclipse.swt.tests/JUnit Tests/org/eclipse/swt/tests/junit/collapseall@2x.png	image	65a660c6d3ed186f7c3ebd7e0204ffec18634b0cbd4931c51cc0e33437ceb1a9	483
tests/org.eclipse.swt.tests/JUnit Tests/org/eclipse/swt/tests/junit/corrupt.bmp	image	f62c6fdb4735395aa677f7bb177100e6b945483eb5a08f0e3678e6ac7f5c64ba	1441
tests/org.eclipse.swt.tests/JUnit Tests/org/eclipse/swt/tests/junit/corrupt.gif	image	f25073cf8176dc61555cc0d3e9378264a45d72b46cb3f2cb73d167a2aa3d8d84	7
tests/org.eclipse.swt.tests/JUnit Tests/org/eclipse/swt/tests/junit/corrupt.jpg	image	6e568e1f67fba258184c78181539e5e8fdee447e49bb706fc0ea34fbf12336a5	3
tests/org.eclipse.swt.tests/JUnit Tests/org/eclipse/swt/tests/junit/corrupt.png	image	843ac23b1736b4487ec81cf7c07ddd9bb46ae5b7818c2c3843d99d62fa75f3c9	9
tests/org.eclipse.swt.tests/JUnit Tests/org/eclipse/swt/tests/junit/corrupt.svg	image	da3ca48d119e6cfd8a81cb61a31d281c5d4a83ba82ab7513573c5bfdf3a0992a	8610
tests/org.eclipse.swt.tests/JUnit Tests/org/eclipse/swt/tests/junit/corruptBadBitDepth.png	image	4fecd3c0d756bebfced4e00c9db203a2af8655db29b503d822a50e191c483fdb	145
tests/org.eclipse.swt.tests/JUnit Tests/org/eclipse/swt/tests/junit/folder.bmp	image	b28375ad5489325dddeb5aad7f35905bf9f61db60bb9ace9b692693a7947118d	1438
tests/org.eclipse.swt.tests/JUnit Tests/org/eclipse/swt/tests/junit/folder.gif	image	480996f124002009906f80ab38dcd7da99b1eccdc213441a77b6d088ff6bf1ea	898
tests/org.eclipse.swt.tests/JUnit Tests/org/eclipse/swt/tests/junit/folder.jpg	image	f1a38e85f077c0b24ff659e4f1b88c0e94a11010c51c33a94640f109cd9e96e2	783
tests/org.eclipse.swt.tests/JUnit Tests/org/eclipse/swt/tests/junit/folder.png	image	8be68391196808195e0daee1d18e2015a40d461ff51fab398430ff920243ad35	921
tests/org.eclipse.swt.tests/JUnit Tests/org/eclipse/swt/tests/junit/folderOpen.bmp	image	84b51931cac5ddae5a62784193400355c3df58f28163f4a40e92bf39b29aa122	1438
tests/org.eclipse.swt.tests/JUnit Tests/org/eclipse/swt/tests/junit/folderOpen.gif	image	ee6380a8164789e1ee163a749d7840d568042a2c88a138a55d12a5eeb08e4bd8	905
tests/org.eclipse.swt.tests/JUnit Tests/org/eclipse/swt/tests/junit/folderOpen.jpg	image	98fc8640d4615921e2ee0aece418ca3c10f53eaae7385ed4613659bfc33b38ab	844
tests/org.eclipse.swt.tests/JUnit Tests/org/eclipse/swt/tests/junit/folderOpen.png	image	9bd3ef1a19d0874e70e535608be85f2cd9bfa2bde5f68869e9dc1d88f3766ab4	937
tests/org.eclipse.swt.tests/JUnit Tests/org/eclipse/swt/tests/junit/interlaced_target.png	image	50e9e64f63b1792bf688a532cd9e4904fc157165dba6f6a13641fdfc553567b9	619
tests/org.eclipse.swt.tests/JUnit Tests/org/eclipse/swt/tests/junit/target.bmp	image	89e3e1488ebfad31f9e5ec3db1c1cc4afa5a596705cfae14ec10c88081520693	1654
tests/org.eclipse.swt.tests/JUnit Tests/org/eclipse/swt/tests/junit/target.gif	image	07bee5fb770401180a07dd1b6e42ea2653aee76da6e542d453db8d4cd6f04c89	972
tests/org.eclipse.swt.tests/JUnit Tests/org/eclipse/swt/tests/junit/target.jpg	image	85c0bad98b1746db16b57ff0cd45f83a528d5e18d1853020e43179174177b875	987
tests/org.eclipse.swt.tests/JUnit Tests/org/eclipse/swt/tests/junit/target.png	image	56fb855dbd1665d1fefd14c7ade03bedaa1b5f18c751f541703919a6ac313746	980
tests/org.eclipse.swt.tests/JUnit Tests/org/eclipse/swt/tests/junit/tc_empty.gif	image	060674fe3aa2499022909bfa809d8febba040a5d78a579078715db7258fa316e	835
tests/org.eclipse.swt.tests/JUnit Tests/org/eclipse/swt/tests/junit/transparent.png	image	a9d8fba83c582b58f72fe1c042f830f93f82e46fa8e34c6309da6e2a8e50c31b	354
tests/org.eclipse.swt.tests/ManualTests/org/eclipse/swt/tests/manual/Bug577879_JvmCrash_16bppGrayscalePng.png	image	8862d45b31ca02bfab5106c3fe200dbefc3e76f57d04c3c6fad3a804c0375c0c	5596
tests/org.eclipse.swt.tests/ManualTests/org/eclipse/swt/tests/manual/gear_icon1.png	image	2ec9ad75390ba47df64672d46ee891376bc92941bc0aa3cf1893bc257a34a52d	635
tests/org.eclipse.swt.tests/data/Bug576334_32bpp_BMP_Colors.bmp	image	c049b310d1dc92dcc00bcee693cc60a0af485894037a38d810a977cb44d41bd3	16522
tests/org.eclipse.swt.tests/data/eclipse.png	image	91be5a2344ec2b1c69fc8ecc4326733d85761bfc2c8dd0c4ee5ff011dff1ae11	3353
tests/org.eclipse.swt.tests/data/eclipse16.png	image	fc9dd1be61a5698b8fa67ea02fbcab0a8864219de034db61df3b4728c1a3709d	664
tests/org.eclipse.swt.tests/data/eclipse24.png	image	e4646b8e9fcad53d00b3dd7586c7f4d4143659ce0a358b7a193948d51720c0c2	1813
tests/org.eclipse.swt.tests/data/eclipse32.png	image	92d03ce590ddd12603c5b7279f35699e90136dd1f3cd3bc1ef1e98f05921092e	2233
tests/org.eclipse.swt.tests/data/pause.gif	image	a569f5b865426a942b0888742fe17d7bde37622137ab462146637adafdd2143c	338
tests/org.eclipse.swt.tests/data/run.gif	image	7f819323fcfed56d9589595fa38f8559b5d5490772d0fbf4801bfd534b0bd8f9	122
tests/org.eclipse.swt.tests/data/transparent.png	image	a9d8fba83c582b58f72fe1c042f830f93f82e46fa8e34c6309da6e2a8e50c31b	354
tests/org.eclipse.swt.tests/data/warning.gif	image	972f8f85ad6f72013a4430f6fd7077a709e656ef47523e50455a025028ac2ae0	152
