ordinal	kind	start	end	depth	sha256	payload-base64
0	PREPROCESSOR	0	636	0	68a1c86e628e8ca233422d6ed0b1fa6164a4473491128a748d06d04766861831	LyoqKioqKioqKioqKioqKioqKioqKioqKioqKioqKioqKioqKioqKioqKioqKioqKioqKioqKioqKioqKioqKioqKioqKioqKioqKioqKioKICogQ29weXJpZ2h0IChjKSAyMDAwLCAyMDI1IElCTSBDb3Jwb3JhdGlvbiBhbmQgb3RoZXJzLgogKgogKiBUaGlzIHByb2dyYW0gYW5kIHRoZSBhY2NvbXBhbnlpbmcgbWF0ZXJpYWxzCiAqIGFyZSBtYWRlIGF2YWlsYWJsZSB1bmRlciB0aGUgdGVybXMgb2YgdGhlIEVjbGlwc2UgUHVibGljIExpY2Vuc2UgMi4wCiAqIHdoaWNoIGFjY29tcGFuaWVzIHRoaXMgZGlzdHJpYnV0aW9uLCBhbmQgaXMgYXZhaWxhYmxlIGF0CiAqIGh0dHBzOi8vd3d3LmVjbGlwc2Uub3JnL2xlZ2FsL2VwbC0yLjAvCiAqCiAqIFNQRFgtTGljZW5zZS1JZGVudGlmaWVyOiBFUEwtMi4wCiAqKioqKioqKioqKioqKioqKioqKioqKioqKioqKioqKioqKioqKioqKioqKioqKioqKioqKioqKioqKioqKioqKioqKioqKioqKioqKioqLwoKLyogTm90ZTogVGhpcyBmaWxlIHdhcyBhdXRvLWdlbmVyYXRlZCBieSBvcmcuZWNsaXBzZS5zd3QudG9vbHMuaW50ZXJuYWwuSk5JR2VuZXJhdG9yICovCi8qIERPIE5PVCBFRElUIC0geW91ciBjaGFuZ2VzIHdpbGwgYmUgbG9zdC4gKi8KCiNpbmNsdWRlICJzd3QuaCIK
1	PREPROCESSOR	636	662	0	7c527ecbec181ddcbce513307b611328a2ea10ff1abdefd8e07827fcf8d979f7	I2luY2x1ZGUgImd0azNfc3RydWN0cy5oIgo=
2	PREPROCESSOR	662	686	0	3be9986b4c4f61859ae88c3b68a42fb5c2b6da13553b963076baf89533def4e5	I2luY2x1ZGUgImd0azNfc3RhdHMuaCIK
3	PREPROCESSOR	686	710	0	2d12acc5895aaab81467e7607e221a2034431623c8f93e91fa9318a560d0abeb	I2luY2x1ZGUgIm9zX3N0cnVjdHMuaCIK
4	PREPROCESSOR	710	731	0	9d2c27117f931ba7dd24836f2b206d1254390375dec4808b246b4bf038733fb1	CiNpZm5kZWYgR1RLM19OQVRJVkUK
5	PREPROCESSOR	731	804	0	4af1b3b72b711952e5387da3df20622bf4113187dae795ae56c95c71ad9ced99	I2RlZmluZSBHVEszX05BVElWRShmdW5jKSBKYXZhX29yZ19lY2xpcHNlX3N3dF9pbnRlcm5hbF9ndGszX0dUSzNfIyNmdW5jCg==
6	PREPROCESSOR	804	811	0	9a349bbd1a21104f051e34b2c8a9e70cc7fbb50bc19a67781f2a140c386d9438	I2VuZGlmCg==
7	PREPROCESSOR	811	826	0	02ad66e4edcb58f9dcce2125c273677e0528ffa10333cf47499fd422f58700a9	CiNpZmRlZiBfV0lOMzIK
8	PREPROCESSOR	826	924	0	e45025baf96bfb1438a08cb2f2124a2f8c95de5484000985b1dfbdc0f4a30f80	ICAvKiBNYW55IG1ldGhvZHMgZG9uJ3QgdXNlIHRoZWlyICdlbnYnIGFuZCAndGhhdCcgYXJndW1lbnRzICovCiAgI3ByYWdtYSB3YXJuaW5nIChkaXNhYmxlOiA0MTAwKQo=
9	PREPROCESSOR	924	931	0	9a349bbd1a21104f051e34b2c8a9e70cc7fbb50bc19a67781f2a140c386d9438	I2VuZGlmCg==
10	PREPROCESSOR	931	963	0	a1a6e2afc5df4bd3bcb5cd86634c12609440183600ff62ccb72862e4b83c910a	CiNpZm5kZWYgTk9fR1RLXzFJU18xTUVOVV8xSVRFTQo=
11	FUNCTION_OPEN	963	1064	0	4a86c70773a74c8f1884f5846744aef81bdf976efc65ea43c28d0e16e5642e47	Sk5JRVhQT1JUIGpib29sZWFuIEpOSUNBTEwgR1RLM19OQVRJVkUoR1RLXzFJU18xTUVOVV8xSVRFTSkKCShKTklFbnYgKmVudiwgamNsYXNzIHRoYXQsIGpsb25nIGFyZzApCns=
12	STATEMENT	1064	1082	1	6e389c725127046540fa228f0aca981232172a088ed5b7d88f2be6db7346caa1	CglqYm9vbGVhbiByYyA9IDA7
13	STATEMENT	1082	1139	1	a7e30f92b894222e580696d503e6ffa2a95e89d31f7df16935fa9d6c8eaee321	CglHVEszX05BVElWRV9FTlRFUihlbnYsIHRoYXQsIEdUS18xSVNfMU1FTlVfMUlURU1fRlVOQyk7
14	STATEMENT	1139	1179	1	f69b0da4f63816d925e71d437b8fb4672f4e01b1388f19190ffbd0e30e43e0a3	CglyYyA9IChqYm9vbGVhbilHVEtfSVNfTUVOVV9JVEVNKGFyZzApOw==
15	STATEMENT	1179	1235	1	9c6f823d5bebd85fcbe4e87fda2f4d838b0eecea1bdb7d18eb566cce9cf1aed2	CglHVEszX05BVElWRV9FWElUKGVudiwgdGhhdCwgR1RLXzFJU18xTUVOVV8xSVRFTV9GVU5DKTs=
16	STATEMENT	1235	1247	1	a028c9c9501df4846ec72c7b4432d4a3cb499b36b781bb1c38853498151d0ba7	CglyZXR1cm4gcmM7
17	FRAGMENT	1247	1248	1	01ba4719c80b6fe911b091a7c05124b64eeece964e09c058ef8f9805daca546b	Cg==
18	BLOCK_CLOSE	1248	1249	0	d10b36aa74a59bcf4a88185837f658afaf3646eff2bb16c3928d0e9335e945d2	fQ==
19	PREPROCESSOR	1249	1257	0	626de321eb397f6600939892a0009f31bc378f7e886f9acc5ec0af18db6a99a7	CiNlbmRpZgo=
20	PREPROCESSOR	1257	1285	0	49a90064950be7574051a66f537c1573ba9c57c1c8fedaa525fa5a367318c1b5	CiNpZm5kZWYgTk9fR1RLXzFUWVBFXzFNRU5VCg==
21	FUNCTION_OPEN	1285	1367	0	93f95fa2c3a87653a6a14302c2acabe2c1d3acb8f091f3228992ddd45e171bd7	Sk5JRVhQT1JUIGpsb25nIEpOSUNBTEwgR1RLM19OQVRJVkUoR1RLXzFUWVBFXzFNRU5VKQoJKEpOSUVudiAqZW52LCBqY2xhc3MgdGhhdCkKew==
22	STATEMENT	1367	1382	1	3411ceb5951bc52321d8d6cf00df310a159211846b0264e08db2a18b94173633	CglqbG9uZyByYyA9IDA7
23	STATEMENT	1382	1435	1	279e30d2135c3e9ac683c403bedcf847d2edc528f50bbd440843779bc095efd7	CglHVEszX05BVElWRV9FTlRFUihlbnYsIHRoYXQsIEdUS18xVFlQRV8xTUVOVV9GVU5DKTs=
24	STATEMENT	1435	1463	1	f6c90488e47dd1d7742bf3bb4692f156b43beccdf822d310049750709bfd0ba6	CglyYyA9IChqbG9uZylHVEtfVFlQRV9NRU5VOw==
25	STATEMENT	1463	1515	1	6b510dff021f71ae764617e203fb6cae49c23a25d622e0cf548004e96ca2c90f	CglHVEszX05BVElWRV9FWElUKGVudiwgdGhhdCwgR1RLXzFUWVBFXzFNRU5VX0ZVTkMpOw==
26	STATEMENT	1515	1527	1	a028c9c9501df4846ec72c7b4432d4a3cb499b36b781bb1c38853498151d0ba7	CglyZXR1cm4gcmM7
27	FRAGMENT	1527	1528	1	01ba4719c80b6fe911b091a7c05124b64eeece964e09c058ef8f9805daca546b	Cg==
28	BLOCK_CLOSE	1528	1529	0	d10b36aa74a59bcf4a88185837f658afaf3646eff2bb16c3928d0e9335e945d2	fQ==
29	PREPROCESSOR	1529	1537	0	626de321eb397f6600939892a0009f31bc378f7e886f9acc5ec0af18db6a99a7	CiNlbmRpZgo=
30	PREPROCESSOR	1537	1572	0	daaa2d6888dc46336039096aaab4e119ae1b72604bb98b7f0882d40171da4af1	CiNpZm5kZWYgTk9fR2RrRXZlbnRCdXR0b25fMXNpemVvZgo=
31	FUNCTION_OPEN	1572	1660	0	fa4cf453ea61712f2e7bb349477bececb612990baafce5ecd42055ee590e6f00	Sk5JRVhQT1JUIGppbnQgSk5JQ0FMTCBHVEszX05BVElWRShHZGtFdmVudEJ1dHRvbl8xc2l6ZW9mKQoJKEpOSUVudiAqZW52LCBqY2xhc3MgdGhhdCkKew==
32	STATEMENT	1660	1674	1	ab2eac128ef6225b35f40b35e2bd8fba39be8b3b6b281960b3c51646eba99890	CglqaW50IHJjID0gMDs=
33	STATEMENT	1674	1734	1	674627b894868e1b623533c307952f1abe5d42e5a8d0d63fc96e125dbf705c0d	CglHVEszX05BVElWRV9FTlRFUihlbnYsIHRoYXQsIEdka0V2ZW50QnV0dG9uXzFzaXplb2ZfRlVOQyk7
34	STATEMENT	1734	1771	1	515cff2a54f49763630b1bce98ccaa4147291600daf9eb72cc9c1604f3fbb575	CglyYyA9IChqaW50KUdka0V2ZW50QnV0dG9uX3NpemVvZigpOw==
35	STATEMENT	1771	1830	1	dc1ae625479d234c7b0a3a75f2cad8425986330328fa14ebb4367efc0e7d8f2a	CglHVEszX05BVElWRV9FWElUKGVudiwgdGhhdCwgR2RrRXZlbnRCdXR0b25fMXNpemVvZl9GVU5DKTs=
36	STATEMENT	1830	1842	1	a028c9c9501df4846ec72c7b4432d4a3cb499b36b781bb1c38853498151d0ba7	CglyZXR1cm4gcmM7
37	FRAGMENT	1842	1843	1	01ba4719c80b6fe911b091a7c05124b64eeece964e09c058ef8f9805daca546b	Cg==
38	BLOCK_CLOSE	1843	1844	0	d10b36aa74a59bcf4a88185837f658afaf3646eff2bb16c3928d0e9335e945d2	fQ==
39	PREPROCESSOR	1844	1852	0	626de321eb397f6600939892a0009f31bc378f7e886f9acc5ec0af18db6a99a7	CiNlbmRpZgo=
40	PREPROCESSOR	1852	1889	0	224ccf4151096af887681a9771bed6f39f74c21dc5a4a147543c4ef8894dbb2c	CiNpZm5kZWYgTk9fR2RrRXZlbnRDcm9zc2luZ18xc2l6ZW9mCg==
41	FUNCTION_OPEN	1889	1979	0	bc41c2aac577e260aef08042d54178e1aebefc66b8cf83e6276725feeec44422	Sk5JRVhQT1JUIGppbnQgSk5JQ0FMTCBHVEszX05BVElWRShHZGtFdmVudENyb3NzaW5nXzFzaXplb2YpCgkoSk5JRW52ICplbnYsIGpjbGFzcyB0aGF0KQp7
42	STATEMENT	1979	1993	1	ab2eac128ef6225b35f40b35e2bd8fba39be8b3b6b281960b3c51646eba99890	CglqaW50IHJjID0gMDs=
43	STATEMENT	1993	2055	1	33c253113c4fb12e55851ac7c0439304aeecd5fcea1fc8d0b8f8a0cbacdf962c	CglHVEszX05BVElWRV9FTlRFUihlbnYsIHRoYXQsIEdka0V2ZW50Q3Jvc3NpbmdfMXNpemVvZl9GVU5DKTs=
44	STATEMENT	2055	2094	1	35b73d17514ca1c94072ab6e6c912c647a2b1b3dac3439f677a7245e6c28c407	CglyYyA9IChqaW50KUdka0V2ZW50Q3Jvc3Npbmdfc2l6ZW9mKCk7
45	STATEMENT	2094	2155	1	6ac6f846eeb46c7fdcc85805e2023eb954d2558e4a1ab919dbfa9e7b6b7a3019	CglHVEszX05BVElWRV9FWElUKGVudiwgdGhhdCwgR2RrRXZlbnRDcm9zc2luZ18xc2l6ZW9mX0ZVTkMpOw==
46	STATEMENT	2155	2167	1	a028c9c9501df4846ec72c7b4432d4a3cb499b36b781bb1c38853498151d0ba7	CglyZXR1cm4gcmM7
47	FRAGMENT	2167	2168	1	01ba4719c80b6fe911b091a7c05124b64eeece964e09c058ef8f9805daca546b	Cg==
48	BLOCK_CLOSE	2168	2169	0	d10b36aa74a59bcf4a88185837f658afaf3646eff2bb16c3928d0e9335e945d2	fQ==
49	PREPROCESSOR	2169	2177	0	626de321eb397f6600939892a0009f31bc378f7e886f9acc5ec0af18db6a99a7	CiNlbmRpZgo=
50	PREPROCESSOR	2177	2211	0	802a0d75e77fe887ad2c1facc4b57dea30dba1c934412e6e123eea4cf1800655	CiNpZm5kZWYgTk9fR2RrRXZlbnRGb2N1c18xc2l6ZW9mCg==
51	FUNCTION_OPEN	2211	2298	0	ff50e514903f14bd08914eb4f7f238539fe4ddf16d7966e9d07e8e568e4f6d47	Sk5JRVhQT1JUIGppbnQgSk5JQ0FMTCBHVEszX05BVElWRShHZGtFdmVudEZvY3VzXzFzaXplb2YpCgkoSk5JRW52ICplbnYsIGpjbGFzcyB0aGF0KQp7
52	STATEMENT	2298	2312	1	ab2eac128ef6225b35f40b35e2bd8fba39be8b3b6b281960b3c51646eba99890	CglqaW50IHJjID0gMDs=
53	STATEMENT	2312	2371	1	76ae6a8f7a399777ecfc9ec14742488f2caf9eb2da4649b41857feadd6ff2261	CglHVEszX05BVElWRV9FTlRFUihlbnYsIHRoYXQsIEdka0V2ZW50Rm9jdXNfMXNpemVvZl9GVU5DKTs=
54	STATEMENT	2371	2407	1	8655587cf8e69877186170d184554a23fd0115ea3e8a2f710c6783bbb044c678	CglyYyA9IChqaW50KUdka0V2ZW50Rm9jdXNfc2l6ZW9mKCk7
55	STATEMENT	2407	2465	1	1d5cd9f9b0223cf7606bc7ec9a8797978e35eaf56778d29365871e5c064ce185	CglHVEszX05BVElWRV9FWElUKGVudiwgdGhhdCwgR2RrRXZlbnRGb2N1c18xc2l6ZW9mX0ZVTkMpOw==
56	STATEMENT	2465	2477	1	a028c9c9501df4846ec72c7b4432d4a3cb499b36b781bb1c38853498151d0ba7	CglyZXR1cm4gcmM7
57	FRAGMENT	2477	2478	1	01ba4719c80b6fe911b091a7c05124b64eeece964e09c058ef8f9805daca546b	Cg==
58	BLOCK_CLOSE	2478	2479	0	d10b36aa74a59bcf4a88185837f658afaf3646eff2bb16c3928d0e9335e945d2	fQ==
59	PREPROCESSOR	2479	2487	0	626de321eb397f6600939892a0009f31bc378f7e886f9acc5ec0af18db6a99a7	CiNlbmRpZgo=
60	PREPROCESSOR	2487	2519	0	78ea52d57aaf7be19bba5ff3a7511daaa10f4da0fe2f7ac1549d04c48863fcba	CiNpZm5kZWYgTk9fR2RrRXZlbnRLZXlfMXNpemVvZgo=
61	FUNCTION_OPEN	2519	2604	0	7d1d34f7dce5ccaf663e28bc42b2621ebbf6539d340582f1c3d351abc9d2793d	Sk5JRVhQT1JUIGppbnQgSk5JQ0FMTCBHVEszX05BVElWRShHZGtFdmVudEtleV8xc2l6ZW9mKQoJKEpOSUVudiAqZW52LCBqY2xhc3MgdGhhdCkKew==
62	STATEMENT	2604	2618	1	ab2eac128ef6225b35f40b35e2bd8fba39be8b3b6b281960b3c51646eba99890	CglqaW50IHJjID0gMDs=
63	STATEMENT	2618	2675	1	b4a1756f5c7d2777be2d53f4b894063ac52ee97aec612b80100b2c474db6ca21	CglHVEszX05BVElWRV9FTlRFUihlbnYsIHRoYXQsIEdka0V2ZW50S2V5XzFzaXplb2ZfRlVOQyk7
64	STATEMENT	2675	2709	1	e086226874aa08a64033d85fd00807119880423f87c2a8b58f8552caf5a66183	CglyYyA9IChqaW50KUdka0V2ZW50S2V5X3NpemVvZigpOw==
65	STATEMENT	2709	2765	1	45b16ae4a3674de3b7a5d87b95b065e724ad681c6a3b3395913c69171ff3bd0b	CglHVEszX05BVElWRV9FWElUKGVudiwgdGhhdCwgR2RrRXZlbnRLZXlfMXNpemVvZl9GVU5DKTs=
66	STATEMENT	2765	2777	1	a028c9c9501df4846ec72c7b4432d4a3cb499b36b781bb1c38853498151d0ba7	CglyZXR1cm4gcmM7
67	FRAGMENT	2777	2778	1	01ba4719c80b6fe911b091a7c05124b64eeece964e09c058ef8f9805daca546b	Cg==
68	BLOCK_CLOSE	2778	2779	0	d10b36aa74a59bcf4a88185837f658afaf3646eff2bb16c3928d0e9335e945d2	fQ==
69	PREPROCESSOR	2779	2787	0	626de321eb397f6600939892a0009f31bc378f7e886f9acc5ec0af18db6a99a7	CiNlbmRpZgo=
70	PREPROCESSOR	2787	2822	0	243d650dd08ebbbf4f8c047e8c635f459d9164f4b7184ea10535c1af21ecaebe	CiNpZm5kZWYgTk9fR2RrRXZlbnRNb3Rpb25fMXNpemVvZgo=
71	FUNCTION_OPEN	2822	2910	0	aa2788588dcbbd01b0a79bfa598116b58491b03725507f00aee713dfb0d13b0e	Sk5JRVhQT1JUIGppbnQgSk5JQ0FMTCBHVEszX05BVElWRShHZGtFdmVudE1vdGlvbl8xc2l6ZW9mKQoJKEpOSUVudiAqZW52LCBqY2xhc3MgdGhhdCkKew==
72	STATEMENT	2910	2924	1	ab2eac128ef6225b35f40b35e2bd8fba39be8b3b6b281960b3c51646eba99890	CglqaW50IHJjID0gMDs=
73	STATEMENT	2924	2984	1	9b3b61185c83a495718b34ef06740de1238ddc3a557af3d62c467d8a2e84f81a	CglHVEszX05BVElWRV9FTlRFUihlbnYsIHRoYXQsIEdka0V2ZW50TW90aW9uXzFzaXplb2ZfRlVOQyk7
74	STATEMENT	2984	3021	1	fecd9a1c21c9417980567c6a759817d6ad43d4f3bb8a42501c9ff8b9d4143e3b	CglyYyA9IChqaW50KUdka0V2ZW50TW90aW9uX3NpemVvZigpOw==
75	STATEMENT	3021	3080	1	608cc2a1681b1edf210dc9655c1c442f60271e688bbb5f85439267e535abece2	CglHVEszX05BVElWRV9FWElUKGVudiwgdGhhdCwgR2RrRXZlbnRNb3Rpb25fMXNpemVvZl9GVU5DKTs=
76	STATEMENT	3080	3092	1	a028c9c9501df4846ec72c7b4432d4a3cb499b36b781bb1c38853498151d0ba7	CglyZXR1cm4gcmM7
77	FRAGMENT	3092	3093	1	01ba4719c80b6fe911b091a7c05124b64eeece964e09c058ef8f9805daca546b	Cg==
78	BLOCK_CLOSE	3093	3094	0	d10b36aa74a59bcf4a88185837f658afaf3646eff2bb16c3928d0e9335e945d2	fQ==
79	PREPROCESSOR	3094	3102	0	626de321eb397f6600939892a0009f31bc378f7e886f9acc5ec0af18db6a99a7	CiNlbmRpZgo=
80	PREPROCESSOR	3102	3142	0	0b2e4927a8fae289c22b399a4e3c51592de1cdb07d6b262f3f6f25f06548375b	CiNpZm5kZWYgTk9fR2RrRXZlbnRXaW5kb3dTdGF0ZV8xc2l6ZW9mCg==
81	FUNCTION_OPEN	3142	3235	0	7c40aa739693c16ddcbf1f5c7a5148796b587f06225f5013cfd676b4990c646c	Sk5JRVhQT1JUIGppbnQgSk5JQ0FMTCBHVEszX05BVElWRShHZGtFdmVudFdpbmRvd1N0YXRlXzFzaXplb2YpCgkoSk5JRW52ICplbnYsIGpjbGFzcyB0aGF0KQp7
82	STATEMENT	3235	3249	1	ab2eac128ef6225b35f40b35e2bd8fba39be8b3b6b281960b3c51646eba99890	CglqaW50IHJjID0gMDs=
83	STATEMENT	3249	3314	1	d6a01327670b6820e2acf7c343e1f6018a59dc1f151ac46a289dbfff8b885c6e	CglHVEszX05BVElWRV9FTlRFUihlbnYsIHRoYXQsIEdka0V2ZW50V2luZG93U3RhdGVfMXNpemVvZl9GVU5DKTs=
84	STATEMENT	3314	3356	1	4a831234468e9b221a45801c1e5e7b920fc40778765455c7b07e393c0d3850b3	CglyYyA9IChqaW50KUdka0V2ZW50V2luZG93U3RhdGVfc2l6ZW9mKCk7
85	STATEMENT	3356	3420	1	067e944fe668fdc1b7b57ec8c2f922a7223c6c1a1611eaf0808274c31bd2833e	CglHVEszX05BVElWRV9FWElUKGVudiwgdGhhdCwgR2RrRXZlbnRXaW5kb3dTdGF0ZV8xc2l6ZW9mX0ZVTkMpOw==
86	STATEMENT	3420	3432	1	a028c9c9501df4846ec72c7b4432d4a3cb499b36b781bb1c38853498151d0ba7	CglyZXR1cm4gcmM7
87	FRAGMENT	3432	3433	1	01ba4719c80b6fe911b091a7c05124b64eeece964e09c058ef8f9805daca546b	Cg==
88	BLOCK_CLOSE	3433	3434	0	d10b36aa74a59bcf4a88185837f658afaf3646eff2bb16c3928d0e9335e945d2	fQ==
89	PREPROCESSOR	3434	3442	0	626de321eb397f6600939892a0009f31bc378f7e886f9acc5ec0af18db6a99a7	CiNlbmRpZgo=
90	PREPROCESSOR	3442	3471	0	254f75f71ff2f9a004cb659c075b4295f25df9d433611523bfd6470968903487	CiNpZm5kZWYgTk9fR2RrRXZlbnRfMXNpemVvZgo=
91	FUNCTION_OPEN	3471	3553	0	3602584b57d84fa9b1ba10127dcdbea1420e3c86940db558fc7ccc643c7c1856	Sk5JRVhQT1JUIGppbnQgSk5JQ0FMTCBHVEszX05BVElWRShHZGtFdmVudF8xc2l6ZW9mKQoJKEpOSUVudiAqZW52LCBqY2xhc3MgdGhhdCkKew==
92	STATEMENT	3553	3567	1	ab2eac128ef6225b35f40b35e2bd8fba39be8b3b6b281960b3c51646eba99890	CglqaW50IHJjID0gMDs=
93	STATEMENT	3567	3621	1	a99d5c209753059031f52de060012b7aa8134bdf7a45516199de9eaedbcb1ff1	CglHVEszX05BVElWRV9FTlRFUihlbnYsIHRoYXQsIEdka0V2ZW50XzFzaXplb2ZfRlVOQyk7
94	STATEMENT	3621	3652	1	384419eeefd6e0b700d8bbf66160b607bf6c3cae63413a1ea30746dc92758368	CglyYyA9IChqaW50KUdka0V2ZW50X3NpemVvZigpOw==
95	STATEMENT	3652	3705	1	c27fe2a473b373c87b0c007751ad0595b2cd62e9445e7c2d572de236b205ce4d	CglHVEszX05BVElWRV9FWElUKGVudiwgdGhhdCwgR2RrRXZlbnRfMXNpemVvZl9GVU5DKTs=
96	STATEMENT	3705	3717	1	a028c9c9501df4846ec72c7b4432d4a3cb499b36b781bb1c38853498151d0ba7	CglyZXR1cm4gcmM7
97	FRAGMENT	3717	3718	1	01ba4719c80b6fe911b091a7c05124b64eeece964e09c058ef8f9805daca546b	Cg==
98	BLOCK_CLOSE	3718	3719	0	d10b36aa74a59bcf4a88185837f658afaf3646eff2bb16c3928d0e9335e945d2	fQ==
99	PREPROCESSOR	3719	3727	0	626de321eb397f6600939892a0009f31bc378f7e886f9acc5ec0af18db6a99a7	CiNlbmRpZgo=
100	PREPROCESSOR	3727	3759	0	4cdb9b06b477e2392db865954956f3f26e6dce043d05505671b52910478ce5b5	CiNpZm5kZWYgTk9fR2RrR2VvbWV0cnlfMXNpemVvZgo=
101	FUNCTION_OPEN	3759	3844	0	c6723226e80e05d1de1e9d99372cff4b399cf65e290adde7425c651eb9ad0209	Sk5JRVhQT1JUIGppbnQgSk5JQ0FMTCBHVEszX05BVElWRShHZGtHZW9tZXRyeV8xc2l6ZW9mKQoJKEpOSUVudiAqZW52LCBqY2xhc3MgdGhhdCkKew==
102	STATEMENT	3844	3858	1	ab2eac128ef6225b35f40b35e2bd8fba39be8b3b6b281960b3c51646eba99890	CglqaW50IHJjID0gMDs=
103	STATEMENT	3858	3915	1	c4144f8824187c6964b985175df37b29915fe5e65f53cbd5108deb6e3c026bf7	CglHVEszX05BVElWRV9FTlRFUihlbnYsIHRoYXQsIEdka0dlb21ldHJ5XzFzaXplb2ZfRlVOQyk7
104	STATEMENT	3915	3949	1	87cd5d5ed06a627487c561a81050ec37377eb6d0728d6e985aa3c8f32a1e7fd9	CglyYyA9IChqaW50KUdka0dlb21ldHJ5X3NpemVvZigpOw==
105	STATEMENT	3949	4005	1	ee7fafbee152d663abb09c694bd68a0df6a31bb9c485affd0bc55b4dd2112598	CglHVEszX05BVElWRV9FWElUKGVudiwgdGhhdCwgR2RrR2VvbWV0cnlfMXNpemVvZl9GVU5DKTs=
106	STATEMENT	4005	4017	1	a028c9c9501df4846ec72c7b4432d4a3cb499b36b781bb1c38853498151d0ba7	CglyZXR1cm4gcmM7
107	FRAGMENT	4017	4018	1	01ba4719c80b6fe911b091a7c05124b64eeece964e09c058ef8f9805daca546b	Cg==
108	BLOCK_CLOSE	4018	4019	0	d10b36aa74a59bcf4a88185837f658afaf3646eff2bb16c3928d0e9335e945d2	fQ==
109	PREPROCESSOR	4019	4027	0	626de321eb397f6600939892a0009f31bc378f7e886f9acc5ec0af18db6a99a7	CiNlbmRpZgo=
110	PREPROCESSOR	4027	4061	0	ec9eee477c445a6ff706cd2d201422950e95a0534e60f7eec91df3a78a252306	CiNpZm5kZWYgTk9fR2RrV2luZG93QXR0cl8xc2l6ZW9mCg==
111	FUNCTION_OPEN	4061	4148	0	46613386a20c6a394776da757adaf5014359863949dbafdfe22661f6fae1ec18	Sk5JRVhQT1JUIGppbnQgSk5JQ0FMTCBHVEszX05BVElWRShHZGtXaW5kb3dBdHRyXzFzaXplb2YpCgkoSk5JRW52ICplbnYsIGpjbGFzcyB0aGF0KQp7
112	STATEMENT	4148	4162	1	ab2eac128ef6225b35f40b35e2bd8fba39be8b3b6b281960b3c51646eba99890	CglqaW50IHJjID0gMDs=
113	STATEMENT	4162	4221	1	f00c508ed9992dd3a6f4dea6ca6b139245c9dc8386ff1d90ef6da87022aa6dcd	CglHVEszX05BVElWRV9FTlRFUihlbnYsIHRoYXQsIEdka1dpbmRvd0F0dHJfMXNpemVvZl9GVU5DKTs=
114	STATEMENT	4221	4257	1	2cb0affbf0b90826daf789064e08e7cbe80e36483ea7352d2fc1fe79eb3f8a1f	CglyYyA9IChqaW50KUdka1dpbmRvd0F0dHJfc2l6ZW9mKCk7
115	STATEMENT	4257	4315	1	bebb17229f1d0f0c799fb2c0cd9f1bf21206ef26e492a2ef5fe130a0da707b5c	CglHVEszX05BVElWRV9FWElUKGVudiwgdGhhdCwgR2RrV2luZG93QXR0cl8xc2l6ZW9mX0ZVTkMpOw==
116	STATEMENT	4315	4327	1	a028c9c9501df4846ec72c7b4432d4a3cb499b36b781bb1c38853498151d0ba7	CglyZXR1cm4gcmM7
117	FRAGMENT	4327	4328	1	01ba4719c80b6fe911b091a7c05124b64eeece964e09c058ef8f9805daca546b	Cg==
118	BLOCK_CLOSE	4328	4329	0	d10b36aa74a59bcf4a88185837f658afaf3646eff2bb16c3928d0e9335e945d2	fQ==
119	PREPROCESSOR	4329	4337	0	626de321eb397f6600939892a0009f31bc378f7e886f9acc5ec0af18db6a99a7	CiNlbmRpZgo=
120	PREPROCESSOR	4337	4372	0	fb9d45eb6214ee7553db7196a108b3c2a1c1beae0635e42e2b488eb5ffa98ea1	CiNpZm5kZWYgTk9fR3RrVGFyZ2V0RW50cnlfMXNpemVvZgo=
121	FUNCTION_OPEN	4372	4460	0	d497cd170b77ec1c3010d445efd4c0e2031de737fdd539a97aa07169b9faae5a	Sk5JRVhQT1JUIGppbnQgSk5JQ0FMTCBHVEszX05BVElWRShHdGtUYXJnZXRFbnRyeV8xc2l6ZW9mKQoJKEpOSUVudiAqZW52LCBqY2xhc3MgdGhhdCkKew==
122	STATEMENT	4460	4474	1	ab2eac128ef6225b35f40b35e2bd8fba39be8b3b6b281960b3c51646eba99890	CglqaW50IHJjID0gMDs=
123	STATEMENT	4474	4534	1	304cf392f2ad727585680ad6f1cc1ee54d3498211faa6787404fb5e34edfff58	CglHVEszX05BVElWRV9FTlRFUihlbnYsIHRoYXQsIEd0a1RhcmdldEVudHJ5XzFzaXplb2ZfRlVOQyk7
124	STATEMENT	4534	4571	1	506d5270c998651a4177bfb6306b9c62060abbf84b15eb4243f700c5a6d787cb	CglyYyA9IChqaW50KUd0a1RhcmdldEVudHJ5X3NpemVvZigpOw==
125	STATEMENT	4571	4630	1	652a275c024c33c3431fd51c4ba161af889613bafd69fcbbc61850c083032bd5	CglHVEszX05BVElWRV9FWElUKGVudiwgdGhhdCwgR3RrVGFyZ2V0RW50cnlfMXNpemVvZl9GVU5DKTs=
126	STATEMENT	4630	4642	1	a028c9c9501df4846ec72c7b4432d4a3cb499b36b781bb1c38853498151d0ba7	CglyZXR1cm4gcmM7
127	FRAGMENT	4642	4643	1	01ba4719c80b6fe911b091a7c05124b64eeece964e09c058ef8f9805daca546b	Cg==
128	BLOCK_CLOSE	4643	4644	0	d10b36aa74a59bcf4a88185837f658afaf3646eff2bb16c3928d0e9335e945d2	fQ==
129	PREPROCESSOR	4644	4652	0	626de321eb397f6600939892a0009f31bc378f7e886f9acc5ec0af18db6a99a7	CiNlbmRpZgo=
130	PREPROCESSOR	4652	4681	0	8ee82dbc0ca05bf6391892cb5a84675af4f9793089496e78b1f2c7ae6f20d3e3	CiNpZm5kZWYgTk9fZ2RrXzF3aW5kb3dfMW5ldwo=
131	FUNCTION_OPEN	4681	4801	0	5b3b693c7c1ced889a69fbf4b3aaba12a1354e810c60c3147bc54692060e51c8	Sk5JRVhQT1JUIGpsb25nIEpOSUNBTEwgR1RLM19OQVRJVkUoZ2RrXzF3aW5kb3dfMW5ldykKCShKTklFbnYgKmVudiwgamNsYXNzIHRoYXQsIGpsb25nIGFyZzAsIGpvYmplY3QgYXJnMSwgamludCBhcmcyKQp7
132	STATEMENT	4801	4837	1	c6cbc89c0a6f48287dd946ab7f86eb94f617fd7f64876cd1fe01b75d9857fe7e	CglHZGtXaW5kb3dBdHRyIF9hcmcxLCAqbHBhcmcxPU5VTEw7
133	STATEMENT	4837	4852	1	3411ceb5951bc52321d8d6cf00df310a159211846b0264e08db2a18b94173633	CglqbG9uZyByYyA9IDA7
134	STATEMENT	4852	4906	1	d4cce82dd0b8d4f96f08b57d2386d13db4a758300da58809c9599907c808f7c4	CglHVEszX05BVElWRV9FTlRFUihlbnYsIHRoYXQsIGdka18xd2luZG93XzFuZXdfRlVOQyk7
135	STATEMENT	4906	4994	1	6ddc6c52bede2b1f482f31eff37297fa05867c2b93d52ca5812bfebbde1b9296	CglpZiAoYXJnMSkgaWYgKChscGFyZzEgPSBnZXRHZGtXaW5kb3dBdHRyRmllbGRzKGVudiwgYXJnMSwgJl9hcmcxKSkgPT0gTlVMTCkgZ290byBmYWlsOw==
136	STATEMENT	4994	5056	1	f81912f3b83aecb38a60807e0b2c48c06bf6f3047fb4c75194de7d50e453aa83	CglyYyA9IChqbG9uZylnZGtfd2luZG93X25ldygoR2RrV2luZG93ICopYXJnMCwgbHBhcmcxLCBhcmcyKTs=
137	STATEMENT	5056	5115	1	0c9e5055f926e8cc64e0c512ae50d662002e6e15341db389122122eaec5bbe95	CmZhaWw6CglHVEszX05BVElWRV9FWElUKGVudiwgdGhhdCwgZ2RrXzF3aW5kb3dfMW5ld19GVU5DKTs=
138	STATEMENT	5115	5127	1	a028c9c9501df4846ec72c7b4432d4a3cb499b36b781bb1c38853498151d0ba7	CglyZXR1cm4gcmM7
139	FRAGMENT	5127	5128	1	01ba4719c80b6fe911b091a7c05124b64eeece964e09c058ef8f9805daca546b	Cg==
140	BLOCK_CLOSE	5128	5129	0	d10b36aa74a59bcf4a88185837f658afaf3646eff2bb16c3928d0e9335e945d2	fQ==
141	PREPROCESSOR	5129	5137	0	626de321eb397f6600939892a0009f31bc378f7e886f9acc5ec0af18db6a99a7	CiNlbmRpZgo=
142	PREPROCESSOR	5137	5172	0	a0095977736ffddc44de998e19846b7219f491d3d5fedacc2bf5893ef6fc2777	CiNpZm5kZWYgTk9fZ3RrXzFhY2NlbF8xbGFiZWxfMW5ldwo=
143	FUNCTION_OPEN	5172	5278	0	92a13a0752dac8db1c309753a4f28630da5804cf187d400a8494d5a8bc1ce69d	Sk5JRVhQT1JUIGpsb25nIEpOSUNBTEwgR1RLM19OQVRJVkUoZ3RrXzFhY2NlbF8xbGFiZWxfMW5ldykKCShKTklFbnYgKmVudiwgamNsYXNzIHRoYXQsIGpieXRlQXJyYXkgYXJnMCkKew==
144	STATEMENT	5278	5299	1	822ac2a96a4768fd79b617c7eb04a2c27543630d08bb1e64e12cb44eb943d110	CglqYnl0ZSAqbHBhcmcwPU5VTEw7
145	STATEMENT	5299	5314	1	3411ceb5951bc52321d8d6cf00df310a159211846b0264e08db2a18b94173633	CglqbG9uZyByYyA9IDA7
146	STATEMENT	5314	5374	1	f4c618528124f29c66c2d3755bf0ed254a36e3250fdd9ff827922d9d780514db	CglHVEszX05BVElWRV9FTlRFUihlbnYsIHRoYXQsIGd0a18xYWNjZWxfMWxhYmVsXzFuZXdfRlVOQyk7
147	STATEMENT	5374	5466	1	b2075cd70029cbd90d7bd950107f7811b6de535d2911738929f1657581efa897	CglpZiAoYXJnMCkgaWYgKChscGFyZzAgPSAoKmVudiktPkdldEJ5dGVBcnJheUVsZW1lbnRzKGVudiwgYXJnMCwgTlVMTCkpID09IE5VTEwpIGdvdG8gZmFpbDs=
148	STATEMENT	5466	5523	1	386bc8d1368ac34709f721ccb1d0f7dd46cf73d63e6ccbbcfaefb981bab876ae	CglyYyA9IChqbG9uZylndGtfYWNjZWxfbGFiZWxfbmV3KChjb25zdCBnY2hhciAqKWxwYXJnMCk7
149	STATEMENT	5523	5606	1	19ea667045e023f8627c63601656684e1aa341d4b2b1f93bb08dcb2be00b461d	CmZhaWw6CglpZiAoYXJnMCAmJiBscGFyZzApICgqZW52KS0+UmVsZWFzZUJ5dGVBcnJheUVsZW1lbnRzKGVudiwgYXJnMCwgbHBhcmcwLCAwKTs=
150	STATEMENT	5606	5665	1	82bc184ad2587e41d40e0ddff36314872b6c3a998777849c30cbd5304a137969	CglHVEszX05BVElWRV9FWElUKGVudiwgdGhhdCwgZ3RrXzFhY2NlbF8xbGFiZWxfMW5ld19GVU5DKTs=
151	STATEMENT	5665	5677	1	a028c9c9501df4846ec72c7b4432d4a3cb499b36b781bb1c38853498151d0ba7	CglyZXR1cm4gcmM7
152	FRAGMENT	5677	5678	1	01ba4719c80b6fe911b091a7c05124b64eeece964e09c058ef8f9805daca546b	Cg==
153	BLOCK_CLOSE	5678	5679	0	d10b36aa74a59bcf4a88185837f658afaf3646eff2bb16c3928d0e9335e945d2	fQ==
154	PREPROCESSOR	5679	5687	0	626de321eb397f6600939892a0009f31bc378f7e886f9acc5ec0af18db6a99a7	CiNlbmRpZgo=
155	PREPROCESSOR	5687	5729	0	c915ca1996f2612411d48e67a319e56085684cd6353d0751915d50a204c3a179	CiNpZm5kZWYgTk9fZ3RrXzFhY2NlbF8xbGFiZWxfMXNldF8xYWNjZWwK
156	FUNCTION_OPEN	5729	5858	0	ddfefdc701e8ee496fce5b0dcc8cb401692b4ff1e585ae95d9e51c4e321fcfb8	Sk5JRVhQT1JUIHZvaWQgSk5JQ0FMTCBHVEszX05BVElWRShndGtfMWFjY2VsXzFsYWJlbF8xc2V0XzFhY2NlbCkKCShKTklFbnYgKmVudiwgamNsYXNzIHRoYXQsIGpsb25nIGFyZzAsIGppbnQgYXJnMSwgamludCBhcmcyKQp7
157	STATEMENT	5858	5925	1	6163566b9d25ce0df0f04d997dd63520e5b81cdf7df6ef0726403232074feb2f	CglHVEszX05BVElWRV9FTlRFUihlbnYsIHRoYXQsIGd0a18xYWNjZWxfMWxhYmVsXzFzZXRfMWFjY2VsX0ZVTkMpOw==
158	STATEMENT	5925	6012	1	752972c3168ce6a76f90368b4dcf2e4ab7d3451312b4e4e9505d1478dd99cd34	CglndGtfYWNjZWxfbGFiZWxfc2V0X2FjY2VsKChHdGtBY2NlbExhYmVsICopYXJnMCwgKGd1aW50KWFyZzEsIChHZGtNb2RpZmllclR5cGUpYXJnMik7
159	STATEMENT	6012	6078	1	86ad34e8e8203e0071a8a86516d639a66a58127e649deef8a7397735a6792dee	CglHVEszX05BVElWRV9FWElUKGVudiwgdGhhdCwgZ3RrXzFhY2NlbF8xbGFiZWxfMXNldF8xYWNjZWxfRlVOQyk7
160	FRAGMENT	6078	6079	1	01ba4719c80b6fe911b091a7c05124b64eeece964e09c058ef8f9805daca546b	Cg==
161	BLOCK_CLOSE	6079	6080	0	d10b36aa74a59bcf4a88185837f658afaf3646eff2bb16c3928d0e9335e945d2	fQ==
162	PREPROCESSOR	6080	6088	0	626de321eb397f6600939892a0009f31bc378f7e886f9acc5ec0af18db6a99a7	CiNlbmRpZgo=
163	PREPROCESSOR	6088	6138	0	7fff627ac4b23df4e746e04fd83759a92a9830111977e9411bd130506a9d383a	CiNpZm5kZWYgTk9fZ3RrXzFhY2NlbF8xbGFiZWxfMXNldF8xYWNjZWxfMXdpZGdldAo=
164	FUNCTION_OPEN	6138	6265	0	4e181c848f76512714b462cefe604b83edf1895069f062581efd30f896fd6373	Sk5JRVhQT1JUIHZvaWQgSk5JQ0FMTCBHVEszX05BVElWRShndGtfMWFjY2VsXzFsYWJlbF8xc2V0XzFhY2NlbF8xd2lkZ2V0KQoJKEpOSUVudiAqZW52LCBqY2xhc3MgdGhhdCwgamxvbmcgYXJnMCwgamxvbmcgYXJnMSkKew==
165	STATEMENT	6265	6340	1	4f102b0fae061ad2d320f5acf9d0eb4bf0453b7c604f63bd90d2fef26c041d4f	CglHVEszX05BVElWRV9FTlRFUihlbnYsIHRoYXQsIGd0a18xYWNjZWxfMWxhYmVsXzFzZXRfMWFjY2VsXzF3aWRnZXRfRlVOQyk7
166	STATEMENT	6340	6417	1	b1435a35c9821fecf344d444c16b58f9ce23e00fa88906cb52c27995524ed2e3	CglndGtfYWNjZWxfbGFiZWxfc2V0X2FjY2VsX3dpZGdldCgoR3RrQWNjZWxMYWJlbCAqKWFyZzAsIChHdGtXaWRnZXQgKilhcmcxKTs=
167	STATEMENT	6417	6491	1	be2747480ed741b92e4f0540e96256d11fea252dff30eb6a8a57f539ccb65a26	CglHVEszX05BVElWRV9FWElUKGVudiwgdGhhdCwgZ3RrXzFhY2NlbF8xbGFiZWxfMXNldF8xYWNjZWxfMXdpZGdldF9GVU5DKTs=
168	FRAGMENT	6491	6492	1	01ba4719c80b6fe911b091a7c05124b64eeece964e09c058ef8f9805daca546b	Cg==
169	BLOCK_CLOSE	6492	6493	0	d10b36aa74a59bcf4a88185837f658afaf3646eff2bb16c3928d0e9335e945d2	fQ==
170	PREPROCESSOR	6493	6501	0	626de321eb397f6600939892a0009f31bc378f7e886f9acc5ec0af18db6a99a7	CiNlbmRpZgo=
171	PREPROCESSOR	6501	6542	0	83333e8024dd20453e6281acae79592d4c5fc3e1022915708f3e68ccd9096f78	CiNpZm5kZWYgTk9fZ3RrXzFhY2Nlc3NpYmxlXzFnZXRfMXdpZGdldAo=
172	FUNCTION_OPEN	6542	6649	0	cae0ec7780cb0d80aa17cc57f3f9c9dfd09550a1e0991f2855b4171db6d1aa0b	Sk5JRVhQT1JUIGpsb25nIEpOSUNBTEwgR1RLM19OQVRJVkUoZ3RrXzFhY2Nlc3NpYmxlXzFnZXRfMXdpZGdldCkKCShKTklFbnYgKmVudiwgamNsYXNzIHRoYXQsIGpsb25nIGFyZzApCns=
173	STATEMENT	6649	6664	1	3411ceb5951bc52321d8d6cf00df310a159211846b0264e08db2a18b94173633	CglqbG9uZyByYyA9IDA7
174	STATEMENT	6664	6730	1	22ff2cf6cdb9aac8f6e9a22ded4ed1a94961cdd4a0e0cb54771a51118aa133e9	CglHVEszX05BVElWRV9FTlRFUihlbnYsIHRoYXQsIGd0a18xYWNjZXNzaWJsZV8xZ2V0XzF3aWRnZXRfRlVOQyk7
175	STATEMENT	6730	6793	1	6503479019531acadfffa5d8f6eed9a2a39f40e149d5e8db8a46f87db73abcbd	CglyYyA9IChqbG9uZylndGtfYWNjZXNzaWJsZV9nZXRfd2lkZ2V0KChHdGtBY2Nlc3NpYmxlICopYXJnMCk7
176	STATEMENT	6793	6858	1	45455c4ad9922232a0eb42e3bf5ee6c98c135932356176311f3f30995356dafc	CglHVEszX05BVElWRV9FWElUKGVudiwgdGhhdCwgZ3RrXzFhY2Nlc3NpYmxlXzFnZXRfMXdpZGdldF9GVU5DKTs=
177	STATEMENT	6858	6870	1	a028c9c9501df4846ec72c7b4432d4a3cb499b36b781bb1c38853498151d0ba7	CglyZXR1cm4gcmM7
178	FRAGMENT	6870	6871	1	01ba4719c80b6fe911b091a7c05124b64eeece964e09c058ef8f9805daca546b	Cg==
179	BLOCK_CLOSE	6871	6872	0	d10b36aa74a59bcf4a88185837f658afaf3646eff2bb16c3928d0e9335e945d2	fQ==
180	PREPROCESSOR	6872	6880	0	626de321eb397f6600939892a0009f31bc378f7e886f9acc5ec0af18db6a99a7	CiNlbmRpZgo=
181	PREPROCESSOR	6880	6913	0	7b6868b8934470d57b4b97889387fb8045cdc89ffb34077708e371c388f89f3c	CiNpZm5kZWYgTk9fZ3RrXzFiaW5fMWdldF8xY2hpbGQK
182	FUNCTION_OPEN	6913	7012	0	efb5ef9ee926ec67297c3142ef08eb6623ffe07e4f3db4584a997a6a4c701fac	Sk5JRVhQT1JUIGpsb25nIEpOSUNBTEwgR1RLM19OQVRJVkUoZ3RrXzFiaW5fMWdldF8xY2hpbGQpCgkoSk5JRW52ICplbnYsIGpjbGFzcyB0aGF0LCBqbG9uZyBhcmcwKQp7
183	STATEMENT	7012	7027	1	3411ceb5951bc52321d8d6cf00df310a159211846b0264e08db2a18b94173633	CglqbG9uZyByYyA9IDA7
184	STATEMENT	7027	7085	1	d180e45e97e375052a082eb7f89affda8a55cdaca654145dca9fe8152aaed699	CglHVEszX05BVElWRV9FTlRFUihlbnYsIHRoYXQsIGd0a18xYmluXzFnZXRfMWNoaWxkX0ZVTkMpOw==
185	STATEMENT	7085	7133	1	f6943f1a24fc5d58f286b1b59dfcace069a74ebe3c2564a84c68c3800090dd8e	CglyYyA9IChqbG9uZylndGtfYmluX2dldF9jaGlsZCgoR3RrQmluICopYXJnMCk7
186	STATEMENT	7133	7190	1	57ceea8a04065e9d182715ebc9ecdd1997d21fbd696b1504de7564260ab00a70	CglHVEszX05BVElWRV9FWElUKGVudiwgdGhhdCwgZ3RrXzFiaW5fMWdldF8xY2hpbGRfRlVOQyk7
187	STATEMENT	7190	7202	1	a028c9c9501df4846ec72c7b4432d4a3cb499b36b781bb1c38853498151d0ba7	CglyZXR1cm4gcmM7
188	FRAGMENT	7202	7203	1	01ba4719c80b6fe911b091a7c05124b64eeece964e09c058ef8f9805daca546b	Cg==
189	BLOCK_CLOSE	7203	7204	0	d10b36aa74a59bcf4a88185837f658afaf3646eff2bb16c3928d0e9335e945d2	fQ==
190	PREPROCESSOR	7204	7212	0	626de321eb397f6600939892a0009f31bc378f7e886f9acc5ec0af18db6a99a7	CiNlbmRpZgo=
191	PREPROCESSOR	7212	7244	0	f63bde4d1015a03b0c89d678050a9cd7a5918e0a21ac1f1b9be9f98889ab70c7	CiNpZm5kZWYgTk9fZ3RrXzFib3hfMXBhY2tfMWVuZAo=
192	FUNCTION_OPEN	7244	7394	0	8dc87b1e54c29ff08451ed029eb397876f972e8d9eeeb691a647dcf5b01c950e	Sk5JRVhQT1JUIHZvaWQgSk5JQ0FMTCBHVEszX05BVElWRShndGtfMWJveF8xcGFja18xZW5kKQoJKEpOSUVudiAqZW52LCBqY2xhc3MgdGhhdCwgamxvbmcgYXJnMCwgamxvbmcgYXJnMSwgamJvb2xlYW4gYXJnMiwgamJvb2xlYW4gYXJnMywgamludCBhcmc0KQp7
193	STATEMENT	7394	7451	1	94b42021cc8c928b29d21c2e2ef78cad53ec33383760a46d6e1f0c935fe556df	CglHVEszX05BVElWRV9FTlRFUihlbnYsIHRoYXQsIGd0a18xYm94XzFwYWNrXzFlbmRfRlVOQyk7
194	STATEMENT	7451	7550	1	f9dddc148f60b3f6dd3f8f3cd003240f4c7693ba59306fcb50ff5b3e92083421	CglndGtfYm94X3BhY2tfZW5kKChHdGtCb3ggKilhcmcwLCAoR3RrV2lkZ2V0ICopYXJnMSwgKGdib29sZWFuKWFyZzIsIChnYm9vbGVhbilhcmczLCAoZ3VpbnQpYXJnNCk7
195	STATEMENT	7550	7606	1	a91eaf046e13a552173a5cc0e0bd70202f13af1bec0add0d00a3713dbff51c87	CglHVEszX05BVElWRV9FWElUKGVudiwgdGhhdCwgZ3RrXzFib3hfMXBhY2tfMWVuZF9GVU5DKTs=
196	FRAGMENT	7606	7607	1	01ba4719c80b6fe911b091a7c05124b64eeece964e09c058ef8f9805daca546b	Cg==
197	BLOCK_CLOSE	7607	7608	0	d10b36aa74a59bcf4a88185837f658afaf3646eff2bb16c3928d0e9335e945d2	fQ==
198	PREPROCESSOR	7608	7616	0	626de321eb397f6600939892a0009f31bc378f7e886f9acc5ec0af18db6a99a7	CiNlbmRpZgo=
199	PREPROCESSOR	7616	7653	0	1af98c85651af12fa5fd30608c2613e634f25a3384606176a01d54fc5afc99b8	CiNpZm5kZWYgTk9fZ3RrXzFib3hfMXJlb3JkZXJfMWNoaWxkCg==
200	FUNCTION_OPEN	7653	7778	0	616cd4ce9bc4c7de65e87cc9ebf2f6b4f58e8af6d8e2fcca683881335e38d617	Sk5JRVhQT1JUIHZvaWQgSk5JQ0FMTCBHVEszX05BVElWRShndGtfMWJveF8xcmVvcmRlcl8xY2hpbGQpCgkoSk5JRW52ICplbnYsIGpjbGFzcyB0aGF0LCBqbG9uZyBhcmcwLCBqbG9uZyBhcmcxLCBqaW50IGFyZzIpCns=
201	STATEMENT	7778	7840	1	5d8ac6b31ba2644503dc47476d66e6e2a647eb8acd7be0ef85bed257bfecf1e8	CglHVEszX05BVElWRV9FTlRFUihlbnYsIHRoYXQsIGd0a18xYm94XzFyZW9yZGVyXzFjaGlsZF9GVU5DKTs=
202	STATEMENT	7840	7911	1	1f923b4df1d1c65f0eeb138ed4343750d5e55c7e2c215f8cd3bf540d9f3bf59f	CglndGtfYm94X3Jlb3JkZXJfY2hpbGQoKEd0a0JveCAqKWFyZzAsIChHdGtXaWRnZXQgKilhcmcxLCAoZ2ludClhcmcyKTs=
203	STATEMENT	7911	7972	1	660e7a8c91c0329f4b2f1f9c1b44bddf3071a742d39b041c278bd9c8e68fabf0	CglHVEszX05BVElWRV9FWElUKGVudiwgdGhhdCwgZ3RrXzFib3hfMXJlb3JkZXJfMWNoaWxkX0ZVTkMpOw==
204	FRAGMENT	7972	7973	1	01ba4719c80b6fe911b091a7c05124b64eeece964e09c058ef8f9805daca546b	Cg==
205	BLOCK_CLOSE	7973	7974	0	d10b36aa74a59bcf4a88185837f658afaf3646eff2bb16c3928d0e9335e945d2	fQ==
206	PREPROCESSOR	7974	7982	0	626de321eb397f6600939892a0009f31bc378f7e886f9acc5ec0af18db6a99a7	CiNlbmRpZgo=
207	PREPROCESSOR	7982	8024	0	37b9f3dc46a11fc4826d6dff617e5fe642373c2214c82c4352eafb00d6b6e604	CiNpZm5kZWYgTk9fZ3RrXzFib3hfMXNldF8xY2hpbGRfMXBhY2tpbmcK
208	FUNCTION_OPEN	8024	8195	0	31d54c176ad23942107ca30d497ffae9c37b9ac450d1b1dfacad4fea808ebf79	Sk5JRVhQT1JUIHZvaWQgSk5JQ0FMTCBHVEszX05BVElWRShndGtfMWJveF8xc2V0XzFjaGlsZF8xcGFja2luZykKCShKTklFbnYgKmVudiwgamNsYXNzIHRoYXQsIGpsb25nIGFyZzAsIGpsb25nIGFyZzEsIGpib29sZWFuIGFyZzIsIGpib29sZWFuIGFyZzMsIGppbnQgYXJnNCwgamludCBhcmc1KQp7
209	STATEMENT	8195	8262	1	285438947ad6cc03312cb0c662fd3f9d185e260e456e2286310f50959fb76eb3	CglHVEszX05BVElWRV9FTlRFUihlbnYsIHRoYXQsIGd0a18xYm94XzFzZXRfMWNoaWxkXzFwYWNraW5nX0ZVTkMpOw==
210	STATEMENT	8262	8349	1	d8ce7645c074dd6ad9515da95cc31c721ac634d50d562da500bb5a144c3b9ebd	CglndGtfYm94X3NldF9jaGlsZF9wYWNraW5nKChHdGtCb3ggKilhcmcwLCAoR3RrV2lkZ2V0ICopYXJnMSwgYXJnMiwgYXJnMywgYXJnNCwgYXJnNSk7
211	STATEMENT	8349	8415	1	0831d5373678f031541761560f7e8b52e0a5a65a7dffc94a6530ed6117aac049	CglHVEszX05BVElWRV9FWElUKGVudiwgdGhhdCwgZ3RrXzFib3hfMXNldF8xY2hpbGRfMXBhY2tpbmdfRlVOQyk7
212	FRAGMENT	8415	8416	1	01ba4719c80b6fe911b091a7c05124b64eeece964e09c058ef8f9805daca546b	Cg==
213	BLOCK_CLOSE	8416	8417	0	d10b36aa74a59bcf4a88185837f658afaf3646eff2bb16c3928d0e9335e945d2	fQ==
214	PREPROCESSOR	8417	8425	0	626de321eb397f6600939892a0009f31bc378f7e886f9acc5ec0af18db6a99a7	CiNlbmRpZgo=
215	PREPROCESSOR	8425	8461	0	b4b3d7580ea54d3dc27207e844efba9856959cc4d505fbf5a8c28d6f4c342681	CiNpZm5kZWYgTk9fZ3RrXzFidXR0b25fMXNldF8xaW1hZ2UK
216	FUNCTION_OPEN	8461	8574	0	98fda7faa3b36e5df3294d0b9cdb2761e021d899f0469ede676ae9d6952ed5a1	Sk5JRVhQT1JUIHZvaWQgSk5JQ0FMTCBHVEszX05BVElWRShndGtfMWJ1dHRvbl8xc2V0XzFpbWFnZSkKCShKTklFbnYgKmVudiwgamNsYXNzIHRoYXQsIGpsb25nIGFyZzAsIGpsb25nIGFyZzEpCns=
217	STATEMENT	8574	8635	1	1ee1030972a7986da43c08e3a7956d06dac8adecb4ff5c3d83d80bf245a3cebb	CglHVEszX05BVElWRV9FTlRFUihlbnYsIHRoYXQsIGd0a18xYnV0dG9uXzFzZXRfMWltYWdlX0ZVTkMpOw==
218	STATEMENT	8635	8696	1	1efb9e0af7193331f7876c45c94d27944c5d32bbee7b67e4720c801e80b17c11	CglndGtfYnV0dG9uX3NldF9pbWFnZSgoR3RrQnV0dG9uICopYXJnMCwgKEd0a1dpZGdldCAqKWFyZzEpOw==
219	STATEMENT	8696	8756	1	ac2a91fc303f6f9a69e05f66b271d3c1f997f9a9350becfdb21c4dda8d3fa7f8	CglHVEszX05BVElWRV9FWElUKGVudiwgdGhhdCwgZ3RrXzFidXR0b25fMXNldF8xaW1hZ2VfRlVOQyk7
220	FRAGMENT	8756	8757	1	01ba4719c80b6fe911b091a7c05124b64eeece964e09c058ef8f9805daca546b	Cg==
221	BLOCK_CLOSE	8757	8758	0	d10b36aa74a59bcf4a88185837f658afaf3646eff2bb16c3928d0e9335e945d2	fQ==
222	PREPROCESSOR	8758	8766	0	626de321eb397f6600939892a0009f31bc378f7e886f9acc5ec0af18db6a99a7	CiNlbmRpZgo=
223	PREPROCESSOR	8766	8803	0	f00648e32e1c6d2fae9a89b3c5fd9b846b031f40cdc2f6a240aa60dc513c24bc	CiNpZm5kZWYgTk9fZ3RrXzFjYWxlbmRhcl8xZ2V0XzFkYXRlCg==
224	FUNCTION_OPEN	8803	8953	0	56fd232b93287a4598bcafd01bdd817e78a884bd218f52ebc59ad7b6f8e3edf4	Sk5JRVhQT1JUIHZvaWQgSk5JQ0FMTCBHVEszX05BVElWRShndGtfMWNhbGVuZGFyXzFnZXRfMWRhdGUpCgkoSk5JRW52ICplbnYsIGpjbGFzcyB0aGF0LCBqbG9uZyBhcmcwLCBqaW50QXJyYXkgYXJnMSwgamludEFycmF5IGFyZzIsIGppbnRBcnJheSBhcmczKQp7
225	STATEMENT	8953	8973	1	490e641fda0849eab828d471df09f1ecd4438e25740081b8153585d71e8a1d7c	CglqaW50ICpscGFyZzE9TlVMTDs=
226	STATEMENT	8973	8993	1	6778f342eb5ab632481500374a71f394d94a272d1e7b47275cb4d780109a0ee9	CglqaW50ICpscGFyZzI9TlVMTDs=
227	STATEMENT	8993	9013	1	0f4babeb3fabdb0096eafa4397c27097595e5b24e72497515f7bc834d6e696e6	CglqaW50ICpscGFyZzM9TlVMTDs=
228	STATEMENT	9013	9075	1	ea9b4ad2d67fb913793b2d455e50a0164d02c03b47787e6c3d65cf2342696e69	CglHVEszX05BVElWRV9FTlRFUihlbnYsIHRoYXQsIGd0a18xY2FsZW5kYXJfMWdldF8xZGF0ZV9GVU5DKTs=
229	STATEMENT	9075	9166	1	56230e6f477fcbae216bfff8a88397d12cae0d8e10a6faee697ea4f2814ae573	CglpZiAoYXJnMSkgaWYgKChscGFyZzEgPSAoKmVudiktPkdldEludEFycmF5RWxlbWVudHMoZW52LCBhcmcxLCBOVUxMKSkgPT0gTlVMTCkgZ290byBmYWlsOw==
230	STATEMENT	9166	9257	1	ca6aabd59f1383d487b020921ad77bd304b1a72e14905b7e1fbd1d51e7e45db1	CglpZiAoYXJnMikgaWYgKChscGFyZzIgPSAoKmVudiktPkdldEludEFycmF5RWxlbWVudHMoZW52LCBhcmcyLCBOVUxMKSkgPT0gTlVMTCkgZ290byBmYWlsOw==
231	STATEMENT	9257	9348	1	7632bbb38eb7590a94c2214c3112651826b6ce953b00f0b1eb8eda5e1152fdd9	CglpZiAoYXJnMykgaWYgKChscGFyZzMgPSAoKmVudiktPkdldEludEFycmF5RWxlbWVudHMoZW52LCBhcmczLCBOVUxMKSkgPT0gTlVMTCkgZ290byBmYWlsOw==
232	STATEMENT	9348	9444	1	b71b2fb5d8f73eecd589e166420baeccde7dbb24b2ffb917a8ac5248e7ca5683	CglndGtfY2FsZW5kYXJfZ2V0X2RhdGUoKEd0a0NhbGVuZGFyICopYXJnMCwgKGd1aW50ICopbHBhcmcxLCAoZ3VpbnQgKilscGFyZzIsIChndWludCAqKWxwYXJnMyk7
233	STATEMENT	9444	9526	1	c93876a6b6eccbaa66ebcc5b123e27f00ff3bf4551e55ebdd675082af1fdc367	CmZhaWw6CglpZiAoYXJnMyAmJiBscGFyZzMpICgqZW52KS0+UmVsZWFzZUludEFycmF5RWxlbWVudHMoZW52LCBhcmczLCBscGFyZzMsIDApOw==
234	STATEMENT	9526	9602	1	486bcaa33a5c11402d66450e45c0ae57aad2ba28a1a0a8cf40513d6404a551ec	CglpZiAoYXJnMiAmJiBscGFyZzIpICgqZW52KS0+UmVsZWFzZUludEFycmF5RWxlbWVudHMoZW52LCBhcmcyLCBscGFyZzIsIDApOw==
235	STATEMENT	9602	9678	1	b55b4c6cd9959755821cc7b3c6e6583c0bcb71e003feabecd02b3bceb08bde8a	CglpZiAoYXJnMSAmJiBscGFyZzEpICgqZW52KS0+UmVsZWFzZUludEFycmF5RWxlbWVudHMoZW52LCBhcmcxLCBscGFyZzEsIDApOw==
236	STATEMENT	9678	9739	1	28a46c23f925d9622716d12564669c066ad64fcc75fdb641a2928f9c05b4d0e3	CglHVEszX05BVElWRV9FWElUKGVudiwgdGhhdCwgZ3RrXzFjYWxlbmRhcl8xZ2V0XzFkYXRlX0ZVTkMpOw==
237	FRAGMENT	9739	9740	1	01ba4719c80b6fe911b091a7c05124b64eeece964e09c058ef8f9805daca546b	Cg==
238	BLOCK_CLOSE	9740	9741	0	d10b36aa74a59bcf4a88185837f658afaf3646eff2bb16c3928d0e9335e945d2	fQ==
239	PREPROCESSOR	9741	9749	0	626de321eb397f6600939892a0009f31bc378f7e886f9acc5ec0af18db6a99a7	CiNlbmRpZgo=
240	PREPROCESSOR	9749	9788	0	2ac71652474b41453d79046472304e4ee75199c3e708b0cf94f9f47fe8b0ea97	CiNpZm5kZWYgTk9fZ3RrXzFjYWxlbmRhcl8xc2VsZWN0XzFkYXkK
241	FUNCTION_OPEN	9788	9903	0	1f4023ee8f253e05d642b59d7bc6f8c60ee96a8f43251fecefaf34325ada40c5	Sk5JRVhQT1JUIHZvaWQgSk5JQ0FMTCBHVEszX05BVElWRShndGtfMWNhbGVuZGFyXzFzZWxlY3RfMWRheSkKCShKTklFbnYgKmVudiwgamNsYXNzIHRoYXQsIGpsb25nIGFyZzAsIGppbnQgYXJnMSkKew==
242	STATEMENT	9903	9967	1	a3dddd1419eebe391bef326e703a7cc900c896c826c6ad945bb116571c02118b	CglHVEszX05BVElWRV9FTlRFUihlbnYsIHRoYXQsIGd0a18xY2FsZW5kYXJfMXNlbGVjdF8xZGF5X0ZVTkMpOw==
243	STATEMENT	9967	10027	1	6915605d59f31cd1491c6c874aa4677abc3270db7b27e01afc3962ca3f6a8d48	CglndGtfY2FsZW5kYXJfc2VsZWN0X2RheSgoR3RrQ2FsZW5kYXIgKilhcmcwLCAoZ3VpbnQpYXJnMSk7
244	STATEMENT	10027	10090	1	184bc21c7fdd8047f0bdce788106cb186f9504189c264e27b7cee26ce9b61ffe	CglHVEszX05BVElWRV9FWElUKGVudiwgdGhhdCwgZ3RrXzFjYWxlbmRhcl8xc2VsZWN0XzFkYXlfRlVOQyk7
245	FRAGMENT	10090	10091	1	01ba4719c80b6fe911b091a7c05124b64eeece964e09c058ef8f9805daca546b	Cg==
246	BLOCK_CLOSE	10091	10092	0	d10b36aa74a59bcf4a88185837f658afaf3646eff2bb16c3928d0e9335e945d2	fQ==
247	PREPROCESSOR	10092	10100	0	626de321eb397f6600939892a0009f31bc378f7e886f9acc5ec0af18db6a99a7	CiNlbmRpZgo=
248	PREPROCESSOR	10100	10141	0	25627543e7f4b0936b77ceee9b78c980970b8ecc351313f4c98db3d724ac234d	CiNpZm5kZWYgTk9fZ3RrXzFjYWxlbmRhcl8xc2VsZWN0XzFtb250aAo=
249	FUNCTION_OPEN	10141	10269	0	34d7a78736922400f36e7467f92082afaa3bbfe192227338ba860502edcd5967	Sk5JRVhQT1JUIHZvaWQgSk5JQ0FMTCBHVEszX05BVElWRShndGtfMWNhbGVuZGFyXzFzZWxlY3RfMW1vbnRoKQoJKEpOSUVudiAqZW52LCBqY2xhc3MgdGhhdCwgamxvbmcgYXJnMCwgamludCBhcmcxLCBqaW50IGFyZzIpCns=
250	STATEMENT	10269	10335	1	7d328d30b7229367d8c6391c55f5557deb4a599da517d38fed7e91f361112f82	CglHVEszX05BVElWRV9FTlRFUihlbnYsIHRoYXQsIGd0a18xY2FsZW5kYXJfMXNlbGVjdF8xbW9udGhfRlVOQyk7
251	STATEMENT	10335	10410	1	fea0b66d4562f6b8ed9e170df2a7a79974d961f18ce02ca0f746227d6f34c229	CglndGtfY2FsZW5kYXJfc2VsZWN0X21vbnRoKChHdGtDYWxlbmRhciAqKWFyZzAsIChndWludClhcmcxLCAoZ3VpbnQpYXJnMik7
252	STATEMENT	10410	10475	1	df6c85bd0b6c966f2d46dd6fd7f3ffe4e36d9704ec516881f972e7709c773db3	CglHVEszX05BVElWRV9FWElUKGVudiwgdGhhdCwgZ3RrXzFjYWxlbmRhcl8xc2VsZWN0XzFtb250aF9GVU5DKTs=
253	FRAGMENT	10475	10476	1	01ba4719c80b6fe911b091a7c05124b64eeece964e09c058ef8f9805daca546b	Cg==
254	BLOCK_CLOSE	10476	10477	0	d10b36aa74a59bcf4a88185837f658afaf3646eff2bb16c3928d0e9335e945d2	fQ==
255	PREPROCESSOR	10477	10485	0	626de321eb397f6600939892a0009f31bc378f7e886f9acc5ec0af18db6a99a7	CiNlbmRpZgo=
256	PREPROCESSOR	10485	10534	0	67e746e24a8a88dc614ac20db1eaee6334a68c4d46658fa7eb4ea5afb677ab2c	CiNpZm5kZWYgTk9fZ3RrXzFjYWxlbmRhcl8xc2V0XzFkaXNwbGF5XzFvcHRpb25zCg==
257	FUNCTION_OPEN	10534	10659	0	0ad0578c4b9a3cc2766e381fa141c20ec482ab7414207227f22776f30a46d10e	Sk5JRVhQT1JUIHZvaWQgSk5JQ0FMTCBHVEszX05BVElWRShndGtfMWNhbGVuZGFyXzFzZXRfMWRpc3BsYXlfMW9wdGlvbnMpCgkoSk5JRW52ICplbnYsIGpjbGFzcyB0aGF0LCBqbG9uZyBhcmcwLCBqaW50IGFyZzEpCns=
258	STATEMENT	10659	10733	1	d8761aa2c44c23a429f57aa6638b3de1ff52f8c3d61dc4239fbc43ea0b2bd460	CglHVEszX05BVElWRV9FTlRFUihlbnYsIHRoYXQsIGd0a18xY2FsZW5kYXJfMXNldF8xZGlzcGxheV8xb3B0aW9uc19GVU5DKTs=
259	STATEMENT	10733	10822	1	00c5abcd65c702a2fd40f13d413ffe19b02fae066f3609d4942d4095d61761b2	CglndGtfY2FsZW5kYXJfc2V0X2Rpc3BsYXlfb3B0aW9ucygoR3RrQ2FsZW5kYXIgKilhcmcwLCAoR3RrQ2FsZW5kYXJEaXNwbGF5T3B0aW9ucylhcmcxKTs=
260	STATEMENT	10822	10895	1	16c1e00c7c3268a61eeae766030c93b3e6d47ac37b7b96a3f7d692db62512266	CglHVEszX05BVElWRV9FWElUKGVudiwgdGhhdCwgZ3RrXzFjYWxlbmRhcl8xc2V0XzFkaXNwbGF5XzFvcHRpb25zX0ZVTkMpOw==
261	FRAGMENT	10895	10896	1	01ba4719c80b6fe911b091a7c05124b64eeece964e09c058ef8f9805daca546b	Cg==
262	BLOCK_CLOSE	10896	10897	0	d10b36aa74a59bcf4a88185837f658afaf3646eff2bb16c3928d0e9335e945d2	fQ==
263	PREPROCESSOR	10897	10905	0	626de321eb397f6600939892a0009f31bc378f7e886f9acc5ec0af18db6a99a7	CiNlbmRpZgo=
264	PREPROCESSOR	10905	10953	0	c5aa3d53eca5c0f6fbc6b8f9c099f233c19a7b89bef6eff518c283d46bbd77ac	CiNpZm5kZWYgTk9fZ3RrXzFjaGVja18xbWVudV8xaXRlbV8xZ2V0XzFhY3RpdmUK
265	FUNCTION_OPEN	10953	11070	0	eae47348afbce77f4d7d24a67a3f68293f253062b65e876fbd28931d6904acc9	Sk5JRVhQT1JUIGpib29sZWFuIEpOSUNBTEwgR1RLM19OQVRJVkUoZ3RrXzFjaGVja18xbWVudV8xaXRlbV8xZ2V0XzFhY3RpdmUpCgkoSk5JRW52ICplbnYsIGpjbGFzcyB0aGF0LCBqbG9uZyBhcmcwKQp7
266	STATEMENT	11070	11088	1	6e389c725127046540fa228f0aca981232172a088ed5b7d88f2be6db7346caa1	CglqYm9vbGVhbiByYyA9IDA7
267	STATEMENT	11088	11161	1	3b79ef65067583356fa5270b62a95898b1df6a2aae57f3b46c3f06bf031ea9e5	CglHVEszX05BVElWRV9FTlRFUihlbnYsIHRoYXQsIGd0a18xY2hlY2tfMW1lbnVfMWl0ZW1fMWdldF8xYWN0aXZlX0ZVTkMpOw==
268	STATEMENT	11161	11235	1	b5622859b2000bfe57bd5f8672e9c5cc548da6912472e0870372e82e280b47fc	CglyYyA9IChqYm9vbGVhbilndGtfY2hlY2tfbWVudV9pdGVtX2dldF9hY3RpdmUoKEd0a0NoZWNrTWVudUl0ZW0gKilhcmcwKTs=
269	STATEMENT	11235	11307	1	4d97e407f02b5d152e60cc750ce0c3db9e428bdb512ef154c7647dc55e40812f	CglHVEszX05BVElWRV9FWElUKGVudiwgdGhhdCwgZ3RrXzFjaGVja18xbWVudV8xaXRlbV8xZ2V0XzFhY3RpdmVfRlVOQyk7
270	STATEMENT	11307	11319	1	a028c9c9501df4846ec72c7b4432d4a3cb499b36b781bb1c38853498151d0ba7	CglyZXR1cm4gcmM7
271	FRAGMENT	11319	11320	1	01ba4719c80b6fe911b091a7c05124b64eeece964e09c058ef8f9805daca546b	Cg==
272	BLOCK_CLOSE	11320	11321	0	d10b36aa74a59bcf4a88185837f658afaf3646eff2bb16c3928d0e9335e945d2	fQ==
273	PREPROCESSOR	11321	11329	0	626de321eb397f6600939892a0009f31bc378f7e886f9acc5ec0af18db6a99a7	CiNlbmRpZgo=
274	PREPROCESSOR	11329	11369	0	b71e04878edfd7b63f26e88ccdb888edb407c5df3a5664b249e7fcdbac83c55f	CiNpZm5kZWYgTk9fZ3RrXzFjaGVja18xbWVudV8xaXRlbV8xbmV3Cg==
275	FUNCTION_OPEN	11369	11463	0	834ffaee4ecbab8bef8d6cbdbe9e66091da2cd9f6e21cdda86c1efa45cb9552f	Sk5JRVhQT1JUIGpsb25nIEpOSUNBTEwgR1RLM19OQVRJVkUoZ3RrXzFjaGVja18xbWVudV8xaXRlbV8xbmV3KQoJKEpOSUVudiAqZW52LCBqY2xhc3MgdGhhdCkKew==
276	STATEMENT	11463	11478	1	3411ceb5951bc52321d8d6cf00df310a159211846b0264e08db2a18b94173633	CglqbG9uZyByYyA9IDA7
277	STATEMENT	11478	11543	1	798079173a8d99138118ebe0b9c67538e2ed757da0a40886741d71b9944d6568	CglHVEszX05BVElWRV9FTlRFUihlbnYsIHRoYXQsIGd0a18xY2hlY2tfMW1lbnVfMWl0ZW1fMW5ld19GVU5DKTs=
278	STATEMENT	11543	11583	1	7f113404b34db0e7e5de79afd702a5942bf49ca9d1ad04596e7a01da313bff59	CglyYyA9IChqbG9uZylndGtfY2hlY2tfbWVudV9pdGVtX25ldygpOw==
279	STATEMENT	11583	11647	1	1805f2c3ec6660448aacd4460911631b2f6a7f161bab0cd9bc5a4fba9a31c94a	CglHVEszX05BVElWRV9FWElUKGVudiwgdGhhdCwgZ3RrXzFjaGVja18xbWVudV8xaXRlbV8xbmV3X0ZVTkMpOw==
280	STATEMENT	11647	11659	1	a028c9c9501df4846ec72c7b4432d4a3cb499b36b781bb1c38853498151d0ba7	CglyZXR1cm4gcmM7
281	FRAGMENT	11659	11660	1	01ba4719c80b6fe911b091a7c05124b64eeece964e09c058ef8f9805daca546b	Cg==
282	BLOCK_CLOSE	11660	11661	0	d10b36aa74a59bcf4a88185837f658afaf3646eff2bb16c3928d0e9335e945d2	fQ==
283	PREPROCESSOR	11661	11669	0	626de321eb397f6600939892a0009f31bc378f7e886f9acc5ec0af18db6a99a7	CiNlbmRpZgo=
284	PREPROCESSOR	11669	11717	0	bb198573cd4873e611a7ecd59a617a0a46b3208cd6bff0ec57510f99e0ef5606	CiNpZm5kZWYgTk9fZ3RrXzFjaGVja18xbWVudV8xaXRlbV8xc2V0XzFhY3RpdmUK
285	FUNCTION_OPEN	11717	11845	0	08a4cf10e82945950757e0e3261737ff68cd6f823be61a229b9ede5d363c4a42	Sk5JRVhQT1JUIHZvaWQgSk5JQ0FMTCBHVEszX05BVElWRShndGtfMWNoZWNrXzFtZW51XzFpdGVtXzFzZXRfMWFjdGl2ZSkKCShKTklFbnYgKmVudiwgamNsYXNzIHRoYXQsIGpsb25nIGFyZzAsIGpib29sZWFuIGFyZzEpCns=
286	STATEMENT	11845	11918	1	4ffc9abe62472a86cf16e03bdfe39762c322523b0412537c3809af8f6a7f04e6	CglHVEszX05BVElWRV9FTlRFUihlbnYsIHRoYXQsIGd0a18xY2hlY2tfMW1lbnVfMWl0ZW1fMXNldF8xYWN0aXZlX0ZVTkMpOw==
287	STATEMENT	11918	11993	1	f96b8ac7510763dfc5553c3f646462aa696f74245b22969498723109146b5066	CglndGtfY2hlY2tfbWVudV9pdGVtX3NldF9hY3RpdmUoKEd0a0NoZWNrTWVudUl0ZW0gKilhcmcwLCAoZ2Jvb2xlYW4pYXJnMSk7
288	STATEMENT	11993	12065	1	ac9337f6f3253c28344bbaa389c98964076fe46f48c5d52c0d38d0395384a5fb	CglHVEszX05BVElWRV9FWElUKGVudiwgdGhhdCwgZ3RrXzFjaGVja18xbWVudV8xaXRlbV8xc2V0XzFhY3RpdmVfRlVOQyk7
289	FRAGMENT	12065	12066	1	01ba4719c80b6fe911b091a7c05124b64eeece964e09c058ef8f9805daca546b	Cg==
290	BLOCK_CLOSE	12066	12067	0	d10b36aa74a59bcf4a88185837f658afaf3646eff2bb16c3928d0e9335e945d2	fQ==
291	PREPROCESSOR	12067	12075	0	626de321eb397f6600939892a0009f31bc378f7e886f9acc5ec0af18db6a99a7	CiNlbmRpZgo=
292	PREPROCESSOR	12075	12109	0	52f28cd4aa819df1bf8c9a2c1e2751495d5d62a6cf1be8cdb29791cfea07f4ec	CiNpZm5kZWYgTk9fZ3RrXzFjbGlwYm9hcmRfMWNsZWFyCg==
293	FUNCTION_OPEN	12109	12208	0	1c1914c32cade20d31fd93d62fcb11ba9fd54085b196c657fb206bc11a060d97	Sk5JRVhQT1JUIHZvaWQgSk5JQ0FMTCBHVEszX05BVElWRShndGtfMWNsaXBib2FyZF8xY2xlYXIpCgkoSk5JRW52ICplbnYsIGpjbGFzcyB0aGF0LCBqbG9uZyBhcmcwKQp7
294	STATEMENT	12208	12267	1	a6da8084f0d0a95ba630b3d5235ce9e83ce15b6c6d8afb63014482448c140b9e	CglHVEszX05BVElWRV9FTlRFUihlbnYsIHRoYXQsIGd0a18xY2xpcGJvYXJkXzFjbGVhcl9GVU5DKTs=
295	STATEMENT	12267	12311	1	1a7a52ed561fa11ceffefe474d91fd46d571e61c097796fe9e0192e2109a148f	CglndGtfY2xpcGJvYXJkX2NsZWFyKChHdGtDbGlwYm9hcmQgKilhcmcwKTs=
296	STATEMENT	12311	12369	1	718d676fc2e0a7c4f124e0587359656a12934349ea878e50cabfc345d82093ff	CglHVEszX05BVElWRV9FWElUKGVudiwgdGhhdCwgZ3RrXzFjbGlwYm9hcmRfMWNsZWFyX0ZVTkMpOw==
297	FRAGMENT	12369	12370	1	01ba4719c80b6fe911b091a7c05124b64eeece964e09c058ef8f9805daca546b	Cg==
298	BLOCK_CLOSE	12370	12371	0	d10b36aa74a59bcf4a88185837f658afaf3646eff2bb16c3928d0e9335e945d2	fQ==
299	PREPROCESSOR	12371	12379	0	626de321eb397f6600939892a0009f31bc378f7e886f9acc5ec0af18db6a99a7	CiNlbmRpZgo=
300	PREPROCESSOR	12379	12411	0	7b9845d8e10000511267c53b269591916a374e6b56c18800bad9974eed6b8c72	CiNpZm5kZWYgTk9fZ3RrXzFjbGlwYm9hcmRfMWdldAo=
301	FUNCTION_OPEN	12411	12509	0	87f730801283f4243fd5d0597f35363f3773cce2f86cfcacaaab953990c4521b	Sk5JRVhQT1JUIGpsb25nIEpOSUNBTEwgR1RLM19OQVRJVkUoZ3RrXzFjbGlwYm9hcmRfMWdldCkKCShKTklFbnYgKmVudiwgamNsYXNzIHRoYXQsIGpsb25nIGFyZzApCns=
302	STATEMENT	12509	12524	1	3411ceb5951bc52321d8d6cf00df310a159211846b0264e08db2a18b94173633	CglqbG9uZyByYyA9IDA7
303	STATEMENT	12524	12581	1	c538f4bdc7dc979019490a83f70ddcb212ea2309cb79f4e5b022fdd8bcbb606d	CglHVEszX05BVElWRV9FTlRFUihlbnYsIHRoYXQsIGd0a18xY2xpcGJvYXJkXzFnZXRfRlVOQyk7
304	STATEMENT	12581	12628	1	c21cfe53075ed6e7cdb9899d6f3e90847337e3b8b1116204b2c060b9b82b54b4	CglyYyA9IChqbG9uZylndGtfY2xpcGJvYXJkX2dldCgoR2RrQXRvbSlhcmcwKTs=
305	STATEMENT	12628	12684	1	45dcdef216aec8d80f31f038d7022c33165c1a6427e5722667ef6c642f310e1e	CglHVEszX05BVElWRV9FWElUKGVudiwgdGhhdCwgZ3RrXzFjbGlwYm9hcmRfMWdldF9GVU5DKTs=
306	STATEMENT	12684	12696	1	a028c9c9501df4846ec72c7b4432d4a3cb499b36b781bb1c38853498151d0ba7	CglyZXR1cm4gcmM7
307	FRAGMENT	12696	12697	1	01ba4719c80b6fe911b091a7c05124b64eeece964e09c058ef8f9805daca546b	Cg==
308	BLOCK_CLOSE	12697	12698	0	d10b36aa74a59bcf4a88185837f658afaf3646eff2bb16c3928d0e9335e945d2	fQ==
309	PREPROCESSOR	12698	12706	0	626de321eb397f6600939892a0009f31bc378f7e886f9acc5ec0af18db6a99a7	CiNlbmRpZgo=
310	PREPROCESSOR	12706	12750	0	0243e2fc57db2fc764e8776702f339be3dfba55dbe241b00c341be4e4fc8f75d	CiNpZm5kZWYgTk9fZ3RrXzFjbGlwYm9hcmRfMXNldF8xY2FuXzFzdG9yZQo=
311	FUNCTION_OPEN	12750	12882	0	d80e851c65fd2a1fe6cc4ad1a192c9921f4ecec0549ad9607656d68707b73854	Sk5JRVhQT1JUIHZvaWQgSk5JQ0FMTCBHVEszX05BVElWRShndGtfMWNsaXBib2FyZF8xc2V0XzFjYW5fMXN0b3JlKQoJKEpOSUVudiAqZW52LCBqY2xhc3MgdGhhdCwgamxvbmcgYXJnMCwgamxvbmcgYXJnMSwgamludCBhcmcyKQp7
312	STATEMENT	12882	12951	1	b5cf65cece8fc8995cd6f0dfa3dd355226e48cc16616f999b4d35a1d502fa9ad	CglHVEszX05BVElWRV9FTlRFUihlbnYsIHRoYXQsIGd0a18xY2xpcGJvYXJkXzFzZXRfMWNhbl8xc3RvcmVfRlVOQyk7
313	STATEMENT	12951	13045	1	832d60f0923aa6586c0e7a2ced82214efbbdaad79da7b1c02f02d4092d72e5e9	CglndGtfY2xpcGJvYXJkX3NldF9jYW5fc3RvcmUoKEd0a0NsaXBib2FyZCAqKWFyZzAsIChjb25zdCBHdGtUYXJnZXRFbnRyeSAqKWFyZzEsIChnaW50KWFyZzIpOw==
314	STATEMENT	13045	13113	1	f54158436bf136f7a7213d4f8c38524567386c72cecb21e407f2e6ba2b28c7d4	CglHVEszX05BVElWRV9FWElUKGVudiwgdGhhdCwgZ3RrXzFjbGlwYm9hcmRfMXNldF8xY2FuXzFzdG9yZV9GVU5DKTs=
315	FRAGMENT	13113	13114	1	01ba4719c80b6fe911b091a7c05124b64eeece964e09c058ef8f9805daca546b	Cg==
316	BLOCK_CLOSE	13114	13115	0	d10b36aa74a59bcf4a88185837f658afaf3646eff2bb16c3928d0e9335e945d2	fQ==
317	PREPROCESSOR	13115	13123	0	626de321eb397f6600939892a0009f31bc378f7e886f9acc5ec0af18db6a99a7	CiNlbmRpZgo=
318	PREPROCESSOR	13123	13168	0	0d6927bd16a8388fec15827b1ca61761fa6271e47df643667f567331626ae58d	CiNpZm5kZWYgTk9fZ3RrXzFjbGlwYm9hcmRfMXNldF8xd2l0aF8xb3duZXIK
319	FUNCTION_OPEN	13168	13341	0	8f1ef178df7cfc07f5491228cda1d6f24328ac40cfbac714bc6b6b57d7ca4248	Sk5JRVhQT1JUIGpib29sZWFuIEpOSUNBTEwgR1RLM19OQVRJVkUoZ3RrXzFjbGlwYm9hcmRfMXNldF8xd2l0aF8xb3duZXIpCgkoSk5JRW52ICplbnYsIGpjbGFzcyB0aGF0LCBqbG9uZyBhcmcwLCBqbG9uZyBhcmcxLCBqaW50IGFyZzIsIGpsb25nIGFyZzMsIGpsb25nIGFyZzQsIGpsb25nIGFyZzUpCns=
320	STATEMENT	13341	13359	1	6e389c725127046540fa228f0aca981232172a088ed5b7d88f2be6db7346caa1	CglqYm9vbGVhbiByYyA9IDA7
321	STATEMENT	13359	13429	1	8fee1373a44b8f3fd1aa4bf4202bbd1b492379149f7dbfef61b3f27244f55c68	CglHVEszX05BVElWRV9FTlRFUihlbnYsIHRoYXQsIGd0a18xY2xpcGJvYXJkXzFzZXRfMXdpdGhfMW93bmVyX0ZVTkMpOw==
322	STATEMENT	13429	13613	1	b2935bde6cb4ee265ece592bbbdc4b263166cb48b498dc05f937b2cf30ff52b1	CglyYyA9IChqYm9vbGVhbilndGtfY2xpcGJvYXJkX3NldF93aXRoX293bmVyKChHdGtDbGlwYm9hcmQgKilhcmcwLCAoY29uc3QgR3RrVGFyZ2V0RW50cnkgKilhcmcxLCAoZ3VpbnQpYXJnMiwgKEd0a0NsaXBib2FyZEdldEZ1bmMpYXJnMywgKEd0a0NsaXBib2FyZENsZWFyRnVuYylhcmc0LCAoR09iamVjdCAqKWFyZzUpOw==
323	STATEMENT	13613	13682	1	70291b949d7c3ac09e99d8d3fb3ffc54ef7b8b6b8bc4ca81a7745616b94240fe	CglHVEszX05BVElWRV9FWElUKGVudiwgdGhhdCwgZ3RrXzFjbGlwYm9hcmRfMXNldF8xd2l0aF8xb3duZXJfRlVOQyk7
324	STATEMENT	13682	13694	1	a028c9c9501df4846ec72c7b4432d4a3cb499b36b781bb1c38853498151d0ba7	CglyZXR1cm4gcmM7
325	FRAGMENT	13694	13695	1	01ba4719c80b6fe911b091a7c05124b64eeece964e09c058ef8f9805daca546b	Cg==
326	BLOCK_CLOSE	13695	13696	0	d10b36aa74a59bcf4a88185837f658afaf3646eff2bb16c3928d0e9335e945d2	fQ==
327	PREPROCESSOR	13696	13704	0	626de321eb397f6600939892a0009f31bc378f7e886f9acc5ec0af18db6a99a7	CiNlbmRpZgo=
328	PREPROCESSOR	13704	13738	0	39e8dec46f1a7963db806b9d84ab6d6214c11bbca0f321527d4d17b3d458a16f	CiNpZm5kZWYgTk9fZ3RrXzFjbGlwYm9hcmRfMXN0b3JlCg==
329	FUNCTION_OPEN	13738	13837	0	68e86da3cd18c1bd5c790ca207d34750454bcb04a4e845f1986eab1fb71f7e41	Sk5JRVhQT1JUIHZvaWQgSk5JQ0FMTCBHVEszX05BVElWRShndGtfMWNsaXBib2FyZF8xc3RvcmUpCgkoSk5JRW52ICplbnYsIGpjbGFzcyB0aGF0LCBqbG9uZyBhcmcwKQp7
330	STATEMENT	13837	13896	1	77d41c21f6c241233761f97774892363d303a1987cbb76ad004e6d137e10b833	CglHVEszX05BVElWRV9FTlRFUihlbnYsIHRoYXQsIGd0a18xY2xpcGJvYXJkXzFzdG9yZV9GVU5DKTs=
331	STATEMENT	13896	13940	1	fc3c26ea925a06cb2c897d0610f2b57c646bf266ea4b8f58f894d147e51fd55d	CglndGtfY2xpcGJvYXJkX3N0b3JlKChHdGtDbGlwYm9hcmQgKilhcmcwKTs=
332	STATEMENT	13940	13998	1	4693dd2a78e1bf14c73356fc9f177ea1d997822f5331d3a000751420d1d6c91f	CglHVEszX05BVElWRV9FWElUKGVudiwgdGhhdCwgZ3RrXzFjbGlwYm9hcmRfMXN0b3JlX0ZVTkMpOw==
333	FRAGMENT	13998	13999	1	01ba4719c80b6fe911b091a7c05124b64eeece964e09c058ef8f9805daca546b	Cg==
334	BLOCK_CLOSE	13999	14000	0	d10b36aa74a59bcf4a88185837f658afaf3646eff2bb16c3928d0e9335e945d2	fQ==
335	PREPROCESSOR	14000	14008	0	626de321eb397f6600939892a0009f31bc378f7e886f9acc5ec0af18db6a99a7	CiNlbmRpZgo=
336	PREPROCESSOR	14008	14056	0	b0aa428a60e5780a70ea6b8dc9e0887c8276d9a3e7582639169a9143feeac8cc	CiNpZm5kZWYgTk9fZ3RrXzFjbGlwYm9hcmRfMXdhaXRfMWZvcl8xY29udGVudHMK
337	FUNCTION_OPEN	14056	14182	0	f4d47cd410dc1a797aab7a79689f63ff03920172da4157d848353cf68d1e0848	Sk5JRVhQT1JUIGpsb25nIEpOSUNBTEwgR1RLM19OQVRJVkUoZ3RrXzFjbGlwYm9hcmRfMXdhaXRfMWZvcl8xY29udGVudHMpCgkoSk5JRW52ICplbnYsIGpjbGFzcyB0aGF0LCBqbG9uZyBhcmcwLCBqbG9uZyBhcmcxKQp7
338	STATEMENT	14182	14197	1	3411ceb5951bc52321d8d6cf00df310a159211846b0264e08db2a18b94173633	CglqbG9uZyByYyA9IDA7
339	STATEMENT	14197	14270	1	ecf5cbc2cd10672f4dfe990f45d230fe70f1e7d1f620a5e81a61ff46d25a3afd	CglHVEszX05BVElWRV9FTlRFUihlbnYsIHRoYXQsIGd0a18xY2xpcGJvYXJkXzF3YWl0XzFmb3JfMWNvbnRlbnRzX0ZVTkMpOw==
340	STATEMENT	14270	14353	1	e7bcdf9210d1631ea0766e132ef7796338e4b599807f3394ba10842ee07aebf0	CglyYyA9IChqbG9uZylndGtfY2xpcGJvYXJkX3dhaXRfZm9yX2NvbnRlbnRzKChHdGtDbGlwYm9hcmQgKilhcmcwLCAoR2RrQXRvbSlhcmcxKTs=
341	STATEMENT	14353	14425	1	6a6b4654b2d5a838823848a049848e0617629e6a9969a02de9b4ec33dcca6c45	CglHVEszX05BVElWRV9FWElUKGVudiwgdGhhdCwgZ3RrXzFjbGlwYm9hcmRfMXdhaXRfMWZvcl8xY29udGVudHNfRlVOQyk7
342	STATEMENT	14425	14437	1	a028c9c9501df4846ec72c7b4432d4a3cb499b36b781bb1c38853498151d0ba7	CglyZXR1cm4gcmM7
343	FRAGMENT	14437	14438	1	01ba4719c80b6fe911b091a7c05124b64eeece964e09c058ef8f9805daca546b	Cg==
344	BLOCK_CLOSE	14438	14439	0	d10b36aa74a59bcf4a88185837f658afaf3646eff2bb16c3928d0e9335e945d2	fQ==
345	PREPROCESSOR	14439	14447	0	626de321eb397f6600939892a0009f31bc378f7e886f9acc5ec0af18db6a99a7	CiNlbmRpZgo=
346	PREPROCESSOR	14447	14493	0	76b3a2df369a5c3ced1711f69556a1419f89be434c932c4aa01fd5b0503a16fa	CiNpZm5kZWYgTk9fZ3RrXzFjb21ib18xYm94XzFnZXRfMXdyYXBfMXdpZHRoCg==
347	FUNCTION_OPEN	14493	14604	0	79bfea6fee47a211be9d15f20d27fef2cfe561251f9b6f5dceae2cbe9af08dac	Sk5JRVhQT1JUIGppbnQgSk5JQ0FMTCBHVEszX05BVElWRShndGtfMWNvbWJvXzFib3hfMWdldF8xd3JhcF8xd2lkdGgpCgkoSk5JRW52ICplbnYsIGpjbGFzcyB0aGF0LCBqbG9uZyBhcmcwKQp7
348	STATEMENT	14604	14618	1	ab2eac128ef6225b35f40b35e2bd8fba39be8b3b6b281960b3c51646eba99890	CglqaW50IHJjID0gMDs=
349	STATEMENT	14618	14689	1	5310dbdf7c1847b619dcabc56f96e963d4948269edde17303f8f202b8d97b443	CglHVEszX05BVElWRV9FTlRFUihlbnYsIHRoYXQsIGd0a18xY29tYm9fMWJveF8xZ2V0XzF3cmFwXzF3aWR0aF9GVU5DKTs=
350	STATEMENT	14689	14752	1	d8285a9b19790d43d0bfeb4aa62289dbd8b3d2913baa299d1bd08455eac81950	CglyYyA9IChqaW50KWd0a19jb21ib19ib3hfZ2V0X3dyYXBfd2lkdGgoKEd0a0NvbWJvQm94ICopYXJnMCk7
351	STATEMENT	14752	14822	1	255cc0a8ada25a4da7368391faf726658db9789b575e414dad11a81398c0aafc	CglHVEszX05BVElWRV9FWElUKGVudiwgdGhhdCwgZ3RrXzFjb21ib18xYm94XzFnZXRfMXdyYXBfMXdpZHRoX0ZVTkMpOw==
352	STATEMENT	14822	14834	1	a028c9c9501df4846ec72c7b4432d4a3cb499b36b781bb1c38853498151d0ba7	CglyZXR1cm4gcmM7
353	FRAGMENT	14834	14835	1	01ba4719c80b6fe911b091a7c05124b64eeece964e09c058ef8f9805daca546b	Cg==
354	BLOCK_CLOSE	14835	14836	0	d10b36aa74a59bcf4a88185837f658afaf3646eff2bb16c3928d0e9335e945d2	fQ==
355	PREPROCESSOR	14836	14844	0	626de321eb397f6600939892a0009f31bc378f7e886f9acc5ec0af18db6a99a7	CiNlbmRpZgo=
356	PREPROCESSOR	14844	14890	0	7e6af7e623251bc5b70c72e8761a4c29bc2e5d1692d15c7ceb276940f92239b0	CiNpZm5kZWYgTk9fZ3RrXzFjb21ib18xYm94XzFzZXRfMXdyYXBfMXdpZHRoCg==
357	FUNCTION_OPEN	14890	15012	0	81ef7858f31f4cd34670ab5a6d68217e2fbf1c54f168e7e2bf926634029b9df2	Sk5JRVhQT1JUIHZvaWQgSk5JQ0FMTCBHVEszX05BVElWRShndGtfMWNvbWJvXzFib3hfMXNldF8xd3JhcF8xd2lkdGgpCgkoSk5JRW52ICplbnYsIGpjbGFzcyB0aGF0LCBqbG9uZyBhcmcwLCBqaW50IGFyZzEpCns=
358	STATEMENT	15012	15083	1	2579f3623861ef46b200afb47db92016b55634abbfa31185eeba6bc421dfc0e9	CglHVEszX05BVElWRV9FTlRFUihlbnYsIHRoYXQsIGd0a18xY29tYm9fMWJveF8xc2V0XzF3cmFwXzF3aWR0aF9GVU5DKTs=
359	STATEMENT	15083	15147	1	d4e601ea78f852b2d727d27b147b68f446895576e50a419d09010feecedecde7	CglndGtfY29tYm9fYm94X3NldF93cmFwX3dpZHRoKChHdGtDb21ib0JveCAqKWFyZzAsIChnaW50KWFyZzEpOw==
360	STATEMENT	15147	15217	1	f37b4e314bedb4ad1fcb6968331d8d5bb381a81bc3052aac1e887ce476a79742	CglHVEszX05BVElWRV9FWElUKGVudiwgdGhhdCwgZ3RrXzFjb21ib18xYm94XzFzZXRfMXdyYXBfMXdpZHRoX0ZVTkMpOw==
361	FRAGMENT	15217	15218	1	01ba4719c80b6fe911b091a7c05124b64eeece964e09c058ef8f9805daca546b	Cg==
362	BLOCK_CLOSE	15218	15219	0	d10b36aa74a59bcf4a88185837f658afaf3646eff2bb16c3928d0e9335e945d2	fQ==
363	PREPROCESSOR	15219	15227	0	626de321eb397f6600939892a0009f31bc378f7e886f9acc5ec0af18db6a99a7	CiNlbmRpZgo=
364	PREPROCESSOR	15227	15259	0	4dda9e539a2c04f3877ff46cccc1efc22ed919dbbed03f85be25ede0ccf4989e	CiNpZm5kZWYgTk9fZ3RrXzFjb250YWluZXJfMWFkZAo=
365	FUNCTION_OPEN	15259	15368	0	3cdb8c3e1e0e825e736e4ff0dc3935b6c9fd3f1e4440c6911835b548da565b1e	Sk5JRVhQT1JUIHZvaWQgSk5JQ0FMTCBHVEszX05BVElWRShndGtfMWNvbnRhaW5lcl8xYWRkKQoJKEpOSUVudiAqZW52LCBqY2xhc3MgdGhhdCwgamxvbmcgYXJnMCwgamxvbmcgYXJnMSkKew==
366	STATEMENT	15368	15425	1	4a164218f99b511ffc18243a3f278f0fe894fa02bf50cbb25742de1d5fed9208	CglHVEszX05BVElWRV9FTlRFUihlbnYsIHRoYXQsIGd0a18xY29udGFpbmVyXzFhZGRfRlVOQyk7
367	STATEMENT	15425	15486	1	61f68b788046b0616bfa1ea75fee3c6bd0f5a571a317c0bf0296cc4bb255fb29	CglndGtfY29udGFpbmVyX2FkZCgoR3RrQ29udGFpbmVyICopYXJnMCwgKEd0a1dpZGdldCAqKWFyZzEpOw==
368	STATEMENT	15486	15542	1	49b5f15ddab3815a47416aaf666572d8c008611a229f60516efa4e10ffae0d26	CglHVEszX05BVElWRV9FWElUKGVudiwgdGhhdCwgZ3RrXzFjb250YWluZXJfMWFkZF9GVU5DKTs=
369	FRAGMENT	15542	15543	1	01ba4719c80b6fe911b091a7c05124b64eeece964e09c058ef8f9805daca546b	Cg==
370	BLOCK_CLOSE	15543	15544	0	d10b36aa74a59bcf4a88185837f658afaf3646eff2bb16c3928d0e9335e945d2	fQ==
371	PREPROCESSOR	15544	15552	0	626de321eb397f6600939892a0009f31bc378f7e886f9acc5ec0af18db6a99a7	CiNlbmRpZgo=
372	PREPROCESSOR	15552	15587	0	19fcc956f48c13b445f11e1e18351032993f5373b8cb4be499e26f44e762be4b	CiNpZm5kZWYgTk9fZ3RrXzFjb250YWluZXJfMWZvcmFsbAo=
373	FUNCTION_OPEN	15587	15711	0	36167d9b72f2a6bbc2c35f1fe8a047898c21e707feaec2da11ea9838d3dc3fac	Sk5JRVhQT1JUIHZvaWQgSk5JQ0FMTCBHVEszX05BVElWRShndGtfMWNvbnRhaW5lcl8xZm9yYWxsKQoJKEpOSUVudiAqZW52LCBqY2xhc3MgdGhhdCwgamxvbmcgYXJnMCwgamxvbmcgYXJnMSwgamxvbmcgYXJnMikKew==
374	STATEMENT	15711	15771	1	4f166e956af77ba10df3573b2af4dbf441552990c9ec7f953ebcb0a460160e8d	CglHVEszX05BVElWRV9FTlRFUihlbnYsIHRoYXQsIGd0a18xY29udGFpbmVyXzFmb3JhbGxfRlVOQyk7
375	STATEMENT	15771	15851	1	533ea2c5cdd4e871c8aba469b916fe94b797f21d946b04944a0989117da826ca	CglndGtfY29udGFpbmVyX2ZvcmFsbCgoR3RrQ29udGFpbmVyICopYXJnMCwgKEd0a0NhbGxiYWNrKWFyZzEsIChncG9pbnRlcilhcmcyKTs=
376	STATEMENT	15851	15910	1	e4349467ae8298cb48e844f128276ffa6ab85906c2b1bfbb3f60dce67f6e3a64	CglHVEszX05BVElWRV9FWElUKGVudiwgdGhhdCwgZ3RrXzFjb250YWluZXJfMWZvcmFsbF9GVU5DKTs=
377	FRAGMENT	15910	15911	1	01ba4719c80b6fe911b091a7c05124b64eeece964e09c058ef8f9805daca546b	Cg==
378	BLOCK_CLOSE	15911	15912	0	d10b36aa74a59bcf4a88185837f658afaf3646eff2bb16c3928d0e9335e945d2	fQ==
379	PREPROCESSOR	15912	15920	0	626de321eb397f6600939892a0009f31bc378f7e886f9acc5ec0af18db6a99a7	CiNlbmRpZgo=
380	PREPROCESSOR	15920	15967	0	286d79eafe30138ea8e1e91a9c86348f3ebc1b01cbf8875953f986837a90e9a4	CiNpZm5kZWYgTk9fZ3RrXzFjb250YWluZXJfMWdldF8xYm9yZGVyXzF3aWR0aAo=
381	FUNCTION_OPEN	15967	16079	0	75e2d15d225c5873db4793c1817dde7838a2ffb4bec4fc02034daa81919c7da8	Sk5JRVhQT1JUIGppbnQgSk5JQ0FMTCBHVEszX05BVElWRShndGtfMWNvbnRhaW5lcl8xZ2V0XzFib3JkZXJfMXdpZHRoKQoJKEpOSUVudiAqZW52LCBqY2xhc3MgdGhhdCwgamxvbmcgYXJnMCkKew==
382	STATEMENT	16079	16093	1	ab2eac128ef6225b35f40b35e2bd8fba39be8b3b6b281960b3c51646eba99890	CglqaW50IHJjID0gMDs=
383	STATEMENT	16093	16165	1	b563b952281f068c1b268315d42080a85ff7a3c0f984262e82fe2e71987a9bab	CglHVEszX05BVElWRV9FTlRFUihlbnYsIHRoYXQsIGd0a18xY29udGFpbmVyXzFnZXRfMWJvcmRlcl8xd2lkdGhfRlVOQyk7
384	STATEMENT	16165	16231	1	af9d4e6247f7528d8e97a253bd63db1dbcc309b89aa896e4593e01503b76bd9b	CglyYyA9IChqaW50KWd0a19jb250YWluZXJfZ2V0X2JvcmRlcl93aWR0aCgoR3RrQ29udGFpbmVyICopYXJnMCk7
385	STATEMENT	16231	16302	1	b0f4893be4bef390a7f5f1a7463c0065018462e5fcc2a1edc337a428adcc9120	CglHVEszX05BVElWRV9FWElUKGVudiwgdGhhdCwgZ3RrXzFjb250YWluZXJfMWdldF8xYm9yZGVyXzF3aWR0aF9GVU5DKTs=
386	STATEMENT	16302	16314	1	a028c9c9501df4846ec72c7b4432d4a3cb499b36b781bb1c38853498151d0ba7	CglyZXR1cm4gcmM7
387	FRAGMENT	16314	16315	1	01ba4719c80b6fe911b091a7c05124b64eeece964e09c058ef8f9805daca546b	Cg==
388	BLOCK_CLOSE	16315	16316	0	d10b36aa74a59bcf4a88185837f658afaf3646eff2bb16c3928d0e9335e945d2	fQ==
389	PREPROCESSOR	16316	16324	0	626de321eb397f6600939892a0009f31bc378f7e886f9acc5ec0af18db6a99a7	CiNlbmRpZgo=
390	PREPROCESSOR	16324	16366	0	e3a3593f5dd78a9f6135608c89480f27d4db7f66bf1cead6652cee00b627d13c	CiNpZm5kZWYgTk9fZ3RrXzFjb250YWluZXJfMWdldF8xY2hpbGRyZW4K
391	FUNCTION_OPEN	16366	16474	0	cb994fd049ca1a7f33e9aef2eed9d37064ff7e9d35370714160d7ad8a2e9e0e3	Sk5JRVhQT1JUIGpsb25nIEpOSUNBTEwgR1RLM19OQVRJVkUoZ3RrXzFjb250YWluZXJfMWdldF8xY2hpbGRyZW4pCgkoSk5JRW52ICplbnYsIGpjbGFzcyB0aGF0LCBqbG9uZyBhcmcwKQp7
392	STATEMENT	16474	16489	1	3411ceb5951bc52321d8d6cf00df310a159211846b0264e08db2a18b94173633	CglqbG9uZyByYyA9IDA7
393	STATEMENT	16489	16556	1	00d95754c596b0e8901b8efbf89019741163877e102a87e7fe7b362ffc3c961e	CglHVEszX05BVElWRV9FTlRFUihlbnYsIHRoYXQsIGd0a18xY29udGFpbmVyXzFnZXRfMWNoaWxkcmVuX0ZVTkMpOw==
394	STATEMENT	16556	16619	1	8f8ac026abb94be388416aa22a3dcbe7bd50f9f27e905b29daa234fa020a9b89	CglyYyA9IChqbG9uZylndGtfY29udGFpbmVyX2dldF9jaGlsZHJlbigoR3RrQ29udGFpbmVyICopYXJnMCk7
395	STATEMENT	16619	16685	1	5124da7a940295200b0381f333d2c8ca737c0c882dd36f2ddc0a7adaac6cfc37	CglHVEszX05BVElWRV9FWElUKGVudiwgdGhhdCwgZ3RrXzFjb250YWluZXJfMWdldF8xY2hpbGRyZW5fRlVOQyk7
396	STATEMENT	16685	16697	1	a028c9c9501df4846ec72c7b4432d4a3cb499b36b781bb1c38853498151d0ba7	CglyZXR1cm4gcmM7
397	FRAGMENT	16697	16698	1	01ba4719c80b6fe911b091a7c05124b64eeece964e09c058ef8f9805daca546b	Cg==
398	BLOCK_CLOSE	16698	16699	0	d10b36aa74a59bcf4a88185837f658afaf3646eff2bb16c3928d0e9335e945d2	fQ==
399	PREPROCESSOR	16699	16707	0	626de321eb397f6600939892a0009f31bc378f7e886f9acc5ec0af18db6a99a7	CiNlbmRpZgo=
400	PREPROCESSOR	16707	16751	0	cb712b36e5490a691f39f8b9ca7e9a73b61fa4c4390b38e6ba1de68257afe0ae	CiNpZm5kZWYgTk9fZ3RrXzFjb250YWluZXJfMXByb3BhZ2F0ZV8xZHJhdwo=
401	FUNCTION_OPEN	16751	16884	0	3498e21d2c7815d3837b398a612092f59f1d9ae57a0d7994d8db51ba31e2e51a	Sk5JRVhQT1JUIHZvaWQgSk5JQ0FMTCBHVEszX05BVElWRShndGtfMWNvbnRhaW5lcl8xcHJvcGFnYXRlXzFkcmF3KQoJKEpOSUVudiAqZW52LCBqY2xhc3MgdGhhdCwgamxvbmcgYXJnMCwgamxvbmcgYXJnMSwgamxvbmcgYXJnMikKew==
402	STATEMENT	16884	16953	1	7cda89f3275aff3f94459221720a901097ff0a87f17c89c066a0f4d9fb30d487	CglHVEszX05BVElWRV9FTlRFUihlbnYsIHRoYXQsIGd0a18xY29udGFpbmVyXzFwcm9wYWdhdGVfMWRyYXdfRlVOQyk7
403	STATEMENT	16953	17042	1	1d1ff1548fdb853d5752b4b0280a35183de46e8841760fa2984873378d8877df	CglndGtfY29udGFpbmVyX3Byb3BhZ2F0ZV9kcmF3KChHdGtDb250YWluZXIgKilhcmcwLCAoR3RrV2lkZ2V0ICopYXJnMSwgKGNhaXJvX3QgKilhcmcyKTs=
404	STATEMENT	17042	17110	1	4d0a1519432e51362f8b4b093b2d44875faaf672c56d47e1114c1a9c4bc22d15	CglHVEszX05BVElWRV9FWElUKGVudiwgdGhhdCwgZ3RrXzFjb250YWluZXJfMXByb3BhZ2F0ZV8xZHJhd19GVU5DKTs=
405	FRAGMENT	17110	17111	1	01ba4719c80b6fe911b091a7c05124b64eeece964e09c058ef8f9805daca546b	Cg==
406	BLOCK_CLOSE	17111	17112	0	d10b36aa74a59bcf4a88185837f658afaf3646eff2bb16c3928d0e9335e945d2	fQ==
407	PREPROCESSOR	17112	17120	0	626de321eb397f6600939892a0009f31bc378f7e886f9acc5ec0af18db6a99a7	CiNlbmRpZgo=
408	PREPROCESSOR	17120	17155	0	c4ed75d175adc7ecad64cd0c452d474c90d87d1f7f44da4e164b64f44221f5b5	CiNpZm5kZWYgTk9fZ3RrXzFjb250YWluZXJfMXJlbW92ZQo=
409	FUNCTION_OPEN	17155	17267	0	3ebac626762a52830c3d83d4214cf109ed55e4ab4b00238881f147f35540ca99	Sk5JRVhQT1JUIHZvaWQgSk5JQ0FMTCBHVEszX05BVElWRShndGtfMWNvbnRhaW5lcl8xcmVtb3ZlKQoJKEpOSUVudiAqZW52LCBqY2xhc3MgdGhhdCwgamxvbmcgYXJnMCwgamxvbmcgYXJnMSkKew==
410	STATEMENT	17267	17327	1	3f90231ec6df81ee1b9ac0a48eca6265cdfc9785c1566a3607294c964f921d86	CglHVEszX05BVElWRV9FTlRFUihlbnYsIHRoYXQsIGd0a18xY29udGFpbmVyXzFyZW1vdmVfRlVOQyk7
411	STATEMENT	17327	17391	1	198eadb4e00570bcd8421f78eec70e3f8bc0c5140f90a68b139bc713ad454f50	CglndGtfY29udGFpbmVyX3JlbW92ZSgoR3RrQ29udGFpbmVyICopYXJnMCwgKEd0a1dpZGdldCAqKWFyZzEpOw==
412	STATEMENT	17391	17450	1	cc301c83fb4a0cef3a796c75ea722119341161a343ac971cbdfae5c779d0af06	CglHVEszX05BVElWRV9FWElUKGVudiwgdGhhdCwgZ3RrXzFjb250YWluZXJfMXJlbW92ZV9GVU5DKTs=
413	FRAGMENT	17450	17451	1	01ba4719c80b6fe911b091a7c05124b64eeece964e09c058ef8f9805daca546b	Cg==
414	BLOCK_CLOSE	17451	17452	0	d10b36aa74a59bcf4a88185837f658afaf3646eff2bb16c3928d0e9335e945d2	fQ==
415	PREPROCESSOR	17452	17460	0	626de321eb397f6600939892a0009f31bc378f7e886f9acc5ec0af18db6a99a7	CiNlbmRpZgo=
416	PREPROCESSOR	17460	17507	0	f04532690ba1733e4ea99fa26f4d7deb0eb2c25b94017138e54b2cec84055a79	CiNpZm5kZWYgTk9fZ3RrXzFjb250YWluZXJfMXNldF8xYm9yZGVyXzF3aWR0aAo=
417	FUNCTION_OPEN	17507	17630	0	7770e3df35774052215fb3fe5db48161d5a29cc149206b4a80e211eb59676401	Sk5JRVhQT1JUIHZvaWQgSk5JQ0FMTCBHVEszX05BVElWRShndGtfMWNvbnRhaW5lcl8xc2V0XzFib3JkZXJfMXdpZHRoKQoJKEpOSUVudiAqZW52LCBqY2xhc3MgdGhhdCwgamxvbmcgYXJnMCwgamludCBhcmcxKQp7
418	STATEMENT	17630	17702	1	382e991015565cdc44eee580f1ac4121795b51d31fa4ebcdc71c0a2826bccf96	CglHVEszX05BVElWRV9FTlRFUihlbnYsIHRoYXQsIGd0a18xY29udGFpbmVyXzFzZXRfMWJvcmRlcl8xd2lkdGhfRlVOQyk7
419	STATEMENT	17702	17770	1	8acc14f1974c94d3d8cd1f6ede19a0ceb672fe0b823a34f5bb17844a56855059	CglndGtfY29udGFpbmVyX3NldF9ib3JkZXJfd2lkdGgoKEd0a0NvbnRhaW5lciAqKWFyZzAsIChndWludClhcmcxKTs=
420	STATEMENT	17770	17841	1	8feb42ca3ef4b2e2ff1d288444cf0820438beea4dca8ad2f67da07b5bf27a9e8	CglHVEszX05BVElWRV9FWElUKGVudiwgdGhhdCwgZ3RrXzFjb250YWluZXJfMXNldF8xYm9yZGVyXzF3aWR0aF9GVU5DKTs=
421	FRAGMENT	17841	17842	1	01ba4719c80b6fe911b091a7c05124b64eeece964e09c058ef8f9805daca546b	Cg==
422	BLOCK_CLOSE	17842	17843	0	d10b36aa74a59bcf4a88185837f658afaf3646eff2bb16c3928d0e9335e945d2	fQ==
423	PREPROCESSOR	17843	17851	0	626de321eb397f6600939892a0009f31bc378f7e886f9acc5ec0af18db6a99a7	CiNlbmRpZgo=
424	PREPROCESSOR	17851	17900	0	b223a440c46e95902bc751abf86a64f2e22eee77a79dc87d44ff927d9c960181	CiNpZm5kZWYgTk9fZ3RrXzFjc3NfMXByb3ZpZGVyXzFsb2FkXzFmcm9tXzFkYXRhCg==
425	FUNCTION_OPEN	17900	18064	0	10690eda37636d4f996c72096739d38ba394e5b6d0b94cd85d4525f89186e213	Sk5JRVhQT1JUIGpib29sZWFuIEpOSUNBTEwgR1RLM19OQVRJVkUoZ3RrXzFjc3NfMXByb3ZpZGVyXzFsb2FkXzFmcm9tXzFkYXRhKQoJKEpOSUVudiAqZW52LCBqY2xhc3MgdGhhdCwgamxvbmcgYXJnMCwgamJ5dGVBcnJheSBhcmcxLCBqbG9uZyBhcmcyLCBqbG9uZ0FycmF5IGFyZzMpCns=
426	STATEMENT	18064	18085	1	ecbc1c66598161b54ed7d4df47ce4c17c895a8aaf496cadd930f0e7e6c9b06d3	CglqYnl0ZSAqbHBhcmcxPU5VTEw7
427	STATEMENT	18085	18106	1	8ee0624ff69df7caa4a6f36603c3326c6c26e821a3f31345176b5e3e05ab3464	CglqbG9uZyAqbHBhcmczPU5VTEw7
428	STATEMENT	18106	18124	1	6e389c725127046540fa228f0aca981232172a088ed5b7d88f2be6db7346caa1	CglqYm9vbGVhbiByYyA9IDA7
429	STATEMENT	18124	18198	1	3ec02cec6f044063b0221fd5af7d04429000ce2bc6ad7beda77f4dbeb8c6bd01	CglHVEszX05BVElWRV9FTlRFUihlbnYsIHRoYXQsIGd0a18xY3NzXzFwcm92aWRlcl8xbG9hZF8xZnJvbV8xZGF0YV9GVU5DKTs=
430	STATEMENT	18198	18290	1	9e0f7faa1c09a55eb10394bedcb268962dfc3d57ab587fe9530c7324cc7b0ca1	CglpZiAoYXJnMSkgaWYgKChscGFyZzEgPSAoKmVudiktPkdldEJ5dGVBcnJheUVsZW1lbnRzKGVudiwgYXJnMSwgTlVMTCkpID09IE5VTEwpIGdvdG8gZmFpbDs=
431	STATEMENT	18290	18382	1	198070916f65a7a336d1d5c94f3a7481dc996ecc48f71f8ce36e2770b764de4c	CglpZiAoYXJnMykgaWYgKChscGFyZzMgPSAoKmVudiktPkdldExvbmdBcnJheUVsZW1lbnRzKGVudiwgYXJnMywgTlVMTCkpID09IE5VTEwpIGdvdG8gZmFpbDs=
432	STATEMENT	18382	18511	1	00569f531acc1da645823de40197471e920ad75c8e5506029dddbed82e41a842	CglyYyA9IChqYm9vbGVhbilndGtfY3NzX3Byb3ZpZGVyX2xvYWRfZnJvbV9kYXRhKChHdGtDc3NQcm92aWRlciAqKWFyZzAsIChjb25zdCBnY2hhciAqKWxwYXJnMSwgKGdzc2l6ZSlhcmcyLCAoR0Vycm9yICoqKWxwYXJnMyk7
433	STATEMENT	18511	18594	1	7bef3c7fed260585b1618d0789dbd54f93bee93ea39f6164094bf40d6ec979d9	CmZhaWw6CglpZiAoYXJnMyAmJiBscGFyZzMpICgqZW52KS0+UmVsZWFzZUxvbmdBcnJheUVsZW1lbnRzKGVudiwgYXJnMywgbHBhcmczLCAwKTs=
434	STATEMENT	18594	18671	1	0a2b4007bb3bb5eeb22d7212a73be33bda13e0e70b47862b97015cc5d8cb38cc	CglpZiAoYXJnMSAmJiBscGFyZzEpICgqZW52KS0+UmVsZWFzZUJ5dGVBcnJheUVsZW1lbnRzKGVudiwgYXJnMSwgbHBhcmcxLCAwKTs=
435	STATEMENT	18671	18744	1	9e94e2f0c4f9d917b077626dd00090a9c198ff00fc4f8cdb2ad935eb727ba8fa	CglHVEszX05BVElWRV9FWElUKGVudiwgdGhhdCwgZ3RrXzFjc3NfMXByb3ZpZGVyXzFsb2FkXzFmcm9tXzFkYXRhX0ZVTkMpOw==
436	STATEMENT	18744	18756	1	a028c9c9501df4846ec72c7b4432d4a3cb499b36b781bb1c38853498151d0ba7	CglyZXR1cm4gcmM7
437	FRAGMENT	18756	18757	1	01ba4719c80b6fe911b091a7c05124b64eeece964e09c058ef8f9805daca546b	Cg==
438	BLOCK_CLOSE	18757	18758	0	d10b36aa74a59bcf4a88185837f658afaf3646eff2bb16c3928d0e9335e945d2	fQ==
439	PREPROCESSOR	18758	18766	0	626de321eb397f6600939892a0009f31bc378f7e886f9acc5ec0af18db6a99a7	CiNlbmRpZgo=
440	PREPROCESSOR	18766	18795	0	f7583f7827891147c6aef4314fea5df179f25713d0272589884f63ff419858b5	CiNpZm5kZWYgTk9fZ3RrXzFkaWFsb2dfMXJ1bgo=
441	FUNCTION_OPEN	18795	18889	0	f600a2047937978967ca2a27640933f3444c143c33f28729abb379009ca63e1b	Sk5JRVhQT1JUIGppbnQgSk5JQ0FMTCBHVEszX05BVElWRShndGtfMWRpYWxvZ18xcnVuKQoJKEpOSUVudiAqZW52LCBqY2xhc3MgdGhhdCwgamxvbmcgYXJnMCkKew==
442	STATEMENT	18889	18903	1	ab2eac128ef6225b35f40b35e2bd8fba39be8b3b6b281960b3c51646eba99890	CglqaW50IHJjID0gMDs=
443	STATEMENT	18903	18957	1	b2a91a3f3a8cf46f64b8449e6a49227e6cb6026f6e64bc39a516a45c66494f73	CglHVEszX05BVElWRV9FTlRFUihlbnYsIHRoYXQsIGd0a18xZGlhbG9nXzFydW5fRlVOQyk7
444	STATEMENT	18957	19004	1	82d367bb3fdcf8540a4f688f32d0c9bf0dd697ff36916831caa8b45e6aaeafc9	CglyYyA9IChqaW50KWd0a19kaWFsb2dfcnVuKChHdGtEaWFsb2cgKilhcmcwKTs=
445	STATEMENT	19004	19057	1	99cdb4279001c9ebfee7cca9c28131ba5efa1e65822179e158fcf96c93a2adae	CglHVEszX05BVElWRV9FWElUKGVudiwgdGhhdCwgZ3RrXzFkaWFsb2dfMXJ1bl9GVU5DKTs=
446	STATEMENT	19057	19069	1	a028c9c9501df4846ec72c7b4432d4a3cb499b36b781bb1c38853498151d0ba7	CglyZXR1cm4gcmM7
447	FRAGMENT	19069	19070	1	01ba4719c80b6fe911b091a7c05124b64eeece964e09c058ef8f9805daca546b	Cg==
448	BLOCK_CLOSE	19070	19071	0	d10b36aa74a59bcf4a88185837f658afaf3646eff2bb16c3928d0e9335e945d2	fQ==
449	PREPROCESSOR	19071	19079	0	626de321eb397f6600939892a0009f31bc378f7e886f9acc5ec0af18db6a99a7	CiNlbmRpZgo=
450	PREPROCESSOR	19079	19127	0	064856915121f53d015592490f740ffa75b13c0351a800861ac9e176649676d0	CiNpZm5kZWYgTk9fZ3RrXzFkcmFnXzFiZWdpbl8xd2l0aF8xY29vcmRpbmF0ZXMK
451	FUNCTION_OPEN	19127	19309	0	0ec6a0beff3da07038f7c63b9cd9c3fe5846300f9c900cd205ec3402c5672885	Sk5JRVhQT1JUIGpsb25nIEpOSUNBTEwgR1RLM19OQVRJVkUoZ3RrXzFkcmFnXzFiZWdpbl8xd2l0aF8xY29vcmRpbmF0ZXMpCgkoSk5JRW52ICplbnYsIGpjbGFzcyB0aGF0LCBqbG9uZyBhcmcwLCBqbG9uZyBhcmcxLCBqaW50IGFyZzIsIGppbnQgYXJnMywgamxvbmcgYXJnNCwgamludCBhcmc1LCBqaW50IGFyZzYpCns=
452	STATEMENT	19309	19324	1	3411ceb5951bc52321d8d6cf00df310a159211846b0264e08db2a18b94173633	CglqbG9uZyByYyA9IDA7
453	STATEMENT	19324	19397	1	f9e58615d963af054f74e6323dac91fdb7b39da9ab58601a040eb0e2e7d9ebe8	CglHVEszX05BVElWRV9FTlRFUihlbnYsIHRoYXQsIGd0a18xZHJhZ18xYmVnaW5fMXdpdGhfMWNvb3JkaW5hdGVzX0ZVTkMpOw==
454	STATEMENT	19397	19560	1	ed73382c5374cb3e24fea39212895f78bce155d837137ad53340532e8807cc9f	CglyYyA9IChqbG9uZylndGtfZHJhZ19iZWdpbl93aXRoX2Nvb3JkaW5hdGVzKChHdGtXaWRnZXQgKilhcmcwLCAoR3RrVGFyZ2V0TGlzdCAqKWFyZzEsIChHZGtEcmFnQWN0aW9uKWFyZzIsIChnaW50KWFyZzMsIChHZGtFdmVudCAqKWFyZzQsIChnaW50KWFyZzUsIChnaW50KWFyZzYpOw==
455	STATEMENT	19560	19632	1	34a914a394b263359bf5c9024f117c425d2b6d3036c4fa01b3c13cfbb31f495d	CglHVEszX05BVElWRV9FWElUKGVudiwgdGhhdCwgZ3RrXzFkcmFnXzFiZWdpbl8xd2l0aF8xY29vcmRpbmF0ZXNfRlVOQyk7
456	STATEMENT	19632	19644	1	a028c9c9501df4846ec72c7b4432d4a3cb499b36b781bb1c38853498151d0ba7	CglyZXR1cm4gcmM7
457	FRAGMENT	19644	19645	1	01ba4719c80b6fe911b091a7c05124b64eeece964e09c058ef8f9805daca546b	Cg==
458	BLOCK_CLOSE	19645	19646	0	d10b36aa74a59bcf4a88185837f658afaf3646eff2bb16c3928d0e9335e945d2	fQ==
459	PREPROCESSOR	19646	19654	0	626de321eb397f6600939892a0009f31bc378f7e886f9acc5ec0af18db6a99a7	CiNlbmRpZgo=
460	PREPROCESSOR	19654	19694	0	d3cbdc5b43700f765e1c53dd7a55d805e401b02d6a83db1524c9cfa8c0509a7e	CiNpZm5kZWYgTk9fZ3RrXzFkcmFnXzFjaGVja18xdGhyZXNob2xkCg==
461	FUNCTION_OPEN	19694	19847	0	3ec251b7ad6209c8e306628424165f803ae517fa6f347e202c582cf5d7e57644	Sk5JRVhQT1JUIGpib29sZWFuIEpOSUNBTEwgR1RLM19OQVRJVkUoZ3RrXzFkcmFnXzFjaGVja18xdGhyZXNob2xkKQoJKEpOSUVudiAqZW52LCBqY2xhc3MgdGhhdCwgamxvbmcgYXJnMCwgamludCBhcmcxLCBqaW50IGFyZzIsIGppbnQgYXJnMywgamludCBhcmc0KQp7
462	STATEMENT	19847	19865	1	6e389c725127046540fa228f0aca981232172a088ed5b7d88f2be6db7346caa1	CglqYm9vbGVhbiByYyA9IDA7
463	STATEMENT	19865	19930	1	015b1d08c69fc53ad72f73d6823761d2e63118fdb08eab23f5f7853bae581b32	CglHVEszX05BVElWRV9FTlRFUihlbnYsIHRoYXQsIGd0a18xZHJhZ18xY2hlY2tfMXRocmVzaG9sZF9GVU5DKTs=
464	STATEMENT	19930	20039	1	a9fe5106cbb2e3bc89f1df60d2b5656497f9fe300a8f8df2cd54d86760c279f9	CglyYyA9IChqYm9vbGVhbilndGtfZHJhZ19jaGVja190aHJlc2hvbGQoKEd0a1dpZGdldCAqKWFyZzAsIChnaW50KWFyZzEsIChnaW50KWFyZzIsIChnaW50KWFyZzMsIChnaW50KWFyZzQpOw==
465	STATEMENT	20039	20103	1	3dcaa30a12e988acac365b43058e488e06eb1d6f86f2bf05f10a454188ff4d78	CglHVEszX05BVElWRV9FWElUKGVudiwgdGhhdCwgZ3RrXzFkcmFnXzFjaGVja18xdGhyZXNob2xkX0ZVTkMpOw==
466	STATEMENT	20103	20115	1	a028c9c9501df4846ec72c7b4432d4a3cb499b36b781bb1c38853498151d0ba7	CglyZXR1cm4gcmM7
467	FRAGMENT	20115	20116	1	01ba4719c80b6fe911b091a7c05124b64eeece964e09c058ef8f9805daca546b	Cg==
468	BLOCK_CLOSE	20116	20117	0	d10b36aa74a59bcf4a88185837f658afaf3646eff2bb16c3928d0e9335e945d2	fQ==
469	PREPROCESSOR	20117	20125	0	626de321eb397f6600939892a0009f31bc378f7e886f9acc5ec0af18db6a99a7	CiNlbmRpZgo=
470	PREPROCESSOR	20125	20158	0	585ee53162552199ff6d271e37467ee8efd3f1f59c8a949e3eae4304e69bc6dd	CiNpZm5kZWYgTk9fZ3RrXzFkcmFnXzFkZXN0XzFzZXQK
471	FUNCTION_OPEN	20158	20301	0	5fe0c2a39bbb7ff8247bd554ed96da8e326821d7c22bb111d45c2a383c1a17df	Sk5JRVhQT1JUIHZvaWQgSk5JQ0FMTCBHVEszX05BVElWRShndGtfMWRyYWdfMWRlc3RfMXNldCkKCShKTklFbnYgKmVudiwgamNsYXNzIHRoYXQsIGpsb25nIGFyZzAsIGppbnQgYXJnMSwgamxvbmcgYXJnMiwgamludCBhcmczLCBqaW50IGFyZzQpCns=
472	STATEMENT	20301	20359	1	f9deb70607a81fa4ee63dbeba3ac6df5c19d81bdf2077fe345b424b0da8bfb89	CglHVEszX05BVElWRV9FTlRFUihlbnYsIHRoYXQsIGd0a18xZHJhZ18xZGVzdF8xc2V0X0ZVTkMpOw==
473	STATEMENT	20359	20484	1	30f88c14509f6908e1501501fffbe355357c352f6eade06fe78beefb32fac851	CglndGtfZHJhZ19kZXN0X3NldCgoR3RrV2lkZ2V0ICopYXJnMCwgKEd0a0Rlc3REZWZhdWx0cylhcmcxLCAoY29uc3QgR3RrVGFyZ2V0RW50cnkgKilhcmcyLCAoZ2ludClhcmczLCAoR2RrRHJhZ0FjdGlvbilhcmc0KTs=
474	STATEMENT	20484	20541	1	f5fd7087a15deb39a55b5f531e8aa865620060c3d0ffb4dfd987c0937d8c2f8f	CglHVEszX05BVElWRV9FWElUKGVudiwgdGhhdCwgZ3RrXzFkcmFnXzFkZXN0XzFzZXRfRlVOQyk7
475	FRAGMENT	20541	20542	1	01ba4719c80b6fe911b091a7c05124b64eeece964e09c058ef8f9805daca546b	Cg==
476	BLOCK_CLOSE	20542	20543	0	d10b36aa74a59bcf4a88185837f658afaf3646eff2bb16c3928d0e9335e945d2	fQ==
477	PREPROCESSOR	20543	20551	0	626de321eb397f6600939892a0009f31bc378f7e886f9acc5ec0af18db6a99a7	CiNlbmRpZgo=
478	PREPROCESSOR	20551	20586	0	2ea07720d1afc52ee048f044b7c2e0ee4e427b5e91eb931bdae7ad199c9e97f2	CiNpZm5kZWYgTk9fZ3RrXzFkcmFnXzFkZXN0XzF1bnNldAo=
479	FUNCTION_OPEN	20586	20686	0	5f5411f762157cf3a97ef436f8118123c382578a981eb6200907e909cf5038d5	Sk5JRVhQT1JUIHZvaWQgSk5JQ0FMTCBHVEszX05BVElWRShndGtfMWRyYWdfMWRlc3RfMXVuc2V0KQoJKEpOSUVudiAqZW52LCBqY2xhc3MgdGhhdCwgamxvbmcgYXJnMCkKew==
480	STATEMENT	20686	20746	1	f23861c16011b3107bab3c738882549e537110781877243ecd2ea04ecb34843b	CglHVEszX05BVElWRV9FTlRFUihlbnYsIHRoYXQsIGd0a18xZHJhZ18xZGVzdF8xdW5zZXRfRlVOQyk7
481	STATEMENT	20746	20787	1	7250c9ba8fa7097fa39eab31331cba3ee4e4b05b560943d521af437c3fd0fabf	CglndGtfZHJhZ19kZXN0X3Vuc2V0KChHdGtXaWRnZXQgKilhcmcwKTs=
482	STATEMENT	20787	20846	1	eddff4e31433999007943eb048ff5d02440f27c94da856da4e670eaa0b90e79a	CglHVEszX05BVElWRV9FWElUKGVudiwgdGhhdCwgZ3RrXzFkcmFnXzFkZXN0XzF1bnNldF9GVU5DKTs=
483	FRAGMENT	20846	20847	1	01ba4719c80b6fe911b091a7c05124b64eeece964e09c058ef8f9805daca546b	Cg==
484	BLOCK_CLOSE	20847	20848	0	d10b36aa74a59bcf4a88185837f658afaf3646eff2bb16c3928d0e9335e945d2	fQ==
485	PREPROCESSOR	20848	20856	0	626de321eb397f6600939892a0009f31bc378f7e886f9acc5ec0af18db6a99a7	CiNlbmRpZgo=
486	PREPROCESSOR	20856	20886	0	870785f96392a8e53ad09568816a8adf3b9407fef4720b4abd962eca8bff96e6	CiNpZm5kZWYgTk9fZ3RrXzFkcmFnXzFmaW5pc2gK
487	FUNCTION_OPEN	20886	21022	0	1234acb19ec09e5bff29e6094cda38494f501b401a3b8fdb582fe63707981791	Sk5JRVhQT1JUIHZvaWQgSk5JQ0FMTCBHVEszX05BVElWRShndGtfMWRyYWdfMWZpbmlzaCkKCShKTklFbnYgKmVudiwgamNsYXNzIHRoYXQsIGpsb25nIGFyZzAsIGpib29sZWFuIGFyZzEsIGpib29sZWFuIGFyZzIsIGppbnQgYXJnMykKew==
488	STATEMENT	21022	21077	1	87afb2a375566ecbcc25c7588ed87826d195696234ef0e50a13e09938111e8c5	CglHVEszX05BVElWRV9FTlRFUihlbnYsIHRoYXQsIGd0a18xZHJhZ18xZmluaXNoX0ZVTkMpOw==
489	STATEMENT	21077	21166	1	7666088e0033131823f4b4e098d2c7c8e32d3d9ec952f2679b47408ca927f16d	CglndGtfZHJhZ19maW5pc2goKEdka0RyYWdDb250ZXh0ICopYXJnMCwgKGdib29sZWFuKWFyZzEsIChnYm9vbGVhbilhcmcyLCAoZ3VpbnQzMilhcmczKTs=
490	STATEMENT	21166	21220	1	9d31d9ec83ab62ada8578a5e06dbdf579da63023e270f74228568cfd7154a60e	CglHVEszX05BVElWRV9FWElUKGVudiwgdGhhdCwgZ3RrXzFkcmFnXzFmaW5pc2hfRlVOQyk7
491	FRAGMENT	21220	21221	1	01ba4719c80b6fe911b091a7c05124b64eeece964e09c058ef8f9805daca546b	Cg==
492	BLOCK_CLOSE	21221	21222	0	d10b36aa74a59bcf4a88185837f658afaf3646eff2bb16c3928d0e9335e945d2	fQ==
493	PREPROCESSOR	21222	21230	0	626de321eb397f6600939892a0009f31bc378f7e886f9acc5ec0af18db6a99a7	CiNlbmRpZgo=
494	PREPROCESSOR	21230	21263	0	57e3a19862b40a0a43b76be2d52bbeee3d16c9c7478d7b81b73e16839d2c4c33	CiNpZm5kZWYgTk9fZ3RrXzFkcmFnXzFnZXRfMWRhdGEK
495	FUNCTION_OPEN	21263	21396	0	42218d4b5d8c46b82e0638ba49bcea7194989b24dc48f9bd2da014d16b452581	Sk5JRVhQT1JUIHZvaWQgSk5JQ0FMTCBHVEszX05BVElWRShndGtfMWRyYWdfMWdldF8xZGF0YSkKCShKTklFbnYgKmVudiwgamNsYXNzIHRoYXQsIGpsb25nIGFyZzAsIGpsb25nIGFyZzEsIGpsb25nIGFyZzIsIGppbnQgYXJnMykKew==
496	STATEMENT	21396	21454	1	adf648186e04976ebe431c0b6197a849344f66de0a0bb795c088d81bffa7acef	CglHVEszX05BVElWRV9FTlRFUihlbnYsIHRoYXQsIGd0a18xZHJhZ18xZ2V0XzFkYXRhX0ZVTkMpOw==
497	STATEMENT	21454	21547	1	9516af064f07e7eb1cbd6a755e923f109f8e5d69e58a4ff814589edfbce6ee5a	CglndGtfZHJhZ19nZXRfZGF0YSgoR3RrV2lkZ2V0ICopYXJnMCwgKEdka0RyYWdDb250ZXh0ICopYXJnMSwgKEdka0F0b20pYXJnMiwgKGd1aW50MzIpYXJnMyk7
498	STATEMENT	21547	21604	1	4035b5aae9de8df05a65fd16724fa8888ca0cfed0970b839ffd4e34c01e06937	CglHVEszX05BVElWRV9FWElUKGVudiwgdGhhdCwgZ3RrXzFkcmFnXzFnZXRfMWRhdGFfRlVOQyk7
499	FRAGMENT	21604	21605	1	01ba4719c80b6fe911b091a7c05124b64eeece964e09c058ef8f9805daca546b	Cg==
500	BLOCK_CLOSE	21605	21606	0	d10b36aa74a59bcf4a88185837f658afaf3646eff2bb16c3928d0e9335e945d2	fQ==
501	PREPROCESSOR	21606	21614	0	626de321eb397f6600939892a0009f31bc378f7e886f9acc5ec0af18db6a99a7	CiNlbmRpZgo=
502	PREPROCESSOR	21614	21656	0	af840cdc387a3d1dbb77272a9c5fd1b027d66391fb1a72d3c719e2940f1d9c5b	CiNpZm5kZWYgTk9fZ3RrXzFkcmFnXzFzZXRfMWljb25fMXN1cmZhY2UK
503	FUNCTION_OPEN	21656	21775	0	6649fe4eea24ec7efcb8815869d250000dece6a67deb5e0b52ced179800999cf	Sk5JRVhQT1JUIHZvaWQgSk5JQ0FMTCBHVEszX05BVElWRShndGtfMWRyYWdfMXNldF8xaWNvbl8xc3VyZmFjZSkKCShKTklFbnYgKmVudiwgamNsYXNzIHRoYXQsIGpsb25nIGFyZzAsIGpsb25nIGFyZzEpCns=
504	STATEMENT	21775	21842	1	b474c614152f697f88c828d2573595c880e6535fa2affa232057b3b61bb851e3	CglHVEszX05BVElWRV9FTlRFUihlbnYsIHRoYXQsIGd0a18xZHJhZ18xc2V0XzFpY29uXzFzdXJmYWNlX0ZVTkMpOw==
505	STATEMENT	21842	21919	1	b4cd200d91e7e18207a60fffb1c7918dbd78ef146447e71bd0d3cf6eff9cc855	CglndGtfZHJhZ19zZXRfaWNvbl9zdXJmYWNlKChHZGtEcmFnQ29udGV4dCAqKWFyZzAsIChjYWlyb19zdXJmYWNlX3QgKilhcmcxKTs=
506	STATEMENT	21919	21985	1	dc0fbacb1bea06568c5850b6239447cb3ab36ae5b82f102462f98b371b9a7a91	CglHVEszX05BVElWRV9FWElUKGVudiwgdGhhdCwgZ3RrXzFkcmFnXzFzZXRfMWljb25fMXN1cmZhY2VfRlVOQyk7
507	FRAGMENT	21985	21986	1	01ba4719c80b6fe911b091a7c05124b64eeece964e09c058ef8f9805daca546b	Cg==
508	BLOCK_CLOSE	21986	21987	0	d10b36aa74a59bcf4a88185837f658afaf3646eff2bb16c3928d0e9335e945d2	fQ==
509	PREPROCESSOR	21987	21995	0	626de321eb397f6600939892a0009f31bc378f7e886f9acc5ec0af18db6a99a7	CiNlbmRpZgo=
510	PREPROCESSOR	21995	22038	0	017bbd356c6cbb2b529fc3ce2af6ce9cf9f40dfeff62dad4f447ebcffb33a228	CiNpZm5kZWYgTk9fZ3RrXzFlZGl0YWJsZV8xY29weV8xY2xpcGJvYXJkCg==
511	FUNCTION_OPEN	22038	22146	0	76a17a1065b60ec93350ff6c0148374d988e4bcf047340bf19045f46e729262a	Sk5JRVhQT1JUIHZvaWQgSk5JQ0FMTCBHVEszX05BVElWRShndGtfMWVkaXRhYmxlXzFjb3B5XzFjbGlwYm9hcmQpCgkoSk5JRW52ICplbnYsIGpjbGFzcyB0aGF0LCBqbG9uZyBhcmcwKQp7
512	STATEMENT	22146	22214	1	379a6f612d7d463b20280f03537ee4f01248c7fb3e9155322771f8bfb2dc37ac	CglHVEszX05BVElWRV9FTlRFUihlbnYsIHRoYXQsIGd0a18xZWRpdGFibGVfMWNvcHlfMWNsaXBib2FyZF9GVU5DKTs=
513	STATEMENT	22214	22265	1	96bd7e4844cfdbb369fcd177c2525c38ace118f0a3ff7af11d14af2a4be460a7	CglndGtfZWRpdGFibGVfY29weV9jbGlwYm9hcmQoKEd0a0VkaXRhYmxlICopYXJnMCk7
514	STATEMENT	22265	22332	1	c630f5b5ffe802842adebe837b7b80a11dd7d846b2cfd4ec2ce1bd6852bc05e7	CglHVEszX05BVElWRV9FWElUKGVudiwgdGhhdCwgZ3RrXzFlZGl0YWJsZV8xY29weV8xY2xpcGJvYXJkX0ZVTkMpOw==
515	FRAGMENT	22332	22333	1	01ba4719c80b6fe911b091a7c05124b64eeece964e09c058ef8f9805daca546b	Cg==
516	BLOCK_CLOSE	22333	22334	0	d10b36aa74a59bcf4a88185837f658afaf3646eff2bb16c3928d0e9335e945d2	fQ==
517	PREPROCESSOR	22334	22342	0	626de321eb397f6600939892a0009f31bc378f7e886f9acc5ec0af18db6a99a7	CiNlbmRpZgo=
518	PREPROCESSOR	22342	22384	0	362121377ea54eba4fc17a1be5f7b8356258c8a95aaa02135d683f30c669de36	CiNpZm5kZWYgTk9fZ3RrXzFlZGl0YWJsZV8xY3V0XzFjbGlwYm9hcmQK
519	FUNCTION_OPEN	22384	22491	0	82b9a384755317c348d3475fcc09f071b4f8980c6cd921f48c4a8eb96d8c5ff5	Sk5JRVhQT1JUIHZvaWQgSk5JQ0FMTCBHVEszX05BVElWRShndGtfMWVkaXRhYmxlXzFjdXRfMWNsaXBib2FyZCkKCShKTklFbnYgKmVudiwgamNsYXNzIHRoYXQsIGpsb25nIGFyZzApCns=
520	STATEMENT	22491	22558	1	adcf6642792db8ed23af2c403056ea173ba37695d1b1b60fc2f883ffdd982322	CglHVEszX05BVElWRV9FTlRFUihlbnYsIHRoYXQsIGd0a18xZWRpdGFibGVfMWN1dF8xY2xpcGJvYXJkX0ZVTkMpOw==
521	STATEMENT	22558	22608	1	44b20a19f2579780a6ed58a0a03b358f7aa1a89a9431c5028e805a7d3080d0e9	CglndGtfZWRpdGFibGVfY3V0X2NsaXBib2FyZCgoR3RrRWRpdGFibGUgKilhcmcwKTs=
522	STATEMENT	22608	22674	1	fea8b11ee345a76fd6cf41255b41cd9f4054fbcacb53f4be3cd2ad36b4e8ac48	CglHVEszX05BVElWRV9FWElUKGVudiwgdGhhdCwgZ3RrXzFlZGl0YWJsZV8xY3V0XzFjbGlwYm9hcmRfRlVOQyk7
523	FRAGMENT	22674	22675	1	01ba4719c80b6fe911b091a7c05124b64eeece964e09c058ef8f9805daca546b	Cg==
524	BLOCK_CLOSE	22675	22676	0	d10b36aa74a59bcf4a88185837f658afaf3646eff2bb16c3928d0e9335e945d2	fQ==
525	PREPROCESSOR	22676	22684	0	626de321eb397f6600939892a0009f31bc378f7e886f9acc5ec0af18db6a99a7	CiNlbmRpZgo=
526	PREPROCESSOR	22684	22728	0	f9ce4722f92708b44ffb05e54a567d4e80b1f8c286c320883695b206e438f642	CiNpZm5kZWYgTk9fZ3RrXzFlZGl0YWJsZV8xcGFzdGVfMWNsaXBib2FyZAo=
527	FUNCTION_OPEN	22728	22837	0	62382d2dd52e5940b594e9c9dcb74f169f835d45d13a0f926a279f4137cd077b	Sk5JRVhQT1JUIHZvaWQgSk5JQ0FMTCBHVEszX05BVElWRShndGtfMWVkaXRhYmxlXzFwYXN0ZV8xY2xpcGJvYXJkKQoJKEpOSUVudiAqZW52LCBqY2xhc3MgdGhhdCwgamxvbmcgYXJnMCkKew==
528	STATEMENT	22837	22906	1	e6ea082085ecaea90f33e23b37df947305863b5dc0ba1661b29afeb8cb1b7684	CglHVEszX05BVElWRV9FTlRFUihlbnYsIHRoYXQsIGd0a18xZWRpdGFibGVfMXBhc3RlXzFjbGlwYm9hcmRfRlVOQyk7
529	STATEMENT	22906	22958	1	8fd7ba6419a93da563886b0a5c94971a4f6500f9ae25b23fb3a98f4d8e69e46c	CglndGtfZWRpdGFibGVfcGFzdGVfY2xpcGJvYXJkKChHdGtFZGl0YWJsZSAqKWFyZzApOw==
530	STATEMENT	22958	23026	1	117dafa991a92d22befa7d5a53e35c6ad06eb95b2320ef0d8fb2ecd3f97ce398	CglHVEszX05BVElWRV9FWElUKGVudiwgdGhhdCwgZ3RrXzFlZGl0YWJsZV8xcGFzdGVfMWNsaXBib2FyZF9GVU5DKTs=
531	FRAGMENT	23026	23027	1	01ba4719c80b6fe911b091a7c05124b64eeece964e09c058ef8f9805daca546b	Cg==
532	BLOCK_CLOSE	23027	23028	0	d10b36aa74a59bcf4a88185837f658afaf3646eff2bb16c3928d0e9335e945d2	fQ==
533	PREPROCESSOR	23028	23036	0	626de321eb397f6600939892a0009f31bc378f7e886f9acc5ec0af18db6a99a7	CiNlbmRpZgo=
534	PREPROCESSOR	23036	23072	0	d214b6219bcb9dae678b64f60707ececdf4e0ec2ccf1abdc70060f2f1b073a84	CiNpZm5kZWYgTk9fZ3RrXzFlbnRyeV8xZ2V0XzFsYXlvdXQK
535	FUNCTION_OPEN	23072	23174	0	ca859e8839bacd939f2a738c374f5a575e2091a5e6d645a5995fea0f6791062b	Sk5JRVhQT1JUIGpsb25nIEpOSUNBTEwgR1RLM19OQVRJVkUoZ3RrXzFlbnRyeV8xZ2V0XzFsYXlvdXQpCgkoSk5JRW52ICplbnYsIGpjbGFzcyB0aGF0LCBqbG9uZyBhcmcwKQp7
536	STATEMENT	23174	23189	1	3411ceb5951bc52321d8d6cf00df310a159211846b0264e08db2a18b94173633	CglqbG9uZyByYyA9IDA7
537	STATEMENT	23189	23250	1	daabf1fe6b5e7ef3c5f95bb0c38e066134cd883165efcf4c86526e1a7c951e50	CglHVEszX05BVElWRV9FTlRFUihlbnYsIHRoYXQsIGd0a18xZW50cnlfMWdldF8xbGF5b3V0X0ZVTkMpOw==
538	STATEMENT	23250	23303	1	0766a2d6759de8d381cd60d589c2efdf867b15ab70fcf37f5bb0bf3025ff9639	CglyYyA9IChqbG9uZylndGtfZW50cnlfZ2V0X2xheW91dCgoR3RrRW50cnkgKilhcmcwKTs=
539	STATEMENT	23303	23363	1	c1f36997d392befdf7719d6a4751a5628ba5e49cf01bbfd0156b420bd3ccf7b4	CglHVEszX05BVElWRV9FWElUKGVudiwgdGhhdCwgZ3RrXzFlbnRyeV8xZ2V0XzFsYXlvdXRfRlVOQyk7
540	STATEMENT	23363	23375	1	a028c9c9501df4846ec72c7b4432d4a3cb499b36b781bb1c38853498151d0ba7	CglyZXR1cm4gcmM7
541	FRAGMENT	23375	23376	1	01ba4719c80b6fe911b091a7c05124b64eeece964e09c058ef8f9805daca546b	Cg==
542	BLOCK_CLOSE	23376	23377	0	d10b36aa74a59bcf4a88185837f658afaf3646eff2bb16c3928d0e9335e945d2	fQ==
543	PREPROCESSOR	23377	23385	0	626de321eb397f6600939892a0009f31bc378f7e886f9acc5ec0af18db6a99a7	CiNlbmRpZgo=
544	PREPROCESSOR	23385	23430	0	fc404ddbea97536e4705a2b8034d38f9904e878744b82e0bccc2adc159e972fd	CiNpZm5kZWYgTk9fZ3RrXzFlbnRyeV8xZ2V0XzFsYXlvdXRfMW9mZnNldHMK
545	FUNCTION_OPEN	23430	23572	0	1063ff7838476df56591213f2b09113f4617bba7d8e5afc3b99ff08f424eb240	Sk5JRVhQT1JUIHZvaWQgSk5JQ0FMTCBHVEszX05BVElWRShndGtfMWVudHJ5XzFnZXRfMWxheW91dF8xb2Zmc2V0cykKCShKTklFbnYgKmVudiwgamNsYXNzIHRoYXQsIGpsb25nIGFyZzAsIGppbnRBcnJheSBhcmcxLCBqaW50QXJyYXkgYXJnMikKew==
546	STATEMENT	23572	23592	1	490e641fda0849eab828d471df09f1ecd4438e25740081b8153585d71e8a1d7c	CglqaW50ICpscGFyZzE9TlVMTDs=
547	STATEMENT	23592	23612	1	6778f342eb5ab632481500374a71f394d94a272d1e7b47275cb4d780109a0ee9	CglqaW50ICpscGFyZzI9TlVMTDs=
548	STATEMENT	23612	23682	1	3e1da80acdfdf8f538458c3dc217a3f9b5af0d94e3b1a69fe70f9a42b039f181	CglHVEszX05BVElWRV9FTlRFUihlbnYsIHRoYXQsIGd0a18xZW50cnlfMWdldF8xbGF5b3V0XzFvZmZzZXRzX0ZVTkMpOw==
549	STATEMENT	23682	23773	1	56230e6f477fcbae216bfff8a88397d12cae0d8e10a6faee697ea4f2814ae573	CglpZiAoYXJnMSkgaWYgKChscGFyZzEgPSAoKmVudiktPkdldEludEFycmF5RWxlbWVudHMoZW52LCBhcmcxLCBOVUxMKSkgPT0gTlVMTCkgZ290byBmYWlsOw==
550	STATEMENT	23773	23864	1	ca6aabd59f1383d487b020921ad77bd304b1a72e14905b7e1fbd1d51e7e45db1	CglpZiAoYXJnMikgaWYgKChscGFyZzIgPSAoKmVudiktPkdldEludEFycmF5RWxlbWVudHMoZW52LCBhcmcyLCBOVUxMKSkgPT0gTlVMTCkgZ290byBmYWlsOw==
551	STATEMENT	23864	23945	1	48ae5cbf45a4a8004dcb3d030abb575ad28a60cc3c497db3955a98d7c9d6e986	CglndGtfZW50cnlfZ2V0X2xheW91dF9vZmZzZXRzKChHdGtFbnRyeSAqKWFyZzAsIChnaW50ICopbHBhcmcxLCAoZ2ludCAqKWxwYXJnMik7
552	STATEMENT	23945	24027	1	937b097e6910de483c3cbd1c30f882030c6c01ae1a410e62fb9a20783683ba76	CmZhaWw6CglpZiAoYXJnMiAmJiBscGFyZzIpICgqZW52KS0+UmVsZWFzZUludEFycmF5RWxlbWVudHMoZW52LCBhcmcyLCBscGFyZzIsIDApOw==
553	STATEMENT	24027	24103	1	b55b4c6cd9959755821cc7b3c6e6583c0bcb71e003feabecd02b3bceb08bde8a	CglpZiAoYXJnMSAmJiBscGFyZzEpICgqZW52KS0+UmVsZWFzZUludEFycmF5RWxlbWVudHMoZW52LCBhcmcxLCBscGFyZzEsIDApOw==
554	STATEMENT	24103	24172	1	60cfd4a0fff7708c8fdd7fbd3cc7b474d326218b843d79e0f2ef7b74c047071e	CglHVEszX05BVElWRV9FWElUKGVudiwgdGhhdCwgZ3RrXzFlbnRyeV8xZ2V0XzFsYXlvdXRfMW9mZnNldHNfRlVOQyk7
555	FRAGMENT	24172	24173	1	01ba4719c80b6fe911b091a7c05124b64eeece964e09c058ef8f9805daca546b	Cg==
556	BLOCK_CLOSE	24173	24174	0	d10b36aa74a59bcf4a88185837f658afaf3646eff2bb16c3928d0e9335e945d2	fQ==
557	PREPROCESSOR	24174	24182	0	626de321eb397f6600939892a0009f31bc378f7e886f9acc5ec0af18db6a99a7	CiNlbmRpZgo=
558	PREPROCESSOR	24182	24216	0	af5c7cdaca0455ae1969279f62351a792c9edc03afd116c8389ac293144bf64e	CiNpZm5kZWYgTk9fZ3RrXzFlbnRyeV8xZ2V0XzF0ZXh0Cg==
559	FUNCTION_OPEN	24216	24316	0	fd443eab5830ffee3ff76a9961c253091b6cc89db67697e5e9f449bf0c6bf571	Sk5JRVhQT1JUIGpsb25nIEpOSUNBTEwgR1RLM19OQVRJVkUoZ3RrXzFlbnRyeV8xZ2V0XzF0ZXh0KQoJKEpOSUVudiAqZW52LCBqY2xhc3MgdGhhdCwgamxvbmcgYXJnMCkKew==
560	STATEMENT	24316	24331	1	3411ceb5951bc52321d8d6cf00df310a159211846b0264e08db2a18b94173633	CglqbG9uZyByYyA9IDA7
561	STATEMENT	24331	24390	1	04e4375e252a62b9212fcfca4b15e0bb5b439fae5d252b26f74d4323e4f4fbcc	CglHVEszX05BVElWRV9FTlRFUihlbnYsIHRoYXQsIGd0a18xZW50cnlfMWdldF8xdGV4dF9GVU5DKTs=
562	STATEMENT	24390	24441	1	68eb6a34372125f0926b4872e51d3c0663b6ebc2e780333fcb281620fd16a75c	CglyYyA9IChqbG9uZylndGtfZW50cnlfZ2V0X3RleHQoKEd0a0VudHJ5ICopYXJnMCk7
563	STATEMENT	24441	24499	1	b778ee2cffbac6b9e28c5ff77358ac496acaaaac193e3782416d4162654bac92	CglHVEszX05BVElWRV9FWElUKGVudiwgdGhhdCwgZ3RrXzFlbnRyeV8xZ2V0XzF0ZXh0X0ZVTkMpOw==
564	STATEMENT	24499	24511	1	a028c9c9501df4846ec72c7b4432d4a3cb499b36b781bb1c38853498151d0ba7	CglyZXR1cm4gcmM7
565	FRAGMENT	24511	24512	1	01ba4719c80b6fe911b091a7c05124b64eeece964e09c058ef8f9805daca546b	Cg==
566	BLOCK_CLOSE	24512	24513	0	d10b36aa74a59bcf4a88185837f658afaf3646eff2bb16c3928d0e9335e945d2	fQ==
567	PREPROCESSOR	24513	24521	0	626de321eb397f6600939892a0009f31bc378f7e886f9acc5ec0af18db6a99a7	CiNlbmRpZgo=
568	PREPROCESSOR	24521	24555	0	a97173220a2ca95c9b3b8b51f7c42c50da647bbea31399995e5afe657ca5c1d0	CiNpZm5kZWYgTk9fZ3RrXzFlbnRyeV8xc2V0XzF0ZXh0Cg==
569	FUNCTION_OPEN	24555	24671	0	552d2d088d3be46121e534f73ae2b9819ee5c70b178fcd2929e57330995c41bb	Sk5JRVhQT1JUIHZvaWQgSk5JQ0FMTCBHVEszX05BVElWRShndGtfMWVudHJ5XzFzZXRfMXRleHQpCgkoSk5JRW52ICplbnYsIGpjbGFzcyB0aGF0LCBqbG9uZyBhcmcwLCBqYnl0ZUFycmF5IGFyZzEpCns=
570	STATEMENT	24671	24692	1	ecbc1c66598161b54ed7d4df47ce4c17c895a8aaf496cadd930f0e7e6c9b06d3	CglqYnl0ZSAqbHBhcmcxPU5VTEw7
571	STATEMENT	24692	24751	1	754b0c936c1d28934101c0c01c09eda70f1171e62d101524d04e2a612c684dff	CglHVEszX05BVElWRV9FTlRFUihlbnYsIHRoYXQsIGd0a18xZW50cnlfMXNldF8xdGV4dF9GVU5DKTs=
572	STATEMENT	24751	24843	1	9e0f7faa1c09a55eb10394bedcb268962dfc3d57ab587fe9530c7324cc7b0ca1	CglpZiAoYXJnMSkgaWYgKChscGFyZzEgPSAoKmVudiktPkdldEJ5dGVBcnJheUVsZW1lbnRzKGVudiwgYXJnMSwgTlVMTCkpID09IE5VTEwpIGdvdG8gZmFpbDs=
573	STATEMENT	24843	24905	1	5fa4396c7a6455f123bad4d5a2861574603eead21fefe538ed7e34f79157c6da	CglndGtfZW50cnlfc2V0X3RleHQoKEd0a0VudHJ5ICopYXJnMCwgKGNvbnN0IGdjaGFyICopbHBhcmcxKTs=
574	STATEMENT	24905	24988	1	78812943a01430fa07d31629617d2c1617a8077555058eb3c69830ff8aafbb1d	CmZhaWw6CglpZiAoYXJnMSAmJiBscGFyZzEpICgqZW52KS0+UmVsZWFzZUJ5dGVBcnJheUVsZW1lbnRzKGVudiwgYXJnMSwgbHBhcmcxLCAwKTs=
575	STATEMENT	24988	25046	1	be8d827843b4e5e15216eda0267b9f601a0ec772d5168637579a9ae443487690	CglHVEszX05BVElWRV9FWElUKGVudiwgdGhhdCwgZ3RrXzFlbnRyeV8xc2V0XzF0ZXh0X0ZVTkMpOw==
576	FRAGMENT	25046	25047	1	01ba4719c80b6fe911b091a7c05124b64eeece964e09c058ef8f9805daca546b	Cg==
577	BLOCK_CLOSE	25047	25048	0	d10b36aa74a59bcf4a88185837f658afaf3646eff2bb16c3928d0e9335e945d2	fQ==
578	PREPROCESSOR	25048	25056	0	626de321eb397f6600939892a0009f31bc378f7e886f9acc5ec0af18db6a99a7	CiNlbmRpZgo=
579	PREPROCESSOR	25056	25098	0	9c37aea2d5fa60f54078c1d766c330210c4359b3f8af92f3cf6d87d4f5d278f0	CiNpZm5kZWYgTk9fZ3RrXzFlbnRyeV8xc2V0XzF3aWR0aF8xY2hhcnMK
580	FUNCTION_OPEN	25098	25216	0	860a09d0ecab379478283fc7a50c2cf333ca361e70d8b00c22141f90990a6516	Sk5JRVhQT1JUIHZvaWQgSk5JQ0FMTCBHVEszX05BVElWRShndGtfMWVudHJ5XzFzZXRfMXdpZHRoXzFjaGFycykKCShKTklFbnYgKmVudiwgamNsYXNzIHRoYXQsIGpsb25nIGFyZzAsIGppbnQgYXJnMSkKew==
581	STATEMENT	25216	25283	1	e054e46684710bc73a2b402ef8bc3ef9d0cff473f9ad7cd4f0e33b4a065c8c78	CglHVEszX05BVElWRV9FTlRFUihlbnYsIHRoYXQsIGd0a18xZW50cnlfMXNldF8xd2lkdGhfMWNoYXJzX0ZVTkMpOw==
582	STATEMENT	25283	25341	1	38cdc1e6fe600759b86cfcdb1e7eb3575e656084f46d8a0a0695979e45d606a1	CglndGtfZW50cnlfc2V0X3dpZHRoX2NoYXJzKChHdGtFbnRyeSAqKWFyZzAsIChnaW50KWFyZzEpOw==
583	STATEMENT	25341	25407	1	e0d07ff9e5346d7f463678f5b54e6a3eba22475c1e95c13c5b8fc82f561e33f5	CglHVEszX05BVElWRV9FWElUKGVudiwgdGhhdCwgZ3RrXzFlbnRyeV8xc2V0XzF3aWR0aF8xY2hhcnNfRlVOQyk7
584	FRAGMENT	25407	25408	1	01ba4719c80b6fe911b091a7c05124b64eeece964e09c058ef8f9805daca546b	Cg==
585	BLOCK_CLOSE	25408	25409	0	d10b36aa74a59bcf4a88185837f658afaf3646eff2bb16c3928d0e9335e945d2	fQ==
586	PREPROCESSOR	25409	25417	0	626de321eb397f6600939892a0009f31bc378f7e886f9acc5ec0af18db6a99a7	CiNlbmRpZgo=
587	PREPROCESSOR	25417	25472	0	cbcfd58abb06c1ebec4e624fb85028cc1675993cf3fa77c87609355053205429	CiNpZm5kZWYgTk9fZ3RrXzFlbnRyeV8xdGV4dF8xaW5kZXhfMXRvXzFsYXlvdXRfMWluZGV4Cg==
588	FUNCTION_OPEN	25472	25603	0	821cee36fde6bc1937ca0d0cda89ffb93c5d97eaa9c880ab242cfa68f72dc4f9	Sk5JRVhQT1JUIGppbnQgSk5JQ0FMTCBHVEszX05BVElWRShndGtfMWVudHJ5XzF0ZXh0XzFpbmRleF8xdG9fMWxheW91dF8xaW5kZXgpCgkoSk5JRW52ICplbnYsIGpjbGFzcyB0aGF0LCBqbG9uZyBhcmcwLCBqaW50IGFyZzEpCns=
589	STATEMENT	25603	25617	1	ab2eac128ef6225b35f40b35e2bd8fba39be8b3b6b281960b3c51646eba99890	CglqaW50IHJjID0gMDs=
590	STATEMENT	25617	25697	1	1ceccc1c53f46a35e8f7c70316f9451ffe3f43b1dfbc7f1aec4e7022941f6702	CglHVEszX05BVElWRV9FTlRFUihlbnYsIHRoYXQsIGd0a18xZW50cnlfMXRleHRfMWluZGV4XzF0b18xbGF5b3V0XzFpbmRleF9GVU5DKTs=
591	STATEMENT	25697	25777	1	50b18de7df0ac7ecd3725505fdd1116a58185f00fe4b01e9c1aa4e253219dadd	CglyYyA9IChqaW50KWd0a19lbnRyeV90ZXh0X2luZGV4X3RvX2xheW91dF9pbmRleCgoR3RrRW50cnkgKilhcmcwLCAoZ2ludClhcmcxKTs=
592	STATEMENT	25777	25856	1	e3f35f44a2ecaae9ec6eb772d3c19e894c143369f42671af18a8fd4b232b8263	CglHVEszX05BVElWRV9FWElUKGVudiwgdGhhdCwgZ3RrXzFlbnRyeV8xdGV4dF8xaW5kZXhfMXRvXzFsYXlvdXRfMWluZGV4X0ZVTkMpOw==
593	STATEMENT	25856	25868	1	a028c9c9501df4846ec72c7b4432d4a3cb499b36b781bb1c38853498151d0ba7	CglyZXR1cm4gcmM7
594	FRAGMENT	25868	25869	1	01ba4719c80b6fe911b091a7c05124b64eeece964e09c058ef8f9805daca546b	Cg==
595	BLOCK_CLOSE	25869	25870	0	d10b36aa74a59bcf4a88185837f658afaf3646eff2bb16c3928d0e9335e945d2	fQ==
596	PREPROCESSOR	25870	25878	0	626de321eb397f6600939892a0009f31bc378f7e886f9acc5ec0af18db6a99a7	CiNlbmRpZgo=
597	PREPROCESSOR	25878	25911	0	b3240f8ffa48f5689647d15bcaacf4b2310add481930c22ba11f72dbb67c2e41	CiNpZm5kZWYgTk9fZ3RrXzFldmVudF8xYm94XzFuZXcK
598	FUNCTION_OPEN	25911	25998	0	cebf5b8fe67f96e0cb34df48596f5a5b791b023083eeaacd2f4161955fce471f	Sk5JRVhQT1JUIGpsb25nIEpOSUNBTEwgR1RLM19OQVRJVkUoZ3RrXzFldmVudF8xYm94XzFuZXcpCgkoSk5JRW52ICplbnYsIGpjbGFzcyB0aGF0KQp7
599	STATEMENT	25998	26013	1	3411ceb5951bc52321d8d6cf00df310a159211846b0264e08db2a18b94173633	CglqbG9uZyByYyA9IDA7
600	STATEMENT	26013	26071	1	ef53891f79b628717173658de17646a99d4013eca5b085e1f6fd441bd030d93a	CglHVEszX05BVElWRV9FTlRFUihlbnYsIHRoYXQsIGd0a18xZXZlbnRfMWJveF8xbmV3X0ZVTkMpOw==
601	STATEMENT	26071	26105	1	2bee89e30a087c4e8e4f806135dadfc096301e177a8a42716f7359b7097b939d	CglyYyA9IChqbG9uZylndGtfZXZlbnRfYm94X25ldygpOw==
602	STATEMENT	26105	26162	1	2aac1a6992568d89b273304e11a74f6927e287070e71e32724b6bbb1e9b8aab9	CglHVEszX05BVElWRV9FWElUKGVudiwgdGhhdCwgZ3RrXzFldmVudF8xYm94XzFuZXdfRlVOQyk7
603	STATEMENT	26162	26174	1	a028c9c9501df4846ec72c7b4432d4a3cb499b36b781bb1c38853498151d0ba7	CglyZXR1cm4gcmM7
604	FRAGMENT	26174	26175	1	01ba4719c80b6fe911b091a7c05124b64eeece964e09c058ef8f9805daca546b	Cg==
605	BLOCK_CLOSE	26175	26176	0	d10b36aa74a59bcf4a88185837f658afaf3646eff2bb16c3928d0e9335e945d2	fQ==
606	PREPROCESSOR	26176	26184	0	626de321eb397f6600939892a0009f31bc378f7e886f9acc5ec0af18db6a99a7	CiNlbmRpZgo=
607	PREPROCESSOR	26184	26234	0	f3997f8db51e3c88f233a2722de1c097f7d6100415e95f9d2d53988b54342c0a	CiNpZm5kZWYgTk9fZ3RrXzFldmVudF8xY29udHJvbGxlcl8xaGFuZGxlXzFldmVudAo=
608	FUNCTION_OPEN	26234	26361	0	28d7b39833c6e4b4946e54597c10d1ad4cef86d92cbce8c4199b8cc100d5b279	Sk5JRVhQT1JUIHZvaWQgSk5JQ0FMTCBHVEszX05BVElWRShndGtfMWV2ZW50XzFjb250cm9sbGVyXzFoYW5kbGVfMWV2ZW50KQoJKEpOSUVudiAqZW52LCBqY2xhc3MgdGhhdCwgamxvbmcgYXJnMCwgamxvbmcgYXJnMSkKew==
609	STATEMENT	26361	26436	1	5c80e188b3ae26ff1d3452bbe155041e5527919ffa458b702def07c02e73c79b	CglHVEszX05BVElWRV9FTlRFUihlbnYsIHRoYXQsIGd0a18xZXZlbnRfMWNvbnRyb2xsZXJfMWhhbmRsZV8xZXZlbnRfRlVOQyk7
610	STATEMENT	26436	26524	1	323966b36cdd9e656c370ba17c7316141ac31ef3782ce6c5630b7dfa5699c070	CglndGtfZXZlbnRfY29udHJvbGxlcl9oYW5kbGVfZXZlbnQoKEd0a0V2ZW50Q29udHJvbGxlciAqKWFyZzAsIChjb25zdCBHZGtFdmVudCAqKWFyZzEpOw==
611	STATEMENT	26524	26598	1	4b1c34f76b27fda5718bfff61317aca78b2825a0f8fc4de6cf59f9b97016d656	CglHVEszX05BVElWRV9FWElUKGVudiwgdGhhdCwgZ3RrXzFldmVudF8xY29udHJvbGxlcl8xaGFuZGxlXzFldmVudF9GVU5DKTs=
612	FRAGMENT	26598	26599	1	01ba4719c80b6fe911b091a7c05124b64eeece964e09c058ef8f9805daca546b	Cg==
613	BLOCK_CLOSE	26599	26600	0	d10b36aa74a59bcf4a88185837f658afaf3646eff2bb16c3928d0e9335e945d2	fQ==
614	PREPROCESSOR	26600	26608	0	626de321eb397f6600939892a0009f31bc378f7e886f9acc5ec0af18db6a99a7	CiNlbmRpZgo=
615	PREPROCESSOR	26608	26641	0	362c8f4993e400eaae305e637fd04458b68f31e4425f40d17677f64f189069cc	CiNpZm5kZWYgTk9fZ3RrXzFldmVudHNfMXBlbmRpbmcK
616	FUNCTION_OPEN	26641	26731	0	4b2cf08c0f491e35e053175aab972e4c50f143012d803287a69d9b14e61ec9e6	Sk5JRVhQT1JUIGpib29sZWFuIEpOSUNBTEwgR1RLM19OQVRJVkUoZ3RrXzFldmVudHNfMXBlbmRpbmcpCgkoSk5JRW52ICplbnYsIGpjbGFzcyB0aGF0KQp7
617	STATEMENT	26731	26749	1	6e389c725127046540fa228f0aca981232172a088ed5b7d88f2be6db7346caa1	CglqYm9vbGVhbiByYyA9IDA7
618	STATEMENT	26749	26807	1	97a2cd5c3ac7fc6f2fe0e225990c4bb0b9674e1e06798904ac318fff9a23df99	CglHVEszX05BVElWRV9FTlRFUihlbnYsIHRoYXQsIGd0a18xZXZlbnRzXzFwZW5kaW5nX0ZVTkMpOw==
619	STATEMENT	26807	26845	1	78afc2889c253bd9882fc509f11d1d5202ceafcb4c6c2356ecf530953a749b71	CglyYyA9IChqYm9vbGVhbilndGtfZXZlbnRzX3BlbmRpbmcoKTs=
620	STATEMENT	26845	26902	1	fde40c141412a52df1a57984643e36b8d714359c243f5768cfe110b293b91bf7	CglHVEszX05BVElWRV9FWElUKGVudiwgdGhhdCwgZ3RrXzFldmVudHNfMXBlbmRpbmdfRlVOQyk7
621	STATEMENT	26902	26914	1	a028c9c9501df4846ec72c7b4432d4a3cb499b36b781bb1c38853498151d0ba7	CglyZXR1cm4gcmM7
622	FRAGMENT	26914	26915	1	01ba4719c80b6fe911b091a7c05124b64eeece964e09c058ef8f9805daca546b	Cg==
623	BLOCK_CLOSE	26915	26916	0	d10b36aa74a59bcf4a88185837f658afaf3646eff2bb16c3928d0e9335e945d2	fQ==
624	PREPROCESSOR	26916	26924	0	626de321eb397f6600939892a0009f31bc378f7e886f9acc5ec0af18db6a99a7	CiNlbmRpZgo=
625	PREPROCESSOR	26924	26970	0	fbc5a5b2f74c80c85836dccc7880ecb3401f265e3ed49e65e5dd65801efa73a7	CiNpZm5kZWYgTk9fZ3RrXzFmaWxlXzFjaG9vc2VyXzFnZXRfMWZpbGVuYW1lCg==
626	FUNCTION_OPEN	26970	27082	0	8e8350aa79bf6edce6b6980bff0b9b7c9991dfd7f206da8451e2b0272dfd48b5	Sk5JRVhQT1JUIGpsb25nIEpOSUNBTEwgR1RLM19OQVRJVkUoZ3RrXzFmaWxlXzFjaG9vc2VyXzFnZXRfMWZpbGVuYW1lKQoJKEpOSUVudiAqZW52LCBqY2xhc3MgdGhhdCwgamxvbmcgYXJnMCkKew==
627	STATEMENT	27082	27097	1	3411ceb5951bc52321d8d6cf00df310a159211846b0264e08db2a18b94173633	CglqbG9uZyByYyA9IDA7
628	STATEMENT	27097	27168	1	d759768a045d2bcfd8049f61aeb7f23ec0f716ad8336a608cda4f3c4c10ec825	CglHVEszX05BVElWRV9FTlRFUihlbnYsIHRoYXQsIGd0a18xZmlsZV8xY2hvb3Nlcl8xZ2V0XzFmaWxlbmFtZV9GVU5DKTs=
629	STATEMENT	27168	27236	1	57aa6eeda2201a44cdd2dafbfb0872f3c019dc44b5e3227424f63c543cc397a5	CglyYyA9IChqbG9uZylndGtfZmlsZV9jaG9vc2VyX2dldF9maWxlbmFtZSgoR3RrRmlsZUNob29zZXIgKilhcmcwKTs=
630	STATEMENT	27236	27306	1	0d4fd4912f33f1adc94a782d16d2df29714b1f7591de49bfcdac1d16e713eeea	CglHVEszX05BVElWRV9FWElUKGVudiwgdGhhdCwgZ3RrXzFmaWxlXzFjaG9vc2VyXzFnZXRfMWZpbGVuYW1lX0ZVTkMpOw==
631	STATEMENT	27306	27318	1	a028c9c9501df4846ec72c7b4432d4a3cb499b36b781bb1c38853498151d0ba7	CglyZXR1cm4gcmM7
632	FRAGMENT	27318	27319	1	01ba4719c80b6fe911b091a7c05124b64eeece964e09c058ef8f9805daca546b	Cg==
633	BLOCK_CLOSE	27319	27320	0	d10b36aa74a59bcf4a88185837f658afaf3646eff2bb16c3928d0e9335e945d2	fQ==
634	PREPROCESSOR	27320	27328	0	626de321eb397f6600939892a0009f31bc378f7e886f9acc5ec0af18db6a99a7	CiNlbmRpZgo=
635	PREPROCESSOR	27328	27375	0	7e09567684e56b06f6c263bd74b64ce3b022fd734bcdd59195a43f3a6759723c	CiNpZm5kZWYgTk9fZ3RrXzFmaWxlXzFjaG9vc2VyXzFnZXRfMWZpbGVuYW1lcwo=
636	FUNCTION_OPEN	27375	27488	0	ba146b273aae7e865718bd6c9eead06611e607dbfa57558c07b7bb88e286ce26	Sk5JRVhQT1JUIGpsb25nIEpOSUNBTEwgR1RLM19OQVRJVkUoZ3RrXzFmaWxlXzFjaG9vc2VyXzFnZXRfMWZpbGVuYW1lcykKCShKTklFbnYgKmVudiwgamNsYXNzIHRoYXQsIGpsb25nIGFyZzApCns=
637	STATEMENT	27488	27503	1	3411ceb5951bc52321d8d6cf00df310a159211846b0264e08db2a18b94173633	CglqbG9uZyByYyA9IDA7
638	STATEMENT	27503	27575	1	92b4ba3033eef2112a7228f28bea2f7c5e858a939f93ebaa455398233d1d5c3d	CglHVEszX05BVElWRV9FTlRFUihlbnYsIHRoYXQsIGd0a18xZmlsZV8xY2hvb3Nlcl8xZ2V0XzFmaWxlbmFtZXNfRlVOQyk7
639	STATEMENT	27575	27644	1	a9fc8eb9a8beecdaacfba7ec9578cdb5fa0a20b0c03209b0fa54d8c489a5ecec	CglyYyA9IChqbG9uZylndGtfZmlsZV9jaG9vc2VyX2dldF9maWxlbmFtZXMoKEd0a0ZpbGVDaG9vc2VyICopYXJnMCk7
640	STATEMENT	27644	27715	1	066de9da53c299821044eaa4152f9aa699c5d70a5fb1ad3eca19c87ef1b51550	CglHVEszX05BVElWRV9FWElUKGVudiwgdGhhdCwgZ3RrXzFmaWxlXzFjaG9vc2VyXzFnZXRfMWZpbGVuYW1lc19GVU5DKTs=
641	STATEMENT	27715	27727	1	a028c9c9501df4846ec72c7b4432d4a3cb499b36b781bb1c38853498151d0ba7	CglyZXR1cm4gcmM7
642	FRAGMENT	27727	27728	1	01ba4719c80b6fe911b091a7c05124b64eeece964e09c058ef8f9805daca546b	Cg==
643	BLOCK_CLOSE	27728	27729	0	d10b36aa74a59bcf4a88185837f658afaf3646eff2bb16c3928d0e9335e945d2	fQ==
644	PREPROCESSOR	27729	27737	0	626de321eb397f6600939892a0009f31bc378f7e886f9acc5ec0af18db6a99a7	CiNlbmRpZgo=
645	PREPROCESSOR	27737	27778	0	17cb49cc7b2aa1e8f6f7cc37f81bdca712ead4b8d1764f5be8a42f8c39a84e84	CiNpZm5kZWYgTk9fZ3RrXzFmaWxlXzFjaG9vc2VyXzFnZXRfMXVyaQo=
646	FUNCTION_OPEN	27778	27885	0	d2cee798f1dd5347adadae165a95d917c66e81589b5a69cfeaa30957a7e385bf	Sk5JRVhQT1JUIGpsb25nIEpOSUNBTEwgR1RLM19OQVRJVkUoZ3RrXzFmaWxlXzFjaG9vc2VyXzFnZXRfMXVyaSkKCShKTklFbnYgKmVudiwgamNsYXNzIHRoYXQsIGpsb25nIGFyZzApCns=
647	STATEMENT	27885	27900	1	3411ceb5951bc52321d8d6cf00df310a159211846b0264e08db2a18b94173633	CglqbG9uZyByYyA9IDA7
648	STATEMENT	27900	27966	1	7d5be07c59bebc0060ee0a6bba41594f79ce79ac1dba2ab0305ce6e7fd3d2f60	CglHVEszX05BVElWRV9FTlRFUihlbnYsIHRoYXQsIGd0a18xZmlsZV8xY2hvb3Nlcl8xZ2V0XzF1cmlfRlVOQyk7
649	STATEMENT	27966	28029	1	42c47a474570d248421c544fb8e5d01fad9baed0fe70f028d06c478e5ff30a71	CglyYyA9IChqbG9uZylndGtfZmlsZV9jaG9vc2VyX2dldF91cmkoKEd0a0ZpbGVDaG9vc2VyICopYXJnMCk7
650	STATEMENT	28029	28094	1	3072f228357eb6d1c77b662f22f45a3a2fd9aaa740099dcc75d4c525926dfbec	CglHVEszX05BVElWRV9FWElUKGVudiwgdGhhdCwgZ3RrXzFmaWxlXzFjaG9vc2VyXzFnZXRfMXVyaV9GVU5DKTs=
651	STATEMENT	28094	28106	1	a028c9c9501df4846ec72c7b4432d4a3cb499b36b781bb1c38853498151d0ba7	CglyZXR1cm4gcmM7
652	FRAGMENT	28106	28107	1	01ba4719c80b6fe911b091a7c05124b64eeece964e09c058ef8f9805daca546b	Cg==
653	BLOCK_CLOSE	28107	28108	0	d10b36aa74a59bcf4a88185837f658afaf3646eff2bb16c3928d0e9335e945d2	fQ==
654	PREPROCESSOR	28108	28116	0	626de321eb397f6600939892a0009f31bc378f7e886f9acc5ec0af18db6a99a7	CiNlbmRpZgo=
655	PREPROCESSOR	28116	28158	0	bf50d09cb505dbe6166fb2ac1e37585fdd78bf04f36cf15e9d161c7838c12fe4	CiNpZm5kZWYgTk9fZ3RrXzFmaWxlXzFjaG9vc2VyXzFnZXRfMXVyaXMK
656	FUNCTION_OPEN	28158	28266	0	0fc3f95f0205cd227229e2f5a076373c171c160b0d221461202bbf3615b1d6af	Sk5JRVhQT1JUIGpsb25nIEpOSUNBTEwgR1RLM19OQVRJVkUoZ3RrXzFmaWxlXzFjaG9vc2VyXzFnZXRfMXVyaXMpCgkoSk5JRW52ICplbnYsIGpjbGFzcyB0aGF0LCBqbG9uZyBhcmcwKQp7
657	STATEMENT	28266	28281	1	3411ceb5951bc52321d8d6cf00df310a159211846b0264e08db2a18b94173633	CglqbG9uZyByYyA9IDA7
658	STATEMENT	28281	28348	1	78e62092088252af10209a2c5660c648fd6caba538b0cf27d8370a9ce768f799	CglHVEszX05BVElWRV9FTlRFUihlbnYsIHRoYXQsIGd0a18xZmlsZV8xY2hvb3Nlcl8xZ2V0XzF1cmlzX0ZVTkMpOw==
659	STATEMENT	28348	28412	1	f2b14f1e9e881d1de28ae55ee3551a847dbb05d5c1c93c114a4555dfcc846c6a	CglyYyA9IChqbG9uZylndGtfZmlsZV9jaG9vc2VyX2dldF91cmlzKChHdGtGaWxlQ2hvb3NlciAqKWFyZzApOw==
660	STATEMENT	28412	28478	1	c5e89c5878f4f1b689604d2120adeb8a575ec3ccb1484885b9e360378ef3fa5a	CglHVEszX05BVElWRV9FWElUKGVudiwgdGhhdCwgZ3RrXzFmaWxlXzFjaG9vc2VyXzFnZXRfMXVyaXNfRlVOQyk7
661	STATEMENT	28478	28490	1	a028c9c9501df4846ec72c7b4432d4a3cb499b36b781bb1c38853498151d0ba7	CglyZXR1cm4gcmM7
662	FRAGMENT	28490	28491	1	01ba4719c80b6fe911b091a7c05124b64eeece964e09c058ef8f9805daca546b	Cg==
663	BLOCK_CLOSE	28491	28492	0	d10b36aa74a59bcf4a88185837f658afaf3646eff2bb16c3928d0e9335e945d2	fQ==
664	PREPROCESSOR	28492	28500	0	626de321eb397f6600939892a0009f31bc378f7e886f9acc5ec0af18db6a99a7	CiNlbmRpZgo=
665	PREPROCESSOR	28500	28553	0	8f95aa64cd4636f9d1b6c4e44eb3e92d523594abcc9e0010076b150a06a95bf5	CiNpZm5kZWYgTk9fZ3RrXzFmaWxlXzFjaG9vc2VyXzFzZXRfMWN1cnJlbnRfMWZvbGRlcgo=
666	FUNCTION_OPEN	28553	28683	0	5004d8b13dfdce0d10b67e6ecd93782e60b03885a16d9dca72065aa2abb75eb0	Sk5JRVhQT1JUIHZvaWQgSk5JQ0FMTCBHVEszX05BVElWRShndGtfMWZpbGVfMWNob29zZXJfMXNldF8xY3VycmVudF8xZm9sZGVyKQoJKEpOSUVudiAqZW52LCBqY2xhc3MgdGhhdCwgamxvbmcgYXJnMCwgamxvbmcgYXJnMSkKew==
667	STATEMENT	28683	28761	1	5d221d104681c212c079c15b63e5c1ab689502c1a424261a8ffd6a5bd084cd1e	CglHVEszX05BVElWRV9FTlRFUihlbnYsIHRoYXQsIGd0a18xZmlsZV8xY2hvb3Nlcl8xc2V0XzFjdXJyZW50XzFmb2xkZXJfRlVOQyk7
668	STATEMENT	28761	28844	1	e41b76347d6a624851b0cd1635ebc5373bcad8e667b048e2688589a696169fb7	CglndGtfZmlsZV9jaG9vc2VyX3NldF9jdXJyZW50X2ZvbGRlcigoR3RrRmlsZUNob29zZXIgKilhcmcwLCAoY29uc3QgZ2NoYXIgKilhcmcxKTs=
669	STATEMENT	28844	28921	1	92d8596361f48bb0cd4098e23a84d8c7998c945a667fd23797ea519e1c6ff9fe	CglHVEszX05BVElWRV9FWElUKGVudiwgdGhhdCwgZ3RrXzFmaWxlXzFjaG9vc2VyXzFzZXRfMWN1cnJlbnRfMWZvbGRlcl9GVU5DKTs=
670	FRAGMENT	28921	28922	1	01ba4719c80b6fe911b091a7c05124b64eeece964e09c058ef8f9805daca546b	Cg==
671	BLOCK_CLOSE	28922	28923	0	d10b36aa74a59bcf4a88185837f658afaf3646eff2bb16c3928d0e9335e945d2	fQ==
672	PREPROCESSOR	28923	28931	0	626de321eb397f6600939892a0009f31bc378f7e886f9acc5ec0af18db6a99a7	CiNlbmRpZgo=
673	PREPROCESSOR	28931	28989	0	c792d531a3a31a975c7cfbd620957a65eb1f3efb4d2986b578d985ffbe924c41	CiNpZm5kZWYgTk9fZ3RrXzFmaWxlXzFjaG9vc2VyXzFzZXRfMWN1cnJlbnRfMWZvbGRlcl8xdXJpCg==
674	FUNCTION_OPEN	28989	29129	0	5c103b3ee5f06ee484a75861ea91b3e8fb90455c801d69169a0e44193cd29ac9	Sk5JRVhQT1JUIHZvaWQgSk5JQ0FMTCBHVEszX05BVElWRShndGtfMWZpbGVfMWNob29zZXJfMXNldF8xY3VycmVudF8xZm9sZGVyXzF1cmkpCgkoSk5JRW52ICplbnYsIGpjbGFzcyB0aGF0LCBqbG9uZyBhcmcwLCBqYnl0ZUFycmF5IGFyZzEpCns=
675	STATEMENT	29129	29150	1	ecbc1c66598161b54ed7d4df47ce4c17c895a8aaf496cadd930f0e7e6c9b06d3	CglqYnl0ZSAqbHBhcmcxPU5VTEw7
676	STATEMENT	29150	29233	1	3d4bd77e4254c0b4430f19000477d8161a5c1b0247a8077175b0194c82da8434	CglHVEszX05BVElWRV9FTlRFUihlbnYsIHRoYXQsIGd0a18xZmlsZV8xY2hvb3Nlcl8xc2V0XzFjdXJyZW50XzFmb2xkZXJfMXVyaV9GVU5DKTs=
677	STATEMENT	29233	29325	1	9e0f7faa1c09a55eb10394bedcb268962dfc3d57ab587fe9530c7324cc7b0ca1	CglpZiAoYXJnMSkgaWYgKChscGFyZzEgPSAoKmVudiktPkdldEJ5dGVBcnJheUVsZW1lbnRzKGVudiwgYXJnMSwgTlVMTCkpID09IE5VTEwpIGdvdG8gZmFpbDs=
678	STATEMENT	29325	29414	1	0ab63bb4686078585c1868ce1bed40b9dd00570365c4002c15b29e7090583c19	CglndGtfZmlsZV9jaG9vc2VyX3NldF9jdXJyZW50X2ZvbGRlcl91cmkoKEd0a0ZpbGVDaG9vc2VyICopYXJnMCwgKGNvbnN0IGdjaGFyICopbHBhcmcxKTs=
679	STATEMENT	29414	29497	1	78812943a01430fa07d31629617d2c1617a8077555058eb3c69830ff8aafbb1d	CmZhaWw6CglpZiAoYXJnMSAmJiBscGFyZzEpICgqZW52KS0+UmVsZWFzZUJ5dGVBcnJheUVsZW1lbnRzKGVudiwgYXJnMSwgbHBhcmcxLCAwKTs=
680	STATEMENT	29497	29579	1	b1c6e06de12c3ba9f1dda96fa785cca7242df06421f337f1ee4988b47851591a	CglHVEszX05BVElWRV9FWElUKGVudiwgdGhhdCwgZ3RrXzFmaWxlXzFjaG9vc2VyXzFzZXRfMWN1cnJlbnRfMWZvbGRlcl8xdXJpX0ZVTkMpOw==
681	FRAGMENT	29579	29580	1	01ba4719c80b6fe911b091a7c05124b64eeece964e09c058ef8f9805daca546b	Cg==
682	BLOCK_CLOSE	29580	29581	0	d10b36aa74a59bcf4a88185837f658afaf3646eff2bb16c3928d0e9335e945d2	fQ==
683	PREPROCESSOR	29581	29589	0	626de321eb397f6600939892a0009f31bc378f7e886f9acc5ec0af18db6a99a7	CiNlbmRpZgo=
684	PREPROCESSOR	29589	29654	0	4522610f2d747d76b5c62db89962bdbfc0784c5e59d6a98e25daaf5d6031c368	CiNpZm5kZWYgTk9fZ3RrXzFmaWxlXzFjaG9vc2VyXzFzZXRfMWRvXzFvdmVyd3JpdGVfMWNvbmZpcm1hdGlvbgo=
685	FUNCTION_OPEN	29654	29799	0	3ef1a9f73db4a3625834e7c82d000f1e0b1974619a274e47f729338c003da874	Sk5JRVhQT1JUIHZvaWQgSk5JQ0FMTCBHVEszX05BVElWRShndGtfMWZpbGVfMWNob29zZXJfMXNldF8xZG9fMW92ZXJ3cml0ZV8xY29uZmlybWF0aW9uKQoJKEpOSUVudiAqZW52LCBqY2xhc3MgdGhhdCwgamxvbmcgYXJnMCwgamJvb2xlYW4gYXJnMSkKew==
686	STATEMENT	29799	29889	1	00e2aee7f3fd20242a8e7fcf1477268a6c64afa6cf4638de0abce623d0193dfa	CglHVEszX05BVElWRV9FTlRFUihlbnYsIHRoYXQsIGd0a18xZmlsZV8xY2hvb3Nlcl8xc2V0XzFkb18xb3ZlcndyaXRlXzFjb25maXJtYXRpb25fRlVOQyk7
687	STATEMENT	29889	29978	1	bf594301f48f92bef8aa3bc25db1c8e36420cc10097da535b7a515353f284bfa	CglndGtfZmlsZV9jaG9vc2VyX3NldF9kb19vdmVyd3JpdGVfY29uZmlybWF0aW9uKChHdGtGaWxlQ2hvb3NlciAqKWFyZzAsIChnYm9vbGVhbilhcmcxKTs=
688	STATEMENT	29978	30067	1	ff86b208047a56bc92fcba44cff8fc5f241f63c6261a896bb2198289de04bc00	CglHVEszX05BVElWRV9FWElUKGVudiwgdGhhdCwgZ3RrXzFmaWxlXzFjaG9vc2VyXzFzZXRfMWRvXzFvdmVyd3JpdGVfMWNvbmZpcm1hdGlvbl9GVU5DKTs=
689	FRAGMENT	30067	30068	1	01ba4719c80b6fe911b091a7c05124b64eeece964e09c058ef8f9805daca546b	Cg==
690	BLOCK_CLOSE	30068	30069	0	d10b36aa74a59bcf4a88185837f658afaf3646eff2bb16c3928d0e9335e945d2	fQ==
691	PREPROCESSOR	30069	30077	0	626de321eb397f6600939892a0009f31bc378f7e886f9acc5ec0af18db6a99a7	CiNlbmRpZgo=
692	PREPROCESSOR	30077	30128	0	8353242dac9c40551c492428e9c401db463f959ae3cc4f55ce1c4df4847f4c52	CiNpZm5kZWYgTk9fZ3RrXzFmaWxlXzFjaG9vc2VyXzFzZXRfMWV4dHJhXzF3aWRnZXQK
693	FUNCTION_OPEN	30128	30256	0	29da106c6277fb9cd0d8995d4da65d9752610fe55223f99e82be6f667138696c	Sk5JRVhQT1JUIHZvaWQgSk5JQ0FMTCBHVEszX05BVElWRShndGtfMWZpbGVfMWNob29zZXJfMXNldF8xZXh0cmFfMXdpZGdldCkKCShKTklFbnYgKmVudiwgamNsYXNzIHRoYXQsIGpsb25nIGFyZzAsIGpsb25nIGFyZzEpCns=
694	STATEMENT	30256	30332	1	e526e30b4289080ce43af0a79d86e71ad961cf2addc5cdd9a7ac1e6c3034b8d8	CglHVEszX05BVElWRV9FTlRFUihlbnYsIHRoYXQsIGd0a18xZmlsZV8xY2hvb3Nlcl8xc2V0XzFleHRyYV8xd2lkZ2V0X0ZVTkMpOw==
695	STATEMENT	30332	30411	1	57979288d1f024256343feb2863985ad33a1e616021af3e48ae6d6ee1b5940b9	CglndGtfZmlsZV9jaG9vc2VyX3NldF9leHRyYV93aWRnZXQoKEd0a0ZpbGVDaG9vc2VyICopYXJnMCwgKEd0a1dpZGdldCAqKWFyZzEpOw==
696	STATEMENT	30411	30486	1	c089e59eb5d6ab8254a30677f095920b91b59d068d578f26c9063415ffd94515	CglHVEszX05BVElWRV9FWElUKGVudiwgdGhhdCwgZ3RrXzFmaWxlXzFjaG9vc2VyXzFzZXRfMWV4dHJhXzF3aWRnZXRfRlVOQyk7
697	FRAGMENT	30486	30487	1	01ba4719c80b6fe911b091a7c05124b64eeece964e09c058ef8f9805daca546b	Cg==
698	BLOCK_CLOSE	30487	30488	0	d10b36aa74a59bcf4a88185837f658afaf3646eff2bb16c3928d0e9335e945d2	fQ==
699	PREPROCESSOR	30488	30496	0	626de321eb397f6600939892a0009f31bc378f7e886f9acc5ec0af18db6a99a7	CiNlbmRpZgo=
700	PREPROCESSOR	30496	30542	0	3ced2265217172e572ff6b31b7da3848aea2e1614f914e75432f884df7d93604	CiNpZm5kZWYgTk9fZ3RrXzFmaWxlXzFjaG9vc2VyXzFzZXRfMWZpbGVuYW1lCg==
701	FUNCTION_OPEN	30542	30665	0	3a9e80b3f9011282ebd60fff828389527144871121ce8d0e4deadb5fc49539e1	Sk5JRVhQT1JUIHZvaWQgSk5JQ0FMTCBHVEszX05BVElWRShndGtfMWZpbGVfMWNob29zZXJfMXNldF8xZmlsZW5hbWUpCgkoSk5JRW52ICplbnYsIGpjbGFzcyB0aGF0LCBqbG9uZyBhcmcwLCBqbG9uZyBhcmcxKQp7
702	STATEMENT	30665	30736	1	6f1f48c31cc2eee296e25427835fd04ac9824a285857dd2f5ac7b4fd99614c0d	CglHVEszX05BVElWRV9FTlRFUihlbnYsIHRoYXQsIGd0a18xZmlsZV8xY2hvb3Nlcl8xc2V0XzFmaWxlbmFtZV9GVU5DKTs=
703	STATEMENT	30736	30813	1	6657152ea23f339aac30ae03461e9517d0256fdaf1d720657d567adc4c2c4ff9	CglndGtfZmlsZV9jaG9vc2VyX3NldF9maWxlbmFtZSgoR3RrRmlsZUNob29zZXIgKilhcmcwLCAoY29uc3QgZ2NoYXIgKilhcmcxKTs=
704	STATEMENT	30813	30883	1	6e33d6a69e5c6f395c1aaf0c49138ca907ea8c8ed046cae911cf152303fd6304	CglHVEszX05BVElWRV9FWElUKGVudiwgdGhhdCwgZ3RrXzFmaWxlXzFjaG9vc2VyXzFzZXRfMWZpbGVuYW1lX0ZVTkMpOw==
705	FRAGMENT	30883	30884	1	01ba4719c80b6fe911b091a7c05124b64eeece964e09c058ef8f9805daca546b	Cg==
706	BLOCK_CLOSE	30884	30885	0	d10b36aa74a59bcf4a88185837f658afaf3646eff2bb16c3928d0e9335e945d2	fQ==
707	PREPROCESSOR	30885	30893	0	626de321eb397f6600939892a0009f31bc378f7e886f9acc5ec0af18db6a99a7	CiNlbmRpZgo=
708	PREPROCESSOR	30893	30942	0	85cf27c457d3ea900a12b0806acf96f4f6c2e56e058125ef29f3abe4e85af5de	CiNpZm5kZWYgTk9fZ3RrXzFmaWxlXzFjaG9vc2VyXzFzZXRfMWxvY2FsXzFvbmx5Cg==
709	FUNCTION_OPEN	30942	31071	0	3b59274775372ec0e9adf4b1dad7b8e2e512ea7d5c8793b1a67f0bbe422712d2	Sk5JRVhQT1JUIHZvaWQgSk5JQ0FMTCBHVEszX05BVElWRShndGtfMWZpbGVfMWNob29zZXJfMXNldF8xbG9jYWxfMW9ubHkpCgkoSk5JRW52ICplbnYsIGpjbGFzcyB0aGF0LCBqbG9uZyBhcmcwLCBqYm9vbGVhbiBhcmcxKQp7
710	STATEMENT	31071	31145	1	acfc80d6ceaeb2c329e3157a24a46df84a8b5cdbc6d80caf854e5f4e0519f3f4	CglHVEszX05BVElWRV9FTlRFUihlbnYsIHRoYXQsIGd0a18xZmlsZV8xY2hvb3Nlcl8xc2V0XzFsb2NhbF8xb25seV9GVU5DKTs=
711	STATEMENT	31145	31219	1	23e784372103f4bb3493f25c1f31aab2903b4683574c142d4f66039b72ea3241	CglndGtfZmlsZV9jaG9vc2VyX3NldF9sb2NhbF9vbmx5KChHdGtGaWxlQ2hvb3NlciAqKWFyZzAsIChnYm9vbGVhbilhcmcxKTs=
712	STATEMENT	31219	31292	1	23fd3daa24748f5b432e394fb8792329851f2e3c258ed24075aded3537d3f723	CglHVEszX05BVElWRV9FWElUKGVudiwgdGhhdCwgZ3RrXzFmaWxlXzFjaG9vc2VyXzFzZXRfMWxvY2FsXzFvbmx5X0ZVTkMpOw==
713	FRAGMENT	31292	31293	1	01ba4719c80b6fe911b091a7c05124b64eeece964e09c058ef8f9805daca546b	Cg==
714	BLOCK_CLOSE	31293	31294	0	d10b36aa74a59bcf4a88185837f658afaf3646eff2bb16c3928d0e9335e945d2	fQ==
715	PREPROCESSOR	31294	31302	0	626de321eb397f6600939892a0009f31bc378f7e886f9acc5ec0af18db6a99a7	CiNlbmRpZgo=
716	PREPROCESSOR	31302	31343	0	3fc8b1f2463c9de1c3e6094689172ba928c9d6b3b30ded09a4865ea0ba4b249e	CiNpZm5kZWYgTk9fZ3RrXzFmaWxlXzFjaG9vc2VyXzFzZXRfMXVyaQo=
717	FUNCTION_OPEN	31343	31466	0	e6a49648e4dce75e8fdecff04687c3be2635cb7f79791604412e47eb3d2fc604	Sk5JRVhQT1JUIHZvaWQgSk5JQ0FMTCBHVEszX05BVElWRShndGtfMWZpbGVfMWNob29zZXJfMXNldF8xdXJpKQoJKEpOSUVudiAqZW52LCBqY2xhc3MgdGhhdCwgamxvbmcgYXJnMCwgamJ5dGVBcnJheSBhcmcxKQp7
718	STATEMENT	31466	31487	1	ecbc1c66598161b54ed7d4df47ce4c17c895a8aaf496cadd930f0e7e6c9b06d3	CglqYnl0ZSAqbHBhcmcxPU5VTEw7
719	STATEMENT	31487	31553	1	21902d222e22c1e08dfc9cce889e254e471233cb02e26d8138366b2ca91e44a8	CglHVEszX05BVElWRV9FTlRFUihlbnYsIHRoYXQsIGd0a18xZmlsZV8xY2hvb3Nlcl8xc2V0XzF1cmlfRlVOQyk7
720	STATEMENT	31553	31645	1	9e0f7faa1c09a55eb10394bedcb268962dfc3d57ab587fe9530c7324cc7b0ca1	CglpZiAoYXJnMSkgaWYgKChscGFyZzEgPSAoKmVudiktPkdldEJ5dGVBcnJheUVsZW1lbnRzKGVudiwgYXJnMSwgTlVMTCkpID09IE5VTEwpIGdvdG8gZmFpbDs=
721	STATEMENT	31645	31718	1	1264f895304ce3b12f510302712f5378f3f98e0bae6fa0dbd69e10158f15f5ae	CglndGtfZmlsZV9jaG9vc2VyX3NldF91cmkoKEd0a0ZpbGVDaG9vc2VyICopYXJnMCwgKGNvbnN0IGNoYXIgKilscGFyZzEpOw==
722	STATEMENT	31718	31801	1	78812943a01430fa07d31629617d2c1617a8077555058eb3c69830ff8aafbb1d	CmZhaWw6CglpZiAoYXJnMSAmJiBscGFyZzEpICgqZW52KS0+UmVsZWFzZUJ5dGVBcnJheUVsZW1lbnRzKGVudiwgYXJnMSwgbHBhcmcxLCAwKTs=
723	STATEMENT	31801	31866	1	e3bfef13077c4b633c7d5b562d23bf1d026640e1fafcdf73dcb6d8862ac76d94	CglHVEszX05BVElWRV9FWElUKGVudiwgdGhhdCwgZ3RrXzFmaWxlXzFjaG9vc2VyXzFzZXRfMXVyaV9GVU5DKTs=
724	FRAGMENT	31866	31867	1	01ba4719c80b6fe911b091a7c05124b64eeece964e09c058ef8f9805daca546b	Cg==
725	BLOCK_CLOSE	31867	31868	0	d10b36aa74a59bcf4a88185837f658afaf3646eff2bb16c3928d0e9335e945d2	fQ==
726	PREPROCESSOR	31868	31876	0	626de321eb397f6600939892a0009f31bc378f7e886f9acc5ec0af18db6a99a7	CiNlbmRpZgo=
727	PREPROCESSOR	31876	31918	0	215898f46e6cbd89d693d7568c70e6dd6a55787e0bbd721a09f842c7e49fe2fd	CiNpZm5kZWYgTk9fZ3RrXzFmcmFtZV8xc2V0XzFzaGFkb3dfMXR5cGUK
728	FUNCTION_OPEN	31918	32036	0	3ba55b07440b373ac79a1ed2750e48f897364f7c1dc0a2f97740302d6a3859a9	Sk5JRVhQT1JUIHZvaWQgSk5JQ0FMTCBHVEszX05BVElWRShndGtfMWZyYW1lXzFzZXRfMXNoYWRvd18xdHlwZSkKCShKTklFbnYgKmVudiwgamNsYXNzIHRoYXQsIGpsb25nIGFyZzAsIGppbnQgYXJnMSkKew==
729	STATEMENT	32036	32103	1	8b23417944b6836673a42144654cd3f827571c3d19061088f9713f5c3741038e	CglHVEszX05BVElWRV9FTlRFUihlbnYsIHRoYXQsIGd0a18xZnJhbWVfMXNldF8xc2hhZG93XzF0eXBlX0ZVTkMpOw==
730	STATEMENT	32103	32170	1	ec69dbc573cf82d7ac807012e2341d28cfe8081f5d2123bebfe2cb5fbcb28358	CglndGtfZnJhbWVfc2V0X3NoYWRvd190eXBlKChHdGtGcmFtZSAqKWFyZzAsIChHdGtTaGFkb3dUeXBlKWFyZzEpOw==
731	STATEMENT	32170	32236	1	bf1bc7f0d3ff7e56e0924b84e73a00e57416e39e6581c4b3c5cd92ffd8654bea	CglHVEszX05BVElWRV9FWElUKGVudiwgdGhhdCwgZ3RrXzFmcmFtZV8xc2V0XzFzaGFkb3dfMXR5cGVfRlVOQyk7
732	FRAGMENT	32236	32237	1	01ba4719c80b6fe911b091a7c05124b64eeece964e09c058ef8f9805daca546b	Cg==
733	BLOCK_CLOSE	32237	32238	0	d10b36aa74a59bcf4a88185837f658afaf3646eff2bb16c3928d0e9335e945d2	fQ==
734	PREPROCESSOR	32238	32246	0	626de321eb397f6600939892a0009f31bc378f7e886f9acc5ec0af18db6a99a7	CiNlbmRpZgo=
735	PREPROCESSOR	32246	32282	0	3e2892a8ea4faea2fd0a1568f1bcbc44d178f03c16a51cc9eeaf3171e0593fca	CiNpZm5kZWYgTk9fZ3RrXzFnZXN0dXJlXzFkcmFnXzFuZXcK
736	FUNCTION_OPEN	32282	32384	0	9ddca4a7ed72086ba7e65e533c5f8b9564d21f0a9b1936d44597353f06c9880f	Sk5JRVhQT1JUIGpsb25nIEpOSUNBTEwgR1RLM19OQVRJVkUoZ3RrXzFnZXN0dXJlXzFkcmFnXzFuZXcpCgkoSk5JRW52ICplbnYsIGpjbGFzcyB0aGF0LCBqbG9uZyBhcmcwKQp7
737	STATEMENT	32384	32399	1	3411ceb5951bc52321d8d6cf00df310a159211846b0264e08db2a18b94173633	CglqbG9uZyByYyA9IDA7
738	STATEMENT	32399	32460	1	ad86c9ac1dd7c7f9b4dc70ba4a4691f49f6e2f8d5eded74e40243b18305c00b1	CglHVEszX05BVElWRV9FTlRFUihlbnYsIHRoYXQsIGd0a18xZ2VzdHVyZV8xZHJhZ18xbmV3X0ZVTkMpOw==
739	STATEMENT	32460	32514	1	40d642acf3bd80e49899652043b05149ed74d6fe5f1ead808717db3c3ff670ce	CglyYyA9IChqbG9uZylndGtfZ2VzdHVyZV9kcmFnX25ldygoR3RrV2lkZ2V0ICopYXJnMCk7
740	STATEMENT	32514	32574	1	963ce71db03766b00a42928f3a7f716331503de478ca367540dbe831ca690ed9	CglHVEszX05BVElWRV9FWElUKGVudiwgdGhhdCwgZ3RrXzFnZXN0dXJlXzFkcmFnXzFuZXdfRlVOQyk7
741	STATEMENT	32574	32586	1	a028c9c9501df4846ec72c7b4432d4a3cb499b36b781bb1c38853498151d0ba7	CglyZXR1cm4gcmM7
742	FRAGMENT	32586	32587	1	01ba4719c80b6fe911b091a7c05124b64eeece964e09c058ef8f9805daca546b	Cg==
743	BLOCK_CLOSE	32587	32588	0	d10b36aa74a59bcf4a88185837f658afaf3646eff2bb16c3928d0e9335e945d2	fQ==
744	PREPROCESSOR	32588	32596	0	626de321eb397f6600939892a0009f31bc378f7e886f9acc5ec0af18db6a99a7	CiNlbmRpZgo=
745	PREPROCESSOR	32596	32634	0	698cbd85f34bd1da40d6a252ff3b6370636975763255fd643f10c3378236249f	CiNpZm5kZWYgTk9fZ3RrXzFnZXN0dXJlXzFyb3RhdGVfMW5ldwo=
746	FUNCTION_OPEN	32634	32738	0	a7362e8b99e5436f2ce8b11d91e73491be85d0120e20d55b676e96a53c56f7dc	Sk5JRVhQT1JUIGpsb25nIEpOSUNBTEwgR1RLM19OQVRJVkUoZ3RrXzFnZXN0dXJlXzFyb3RhdGVfMW5ldykKCShKTklFbnYgKmVudiwgamNsYXNzIHRoYXQsIGpsb25nIGFyZzApCns=
747	STATEMENT	32738	32753	1	3411ceb5951bc52321d8d6cf00df310a159211846b0264e08db2a18b94173633	CglqbG9uZyByYyA9IDA7
748	STATEMENT	32753	32816	1	f53602a845e6ddd7f36c6cf1274a889c23f5f63d26ac4aca880ad1e7258a23d0	CglHVEszX05BVElWRV9FTlRFUihlbnYsIHRoYXQsIGd0a18xZ2VzdHVyZV8xcm90YXRlXzFuZXdfRlVOQyk7
749	STATEMENT	32816	32872	1	0503fb029e9ddaf950259ecedf033c4a18b7e818f402fa56759acd7c770bef80	CglyYyA9IChqbG9uZylndGtfZ2VzdHVyZV9yb3RhdGVfbmV3KChHdGtXaWRnZXQgKilhcmcwKTs=
750	STATEMENT	32872	32934	1	56941b0fe5297e20eea47ef13e72d5cf41d5d1164a6c50e74b3a1e01b0c6ef7a	CglHVEszX05BVElWRV9FWElUKGVudiwgdGhhdCwgZ3RrXzFnZXN0dXJlXzFyb3RhdGVfMW5ld19GVU5DKTs=
751	STATEMENT	32934	32946	1	a028c9c9501df4846ec72c7b4432d4a3cb499b36b781bb1c38853498151d0ba7	CglyZXR1cm4gcmM7
752	FRAGMENT	32946	32947	1	01ba4719c80b6fe911b091a7c05124b64eeece964e09c058ef8f9805daca546b	Cg==
753	BLOCK_CLOSE	32947	32948	0	d10b36aa74a59bcf4a88185837f658afaf3646eff2bb16c3928d0e9335e945d2	fQ==
754	PREPROCESSOR	32948	32956	0	626de321eb397f6600939892a0009f31bc378f7e886f9acc5ec0af18db6a99a7	CiNlbmRpZgo=
755	PREPROCESSOR	32956	32992	0	fa67a0d8a2fce7f851f3e4a8b8b4548f6589c1d60ebdb19ddc06fac00dfe71eb	CiNpZm5kZWYgTk9fZ3RrXzFnZXN0dXJlXzF6b29tXzFuZXcK
756	FUNCTION_OPEN	32992	33094	0	13a8bd2eee9471d6041206f6c0db50092baf4ffe8a47a02ae73f304d5f97f9b2	Sk5JRVhQT1JUIGpsb25nIEpOSUNBTEwgR1RLM19OQVRJVkUoZ3RrXzFnZXN0dXJlXzF6b29tXzFuZXcpCgkoSk5JRW52ICplbnYsIGpjbGFzcyB0aGF0LCBqbG9uZyBhcmcwKQp7
757	STATEMENT	33094	33109	1	3411ceb5951bc52321d8d6cf00df310a159211846b0264e08db2a18b94173633	CglqbG9uZyByYyA9IDA7
758	STATEMENT	33109	33170	1	cd2fb96c91eca6f6aaec385a3b6ae6f0613acad3bb324aafeb3097560c682607	CglHVEszX05BVElWRV9FTlRFUihlbnYsIHRoYXQsIGd0a18xZ2VzdHVyZV8xem9vbV8xbmV3X0ZVTkMpOw==
759	STATEMENT	33170	33224	1	f0988a6a1f7aa09ed2a89e8db46d40317e3fc6e374b02db28593be7baf2ec676	CglyYyA9IChqbG9uZylndGtfZ2VzdHVyZV96b29tX25ldygoR3RrV2lkZ2V0ICopYXJnMCk7
760	STATEMENT	33224	33284	1	64c011ea766bbb91f0872a49fb280861c201ae451d86fc46ca584fcb09ee203d	CglHVEszX05BVElWRV9FWElUKGVudiwgdGhhdCwgZ3RrXzFnZXN0dXJlXzF6b29tXzFuZXdfRlVOQyk7
761	STATEMENT	33284	33296	1	a028c9c9501df4846ec72c7b4432d4a3cb499b36b781bb1c38853498151d0ba7	CglyZXR1cm4gcmM7
762	FRAGMENT	33296	33297	1	01ba4719c80b6fe911b091a7c05124b64eeece964e09c058ef8f9805daca546b	Cg==
763	BLOCK_CLOSE	33297	33298	0	d10b36aa74a59bcf4a88185837f658afaf3646eff2bb16c3928d0e9335e945d2	fQ==
764	PREPROCESSOR	33298	33306	0	626de321eb397f6600939892a0009f31bc378f7e886f9acc5ec0af18db6a99a7	CiNlbmRpZgo=
765	PREPROCESSOR	33306	33343	0	642fe6f247579224501e777480bd6dab2929075a1a55cc46d6e57cb18789169d	CiNpZm5kZWYgTk9fZ3RrXzFnZXRfMWN1cnJlbnRfMWV2ZW50Cg==
766	FUNCTION_OPEN	33343	33434	0	5491541f99619378ef3662434ac02c7e9f3e9617a1857a5f8176cd4913b1af4b	Sk5JRVhQT1JUIGpsb25nIEpOSUNBTEwgR1RLM19OQVRJVkUoZ3RrXzFnZXRfMWN1cnJlbnRfMWV2ZW50KQoJKEpOSUVudiAqZW52LCBqY2xhc3MgdGhhdCkKew==
767	STATEMENT	33434	33449	1	3411ceb5951bc52321d8d6cf00df310a159211846b0264e08db2a18b94173633	CglqbG9uZyByYyA9IDA7
768	STATEMENT	33449	33511	1	eb32d4ae44c738873e447139ff3e44d16a70f544b6c23434c7db03ea50cbea05	CglHVEszX05BVElWRV9FTlRFUihlbnYsIHRoYXQsIGd0a18xZ2V0XzFjdXJyZW50XzFldmVudF9GVU5DKTs=
769	STATEMENT	33511	33549	1	7e5cbf4da81e5e1f73c941bc23795287188c0063f4acd3d32817a079bc599bd5	CglyYyA9IChqbG9uZylndGtfZ2V0X2N1cnJlbnRfZXZlbnQoKTs=
770	STATEMENT	33549	33610	1	b28fa0ae485a69892be8ff51288dc0d68ac752235ac900f722b57ba4646d957e	CglHVEszX05BVElWRV9FWElUKGVudiwgdGhhdCwgZ3RrXzFnZXRfMWN1cnJlbnRfMWV2ZW50X0ZVTkMpOw==
771	STATEMENT	33610	33622	1	a028c9c9501df4846ec72c7b4432d4a3cb499b36b781bb1c38853498151d0ba7	CglyZXR1cm4gcmM7
772	FRAGMENT	33622	33623	1	01ba4719c80b6fe911b091a7c05124b64eeece964e09c058ef8f9805daca546b	Cg==
773	BLOCK_CLOSE	33623	33624	0	d10b36aa74a59bcf4a88185837f658afaf3646eff2bb16c3928d0e9335e945d2	fQ==
774	PREPROCESSOR	33624	33632	0	626de321eb397f6600939892a0009f31bc378f7e886f9acc5ec0af18db6a99a7	CiNlbmRpZgo=
775	PREPROCESSOR	33632	33676	0	c854a899f1fa33d7c9aefe2eefbf7b1d9c89601f13aff32da1786ab2a23a0f23	CiNpZm5kZWYgTk9fZ3RrXzFnZXRfMWN1cnJlbnRfMWV2ZW50XzFzdGF0ZQo=
776	FUNCTION_OPEN	33676	33793	0	35e52b826c65f9690e0200f27bb3dea411640202866ec7eadeaeab6e6fbd4da2	Sk5JRVhQT1JUIGpib29sZWFuIEpOSUNBTEwgR1RLM19OQVRJVkUoZ3RrXzFnZXRfMWN1cnJlbnRfMWV2ZW50XzFzdGF0ZSkKCShKTklFbnYgKmVudiwgamNsYXNzIHRoYXQsIGppbnRBcnJheSBhcmcwKQp7
777	STATEMENT	33793	33813	1	a1cbf51c77af7f59faf4816c9b32f7271623acc0ad0acf4815651e8a25d14c35	CglqaW50ICpscGFyZzA9TlVMTDs=
778	STATEMENT	33813	33831	1	6e389c725127046540fa228f0aca981232172a088ed5b7d88f2be6db7346caa1	CglqYm9vbGVhbiByYyA9IDA7
779	STATEMENT	33831	33900	1	328d51feba4b0a567d5a052eac31a78b84a2af020fef8df638a746454366889c	CglHVEszX05BVElWRV9FTlRFUihlbnYsIHRoYXQsIGd0a18xZ2V0XzFjdXJyZW50XzFldmVudF8xc3RhdGVfRlVOQyk7
780	STATEMENT	33900	33991	1	4674ceefd88322d2b0cc5687132d0f3e95dd363ead4636e485f0ee5ddc460ee5	CglpZiAoYXJnMCkgaWYgKChscGFyZzAgPSAoKmVudiktPkdldEludEFycmF5RWxlbWVudHMoZW52LCBhcmcwLCBOVUxMKSkgPT0gTlVMTCkgZ290byBmYWlsOw==
781	STATEMENT	33991	34062	1	97adf3f5ab90d3f3348108cada1152e9bd515c0604bebd5e831dcafb8e00e707	CglyYyA9IChqYm9vbGVhbilndGtfZ2V0X2N1cnJlbnRfZXZlbnRfc3RhdGUoKEdka01vZGlmaWVyVHlwZSopbHBhcmcwKTs=
782	STATEMENT	34062	34144	1	fc66dc561d9f5888d84e968233be7ffac76f41e276e77a592c6642dc7d465be2	CmZhaWw6CglpZiAoYXJnMCAmJiBscGFyZzApICgqZW52KS0+UmVsZWFzZUludEFycmF5RWxlbWVudHMoZW52LCBhcmcwLCBscGFyZzAsIDApOw==
783	STATEMENT	34144	34212	1	e5accdf34a8f2b434f800821155271dc6af2133b431a7e2b4d094a7815e4a675	CglHVEszX05BVElWRV9FWElUKGVudiwgdGhhdCwgZ3RrXzFnZXRfMWN1cnJlbnRfMWV2ZW50XzFzdGF0ZV9GVU5DKTs=
784	STATEMENT	34212	34224	1	a028c9c9501df4846ec72c7b4432d4a3cb499b36b781bb1c38853498151d0ba7	CglyZXR1cm4gcmM7
785	FRAGMENT	34224	34225	1	01ba4719c80b6fe911b091a7c05124b64eeece964e09c058ef8f9805daca546b	Cg==
786	BLOCK_CLOSE	34225	34226	0	d10b36aa74a59bcf4a88185837f658afaf3646eff2bb16c3928d0e9335e945d2	fQ==
787	PREPROCESSOR	34226	34234	0	626de321eb397f6600939892a0009f31bc378f7e886f9acc5ec0af18db6a99a7	CiNlbmRpZgo=
788	PREPROCESSOR	34234	34270	0	379a5f84a2aaaa7702b46878baec799ae86eab6e832f3a27d3261c6a31ebcc6c	CiNpZm5kZWYgTk9fZ3RrXzFnZXRfMWV2ZW50XzF3aWRnZXQK
789	FUNCTION_OPEN	34270	34372	0	4d62946af3af49925cc9ef8656348f10c12158230ad599eaf379ec9093240e1c	Sk5JRVhQT1JUIGpsb25nIEpOSUNBTEwgR1RLM19OQVRJVkUoZ3RrXzFnZXRfMWV2ZW50XzF3aWRnZXQpCgkoSk5JRW52ICplbnYsIGpjbGFzcyB0aGF0LCBqbG9uZyBhcmcwKQp7
790	STATEMENT	34372	34387	1	3411ceb5951bc52321d8d6cf00df310a159211846b0264e08db2a18b94173633	CglqbG9uZyByYyA9IDA7
791	STATEMENT	34387	34448	1	694f00f2a2ff1b21f23b4b6e6222392e7c20be245d223854b7fae71c20e01251	CglHVEszX05BVElWRV9FTlRFUihlbnYsIHRoYXQsIGd0a18xZ2V0XzFldmVudF8xd2lkZ2V0X0ZVTkMpOw==
792	STATEMENT	34448	34501	1	0f7152ad40bcb37c69e813e25f49e8fd50900eee4ccf876a9b0c02ea042db8b2	CglyYyA9IChqbG9uZylndGtfZ2V0X2V2ZW50X3dpZGdldCgoR2RrRXZlbnQgKilhcmcwKTs=
793	STATEMENT	34501	34561	1	c211cfeb1b4f798167c7c8726b89550081b49bba45bf2f8339ad56d8f7a8a791	CglHVEszX05BVElWRV9FWElUKGVudiwgdGhhdCwgZ3RrXzFnZXRfMWV2ZW50XzF3aWRnZXRfRlVOQyk7
794	STATEMENT	34561	34573	1	a028c9c9501df4846ec72c7b4432d4a3cb499b36b781bb1c38853498151d0ba7	CglyZXR1cm4gcmM7
795	FRAGMENT	34573	34574	1	01ba4719c80b6fe911b091a7c05124b64eeece964e09c058ef8f9805daca546b	Cg==
796	BLOCK_CLOSE	34574	34575	0	d10b36aa74a59bcf4a88185837f658afaf3646eff2bb16c3928d0e9335e945d2	fQ==
797	PREPROCESSOR	34575	34583	0	626de321eb397f6600939892a0009f31bc378f7e886f9acc5ec0af18db6a99a7	CiNlbmRpZgo=
798	PREPROCESSOR	34583	34610	0	b7112de977e9f54ca4b27e24b6e0238446c6908cf0d1c980d03a1142fab22454	CiNpZm5kZWYgTk9fZ3RrXzFncmFiXzFhZGQK
799	FUNCTION_OPEN	34610	34702	0	45b587dbfc34e6af56091c3292785e5dfe81d83a55a2b3f01b3dab44b53c7836	Sk5JRVhQT1JUIHZvaWQgSk5JQ0FMTCBHVEszX05BVElWRShndGtfMWdyYWJfMWFkZCkKCShKTklFbnYgKmVudiwgamNsYXNzIHRoYXQsIGpsb25nIGFyZzApCns=
800	STATEMENT	34702	34754	1	1fc7825936369d82398fd462c14627ff51bb475bbb67ebde6cd1d9cdd047bea7	CglHVEszX05BVElWRV9FTlRFUihlbnYsIHRoYXQsIGd0a18xZ3JhYl8xYWRkX0ZVTkMpOw==
801	STATEMENT	34754	34788	1	20a84f81d812722d0d554572c69efea2cb096d5db8f133a5176054ad173f44a2	CglndGtfZ3JhYl9hZGQoKEd0a1dpZGdldCAqKWFyZzApOw==
802	STATEMENT	34788	34839	1	1080e81e3e6edc90a4ad91d79ff4bcaadbd717a5b9c8d44c4571479cecd0bc33	CglHVEszX05BVElWRV9FWElUKGVudiwgdGhhdCwgZ3RrXzFncmFiXzFhZGRfRlVOQyk7
803	FRAGMENT	34839	34840	1	01ba4719c80b6fe911b091a7c05124b64eeece964e09c058ef8f9805daca546b	Cg==
804	BLOCK_CLOSE	34840	34841	0	d10b36aa74a59bcf4a88185837f658afaf3646eff2bb16c3928d0e9335e945d2	fQ==
805	PREPROCESSOR	34841	34849	0	626de321eb397f6600939892a0009f31bc378f7e886f9acc5ec0af18db6a99a7	CiNlbmRpZgo=
806	PREPROCESSOR	34849	34885	0	8679708bbc9f79fdb0bad42ddc912f33728884e04f6cfeae76977e541ae2afc3	CiNpZm5kZWYgTk9fZ3RrXzFncmFiXzFnZXRfMWN1cnJlbnQK
807	FUNCTION_OPEN	34885	34975	0	a6e905c18c2d166c6b0ff94df2d53cdb2fe7c9775673f5185fb24bc70bc66d5d	Sk5JRVhQT1JUIGpsb25nIEpOSUNBTEwgR1RLM19OQVRJVkUoZ3RrXzFncmFiXzFnZXRfMWN1cnJlbnQpCgkoSk5JRW52ICplbnYsIGpjbGFzcyB0aGF0KQp7
808	STATEMENT	34975	34990	1	3411ceb5951bc52321d8d6cf00df310a159211846b0264e08db2a18b94173633	CglqbG9uZyByYyA9IDA7
809	STATEMENT	34990	35051	1	239d826c963cb57a6e143a99a5ba44b93a30fa94be8adc38c9729aec1b7c01c5	CglHVEszX05BVElWRV9FTlRFUihlbnYsIHRoYXQsIGd0a18xZ3JhYl8xZ2V0XzFjdXJyZW50X0ZVTkMpOw==
810	STATEMENT	35051	35088	1	ea6f3853fdbe6cdfa74473f4283d4ece79a8c78dc7fd4204645ee0c95a730f69	CglyYyA9IChqbG9uZylndGtfZ3JhYl9nZXRfY3VycmVudCgpOw==
811	STATEMENT	35088	35148	1	86c0c819ac94adbe837e575d1634edf4b83340ff9fc25528a4c0370065454b60	CglHVEszX05BVElWRV9FWElUKGVudiwgdGhhdCwgZ3RrXzFncmFiXzFnZXRfMWN1cnJlbnRfRlVOQyk7
812	STATEMENT	35148	35160	1	a028c9c9501df4846ec72c7b4432d4a3cb499b36b781bb1c38853498151d0ba7	CglyZXR1cm4gcmM7
813	FRAGMENT	35160	35161	1	01ba4719c80b6fe911b091a7c05124b64eeece964e09c058ef8f9805daca546b	Cg==
814	BLOCK_CLOSE	35161	35162	0	d10b36aa74a59bcf4a88185837f658afaf3646eff2bb16c3928d0e9335e945d2	fQ==
815	PREPROCESSOR	35162	35170	0	626de321eb397f6600939892a0009f31bc378f7e886f9acc5ec0af18db6a99a7	CiNlbmRpZgo=
816	PREPROCESSOR	35170	35200	0	0f16195e1eb7b5f237c63de4f3da258627622c8b94a9217d4cb2c85220ad3352	CiNpZm5kZWYgTk9fZ3RrXzFncmFiXzFyZW1vdmUK
817	FUNCTION_OPEN	35200	35295	0	6d5bdda012d2c8424fb94aeb8e90ea14d3eb540da8688bb903d6c3a3eaae1b3a	Sk5JRVhQT1JUIHZvaWQgSk5JQ0FMTCBHVEszX05BVElWRShndGtfMWdyYWJfMXJlbW92ZSkKCShKTklFbnYgKmVudiwgamNsYXNzIHRoYXQsIGpsb25nIGFyZzApCns=
818	STATEMENT	35295	35350	1	528e4cf9bfd19f5b57bc5ec6a1feb8fd066f608823fe4747732f15166871a26b	CglHVEszX05BVElWRV9FTlRFUihlbnYsIHRoYXQsIGd0a18xZ3JhYl8xcmVtb3ZlX0ZVTkMpOw==
819	STATEMENT	35350	35387	1	a61d375d120f5e35e85fb53ec56e9795317f4d4d839e76dde969180944a8498c	CglndGtfZ3JhYl9yZW1vdmUoKEd0a1dpZGdldCAqKWFyZzApOw==
820	STATEMENT	35387	35441	1	e8a2ba51843ba9f910aab2456a5fae40a7b8dae68ac37fd12775d3a06fd3e556	CglHVEszX05BVElWRV9FWElUKGVudiwgdGhhdCwgZ3RrXzFncmFiXzFyZW1vdmVfRlVOQyk7
821	FRAGMENT	35441	35442	1	01ba4719c80b6fe911b091a7c05124b64eeece964e09c058ef8f9805daca546b	Cg==
822	BLOCK_CLOSE	35442	35443	0	d10b36aa74a59bcf4a88185837f658afaf3646eff2bb16c3928d0e9335e945d2	fQ==
823	PREPROCESSOR	35443	35451	0	626de321eb397f6600939892a0009f31bc378f7e886f9acc5ec0af18db6a99a7	CiNlbmRpZgo=
824	PREPROCESSOR	35451	35481	0	4547a44c0f6c1802407182c3590d674824afaa610eb8c57720f4f232b156c557	CiNpZm5kZWYgTk9fZ3RrXzFoc3ZfMXRvXzFyZ2IK
825	FUNCTION_OPEN	35481	35663	0	4135f62d2860630f9e14cce9c41caedbecd3ce78e4c92e97bc34fd646f4cb48a	Sk5JRVhQT1JUIHZvaWQgSk5JQ0FMTCBHVEszX05BVElWRShndGtfMWhzdl8xdG9fMXJnYikKCShKTklFbnYgKmVudiwgamNsYXNzIHRoYXQsIGpkb3VibGUgYXJnMCwgamRvdWJsZSBhcmcxLCBqZG91YmxlIGFyZzIsIGpkb3VibGVBcnJheSBhcmczLCBqZG91YmxlQXJyYXkgYXJnNCwgamRvdWJsZUFycmF5IGFyZzUpCns=
826	STATEMENT	35663	35686	1	683614f2ad305088bdf309dea9d429fb1c1e766bb785856604600444fff66275	CglqZG91YmxlICpscGFyZzM9TlVMTDs=
827	STATEMENT	35686	35709	1	f1302216a37f294522e79f0876434084f08f3a59ce146be01c4c43e27ae6031f	CglqZG91YmxlICpscGFyZzQ9TlVMTDs=
828	STATEMENT	35709	35732	1	cc989d79a9be3da5ecb930b46a52f8d8652b7b54f1e60ef1546a7443c0d64829	CglqZG91YmxlICpscGFyZzU9TlVMTDs=
829	STATEMENT	35732	35787	1	8045fca4a1f8826f250e373c55dd091f52107a617525ca6a40ac83526e6430f8	CglHVEszX05BVElWRV9FTlRFUihlbnYsIHRoYXQsIGd0a18xaHN2XzF0b18xcmdiX0ZVTkMpOw==
830	STATEMENT	35787	35881	1	ca55e6b8eba6e813d3596b5167de9d836b5794afbbd65692766d24029b515ae4	CglpZiAoYXJnMykgaWYgKChscGFyZzMgPSAoKmVudiktPkdldERvdWJsZUFycmF5RWxlbWVudHMoZW52LCBhcmczLCBOVUxMKSkgPT0gTlVMTCkgZ290byBmYWlsOw==
831	STATEMENT	35881	35975	1	324da04d992371bc9037a19200b0b1de2ec73063594e22488b545dfbb3890180	CglpZiAoYXJnNCkgaWYgKChscGFyZzQgPSAoKmVudiktPkdldERvdWJsZUFycmF5RWxlbWVudHMoZW52LCBhcmc0LCBOVUxMKSkgPT0gTlVMTCkgZ290byBmYWlsOw==
832	STATEMENT	35975	36069	1	807257bb9756a7bb2c7340d39096b839a3c77fcfaa7e2fab47d75e12c65db3cb	CglpZiAoYXJnNSkgaWYgKChscGFyZzUgPSAoKmVudiktPkdldERvdWJsZUFycmF5RWxlbWVudHMoZW52LCBhcmc1LCBOVUxMKSkgPT0gTlVMTCkgZ290byBmYWlsOw==
833	STATEMENT	36069	36188	1	0215be37fad8963c4aed612417149e47acf5abbb76dacd88e76d81dcffd24e02	CglndGtfaHN2X3RvX3JnYigoZ2RvdWJsZSlhcmcwLCAoZ2RvdWJsZSlhcmcxLCAoZ2RvdWJsZSlhcmcyLCAoZ2RvdWJsZSAqKWxwYXJnMywgKGdkb3VibGUgKilscGFyZzQsIChnZG91YmxlICopbHBhcmc1KTs=
834	STATEMENT	36188	36273	1	c65ce09962ad36406a3be16495079d3f82602def29765afe6c1aafc2ebee99bb	CmZhaWw6CglpZiAoYXJnNSAmJiBscGFyZzUpICgqZW52KS0+UmVsZWFzZURvdWJsZUFycmF5RWxlbWVudHMoZW52LCBhcmc1LCBscGFyZzUsIDApOw==
835	STATEMENT	36273	36352	1	37841e162f4239d5bc848041f5d58a7f8f4bcc5143ad4e53442c99999110f28a	CglpZiAoYXJnNCAmJiBscGFyZzQpICgqZW52KS0+UmVsZWFzZURvdWJsZUFycmF5RWxlbWVudHMoZW52LCBhcmc0LCBscGFyZzQsIDApOw==
836	STATEMENT	36352	36431	1	0bad24356a7a7b08fd9b31c22a615af13529a7914c97cba75e948144c6b67502	CglpZiAoYXJnMyAmJiBscGFyZzMpICgqZW52KS0+UmVsZWFzZURvdWJsZUFycmF5RWxlbWVudHMoZW52LCBhcmczLCBscGFyZzMsIDApOw==
837	STATEMENT	36431	36485	1	3f815d91fe4115e8eecd2ac05cfc1429298f92ad7c419a305ae907262ae202fe	CglHVEszX05BVElWRV9FWElUKGVudiwgdGhhdCwgZ3RrXzFoc3ZfMXRvXzFyZ2JfRlVOQyk7
838	FRAGMENT	36485	36486	1	01ba4719c80b6fe911b091a7c05124b64eeece964e09c058ef8f9805daca546b	Cg==
839	BLOCK_CLOSE	36486	36487	0	d10b36aa74a59bcf4a88185837f658afaf3646eff2bb16c3928d0e9335e945d2	fQ==
840	PREPROCESSOR	36487	36495	0	626de321eb397f6600939892a0009f31bc378f7e886f9acc5ec0af18db6a99a7	CiNlbmRpZgo=
841	PREPROCESSOR	36495	36535	0	2fefeef6c545837826bbcb9cf0efd623f3f984dcaa6a42ef5369884c7a05eb7d	CiNpZm5kZWYgTk9fZ3RrXzFpY29uXzFpbmZvXzFsb2FkXzFpY29uCg==
842	FUNCTION_OPEN	36535	36658	0	0cdb23a78f3ca7109dcc876294e8e954312335f848abc210c3e3e1fae90928e4	Sk5JRVhQT1JUIGpsb25nIEpOSUNBTEwgR1RLM19OQVRJVkUoZ3RrXzFpY29uXzFpbmZvXzFsb2FkXzFpY29uKQoJKEpOSUVudiAqZW52LCBqY2xhc3MgdGhhdCwgamxvbmcgYXJnMCwgamxvbmdBcnJheSBhcmcxKQp7
843	STATEMENT	36658	36679	1	84104d69410ad6cc8fdaad06bd2bd88feea8a653e3e4592b4d69b77f58fc6981	CglqbG9uZyAqbHBhcmcxPU5VTEw7
844	STATEMENT	36679	36694	1	3411ceb5951bc52321d8d6cf00df310a159211846b0264e08db2a18b94173633	CglqbG9uZyByYyA9IDA7
845	STATEMENT	36694	36759	1	700017edb45beb7920a03dd7d653713ba6d705c52c3b57184e4c944baa1c2985	CglHVEszX05BVElWRV9FTlRFUihlbnYsIHRoYXQsIGd0a18xaWNvbl8xaW5mb18xbG9hZF8xaWNvbl9GVU5DKTs=
846	STATEMENT	36759	36851	1	b3493fde566118305063efc5fcd8fdc54d3a16ffa4f685cc7401b2c150adc68c	CglpZiAoYXJnMSkgaWYgKChscGFyZzEgPSAoKmVudiktPkdldExvbmdBcnJheUVsZW1lbnRzKGVudiwgYXJnMSwgTlVMTCkpID09IE5VTEwpIGdvdG8gZmFpbDs=
847	STATEMENT	36851	36929	1	e99c49ee3ecd34bd24b520c500458e20ff03a34c78df536548987c9b462a39f1	CglyYyA9IChqbG9uZylndGtfaWNvbl9pbmZvX2xvYWRfaWNvbigoR3RrSWNvbkluZm8gKilhcmcwLCAoR0Vycm9yICoqKWxwYXJnMSk7
848	STATEMENT	36929	37012	1	c534b0e81e2098e1043d245aeca24b9e40c91f01cf283bc6dd0e49998e2fece4	CmZhaWw6CglpZiAoYXJnMSAmJiBscGFyZzEpICgqZW52KS0+UmVsZWFzZUxvbmdBcnJheUVsZW1lbnRzKGVudiwgYXJnMSwgbHBhcmcxLCAwKTs=
849	STATEMENT	37012	37076	1	d1975c258516202272a1793bee8ee913bfc60d1b7365712e90f256a3a6e4479e	CglHVEszX05BVElWRV9FWElUKGVudiwgdGhhdCwgZ3RrXzFpY29uXzFpbmZvXzFsb2FkXzFpY29uX0ZVTkMpOw==
850	STATEMENT	37076	37088	1	a028c9c9501df4846ec72c7b4432d4a3cb499b36b781bb1c38853498151d0ba7	CglyZXR1cm4gcmM7
851	FRAGMENT	37088	37089	1	01ba4719c80b6fe911b091a7c05124b64eeece964e09c058ef8f9805daca546b	Cg==
852	BLOCK_CLOSE	37089	37090	0	d10b36aa74a59bcf4a88185837f658afaf3646eff2bb16c3928d0e9335e945d2	fQ==
853	PREPROCESSOR	37090	37098	0	626de321eb397f6600939892a0009f31bc378f7e886f9acc5ec0af18db6a99a7	CiNlbmRpZgo=
854	PREPROCESSOR	37098	37141	0	e929338ed6f50ccce73535d1be9df85c43dc4ffea76678e196a7978027a25731	CiNpZm5kZWYgTk9fZ3RrXzFpY29uXzF0aGVtZV8xZ2V0XzFkZWZhdWx0Cg==
855	FUNCTION_OPEN	37141	37238	0	2fdc6972b5b3e43caf8fa7e23fcf94a59f1b611892759503f82caa594165cb80	Sk5JRVhQT1JUIGpsb25nIEpOSUNBTEwgR1RLM19OQVRJVkUoZ3RrXzFpY29uXzF0aGVtZV8xZ2V0XzFkZWZhdWx0KQoJKEpOSUVudiAqZW52LCBqY2xhc3MgdGhhdCkKew==
856	STATEMENT	37238	37253	1	3411ceb5951bc52321d8d6cf00df310a159211846b0264e08db2a18b94173633	CglqbG9uZyByYyA9IDA7
857	STATEMENT	37253	37321	1	4d8f3f6b308847801c4a62c87c0389d5997743a4071d13597950d4471a814685	CglHVEszX05BVElWRV9FTlRFUihlbnYsIHRoYXQsIGd0a18xaWNvbl8xdGhlbWVfMWdldF8xZGVmYXVsdF9GVU5DKTs=
858	STATEMENT	37321	37364	1	715a28d213f5a3be4d11145fb9173e9ccee745b9fe89278e0fe332ba2faa499b	CglyYyA9IChqbG9uZylndGtfaWNvbl90aGVtZV9nZXRfZGVmYXVsdCgpOw==
859	STATEMENT	37364	37431	1	1815af8a165ddb5cc4f92b95a27bc905c415b4d7f38788463527907904b5a935	CglHVEszX05BVElWRV9FWElUKGVudiwgdGhhdCwgZ3RrXzFpY29uXzF0aGVtZV8xZ2V0XzFkZWZhdWx0X0ZVTkMpOw==
860	STATEMENT	37431	37443	1	a028c9c9501df4846ec72c7b4432d4a3cb499b36b781bb1c38853498151d0ba7	CglyZXR1cm4gcmM7
861	FRAGMENT	37443	37444	1	01ba4719c80b6fe911b091a7c05124b64eeece964e09c058ef8f9805daca546b	Cg==
862	BLOCK_CLOSE	37444	37445	0	d10b36aa74a59bcf4a88185837f658afaf3646eff2bb16c3928d0e9335e945d2	fQ==
863	PREPROCESSOR	37445	37453	0	626de321eb397f6600939892a0009f31bc378f7e886f9acc5ec0af18db6a99a7	CiNlbmRpZgo=
864	PREPROCESSOR	37453	37494	0	449543da144324d5c4afb32ea3dee9d149d665256c126d6cddc0020b966f57ed	CiNpZm5kZWYgTk9fZ3RrXzFpY29uXzF0aGVtZV8xbG9hZF8xaWNvbgo=
865	FUNCTION_OPEN	37494	37652	0	bb823f81ee8b0c9bd719173284601fca8f5f74c8102668d6613822c968e325fb	Sk5JRVhQT1JUIGpsb25nIEpOSUNBTEwgR1RLM19OQVRJVkUoZ3RrXzFpY29uXzF0aGVtZV8xbG9hZF8xaWNvbikKCShKTklFbnYgKmVudiwgamNsYXNzIHRoYXQsIGpsb25nIGFyZzAsIGpieXRlQXJyYXkgYXJnMSwgamludCBhcmcyLCBqaW50IGFyZzMsIGpsb25nIGFyZzQpCns=
866	STATEMENT	37652	37673	1	ecbc1c66598161b54ed7d4df47ce4c17c895a8aaf496cadd930f0e7e6c9b06d3	CglqYnl0ZSAqbHBhcmcxPU5VTEw7
867	STATEMENT	37673	37688	1	3411ceb5951bc52321d8d6cf00df310a159211846b0264e08db2a18b94173633	CglqbG9uZyByYyA9IDA7
868	STATEMENT	37688	37754	1	06f82c0cc1ec7f1a049adc0b097368c9b0609e46058ccff638c2f6ee77735711	CglHVEszX05BVElWRV9FTlRFUihlbnYsIHRoYXQsIGd0a18xaWNvbl8xdGhlbWVfMWxvYWRfMWljb25fRlVOQyk7
869	STATEMENT	37754	37846	1	9e0f7faa1c09a55eb10394bedcb268962dfc3d57ab587fe9530c7324cc7b0ca1	CglpZiAoYXJnMSkgaWYgKChscGFyZzEgPSAoKmVudiktPkdldEJ5dGVBcnJheUVsZW1lbnRzKGVudiwgYXJnMSwgTlVMTCkpID09IE5VTEwpIGdvdG8gZmFpbDs=
870	STATEMENT	37846	37985	1	7bbe4e77be1f850d4a059a8b1a9daec34c83f5bee267a5e74111b283fcbe85cd	CglyYyA9IChqbG9uZylndGtfaWNvbl90aGVtZV9sb2FkX2ljb24oKEd0a0ljb25UaGVtZSAqKWFyZzAsIChjb25zdCBnY2hhciAqKWxwYXJnMSwgKGdpbnQpYXJnMiwgKEd0a0ljb25Mb29rdXBGbGFncylhcmczLCAoR0Vycm9yICoqKWFyZzQpOw==
871	STATEMENT	37985	38068	1	78812943a01430fa07d31629617d2c1617a8077555058eb3c69830ff8aafbb1d	CmZhaWw6CglpZiAoYXJnMSAmJiBscGFyZzEpICgqZW52KS0+UmVsZWFzZUJ5dGVBcnJheUVsZW1lbnRzKGVudiwgYXJnMSwgbHBhcmcxLCAwKTs=
872	STATEMENT	38068	38133	1	30db8831c2b3f4db54a719330bc186c346e3c53fa5f0fe526f8f683ccc9fd7da	CglHVEszX05BVElWRV9FWElUKGVudiwgdGhhdCwgZ3RrXzFpY29uXzF0aGVtZV8xbG9hZF8xaWNvbl9GVU5DKTs=
873	STATEMENT	38133	38145	1	a028c9c9501df4846ec72c7b4432d4a3cb499b36b781bb1c38853498151d0ba7	CglyZXR1cm4gcmM7
874	FRAGMENT	38145	38146	1	01ba4719c80b6fe911b091a7c05124b64eeece964e09c058ef8f9805daca546b	Cg==
875	BLOCK_CLOSE	38146	38147	0	d10b36aa74a59bcf4a88185837f658afaf3646eff2bb16c3928d0e9335e945d2	fQ==
876	PREPROCESSOR	38147	38155	0	626de321eb397f6600939892a0009f31bc378f7e886f9acc5ec0af18db6a99a7	CiNlbmRpZgo=
877	PREPROCESSOR	38155	38203	0	d1636d4f241d26a78476916f4ea1069ae5bfb641c4b538e8e8021effe68fc4e4	CiNpZm5kZWYgTk9fZ3RrXzFpY29uXzF0aGVtZV8xbG9va3VwXzFieV8xZ2ljb24K
878	FUNCTION_OPEN	38203	38351	0	a1c8d7e6eae756fdaa9daf70f17b84a2413e0c5c429e8da3ad2c8efc83e5245d	Sk5JRVhQT1JUIGpsb25nIEpOSUNBTEwgR1RLM19OQVRJVkUoZ3RrXzFpY29uXzF0aGVtZV8xbG9va3VwXzFieV8xZ2ljb24pCgkoSk5JRW52ICplbnYsIGpjbGFzcyB0aGF0LCBqbG9uZyBhcmcwLCBqbG9uZyBhcmcxLCBqaW50IGFyZzIsIGppbnQgYXJnMykKew==
879	STATEMENT	38351	38366	1	3411ceb5951bc52321d8d6cf00df310a159211846b0264e08db2a18b94173633	CglqbG9uZyByYyA9IDA7
880	STATEMENT	38366	38439	1	18d9e231283cb3f6a29b9cb7b828fe3dd20fe9d3d850ee31d6a673ef590d916d	CglHVEszX05BVElWRV9FTlRFUihlbnYsIHRoYXQsIGd0a18xaWNvbl8xdGhlbWVfMWxvb2t1cF8xYnlfMWdpY29uX0ZVTkMpOw==
881	STATEMENT	38439	38559	1	dfcca58464656abffe08f527cd97316d4bf00733a5622ebd7be68a47ba86760a	CglyYyA9IChqbG9uZylndGtfaWNvbl90aGVtZV9sb29rdXBfYnlfZ2ljb24oKEd0a0ljb25UaGVtZSAqKWFyZzAsIChHSWNvbiAqKWFyZzEsIChnaW50KWFyZzIsIChHdGtJY29uTG9va3VwRmxhZ3MpYXJnMyk7
882	STATEMENT	38559	38631	1	c31fa3dd9568031c70c52ee324f3d8fa5a3421becf7062b8fabdc140e932e7d5	CglHVEszX05BVElWRV9FWElUKGVudiwgdGhhdCwgZ3RrXzFpY29uXzF0aGVtZV8xbG9va3VwXzFieV8xZ2ljb25fRlVOQyk7
883	STATEMENT	38631	38643	1	a028c9c9501df4846ec72c7b4432d4a3cb499b36b781bb1c38853498151d0ba7	CglyZXR1cm4gcmM7
884	FRAGMENT	38643	38644	1	01ba4719c80b6fe911b091a7c05124b64eeece964e09c058ef8f9805daca546b	Cg==
885	BLOCK_CLOSE	38644	38645	0	d10b36aa74a59bcf4a88185837f658afaf3646eff2bb16c3928d0e9335e945d2	fQ==
886	PREPROCESSOR	38645	38653	0	626de321eb397f6600939892a0009f31bc378f7e886f9acc5ec0af18db6a99a7	CiNlbmRpZgo=
887	PREPROCESSOR	38653	38700	0	6211b94037a9027d52809d18bec16eb2ca64ac621af06d25712332156e82576f	CiNpZm5kZWYgTk9fZ3RrXzFpbV8xY29udGV4dF8xZmlsdGVyXzFrZXlwcmVzcwo=
888	FUNCTION_OPEN	38700	38828	0	3075bd1b59e725a888ade46210d7ae382c36df7214981c9012c3922939249fb7	Sk5JRVhQT1JUIGpib29sZWFuIEpOSUNBTEwgR1RLM19OQVRJVkUoZ3RrXzFpbV8xY29udGV4dF8xZmlsdGVyXzFrZXlwcmVzcykKCShKTklFbnYgKmVudiwgamNsYXNzIHRoYXQsIGpsb25nIGFyZzAsIGpsb25nIGFyZzEpCns=
889	STATEMENT	38828	38846	1	6e389c725127046540fa228f0aca981232172a088ed5b7d88f2be6db7346caa1	CglqYm9vbGVhbiByYyA9IDA7
890	STATEMENT	38846	38918	1	9e08956dd6abea017484bdf659e5a31eb31ad8b357378c19844a571bf3e575c3	CglHVEszX05BVElWRV9FTlRFUihlbnYsIHRoYXQsIGd0a18xaW1fMWNvbnRleHRfMWZpbHRlcl8xa2V5cHJlc3NfRlVOQyk7
891	STATEMENT	38918	39009	1	3c2f76ed674e625b6941ef8ea1fa6ab4ab328e10336440d7024e14c4fae9f3c3	CglyYyA9IChqYm9vbGVhbilndGtfaW1fY29udGV4dF9maWx0ZXJfa2V5cHJlc3MoKEd0a0lNQ29udGV4dCAqKWFyZzAsIChHZGtFdmVudEtleSAqKWFyZzEpOw==
892	STATEMENT	39009	39080	1	6e5f7e5996673ce5308661d50f74d8afe2ec4fe0c4c25cd45b0732e2fa0180bb	CglHVEszX05BVElWRV9FWElUKGVudiwgdGhhdCwgZ3RrXzFpbV8xY29udGV4dF8xZmlsdGVyXzFrZXlwcmVzc19GVU5DKTs=
893	STATEMENT	39080	39092	1	a028c9c9501df4846ec72c7b4432d4a3cb499b36b781bb1c38853498151d0ba7	CglyZXR1cm4gcmM7
894	FRAGMENT	39092	39093	1	01ba4719c80b6fe911b091a7c05124b64eeece964e09c058ef8f9805daca546b	Cg==
895	BLOCK_CLOSE	39093	39094	0	d10b36aa74a59bcf4a88185837f658afaf3646eff2bb16c3928d0e9335e945d2	fQ==
896	PREPROCESSOR	39094	39102	0	626de321eb397f6600939892a0009f31bc378f7e886f9acc5ec0af18db6a99a7	CiNlbmRpZgo=
897	PREPROCESSOR	39102	39148	0	b9950d64b8f6eec07514fb6c91ecf8c0e7e16dbf63b1f97601efe8bc737f6fa8	CiNpZm5kZWYgTk9fZ3RrXzFpbWFnZV8xbmV3XzFmcm9tXzFpY29uXzFuYW1lCg==
898	FUNCTION_OPEN	39148	39276	0	1397a66240353c7e1301dcbdd810eb7bb495e09d61849c650390e81097436e7c	Sk5JRVhQT1JUIGpsb25nIEpOSUNBTEwgR1RLM19OQVRJVkUoZ3RrXzFpbWFnZV8xbmV3XzFmcm9tXzFpY29uXzFuYW1lKQoJKEpOSUVudiAqZW52LCBqY2xhc3MgdGhhdCwgamJ5dGVBcnJheSBhcmcwLCBqaW50IGFyZzEpCns=
899	STATEMENT	39276	39297	1	822ac2a96a4768fd79b617c7eb04a2c27543630d08bb1e64e12cb44eb943d110	CglqYnl0ZSAqbHBhcmcwPU5VTEw7
900	STATEMENT	39297	39312	1	3411ceb5951bc52321d8d6cf00df310a159211846b0264e08db2a18b94173633	CglqbG9uZyByYyA9IDA7
901	STATEMENT	39312	39383	1	ec1b3dbd9a11dfdd0ea2856c67125849c3ab532a02dc35b2b229c41659e5f48c	CglHVEszX05BVElWRV9FTlRFUihlbnYsIHRoYXQsIGd0a18xaW1hZ2VfMW5ld18xZnJvbV8xaWNvbl8xbmFtZV9GVU5DKTs=
902	STATEMENT	39383	39475	1	b2075cd70029cbd90d7bd950107f7811b6de535d2911738929f1657581efa897	CglpZiAoYXJnMCkgaWYgKChscGFyZzAgPSAoKmVudiktPkdldEJ5dGVBcnJheUVsZW1lbnRzKGVudiwgYXJnMCwgTlVMTCkpID09IE5VTEwpIGdvdG8gZmFpbDs=
903	STATEMENT	39475	39560	1	8e003f8dca88244c9f15793747469ba988fd78111b672cc3eab37d7e8f8c7b4d	CglyYyA9IChqbG9uZylndGtfaW1hZ2VfbmV3X2Zyb21faWNvbl9uYW1lKChjb25zdCBnY2hhciAqKWxwYXJnMCwgKEd0a0ljb25TaXplKWFyZzEpOw==
904	STATEMENT	39560	39643	1	19ea667045e023f8627c63601656684e1aa341d4b2b1f93bb08dcb2be00b461d	CmZhaWw6CglpZiAoYXJnMCAmJiBscGFyZzApICgqZW52KS0+UmVsZWFzZUJ5dGVBcnJheUVsZW1lbnRzKGVudiwgYXJnMCwgbHBhcmcwLCAwKTs=
905	STATEMENT	39643	39713	1	25106d61b3890cb7734d2807795a48b8e3addd398744d4749f976295d558bb76	CglHVEszX05BVElWRV9FWElUKGVudiwgdGhhdCwgZ3RrXzFpbWFnZV8xbmV3XzFmcm9tXzFpY29uXzFuYW1lX0ZVTkMpOw==
906	STATEMENT	39713	39725	1	a028c9c9501df4846ec72c7b4432d4a3cb499b36b781bb1c38853498151d0ba7	CglyZXR1cm4gcmM7
907	FRAGMENT	39725	39726	1	01ba4719c80b6fe911b091a7c05124b64eeece964e09c058ef8f9805daca546b	Cg==
908	BLOCK_CLOSE	39726	39727	0	d10b36aa74a59bcf4a88185837f658afaf3646eff2bb16c3928d0e9335e945d2	fQ==
909	PREPROCESSOR	39727	39735	0	626de321eb397f6600939892a0009f31bc378f7e886f9acc5ec0af18db6a99a7	CiNlbmRpZgo=
910	PREPROCESSOR	39735	39778	0	b1a09094b20ffcce015facde0778ebd90b4d472e92486374f7e716c1907055ae	CiNpZm5kZWYgTk9fZ3RrXzFpbWFnZV8xbmV3XzFmcm9tXzFzdXJmYWNlCg==
911	FUNCTION_OPEN	39778	39887	0	a15f0a060d002ef8ff43241d96c01959ccf19703696499b7da10a2fd2df81de4	Sk5JRVhQT1JUIGpsb25nIEpOSUNBTEwgR1RLM19OQVRJVkUoZ3RrXzFpbWFnZV8xbmV3XzFmcm9tXzFzdXJmYWNlKQoJKEpOSUVudiAqZW52LCBqY2xhc3MgdGhhdCwgamxvbmcgYXJnMCkKew==
912	STATEMENT	39887	39902	1	3411ceb5951bc52321d8d6cf00df310a159211846b0264e08db2a18b94173633	CglqbG9uZyByYyA9IDA7
913	STATEMENT	39902	39970	1	63f28a3a649af27464d2be930eedfb950bb0d20030434f69109237cd8f7b206e	CglHVEszX05BVElWRV9FTlRFUihlbnYsIHRoYXQsIGd0a18xaW1hZ2VfMW5ld18xZnJvbV8xc3VyZmFjZV9GVU5DKTs=
914	STATEMENT	39970	40036	1	47f574965c68e21011da10c4a0d8e362142209ba0e1f09519dec8efb0e1381c8	CglyYyA9IChqbG9uZylndGtfaW1hZ2VfbmV3X2Zyb21fc3VyZmFjZSgoY2Fpcm9fc3VyZmFjZV90ICopYXJnMCk7
915	STATEMENT	40036	40103	1	bee42c678fda32cbab34dc3f0fb2ba3cecb370868091b6e098863e2c4f9f40af	CglHVEszX05BVElWRV9FWElUKGVudiwgdGhhdCwgZ3RrXzFpbWFnZV8xbmV3XzFmcm9tXzFzdXJmYWNlX0ZVTkMpOw==
916	STATEMENT	40103	40115	1	a028c9c9501df4846ec72c7b4432d4a3cb499b36b781bb1c38853498151d0ba7	CglyZXR1cm4gcmM7
917	FRAGMENT	40115	40116	1	01ba4719c80b6fe911b091a7c05124b64eeece964e09c058ef8f9805daca546b	Cg==
918	BLOCK_CLOSE	40116	40117	0	d10b36aa74a59bcf4a88185837f658afaf3646eff2bb16c3928d0e9335e945d2	fQ==
919	PREPROCESSOR	40117	40125	0	626de321eb397f6600939892a0009f31bc378f7e886f9acc5ec0af18db6a99a7	CiNlbmRpZgo=
920	PREPROCESSOR	40125	40171	0	d62e70df9d0ada09b1cfa43bc54ad8be8be978c4c5e648c8aed7aa38a1f3220d	CiNpZm5kZWYgTk9fZ3RrXzFpbWFnZV8xc2V0XzFmcm9tXzFpY29uXzFuYW1lCg==
921	FUNCTION_OPEN	40171	40310	0	3b6ad58913ede8c1ae61d8c5d7ec5ff79e42659ddf99a60bb4b50879f5d58b1b	Sk5JRVhQT1JUIHZvaWQgSk5JQ0FMTCBHVEszX05BVElWRShndGtfMWltYWdlXzFzZXRfMWZyb21fMWljb25fMW5hbWUpCgkoSk5JRW52ICplbnYsIGpjbGFzcyB0aGF0LCBqbG9uZyBhcmcwLCBqYnl0ZUFycmF5IGFyZzEsIGppbnQgYXJnMikKew==
922	STATEMENT	40310	40331	1	ecbc1c66598161b54ed7d4df47ce4c17c895a8aaf496cadd930f0e7e6c9b06d3	CglqYnl0ZSAqbHBhcmcxPU5VTEw7
923	STATEMENT	40331	40402	1	37a5730957ad8641fe760938572a63da8ef7a9731d446118dc2ccc5b5fdc6c71	CglHVEszX05BVElWRV9FTlRFUihlbnYsIHRoYXQsIGd0a18xaW1hZ2VfMXNldF8xZnJvbV8xaWNvbl8xbmFtZV9GVU5DKTs=
924	STATEMENT	40402	40494	1	9e0f7faa1c09a55eb10394bedcb268962dfc3d57ab587fe9530c7324cc7b0ca1	CglpZiAoYXJnMSkgaWYgKChscGFyZzEgPSAoKmVudiktPkdldEJ5dGVBcnJheUVsZW1lbnRzKGVudiwgYXJnMSwgTlVMTCkpID09IE5VTEwpIGdvdG8gZmFpbDs=
925	STATEMENT	40494	40585	1	03d17d066cbe06c4481d96d36baa6c8a70941bbbc94b2bd56159c08a6bde0298	CglndGtfaW1hZ2Vfc2V0X2Zyb21faWNvbl9uYW1lKChHdGtJbWFnZSAqKWFyZzAsIChjb25zdCBnY2hhciAqKWxwYXJnMSwgKEd0a0ljb25TaXplKWFyZzIpOw==
926	STATEMENT	40585	40668	1	78812943a01430fa07d31629617d2c1617a8077555058eb3c69830ff8aafbb1d	CmZhaWw6CglpZiAoYXJnMSAmJiBscGFyZzEpICgqZW52KS0+UmVsZWFzZUJ5dGVBcnJheUVsZW1lbnRzKGVudiwgYXJnMSwgbHBhcmcxLCAwKTs=
927	STATEMENT	40668	40738	1	7dc0be36d325b3ee5353b44d4c217770f9a5d43852cf3cb19379737b06538e8a	CglHVEszX05BVElWRV9FWElUKGVudiwgdGhhdCwgZ3RrXzFpbWFnZV8xc2V0XzFmcm9tXzFpY29uXzFuYW1lX0ZVTkMpOw==
928	FRAGMENT	40738	40739	1	01ba4719c80b6fe911b091a7c05124b64eeece964e09c058ef8f9805daca546b	Cg==
929	BLOCK_CLOSE	40739	40740	0	d10b36aa74a59bcf4a88185837f658afaf3646eff2bb16c3928d0e9335e945d2	fQ==
930	PREPROCESSOR	40740	40748	0	626de321eb397f6600939892a0009f31bc378f7e886f9acc5ec0af18db6a99a7	CiNlbmRpZgo=
931	PREPROCESSOR	40748	40791	0	0952673d999fdf71041b9eee832530afec381e42741434ea6f8e886dd6cf9d7a	CiNpZm5kZWYgTk9fZ3RrXzFpbWFnZV8xc2V0XzFmcm9tXzFzdXJmYWNlCg==
932	FUNCTION_OPEN	40791	40911	0	aa7be326ff64c852c517bced9df88e379da70be55df510ae38324f34c76eb4fc	Sk5JRVhQT1JUIHZvaWQgSk5JQ0FMTCBHVEszX05BVElWRShndGtfMWltYWdlXzFzZXRfMWZyb21fMXN1cmZhY2UpCgkoSk5JRW52ICplbnYsIGpjbGFzcyB0aGF0LCBqbG9uZyBhcmcwLCBqbG9uZyBhcmcxKQp7
933	STATEMENT	40911	40979	1	805022564e3f6877f8da50c0381ec864e0814eacf17bc9f9370c3d38452dcbde	CglHVEszX05BVElWRV9FTlRFUihlbnYsIHRoYXQsIGd0a18xaW1hZ2VfMXNldF8xZnJvbV8xc3VyZmFjZV9GVU5DKTs=
934	STATEMENT	40979	41051	1	c81350681479c0d6136ae57aacb812cf7f4592625b0918796bba05336d0feb71	CglndGtfaW1hZ2Vfc2V0X2Zyb21fc3VyZmFjZSgoR3RrSW1hZ2UgKilhcmcwLCAoY2Fpcm9fc3VyZmFjZV90ICopYXJnMSk7
935	STATEMENT	41051	41118	1	d33ba62e66fb40e10ac58dfdee03c407d2138ae2182f25c5f73159a7b4bbb333	CglHVEszX05BVElWRV9FWElUKGVudiwgdGhhdCwgZ3RrXzFpbWFnZV8xc2V0XzFmcm9tXzFzdXJmYWNlX0ZVTkMpOw==
936	FRAGMENT	41118	41119	1	01ba4719c80b6fe911b091a7c05124b64eeece964e09c058ef8f9805daca546b	Cg==
937	BLOCK_CLOSE	41119	41120	0	d10b36aa74a59bcf4a88185837f658afaf3646eff2bb16c3928d0e9335e945d2	fQ==
938	PREPROCESSOR	41120	41128	0	626de321eb397f6600939892a0009f31bc378f7e886f9acc5ec0af18db6a99a7	CiNlbmRpZgo=
939	PREPROCESSOR	41128	41157	0	dd115da7510bc7acee64d881d5b4f4c1250cdd872f0e8398f45d30dc8d2cf7be	CiNpZm5kZWYgTk9fZ3RrXzFpbml0XzFjaGVjawo=
940	FUNCTION_OPEN	41157	41277	0	49c4020e8a727af67c55dfcf3491771aa996a7170123537f48e16b4fb67c6c9e	Sk5JRVhQT1JUIGpib29sZWFuIEpOSUNBTEwgR1RLM19OQVRJVkUoZ3RrXzFpbml0XzFjaGVjaykKCShKTklFbnYgKmVudiwgamNsYXNzIHRoYXQsIGpsb25nQXJyYXkgYXJnMCwgamxvbmdBcnJheSBhcmcxKQp7
941	STATEMENT	41277	41298	1	269c79e903cf4404638855d5b1a56c81a078535d3397034f7cd1f2e717aeffe9	CglqbG9uZyAqbHBhcmcwPU5VTEw7
942	STATEMENT	41298	41319	1	84104d69410ad6cc8fdaad06bd2bd88feea8a653e3e4592b4d69b77f58fc6981	CglqbG9uZyAqbHBhcmcxPU5VTEw7
943	STATEMENT	41319	41337	1	6e389c725127046540fa228f0aca981232172a088ed5b7d88f2be6db7346caa1	CglqYm9vbGVhbiByYyA9IDA7
944	STATEMENT	41337	41391	1	e04fd3c5aef9b933e29482042b21575a434acc3a0e56d6cda6e893e449ea2728	CglHVEszX05BVElWRV9FTlRFUihlbnYsIHRoYXQsIGd0a18xaW5pdF8xY2hlY2tfRlVOQyk7
945	STATEMENT	41391	41483	1	d0a7ac55941630eb47838086eab2dcc0e6d4e1b96c92010fbba531309de60460	CglpZiAoYXJnMCkgaWYgKChscGFyZzAgPSAoKmVudiktPkdldExvbmdBcnJheUVsZW1lbnRzKGVudiwgYXJnMCwgTlVMTCkpID09IE5VTEwpIGdvdG8gZmFpbDs=
946	STATEMENT	41483	41575	1	b3493fde566118305063efc5fcd8fdc54d3a16ffa4f685cc7401b2c150adc68c	CglpZiAoYXJnMSkgaWYgKChscGFyZzEgPSAoKmVudiktPkdldExvbmdBcnJheUVsZW1lbnRzKGVudiwgYXJnMSwgTlVMTCkpID09IE5VTEwpIGdvdG8gZmFpbDs=
947	STATEMENT	41575	41640	1	5236f39d124dd96e442b4369e7fc55ff2e8a4493d6d0f83f59c46a2d3da90673	CglyYyA9IChqYm9vbGVhbilndGtfaW5pdF9jaGVjaygoaW50ICopbHBhcmcwLCAoY2hhciAqKiopbHBhcmcxKTs=
948	STATEMENT	41640	41723	1	c534b0e81e2098e1043d245aeca24b9e40c91f01cf283bc6dd0e49998e2fece4	CmZhaWw6CglpZiAoYXJnMSAmJiBscGFyZzEpICgqZW52KS0+UmVsZWFzZUxvbmdBcnJheUVsZW1lbnRzKGVudiwgYXJnMSwgbHBhcmcxLCAwKTs=
949	STATEMENT	41723	41800	1	6ce6a22147be097ebaf32b022a0bbd6480ef04dc31e09b46742a6cd92ab8b6e5	CglpZiAoYXJnMCAmJiBscGFyZzApICgqZW52KS0+UmVsZWFzZUxvbmdBcnJheUVsZW1lbnRzKGVudiwgYXJnMCwgbHBhcmcwLCAwKTs=
950	STATEMENT	41800	41853	1	f302ac3794ff26140b4854e558d914fc6e911e2b9fa916dd855ef1186f8478d6	CglHVEszX05BVElWRV9FWElUKGVudiwgdGhhdCwgZ3RrXzFpbml0XzFjaGVja19GVU5DKTs=
951	STATEMENT	41853	41865	1	a028c9c9501df4846ec72c7b4432d4a3cb499b36b781bb1c38853498151d0ba7	CglyZXR1cm4gcmM7
952	FRAGMENT	41865	41866	1	01ba4719c80b6fe911b091a7c05124b64eeece964e09c058ef8f9805daca546b	Cg==
953	BLOCK_CLOSE	41866	41867	0	d10b36aa74a59bcf4a88185837f658afaf3646eff2bb16c3928d0e9335e945d2	fQ==
954	PREPROCESSOR	41867	41875	0	626de321eb397f6600939892a0009f31bc378f7e886f9acc5ec0af18db6a99a7	CiNlbmRpZgo=
955	PREPROCESSOR	41875	41915	0	5bfac09f0f885489f0ccbf3e79728f55b1246fb1959a5801df9d3e69b3434d10	CiNpZm5kZWYgTk9fZ3RrXzFsYWJlbF8xc2V0XzFsaW5lXzF3cmFwCg==
956	FUNCTION_OPEN	41915	42035	0	4932490eb5afa02cd39fd4cca43becd2371559ec88a30f5f80eb869122364c9e	Sk5JRVhQT1JUIHZvaWQgSk5JQ0FMTCBHVEszX05BVElWRShndGtfMWxhYmVsXzFzZXRfMWxpbmVfMXdyYXApCgkoSk5JRW52ICplbnYsIGpjbGFzcyB0aGF0LCBqbG9uZyBhcmcwLCBqYm9vbGVhbiBhcmcxKQp7
957	STATEMENT	42035	42100	1	f80fb3ab39d3e4c891a42e6302d18dde9f73c44302d72550574a6a20f08ecf04	CglHVEszX05BVElWRV9FTlRFUihlbnYsIHRoYXQsIGd0a18xbGFiZWxfMXNldF8xbGluZV8xd3JhcF9GVU5DKTs=
958	STATEMENT	42100	42160	1	c98c8731eb1f428cc292baaf9eae8a25e71477e70cd2cdc680a0dce9cb312c46	CglndGtfbGFiZWxfc2V0X2xpbmVfd3JhcCgoR3RrTGFiZWwgKilhcmcwLCAoZ2Jvb2xlYW4pYXJnMSk7
959	STATEMENT	42160	42224	1	84956ba4ad98bd3b108396a4663dffb4bae0a880ef8b090c21696271900e726b	CglHVEszX05BVElWRV9FWElUKGVudiwgdGhhdCwgZ3RrXzFsYWJlbF8xc2V0XzFsaW5lXzF3cmFwX0ZVTkMpOw==
960	FRAGMENT	42224	42225	1	01ba4719c80b6fe911b091a7c05124b64eeece964e09c058ef8f9805daca546b	Cg==
961	BLOCK_CLOSE	42225	42226	0	d10b36aa74a59bcf4a88185837f658afaf3646eff2bb16c3928d0e9335e945d2	fQ==
962	PREPROCESSOR	42226	42234	0	626de321eb397f6600939892a0009f31bc378f7e886f9acc5ec0af18db6a99a7	CiNlbmRpZgo=
963	PREPROCESSOR	42234	42280	0	ac97f6830e6d1c5447d4bbbc1020b692bd470ffdd4d8efba0814c45e62a06fc3	CiNpZm5kZWYgTk9fZ3RrXzFsYWJlbF8xc2V0XzFsaW5lXzF3cmFwXzFtb2RlCg==
964	FUNCTION_OPEN	42280	42402	0	3101d0fa8ca763496c6b4b65363e0220c0891093258b3ab42e91dcfe34a932ec	Sk5JRVhQT1JUIHZvaWQgSk5JQ0FMTCBHVEszX05BVElWRShndGtfMWxhYmVsXzFzZXRfMWxpbmVfMXdyYXBfMW1vZGUpCgkoSk5JRW52ICplbnYsIGpjbGFzcyB0aGF0LCBqbG9uZyBhcmcwLCBqaW50IGFyZzEpCns=
965	STATEMENT	42402	42473	1	6a622fd223e2f5cf4ad851753e09d9524fb9eb9719dfdc55512fb06f3113d9ba	CglHVEszX05BVElWRV9FTlRFUihlbnYsIHRoYXQsIGd0a18xbGFiZWxfMXNldF8xbGluZV8xd3JhcF8xbW9kZV9GVU5DKTs=
966	STATEMENT	42473	42543	1	76df4c00aa40d4cedd3b08022d010112cdb1aa55c05d543a5f6c1274b29f9d0a	CglndGtfbGFiZWxfc2V0X2xpbmVfd3JhcF9tb2RlKChHdGtMYWJlbCAqKWFyZzAsIChQYW5nb1dyYXBNb2RlKWFyZzEpOw==
967	STATEMENT	42543	42613	1	ace7f3242e8de978bd1d4302bc034cae4411572c908c4a8851420a7bc9f8e05c	CglHVEszX05BVElWRV9FWElUKGVudiwgdGhhdCwgZ3RrXzFsYWJlbF8xc2V0XzFsaW5lXzF3cmFwXzFtb2RlX0ZVTkMpOw==
968	FRAGMENT	42613	42614	1	01ba4719c80b6fe911b091a7c05124b64eeece964e09c058ef8f9805daca546b	Cg==
969	BLOCK_CLOSE	42614	42615	0	d10b36aa74a59bcf4a88185837f658afaf3646eff2bb16c3928d0e9335e945d2	fQ==
970	PREPROCESSOR	42615	42623	0	626de321eb397f6600939892a0009f31bc378f7e886f9acc5ec0af18db6a99a7	CiNlbmRpZgo=
971	PREPROCESSOR	42623	42656	0	6672eea637f1a8755b7d019f0a4cac23e95bf006321af519664d1908951176e1	CiNpZm5kZWYgTk9fZ3RrXzFtYWluXzFkb18xZXZlbnQK
972	FUNCTION_OPEN	42656	42754	0	2293c1c0a37327b3bf16e15aa7440131855cf002a07ea30b87c4252293b5d2e3	Sk5JRVhQT1JUIHZvaWQgSk5JQ0FMTCBHVEszX05BVElWRShndGtfMW1haW5fMWRvXzFldmVudCkKCShKTklFbnYgKmVudiwgamNsYXNzIHRoYXQsIGpsb25nIGFyZzApCns=
973	STATEMENT	42754	42812	1	7c2dbbe0451298525c53ba27e2bcae1aa155211bff85ef8e82dd0ea68d9b3a77	CglHVEszX05BVElWRV9FTlRFUihlbnYsIHRoYXQsIGd0a18xbWFpbl8xZG9fMWV2ZW50X0ZVTkMpOw==
974	STATEMENT	42812	42850	1	ccf1c6bb72c1e48a2372cda68c8dac4b388f1aaa02981bc126d4739286126d26	CglndGtfbWFpbl9kb19ldmVudCgoR2RrRXZlbnQgKilhcmcwKTs=
975	STATEMENT	42850	42907	1	c8df816ed7451541221521457d7f13c3946db16293d415b497b4887fe7e4086b	CglHVEszX05BVElWRV9FWElUKGVudiwgdGhhdCwgZ3RrXzFtYWluXzFkb18xZXZlbnRfRlVOQyk7
976	FRAGMENT	42907	42908	1	01ba4719c80b6fe911b091a7c05124b64eeece964e09c058ef8f9805daca546b	Cg==
977	BLOCK_CLOSE	42908	42909	0	d10b36aa74a59bcf4a88185837f658afaf3646eff2bb16c3928d0e9335e945d2	fQ==
978	PREPROCESSOR	42909	42917	0	626de321eb397f6600939892a0009f31bc378f7e886f9acc5ec0af18db6a99a7	CiNlbmRpZgo=
979	PREPROCESSOR	42917	42954	0	a040065d1785649a63469e87d49c959878ee15e4fd8dc947cd07f02dfc4204bb	CiNpZm5kZWYgTk9fZ3RrXzFtYWluXzFpdGVyYXRpb25fMWRvCg==
980	FUNCTION_OPEN	42954	43063	0	2f84d9763d7526e09dcd10f8eb61e7084b7167fe8ec72add6c00d0d77f503f64	Sk5JRVhQT1JUIGpib29sZWFuIEpOSUNBTEwgR1RLM19OQVRJVkUoZ3RrXzFtYWluXzFpdGVyYXRpb25fMWRvKQoJKEpOSUVudiAqZW52LCBqY2xhc3MgdGhhdCwgamJvb2xlYW4gYXJnMCkKew==
981	STATEMENT	43063	43081	1	6e389c725127046540fa228f0aca981232172a088ed5b7d88f2be6db7346caa1	CglqYm9vbGVhbiByYyA9IDA7
982	STATEMENT	43081	43143	1	0693c409ac4bcda6a8eeeefeba7c72f1f7b30440feb9e367f060fbcc4f3dbd0f	CglHVEszX05BVElWRV9FTlRFUihlbnYsIHRoYXQsIGd0a18xbWFpbl8xaXRlcmF0aW9uXzFkb19GVU5DKTs=
983	STATEMENT	43143	43188	1	a50967bafe14caf332e79797c68e963b20807b41d337d15ffd2e1c7db7ddb9dc	CglyYyA9IChqYm9vbGVhbilndGtfbWFpbl9pdGVyYXRpb25fZG8oYXJnMCk7
984	STATEMENT	43188	43249	1	29ab3bc22081955246dd1c1f0516c45e224af61735db345cf89fcb4a9534c51f	CglHVEszX05BVElWRV9FWElUKGVudiwgdGhhdCwgZ3RrXzFtYWluXzFpdGVyYXRpb25fMWRvX0ZVTkMpOw==
985	STATEMENT	43249	43261	1	a028c9c9501df4846ec72c7b4432d4a3cb499b36b781bb1c38853498151d0ba7	CglyZXR1cm4gcmM7
986	FRAGMENT	43261	43262	1	01ba4719c80b6fe911b091a7c05124b64eeece964e09c058ef8f9805daca546b	Cg==
987	BLOCK_CLOSE	43262	43263	0	d10b36aa74a59bcf4a88185837f658afaf3646eff2bb16c3928d0e9335e945d2	fQ==
988	PREPROCESSOR	43263	43271	0	626de321eb397f6600939892a0009f31bc378f7e886f9acc5ec0af18db6a99a7	CiNlbmRpZgo=
989	PREPROCESSOR	43271	43303	0	0a085a202f41061c76ccb4e4a630fd8252f05bf97f57a297006b21dfab6d440c	CiNpZm5kZWYgTk9fZ3RrXzFtZW51XzFiYXJfMW5ldwo=
990	FUNCTION_OPEN	43303	43389	0	0b505fa1295b8ed6bd458f76f797eff11d07f3edd35dffbe28e0149b0481ec8b	Sk5JRVhQT1JUIGpsb25nIEpOSUNBTEwgR1RLM19OQVRJVkUoZ3RrXzFtZW51XzFiYXJfMW5ldykKCShKTklFbnYgKmVudiwgamNsYXNzIHRoYXQpCns=
991	STATEMENT	43389	43404	1	3411ceb5951bc52321d8d6cf00df310a159211846b0264e08db2a18b94173633	CglqbG9uZyByYyA9IDA7
992	STATEMENT	43404	43461	1	efac0da3978e857e709858c60c8c2e4a5bf092292ce88adcabe87a6ce645347c	CglHVEszX05BVElWRV9FTlRFUihlbnYsIHRoYXQsIGd0a18xbWVudV8xYmFyXzFuZXdfRlVOQyk7
993	STATEMENT	43461	43494	1	3339f3813df62f271c2bfb47ed5e3c5756b8e8769ab638e487010e0fa01d9986	CglyYyA9IChqbG9uZylndGtfbWVudV9iYXJfbmV3KCk7
994	STATEMENT	43494	43550	1	41458f2a14e1161206a81c2f2b57b505b988f7df39ef6954ac86bd198290c449	CglHVEszX05BVElWRV9FWElUKGVudiwgdGhhdCwgZ3RrXzFtZW51XzFiYXJfMW5ld19GVU5DKTs=
995	STATEMENT	43550	43562	1	a028c9c9501df4846ec72c7b4432d4a3cb499b36b781bb1c38853498151d0ba7	CglyZXR1cm4gcmM7
996	FRAGMENT	43562	43563	1	01ba4719c80b6fe911b091a7c05124b64eeece964e09c058ef8f9805daca546b	Cg==
997	BLOCK_CLOSE	43563	43564	0	d10b36aa74a59bcf4a88185837f658afaf3646eff2bb16c3928d0e9335e945d2	fQ==
998	PREPROCESSOR	43564	43572	0	626de321eb397f6600939892a0009f31bc378f7e886f9acc5ec0af18db6a99a7	CiNlbmRpZgo=
999	PREPROCESSOR	43572	43614	0	985f1f23c8bbcda6bd556d5221f5093f1b57f7de41ec0e6a53bfc674f23d5ab8	CiNpZm5kZWYgTk9fZ3RrXzFtZW51XzFpdGVtXzFnZXRfMXN1Ym1lbnUK
1000	FUNCTION_OPEN	43614	43722	0	da13ed3200cf68581f774a4c14d004d9eed317c15dac50725e5c58112b26b363	Sk5JRVhQT1JUIGpsb25nIEpOSUNBTEwgR1RLM19OQVRJVkUoZ3RrXzFtZW51XzFpdGVtXzFnZXRfMXN1Ym1lbnUpCgkoSk5JRW52ICplbnYsIGpjbGFzcyB0aGF0LCBqbG9uZyBhcmcwKQp7
1001	STATEMENT	43722	43737	1	3411ceb5951bc52321d8d6cf00df310a159211846b0264e08db2a18b94173633	CglqbG9uZyByYyA9IDA7
1002	STATEMENT	43737	43804	1	e8d41eab4d8f3b8ccac2008133301e04a074378af13c0bd17813f28a422ddfb0	CglHVEszX05BVElWRV9FTlRFUihlbnYsIHRoYXQsIGd0a18xbWVudV8xaXRlbV8xZ2V0XzFzdWJtZW51X0ZVTkMpOw==
1003	STATEMENT	43804	43865	1	074d3e504fb56631780361e1c992cf2f50ead545e51b7b99bac965307a19c30c	CglyYyA9IChqbG9uZylndGtfbWVudV9pdGVtX2dldF9zdWJtZW51KChHdGtNZW51SXRlbSAqKWFyZzApOw==
1004	STATEMENT	43865	43931	1	4754ab1c6aa7f5429ec3fb6abdc10b8164b1e2efb2a05b50a48c3f0f2d9d7b6e	CglHVEszX05BVElWRV9FWElUKGVudiwgdGhhdCwgZ3RrXzFtZW51XzFpdGVtXzFnZXRfMXN1Ym1lbnVfRlVOQyk7
1005	STATEMENT	43931	43943	1	a028c9c9501df4846ec72c7b4432d4a3cb499b36b781bb1c38853498151d0ba7	CglyZXR1cm4gcmM7
1006	FRAGMENT	43943	43944	1	01ba4719c80b6fe911b091a7c05124b64eeece964e09c058ef8f9805daca546b	Cg==
1007	BLOCK_CLOSE	43944	43945	0	d10b36aa74a59bcf4a88185837f658afaf3646eff2bb16c3928d0e9335e945d2	fQ==
1008	PREPROCESSOR	43945	43953	0	626de321eb397f6600939892a0009f31bc378f7e886f9acc5ec0af18db6a99a7	CiNlbmRpZgo=
1009	PREPROCESSOR	43953	43986	0	e423c013af2b8742fabd25368ceb5f5e42d44f9fe26f06f74a864d9e8983349a	CiNpZm5kZWYgTk9fZ3RrXzFtZW51XzFpdGVtXzFuZXcK
1010	FUNCTION_OPEN	43986	44073	0	03e000cd3d85bd845955f6a9d517081de0fc37c7675283ea16f31f49959c07c7	Sk5JRVhQT1JUIGpsb25nIEpOSUNBTEwgR1RLM19OQVRJVkUoZ3RrXzFtZW51XzFpdGVtXzFuZXcpCgkoSk5JRW52ICplbnYsIGpjbGFzcyB0aGF0KQp7
1011	STATEMENT	44073	44088	1	3411ceb5951bc52321d8d6cf00df310a159211846b0264e08db2a18b94173633	CglqbG9uZyByYyA9IDA7
1012	STATEMENT	44088	44146	1	1dc4777caa590833221bec0f7ea84c9d6721b97f98ee2fb3425692e196da6c0f	CglHVEszX05BVElWRV9FTlRFUihlbnYsIHRoYXQsIGd0a18xbWVudV8xaXRlbV8xbmV3X0ZVTkMpOw==
1013	STATEMENT	44146	44180	1	0b5b281a9a5ed34723d96c915a78f40cf304d723fd73eb4b055a602767a6864a	CglyYyA9IChqbG9uZylndGtfbWVudV9pdGVtX25ldygpOw==
1014	STATEMENT	44180	44237	1	66676405e3aadd7c71fbd24dd224eb97d6abf9ec0d0124038342e5224387617f	CglHVEszX05BVElWRV9FWElUKGVudiwgdGhhdCwgZ3RrXzFtZW51XzFpdGVtXzFuZXdfRlVOQyk7
1015	STATEMENT	44237	44249	1	a028c9c9501df4846ec72c7b4432d4a3cb499b36b781bb1c38853498151d0ba7	CglyZXR1cm4gcmM7
1016	FRAGMENT	44249	44250	1	01ba4719c80b6fe911b091a7c05124b64eeece964e09c058ef8f9805daca546b	Cg==
1017	BLOCK_CLOSE	44250	44251	0	d10b36aa74a59bcf4a88185837f658afaf3646eff2bb16c3928d0e9335e945d2	fQ==
1018	PREPROCESSOR	44251	44259	0	626de321eb397f6600939892a0009f31bc378f7e886f9acc5ec0af18db6a99a7	CiNlbmRpZgo=
1019	PREPROCESSOR	44259	44301	0	e54830d0cf210ee90eb2edfd7a7f61c89733a9db16146c4c287cfd6f4350befd	CiNpZm5kZWYgTk9fZ3RrXzFtZW51XzFpdGVtXzFzZXRfMXN1Ym1lbnUK
1020	FUNCTION_OPEN	44301	44420	0	aa7183c46bbef7451e8ed1cb5938dd07f216f7bfd31bcb7778b5687b78e163c2	Sk5JRVhQT1JUIHZvaWQgSk5JQ0FMTCBHVEszX05BVElWRShndGtfMW1lbnVfMWl0ZW1fMXNldF8xc3VibWVudSkKCShKTklFbnYgKmVudiwgamNsYXNzIHRoYXQsIGpsb25nIGFyZzAsIGpsb25nIGFyZzEpCns=
1021	STATEMENT	44420	44487	1	ca8cd27dc688e2438d25b69d2dd43724b8fc1cc154fd27c2670ddc869c362813	CglHVEszX05BVElWRV9FTlRFUihlbnYsIHRoYXQsIGd0a18xbWVudV8xaXRlbV8xc2V0XzFzdWJtZW51X0ZVTkMpOw==
1022	STATEMENT	44487	44555	1	a613eb8f4fea446da32862a35fc8d0e0ce02ae680615a87e0d16f91ce59ee50a	CglndGtfbWVudV9pdGVtX3NldF9zdWJtZW51KChHdGtNZW51SXRlbSAqKWFyZzAsIChHdGtXaWRnZXQgKilhcmcxKTs=
1023	STATEMENT	44555	44621	1	fd36de78d8d662fd4a156e60b9146ea499c8efe18ca3b15776031017d4fe1c63	CglHVEszX05BVElWRV9FWElUKGVudiwgdGhhdCwgZ3RrXzFtZW51XzFpdGVtXzFzZXRfMXN1Ym1lbnVfRlVOQyk7
1024	FRAGMENT	44621	44622	1	01ba4719c80b6fe911b091a7c05124b64eeece964e09c058ef8f9805daca546b	Cg==
1025	BLOCK_CLOSE	44622	44623	0	d10b36aa74a59bcf4a88185837f658afaf3646eff2bb16c3928d0e9335e945d2	fQ==
1026	PREPROCESSOR	44623	44631	0	626de321eb397f6600939892a0009f31bc378f7e886f9acc5ec0af18db6a99a7	CiNlbmRpZgo=
1027	PREPROCESSOR	44631	44658	0	1b0e46abd365b107096ca1014af21d356e61f974b889c9b8a97e33e80afc0042	CiNpZm5kZWYgTk9fZ3RrXzFtZW51XzFuZXcK
1028	FUNCTION_OPEN	44658	44739	0	2dc362430ba86892098072a12f5b29d0be8c08eb58ccdb754fbca2a3a9220de2	Sk5JRVhQT1JUIGpsb25nIEpOSUNBTEwgR1RLM19OQVRJVkUoZ3RrXzFtZW51XzFuZXcpCgkoSk5JRW52ICplbnYsIGpjbGFzcyB0aGF0KQp7
1029	STATEMENT	44739	44754	1	3411ceb5951bc52321d8d6cf00df310a159211846b0264e08db2a18b94173633	CglqbG9uZyByYyA9IDA7
1030	STATEMENT	44754	44806	1	4741e148324ab5586f15b38a556d536d70597e06c3f99efd0dd9bf5680935c5f	CglHVEszX05BVElWRV9FTlRFUihlbnYsIHRoYXQsIGd0a18xbWVudV8xbmV3X0ZVTkMpOw==
1031	STATEMENT	44806	44835	1	3fda2e6d9c4a02e4d00663f5de8cb84a7745f66cbf7defaec5b9e9388a3bdd91	CglyYyA9IChqbG9uZylndGtfbWVudV9uZXcoKTs=
1032	STATEMENT	44835	44886	1	a6353005ebe3d3ffb71383e43419d33950832bafb84721edf26001b934111f70	CglHVEszX05BVElWRV9FWElUKGVudiwgdGhhdCwgZ3RrXzFtZW51XzFuZXdfRlVOQyk7
1033	STATEMENT	44886	44898	1	a028c9c9501df4846ec72c7b4432d4a3cb499b36b781bb1c38853498151d0ba7	CglyZXR1cm4gcmM7
1034	FRAGMENT	44898	44899	1	01ba4719c80b6fe911b091a7c05124b64eeece964e09c058ef8f9805daca546b	Cg==
1035	BLOCK_CLOSE	44899	44900	0	d10b36aa74a59bcf4a88185837f658afaf3646eff2bb16c3928d0e9335e945d2	fQ==
1036	PREPROCESSOR	44900	44908	0	626de321eb397f6600939892a0009f31bc378f7e886f9acc5ec0af18db6a99a7	CiNlbmRpZgo=
1037	PREPROCESSOR	44908	44939	0	b34ccdd64cd6ba89deb981fbe25c20b033dfa104769516e34c3753b436b20999	CiNpZm5kZWYgTk9fZ3RrXzFtZW51XzFwb3Bkb3duCg==
1038	FUNCTION_OPEN	44939	45035	0	64297e8b63add6e7799f7df5f6168220e3dd546018da75cc1dfaf536635d2449	Sk5JRVhQT1JUIHZvaWQgSk5JQ0FMTCBHVEszX05BVElWRShndGtfMW1lbnVfMXBvcGRvd24pCgkoSk5JRW52ICplbnYsIGpjbGFzcyB0aGF0LCBqbG9uZyBhcmcwKQp7
1039	STATEMENT	45035	45091	1	daec74dd130f6b24243e64b196f9d70ef7143ffe5de3f02a43e8007ea43543d2	CglHVEszX05BVElWRV9FTlRFUihlbnYsIHRoYXQsIGd0a18xbWVudV8xcG9wZG93bl9GVU5DKTs=
1040	STATEMENT	45091	45127	1	713144390fbb42fea57487c77e3bb5873debf22b39ad979dd7ce10939466c25f	CglndGtfbWVudV9wb3Bkb3duKChHdGtNZW51ICopYXJnMCk7
1041	STATEMENT	45127	45182	1	4878300eed03dbf5adef7422a7b0d86a59effeaa1f6002af6bc7b85d5c850fa4	CglHVEszX05BVElWRV9FWElUKGVudiwgdGhhdCwgZ3RrXzFtZW51XzFwb3Bkb3duX0ZVTkMpOw==
1042	FRAGMENT	45182	45183	1	01ba4719c80b6fe911b091a7c05124b64eeece964e09c058ef8f9805daca546b	Cg==
1043	BLOCK_CLOSE	45183	45184	0	d10b36aa74a59bcf4a88185837f658afaf3646eff2bb16c3928d0e9335e945d2	fQ==
1044	PREPROCESSOR	45184	45192	0	626de321eb397f6600939892a0009f31bc378f7e886f9acc5ec0af18db6a99a7	CiNlbmRpZgo=
1045	PREPROCESSOR	45192	45234	0	b4769876e9276b4d0039864affba817a99a52a8ecacc9d0467c99ebd7197583b	CiNpZm5kZWYgTk9fZ3RrXzFtZW51XzFwb3B1cF8xYXRfMXBvaW50ZXIK
1046	FUNCTION_OPEN	45234	45353	0	6c0de1f31f464e0510c2db85403b53e26fb944d1e6b219b6e9c440ad5d1c70e4	Sk5JRVhQT1JUIHZvaWQgSk5JQ0FMTCBHVEszX05BVElWRShndGtfMW1lbnVfMXBvcHVwXzFhdF8xcG9pbnRlcikKCShKTklFbnYgKmVudiwgamNsYXNzIHRoYXQsIGpsb25nIGFyZzAsIGpsb25nIGFyZzEpCns=
1047	STATEMENT	45353	45420	1	ce3063e3db9a52e5e444ad48602b5774062353827064e078ea53c1ec6629474a	CglHVEszX05BVElWRV9FTlRFUihlbnYsIHRoYXQsIGd0a18xbWVudV8xcG9wdXBfMWF0XzFwb2ludGVyX0ZVTkMpOw==
1048	STATEMENT	45420	45488	1	5bb95c9ce73a6f9b7a8db8aaa590a98bf93cdbcb01e9953abc126d75c67ca1ef	CglndGtfbWVudV9wb3B1cF9hdF9wb2ludGVyKChHdGtNZW51ICopYXJnMCwgKGNvbnN0IEdka0V2ZW50KilhcmcxKTs=
1049	STATEMENT	45488	45554	1	7e532a07a0f35d12563b4493440459a306200707cd85a93af631582f052ff8fe	CglHVEszX05BVElWRV9FWElUKGVudiwgdGhhdCwgZ3RrXzFtZW51XzFwb3B1cF8xYXRfMXBvaW50ZXJfRlVOQyk7
1050	FRAGMENT	45554	45555	1	01ba4719c80b6fe911b091a7c05124b64eeece964e09c058ef8f9805daca546b	Cg==
1051	BLOCK_CLOSE	45555	45556	0	d10b36aa74a59bcf4a88185837f658afaf3646eff2bb16c3928d0e9335e945d2	fQ==
1052	PREPROCESSOR	45556	45564	0	626de321eb397f6600939892a0009f31bc378f7e886f9acc5ec0af18db6a99a7	CiNlbmRpZgo=
1053	PREPROCESSOR	45564	45603	0	cd653872320a634e1603ab1a974c38f0f41df38a8f5bc34fd201ba4b9abb7446	CiNpZm5kZWYgTk9fZ3RrXzFtZW51XzFwb3B1cF8xYXRfMXJlY3QK
1054	FUNCTION_OPEN	45603	45767	0	449bc1e0c483ea3b9552395c6bd83523b679c842e14a9bd3a4a533bd07c5acb7	Sk5JRVhQT1JUIHZvaWQgSk5JQ0FMTCBHVEszX05BVElWRShndGtfMW1lbnVfMXBvcHVwXzFhdF8xcmVjdCkKCShKTklFbnYgKmVudiwgamNsYXNzIHRoYXQsIGpsb25nIGFyZzAsIGpsb25nIGFyZzEsIGpvYmplY3QgYXJnMiwgamludCBhcmczLCBqaW50IGFyZzQsIGpsb25nIGFyZzUpCns=
1055	STATEMENT	45767	45802	1	b66ab1ba1e4ac31b7dd342eddb48ec96d6198584d7679d96c4dfed3afda3933d	CglHZGtSZWN0YW5nbGUgX2FyZzIsICpscGFyZzI9TlVMTDs=
1056	STATEMENT	45802	45866	1	97c989a5cb6e5c3b506e14fd17df28f5117b565b45ff52172ba81e58a8e2edcf	CglHVEszX05BVElWRV9FTlRFUihlbnYsIHRoYXQsIGd0a18xbWVudV8xcG9wdXBfMWF0XzFyZWN0X0ZVTkMpOw==
1057	STATEMENT	45866	45953	1	edd8256d88d7ec2afa7118fe8afbe2513fee0159ed5740963ade7f6a649d6d03	CglpZiAoYXJnMikgaWYgKChscGFyZzIgPSBnZXRHZGtSZWN0YW5nbGVGaWVsZHMoZW52LCBhcmcyLCAmX2FyZzIpKSA9PSBOVUxMKSBnb3RvIGZhaWw7
1058	STATEMENT	45953	46098	1	85305ab56441bc91511d3a78181fae2df2242fd30ab0a1132784b20a025e1669	CglndGtfbWVudV9wb3B1cF9hdF9yZWN0KChHdGtNZW51ICopYXJnMCwgKEdka1dpbmRvdyAqKWFyZzEsIChHZGtSZWN0YW5nbGUgKilscGFyZzIsIChHZGtHcmF2aXR5KWFyZzMsIChHZGtHcmF2aXR5KWFyZzQsIChjb25zdCBHZGtFdmVudCAqKWFyZzUpOw==
1059	STATEMENT	46098	46167	1	3cf831368701c3032ef4b0f3c25350b0fdba5d7cdcca9a005b26025f5e73a208	CmZhaWw6CglpZiAoYXJnMiAmJiBscGFyZzIpIHNldEdka1JlY3RhbmdsZUZpZWxkcyhlbnYsIGFyZzIsIGxwYXJnMik7
1060	STATEMENT	46167	46230	1	38f6d9c0d50bbcc7217a3623c6151407efc24346eb2e65192920d6a6a8520fba	CglHVEszX05BVElWRV9FWElUKGVudiwgdGhhdCwgZ3RrXzFtZW51XzFwb3B1cF8xYXRfMXJlY3RfRlVOQyk7
1061	FRAGMENT	46230	46231	1	01ba4719c80b6fe911b091a7c05124b64eeece964e09c058ef8f9805daca546b	Cg==
1062	BLOCK_CLOSE	46231	46232	0	d10b36aa74a59bcf4a88185837f658afaf3646eff2bb16c3928d0e9335e945d2	fQ==
1063	PREPROCESSOR	46232	46240	0	626de321eb397f6600939892a0009f31bc378f7e886f9acc5ec0af18db6a99a7	CiNlbmRpZgo=
1064	PREPROCESSOR	46240	46281	0	65f3361c5c2376f50626f67d9961874e3e9abe73bcfbda549ef76ae27ffa83fa	CiNpZm5kZWYgTk9fZ3RrXzFtZW51XzFzaGVsbF8xZGVhY3RpdmF0ZQo=
1065	FUNCTION_OPEN	46281	46387	0	8544688f219d959cb81058e68cc43968c793c780b74cd073d4c0fbe8358f4ecd	Sk5JRVhQT1JUIHZvaWQgSk5JQ0FMTCBHVEszX05BVElWRShndGtfMW1lbnVfMXNoZWxsXzFkZWFjdGl2YXRlKQoJKEpOSUVudiAqZW52LCBqY2xhc3MgdGhhdCwgamxvbmcgYXJnMCkKew==
1066	STATEMENT	46387	46453	1	23a4318cfcc232ec146d4057b80fa7324cd12e4ae7da707579e0c0236e717784	CglHVEszX05BVElWRV9FTlRFUihlbnYsIHRoYXQsIGd0a18xbWVudV8xc2hlbGxfMWRlYWN0aXZhdGVfRlVOQyk7
1067	STATEMENT	46453	46503	1	cfd9ea797c727619b658b761389fe85f64c0647836ee94be8adcb2ff77ef783b	CglndGtfbWVudV9zaGVsbF9kZWFjdGl2YXRlKChHdGtNZW51U2hlbGwgKilhcmcwKTs=
1068	STATEMENT	46503	46568	1	c1ed445db97c6ed44b99270267340d6354951dd74ff588784100d311d57bbb9d	CglHVEszX05BVElWRV9FWElUKGVudiwgdGhhdCwgZ3RrXzFtZW51XzFzaGVsbF8xZGVhY3RpdmF0ZV9GVU5DKTs=
1069	FRAGMENT	46568	46569	1	01ba4719c80b6fe911b091a7c05124b64eeece964e09c058ef8f9805daca546b	Cg==
1070	BLOCK_CLOSE	46569	46570	0	d10b36aa74a59bcf4a88185837f658afaf3646eff2bb16c3928d0e9335e945d2	fQ==
1071	PREPROCESSOR	46570	46578	0	626de321eb397f6600939892a0009f31bc378f7e886f9acc5ec0af18db6a99a7	CiNlbmRpZgo=
1072	PREPROCESSOR	46578	46615	0	af53ed42050218e7d30df9cb7f6bc345b17456691cfa08e5f32a91de60130e71	CiNpZm5kZWYgTk9fZ3RrXzFtZW51XzFzaGVsbF8xaW5zZXJ0Cg==
1073	FUNCTION_OPEN	46615	46740	0	57cc6384965fa6162f153a7eb995531ea66c49b2d3e625ce095c5d864b19a143	Sk5JRVhQT1JUIHZvaWQgSk5JQ0FMTCBHVEszX05BVElWRShndGtfMW1lbnVfMXNoZWxsXzFpbnNlcnQpCgkoSk5JRW52ICplbnYsIGpjbGFzcyB0aGF0LCBqbG9uZyBhcmcwLCBqbG9uZyBhcmcxLCBqaW50IGFyZzIpCns=
1074	STATEMENT	46740	46802	1	69ba4e0b02a8ad04e7d8cbbf3a64eaa55f4134fbdcf07e0c846f1aeada9b9d6b	CglHVEszX05BVElWRV9FTlRFUihlbnYsIHRoYXQsIGd0a18xbWVudV8xc2hlbGxfMWluc2VydF9GVU5DKTs=
1075	STATEMENT	46802	46879	1	c6573add949d25fdc51ca7bc42b326386fb63923663335228b650537cb949910	CglndGtfbWVudV9zaGVsbF9pbnNlcnQoKEd0a01lbnVTaGVsbCAqKWFyZzAsIChHdGtXaWRnZXQgKilhcmcxLCAoZ2ludClhcmcyKTs=
1076	STATEMENT	46879	46940	1	d7958c24c3bceb553b759ab59461486930f9a31f4a8eb706d6ff5f30b869297a	CglHVEszX05BVElWRV9FWElUKGVudiwgdGhhdCwgZ3RrXzFtZW51XzFzaGVsbF8xaW5zZXJ0X0ZVTkMpOw==
1077	FRAGMENT	46940	46941	1	01ba4719c80b6fe911b091a7c05124b64eeece964e09c058ef8f9805daca546b	Cg==
1078	BLOCK_CLOSE	46941	46942	0	d10b36aa74a59bcf4a88185837f658afaf3646eff2bb16c3928d0e9335e945d2	fQ==
1079	PREPROCESSOR	46942	46950	0	626de321eb397f6600939892a0009f31bc378f7e886f9acc5ec0af18db6a99a7	CiNlbmRpZgo=
1080	PREPROCESSOR	46950	46997	0	d7b64622977581c799f0ad8ccc5f43ab1ee289228b7e0b2f6bc615aa0928e8f9	CiNpZm5kZWYgTk9fZ3RrXzFtZW51XzFzaGVsbF8xc2V0XzF0YWtlXzFmb2N1cwo=
1081	FUNCTION_OPEN	46997	47124	0	959f70ad93834e6efc7fb5a76bb96d536d537c4f7f7a591cf75105008e0fee7c	Sk5JRVhQT1JUIHZvaWQgSk5JQ0FMTCBHVEszX05BVElWRShndGtfMW1lbnVfMXNoZWxsXzFzZXRfMXRha2VfMWZvY3VzKQoJKEpOSUVudiAqZW52LCBqY2xhc3MgdGhhdCwgamxvbmcgYXJnMCwgamJvb2xlYW4gYXJnMSkKew==
1082	STATEMENT	47124	47196	1	aee8e1e86f0bb1dee50c561039fa1c78af8141678451c6b4de13bbb1bd556fc2	CglHVEszX05BVElWRV9FTlRFUihlbnYsIHRoYXQsIGd0a18xbWVudV8xc2hlbGxfMXNldF8xdGFrZV8xZm9jdXNfRlVOQyk7
1083	STATEMENT	47196	47266	1	5124959ef8e40654e792570a053cd2d68790f69f17576b52234269663b89b19b	CglndGtfbWVudV9zaGVsbF9zZXRfdGFrZV9mb2N1cygoR3RrTWVudVNoZWxsICopYXJnMCwgKGdib29sZWFuKWFyZzEpOw==
1084	STATEMENT	47266	47337	1	89aadf8c89cc5382e23c37655bbe4591dbac5b4c720b8ac6995543307893eeef	CglHVEszX05BVElWRV9FWElUKGVudiwgdGhhdCwgZ3RrXzFtZW51XzFzaGVsbF8xc2V0XzF0YWtlXzFmb2N1c19GVU5DKTs=
1085	FRAGMENT	47337	47338	1	01ba4719c80b6fe911b091a7c05124b64eeece964e09c058ef8f9805daca546b	Cg==
1086	BLOCK_CLOSE	47338	47339	0	d10b36aa74a59bcf4a88185837f658afaf3646eff2bb16c3928d0e9335e945d2	fQ==
1087	PREPROCESSOR	47339	47347	0	626de321eb397f6600939892a0009f31bc378f7e886f9acc5ec0af18db6a99a7	CiNlbmRpZgo=
1088	PREPROCESSOR	47347	47388	0	f859ab396d9785cf79f1400d017efa40135dc30f24cd4c42e9b48cabc3106689	CiNpZm5kZWYgTk9fZ3RrXzFtZW51XzF0b29sXzFidXR0b25fMW5ldwo=
1089	FUNCTION_OPEN	47388	47512	0	76d2786649ee12e7ab0f7d4f0966edc57301c94700d4d2332c33089ea1139026	Sk5JRVhQT1JUIGpsb25nIEpOSUNBTEwgR1RLM19OQVRJVkUoZ3RrXzFtZW51XzF0b29sXzFidXR0b25fMW5ldykKCShKTklFbnYgKmVudiwgamNsYXNzIHRoYXQsIGpsb25nIGFyZzAsIGpieXRlQXJyYXkgYXJnMSkKew==
1090	STATEMENT	47512	47533	1	ecbc1c66598161b54ed7d4df47ce4c17c895a8aaf496cadd930f0e7e6c9b06d3	CglqYnl0ZSAqbHBhcmcxPU5VTEw7
1091	STATEMENT	47533	47548	1	3411ceb5951bc52321d8d6cf00df310a159211846b0264e08db2a18b94173633	CglqbG9uZyByYyA9IDA7
1092	STATEMENT	47548	47614	1	a29a543623d2d8eb50098924862ca989675b62dbf642707143253120ffc4720d	CglHVEszX05BVElWRV9FTlRFUihlbnYsIHRoYXQsIGd0a18xbWVudV8xdG9vbF8xYnV0dG9uXzFuZXdfRlVOQyk7
1093	STATEMENT	47614	47706	1	9e0f7faa1c09a55eb10394bedcb268962dfc3d57ab587fe9530c7324cc7b0ca1	CglpZiAoYXJnMSkgaWYgKChscGFyZzEgPSAoKmVudiktPkdldEJ5dGVBcnJheUVsZW1lbnRzKGVudiwgYXJnMSwgTlVMTCkpID09IE5VTEwpIGdvdG8gZmFpbDs=
1094	STATEMENT	47706	47787	1	d56cebb34396acdab217b48135a1641d367aa12081a84a29e3dd28b49cb8f3f5	CglyYyA9IChqbG9uZylndGtfbWVudV90b29sX2J1dHRvbl9uZXcoKEd0a1dpZGdldCAqKWFyZzAsIChjb25zdCBnY2hhciAqKWxwYXJnMSk7
1095	STATEMENT	47787	47870	1	78812943a01430fa07d31629617d2c1617a8077555058eb3c69830ff8aafbb1d	CmZhaWw6CglpZiAoYXJnMSAmJiBscGFyZzEpICgqZW52KS0+UmVsZWFzZUJ5dGVBcnJheUVsZW1lbnRzKGVudiwgYXJnMSwgbHBhcmcxLCAwKTs=
1096	STATEMENT	47870	47935	1	b1d4a2954c5e2b6818b13205404db6f697e04def3297422f3d6a75ab97a3a9ab	CglHVEszX05BVElWRV9FWElUKGVudiwgdGhhdCwgZ3RrXzFtZW51XzF0b29sXzFidXR0b25fMW5ld19GVU5DKTs=
1097	STATEMENT	47935	47947	1	a028c9c9501df4846ec72c7b4432d4a3cb499b36b781bb1c38853498151d0ba7	CglyZXR1cm4gcmM7
1098	FRAGMENT	47947	47948	1	01ba4719c80b6fe911b091a7c05124b64eeece964e09c058ef8f9805daca546b	Cg==
1099	BLOCK_CLOSE	47948	47949	0	d10b36aa74a59bcf4a88185837f658afaf3646eff2bb16c3928d0e9335e945d2	fQ==
1100	PREPROCESSOR	47949	47957	0	626de321eb397f6600939892a0009f31bc378f7e886f9acc5ec0af18db6a99a7	CiNlbmRpZgo=
1101	PREPROCESSOR	47957	47994	0	37cccc6756b0cf60bd374cbf550f2f19e709277fdf4c9f91bd5f23fccaa9db7c	CiNpZm5kZWYgTk9fZ3RrXzFuYXRpdmVfMWRpYWxvZ18xcnVuCg==
1102	FUNCTION_OPEN	47994	48096	0	85fedfc8df01d87aaa17f361b2bd9baa9059e9885b2b216faf24f101d50105f2	Sk5JRVhQT1JUIGppbnQgSk5JQ0FMTCBHVEszX05BVElWRShndGtfMW5hdGl2ZV8xZGlhbG9nXzFydW4pCgkoSk5JRW52ICplbnYsIGpjbGFzcyB0aGF0LCBqbG9uZyBhcmcwKQp7
1103	STATEMENT	48096	48110	1	ab2eac128ef6225b35f40b35e2bd8fba39be8b3b6b281960b3c51646eba99890	CglqaW50IHJjID0gMDs=
1104	STATEMENT	48110	48172	1	a1287c16322cbc046a9c5f2e25767e31cd045d16f8d14f7e55fded8a425100b5	CglHVEszX05BVElWRV9FTlRFUihlbnYsIHRoYXQsIGd0a18xbmF0aXZlXzFkaWFsb2dfMXJ1bl9GVU5DKTs=
1105	STATEMENT	48172	48232	1	b751816b5ae4de3047cfd8ebe35a097dc61a57fb76c797fefdc905fc02df0094	CglyYyA9IChqaW50KWd0a19uYXRpdmVfZGlhbG9nX3J1bigoR3RrTmF0aXZlRGlhbG9nICopYXJnMCk7
1106	STATEMENT	48232	48293	1	aeee401c552c1e37b96ac8026ff2d4845a3525db0ba7e48c5dc0721d951b821d	CglHVEszX05BVElWRV9FWElUKGVudiwgdGhhdCwgZ3RrXzFuYXRpdmVfMWRpYWxvZ18xcnVuX0ZVTkMpOw==
1107	STATEMENT	48293	48305	1	a028c9c9501df4846ec72c7b4432d4a3cb499b36b781bb1c38853498151d0ba7	CglyZXR1cm4gcmM7
1108	FRAGMENT	48305	48306	1	01ba4719c80b6fe911b091a7c05124b64eeece964e09c058ef8f9805daca546b	Cg==
1109	BLOCK_CLOSE	48306	48307	0	d10b36aa74a59bcf4a88185837f658afaf3646eff2bb16c3928d0e9335e945d2	fQ==
1110	PREPROCESSOR	48307	48315	0	626de321eb397f6600939892a0009f31bc378f7e886f9acc5ec0af18db6a99a7	CiNlbmRpZgo=
1111	PREPROCESSOR	48315	48358	0	56d786ec42a4baaaa8e48c2a499af40e806f519405758fa7a82bd9688d9e8138	CiNpZm5kZWYgTk9fZ3RrXzFyYWRpb18xYnV0dG9uXzFnZXRfMWdyb3VwCg==
1112	FUNCTION_OPEN	48358	48467	0	9aa478877df60bfea95315ede3b33a128a6e013a3295529d7124e23705eba4bb	Sk5JRVhQT1JUIGpsb25nIEpOSUNBTEwgR1RLM19OQVRJVkUoZ3RrXzFyYWRpb18xYnV0dG9uXzFnZXRfMWdyb3VwKQoJKEpOSUVudiAqZW52LCBqY2xhc3MgdGhhdCwgamxvbmcgYXJnMCkKew==
1113	STATEMENT	48467	48482	1	3411ceb5951bc52321d8d6cf00df310a159211846b0264e08db2a18b94173633	CglqbG9uZyByYyA9IDA7
1114	STATEMENT	48482	48550	1	0426128b6902463830c87f1f16cf2d1000c25136652e9d7988a539389deb2d2b	CglHVEszX05BVElWRV9FTlRFUihlbnYsIHRoYXQsIGd0a18xcmFkaW9fMWJ1dHRvbl8xZ2V0XzFncm91cF9GVU5DKTs=
1115	STATEMENT	48550	48615	1	ad860713b90f34f854a5d829bc645bfb87319dc22bdbf19cd2c6daacc88e2790	CglyYyA9IChqbG9uZylndGtfcmFkaW9fYnV0dG9uX2dldF9ncm91cCgoR3RrUmFkaW9CdXR0b24gKilhcmcwKTs=
1116	STATEMENT	48615	48682	1	9a33ae08a4df79481e5a1da8b7e5bf0a84ff4a2c2cf69773549326b9eb58e9d8	CglHVEszX05BVElWRV9FWElUKGVudiwgdGhhdCwgZ3RrXzFyYWRpb18xYnV0dG9uXzFnZXRfMWdyb3VwX0ZVTkMpOw==
1117	STATEMENT	48682	48694	1	a028c9c9501df4846ec72c7b4432d4a3cb499b36b781bb1c38853498151d0ba7	CglyZXR1cm4gcmM7
1118	FRAGMENT	48694	48695	1	01ba4719c80b6fe911b091a7c05124b64eeece964e09c058ef8f9805daca546b	Cg==
1119	BLOCK_CLOSE	48695	48696	0	d10b36aa74a59bcf4a88185837f658afaf3646eff2bb16c3928d0e9335e945d2	fQ==
1120	PREPROCESSOR	48696	48704	0	626de321eb397f6600939892a0009f31bc378f7e886f9acc5ec0af18db6a99a7	CiNlbmRpZgo=
1121	PREPROCESSOR	48704	48740	0	0da6688067430bc1283a97483f6a17c37faae9eeb7456847b217fc1f95b6fcc4	CiNpZm5kZWYgTk9fZ3RrXzFyYWRpb18xYnV0dG9uXzFuZXcK
1122	FUNCTION_OPEN	48740	48842	0	677c1a17e167d34f0c4860733a1ba570c91a658fdcbbb60dddf9f9eb50f81c87	Sk5JRVhQT1JUIGpsb25nIEpOSUNBTEwgR1RLM19OQVRJVkUoZ3RrXzFyYWRpb18xYnV0dG9uXzFuZXcpCgkoSk5JRW52ICplbnYsIGpjbGFzcyB0aGF0LCBqbG9uZyBhcmcwKQp7
1123	STATEMENT	48842	48857	1	3411ceb5951bc52321d8d6cf00df310a159211846b0264e08db2a18b94173633	CglqbG9uZyByYyA9IDA7
1124	STATEMENT	48857	48918	1	b12aa0988c33d5f8f5c61d2a08d15949e5f8c7ebf996cbbae4f08000a5a10eb8	CglHVEszX05BVElWRV9FTlRFUihlbnYsIHRoYXQsIGd0a18xcmFkaW9fMWJ1dHRvbl8xbmV3X0ZVTkMpOw==
1125	STATEMENT	48918	48969	1	4ccb168ca3e979336b1f2adc5306757bee03c349ed04da207b28733381074449	CglyYyA9IChqbG9uZylndGtfcmFkaW9fYnV0dG9uX25ldygoR1NMaXN0ICopYXJnMCk7
1126	STATEMENT	48969	49029	1	263947c88c6d2fa3d8b62ebe4917da7a301de75cf065c409c860cf72a917ca55	CglHVEszX05BVElWRV9FWElUKGVudiwgdGhhdCwgZ3RrXzFyYWRpb18xYnV0dG9uXzFuZXdfRlVOQyk7
1127	STATEMENT	49029	49041	1	a028c9c9501df4846ec72c7b4432d4a3cb499b36b781bb1c38853498151d0ba7	CglyZXR1cm4gcmM7
1128	FRAGMENT	49041	49042	1	01ba4719c80b6fe911b091a7c05124b64eeece964e09c058ef8f9805daca546b	Cg==
1129	BLOCK_CLOSE	49042	49043	0	d10b36aa74a59bcf4a88185837f658afaf3646eff2bb16c3928d0e9335e945d2	fQ==
1130	PREPROCESSOR	49043	49051	0	626de321eb397f6600939892a0009f31bc378f7e886f9acc5ec0af18db6a99a7	CiNlbmRpZgo=
1131	PREPROCESSOR	49051	49098	0	f66687e4a9ec495d6f453142fc9179ba0389783d3db1f8bb9f4bf66ff57a977f	CiNpZm5kZWYgTk9fZ3RrXzFyYWRpb18xbWVudV8xaXRlbV8xZ2V0XzFncm91cAo=
1132	FUNCTION_OPEN	49098	49211	0	18a62e33eee6f9c701b09fdafb15709d65bc4310d75b41d22ee86754d54abaf2	Sk5JRVhQT1JUIGpsb25nIEpOSUNBTEwgR1RLM19OQVRJVkUoZ3RrXzFyYWRpb18xbWVudV8xaXRlbV8xZ2V0XzFncm91cCkKCShKTklFbnYgKmVudiwgamNsYXNzIHRoYXQsIGpsb25nIGFyZzApCns=
1133	STATEMENT	49211	49226	1	3411ceb5951bc52321d8d6cf00df310a159211846b0264e08db2a18b94173633	CglqbG9uZyByYyA9IDA7
1134	STATEMENT	49226	49298	1	650fc4a9015e52b10c0a57d22066fef2ac4c4392ae3c97b6bfd1214ae703b40f	CglHVEszX05BVElWRV9FTlRFUihlbnYsIHRoYXQsIGd0a18xcmFkaW9fMW1lbnVfMWl0ZW1fMWdldF8xZ3JvdXBfRlVOQyk7
1135	STATEMENT	49298	49368	1	17603dbe9be1dd6978392acabaaa26bae737b362ec7592e579ff07f7564cb52a	CglyYyA9IChqbG9uZylndGtfcmFkaW9fbWVudV9pdGVtX2dldF9ncm91cCgoR3RrUmFkaW9NZW51SXRlbSAqKWFyZzApOw==
1136	STATEMENT	49368	49439	1	38290cfdf24e1d0147da6ee76e832d069aad8a375b72a1c8c817e6cbe16b38ee	CglHVEszX05BVElWRV9FWElUKGVudiwgdGhhdCwgZ3RrXzFyYWRpb18xbWVudV8xaXRlbV8xZ2V0XzFncm91cF9GVU5DKTs=
1137	STATEMENT	49439	49451	1	a028c9c9501df4846ec72c7b4432d4a3cb499b36b781bb1c38853498151d0ba7	CglyZXR1cm4gcmM7
1138	FRAGMENT	49451	49452	1	01ba4719c80b6fe911b091a7c05124b64eeece964e09c058ef8f9805daca546b	Cg==
1139	BLOCK_CLOSE	49452	49453	0	d10b36aa74a59bcf4a88185837f658afaf3646eff2bb16c3928d0e9335e945d2	fQ==
1140	PREPROCESSOR	49453	49461	0	626de321eb397f6600939892a0009f31bc378f7e886f9acc5ec0af18db6a99a7	CiNlbmRpZgo=
1141	PREPROCESSOR	49461	49501	0	68deaa93f209c274d810d77725c5c39c5d9301576df49394dba02fd064306a56	CiNpZm5kZWYgTk9fZ3RrXzFyYWRpb18xbWVudV8xaXRlbV8xbmV3Cg==
1142	FUNCTION_OPEN	49501	49607	0	3f9574a528881647936c954b35d1b6dd6809eccab8a2243aedb0ca6baaf31591	Sk5JRVhQT1JUIGpsb25nIEpOSUNBTEwgR1RLM19OQVRJVkUoZ3RrXzFyYWRpb18xbWVudV8xaXRlbV8xbmV3KQoJKEpOSUVudiAqZW52LCBqY2xhc3MgdGhhdCwgamxvbmcgYXJnMCkKew==
1143	STATEMENT	49607	49622	1	3411ceb5951bc52321d8d6cf00df310a159211846b0264e08db2a18b94173633	CglqbG9uZyByYyA9IDA7
1144	STATEMENT	49622	49687	1	524909001d530de2cfd36fa30739a664cb170e1c699348e818d34d54c8574d3f	CglHVEszX05BVElWRV9FTlRFUihlbnYsIHRoYXQsIGd0a18xcmFkaW9fMW1lbnVfMWl0ZW1fMW5ld19GVU5DKTs=
1145	STATEMENT	49687	49741	1	d1c874e9e411402173d9318a1864eacafeb5bab047f57c1706c30e23dff7d8b8	CglyYyA9IChqbG9uZylndGtfcmFkaW9fbWVudV9pdGVtX25ldygoR1NMaXN0ICopYXJnMCk7
1146	STATEMENT	49741	49805	1	22c44568bcc78773dff5161bc7a81bb1c92800fddab37590a5e0272fae0154fc	CglHVEszX05BVElWRV9FWElUKGVudiwgdGhhdCwgZ3RrXzFyYWRpb18xbWVudV8xaXRlbV8xbmV3X0ZVTkMpOw==
1147	STATEMENT	49805	49817	1	a028c9c9501df4846ec72c7b4432d4a3cb499b36b781bb1c38853498151d0ba7	CglyZXR1cm4gcmM7
1148	FRAGMENT	49817	49818	1	01ba4719c80b6fe911b091a7c05124b64eeece964e09c058ef8f9805daca546b	Cg==
1149	BLOCK_CLOSE	49818	49819	0	d10b36aa74a59bcf4a88185837f658afaf3646eff2bb16c3928d0e9335e945d2	fQ==
1150	PREPROCESSOR	49819	49827	0	626de321eb397f6600939892a0009f31bc378f7e886f9acc5ec0af18db6a99a7	CiNlbmRpZgo=
1151	PREPROCESSOR	49827	49857	0	cce5e112d32efe177faa0a55a18478c404711339dc8e810d6ba7139cabb1164b	CiNpZm5kZWYgTk9fZ3RrXzFyZ2JfMXRvXzFoc3YK
1152	FUNCTION_OPEN	49857	50039	0	e761a0eeaf7c4659d16b6f708c69a3afec06858642c503872782271a4d9b5ea8	Sk5JRVhQT1JUIHZvaWQgSk5JQ0FMTCBHVEszX05BVElWRShndGtfMXJnYl8xdG9fMWhzdikKCShKTklFbnYgKmVudiwgamNsYXNzIHRoYXQsIGpkb3VibGUgYXJnMCwgamRvdWJsZSBhcmcxLCBqZG91YmxlIGFyZzIsIGpkb3VibGVBcnJheSBhcmczLCBqZG91YmxlQXJyYXkgYXJnNCwgamRvdWJsZUFycmF5IGFyZzUpCns=
1153	STATEMENT	50039	50062	1	683614f2ad305088bdf309dea9d429fb1c1e766bb785856604600444fff66275	CglqZG91YmxlICpscGFyZzM9TlVMTDs=
1154	STATEMENT	50062	50085	1	f1302216a37f294522e79f0876434084f08f3a59ce146be01c4c43e27ae6031f	CglqZG91YmxlICpscGFyZzQ9TlVMTDs=
1155	STATEMENT	50085	50108	1	cc989d79a9be3da5ecb930b46a52f8d8652b7b54f1e60ef1546a7443c0d64829	CglqZG91YmxlICpscGFyZzU9TlVMTDs=
1156	STATEMENT	50108	50163	1	9578afcafd8632217db09a3f3d7578d127c173fa58553b746ce4958e814875e6	CglHVEszX05BVElWRV9FTlRFUihlbnYsIHRoYXQsIGd0a18xcmdiXzF0b18xaHN2X0ZVTkMpOw==
1157	STATEMENT	50163	50257	1	ca55e6b8eba6e813d3596b5167de9d836b5794afbbd65692766d24029b515ae4	CglpZiAoYXJnMykgaWYgKChscGFyZzMgPSAoKmVudiktPkdldERvdWJsZUFycmF5RWxlbWVudHMoZW52LCBhcmczLCBOVUxMKSkgPT0gTlVMTCkgZ290byBmYWlsOw==
1158	STATEMENT	50257	50351	1	324da04d992371bc9037a19200b0b1de2ec73063594e22488b545dfbb3890180	CglpZiAoYXJnNCkgaWYgKChscGFyZzQgPSAoKmVudiktPkdldERvdWJsZUFycmF5RWxlbWVudHMoZW52LCBhcmc0LCBOVUxMKSkgPT0gTlVMTCkgZ290byBmYWlsOw==
1159	STATEMENT	50351	50445	1	807257bb9756a7bb2c7340d39096b839a3c77fcfaa7e2fab47d75e12c65db3cb	CglpZiAoYXJnNSkgaWYgKChscGFyZzUgPSAoKmVudiktPkdldERvdWJsZUFycmF5RWxlbWVudHMoZW52LCBhcmc1LCBOVUxMKSkgPT0gTlVMTCkgZ290byBmYWlsOw==
1160	STATEMENT	50445	50564	1	d974a0229e05bd2d47b6370517fe8ac29b9ac636c9ae09eb6f2b227b2be54c11	CglndGtfcmdiX3RvX2hzdigoZ2RvdWJsZSlhcmcwLCAoZ2RvdWJsZSlhcmcxLCAoZ2RvdWJsZSlhcmcyLCAoZ2RvdWJsZSAqKWxwYXJnMywgKGdkb3VibGUgKilscGFyZzQsIChnZG91YmxlICopbHBhcmc1KTs=
1161	STATEMENT	50564	50649	1	c65ce09962ad36406a3be16495079d3f82602def29765afe6c1aafc2ebee99bb	CmZhaWw6CglpZiAoYXJnNSAmJiBscGFyZzUpICgqZW52KS0+UmVsZWFzZURvdWJsZUFycmF5RWxlbWVudHMoZW52LCBhcmc1LCBscGFyZzUsIDApOw==
1162	STATEMENT	50649	50728	1	37841e162f4239d5bc848041f5d58a7f8f4bcc5143ad4e53442c99999110f28a	CglpZiAoYXJnNCAmJiBscGFyZzQpICgqZW52KS0+UmVsZWFzZURvdWJsZUFycmF5RWxlbWVudHMoZW52LCBhcmc0LCBscGFyZzQsIDApOw==
1163	STATEMENT	50728	50807	1	0bad24356a7a7b08fd9b31c22a615af13529a7914c97cba75e948144c6b67502	CglpZiAoYXJnMyAmJiBscGFyZzMpICgqZW52KS0+UmVsZWFzZURvdWJsZUFycmF5RWxlbWVudHMoZW52LCBhcmczLCBscGFyZzMsIDApOw==
1164	STATEMENT	50807	50861	1	a07cc6e38ebb86c5867273a5d88851b9d2a444a670063509a88f21e244c3f469	CglHVEszX05BVElWRV9FWElUKGVudiwgdGhhdCwgZ3RrXzFyZ2JfMXRvXzFoc3ZfRlVOQyk7
1165	FRAGMENT	50861	50862	1	01ba4719c80b6fe911b091a7c05124b64eeece964e09c058ef8f9805daca546b	Cg==
1166	BLOCK_CLOSE	50862	50863	0	d10b36aa74a59bcf4a88185837f658afaf3646eff2bb16c3928d0e9335e945d2	fQ==
1167	PREPROCESSOR	50863	50871	0	626de321eb397f6600939892a0009f31bc378f7e886f9acc5ec0af18db6a99a7	CiNlbmRpZgo=
1168	PREPROCESSOR	50871	50924	0	4e6521bece12c08ccef7549536428849c7b2b2e99ea027674268ce66a8036030	CiNpZm5kZWYgTk9fZ3RrXzFzY3JvbGxlZF8xd2luZG93XzFnZXRfMXNoYWRvd18xdHlwZQo=
1169	FUNCTION_OPEN	50924	51042	0	66a5eefea9e8f09168605086886710625919008bf09ef63b82edeb89ecec1b01	Sk5JRVhQT1JUIGppbnQgSk5JQ0FMTCBHVEszX05BVElWRShndGtfMXNjcm9sbGVkXzF3aW5kb3dfMWdldF8xc2hhZG93XzF0eXBlKQoJKEpOSUVudiAqZW52LCBqY2xhc3MgdGhhdCwgamxvbmcgYXJnMCkKew==
1170	STATEMENT	51042	51056	1	ab2eac128ef6225b35f40b35e2bd8fba39be8b3b6b281960b3c51646eba99890	CglqaW50IHJjID0gMDs=
1171	STATEMENT	51056	51134	1	b274da07be2f66110826e83fc786b378a104fd592580560f37c11d2cb5a764ae	CglHVEszX05BVElWRV9FTlRFUihlbnYsIHRoYXQsIGd0a18xc2Nyb2xsZWRfMXdpbmRvd18xZ2V0XzFzaGFkb3dfMXR5cGVfRlVOQyk7
1172	STATEMENT	51134	51210	1	25c72d31abea4154b7f002de5879f3c2b045ba3c4bfa81dc7955a86984f460b6	CglyYyA9IChqaW50KWd0a19zY3JvbGxlZF93aW5kb3dfZ2V0X3NoYWRvd190eXBlKChHdGtTY3JvbGxlZFdpbmRvdyAqKWFyZzApOw==
1173	STATEMENT	51210	51287	1	79c99a61d64c4ce458c8a84c62400b25c387b66169d952f7329a9a68f6460938	CglHVEszX05BVElWRV9FWElUKGVudiwgdGhhdCwgZ3RrXzFzY3JvbGxlZF8xd2luZG93XzFnZXRfMXNoYWRvd18xdHlwZV9GVU5DKTs=
1174	STATEMENT	51287	51299	1	a028c9c9501df4846ec72c7b4432d4a3cb499b36b781bb1c38853498151d0ba7	CglyZXR1cm4gcmM7
1175	FRAGMENT	51299	51300	1	01ba4719c80b6fe911b091a7c05124b64eeece964e09c058ef8f9805daca546b	Cg==
1176	BLOCK_CLOSE	51300	51301	0	d10b36aa74a59bcf4a88185837f658afaf3646eff2bb16c3928d0e9335e945d2	fQ==
1177	PREPROCESSOR	51301	51309	0	626de321eb397f6600939892a0009f31bc378f7e886f9acc5ec0af18db6a99a7	CiNlbmRpZgo=
1178	PREPROCESSOR	51309	51348	0	1f29b27fdb632f4687e0f0f2c1461efe437b0b4613875988cd5976125ea86007	CiNpZm5kZWYgTk9fZ3RrXzFzY3JvbGxlZF8xd2luZG93XzFuZXcK
1179	FUNCTION_OPEN	51348	51465	0	60aacf15013e77fe1ea751ed7b99cbcd56c85a084f485236d5d01efcd81084e0	Sk5JRVhQT1JUIGpsb25nIEpOSUNBTEwgR1RLM19OQVRJVkUoZ3RrXzFzY3JvbGxlZF8xd2luZG93XzFuZXcpCgkoSk5JRW52ICplbnYsIGpjbGFzcyB0aGF0LCBqbG9uZyBhcmcwLCBqbG9uZyBhcmcxKQp7
1180	STATEMENT	51465	51480	1	3411ceb5951bc52321d8d6cf00df310a159211846b0264e08db2a18b94173633	CglqbG9uZyByYyA9IDA7
1181	STATEMENT	51480	51544	1	46a5827c393f00d80791066a8654729b2c13972da8dcd56878cb5518e1689819	CglHVEszX05BVElWRV9FTlRFUihlbnYsIHRoYXQsIGd0a18xc2Nyb2xsZWRfMXdpbmRvd18xbmV3X0ZVTkMpOw==
1182	STATEMENT	51544	51628	1	06fcd20bdc89a49020e00105816fb5b5242af49dcd5fa06a342ca19b2da63e17	CglyYyA9IChqbG9uZylndGtfc2Nyb2xsZWRfd2luZG93X25ldygoR3RrQWRqdXN0bWVudCAqKWFyZzAsIChHdGtBZGp1c3RtZW50ICopYXJnMSk7
1183	STATEMENT	51628	51691	1	b93380787216ef4d109469ebb8979e9089821446933f19840036259511cb537b	CglHVEszX05BVElWRV9FWElUKGVudiwgdGhhdCwgZ3RrXzFzY3JvbGxlZF8xd2luZG93XzFuZXdfRlVOQyk7
1184	STATEMENT	51691	51703	1	a028c9c9501df4846ec72c7b4432d4a3cb499b36b781bb1c38853498151d0ba7	CglyZXR1cm4gcmM7
1185	FRAGMENT	51703	51704	1	01ba4719c80b6fe911b091a7c05124b64eeece964e09c058ef8f9805daca546b	Cg==
1186	BLOCK_CLOSE	51704	51705	0	d10b36aa74a59bcf4a88185837f658afaf3646eff2bb16c3928d0e9335e945d2	fQ==
1187	PREPROCESSOR	51705	51713	0	626de321eb397f6600939892a0009f31bc378f7e886f9acc5ec0af18db6a99a7	CiNlbmRpZgo=
1188	PREPROCESSOR	51713	51766	0	bff4ee8df45754d043760899b0e96280b40b7d5d2f7897dbaf86bc92deb0a697	CiNpZm5kZWYgTk9fZ3RrXzFzY3JvbGxlZF8xd2luZG93XzFzZXRfMXNoYWRvd18xdHlwZQo=
1189	FUNCTION_OPEN	51766	51895	0	2caefa408c0ca15a390a20b880327bee3a6d0529da4024ec3b4028a3ea422043	Sk5JRVhQT1JUIHZvaWQgSk5JQ0FMTCBHVEszX05BVElWRShndGtfMXNjcm9sbGVkXzF3aW5kb3dfMXNldF8xc2hhZG93XzF0eXBlKQoJKEpOSUVudiAqZW52LCBqY2xhc3MgdGhhdCwgamxvbmcgYXJnMCwgamludCBhcmcxKQp7
1190	STATEMENT	51895	51973	1	cecd655a777731a8abbc5726d21f7e2b474c443493aba0f4cc1dda2660a57883	CglHVEszX05BVElWRV9FTlRFUihlbnYsIHRoYXQsIGd0a18xc2Nyb2xsZWRfMXdpbmRvd18xc2V0XzFzaGFkb3dfMXR5cGVfRlVOQyk7
1191	STATEMENT	51973	52059	1	1abd6137b768137ea5718fc547d75cb095fc95f40463dc308ab8091ad7775f47	CglndGtfc2Nyb2xsZWRfd2luZG93X3NldF9zaGFkb3dfdHlwZSgoR3RrU2Nyb2xsZWRXaW5kb3cgKilhcmcwLCAoR3RrU2hhZG93VHlwZSlhcmcxKTs=
1192	STATEMENT	52059	52136	1	92bf82ae1ee043707e0084b0764b5042e68995a807eaaaec5ee58cb873bd4ded	CglHVEszX05BVElWRV9FWElUKGVudiwgdGhhdCwgZ3RrXzFzY3JvbGxlZF8xd2luZG93XzFzZXRfMXNoYWRvd18xdHlwZV9GVU5DKTs=
1193	FRAGMENT	52136	52137	1	01ba4719c80b6fe911b091a7c05124b64eeece964e09c058ef8f9805daca546b	Cg==
1194	BLOCK_CLOSE	52137	52138	0	d10b36aa74a59bcf4a88185837f658afaf3646eff2bb16c3928d0e9335e945d2	fQ==
1195	PREPROCESSOR	52138	52146	0	626de321eb397f6600939892a0009f31bc378f7e886f9acc5ec0af18db6a99a7	CiNlbmRpZgo=
1196	PREPROCESSOR	52146	52185	0	592d4dc8685cbc2f8e371abf744f754208e90d956e7dacffd93091ea18d3d7d5	CiNpZm5kZWYgTk9fZ3RrXzFzZWxlY3Rpb25fMWRhdGFfMWZyZWUK
1197	FUNCTION_OPEN	52185	52289	0	ba0c5a6bc9dfa554d90028d85887068640f2e79b2d0e26709d62fbf1fb83e830	Sk5JRVhQT1JUIHZvaWQgSk5JQ0FMTCBHVEszX05BVElWRShndGtfMXNlbGVjdGlvbl8xZGF0YV8xZnJlZSkKCShKTklFbnYgKmVudiwgamNsYXNzIHRoYXQsIGpsb25nIGFyZzApCns=
1198	STATEMENT	52289	52353	1	1b8391ef835fe3c18c1a49792fe9840ea44fba8c698fdbc89c04eeee1ea6650b	CglHVEszX05BVElWRV9FTlRFUihlbnYsIHRoYXQsIGd0a18xc2VsZWN0aW9uXzFkYXRhXzFmcmVlX0ZVTkMpOw==
1199	STATEMENT	52353	52405	1	9c48cd5284bcbcecf65006401d4cd05b029d63bac31bbc3ca229f8adb5c0c5e9	CglndGtfc2VsZWN0aW9uX2RhdGFfZnJlZSgoR3RrU2VsZWN0aW9uRGF0YSAqKWFyZzApOw==
1200	STATEMENT	52405	52468	1	85e7de5e9de3250a1f4bde2bde8b014bb7f857a471ea7c98ce16a52a56fe17ec	CglHVEszX05BVElWRV9FWElUKGVudiwgdGhhdCwgZ3RrXzFzZWxlY3Rpb25fMWRhdGFfMWZyZWVfRlVOQyk7
1201	FRAGMENT	52468	52469	1	01ba4719c80b6fe911b091a7c05124b64eeece964e09c058ef8f9805daca546b	Cg==
1202	BLOCK_CLOSE	52469	52470	0	d10b36aa74a59bcf4a88185837f658afaf3646eff2bb16c3928d0e9335e945d2	fQ==
1203	PREPROCESSOR	52470	52478	0	626de321eb397f6600939892a0009f31bc378f7e886f9acc5ec0af18db6a99a7	CiNlbmRpZgo=
1204	PREPROCESSOR	52478	52522	0	6c60c69aa86e7cf487dfda50da90fd54d740d8c5ad6ff5caa2ab3b7a0026265a	CiNpZm5kZWYgTk9fZ3RrXzFzZWxlY3Rpb25fMWRhdGFfMWdldF8xZGF0YQo=
1205	FUNCTION_OPEN	52522	52632	0	71efaa07951687c133e932a49432817518efd1efc5ca76c2a5b82b872a3f5a2d	Sk5JRVhQT1JUIGpsb25nIEpOSUNBTEwgR1RLM19OQVRJVkUoZ3RrXzFzZWxlY3Rpb25fMWRhdGFfMWdldF8xZGF0YSkKCShKTklFbnYgKmVudiwgamNsYXNzIHRoYXQsIGpsb25nIGFyZzApCns=
1206	STATEMENT	52632	52647	1	3411ceb5951bc52321d8d6cf00df310a159211846b0264e08db2a18b94173633	CglqbG9uZyByYyA9IDA7
1207	STATEMENT	52647	52716	1	5a94f9ad1dd8762013af05e81703b37acc59ce478d64211a8d639d8b7033971d	CglHVEszX05BVElWRV9FTlRFUihlbnYsIHRoYXQsIGd0a18xc2VsZWN0aW9uXzFkYXRhXzFnZXRfMWRhdGFfRlVOQyk7
1208	STATEMENT	52716	52784	1	86c2069cbc177bd5f7d5acc102a0c2608094b0fc032edfe42a49dd41aacd5935	CglyYyA9IChqbG9uZylndGtfc2VsZWN0aW9uX2RhdGFfZ2V0X2RhdGEoKEd0a1NlbGVjdGlvbkRhdGEgKilhcmcwKTs=
1209	STATEMENT	52784	52852	1	2b5181032da82f317ee69cc7f83388ce55fe9fd1fcc7ea59de3fab49c06089bc	CglHVEszX05BVElWRV9FWElUKGVudiwgdGhhdCwgZ3RrXzFzZWxlY3Rpb25fMWRhdGFfMWdldF8xZGF0YV9GVU5DKTs=
1210	STATEMENT	52852	52864	1	a028c9c9501df4846ec72c7b4432d4a3cb499b36b781bb1c38853498151d0ba7	CglyZXR1cm4gcmM7
1211	FRAGMENT	52864	52865	1	01ba4719c80b6fe911b091a7c05124b64eeece964e09c058ef8f9805daca546b	Cg==
1212	BLOCK_CLOSE	52865	52866	0	d10b36aa74a59bcf4a88185837f658afaf3646eff2bb16c3928d0e9335e945d2	fQ==
1213	PREPROCESSOR	52866	52874	0	626de321eb397f6600939892a0009f31bc378f7e886f9acc5ec0af18db6a99a7	CiNlbmRpZgo=
1214	PREPROCESSOR	52874	52924	0	b825ba2cdbd65557ba5f536f2b35de50ffa5c0b8bfb6db83044cd810af2808ef	CiNpZm5kZWYgTk9fZ3RrXzFzZWxlY3Rpb25fMWRhdGFfMWdldF8xZGF0YV8xdHlwZQo=
1215	FUNCTION_OPEN	52924	53040	0	d56a6269208f5734430c4b018ebb530edb3e5e5849f7c27b86b5fd87f194b723	Sk5JRVhQT1JUIGpsb25nIEpOSUNBTEwgR1RLM19OQVRJVkUoZ3RrXzFzZWxlY3Rpb25fMWRhdGFfMWdldF8xZGF0YV8xdHlwZSkKCShKTklFbnYgKmVudiwgamNsYXNzIHRoYXQsIGpsb25nIGFyZzApCns=
1216	STATEMENT	53040	53055	1	3411ceb5951bc52321d8d6cf00df310a159211846b0264e08db2a18b94173633	CglqbG9uZyByYyA9IDA7
1217	STATEMENT	53055	53130	1	ec66a20f37359a8439ad379195370ece9bb6378d6e14321ff48b1384657ef6ac	CglHVEszX05BVElWRV9FTlRFUihlbnYsIHRoYXQsIGd0a18xc2VsZWN0aW9uXzFkYXRhXzFnZXRfMWRhdGFfMXR5cGVfRlVOQyk7
1218	STATEMENT	53130	53203	1	5a8e7736d78d52d0c15abb173c2504d1e82d22f9040e6d56cdffd41272bb348c	CglyYyA9IChqbG9uZylndGtfc2VsZWN0aW9uX2RhdGFfZ2V0X2RhdGFfdHlwZSgoR3RrU2VsZWN0aW9uRGF0YSAqKWFyZzApOw==
1219	STATEMENT	53203	53277	1	cbfd557e007983bf18a9054cb524150f00e181aefd5f5182d2d1ddc4cf64f148	CglHVEszX05BVElWRV9FWElUKGVudiwgdGhhdCwgZ3RrXzFzZWxlY3Rpb25fMWRhdGFfMWdldF8xZGF0YV8xdHlwZV9GVU5DKTs=
1220	STATEMENT	53277	53289	1	a028c9c9501df4846ec72c7b4432d4a3cb499b36b781bb1c38853498151d0ba7	CglyZXR1cm4gcmM7
1221	FRAGMENT	53289	53290	1	01ba4719c80b6fe911b091a7c05124b64eeece964e09c058ef8f9805daca546b	Cg==
1222	BLOCK_CLOSE	53290	53291	0	d10b36aa74a59bcf4a88185837f658afaf3646eff2bb16c3928d0e9335e945d2	fQ==
1223	PREPROCESSOR	53291	53299	0	626de321eb397f6600939892a0009f31bc378f7e886f9acc5ec0af18db6a99a7	CiNlbmRpZgo=
1224	PREPROCESSOR	53299	53345	0	eb2982f1f46f25b01083e3d1cccf93176da214f09c818093653684c13533467f	CiNpZm5kZWYgTk9fZ3RrXzFzZWxlY3Rpb25fMWRhdGFfMWdldF8xZm9ybWF0Cg==
1225	FUNCTION_OPEN	53345	53456	0	aedfff6f4c4edd98b2d9686bc994c6fe8e209fcdddc4fa04e0dd190ba1b1b48f	Sk5JRVhQT1JUIGppbnQgSk5JQ0FMTCBHVEszX05BVElWRShndGtfMXNlbGVjdGlvbl8xZGF0YV8xZ2V0XzFmb3JtYXQpCgkoSk5JRW52ICplbnYsIGpjbGFzcyB0aGF0LCBqbG9uZyBhcmcwKQp7
1226	STATEMENT	53456	53470	1	ab2eac128ef6225b35f40b35e2bd8fba39be8b3b6b281960b3c51646eba99890	CglqaW50IHJjID0gMDs=
1227	STATEMENT	53470	53541	1	2926240bd875ce97e6c94e19cc529e4d6418d8b6ec50625787abc07af16ade04	CglHVEszX05BVElWRV9FTlRFUihlbnYsIHRoYXQsIGd0a18xc2VsZWN0aW9uXzFkYXRhXzFnZXRfMWZvcm1hdF9GVU5DKTs=
1228	STATEMENT	53541	53610	1	3db1aeee6740b2a91a41211ff890e07d0b4044906f01d28e046d196cba419c84	CglyYyA9IChqaW50KWd0a19zZWxlY3Rpb25fZGF0YV9nZXRfZm9ybWF0KChHdGtTZWxlY3Rpb25EYXRhICopYXJnMCk7
1229	STATEMENT	53610	53680	1	6854eaf2879dba743409fb6cb7b1c23e5434119123262b043dfb391c8c8a462d	CglHVEszX05BVElWRV9FWElUKGVudiwgdGhhdCwgZ3RrXzFzZWxlY3Rpb25fMWRhdGFfMWdldF8xZm9ybWF0X0ZVTkMpOw==
1230	STATEMENT	53680	53692	1	a028c9c9501df4846ec72c7b4432d4a3cb499b36b781bb1c38853498151d0ba7	CglyZXR1cm4gcmM7
1231	FRAGMENT	53692	53693	1	01ba4719c80b6fe911b091a7c05124b64eeece964e09c058ef8f9805daca546b	Cg==
1232	BLOCK_CLOSE	53693	53694	0	d10b36aa74a59bcf4a88185837f658afaf3646eff2bb16c3928d0e9335e945d2	fQ==
1233	PREPROCESSOR	53694	53702	0	626de321eb397f6600939892a0009f31bc378f7e886f9acc5ec0af18db6a99a7	CiNlbmRpZgo=
1234	PREPROCESSOR	53702	53748	0	c2a77c3a5af781d0baabe5f6062e3d3d81af189538246e388a62815dce47e6d3	CiNpZm5kZWYgTk9fZ3RrXzFzZWxlY3Rpb25fMWRhdGFfMWdldF8xbGVuZ3RoCg==
1235	FUNCTION_OPEN	53748	53859	0	4a5819df2d7757dd47dbbdd01e6e9c1a53a6bea49403d7c7f9482ea9860526cf	Sk5JRVhQT1JUIGppbnQgSk5JQ0FMTCBHVEszX05BVElWRShndGtfMXNlbGVjdGlvbl8xZGF0YV8xZ2V0XzFsZW5ndGgpCgkoSk5JRW52ICplbnYsIGpjbGFzcyB0aGF0LCBqbG9uZyBhcmcwKQp7
1236	STATEMENT	53859	53873	1	ab2eac128ef6225b35f40b35e2bd8fba39be8b3b6b281960b3c51646eba99890	CglqaW50IHJjID0gMDs=
1237	STATEMENT	53873	53944	1	85733cfc510f18203ea97c4d4d2d60a63d1f8330276b0dd6c8ee8789c2196cb5	CglHVEszX05BVElWRV9FTlRFUihlbnYsIHRoYXQsIGd0a18xc2VsZWN0aW9uXzFkYXRhXzFnZXRfMWxlbmd0aF9GVU5DKTs=
1238	STATEMENT	53944	54013	1	1b9d7822c77c51c0d31b0960c71e1577dd7bf4373c8fd6753a1d4e1b3d13f044	CglyYyA9IChqaW50KWd0a19zZWxlY3Rpb25fZGF0YV9nZXRfbGVuZ3RoKChHdGtTZWxlY3Rpb25EYXRhICopYXJnMCk7
1239	STATEMENT	54013	54083	1	7424bf704072e1dbb1557ef4ebc3063993c5ffc5f86bdb3e67ed807cec84e881	CglHVEszX05BVElWRV9FWElUKGVudiwgdGhhdCwgZ3RrXzFzZWxlY3Rpb25fMWRhdGFfMWdldF8xbGVuZ3RoX0ZVTkMpOw==
1240	STATEMENT	54083	54095	1	a028c9c9501df4846ec72c7b4432d4a3cb499b36b781bb1c38853498151d0ba7	CglyZXR1cm4gcmM7
1241	FRAGMENT	54095	54096	1	01ba4719c80b6fe911b091a7c05124b64eeece964e09c058ef8f9805daca546b	Cg==
1242	BLOCK_CLOSE	54096	54097	0	d10b36aa74a59bcf4a88185837f658afaf3646eff2bb16c3928d0e9335e945d2	fQ==
1243	PREPROCESSOR	54097	54105	0	626de321eb397f6600939892a0009f31bc378f7e886f9acc5ec0af18db6a99a7	CiNlbmRpZgo=
1244	PREPROCESSOR	54105	54151	0	3857b3bc5311c94a8cbdd5c035d284ae013c6154602a4bddc3af10a32da8283a	CiNpZm5kZWYgTk9fZ3RrXzFzZWxlY3Rpb25fMWRhdGFfMWdldF8xdGFyZ2V0Cg==
1245	FUNCTION_OPEN	54151	54263	0	587fc09d7758f18012cd4c5c7e50da2c4f3cebf2b0ad0e4b10269d070de91c49	Sk5JRVhQT1JUIGpsb25nIEpOSUNBTEwgR1RLM19OQVRJVkUoZ3RrXzFzZWxlY3Rpb25fMWRhdGFfMWdldF8xdGFyZ2V0KQoJKEpOSUVudiAqZW52LCBqY2xhc3MgdGhhdCwgamxvbmcgYXJnMCkKew==
1246	STATEMENT	54263	54278	1	3411ceb5951bc52321d8d6cf00df310a159211846b0264e08db2a18b94173633	CglqbG9uZyByYyA9IDA7
1247	STATEMENT	54278	54349	1	d56fb687eeeeccc8ddcb22899c45084fb1e9280887c8a6c41864404824e6eb1f	CglHVEszX05BVElWRV9FTlRFUihlbnYsIHRoYXQsIGd0a18xc2VsZWN0aW9uXzFkYXRhXzFnZXRfMXRhcmdldF9GVU5DKTs=
1248	STATEMENT	54349	54419	1	0d4aa94458d07904007be30b28f83cd4d1dd60ed544a69117bfdce2ee6cac518	CglyYyA9IChqbG9uZylndGtfc2VsZWN0aW9uX2RhdGFfZ2V0X3RhcmdldCgoR3RrU2VsZWN0aW9uRGF0YSAqKWFyZzApOw==
1249	STATEMENT	54419	54489	1	8a8e73ec874fe722c3b526a2305f447425e0fc85a13e447addc5abea873388c3	CglHVEszX05BVElWRV9FWElUKGVudiwgdGhhdCwgZ3RrXzFzZWxlY3Rpb25fMWRhdGFfMWdldF8xdGFyZ2V0X0ZVTkMpOw==
1250	STATEMENT	54489	54501	1	a028c9c9501df4846ec72c7b4432d4a3cb499b36b781bb1c38853498151d0ba7	CglyZXR1cm4gcmM7
1251	FRAGMENT	54501	54502	1	01ba4719c80b6fe911b091a7c05124b64eeece964e09c058ef8f9805daca546b	Cg==
1252	BLOCK_CLOSE	54502	54503	0	d10b36aa74a59bcf4a88185837f658afaf3646eff2bb16c3928d0e9335e945d2	fQ==
1253	PREPROCESSOR	54503	54511	0	626de321eb397f6600939892a0009f31bc378f7e886f9acc5ec0af18db6a99a7	CiNlbmRpZgo=
1254	PREPROCESSOR	54511	54549	0	806edca56ebe6ca0ed3fb414c3f4a8dc680cc8f1c7115ac782112c2490dd2d8a	CiNpZm5kZWYgTk9fZ3RrXzFzZWxlY3Rpb25fMWRhdGFfMXNldAo=
1255	FUNCTION_OPEN	54549	54698	0	9188d8a00a3f8fb2e5f3ef1704d9d4fda3fdf20f54e3c75b5b5dfa7c8d122e22	Sk5JRVhQT1JUIHZvaWQgSk5JQ0FMTCBHVEszX05BVElWRShndGtfMXNlbGVjdGlvbl8xZGF0YV8xc2V0KQoJKEpOSUVudiAqZW52LCBqY2xhc3MgdGhhdCwgamxvbmcgYXJnMCwgamxvbmcgYXJnMSwgamludCBhcmcyLCBqbG9uZyBhcmczLCBqaW50IGFyZzQpCns=
1256	STATEMENT	54698	54761	1	a39c2b0ad14c06b85f29291fd784224c91b51bf049e6a7e44611a80837fe1610	CglHVEszX05BVElWRV9FTlRFUihlbnYsIHRoYXQsIGd0a18xc2VsZWN0aW9uXzFkYXRhXzFzZXRfRlVOQyk7
1257	STATEMENT	54761	54873	1	11ebab7ac214279ac868d670433d04df78e28c3218ade14166b6788761b4a153	CglndGtfc2VsZWN0aW9uX2RhdGFfc2V0KChHdGtTZWxlY3Rpb25EYXRhICopYXJnMCwgKEdka0F0b20pYXJnMSwgKGdpbnQpYXJnMiwgKGNvbnN0IGd1Y2hhciAqKWFyZzMsIChnaW50KWFyZzQpOw==
1258	STATEMENT	54873	54935	1	a5bd5c83c857ff6d836c469c985dbfd26d1973fe551a585e94659631afbb7fe9	CglHVEszX05BVElWRV9FWElUKGVudiwgdGhhdCwgZ3RrXzFzZWxlY3Rpb25fMWRhdGFfMXNldF9GVU5DKTs=
1259	FRAGMENT	54935	54936	1	01ba4719c80b6fe911b091a7c05124b64eeece964e09c058ef8f9805daca546b	Cg==
1260	BLOCK_CLOSE	54936	54937	0	d10b36aa74a59bcf4a88185837f658afaf3646eff2bb16c3928d0e9335e945d2	fQ==
1261	PREPROCESSOR	54937	54945	0	626de321eb397f6600939892a0009f31bc378f7e886f9acc5ec0af18db6a99a7	CiNlbmRpZgo=
1262	PREPROCESSOR	54945	54989	0	d353b495d0712347d30194183d5cacb2f29035f00a7df40d94d44e6391c28f4f	CiNpZm5kZWYgTk9fZ3RrXzFzZXBhcmF0b3JfMW1lbnVfMWl0ZW1fMW5ldwo=
1263	FUNCTION_OPEN	54989	55087	0	ea92b014a1165a0eac049fdb67b62080fce8a2b855ae7ecce2b6f83c40e121b9	Sk5JRVhQT1JUIGpsb25nIEpOSUNBTEwgR1RLM19OQVRJVkUoZ3RrXzFzZXBhcmF0b3JfMW1lbnVfMWl0ZW1fMW5ldykKCShKTklFbnYgKmVudiwgamNsYXNzIHRoYXQpCns=
1264	STATEMENT	55087	55102	1	3411ceb5951bc52321d8d6cf00df310a159211846b0264e08db2a18b94173633	CglqbG9uZyByYyA9IDA7
1265	STATEMENT	55102	55171	1	ece25e141bcc0c79d0eb8a7360956338d79d85d609275372b58d1fc00e5d8bde	CglHVEszX05BVElWRV9FTlRFUihlbnYsIHRoYXQsIGd0a18xc2VwYXJhdG9yXzFtZW51XzFpdGVtXzFuZXdfRlVOQyk7
1266	STATEMENT	55171	55215	1	22260dbaa2643402cf52fde9891ce975d9bbb322ccfcf7a106da5b4d5daadaa2	CglyYyA9IChqbG9uZylndGtfc2VwYXJhdG9yX21lbnVfaXRlbV9uZXcoKTs=
1267	STATEMENT	55215	55283	1	29a65701cb3c25f2bb9e217cc1c58608e8bc6ee1ebb953f7ed25732144776574	CglHVEszX05BVElWRV9FWElUKGVudiwgdGhhdCwgZ3RrXzFzZXBhcmF0b3JfMW1lbnVfMWl0ZW1fMW5ld19GVU5DKTs=
1268	STATEMENT	55283	55295	1	a028c9c9501df4846ec72c7b4432d4a3cb499b36b781bb1c38853498151d0ba7	CglyZXR1cm4gcmM7
1269	FRAGMENT	55295	55296	1	01ba4719c80b6fe911b091a7c05124b64eeece964e09c058ef8f9805daca546b	Cg==
1270	BLOCK_CLOSE	55296	55297	0	d10b36aa74a59bcf4a88185837f658afaf3646eff2bb16c3928d0e9335e945d2	fQ==
1271	PREPROCESSOR	55297	55305	0	626de321eb397f6600939892a0009f31bc378f7e886f9acc5ec0af18db6a99a7	CiNlbmRpZgo=
1272	PREPROCESSOR	55305	55349	0	de1d3c769e70af6f7fa1616c1143b913380cceb1a773199f6aa4abf4c8cbdf87	CiNpZm5kZWYgTk9fZ3RrXzFzZXBhcmF0b3JfMXRvb2xfMWl0ZW1fMW5ldwo=
1273	FUNCTION_OPEN	55349	55447	0	cf6749a491b472bf618d5edce736d0fb878699c67587f71f65bf8340546e9f4d	Sk5JRVhQT1JUIGpsb25nIEpOSUNBTEwgR1RLM19OQVRJVkUoZ3RrXzFzZXBhcmF0b3JfMXRvb2xfMWl0ZW1fMW5ldykKCShKTklFbnYgKmVudiwgamNsYXNzIHRoYXQpCns=
1274	STATEMENT	55447	55462	1	3411ceb5951bc52321d8d6cf00df310a159211846b0264e08db2a18b94173633	CglqbG9uZyByYyA9IDA7
1275	STATEMENT	55462	55531	1	1592b3fdf9dac5087c2aad2285aae97fbfa9626874fadaa89accade10995fe0a	CglHVEszX05BVElWRV9FTlRFUihlbnYsIHRoYXQsIGd0a18xc2VwYXJhdG9yXzF0b29sXzFpdGVtXzFuZXdfRlVOQyk7
1276	STATEMENT	55531	55575	1	c5ab998833775aeaaa5d412c21cc717325365829061555627a900d458c0cad1d	CglyYyA9IChqbG9uZylndGtfc2VwYXJhdG9yX3Rvb2xfaXRlbV9uZXcoKTs=
1277	STATEMENT	55575	55643	1	1d81659dc11601ccb91b20334e2f0c16ddb22a53061bf8502bbf56ebc2a6e0f2	CglHVEszX05BVElWRV9FWElUKGVudiwgdGhhdCwgZ3RrXzFzZXBhcmF0b3JfMXRvb2xfMWl0ZW1fMW5ld19GVU5DKTs=
1278	STATEMENT	55643	55655	1	a028c9c9501df4846ec72c7b4432d4a3cb499b36b781bb1c38853498151d0ba7	CglyZXR1cm4gcmM7
1279	FRAGMENT	55655	55656	1	01ba4719c80b6fe911b091a7c05124b64eeece964e09c058ef8f9805daca546b	Cg==
1280	BLOCK_CLOSE	55656	55657	0	d10b36aa74a59bcf4a88185837f658afaf3646eff2bb16c3928d0e9335e945d2	fQ==
1281	PREPROCESSOR	55657	55665	0	626de321eb397f6600939892a0009f31bc378f7e886f9acc5ec0af18db6a99a7	CiNlbmRpZgo=
1282	PREPROCESSOR	55665	55715	0	94f25d7d2006dbe6b63bb7974df1f45a776e8f0c7a3bda46e1bcfa32a7585624	CiNpZm5kZWYgTk9fZ3RrXzFzZXBhcmF0b3JfMXRvb2xfMWl0ZW1fMXNldF8xZHJhdwo=
1283	FUNCTION_OPEN	55715	55845	0	f30daac7f495845801d563c9a43e0af28e28b6424bc2c0f491ee68e589853177	Sk5JRVhQT1JUIHZvaWQgSk5JQ0FMTCBHVEszX05BVElWRShndGtfMXNlcGFyYXRvcl8xdG9vbF8xaXRlbV8xc2V0XzFkcmF3KQoJKEpOSUVudiAqZW52LCBqY2xhc3MgdGhhdCwgamxvbmcgYXJnMCwgamJvb2xlYW4gYXJnMSkKew==
1284	STATEMENT	55845	55920	1	dd6d91a62bbfcbcb860f6d1f96c14e3c18361cc58695c845ffe267d59226e59a	CglHVEszX05BVElWRV9FTlRFUihlbnYsIHRoYXQsIGd0a18xc2VwYXJhdG9yXzF0b29sXzFpdGVtXzFzZXRfMWRyYXdfRlVOQyk7
1285	STATEMENT	55920	56001	1	6a916f3f3c696b5b04ea33633c5ac673eb0cf4e9cb6a85102a8d718949671bb9	CglndGtfc2VwYXJhdG9yX3Rvb2xfaXRlbV9zZXRfZHJhdygoR3RrU2VwYXJhdG9yVG9vbEl0ZW0gKilhcmcwLCAoZ2Jvb2xlYW4pYXJnMSk7
1286	STATEMENT	56001	56075	1	65cd32499dba068929362234c90f2e59f920adc785e796acf7df89069fd6a85e	CglHVEszX05BVElWRV9FWElUKGVudiwgdGhhdCwgZ3RrXzFzZXBhcmF0b3JfMXRvb2xfMWl0ZW1fMXNldF8xZHJhd19GVU5DKTs=
1287	FRAGMENT	56075	56076	1	01ba4719c80b6fe911b091a7c05124b64eeece964e09c058ef8f9805daca546b	Cg==
1288	BLOCK_CLOSE	56076	56077	0	d10b36aa74a59bcf4a88185837f658afaf3646eff2bb16c3928d0e9335e945d2	fQ==
1289	PREPROCESSOR	56077	56085	0	626de321eb397f6600939892a0009f31bc378f7e886f9acc5ec0af18db6a99a7	CiNlbmRpZgo=
1290	PREPROCESSOR	56085	56130	0	2c7dbf89190adc7272743d94b6ffb730f5116b6767d5ec26653b64bceb2333f2	CiNpZm5kZWYgTk9fZ3RrXzFzdGF0dXNfMWljb25fMWdldF8xZ2VvbWV0cnkK
1291	FUNCTION_OPEN	56130	56315	0	a4aee1df82537edd6134623971cb6fcde60fa05e9b8e203fd1a16e4fea66fbd1	R19HTlVDX0JFR0lOX0lHTk9SRV9ERVBSRUNBVElPTlMKSk5JRVhQT1JUIGpib29sZWFuIEpOSUNBTEwgR1RLM19OQVRJVkUoZ3RrXzFzdGF0dXNfMWljb25fMWdldF8xZ2VvbWV0cnkpCgkoSk5JRW52ICplbnYsIGpjbGFzcyB0aGF0LCBqbG9uZyBhcmcwLCBqbG9uZyBhcmcxLCBqb2JqZWN0IGFyZzIsIGpsb25nIGFyZzMpCns=
1292	STATEMENT	56315	56350	1	b66ab1ba1e4ac31b7dd342eddb48ec96d6198584d7679d96c4dfed3afda3933d	CglHZGtSZWN0YW5nbGUgX2FyZzIsICpscGFyZzI9TlVMTDs=
1293	STATEMENT	56350	56368	1	6e389c725127046540fa228f0aca981232172a088ed5b7d88f2be6db7346caa1	CglqYm9vbGVhbiByYyA9IDA7
1294	STATEMENT	56368	56438	1	a6c8d937e46fa1050184bc4e0b36cce9a809c0679dc03de25607488706850933	CglHVEszX05BVElWRV9FTlRFUihlbnYsIHRoYXQsIGd0a18xc3RhdHVzXzFpY29uXzFnZXRfMWdlb21ldHJ5X0ZVTkMpOw==
1295	STATEMENT	56438	56525	1	edd8256d88d7ec2afa7118fe8afbe2513fee0159ed5740963ade7f6a649d6d03	CglpZiAoYXJnMikgaWYgKChscGFyZzIgPSBnZXRHZGtSZWN0YW5nbGVGaWVsZHMoZW52LCBhcmcyLCAmX2FyZzIpKSA9PSBOVUxMKSBnb3RvIGZhaWw7
1296	STATEMENT	56525	56658	1	6a5e20fa93bd3315b11eaf46d0d00dc68254895eefcf4ca6a64da929e47d1314	CglyYyA9IChqYm9vbGVhbilndGtfc3RhdHVzX2ljb25fZ2V0X2dlb21ldHJ5KChHdGtTdGF0dXNJY29uKilhcmcwLCAoR2RrU2NyZWVuKiopYXJnMSwgKEdka1JlY3RhbmdsZSopbHBhcmcyLCAoR3RrT3JpZW50YXRpb24qKWFyZzMpOw==
1297	STATEMENT	56658	56727	1	3cf831368701c3032ef4b0f3c25350b0fdba5d7cdcca9a005b26025f5e73a208	CmZhaWw6CglpZiAoYXJnMiAmJiBscGFyZzIpIHNldEdka1JlY3RhbmdsZUZpZWxkcyhlbnYsIGFyZzIsIGxwYXJnMik7
1298	STATEMENT	56727	56796	1	40e72fbb4146be4c35eb864371c1ce31ed13c0fec7f759a4903de3109f5bfd28	CglHVEszX05BVElWRV9FWElUKGVudiwgdGhhdCwgZ3RrXzFzdGF0dXNfMWljb25fMWdldF8xZ2VvbWV0cnlfRlVOQyk7
1299	STATEMENT	56796	56808	1	a028c9c9501df4846ec72c7b4432d4a3cb499b36b781bb1c38853498151d0ba7	CglyZXR1cm4gcmM7
1300	FRAGMENT	56808	56809	1	01ba4719c80b6fe911b091a7c05124b64eeece964e09c058ef8f9805daca546b	Cg==
1301	BLOCK_CLOSE	56809	56810	0	d10b36aa74a59bcf4a88185837f658afaf3646eff2bb16c3928d0e9335e945d2	fQ==
1302	PREPROCESSOR	56810	56849	0	9ed1daae63e6075b33dfc403acf6c6030324fb6d62b8910eaca7edfc62576b30	CkdfR05VQ19FTkRfSUdOT1JFX0RFUFJFQ0FUSU9OUwojZW5kaWYK
1303	PREPROCESSOR	56849	56893	0	ad32d88ed3eac8e3716050355fee8bb74a33be855a5d14894d33b4613c14c06b	CiNpZm5kZWYgTk9fZ3RrXzFzdGF0dXNfMWljb25fMWdldF8xdmlzaWJsZQo=
1304	FUNCTION_OPEN	56893	57039	0	6b2db7416be8ef460890976ac7f9f1aec3eb986148741d78663d07aa98afe5df	R19HTlVDX0JFR0lOX0lHTk9SRV9ERVBSRUNBVElPTlMKSk5JRVhQT1JUIGpib29sZWFuIEpOSUNBTEwgR1RLM19OQVRJVkUoZ3RrXzFzdGF0dXNfMWljb25fMWdldF8xdmlzaWJsZSkKCShKTklFbnYgKmVudiwgamNsYXNzIHRoYXQsIGpsb25nIGFyZzApCns=
1305	STATEMENT	57039	57057	1	6e389c725127046540fa228f0aca981232172a088ed5b7d88f2be6db7346caa1	CglqYm9vbGVhbiByYyA9IDA7
1306	STATEMENT	57057	57126	1	dd2255a5e0368c4a1308dd6d6d3a2391156e094714c43bc9f58619801536402f	CglHVEszX05BVElWRV9FTlRFUihlbnYsIHRoYXQsIGd0a18xc3RhdHVzXzFpY29uXzFnZXRfMXZpc2libGVfRlVOQyk7
1307	STATEMENT	57126	57193	1	72537dc08017e4d9842a29a73fe81dba151e800e56cc56de4fa9254549561678	CglyYyA9IChqYm9vbGVhbilndGtfc3RhdHVzX2ljb25fZ2V0X3Zpc2libGUoKEd0a1N0YXR1c0ljb24qKWFyZzApOw==
1308	STATEMENT	57193	57261	1	98a5f21ecd5cd92eed72e3e631df7e15833aa5aaeee972122faab3fd6cfc394f	CglHVEszX05BVElWRV9FWElUKGVudiwgdGhhdCwgZ3RrXzFzdGF0dXNfMWljb25fMWdldF8xdmlzaWJsZV9GVU5DKTs=
1309	STATEMENT	57261	57273	1	a028c9c9501df4846ec72c7b4432d4a3cb499b36b781bb1c38853498151d0ba7	CglyZXR1cm4gcmM7
1310	FRAGMENT	57273	57274	1	01ba4719c80b6fe911b091a7c05124b64eeece964e09c058ef8f9805daca546b	Cg==
1311	BLOCK_CLOSE	57274	57275	0	d10b36aa74a59bcf4a88185837f658afaf3646eff2bb16c3928d0e9335e945d2	fQ==
1312	PREPROCESSOR	57275	57314	0	9ed1daae63e6075b33dfc403acf6c6030324fb6d62b8910eaca7edfc62576b30	CkdfR05VQ19FTkRfSUdOT1JFX0RFUFJFQ0FUSU9OUwojZW5kaWYK
1313	PREPROCESSOR	57314	57349	0	8235ef950ab0b47eb4e143334dba1c92e3eda837b7673664560b4c0ded4c35b3	CiNpZm5kZWYgTk9fZ3RrXzFzdGF0dXNfMWljb25fMW5ldwo=
1314	FUNCTION_OPEN	57349	57471	0	4f2450e481df1c4cbb0f4b180b0cdb24517fa2e1714eb0a82567caadefcf4c7a	R19HTlVDX0JFR0lOX0lHTk9SRV9ERVBSRUNBVElPTlMKSk5JRVhQT1JUIGpsb25nIEpOSUNBTEwgR1RLM19OQVRJVkUoZ3RrXzFzdGF0dXNfMWljb25fMW5ldykKCShKTklFbnYgKmVudiwgamNsYXNzIHRoYXQpCns=
1315	STATEMENT	57471	57486	1	3411ceb5951bc52321d8d6cf00df310a159211846b0264e08db2a18b94173633	CglqbG9uZyByYyA9IDA7
1316	STATEMENT	57486	57546	1	aaf2845745c48bddbf59000cd70423ab661624e0dc6e2c00446a3a7136dbdb33	CglHVEszX05BVElWRV9FTlRFUihlbnYsIHRoYXQsIGd0a18xc3RhdHVzXzFpY29uXzFuZXdfRlVOQyk7
1317	STATEMENT	57546	57582	1	9148d38c2bf0c2bd0f0541497326b0b430fe8c4cd852c1b43c5be20461c69ce0	CglyYyA9IChqbG9uZylndGtfc3RhdHVzX2ljb25fbmV3KCk7
1318	STATEMENT	57582	57641	1	8320d9dc1433aedd2fa1f39ccd7966a4077f1fe1ed07d7e829f5bd73fed6ed9c	CglHVEszX05BVElWRV9FWElUKGVudiwgdGhhdCwgZ3RrXzFzdGF0dXNfMWljb25fMW5ld19GVU5DKTs=
1319	STATEMENT	57641	57653	1	a028c9c9501df4846ec72c7b4432d4a3cb499b36b781bb1c38853498151d0ba7	CglyZXR1cm4gcmM7
1320	FRAGMENT	57653	57654	1	01ba4719c80b6fe911b091a7c05124b64eeece964e09c058ef8f9805daca546b	Cg==
1321	BLOCK_CLOSE	57654	57655	0	d10b36aa74a59bcf4a88185837f658afaf3646eff2bb16c3928d0e9335e945d2	fQ==
1322	PREPROCESSOR	57655	57694	0	9ed1daae63e6075b33dfc403acf6c6030324fb6d62b8910eaca7edfc62576b30	CkdfR05VQ19FTkRfSUdOT1JFX0RFUFJFQ0FUSU9OUwojZW5kaWYK
1323	PREPROCESSOR	57694	57743	0	94192ad0579c498dab4a9c57763a2566fbe0c590a2b5adf5ed9b8eaf5e7353bf	CiNpZm5kZWYgTk9fZ3RrXzFzdGF0dXNfMWljb25fMXNldF8xZnJvbV8xcGl4YnVmCg==
1324	FUNCTION_OPEN	57743	57902	0	9d3d294a11d0569cd309554e5ef91c3c7fdc176011b1d8a80255649ee0bef9a9	R19HTlVDX0JFR0lOX0lHTk9SRV9ERVBSRUNBVElPTlMKSk5JRVhQT1JUIHZvaWQgSk5JQ0FMTCBHVEszX05BVElWRShndGtfMXN0YXR1c18xaWNvbl8xc2V0XzFmcm9tXzFwaXhidWYpCgkoSk5JRW52ICplbnYsIGpjbGFzcyB0aGF0LCBqbG9uZyBhcmcwLCBqbG9uZyBhcmcxKQp7
1325	STATEMENT	57902	57976	1	ef53bfc3b9254ec99753dc93adeb32e1951ba8494e96fccd1e3dae82570ccb56	CglHVEszX05BVElWRV9FTlRFUihlbnYsIHRoYXQsIGd0a18xc3RhdHVzXzFpY29uXzFzZXRfMWZyb21fMXBpeGJ1Zl9GVU5DKTs=
1326	STATEMENT	57976	58050	1	d3d8f6997450a5e198d2bb46169450dfde464805fcce4335729f46ccb4b87fae	CglndGtfc3RhdHVzX2ljb25fc2V0X2Zyb21fcGl4YnVmKChHdGtTdGF0dXNJY29uKilhcmcwLCAoR2RrUGl4YnVmKilhcmcxKTs=
1327	STATEMENT	58050	58123	1	27ec666a5e3575785db5f91729d6b0566ef289287db338073ae673f88758b54d	CglHVEszX05BVElWRV9FWElUKGVudiwgdGhhdCwgZ3RrXzFzdGF0dXNfMWljb25fMXNldF8xZnJvbV8xcGl4YnVmX0ZVTkMpOw==
1328	FRAGMENT	58123	58124	1	01ba4719c80b6fe911b091a7c05124b64eeece964e09c058ef8f9805daca546b	Cg==
1329	BLOCK_CLOSE	58124	58125	0	d10b36aa74a59bcf4a88185837f658afaf3646eff2bb16c3928d0e9335e945d2	fQ==
1330	PREPROCESSOR	58125	58164	0	9ed1daae63e6075b33dfc403acf6c6030324fb6d62b8910eaca7edfc62576b30	CkdfR05VQ19FTkRfSUdOT1JFX0RFUFJFQ0FUSU9OUwojZW5kaWYK
1331	PREPROCESSOR	58164	58214	0	236be012465b4c60b1c16620b743048dc33c287199a08daab71e9f6d7a8dd340	CiNpZm5kZWYgTk9fZ3RrXzFzdGF0dXNfMWljb25fMXNldF8xdG9vbHRpcF8xdGV4dAo=
1332	FUNCTION_OPEN	58214	58379	0	9767f3413bba7f6d0d66a2b4ca349fb084aaa0d1e608c14ae3af0e6d815aad83	R19HTlVDX0JFR0lOX0lHTk9SRV9ERVBSRUNBVElPTlMKSk5JRVhQT1JUIHZvaWQgSk5JQ0FMTCBHVEszX05BVElWRShndGtfMXN0YXR1c18xaWNvbl8xc2V0XzF0b29sdGlwXzF0ZXh0KQoJKEpOSUVudiAqZW52LCBqY2xhc3MgdGhhdCwgamxvbmcgYXJnMCwgamJ5dGVBcnJheSBhcmcxKQp7
1333	STATEMENT	58379	58400	1	ecbc1c66598161b54ed7d4df47ce4c17c895a8aaf496cadd930f0e7e6c9b06d3	CglqYnl0ZSAqbHBhcmcxPU5VTEw7
1334	STATEMENT	58400	58475	1	c55c97a4fd4094bc36ca61df812fbeef672cf03d2c10b1de280226ec67892ebb	CglHVEszX05BVElWRV9FTlRFUihlbnYsIHRoYXQsIGd0a18xc3RhdHVzXzFpY29uXzFzZXRfMXRvb2x0aXBfMXRleHRfRlVOQyk7
1335	STATEMENT	58475	58567	1	9e0f7faa1c09a55eb10394bedcb268962dfc3d57ab587fe9530c7324cc7b0ca1	CglpZiAoYXJnMSkgaWYgKChscGFyZzEgPSAoKmVudiktPkdldEJ5dGVBcnJheUVsZW1lbnRzKGVudiwgYXJnMSwgTlVMTCkpID09IE5VTEwpIGdvdG8gZmFpbDs=
1336	STATEMENT	58567	58648	1	e50308f7942d90c2f9ece606cc11172a28691de7df431349469055c4fc46ba1f	CglndGtfc3RhdHVzX2ljb25fc2V0X3Rvb2x0aXBfdGV4dCgoR3RrU3RhdHVzSWNvbiAqKWFyZzAsIChjb25zdCBnY2hhciAqKWxwYXJnMSk7
1337	STATEMENT	58648	58731	1	78812943a01430fa07d31629617d2c1617a8077555058eb3c69830ff8aafbb1d	CmZhaWw6CglpZiAoYXJnMSAmJiBscGFyZzEpICgqZW52KS0+UmVsZWFzZUJ5dGVBcnJheUVsZW1lbnRzKGVudiwgYXJnMSwgbHBhcmcxLCAwKTs=
1338	STATEMENT	58731	58805	1	33da958f1f7a32e2db4c9edb2cddf27bff1f5fef79518369877d8c91d0519641	CglHVEszX05BVElWRV9FWElUKGVudiwgdGhhdCwgZ3RrXzFzdGF0dXNfMWljb25fMXNldF8xdG9vbHRpcF8xdGV4dF9GVU5DKTs=
1339	FRAGMENT	58805	58806	1	01ba4719c80b6fe911b091a7c05124b64eeece964e09c058ef8f9805daca546b	Cg==
1340	BLOCK_CLOSE	58806	58807	0	d10b36aa74a59bcf4a88185837f658afaf3646eff2bb16c3928d0e9335e945d2	fQ==
1341	PREPROCESSOR	58807	58846	0	9ed1daae63e6075b33dfc403acf6c6030324fb6d62b8910eaca7edfc62576b30	CkdfR05VQ19FTkRfSUdOT1JFX0RFUFJFQ0FUSU9OUwojZW5kaWYK
1342	PREPROCESSOR	58846	58890	0	9c8cb6820afcdcf35c98a976637ffecc2d5c219294a25ed86fa7f45178ddcdd5	CiNpZm5kZWYgTk9fZ3RrXzFzdGF0dXNfMWljb25fMXNldF8xdmlzaWJsZQo=
1343	FUNCTION_OPEN	58890	59047	0	ca70f3e52b0cf7c054214aed50bdb43ae14676840eeb561a795b28c739e9c4d8	R19HTlVDX0JFR0lOX0lHTk9SRV9ERVBSRUNBVElPTlMKSk5JRVhQT1JUIHZvaWQgSk5JQ0FMTCBHVEszX05BVElWRShndGtfMXN0YXR1c18xaWNvbl8xc2V0XzF2aXNpYmxlKQoJKEpOSUVudiAqZW52LCBqY2xhc3MgdGhhdCwgamxvbmcgYXJnMCwgamJvb2xlYW4gYXJnMSkKew==
1344	STATEMENT	59047	59116	1	ff33bb8e4a77f215e20b5c1ac5ad574f23cba97440023197668893ebd23c3f1d	CglHVEszX05BVElWRV9FTlRFUihlbnYsIHRoYXQsIGd0a18xc3RhdHVzXzFpY29uXzFzZXRfMXZpc2libGVfRlVOQyk7
1345	STATEMENT	59116	59184	1	66f72e55c2d725e0db6ad558ef573654064b6af093c12b5c6b012ffc61eca7b4	CglndGtfc3RhdHVzX2ljb25fc2V0X3Zpc2libGUoKEd0a1N0YXR1c0ljb24qKWFyZzAsIChnYm9vbGVhbilhcmcxKTs=
1346	STATEMENT	59184	59252	1	eae52072e32c510d9d2925c824a88741ffb5c162130a2a8410ed0f29f0887d5b	CglHVEszX05BVElWRV9FWElUKGVudiwgdGhhdCwgZ3RrXzFzdGF0dXNfMWljb25fMXNldF8xdmlzaWJsZV9GVU5DKTs=
1347	FRAGMENT	59252	59253	1	01ba4719c80b6fe911b091a7c05124b64eeece964e09c058ef8f9805daca546b	Cg==
1348	BLOCK_CLOSE	59253	59254	0	d10b36aa74a59bcf4a88185837f658afaf3646eff2bb16c3928d0e9335e945d2	fQ==
1349	PREPROCESSOR	59254	59293	0	9ed1daae63e6075b33dfc403acf6c6030324fb6d62b8910eaca7edfc62576b30	CkdfR05VQ19FTkRfSUdOT1JFX0RFUFJFQ0FUSU9OUwojZW5kaWYK
1350	PREPROCESSOR	59293	59353	0	b45304ac52924a28a03e60d0c23eccbc9ce4054bc56ca818ee38c97fc2b346fa	CiNpZm5kZWYgTk9fZ3RrXzFzdHlsZV8xY29udGV4dF8xYWRkXzFwcm92aWRlcl8xZm9yXzFzY3JlZW4K
1351	FUNCTION_OPEN	59353	59501	0	40e55e4065d114bb6f5d62f656e09ac0c8d071947060c188ca789bcfd25e6042	Sk5JRVhQT1JUIHZvaWQgSk5JQ0FMTCBHVEszX05BVElWRShndGtfMXN0eWxlXzFjb250ZXh0XzFhZGRfMXByb3ZpZGVyXzFmb3JfMXNjcmVlbikKCShKTklFbnYgKmVudiwgamNsYXNzIHRoYXQsIGpsb25nIGFyZzAsIGpsb25nIGFyZzEsIGppbnQgYXJnMikKew==
1352	STATEMENT	59501	59586	1	1142929e8636a0c091e92e8b9427986a3cf1d78099dc1d54428d49a9f9cdab10	CglHVEszX05BVElWRV9FTlRFUihlbnYsIHRoYXQsIGd0a18xc3R5bGVfMWNvbnRleHRfMWFkZF8xcHJvdmlkZXJfMWZvcl8xc2NyZWVuX0ZVTkMpOw==
1353	STATEMENT	59586	59688	1	9aa0046695f3d0f2e7b78ec6e72bae2b81d3b9d6343b897b9f32368da9616ac7	CglndGtfc3R5bGVfY29udGV4dF9hZGRfcHJvdmlkZXJfZm9yX3NjcmVlbigoR2RrU2NyZWVuICopYXJnMCwgKEd0a1N0eWxlUHJvdmlkZXIgKilhcmcxLCAoZ3VpbnQpYXJnMik7
1354	STATEMENT	59688	59772	1	f13f60460fff04b7dc24c1b911da65adcbc16231700201ab9921e9feed08ab16	CglHVEszX05BVElWRV9FWElUKGVudiwgdGhhdCwgZ3RrXzFzdHlsZV8xY29udGV4dF8xYWRkXzFwcm92aWRlcl8xZm9yXzFzY3JlZW5fRlVOQyk7
1355	FRAGMENT	59772	59773	1	01ba4719c80b6fe911b091a7c05124b64eeece964e09c058ef8f9805daca546b	Cg==
1356	BLOCK_CLOSE	59773	59774	0	d10b36aa74a59bcf4a88185837f658afaf3646eff2bb16c3928d0e9335e945d2	fQ==
1357	PREPROCESSOR	59774	59782	0	626de321eb397f6600939892a0009f31bc378f7e886f9acc5ec0af18db6a99a7	CiNlbmRpZgo=
1358	PREPROCESSOR	59782	59819	0	5079555411fcea3e60f558cc4743ec3f6769b11676acf34c07106f33020de23c	CiNpZm5kZWYgTk9fZ3RrXzFzdHlsZV8xY29udGV4dF8xZ2V0Cg==
1359	FUNCTION_OPEN	59819	59978	0	a73575d2cfbf694098cae1ba7daf329c9e832040dc8eccb72556fd0e4d2e4393	Sk5JRVhQT1JUIHZvaWQgSk5JQ0FMTCBHVEszX05BVElWRShndGtfMXN0eWxlXzFjb250ZXh0XzFnZXQpCgkoSk5JRW52ICplbnYsIGpjbGFzcyB0aGF0LCBqbG9uZyBhcmcwLCBqaW50IGFyZzEsIGpieXRlQXJyYXkgYXJnMiwgamxvbmdBcnJheSBhcmczLCBqbG9uZyBhcmc0KQp7
1360	STATEMENT	59978	59999	1	c4828fa6cc27909f0862fd4638054111e688f4f7a6b21d3b45548da55b7a9cc2	CglqYnl0ZSAqbHBhcmcyPU5VTEw7
1361	STATEMENT	59999	60020	1	8ee0624ff69df7caa4a6f36603c3326c6c26e821a3f31345176b5e3e05ab3464	CglqbG9uZyAqbHBhcmczPU5VTEw7
1362	STATEMENT	60020	60082	1	3114e16eb6d99ad64fb7c5d15207805f8d57ee4629464b8cf6a559591e1c6d74	CglHVEszX05BVElWRV9FTlRFUihlbnYsIHRoYXQsIGd0a18xc3R5bGVfMWNvbnRleHRfMWdldF9GVU5DKTs=
1363	STATEMENT	60082	60174	1	e44b4df2fae89ab204250d796e42e0c1bf615821911bf97fefa1b57d53761104	CglpZiAoYXJnMikgaWYgKChscGFyZzIgPSAoKmVudiktPkdldEJ5dGVBcnJheUVsZW1lbnRzKGVudiwgYXJnMiwgTlVMTCkpID09IE5VTEwpIGdvdG8gZmFpbDs=
1364	STATEMENT	60174	60266	1	198070916f65a7a336d1d5c94f3a7481dc996ecc48f71f8ce36e2770b764de4c	CglpZiAoYXJnMykgaWYgKChscGFyZzMgPSAoKmVudiktPkdldExvbmdBcnJheUVsZW1lbnRzKGVudiwgYXJnMywgTlVMTCkpID09IE5VTEwpIGdvdG8gZmFpbDs=
1365	STATEMENT	60266	60388	1	4a22e1bd40ac69642b8b7be0bdd941eaa0f0d1dcaa6d64e0504b2c02ed1f8d62	CglndGtfc3R5bGVfY29udGV4dF9nZXQoKEd0a1N0eWxlQ29udGV4dCAqKWFyZzAsIChHdGtTdGF0ZUZsYWdzKWFyZzEsIChjb25zdCBnY2hhciAqKWxwYXJnMiwgbHBhcmczLCAoY29uc3QgZ2NoYXIgKilOVUxMKTs=
1366	STATEMENT	60388	60471	1	7bef3c7fed260585b1618d0789dbd54f93bee93ea39f6164094bf40d6ec979d9	CmZhaWw6CglpZiAoYXJnMyAmJiBscGFyZzMpICgqZW52KS0+UmVsZWFzZUxvbmdBcnJheUVsZW1lbnRzKGVudiwgYXJnMywgbHBhcmczLCAwKTs=
1367	STATEMENT	60471	60556	1	c6d6f4cc2e81b7880e1cf376f06155412cc7e8af7e63febad6c410a9930d7f7d	CglpZiAoYXJnMiAmJiBscGFyZzIpICgqZW52KS0+UmVsZWFzZUJ5dGVBcnJheUVsZW1lbnRzKGVudiwgYXJnMiwgbHBhcmcyLCBKTklfQUJPUlQpOw==
1368	STATEMENT	60556	60617	1	aece84b3f18cdf701b4596887f71fcf337bad4dfcd73ed40dd7fde60be1ad163	CglHVEszX05BVElWRV9FWElUKGVudiwgdGhhdCwgZ3RrXzFzdHlsZV8xY29udGV4dF8xZ2V0X0ZVTkMpOw==
1369	FRAGMENT	60617	60618	1	01ba4719c80b6fe911b091a7c05124b64eeece964e09c058ef8f9805daca546b	Cg==
1370	BLOCK_CLOSE	60618	60619	0	d10b36aa74a59bcf4a88185837f658afaf3646eff2bb16c3928d0e9335e945d2	fQ==
1371	PREPROCESSOR	60619	60627	0	626de321eb397f6600939892a0009f31bc378f7e886f9acc5ec0af18db6a99a7	CiNlbmRpZgo=
1372	PREPROCESSOR	60627	60672	0	0ddf22f59702be492ada1bc3d70204bb5c68311a33bc04f86fa730d4b41e76f3	CiNpZm5kZWYgTk9fZ3RrXzFzdHlsZV8xY29udGV4dF8xZ2V0XzFib3JkZXIK
1373	FUNCTION_OPEN	60672	60807	0	045b33e9c759561861102e09e85c4aea85a7c0055ccab165254ea22cd9322325	Sk5JRVhQT1JUIHZvaWQgSk5JQ0FMTCBHVEszX05BVElWRShndGtfMXN0eWxlXzFjb250ZXh0XzFnZXRfMWJvcmRlcikKCShKTklFbnYgKmVudiwgamNsYXNzIHRoYXQsIGpsb25nIGFyZzAsIGppbnQgYXJnMSwgam9iamVjdCBhcmcyKQp7
1374	STATEMENT	60807	60839	1	1d30db578a9cc7c042458840b7649c7a62746290983abb2978cb4041bb1fd820	CglHdGtCb3JkZXIgX2FyZzIsICpscGFyZzI9TlVMTDs=
1375	STATEMENT	60839	60909	1	a904e39a1d26e65423621c7313864df2e35fdc402dc9b743f65c92291fb1aae2	CglHVEszX05BVElWRV9FTlRFUihlbnYsIHRoYXQsIGd0a18xc3R5bGVfMWNvbnRleHRfMWdldF8xYm9yZGVyX0ZVTkMpOw==
1376	STATEMENT	60909	60962	1	0b0f9df0ac78c9e81cadb1382628391beaf9f16cfcfa858d516bc3785878c630	CglpZiAoYXJnMikgaWYgKChscGFyZzIgPSAmX2FyZzIpID09IE5VTEwpIGdvdG8gZmFpbDs=
1377	STATEMENT	60962	61060	1	1ed88c892486423e2e29dd10555f5e872a5c14b7ab89fff7ebb9da2d447d8050	CglndGtfc3R5bGVfY29udGV4dF9nZXRfYm9yZGVyKChHdGtTdHlsZUNvbnRleHQgKilhcmcwLCAoR3RrU3RhdGVGbGFncylhcmcxLCAoR3RrQm9yZGVyICopbHBhcmcyKTs=
1378	STATEMENT	61060	61126	1	2f705b633a39ffd8560c3e25831cbbfbb6749145c2ad7a5644b8fc4e6c23faa2	CmZhaWw6CglpZiAoYXJnMiAmJiBscGFyZzIpIHNldEd0a0JvcmRlckZpZWxkcyhlbnYsIGFyZzIsIGxwYXJnMik7
1379	STATEMENT	61126	61195	1	3f686cfe7dfd0c3d2740dbcde30ccdf95560d5b699b5cc44366cdf239170ca2e	CglHVEszX05BVElWRV9FWElUKGVudiwgdGhhdCwgZ3RrXzFzdHlsZV8xY29udGV4dF8xZ2V0XzFib3JkZXJfRlVOQyk7
1380	FRAGMENT	61195	61196	1	01ba4719c80b6fe911b091a7c05124b64eeece964e09c058ef8f9805daca546b	Cg==
1381	BLOCK_CLOSE	61196	61197	0	d10b36aa74a59bcf4a88185837f658afaf3646eff2bb16c3928d0e9335e945d2	fQ==
1382	PREPROCESSOR	61197	61205	0	626de321eb397f6600939892a0009f31bc378f7e886f9acc5ec0af18db6a99a7	CiNlbmRpZgo=
1383	PREPROCESSOR	61205	61249	0	159ae671ccd80891fab8d49c68fa46d24a22d4133576511951f2ef4f68da4043	CiNpZm5kZWYgTk9fZ3RrXzFzdHlsZV8xY29udGV4dF8xZ2V0XzFjb2xvcgo=
1384	FUNCTION_OPEN	61249	61383	0	c04213bd09e66dd1f43e89749190e653222197f1468fb4a600326a35a1626fd8	Sk5JRVhQT1JUIHZvaWQgSk5JQ0FMTCBHVEszX05BVElWRShndGtfMXN0eWxlXzFjb250ZXh0XzFnZXRfMWNvbG9yKQoJKEpOSUVudiAqZW52LCBqY2xhc3MgdGhhdCwgamxvbmcgYXJnMCwgamludCBhcmcxLCBqb2JqZWN0IGFyZzIpCns=
1385	STATEMENT	61383	61413	1	2c6b577e7d33cca7ee741d3052490664512528f1e684581d6a838a42b8ded03b	CglHZGtSR0JBIF9hcmcyLCAqbHBhcmcyPU5VTEw7
1386	STATEMENT	61413	61482	1	ac60ba9ed3ff3664db0db28e5babd07d7572c9812bc2fc9f921e933bb34c2358	CglHVEszX05BVElWRV9FTlRFUihlbnYsIHRoYXQsIGd0a18xc3R5bGVfMWNvbnRleHRfMWdldF8xY29sb3JfRlVOQyk7
1387	STATEMENT	61482	61564	1	65376228263c2e57542861f904ba87364b7840ee937381404e057e40141582dc	CglpZiAoYXJnMikgaWYgKChscGFyZzIgPSBnZXRHZGtSR0JBRmllbGRzKGVudiwgYXJnMiwgJl9hcmcyKSkgPT0gTlVMTCkgZ290byBmYWlsOw==
1388	STATEMENT	61564	61659	1	00445235de68d4f414db988b821deb2c3dda883666db05f2e0901d5b6b45332a	CglndGtfc3R5bGVfY29udGV4dF9nZXRfY29sb3IoKEd0a1N0eWxlQ29udGV4dCAqKWFyZzAsIChHdGtTdGF0ZUZsYWdzKWFyZzEsIChHZGtSR0JBICopbHBhcmcyKTs=
1389	STATEMENT	61659	61723	1	eb0d5e7776a9323289083e7bb7b4f7b035486376d6866b835a61cb82d76e2011	CmZhaWw6CglpZiAoYXJnMiAmJiBscGFyZzIpIHNldEdka1JHQkFGaWVsZHMoZW52LCBhcmcyLCBscGFyZzIpOw==
1390	STATEMENT	61723	61791	1	6698d19d0235a0999081970c957b05446bbe49b4259a1263dc11050564ee3cd8	CglHVEszX05BVElWRV9FWElUKGVudiwgdGhhdCwgZ3RrXzFzdHlsZV8xY29udGV4dF8xZ2V0XzFjb2xvcl9GVU5DKTs=
1391	FRAGMENT	61791	61792	1	01ba4719c80b6fe911b091a7c05124b64eeece964e09c058ef8f9805daca546b	Cg==
1392	BLOCK_CLOSE	61792	61793	0	d10b36aa74a59bcf4a88185837f658afaf3646eff2bb16c3928d0e9335e945d2	fQ==
1393	PREPROCESSOR	61793	61801	0	626de321eb397f6600939892a0009f31bc378f7e886f9acc5ec0af18db6a99a7	CiNlbmRpZgo=
1394	PREPROCESSOR	61801	61844	0	b912f05aa140078da8e0023508da75c1131f88a90ca3449ffff460b44600c958	CiNpZm5kZWYgTk9fZ3RrXzFzdHlsZV8xY29udGV4dF8xZ2V0XzFmb250Cg==
1395	FUNCTION_OPEN	61844	61997	0	eb5abde7de569e26e51c26d6bc3dd2e044ccaebf993654c40053fc41be47b40e	R19HTlVDX0JFR0lOX0lHTk9SRV9ERVBSRUNBVElPTlMKSk5JRVhQT1JUIGpsb25nIEpOSUNBTEwgR1RLM19OQVRJVkUoZ3RrXzFzdHlsZV8xY29udGV4dF8xZ2V0XzFmb250KQoJKEpOSUVudiAqZW52LCBqY2xhc3MgdGhhdCwgamxvbmcgYXJnMCwgamludCBhcmcxKQp7
1396	STATEMENT	61997	62012	1	3411ceb5951bc52321d8d6cf00df310a159211846b0264e08db2a18b94173633	CglqbG9uZyByYyA9IDA7
1397	STATEMENT	62012	62080	1	a393a017823a88e2b551543864863219a882024af05f2be4862c9ee55ac93c07	CglHVEszX05BVElWRV9FTlRFUihlbnYsIHRoYXQsIGd0a18xc3R5bGVfMWNvbnRleHRfMWdldF8xZm9udF9GVU5DKTs=
1398	STATEMENT	62080	62167	1	201166185ff8cdd6dae002d56caeaa39016d6062abffb8a469e13566f44b1953	CglyYyA9IChqbG9uZylndGtfc3R5bGVfY29udGV4dF9nZXRfZm9udCgoR3RrU3R5bGVDb250ZXh0ICopYXJnMCwgKEd0a1N0YXRlRmxhZ3MpYXJnMSk7
1399	STATEMENT	62167	62234	1	8d931b55e8ce10ab420c3fd325d4ab088480f30ec4df2d7b56d7a960e6d37442	CglHVEszX05BVElWRV9FWElUKGVudiwgdGhhdCwgZ3RrXzFzdHlsZV8xY29udGV4dF8xZ2V0XzFmb250X0ZVTkMpOw==
1400	STATEMENT	62234	62246	1	a028c9c9501df4846ec72c7b4432d4a3cb499b36b781bb1c38853498151d0ba7	CglyZXR1cm4gcmM7
1401	FRAGMENT	62246	62247	1	01ba4719c80b6fe911b091a7c05124b64eeece964e09c058ef8f9805daca546b	Cg==
1402	BLOCK_CLOSE	62247	62248	0	d10b36aa74a59bcf4a88185837f658afaf3646eff2bb16c3928d0e9335e945d2	fQ==
1403	PREPROCESSOR	62248	62287	0	9ed1daae63e6075b33dfc403acf6c6030324fb6d62b8910eaca7edfc62576b30	CkdfR05VQ19FTkRfSUdOT1JFX0RFUFJFQ0FUSU9OUwojZW5kaWYK
1404	PREPROCESSOR	62287	62333	0	f7852a542e38c8d3a4381bde11665b15b85485b2d9e2fc8b63ce1433029fd6e2	CiNpZm5kZWYgTk9fZ3RrXzFzdHlsZV8xY29udGV4dF8xZ2V0XzFwYWRkaW5nCg==
1405	FUNCTION_OPEN	62333	62469	0	eec197267d0ca292570ab47e8e055c2fbce09ea95dd6b4fe084f4b85a32c3ef6	Sk5JRVhQT1JUIHZvaWQgSk5JQ0FMTCBHVEszX05BVElWRShndGtfMXN0eWxlXzFjb250ZXh0XzFnZXRfMXBhZGRpbmcpCgkoSk5JRW52ICplbnYsIGpjbGFzcyB0aGF0LCBqbG9uZyBhcmcwLCBqaW50IGFyZzEsIGpvYmplY3QgYXJnMikKew==
1406	STATEMENT	62469	62501	1	1d30db578a9cc7c042458840b7649c7a62746290983abb2978cb4041bb1fd820	CglHdGtCb3JkZXIgX2FyZzIsICpscGFyZzI9TlVMTDs=
1407	STATEMENT	62501	62572	1	d88bde4a2b51fbe46907b8db4f35b844d6870e6eaf5f731b78422964d05a0fa8	CglHVEszX05BVElWRV9FTlRFUihlbnYsIHRoYXQsIGd0a18xc3R5bGVfMWNvbnRleHRfMWdldF8xcGFkZGluZ19GVU5DKTs=
1408	STATEMENT	62572	62625	1	0b0f9df0ac78c9e81cadb1382628391beaf9f16cfcfa858d516bc3785878c630	CglpZiAoYXJnMikgaWYgKChscGFyZzIgPSAmX2FyZzIpID09IE5VTEwpIGdvdG8gZmFpbDs=
1409	STATEMENT	62625	62724	1	12f6d5b9a836d66ca78468f0b8e61847a3c96b6c50e72f4bb1afd178d4612035	CglndGtfc3R5bGVfY29udGV4dF9nZXRfcGFkZGluZygoR3RrU3R5bGVDb250ZXh0ICopYXJnMCwgKEd0a1N0YXRlRmxhZ3MpYXJnMSwgKEd0a0JvcmRlciAqKWxwYXJnMik7
1410	STATEMENT	62724	62790	1	2f705b633a39ffd8560c3e25831cbbfbb6749145c2ad7a5644b8fc4e6c23faa2	CmZhaWw6CglpZiAoYXJnMiAmJiBscGFyZzIpIHNldEd0a0JvcmRlckZpZWxkcyhlbnYsIGFyZzIsIGxwYXJnMik7
1411	STATEMENT	62790	62860	1	9b30a88120ced2d34b1685f957ee47d12b9dfdea514e857acf6ce82b2ad4093b	CglHVEszX05BVElWRV9FWElUKGVudiwgdGhhdCwgZ3RrXzFzdHlsZV8xY29udGV4dF8xZ2V0XzFwYWRkaW5nX0ZVTkMpOw==
1412	FRAGMENT	62860	62861	1	01ba4719c80b6fe911b091a7c05124b64eeece964e09c058ef8f9805daca546b	Cg==
1413	BLOCK_CLOSE	62861	62862	0	d10b36aa74a59bcf4a88185837f658afaf3646eff2bb16c3928d0e9335e945d2	fQ==
1414	PREPROCESSOR	62862	62870	0	626de321eb397f6600939892a0009f31bc378f7e886f9acc5ec0af18db6a99a7	CiNlbmRpZgo=
1415	PREPROCESSOR	62870	62915	0	eeea7733899655657e16b99407037e33bf942af5d0a72dd5a257630b594ad64d	CiNpZm5kZWYgTk9fZ3RrXzFzdHlsZV8xY29udGV4dF8xZ2V0XzFwYXJlbnQK
1416	FUNCTION_OPEN	62915	63026	0	383d10cba8e2731b5c1c1ff26a01b2cb0630206f10508adad4e0abed42f44f30	Sk5JRVhQT1JUIGpsb25nIEpOSUNBTEwgR1RLM19OQVRJVkUoZ3RrXzFzdHlsZV8xY29udGV4dF8xZ2V0XzFwYXJlbnQpCgkoSk5JRW52ICplbnYsIGpjbGFzcyB0aGF0LCBqbG9uZyBhcmcwKQp7
1417	STATEMENT	63026	63041	1	3411ceb5951bc52321d8d6cf00df310a159211846b0264e08db2a18b94173633	CglqbG9uZyByYyA9IDA7
1418	STATEMENT	63041	63111	1	6015001db8384c5db8822d12fa6f7b5e97397e4ab9c1938ce7476755b356c8f2	CglHVEszX05BVElWRV9FTlRFUihlbnYsIHRoYXQsIGd0a18xc3R5bGVfMWNvbnRleHRfMWdldF8xcGFyZW50X0ZVTkMpOw==
1419	STATEMENT	63111	63179	1	1be6dfe1443a83b31bf2d0e0e46ba08be6958b36461e596e56a0b8fa49a28613	CglyYyA9IChqbG9uZylndGtfc3R5bGVfY29udGV4dF9nZXRfcGFyZW50KChHdGtTdHlsZUNvbnRleHQgKilhcmcwKTs=
1420	STATEMENT	63179	63248	1	3cc2cc5e891a133479dd1cfe254f02ceb3c7de7704f9baf12b0624492706f119	CglHVEszX05BVElWRV9FWElUKGVudiwgdGhhdCwgZ3RrXzFzdHlsZV8xY29udGV4dF8xZ2V0XzFwYXJlbnRfRlVOQyk7
1421	STATEMENT	63248	63260	1	a028c9c9501df4846ec72c7b4432d4a3cb499b36b781bb1c38853498151d0ba7	CglyZXR1cm4gcmM7
1422	FRAGMENT	63260	63261	1	01ba4719c80b6fe911b091a7c05124b64eeece964e09c058ef8f9805daca546b	Cg==
1423	BLOCK_CLOSE	63261	63262	0	d10b36aa74a59bcf4a88185837f658afaf3646eff2bb16c3928d0e9335e945d2	fQ==
1424	PREPROCESSOR	63262	63270	0	626de321eb397f6600939892a0009f31bc378f7e886f9acc5ec0af18db6a99a7	CiNlbmRpZgo=
1425	PREPROCESSOR	63270	63305	0	b60de796e50984fb174ec32507dfd8966314a100d5d2e816e591e65ebea79e5e	CiNpZm5kZWYgTk9fZ3RrXzF0YXJnZXRfMWxpc3RfMW5ldwo=
1426	FUNCTION_OPEN	63305	63417	0	316d86cb963b64a3fbd33949f0aa65d1f3590f2163bd0f11c86830cca12aa2ee	Sk5JRVhQT1JUIGpsb25nIEpOSUNBTEwgR1RLM19OQVRJVkUoZ3RrXzF0YXJnZXRfMWxpc3RfMW5ldykKCShKTklFbnYgKmVudiwgamNsYXNzIHRoYXQsIGpsb25nIGFyZzAsIGppbnQgYXJnMSkKew==
1427	STATEMENT	63417	63432	1	3411ceb5951bc52321d8d6cf00df310a159211846b0264e08db2a18b94173633	CglqbG9uZyByYyA9IDA7
1428	STATEMENT	63432	63492	1	1057bc4c106dcb8e76ab7aa055e70c2cd4448686b1da0c618e114fbb45227092	CglHVEszX05BVElWRV9FTlRFUihlbnYsIHRoYXQsIGd0a18xdGFyZ2V0XzFsaXN0XzFuZXdfRlVOQyk7
1429	STATEMENT	63492	63569	1	0336c5f306334d60d96b428354b8179448907e61dea81d9f8cafe0694b3375a0	CglyYyA9IChqbG9uZylndGtfdGFyZ2V0X2xpc3RfbmV3KChjb25zdCBHdGtUYXJnZXRFbnRyeSAqKWFyZzAsIChndWludClhcmcxKTs=
1430	STATEMENT	63569	63628	1	635fb2497b0dd869e8d6919c0471f0158c264e6c80817b78ae7b8715f4a46fe8	CglHVEszX05BVElWRV9FWElUKGVudiwgdGhhdCwgZ3RrXzF0YXJnZXRfMWxpc3RfMW5ld19GVU5DKTs=
1431	STATEMENT	63628	63640	1	a028c9c9501df4846ec72c7b4432d4a3cb499b36b781bb1c38853498151d0ba7	CglyZXR1cm4gcmM7
1432	FRAGMENT	63640	63641	1	01ba4719c80b6fe911b091a7c05124b64eeece964e09c058ef8f9805daca546b	Cg==
1433	BLOCK_CLOSE	63641	63642	0	d10b36aa74a59bcf4a88185837f658afaf3646eff2bb16c3928d0e9335e945d2	fQ==
1434	PREPROCESSOR	63642	63650	0	626de321eb397f6600939892a0009f31bc378f7e886f9acc5ec0af18db6a99a7	CiNlbmRpZgo=
1435	PREPROCESSOR	63650	63687	0	f4a14a9a0b73fe4f7632bee9f18af07c2550d3ac1ab5b72cec69b633e99bb22b	CiNpZm5kZWYgTk9fZ3RrXzF0YXJnZXRfMWxpc3RfMXVucmVmCg==
1436	FUNCTION_OPEN	63687	63789	0	698e0dcac9451928d8ceb6e65c6adb949fb8a5c167b3bc5339dc31ff33b9d7f1	Sk5JRVhQT1JUIHZvaWQgSk5JQ0FMTCBHVEszX05BVElWRShndGtfMXRhcmdldF8xbGlzdF8xdW5yZWYpCgkoSk5JRW52ICplbnYsIGpjbGFzcyB0aGF0LCBqbG9uZyBhcmcwKQp7
1437	STATEMENT	63789	63851	1	8d5b029174e6af30984f566a5c4caa8c96b72eaf724b28b8cae98bb7d70aaddf	CglHVEszX05BVElWRV9FTlRFUihlbnYsIHRoYXQsIGd0a18xdGFyZ2V0XzFsaXN0XzF1bnJlZl9GVU5DKTs=
1438	STATEMENT	63851	63898	1	53aa2da90e1556fdb8a6fb871147a0c6096a023892c70665e201187238ce342f	CglndGtfdGFyZ2V0X2xpc3RfdW5yZWYoKEd0a1RhcmdldExpc3QgKilhcmcwKTs=
1439	STATEMENT	63898	63959	1	a3584771881e1180ad07b091729289d305c5998f2b98086a1791d070d2f18a2e	CglHVEszX05BVElWRV9FWElUKGVudiwgdGhhdCwgZ3RrXzF0YXJnZXRfMWxpc3RfMXVucmVmX0ZVTkMpOw==
1440	FRAGMENT	63959	63960	1	01ba4719c80b6fe911b091a7c05124b64eeece964e09c058ef8f9805daca546b	Cg==
1441	BLOCK_CLOSE	63960	63961	0	d10b36aa74a59bcf4a88185837f658afaf3646eff2bb16c3928d0e9335e945d2	fQ==
1442	PREPROCESSOR	63961	63969	0	626de321eb397f6600939892a0009f31bc378f7e886f9acc5ec0af18db6a99a7	CiNlbmRpZgo=
1443	PREPROCESSOR	63969	64010	0	3d1a2a35d49c42aa41aa132abb7162b6d344c234dde5e36d820a15b25aa73b3a	CiNpZm5kZWYgTk9fZ3RrXzF0ZXh0XzF2aWV3XzFnZXRfMXdpbmRvdwo=
1444	FUNCTION_OPEN	64010	64128	0	24baa88c5d83cb888072788771738a0a4df0dc611c6b61139a3b5a4c33a7c16f	Sk5JRVhQT1JUIGpsb25nIEpOSUNBTEwgR1RLM19OQVRJVkUoZ3RrXzF0ZXh0XzF2aWV3XzFnZXRfMXdpbmRvdykKCShKTklFbnYgKmVudiwgamNsYXNzIHRoYXQsIGpsb25nIGFyZzAsIGppbnQgYXJnMSkKew==
1445	STATEMENT	64128	64143	1	3411ceb5951bc52321d8d6cf00df310a159211846b0264e08db2a18b94173633	CglqbG9uZyByYyA9IDA7
1446	STATEMENT	64143	64209	1	57f7fa448ab70ed4fb711632788ad60bfbd196998d413cc33556b21c9cd531f1	CglHVEszX05BVElWRV9FTlRFUihlbnYsIHRoYXQsIGd0a18xdGV4dF8xdmlld18xZ2V0XzF3aW5kb3dfRlVOQyk7
1447	STATEMENT	64209	64294	1	f1439d099c155b52b71fdbe902e02b7d916f04f392edffd676d0e1cb8087ddc4	CglyYyA9IChqbG9uZylndGtfdGV4dF92aWV3X2dldF93aW5kb3coKEd0a1RleHRWaWV3ICopYXJnMCwgKEd0a1RleHRXaW5kb3dUeXBlKWFyZzEpOw==
1448	STATEMENT	64294	64359	1	fb70c0f76f9cdf64d1632705a02a4b4684c9de39f2d33574c5eb7cc2584fa47a	CglHVEszX05BVElWRV9FWElUKGVudiwgdGhhdCwgZ3RrXzF0ZXh0XzF2aWV3XzFnZXRfMXdpbmRvd19GVU5DKTs=
1449	STATEMENT	64359	64371	1	a028c9c9501df4846ec72c7b4432d4a3cb499b36b781bb1c38853498151d0ba7	CglyZXR1cm4gcmM7
1450	FRAGMENT	64371	64372	1	01ba4719c80b6fe911b091a7c05124b64eeece964e09c058ef8f9805daca546b	Cg==
1451	BLOCK_CLOSE	64372	64373	0	d10b36aa74a59bcf4a88185837f658afaf3646eff2bb16c3928d0e9335e945d2	fQ==
1452	PREPROCESSOR	64373	64381	0	626de321eb397f6600939892a0009f31bc378f7e886f9acc5ec0af18db6a99a7	CiNlbmRpZgo=
1453	PREPROCESSOR	64381	64432	0	209ae0f9afc6d0d18d3980f00f9ef93fad0b7901d97f9279e8f409e85cb2bf0f	CiNpZm5kZWYgTk9fZ3RrXzF0b2dnbGVfMWJ1dHRvbl8xc2V0XzFpbmNvbnNpc3RlbnQK
1454	FUNCTION_OPEN	64432	64563	0	13a75e70de1148ffc713802e64d215a2564b777f31b24993074d80a9eb81e5b3	Sk5JRVhQT1JUIHZvaWQgSk5JQ0FMTCBHVEszX05BVElWRShndGtfMXRvZ2dsZV8xYnV0dG9uXzFzZXRfMWluY29uc2lzdGVudCkKCShKTklFbnYgKmVudiwgamNsYXNzIHRoYXQsIGpsb25nIGFyZzAsIGpib29sZWFuIGFyZzEpCns=
1455	STATEMENT	64563	64639	1	ec0fde8bc353320f5b1d28b64f95d715effaff1f838da82976d775efaa040b99	CglHVEszX05BVElWRV9FTlRFUihlbnYsIHRoYXQsIGd0a18xdG9nZ2xlXzFidXR0b25fMXNldF8xaW5jb25zaXN0ZW50X0ZVTkMpOw==
1456	STATEMENT	64639	64717	1	db3ab8a97a811a6e3e08c3911cf7a51ed4ae43868f509938bb780b4d38fc80ee	CglndGtfdG9nZ2xlX2J1dHRvbl9zZXRfaW5jb25zaXN0ZW50KChHdGtUb2dnbGVCdXR0b24gKilhcmcwLCAoZ2Jvb2xlYW4pYXJnMSk7
1457	STATEMENT	64717	64792	1	4ff9cf7185fe80bbe09da6799a7924a0db73e159e31c0542d5a6049f7d340aa7	CglHVEszX05BVElWRV9FWElUKGVudiwgdGhhdCwgZ3RrXzF0b2dnbGVfMWJ1dHRvbl8xc2V0XzFpbmNvbnNpc3RlbnRfRlVOQyk7
1458	FRAGMENT	64792	64793	1	01ba4719c80b6fe911b091a7c05124b64eeece964e09c058ef8f9805daca546b	Cg==
1459	BLOCK_CLOSE	64793	64794	0	d10b36aa74a59bcf4a88185837f658afaf3646eff2bb16c3928d0e9335e945d2	fQ==
1460	PREPROCESSOR	64794	64802	0	626de321eb397f6600939892a0009f31bc378f7e886f9acc5ec0af18db6a99a7	CiNlbmRpZgo=
1461	PREPROCESSOR	64802	64853	0	22f8e46fff6ecdb9bb76c69d04000588f4bdb757c044944f447f5f31cdabe669	CiNpZm5kZWYgTk9fZ3RrXzF0b2dnbGVfMXRvb2xfMWJ1dHRvbl8xZ2V0XzFhY3RpdmUK
1462	FUNCTION_OPEN	64853	64973	0	855d45fb3481cd030c5a5b18a7d67774c5c440e390f645aa6aa6d36faea8d5b9	Sk5JRVhQT1JUIGpib29sZWFuIEpOSUNBTEwgR1RLM19OQVRJVkUoZ3RrXzF0b2dnbGVfMXRvb2xfMWJ1dHRvbl8xZ2V0XzFhY3RpdmUpCgkoSk5JRW52ICplbnYsIGpjbGFzcyB0aGF0LCBqbG9uZyBhcmcwKQp7
1463	STATEMENT	64973	64991	1	6e389c725127046540fa228f0aca981232172a088ed5b7d88f2be6db7346caa1	CglqYm9vbGVhbiByYyA9IDA7
1464	STATEMENT	64991	65067	1	a3a6bec1aeeeae6881b8b6a10af28d7be4bf5f6ec932abc11975ce17bb43fe52	CglHVEszX05BVElWRV9FTlRFUihlbnYsIHRoYXQsIGd0a18xdG9nZ2xlXzF0b29sXzFidXR0b25fMWdldF8xYWN0aXZlX0ZVTkMpOw==
1465	STATEMENT	65067	65147	1	8714b0ca5861e75086487518ca4e055dd8f7555643405ab3c83c09494bd2dc1e	CglyYyA9IChqYm9vbGVhbilndGtfdG9nZ2xlX3Rvb2xfYnV0dG9uX2dldF9hY3RpdmUoKEd0a1RvZ2dsZVRvb2xCdXR0b24gKilhcmcwKTs=
1466	STATEMENT	65147	65222	1	225d11751fd3010d20ec8710b55f8e64a0f4b9dd3190bfbb7819f3bcccbb1422	CglHVEszX05BVElWRV9FWElUKGVudiwgdGhhdCwgZ3RrXzF0b2dnbGVfMXRvb2xfMWJ1dHRvbl8xZ2V0XzFhY3RpdmVfRlVOQyk7
1467	STATEMENT	65222	65234	1	a028c9c9501df4846ec72c7b4432d4a3cb499b36b781bb1c38853498151d0ba7	CglyZXR1cm4gcmM7
1468	FRAGMENT	65234	65235	1	01ba4719c80b6fe911b091a7c05124b64eeece964e09c058ef8f9805daca546b	Cg==
1469	BLOCK_CLOSE	65235	65236	0	d10b36aa74a59bcf4a88185837f658afaf3646eff2bb16c3928d0e9335e945d2	fQ==
1470	PREPROCESSOR	65236	65244	0	626de321eb397f6600939892a0009f31bc378f7e886f9acc5ec0af18db6a99a7	CiNlbmRpZgo=
1471	PREPROCESSOR	65244	65287	0	fcd0ed850fb67e7f38655e361cbd1bacfa5a7ff484987a9d7db4b44a8057608c	CiNpZm5kZWYgTk9fZ3RrXzF0b2dnbGVfMXRvb2xfMWJ1dHRvbl8xbmV3Cg==
1472	FUNCTION_OPEN	65287	65384	0	fcb271db6a5ae3566f173cfb3531ecc8c919c4923ab0dc7269a022dd6a5fe5e3	Sk5JRVhQT1JUIGpsb25nIEpOSUNBTEwgR1RLM19OQVRJVkUoZ3RrXzF0b2dnbGVfMXRvb2xfMWJ1dHRvbl8xbmV3KQoJKEpOSUVudiAqZW52LCBqY2xhc3MgdGhhdCkKew==
1473	STATEMENT	65384	65399	1	3411ceb5951bc52321d8d6cf00df310a159211846b0264e08db2a18b94173633	CglqbG9uZyByYyA9IDA7
1474	STATEMENT	65399	65467	1	21e0bf86ca1706bcba83eaac54605ab4c7a28037de30c1dfd560b846fc2c6299	CglHVEszX05BVElWRV9FTlRFUihlbnYsIHRoYXQsIGd0a18xdG9nZ2xlXzF0b29sXzFidXR0b25fMW5ld19GVU5DKTs=
1475	STATEMENT	65467	65510	1	756e77ecc854bf5d101308470cf8e789fbb03db75779857287836b8cc6cbba03	CglyYyA9IChqbG9uZylndGtfdG9nZ2xlX3Rvb2xfYnV0dG9uX25ldygpOw==
1476	STATEMENT	65510	65577	1	5fa7935eb8e2ec572b2756aa6f7e90294721b8be0a4730ca479d0435ee39af09	CglHVEszX05BVElWRV9FWElUKGVudiwgdGhhdCwgZ3RrXzF0b2dnbGVfMXRvb2xfMWJ1dHRvbl8xbmV3X0ZVTkMpOw==
1477	STATEMENT	65577	65589	1	a028c9c9501df4846ec72c7b4432d4a3cb499b36b781bb1c38853498151d0ba7	CglyZXR1cm4gcmM7
1478	FRAGMENT	65589	65590	1	01ba4719c80b6fe911b091a7c05124b64eeece964e09c058ef8f9805daca546b	Cg==
1479	BLOCK_CLOSE	65590	65591	0	d10b36aa74a59bcf4a88185837f658afaf3646eff2bb16c3928d0e9335e945d2	fQ==
1480	PREPROCESSOR	65591	65599	0	626de321eb397f6600939892a0009f31bc378f7e886f9acc5ec0af18db6a99a7	CiNlbmRpZgo=
1481	PREPROCESSOR	65599	65650	0	6a21db6dd887de5cf03de56c92a59056df63f08991b220120fa900655f5c7a6b	CiNpZm5kZWYgTk9fZ3RrXzF0b2dnbGVfMXRvb2xfMWJ1dHRvbl8xc2V0XzFhY3RpdmUK
1482	FUNCTION_OPEN	65650	65781	0	b54ac302c034bc08d7a23fd3f03198d29124b8bbfc1aefe58a3cd818c3c45453	Sk5JRVhQT1JUIHZvaWQgSk5JQ0FMTCBHVEszX05BVElWRShndGtfMXRvZ2dsZV8xdG9vbF8xYnV0dG9uXzFzZXRfMWFjdGl2ZSkKCShKTklFbnYgKmVudiwgamNsYXNzIHRoYXQsIGpsb25nIGFyZzAsIGpib29sZWFuIGFyZzEpCns=
1483	STATEMENT	65781	65857	1	3ca56abfd2d7db284061c4227aaba9fd44e23aad6a3d24702769076612b11e3c	CglHVEszX05BVElWRV9FTlRFUihlbnYsIHRoYXQsIGd0a18xdG9nZ2xlXzF0b29sXzFidXR0b25fMXNldF8xYWN0aXZlX0ZVTkMpOw==
1484	STATEMENT	65857	65938	1	d9aff5a84ab4a1606f54ee8989e95fb0e8dc9b0f880025135e75c37d3b47a1a5	CglndGtfdG9nZ2xlX3Rvb2xfYnV0dG9uX3NldF9hY3RpdmUoKEd0a1RvZ2dsZVRvb2xCdXR0b24gKilhcmcwLCAoZ2Jvb2xlYW4pYXJnMSk7
1485	STATEMENT	65938	66013	1	afbabd2b4f9ea191df4df0dcb3fded74489fe1b438378767e914007ac3db9c7f	CglHVEszX05BVElWRV9FWElUKGVudiwgdGhhdCwgZ3RrXzF0b2dnbGVfMXRvb2xfMWJ1dHRvbl8xc2V0XzFhY3RpdmVfRlVOQyk7
1486	FRAGMENT	66013	66014	1	01ba4719c80b6fe911b091a7c05124b64eeece964e09c058ef8f9805daca546b	Cg==
1487	BLOCK_CLOSE	66014	66015	0	d10b36aa74a59bcf4a88185837f658afaf3646eff2bb16c3928d0e9335e945d2	fQ==
1488	PREPROCESSOR	66015	66023	0	626de321eb397f6600939892a0009f31bc378f7e886f9acc5ec0af18db6a99a7	CiNlbmRpZgo=
1489	PREPROCESSOR	66023	66058	0	d81323a5357f205d0b67c89bc05d1b3061154cc5a739705d5906e012a4653bb4	CiNpZm5kZWYgTk9fZ3RrXzF0b29sXzFidXR0b25fMW5ldwo=
1490	FUNCTION_OPEN	66058	66176	0	36dbfcd33b42751fe47f46c855689c3633abeb71e1ee49055dba8bb36aebd22f	Sk5JRVhQT1JUIGpsb25nIEpOSUNBTEwgR1RLM19OQVRJVkUoZ3RrXzF0b29sXzFidXR0b25fMW5ldykKCShKTklFbnYgKmVudiwgamNsYXNzIHRoYXQsIGpsb25nIGFyZzAsIGpieXRlQXJyYXkgYXJnMSkKew==
1491	STATEMENT	66176	66197	1	ecbc1c66598161b54ed7d4df47ce4c17c895a8aaf496cadd930f0e7e6c9b06d3	CglqYnl0ZSAqbHBhcmcxPU5VTEw7
1492	STATEMENT	66197	66212	1	3411ceb5951bc52321d8d6cf00df310a159211846b0264e08db2a18b94173633	CglqbG9uZyByYyA9IDA7
1493	STATEMENT	66212	66272	1	eafd361a7fcc83dbe7a78fc6e101ca892cbf2c965f512bd89cddbb249d021b63	CglHVEszX05BVElWRV9FTlRFUihlbnYsIHRoYXQsIGd0a18xdG9vbF8xYnV0dG9uXzFuZXdfRlVOQyk7
1494	STATEMENT	66272	66364	1	9e0f7faa1c09a55eb10394bedcb268962dfc3d57ab587fe9530c7324cc7b0ca1	CglpZiAoYXJnMSkgaWYgKChscGFyZzEgPSAoKmVudiktPkdldEJ5dGVBcnJheUVsZW1lbnRzKGVudiwgYXJnMSwgTlVMTCkpID09IE5VTEwpIGdvdG8gZmFpbDs=
1495	STATEMENT	66364	66440	1	df4af8732bf3292f14def9a52b869c28c9643ded58a36b0b359bd3ef600759a8	CglyYyA9IChqbG9uZylndGtfdG9vbF9idXR0b25fbmV3KChHdGtXaWRnZXQgKilhcmcwLCAoY29uc3QgZ2NoYXIgKilscGFyZzEpOw==
1496	STATEMENT	66440	66523	1	78812943a01430fa07d31629617d2c1617a8077555058eb3c69830ff8aafbb1d	CmZhaWw6CglpZiAoYXJnMSAmJiBscGFyZzEpICgqZW52KS0+UmVsZWFzZUJ5dGVBcnJheUVsZW1lbnRzKGVudiwgYXJnMSwgbHBhcmcxLCAwKTs=
1497	STATEMENT	66523	66582	1	d7d9c4f169f89ba7a138a2e2553d99119ab32531502287c23753f9e0f8387827	CglHVEszX05BVElWRV9FWElUKGVudiwgdGhhdCwgZ3RrXzF0b29sXzFidXR0b25fMW5ld19GVU5DKTs=
1498	STATEMENT	66582	66594	1	a028c9c9501df4846ec72c7b4432d4a3cb499b36b781bb1c38853498151d0ba7	CglyZXR1cm4gcmM7
1499	FRAGMENT	66594	66595	1	01ba4719c80b6fe911b091a7c05124b64eeece964e09c058ef8f9805daca546b	Cg==
1500	BLOCK_CLOSE	66595	66596	0	d10b36aa74a59bcf4a88185837f658afaf3646eff2bb16c3928d0e9335e945d2	fQ==
1501	PREPROCESSOR	66596	66604	0	626de321eb397f6600939892a0009f31bc378f7e886f9acc5ec0af18db6a99a7	CiNlbmRpZgo=
1502	PREPROCESSOR	66604	66653	0	d2270fb7cfb0b1a9ac2411d8f2ba360192412d2877c9cef8d4220d0e654fc310	CiNpZm5kZWYgTk9fZ3RrXzF0b29sXzFidXR0b25fMXNldF8xaWNvbl8xd2lkZ2V0Cg==
1503	FUNCTION_OPEN	66653	66779	0	8f397d9915da3092adedfbac2d30e45b0cea61f5aecc4c2bc9cbca72600d0ee3	Sk5JRVhQT1JUIHZvaWQgSk5JQ0FMTCBHVEszX05BVElWRShndGtfMXRvb2xfMWJ1dHRvbl8xc2V0XzFpY29uXzF3aWRnZXQpCgkoSk5JRW52ICplbnYsIGpjbGFzcyB0aGF0LCBqbG9uZyBhcmcwLCBqbG9uZyBhcmcxKQp7
1504	STATEMENT	66779	66853	1	82df0b67ef10eb19957a2bf7adb33a27b6d18b961a5b9e0233097384dbe029a3	CglHVEszX05BVElWRV9FTlRFUihlbnYsIHRoYXQsIGd0a18xdG9vbF8xYnV0dG9uXzFzZXRfMWljb25fMXdpZGdldF9GVU5DKTs=
1505	STATEMENT	66853	66929	1	d1a11398dda57fa831b0c245e8e53221821477707b0decb0a34decbeaf42ad17	CglndGtfdG9vbF9idXR0b25fc2V0X2ljb25fd2lkZ2V0KChHdGtUb29sQnV0dG9uICopYXJnMCwgKEd0a1dpZGdldCAqKWFyZzEpOw==
1506	STATEMENT	66929	67002	1	7b2b0cd141f0b765e222cb86d44cef44b8df9f88ca7f53143299b836f810bd56	CglHVEszX05BVElWRV9FWElUKGVudiwgdGhhdCwgZ3RrXzF0b29sXzFidXR0b25fMXNldF8xaWNvbl8xd2lkZ2V0X0ZVTkMpOw==
1507	FRAGMENT	67002	67003	1	01ba4719c80b6fe911b091a7c05124b64eeece964e09c058ef8f9805daca546b	Cg==
1508	BLOCK_CLOSE	67003	67004	0	d10b36aa74a59bcf4a88185837f658afaf3646eff2bb16c3928d0e9335e945d2	fQ==
1509	PREPROCESSOR	67004	67012	0	626de321eb397f6600939892a0009f31bc378f7e886f9acc5ec0af18db6a99a7	CiNlbmRpZgo=
1510	PREPROCESSOR	67012	67062	0	d41c022104fff7b29fcc5a6c32b5b016e1047c588b1736cfd9427e90b5eca9ef	CiNpZm5kZWYgTk9fZ3RrXzF0b29sXzFidXR0b25fMXNldF8xbGFiZWxfMXdpZGdldAo=
1511	FUNCTION_OPEN	67062	67189	0	604b2556ad0828bbccf9d0b8676958c7f8a464ae606bdf64e263beefba33f5f9	Sk5JRVhQT1JUIHZvaWQgSk5JQ0FMTCBHVEszX05BVElWRShndGtfMXRvb2xfMWJ1dHRvbl8xc2V0XzFsYWJlbF8xd2lkZ2V0KQoJKEpOSUVudiAqZW52LCBqY2xhc3MgdGhhdCwgamxvbmcgYXJnMCwgamxvbmcgYXJnMSkKew==
1512	STATEMENT	67189	67264	1	b35b8f4135870c9478c5126b720cc11682622ddbf8c06d96399bcd523e6d9418	CglHVEszX05BVElWRV9FTlRFUihlbnYsIHRoYXQsIGd0a18xdG9vbF8xYnV0dG9uXzFzZXRfMWxhYmVsXzF3aWRnZXRfRlVOQyk7
1513	STATEMENT	67264	67341	1	faccda7885ef85563ea1a089ddcf33eb5a585d0bb99e1be8114962968782b475	CglndGtfdG9vbF9idXR0b25fc2V0X2xhYmVsX3dpZGdldCgoR3RrVG9vbEJ1dHRvbiAqKWFyZzAsIChHdGtXaWRnZXQgKilhcmcxKTs=
1514	STATEMENT	67341	67415	1	12efdedf23d38f4214c5f49838a96bc6a04114c88c2d6fb0b8b26bb1bafebc8a	CglHVEszX05BVElWRV9FWElUKGVudiwgdGhhdCwgZ3RrXzF0b29sXzFidXR0b25fMXNldF8xbGFiZWxfMXdpZGdldF9GVU5DKTs=
1515	FRAGMENT	67415	67416	1	01ba4719c80b6fe911b091a7c05124b64eeece964e09c058ef8f9805daca546b	Cg==
1516	BLOCK_CLOSE	67416	67417	0	d10b36aa74a59bcf4a88185837f658afaf3646eff2bb16c3928d0e9335e945d2	fQ==
1517	PREPROCESSOR	67417	67425	0	626de321eb397f6600939892a0009f31bc378f7e886f9acc5ec0af18db6a99a7	CiNlbmRpZgo=
1518	PREPROCESSOR	67425	67476	0	3699785d532553f8166c9dc815766b7bac29748ddd1df31ae057aa3141be19cd	CiNpZm5kZWYgTk9fZ3RrXzF0b29sXzFidXR0b25fMXNldF8xdXNlXzF1bmRlcmxpbmUK
1519	FUNCTION_OPEN	67476	67607	0	93c375fd7366200b38634a9ade0ada9d1bebdca18c58163c262e3058cf9b28d1	Sk5JRVhQT1JUIHZvaWQgSk5JQ0FMTCBHVEszX05BVElWRShndGtfMXRvb2xfMWJ1dHRvbl8xc2V0XzF1c2VfMXVuZGVybGluZSkKCShKTklFbnYgKmVudiwgamNsYXNzIHRoYXQsIGpsb25nIGFyZzAsIGpib29sZWFuIGFyZzEpCns=
1520	STATEMENT	67607	67683	1	b0cdbe5e83cea44cd1e5e0291c2231e59e370811d5eed6cc23621f73ef6db0ce	CglHVEszX05BVElWRV9FTlRFUihlbnYsIHRoYXQsIGd0a18xdG9vbF8xYnV0dG9uXzFzZXRfMXVzZV8xdW5kZXJsaW5lX0ZVTkMpOw==
1521	STATEMENT	67683	67758	1	0676e7c0555f4f5b700cb71835dc102690b27b05f83b45ea93bbe7be15768321	CglndGtfdG9vbF9idXR0b25fc2V0X3VzZV91bmRlcmxpbmUoKEd0a1Rvb2xCdXR0b24gKilhcmcwLCAoZ2Jvb2xlYW4pYXJnMSk7
1522	STATEMENT	67758	67833	1	6b6cef0527f2dcd6e05fc32dc630cacd39327f6b93feec4efafa3f338019c0d7	CglHVEszX05BVElWRV9FWElUKGVudiwgdGhhdCwgZ3RrXzF0b29sXzFidXR0b25fMXNldF8xdXNlXzF1bmRlcmxpbmVfRlVOQyk7
1523	FRAGMENT	67833	67834	1	01ba4719c80b6fe911b091a7c05124b64eeece964e09c058ef8f9805daca546b	Cg==
1524	BLOCK_CLOSE	67834	67835	0	d10b36aa74a59bcf4a88185837f658afaf3646eff2bb16c3928d0e9335e945d2	fQ==
1525	PREPROCESSOR	67835	67843	0	626de321eb397f6600939892a0009f31bc378f7e886f9acc5ec0af18db6a99a7	CiNlbmRpZgo=
1526	PREPROCESSOR	67843	67895	0	7fab98327392b417e79be4937da4ab5632185c7f8310b2e0d03810db754315f1	CiNpZm5kZWYgTk9fZ3RrXzF0b29sXzFpdGVtXzFnZXRfMXByb3h5XzFtZW51XzFpdGVtCg==
1527	FUNCTION_OPEN	67895	68030	0	5ccbd605bff7b122c87919ece44168fa77c3d9f42969b55040142a95a3fe0b89	Sk5JRVhQT1JUIGpsb25nIEpOSUNBTEwgR1RLM19OQVRJVkUoZ3RrXzF0b29sXzFpdGVtXzFnZXRfMXByb3h5XzFtZW51XzFpdGVtKQoJKEpOSUVudiAqZW52LCBqY2xhc3MgdGhhdCwgamxvbmcgYXJnMCwgamJ5dGVBcnJheSBhcmcxKQp7
1528	STATEMENT	68030	68051	1	ecbc1c66598161b54ed7d4df47ce4c17c895a8aaf496cadd930f0e7e6c9b06d3	CglqYnl0ZSAqbHBhcmcxPU5VTEw7
1529	STATEMENT	68051	68066	1	3411ceb5951bc52321d8d6cf00df310a159211846b0264e08db2a18b94173633	CglqbG9uZyByYyA9IDA7
1530	STATEMENT	68066	68143	1	79c07870ac4410c148a6b3039500e2bd3b82adb3270d53df49b88dc732174191	CglHVEszX05BVElWRV9FTlRFUihlbnYsIHRoYXQsIGd0a18xdG9vbF8xaXRlbV8xZ2V0XzFwcm94eV8xbWVudV8xaXRlbV9GVU5DKTs=
1531	STATEMENT	68143	68235	1	9e0f7faa1c09a55eb10394bedcb268962dfc3d57ab587fe9530c7324cc7b0ca1	CglpZiAoYXJnMSkgaWYgKChscGFyZzEgPSAoKmVudiktPkdldEJ5dGVBcnJheUVsZW1lbnRzKGVudiwgYXJnMSwgTlVMTCkpID09IE5VTEwpIGdvdG8gZmFpbDs=
1532	STATEMENT	68235	68327	1	379881bab1658dd2de663f9690e465d06d6e76bf0eca3802f04398e5dac636e8	CglyYyA9IChqbG9uZylndGtfdG9vbF9pdGVtX2dldF9wcm94eV9tZW51X2l0ZW0oKEd0a1Rvb2xJdGVtICopYXJnMCwgKGNvbnN0IGdjaGFyICopbHBhcmcxKTs=
1533	STATEMENT	68327	68410	1	78812943a01430fa07d31629617d2c1617a8077555058eb3c69830ff8aafbb1d	CmZhaWw6CglpZiAoYXJnMSAmJiBscGFyZzEpICgqZW52KS0+UmVsZWFzZUJ5dGVBcnJheUVsZW1lbnRzKGVudiwgYXJnMSwgbHBhcmcxLCAwKTs=
1534	STATEMENT	68410	68486	1	ef2dc116de56981d128f830b74e7800191558490a2bf419f498767fcfd601d94	CglHVEszX05BVElWRV9FWElUKGVudiwgdGhhdCwgZ3RrXzF0b29sXzFpdGVtXzFnZXRfMXByb3h5XzFtZW51XzFpdGVtX0ZVTkMpOw==
1535	STATEMENT	68486	68498	1	a028c9c9501df4846ec72c7b4432d4a3cb499b36b781bb1c38853498151d0ba7	CglyZXR1cm4gcmM7
1536	FRAGMENT	68498	68499	1	01ba4719c80b6fe911b091a7c05124b64eeece964e09c058ef8f9805daca546b	Cg==
1537	BLOCK_CLOSE	68499	68500	0	d10b36aa74a59bcf4a88185837f658afaf3646eff2bb16c3928d0e9335e945d2	fQ==
1538	PREPROCESSOR	68500	68508	0	626de321eb397f6600939892a0009f31bc378f7e886f9acc5ec0af18db6a99a7	CiNlbmRpZgo=
1539	PREPROCESSOR	68508	68565	0	4461b790049346b50654eb199adbb046438ddb9d2ffbb9a9d0d2fb9299047538	CiNpZm5kZWYgTk9fZ3RrXzF0b29sXzFpdGVtXzFyZXRyaWV2ZV8xcHJveHlfMW1lbnVfMWl0ZW0K
1540	FUNCTION_OPEN	68565	68688	0	a4d77dbf42356426743be4fed256df39fcdb99fa6d1d4f198a82a83d36e2552d	Sk5JRVhQT1JUIGpsb25nIEpOSUNBTEwgR1RLM19OQVRJVkUoZ3RrXzF0b29sXzFpdGVtXzFyZXRyaWV2ZV8xcHJveHlfMW1lbnVfMWl0ZW0pCgkoSk5JRW52ICplbnYsIGpjbGFzcyB0aGF0LCBqbG9uZyBhcmcwKQp7
1541	STATEMENT	68688	68703	1	3411ceb5951bc52321d8d6cf00df310a159211846b0264e08db2a18b94173633	CglqbG9uZyByYyA9IDA7
1542	STATEMENT	68703	68785	1	112b36e3645654102ef73ab605f2da184105be1871b326cfbf89b78f1b17597a	CglHVEszX05BVElWRV9FTlRFUihlbnYsIHRoYXQsIGd0a18xdG9vbF8xaXRlbV8xcmV0cmlldmVfMXByb3h5XzFtZW51XzFpdGVtX0ZVTkMpOw==
1543	STATEMENT	68785	68859	1	2ecad634653f82f2ff37b6cf48f9e802c0237d0a74d0a78b633ae11d82c102ed	CglyYyA9IChqbG9uZylndGtfdG9vbF9pdGVtX3JldHJpZXZlX3Byb3h5X21lbnVfaXRlbSgoR3RrVG9vbEl0ZW0gKilhcmcwKTs=
1544	STATEMENT	68859	68940	1	28a8c53c1043157a79ef3af2c88fdd46710f730b9df9f8cfa93cdec05b3b2a8f	CglHVEszX05BVElWRV9FWElUKGVudiwgdGhhdCwgZ3RrXzF0b29sXzFpdGVtXzFyZXRyaWV2ZV8xcHJveHlfMW1lbnVfMWl0ZW1fRlVOQyk7
1545	STATEMENT	68940	68952	1	a028c9c9501df4846ec72c7b4432d4a3cb499b36b781bb1c38853498151d0ba7	CglyZXR1cm4gcmM7
1546	FRAGMENT	68952	68953	1	01ba4719c80b6fe911b091a7c05124b64eeece964e09c058ef8f9805daca546b	Cg==
1547	BLOCK_CLOSE	68953	68954	0	d10b36aa74a59bcf4a88185837f658afaf3646eff2bb16c3928d0e9335e945d2	fQ==
1548	PREPROCESSOR	68954	68962	0	626de321eb397f6600939892a0009f31bc378f7e886f9acc5ec0af18db6a99a7	CiNlbmRpZgo=
1549	PREPROCESSOR	68962	69008	0	902ed01a3c2dd4489270b89ee420adf26de178f64acdf0e9ebbf252bf710eabe	CiNpZm5kZWYgTk9fZ3RrXzF0b29sXzFpdGVtXzFzZXRfMWhvbW9nZW5lb3VzCg==
1550	FUNCTION_OPEN	69008	69134	0	914400ee700545446cdf6efe36181ffc9396e94b21356fb4f261290abbf8a977	Sk5JRVhQT1JUIHZvaWQgSk5JQ0FMTCBHVEszX05BVElWRShndGtfMXRvb2xfMWl0ZW1fMXNldF8xaG9tb2dlbmVvdXMpCgkoSk5JRW52ICplbnYsIGpjbGFzcyB0aGF0LCBqbG9uZyBhcmcwLCBqYm9vbGVhbiBhcmcxKQp7
1551	STATEMENT	69134	69205	1	4d3b93403e08ad87801c394d423f862dea0aa41feb773c0b3856fbcbb983ca8c	CglHVEszX05BVElWRV9FTlRFUihlbnYsIHRoYXQsIGd0a18xdG9vbF8xaXRlbV8xc2V0XzFob21vZ2VuZW91c19GVU5DKTs=
1552	STATEMENT	69205	69274	1	c7f84bcb8e5215d7392e0fd117f2771fde2d0e39bad38eb0618a490ebaa96ce7	CglndGtfdG9vbF9pdGVtX3NldF9ob21vZ2VuZW91cygoR3RrVG9vbEl0ZW0gKilhcmcwLCAoZ2Jvb2xlYW4pYXJnMSk7
1553	STATEMENT	69274	69344	1	7d2e3571fc8ef63e0c65bae39766452bf9d76fed22331ea45f30abde9b716663	CglHVEszX05BVElWRV9FWElUKGVudiwgdGhhdCwgZ3RrXzF0b29sXzFpdGVtXzFzZXRfMWhvbW9nZW5lb3VzX0ZVTkMpOw==
1554	FRAGMENT	69344	69345	1	01ba4719c80b6fe911b091a7c05124b64eeece964e09c058ef8f9805daca546b	Cg==
1555	BLOCK_CLOSE	69345	69346	0	d10b36aa74a59bcf4a88185837f658afaf3646eff2bb16c3928d0e9335e945d2	fQ==
1556	PREPROCESSOR	69346	69354	0	626de321eb397f6600939892a0009f31bc378f7e886f9acc5ec0af18db6a99a7	CiNlbmRpZgo=
1557	PREPROCESSOR	69354	69402	0	a5c8065b2290b45deb7f6bf9ad245eefc21e05bae4c38a6df641c2f82625833a	CiNpZm5kZWYgTk9fZ3RrXzF0b29sXzFpdGVtXzFzZXRfMWlzXzFpbXBvcnRhbnQK
1558	FUNCTION_OPEN	69402	69530	0	95f22591a0e80382ca01d0326b76eee6fb948f436080b5ea8d368e98ac9151bf	Sk5JRVhQT1JUIHZvaWQgSk5JQ0FMTCBHVEszX05BVElWRShndGtfMXRvb2xfMWl0ZW1fMXNldF8xaXNfMWltcG9ydGFudCkKCShKTklFbnYgKmVudiwgamNsYXNzIHRoYXQsIGpsb25nIGFyZzAsIGpib29sZWFuIGFyZzEpCns=
1559	STATEMENT	69530	69603	1	1388a8703b063a93e4434bd33c65395ca300ea7c2065d9182f94c029008ac7b7	CglHVEszX05BVElWRV9FTlRFUihlbnYsIHRoYXQsIGd0a18xdG9vbF8xaXRlbV8xc2V0XzFpc18xaW1wb3J0YW50X0ZVTkMpOw==
1560	STATEMENT	69603	69673	1	84fa27e69519d0416342fa3d4114c177863700280c002a5da403154a6b5603d0	CglndGtfdG9vbF9pdGVtX3NldF9pc19pbXBvcnRhbnQoKEd0a1Rvb2xJdGVtICopYXJnMCwgKGdib29sZWFuKWFyZzEpOw==
1561	STATEMENT	69673	69745	1	14318e6e378071aa8f4ad13a640dc3169d1cfe98dfe72caaf09d26f616e1b6bd	CglHVEszX05BVElWRV9FWElUKGVudiwgdGhhdCwgZ3RrXzF0b29sXzFpdGVtXzFzZXRfMWlzXzFpbXBvcnRhbnRfRlVOQyk7
1562	FRAGMENT	69745	69746	1	01ba4719c80b6fe911b091a7c05124b64eeece964e09c058ef8f9805daca546b	Cg==
1563	BLOCK_CLOSE	69746	69747	0	d10b36aa74a59bcf4a88185837f658afaf3646eff2bb16c3928d0e9335e945d2	fQ==
1564	PREPROCESSOR	69747	69755	0	626de321eb397f6600939892a0009f31bc378f7e886f9acc5ec0af18db6a99a7	CiNlbmRpZgo=
1565	PREPROCESSOR	69755	69807	0	af12c50573d99604c9c6332f26cc68cbe8f2ee9f735e7aa1bd8ad69a8cd2bb94	CiNpZm5kZWYgTk9fZ3RrXzF0b29sXzFpdGVtXzFzZXRfMXByb3h5XzFtZW51XzFpdGVtCg==
1566	FUNCTION_OPEN	69807	69953	0	674f8e4128230b95ce12aa4c486bd24ab61ba8fa1ba5a499e712feabaaa582ab	Sk5JRVhQT1JUIHZvaWQgSk5JQ0FMTCBHVEszX05BVElWRShndGtfMXRvb2xfMWl0ZW1fMXNldF8xcHJveHlfMW1lbnVfMWl0ZW0pCgkoSk5JRW52ICplbnYsIGpjbGFzcyB0aGF0LCBqbG9uZyBhcmcwLCBqYnl0ZUFycmF5IGFyZzEsIGpsb25nIGFyZzIpCns=
1567	STATEMENT	69953	69974	1	ecbc1c66598161b54ed7d4df47ce4c17c895a8aaf496cadd930f0e7e6c9b06d3	CglqYnl0ZSAqbHBhcmcxPU5VTEw7
1568	STATEMENT	69974	70051	1	ff98b67ad3c0b4153b741f46f39fbf80e46fd872c726e505ef1b6f7e58ad042c	CglHVEszX05BVElWRV9FTlRFUihlbnYsIHRoYXQsIGd0a18xdG9vbF8xaXRlbV8xc2V0XzFwcm94eV8xbWVudV8xaXRlbV9GVU5DKTs=
1569	STATEMENT	70051	70143	1	9e0f7faa1c09a55eb10394bedcb268962dfc3d57ab587fe9530c7324cc7b0ca1	CglpZiAoYXJnMSkgaWYgKChscGFyZzEgPSAoKmVudiktPkdldEJ5dGVBcnJheUVsZW1lbnRzKGVudiwgYXJnMSwgTlVMTCkpID09IE5VTEwpIGdvdG8gZmFpbDs=
1570	STATEMENT	70143	70242	1	dd41545e875a3318a6563c48807abb8adbe653f41ef1cfb9df76ed3b0e511aac	CglndGtfdG9vbF9pdGVtX3NldF9wcm94eV9tZW51X2l0ZW0oKEd0a1Rvb2xJdGVtICopYXJnMCwgKGNvbnN0IGdjaGFyICopbHBhcmcxLCAoR3RrV2lkZ2V0ICopYXJnMik7
1571	STATEMENT	70242	70325	1	78812943a01430fa07d31629617d2c1617a8077555058eb3c69830ff8aafbb1d	CmZhaWw6CglpZiAoYXJnMSAmJiBscGFyZzEpICgqZW52KS0+UmVsZWFzZUJ5dGVBcnJheUVsZW1lbnRzKGVudiwgYXJnMSwgbHBhcmcxLCAwKTs=
1572	STATEMENT	70325	70401	1	77ca5547002ac1336d486d4984c44ca2a711c6768bff222fdd07efa1d19ed856	CglHVEszX05BVElWRV9FWElUKGVudiwgdGhhdCwgZ3RrXzF0b29sXzFpdGVtXzFzZXRfMXByb3h5XzFtZW51XzFpdGVtX0ZVTkMpOw==
1573	FRAGMENT	70401	70402	1	01ba4719c80b6fe911b091a7c05124b64eeece964e09c058ef8f9805daca546b	Cg==
1574	BLOCK_CLOSE	70402	70403	0	d10b36aa74a59bcf4a88185837f658afaf3646eff2bb16c3928d0e9335e945d2	fQ==
1575	PREPROCESSOR	70403	70411	0	626de321eb397f6600939892a0009f31bc378f7e886f9acc5ec0af18db6a99a7	CiNlbmRpZgo=
1576	PREPROCESSOR	70411	70444	0	435b6e0550ba824ce797c40474cfe354f3e2ca1c6b531af908722999c05564b3	CiNpZm5kZWYgTk9fZ3RrXzF0b29sYmFyXzFpbnNlcnQK
1577	FUNCTION_OPEN	70444	70565	0	8d3f4fa2929698dd069f4aaf2d7859465be8545bf665bb4f30faf7d9c0d85fb8	Sk5JRVhQT1JUIHZvaWQgSk5JQ0FMTCBHVEszX05BVElWRShndGtfMXRvb2xiYXJfMWluc2VydCkKCShKTklFbnYgKmVudiwgamNsYXNzIHRoYXQsIGpsb25nIGFyZzAsIGpsb25nIGFyZzEsIGppbnQgYXJnMikKew==
1578	STATEMENT	70565	70623	1	e8437bbf6e809eb591ca535b566e4b9a0ee7d44e14132ab05dea2bd728bf4d7a	CglHVEszX05BVElWRV9FTlRFUihlbnYsIHRoYXQsIGd0a18xdG9vbGJhcl8xaW5zZXJ0X0ZVTkMpOw==
1579	STATEMENT	70623	70691	1	f794bb0f040201271e3db0fc934182cdc282ef100e10d844589fdb503f6980c5	CglndGtfdG9vbGJhcl9pbnNlcnQoKEd0a1Rvb2xiYXIgKilhcmcwLCAoR3RrVG9vbEl0ZW0gKilhcmcxLCBhcmcyKTs=
1580	STATEMENT	70691	70748	1	bfd46aa3b22084e3eb008276250b94a61a447d9bf9b3135f2eb93088adcca649	CglHVEszX05BVElWRV9FWElUKGVudiwgdGhhdCwgZ3RrXzF0b29sYmFyXzFpbnNlcnRfRlVOQyk7
1581	FRAGMENT	70748	70749	1	01ba4719c80b6fe911b091a7c05124b64eeece964e09c058ef8f9805daca546b	Cg==
1582	BLOCK_CLOSE	70749	70750	0	d10b36aa74a59bcf4a88185837f658afaf3646eff2bb16c3928d0e9335e945d2	fQ==
1583	PREPROCESSOR	70750	70758	0	626de321eb397f6600939892a0009f31bc378f7e886f9acc5ec0af18db6a99a7	CiNlbmRpZgo=
1584	PREPROCESSOR	70758	70788	0	d2523c50d98c12984fe04bb6fb022183e418545c790fb5863ea57399a7f1b6ce	CiNpZm5kZWYgTk9fZ3RrXzF0b29sYmFyXzFuZXcK
1585	FUNCTION_OPEN	70788	70872	0	a434d444702ae402c569a59dcd8025002909ac6513ecb1e7171b576593d1a7b4	Sk5JRVhQT1JUIGpsb25nIEpOSUNBTEwgR1RLM19OQVRJVkUoZ3RrXzF0b29sYmFyXzFuZXcpCgkoSk5JRW52ICplbnYsIGpjbGFzcyB0aGF0KQp7
1586	STATEMENT	70872	70887	1	3411ceb5951bc52321d8d6cf00df310a159211846b0264e08db2a18b94173633	CglqbG9uZyByYyA9IDA7
1587	STATEMENT	70887	70942	1	3d53e67eadefbf04a37a0c18cdbf5eacefa04c017affbd4bc31bc56b95ec27b8	CglHVEszX05BVElWRV9FTlRFUihlbnYsIHRoYXQsIGd0a18xdG9vbGJhcl8xbmV3X0ZVTkMpOw==
1588	STATEMENT	70942	70974	1	a53f22a980a1594e1fe14c13007edf382cf1aa8b69ccb0bf8c41976aad12984d	CglyYyA9IChqbG9uZylndGtfdG9vbGJhcl9uZXcoKTs=
1589	STATEMENT	70974	71028	1	0f897832addfffdb7f116715367c8e88bf899d7ce5ae8186f964bfaeebafc8d1	CglHVEszX05BVElWRV9FWElUKGVudiwgdGhhdCwgZ3RrXzF0b29sYmFyXzFuZXdfRlVOQyk7
1590	STATEMENT	71028	71040	1	a028c9c9501df4846ec72c7b4432d4a3cb499b36b781bb1c38853498151d0ba7	CglyZXR1cm4gcmM7
1591	FRAGMENT	71040	71041	1	01ba4719c80b6fe911b091a7c05124b64eeece964e09c058ef8f9805daca546b	Cg==
1592	BLOCK_CLOSE	71041	71042	0	d10b36aa74a59bcf4a88185837f658afaf3646eff2bb16c3928d0e9335e945d2	fQ==
1593	PREPROCESSOR	71042	71050	0	626de321eb397f6600939892a0009f31bc378f7e886f9acc5ec0af18db6a99a7	CiNlbmRpZgo=
1594	PREPROCESSOR	71050	71092	0	e1c227a9636238f883b131a833b08e26672223751d07e0a0e2b49fbd9c681da3	CiNpZm5kZWYgTk9fZ3RrXzF0b29sYmFyXzFzZXRfMWljb25fMXNpemUK
1595	FUNCTION_OPEN	71092	71210	0	ccf40738c4fc5620331ae0b47dd45b121fc306c2427dfec869ce8b3a592a0250	Sk5JRVhQT1JUIHZvaWQgSk5JQ0FMTCBHVEszX05BVElWRShndGtfMXRvb2xiYXJfMXNldF8xaWNvbl8xc2l6ZSkKCShKTklFbnYgKmVudiwgamNsYXNzIHRoYXQsIGpsb25nIGFyZzAsIGppbnQgYXJnMSkKew==
1596	STATEMENT	71210	71277	1	ed17cfef9abc533e4dfa25aedb671d929b44b9492fe476595c5848a2440d496a	CglHVEszX05BVElWRV9FTlRFUihlbnYsIHRoYXQsIGd0a18xdG9vbGJhcl8xc2V0XzFpY29uXzFzaXplX0ZVTkMpOw==
1597	STATEMENT	71277	71331	1	2a66a508ef67efccf0201daa9494ed09361b5f32e5af1be297f7d8cd982ebaca	CglndGtfdG9vbGJhcl9zZXRfaWNvbl9zaXplKChHdGtUb29sYmFyICopYXJnMCwgYXJnMSk7
1598	STATEMENT	71331	71397	1	9b31e04ff9c9544076ab07b0ca8f5786d079e5378f1ec141f2bef8dbc3f03069	CglHVEszX05BVElWRV9FWElUKGVudiwgdGhhdCwgZ3RrXzF0b29sYmFyXzFzZXRfMWljb25fMXNpemVfRlVOQyk7
1599	FRAGMENT	71397	71398	1	01ba4719c80b6fe911b091a7c05124b64eeece964e09c058ef8f9805daca546b	Cg==
1600	BLOCK_CLOSE	71398	71399	0	d10b36aa74a59bcf4a88185837f658afaf3646eff2bb16c3928d0e9335e945d2	fQ==
1601	PREPROCESSOR	71399	71407	0	626de321eb397f6600939892a0009f31bc378f7e886f9acc5ec0af18db6a99a7	CiNlbmRpZgo=
1602	PREPROCESSOR	71407	71444	0	56eb0b637b20af4cf0570c47c9a2ba6dfaa16e8df1c40d91d14cedacfe8a5037	CiNpZm5kZWYgTk9fZ3RrXzF0b29sYmFyXzFzZXRfMXN0eWxlCg==
1603	FUNCTION_OPEN	71444	71557	0	f9fa1006994cbdda0aa0b93d1639bb440863c3b147b3a83442fe30355689031d	Sk5JRVhQT1JUIHZvaWQgSk5JQ0FMTCBHVEszX05BVElWRShndGtfMXRvb2xiYXJfMXNldF8xc3R5bGUpCgkoSk5JRW52ICplbnYsIGpjbGFzcyB0aGF0LCBqbG9uZyBhcmcwLCBqaW50IGFyZzEpCns=
1604	STATEMENT	71557	71619	1	a857d59d58b020de5c2462b7c4739b44e8451108790884ff5ebe865d4fb8089d	CglHVEszX05BVElWRV9FTlRFUihlbnYsIHRoYXQsIGd0a18xdG9vbGJhcl8xc2V0XzFzdHlsZV9GVU5DKTs=
1605	STATEMENT	71619	71686	1	09ebdda624b08ae78c7142102fdbd27b44b5f84b5e839af6bfbe0d0f231a68ee	CglndGtfdG9vbGJhcl9zZXRfc3R5bGUoKEd0a1Rvb2xiYXIgKilhcmcwLCAoR3RrVG9vbGJhclN0eWxlKWFyZzEpOw==
1606	STATEMENT	71686	71747	1	1b1e7bb1bca138128de33e8c780393ad618a010acb9618a711d43fbb6ae88e93	CglHVEszX05BVElWRV9FWElUKGVudiwgdGhhdCwgZ3RrXzF0b29sYmFyXzFzZXRfMXN0eWxlX0ZVTkMpOw==
1607	FRAGMENT	71747	71748	1	01ba4719c80b6fe911b091a7c05124b64eeece964e09c058ef8f9805daca546b	Cg==
1608	BLOCK_CLOSE	71748	71749	0	d10b36aa74a59bcf4a88185837f658afaf3646eff2bb16c3928d0e9335e945d2	fQ==
1609	PREPROCESSOR	71749	71757	0	626de321eb397f6600939892a0009f31bc378f7e886f9acc5ec0af18db6a99a7	CiNlbmRpZgo=
1610	PREPROCESSOR	71757	71810	0	914241a16e25c68c088cb1f62066f39dabe9316f9fc6c4d5afd0a364cf4bbc6b	CiNpZm5kZWYgTk9fZ3RrXzF0cmVlXzF2aWV3XzFjb2x1bW5fMWNlbGxfMWdldF8xc2l6ZQo=
1611	FUNCTION_OPEN	71810	72006	0	7e64a96592e52f418687ebc5bfc4785fd56a24f97c19c47e45af4d2b4a66b71f	Sk5JRVhQT1JUIHZvaWQgSk5JQ0FMTCBHVEszX05BVElWRShndGtfMXRyZWVfMXZpZXdfMWNvbHVtbl8xY2VsbF8xZ2V0XzFzaXplKQoJKEpOSUVudiAqZW52LCBqY2xhc3MgdGhhdCwgamxvbmcgYXJnMCwgam9iamVjdCBhcmcxLCBqaW50QXJyYXkgYXJnMiwgamludEFycmF5IGFyZzMsIGppbnRBcnJheSBhcmc0LCBqaW50QXJyYXkgYXJnNSkKew==
1612	STATEMENT	72006	72041	1	a82592ee23983aee4bdedab9a04b076311098d1b7a6d5592af3a87da17b00753	CglHZGtSZWN0YW5nbGUgX2FyZzEsICpscGFyZzE9TlVMTDs=
1613	STATEMENT	72041	72061	1	6778f342eb5ab632481500374a71f394d94a272d1e7b47275cb4d780109a0ee9	CglqaW50ICpscGFyZzI9TlVMTDs=
1614	STATEMENT	72061	72081	1	0f4babeb3fabdb0096eafa4397c27097595e5b24e72497515f7bc834d6e696e6	CglqaW50ICpscGFyZzM9TlVMTDs=
1615	STATEMENT	72081	72101	1	e6094d397f2521b1138f4852480cb23ab638132e24f6c3b14d70fdf9d050b549	CglqaW50ICpscGFyZzQ9TlVMTDs=
1616	STATEMENT	72101	72121	1	c36deab2017725fa7481a4988aca1cc8a184fbf159f56c94121c2107b9b0b008	CglqaW50ICpscGFyZzU9TlVMTDs=
1617	STATEMENT	72121	72199	1	4635c75d2bed1773eebb236d2d193e516cf574f84c8267136898c40cd32ec29d	CglHVEszX05BVElWRV9FTlRFUihlbnYsIHRoYXQsIGd0a18xdHJlZV8xdmlld18xY29sdW1uXzFjZWxsXzFnZXRfMXNpemVfRlVOQyk7
1618	STATEMENT	72199	72252	1	ef6d95c86d2caec068377a27503d22d9f9a62f1923700d2f92b880b93e67d421	CglpZiAoYXJnMSkgaWYgKChscGFyZzEgPSAmX2FyZzEpID09IE5VTEwpIGdvdG8gZmFpbDs=
1619	STATEMENT	72252	72343	1	ca6aabd59f1383d487b020921ad77bd304b1a72e14905b7e1fbd1d51e7e45db1	CglpZiAoYXJnMikgaWYgKChscGFyZzIgPSAoKmVudiktPkdldEludEFycmF5RWxlbWVudHMoZW52LCBhcmcyLCBOVUxMKSkgPT0gTlVMTCkgZ290byBmYWlsOw==
1620	STATEMENT	72343	72434	1	7632bbb38eb7590a94c2214c3112651826b6ce953b00f0b1eb8eda5e1152fdd9	CglpZiAoYXJnMykgaWYgKChscGFyZzMgPSAoKmVudiktPkdldEludEFycmF5RWxlbWVudHMoZW52LCBhcmczLCBOVUxMKSkgPT0gTlVMTCkgZ290byBmYWlsOw==
1621	STATEMENT	72434	72525	1	4ab5944c292d0708690ce8cd7c9021d230523f2178f00095ec15bc1433bc2b72	CglpZiAoYXJnNCkgaWYgKChscGFyZzQgPSAoKmVudiktPkdldEludEFycmF5RWxlbWVudHMoZW52LCBhcmc0LCBOVUxMKSkgPT0gTlVMTCkgZ290byBmYWlsOw==
1622	STATEMENT	72525	72616	1	552750cc804e78707954fff5f3878b49291a9b0efcd444b90eaa874d22b8f286	CglpZiAoYXJnNSkgaWYgKChscGFyZzUgPSAoKmVudiktPkdldEludEFycmF5RWxlbWVudHMoZW52LCBhcmc1LCBOVUxMKSkgPT0gTlVMTCkgZ290byBmYWlsOw==
1623	STATEMENT	72616	72768	1	8f2b65fdd9c300343f2f1342d0c025298e0784622c6ef99d92dad1215252b16f	CglndGtfdHJlZV92aWV3X2NvbHVtbl9jZWxsX2dldF9zaXplKChHdGtUcmVlVmlld0NvbHVtbiAqKWFyZzAsIChHZGtSZWN0YW5nbGUgKilscGFyZzEsIChnaW50ICopbHBhcmcyLCAoZ2ludCAqKWxwYXJnMywgKGdpbnQgKilscGFyZzQsIChnaW50ICopbHBhcmc1KTs=
1624	STATEMENT	72768	72850	1	2002e57c00c245685bc29987013eaef9ebe366ec2b10c1aa436424ae52805bef	CmZhaWw6CglpZiAoYXJnNSAmJiBscGFyZzUpICgqZW52KS0+UmVsZWFzZUludEFycmF5RWxlbWVudHMoZW52LCBhcmc1LCBscGFyZzUsIDApOw==
1625	STATEMENT	72850	72926	1	f65fbbd00e62414eaccee43a1eeddcc374d6221a5f0a7f6db8a7fd6421208865	CglpZiAoYXJnNCAmJiBscGFyZzQpICgqZW52KS0+UmVsZWFzZUludEFycmF5RWxlbWVudHMoZW52LCBhcmc0LCBscGFyZzQsIDApOw==
1626	STATEMENT	72926	73002	1	185a3c14849840fa401472b8f7e37aafe8d8626269b1b07e98ee20ba779a5413	CglpZiAoYXJnMyAmJiBscGFyZzMpICgqZW52KS0+UmVsZWFzZUludEFycmF5RWxlbWVudHMoZW52LCBhcmczLCBscGFyZzMsIDApOw==
1627	STATEMENT	73002	73078	1	486bcaa33a5c11402d66450e45c0ae57aad2ba28a1a0a8cf40513d6404a551ec	CglpZiAoYXJnMiAmJiBscGFyZzIpICgqZW52KS0+UmVsZWFzZUludEFycmF5RWxlbWVudHMoZW52LCBhcmcyLCBscGFyZzIsIDApOw==
1628	STATEMENT	73078	73141	1	f527eabcd004239f7a1ff5762341a14c08d0d8c5c14ee4a4f60132394813106f	CglpZiAoYXJnMSAmJiBscGFyZzEpIHNldEdka1JlY3RhbmdsZUZpZWxkcyhlbnYsIGFyZzEsIGxwYXJnMSk7
1629	STATEMENT	73141	73218	1	41f7a2fc93ff283a5e2120181c28830b613d29f2449919d6a9c33ff3635ba02c	CglHVEszX05BVElWRV9FWElUKGVudiwgdGhhdCwgZ3RrXzF0cmVlXzF2aWV3XzFjb2x1bW5fMWNlbGxfMWdldF8xc2l6ZV9GVU5DKTs=
1630	FRAGMENT	73218	73219	1	01ba4719c80b6fe911b091a7c05124b64eeece964e09c058ef8f9805daca546b	Cg==
1631	BLOCK_CLOSE	73219	73220	0	d10b36aa74a59bcf4a88185837f658afaf3646eff2bb16c3928d0e9335e945d2	fQ==
1632	PREPROCESSOR	73220	73228	0	626de321eb397f6600939892a0009f31bc378f7e886f9acc5ec0af18db6a99a7	CiNlbmRpZgo=
1633	PREPROCESSOR	73228	73274	0	1b09dfef7b4300d6826f340ad1971c6230fe754d394517c5ad7de77366777757	CiNpZm5kZWYgTk9fZ3RrXzF0cmVlXzF2aWV3XzFnZXRfMWJpbl8xd2luZG93Cg==
1634	FUNCTION_OPEN	73274	73386	0	401737d391b90c74449e15b861c45c05940eb9fa640a09ce531826eea64488b1	Sk5JRVhQT1JUIGpsb25nIEpOSUNBTEwgR1RLM19OQVRJVkUoZ3RrXzF0cmVlXzF2aWV3XzFnZXRfMWJpbl8xd2luZG93KQoJKEpOSUVudiAqZW52LCBqY2xhc3MgdGhhdCwgamxvbmcgYXJnMCkKew==
1635	STATEMENT	73386	73401	1	3411ceb5951bc52321d8d6cf00df310a159211846b0264e08db2a18b94173633	CglqbG9uZyByYyA9IDA7
1636	STATEMENT	73401	73472	1	4452cdf74d4d9d7377cc980bca5ad6fe9da73d17fdf4f8288ca6005dfd1b59a9	CglHVEszX05BVElWRV9FTlRFUihlbnYsIHRoYXQsIGd0a18xdHJlZV8xdmlld18xZ2V0XzFiaW5fMXdpbmRvd19GVU5DKTs=
1637	STATEMENT	73472	73536	1	9bf53c888f0d9ce5a213465f449ff0212e374b53c651934ec12f23ab76f4e549	CglyYyA9IChqbG9uZylndGtfdHJlZV92aWV3X2dldF9iaW5fd2luZG93KChHdGtUcmVlVmlldyAqKWFyZzApOw==
1638	STATEMENT	73536	73606	1	7ea7b6e0eefc37ac0ee9b1d122ce5ac3f95953344af135b72181a7b5cfc54994	CglHVEszX05BVElWRV9FWElUKGVudiwgdGhhdCwgZ3RrXzF0cmVlXzF2aWV3XzFnZXRfMWJpbl8xd2luZG93X0ZVTkMpOw==
1639	STATEMENT	73606	73618	1	a028c9c9501df4846ec72c7b4432d4a3cb499b36b781bb1c38853498151d0ba7	CglyZXR1cm4gcmM7
1640	FRAGMENT	73618	73619	1	01ba4719c80b6fe911b091a7c05124b64eeece964e09c058ef8f9805daca546b	Cg==
1641	BLOCK_CLOSE	73619	73620	0	d10b36aa74a59bcf4a88185837f658afaf3646eff2bb16c3928d0e9335e945d2	fQ==
1642	PREPROCESSOR	73620	73628	0	626de321eb397f6600939892a0009f31bc378f7e886f9acc5ec0af18db6a99a7	CiNlbmRpZgo=
1643	PREPROCESSOR	73628	73673	0	caad96da5afdc1e8dff06e08c8c5a04da039fc3e66ea7fdc20226c96a9cb8965	CiNpZm5kZWYgTk9fZ3RrXzF2aWV3cG9ydF8xc2V0XzFzaGFkb3dfMXR5cGUK
1644	FUNCTION_OPEN	73673	73794	0	b92a5e638ea94976d5e9657a00afd739c413b8608a4c2cf4157b377ea834ac93	Sk5JRVhQT1JUIHZvaWQgSk5JQ0FMTCBHVEszX05BVElWRShndGtfMXZpZXdwb3J0XzFzZXRfMXNoYWRvd18xdHlwZSkKCShKTklFbnYgKmVudiwgamNsYXNzIHRoYXQsIGpsb25nIGFyZzAsIGppbnQgYXJnMSkKew==
1645	STATEMENT	73794	73864	1	db3cd3352f10723f09346c7f4f960ad51da360f69e8cae0ee97fc5cd5f434037	CglHVEszX05BVElWRV9FTlRFUihlbnYsIHRoYXQsIGd0a18xdmlld3BvcnRfMXNldF8xc2hhZG93XzF0eXBlX0ZVTkMpOw==
1646	STATEMENT	73864	73937	1	a8bf6aab5c4801037bfbef0f06ecba364a63f2a99193e0c2493caa32edd5a909	CglndGtfdmlld3BvcnRfc2V0X3NoYWRvd190eXBlKChHdGtWaWV3cG9ydCAqKWFyZzAsIChHdGtTaGFkb3dUeXBlKWFyZzEpOw==
1647	STATEMENT	73937	74006	1	c0dd02a348b722119b26c6c47deb44781b2c18fee2ff3c52e56b3d5c89142ae4	CglHVEszX05BVElWRV9FWElUKGVudiwgdGhhdCwgZ3RrXzF2aWV3cG9ydF8xc2V0XzFzaGFkb3dfMXR5cGVfRlVOQyk7
1648	FRAGMENT	74006	74007	1	01ba4719c80b6fe911b091a7c05124b64eeece964e09c058ef8f9805daca546b	Cg==
1649	BLOCK_CLOSE	74007	74008	0	d10b36aa74a59bcf4a88185837f658afaf3646eff2bb16c3928d0e9335e945d2	fQ==
1650	PREPROCESSOR	74008	74016	0	626de321eb397f6600939892a0009f31bc378f7e886f9acc5ec0af18db6a99a7	CiNlbmRpZgo=
1651	PREPROCESSOR	74016	74058	0	24bc1f299bcf091bb9bc6426e82a951174710011044cf8571967dc5c03491403	CiNpZm5kZWYgTk9fZ3RrXzF3aWRnZXRfMWFkZF8xYWNjZWxlcmF0b3IK
1652	FUNCTION_OPEN	74058	74227	0	51b283a2758da70ace3e02cc30ba8539f12d2248ee8c9920302c2dabc71de181	Sk5JRVhQT1JUIHZvaWQgSk5JQ0FMTCBHVEszX05BVElWRShndGtfMXdpZGdldF8xYWRkXzFhY2NlbGVyYXRvcikKCShKTklFbnYgKmVudiwgamNsYXNzIHRoYXQsIGpsb25nIGFyZzAsIGpieXRlQXJyYXkgYXJnMSwgamxvbmcgYXJnMiwgamludCBhcmczLCBqaW50IGFyZzQsIGppbnQgYXJnNSkKew==
1653	STATEMENT	74227	74248	1	ecbc1c66598161b54ed7d4df47ce4c17c895a8aaf496cadd930f0e7e6c9b06d3	CglqYnl0ZSAqbHBhcmcxPU5VTEw7
1654	STATEMENT	74248	74315	1	a5d42b86cbc9e50fbdc9904a3db016c3d2be7c7811a4109b49da008aff5ab33e	CglHVEszX05BVElWRV9FTlRFUihlbnYsIHRoYXQsIGd0a18xd2lkZ2V0XzFhZGRfMWFjY2VsZXJhdG9yX0ZVTkMpOw==
1655	STATEMENT	74315	74407	1	9e0f7faa1c09a55eb10394bedcb268962dfc3d57ab587fe9530c7324cc7b0ca1	CglpZiAoYXJnMSkgaWYgKChscGFyZzEgPSAoKmVudiktPkdldEJ5dGVBcnJheUVsZW1lbnRzKGVudiwgYXJnMSwgTlVMTCkpID09IE5VTEwpIGdvdG8gZmFpbDs=
1656	STATEMENT	74407	74543	1	56cdab17c2ec5d16dbc9362c8be070f1b014674597e083b1355961e1b7549f1b	CglndGtfd2lkZ2V0X2FkZF9hY2NlbGVyYXRvcigoR3RrV2lkZ2V0ICopYXJnMCwgKGNvbnN0IGdjaGFyICopbHBhcmcxLCAoR3RrQWNjZWxHcm91cCAqKWFyZzIsIChndWludClhcmczLCAoR2RrTW9kaWZpZXJUeXBlKWFyZzQsIGFyZzUpOw==
1657	STATEMENT	74543	74626	1	78812943a01430fa07d31629617d2c1617a8077555058eb3c69830ff8aafbb1d	CmZhaWw6CglpZiAoYXJnMSAmJiBscGFyZzEpICgqZW52KS0+UmVsZWFzZUJ5dGVBcnJheUVsZW1lbnRzKGVudiwgYXJnMSwgbHBhcmcxLCAwKTs=
1658	STATEMENT	74626	74692	1	fb124fec18f546602a34dbdafc98fdd08f589fd817ec1f5e3832dcc8c9419975	CglHVEszX05BVElWRV9FWElUKGVudiwgdGhhdCwgZ3RrXzF3aWRnZXRfMWFkZF8xYWNjZWxlcmF0b3JfRlVOQyk7
1659	FRAGMENT	74692	74693	1	01ba4719c80b6fe911b091a7c05124b64eeece964e09c058ef8f9805daca546b	Cg==
1660	BLOCK_CLOSE	74693	74694	0	d10b36aa74a59bcf4a88185837f658afaf3646eff2bb16c3928d0e9335e945d2	fQ==
1661	PREPROCESSOR	74694	74702	0	626de321eb397f6600939892a0009f31bc378f7e886f9acc5ec0af18db6a99a7	CiNlbmRpZgo=
1662	PREPROCESSOR	74702	74739	0	6898695823f873435182dfb7d98a0334227bc9d0917dd5449b05227cab1f3f43	CiNpZm5kZWYgTk9fZ3RrXzF3aWRnZXRfMWFkZF8xZXZlbnRzCg==
1663	FUNCTION_OPEN	74739	74852	0	71df513356fe593d09843e6c940f5becb4be26dab754d7394ee272acff72c050	Sk5JRVhQT1JUIHZvaWQgSk5JQ0FMTCBHVEszX05BVElWRShndGtfMXdpZGdldF8xYWRkXzFldmVudHMpCgkoSk5JRW52ICplbnYsIGpjbGFzcyB0aGF0LCBqbG9uZyBhcmcwLCBqaW50IGFyZzEpCns=
1664	STATEMENT	74852	74914	1	8ccf922585cd32f01885962798afbc960b4aff13cfd940d0a6b0b03020343b8b	CglHVEszX05BVElWRV9FTlRFUihlbnYsIHRoYXQsIGd0a18xd2lkZ2V0XzFhZGRfMWV2ZW50c19GVU5DKTs=
1665	STATEMENT	74914	74969	1	1faa7fdf60e7b37552a0dcd0882c65e046b90b5be4971ea2303fb6e5e30d6cf8	CglndGtfd2lkZ2V0X2FkZF9ldmVudHMoKEd0a1dpZGdldCAqKWFyZzAsIChnaW50KWFyZzEpOw==
1666	STATEMENT	74969	75030	1	682df4d44a0173c217a8a5c6a9ca7984ce18dff08b34690625ab1529b829be86	CglHVEszX05BVElWRV9FWElUKGVudiwgdGhhdCwgZ3RrXzF3aWRnZXRfMWFkZF8xZXZlbnRzX0ZVTkMpOw==
1667	FRAGMENT	75030	75031	1	01ba4719c80b6fe911b091a7c05124b64eeece964e09c058ef8f9805daca546b	Cg==
1668	BLOCK_CLOSE	75031	75032	0	d10b36aa74a59bcf4a88185837f658afaf3646eff2bb16c3928d0e9335e945d2	fQ==
1669	PREPROCESSOR	75032	75040	0	626de321eb397f6600939892a0009f31bc378f7e886f9acc5ec0af18db6a99a7	CiNlbmRpZgo=
1670	PREPROCESSOR	75040	75073	0	0a1187f0b6ffb9727bfe69856ce74044cec1a8009a609d29383fb81416cadd71	CiNpZm5kZWYgTk9fZ3RrXzF3aWRnZXRfMWRlc3Ryb3kK
1671	FUNCTION_OPEN	75073	75171	0	efb4e4a1ea133a74d1029e94f9ca92795adcce8e351442a5d0ac7444c71cf27e	Sk5JRVhQT1JUIHZvaWQgSk5JQ0FMTCBHVEszX05BVElWRShndGtfMXdpZGdldF8xZGVzdHJveSkKCShKTklFbnYgKmVudiwgamNsYXNzIHRoYXQsIGpsb25nIGFyZzApCns=
1672	STATEMENT	75171	75229	1	1bac6c8e805cccfbf964d69e67b93b5d32bf50f2f5234f2eb379e31a32d16bf0	CglHVEszX05BVElWRV9FTlRFUihlbnYsIHRoYXQsIGd0a18xd2lkZ2V0XzFkZXN0cm95X0ZVTkMpOw==
1673	STATEMENT	75229	75269	1	0a60bed0ff17cdaaa768a52607e36e61ca25a1ce644a532e256f039caaeece1a	CglndGtfd2lkZ2V0X2Rlc3Ryb3koKEd0a1dpZGdldCAqKWFyZzApOw==
1674	STATEMENT	75269	75326	1	a0bedbeb2364a9f0ffc4d0865eadf351444a1a3364a4db01864c3a954aca7fc6	CglHVEszX05BVElWRV9FWElUKGVudiwgdGhhdCwgZ3RrXzF3aWRnZXRfMWRlc3Ryb3lfRlVOQyk7
1675	FRAGMENT	75326	75327	1	01ba4719c80b6fe911b091a7c05124b64eeece964e09c058ef8f9805daca546b	Cg==
1676	BLOCK_CLOSE	75327	75328	0	d10b36aa74a59bcf4a88185837f658afaf3646eff2bb16c3928d0e9335e945d2	fQ==
1677	PREPROCESSOR	75328	75336	0	626de321eb397f6600939892a0009f31bc378f7e886f9acc5ec0af18db6a99a7	CiNlbmRpZgo=
1678	PREPROCESSOR	75336	75366	0	01c20056842d25ad6326a739dde95bd03c7caab0bfbad93ea8286857b89df422	CiNpZm5kZWYgTk9fZ3RrXzF3aWRnZXRfMWRyYXcK
1679	FUNCTION_OPEN	75366	75473	0	1de819a595ff04b5b8b0406295a3faa381ba5c3d0f050a808a320189e70c74dd	Sk5JRVhQT1JUIHZvaWQgSk5JQ0FMTCBHVEszX05BVElWRShndGtfMXdpZGdldF8xZHJhdykKCShKTklFbnYgKmVudiwgamNsYXNzIHRoYXQsIGpsb25nIGFyZzAsIGpsb25nIGFyZzEpCns=
1680	STATEMENT	75473	75528	1	b2bff7c639429db6e521e6ac5735ed41b240b556fc3df5abd91868c455538d19	CglHVEszX05BVElWRV9FTlRFUihlbnYsIHRoYXQsIGd0a18xd2lkZ2V0XzFkcmF3X0ZVTkMpOw==
1681	STATEMENT	75528	75582	1	db4928d2b10ced0ca7fe78d1a6f921ee1e200b9837ac98c88594eca191b0ebc7	CglndGtfd2lkZ2V0X2RyYXcoKEd0a1dpZGdldCAqKWFyZzAsIChjYWlyb190ICopYXJnMSk7
1682	STATEMENT	75582	75636	1	ba1f11f2675c4c0c26365e9793dcb751661128dd16de33dbc27b3fdb09e2b652	CglHVEszX05BVElWRV9FWElUKGVudiwgdGhhdCwgZ3RrXzF3aWRnZXRfMWRyYXdfRlVOQyk7
1683	FRAGMENT	75636	75637	1	01ba4719c80b6fe911b091a7c05124b64eeece964e09c058ef8f9805daca546b	Cg==
1684	BLOCK_CLOSE	75637	75638	0	d10b36aa74a59bcf4a88185837f658afaf3646eff2bb16c3928d0e9335e945d2	fQ==
1685	PREPROCESSOR	75638	75646	0	626de321eb397f6600939892a0009f31bc378f7e886f9acc5ec0af18db6a99a7	CiNlbmRpZgo=
1686	PREPROCESSOR	75646	75677	0	b666b3af30e8740038bac4bbf74cb4e9d476158f912416044c8cd9d8760a7d35	CiNpZm5kZWYgTk9fZ3RrXzF3aWRnZXRfMWV2ZW50Cg==
1687	FUNCTION_OPEN	75677	75789	0	7486c5fcbc428c8eaeca41b88c8fde2b0f961deb4006d4be1df2864ac35f9b69	Sk5JRVhQT1JUIGpib29sZWFuIEpOSUNBTEwgR1RLM19OQVRJVkUoZ3RrXzF3aWRnZXRfMWV2ZW50KQoJKEpOSUVudiAqZW52LCBqY2xhc3MgdGhhdCwgamxvbmcgYXJnMCwgamxvbmcgYXJnMSkKew==
1688	STATEMENT	75789	75807	1	6e389c725127046540fa228f0aca981232172a088ed5b7d88f2be6db7346caa1	CglqYm9vbGVhbiByYyA9IDA7
1689	STATEMENT	75807	75863	1	7d7668562af347e5f5e11fccfb1306360c03c98d543b00133ef8dbe6ff4057d6	CglHVEszX05BVElWRV9FTlRFUihlbnYsIHRoYXQsIGd0a18xd2lkZ2V0XzFldmVudF9GVU5DKTs=
1690	STATEMENT	75863	75934	1	d9ddb4c926b92301669c3dbb7ac8fe8c39bdb3b484af073b01c4ba42e778f5cd	CglyYyA9IChqYm9vbGVhbilndGtfd2lkZ2V0X2V2ZW50KChHdGtXaWRnZXQgKilhcmcwLCAoR2RrRXZlbnQgKilhcmcxKTs=
1691	STATEMENT	75934	75989	1	51aaa023826bf1048b2b8c5a0803284dc5e3e19d5cc249835067cd6d8c51f007	CglHVEszX05BVElWRV9FWElUKGVudiwgdGhhdCwgZ3RrXzF3aWRnZXRfMWV2ZW50X0ZVTkMpOw==
1692	STATEMENT	75989	76001	1	a028c9c9501df4846ec72c7b4432d4a3cb499b36b781bb1c38853498151d0ba7	CglyZXR1cm4gcmM7
1693	FRAGMENT	76001	76002	1	01ba4719c80b6fe911b091a7c05124b64eeece964e09c058ef8f9805daca546b	Cg==
1694	BLOCK_CLOSE	76002	76003	0	d10b36aa74a59bcf4a88185837f658afaf3646eff2bb16c3928d0e9335e945d2	fQ==
1695	PREPROCESSOR	76003	76011	0	626de321eb397f6600939892a0009f31bc378f7e886f9acc5ec0af18db6a99a7	CiNlbmRpZgo=
1696	PREPROCESSOR	76011	76052	0	4ee3384159582e560f98ae7f726a240985cd664aa5241f2ec29d3bd10a7e8336	CiNpZm5kZWYgTk9fZ3RrXzF3aWRnZXRfMWdldF8xYWNjZXNzaWJsZQo=
1697	FUNCTION_OPEN	76052	76159	0	fa39b4ef9fc4b9117ddf06e9322a2f65873a0b95fdeb5649629635233631f1d3	Sk5JRVhQT1JUIGpsb25nIEpOSUNBTEwgR1RLM19OQVRJVkUoZ3RrXzF3aWRnZXRfMWdldF8xYWNjZXNzaWJsZSkKCShKTklFbnYgKmVudiwgamNsYXNzIHRoYXQsIGpsb25nIGFyZzApCns=
1698	STATEMENT	76159	76174	1	3411ceb5951bc52321d8d6cf00df310a159211846b0264e08db2a18b94173633	CglqbG9uZyByYyA9IDA7
1699	STATEMENT	76174	76240	1	27741d4c42986de3d9ebdee8707aa328528db6e9350bc5177fa9bf20b5fa7db4	CglHVEszX05BVElWRV9FTlRFUihlbnYsIHRoYXQsIGd0a18xd2lkZ2V0XzFnZXRfMWFjY2Vzc2libGVfRlVOQyk7
1700	STATEMENT	76240	76299	1	63fa9f927e42db41915d1c15eafc530aeb2f9b6bc8263d3d680c8e7d997e60db	CglyYyA9IChqbG9uZylndGtfd2lkZ2V0X2dldF9hY2Nlc3NpYmxlKChHdGtXaWRnZXQgKilhcmcwKTs=
1701	STATEMENT	76299	76364	1	07f34da1081ccafacf2b316c2bf19fedd22667f61cd30573805fc87e210c5b83	CglHVEszX05BVElWRV9FWElUKGVudiwgdGhhdCwgZ3RrXzF3aWRnZXRfMWdldF8xYWNjZXNzaWJsZV9GVU5DKTs=
1702	STATEMENT	76364	76376	1	a028c9c9501df4846ec72c7b4432d4a3cb499b36b781bb1c38853498151d0ba7	CglyZXR1cm4gcmM7
1703	FRAGMENT	76376	76377	1	01ba4719c80b6fe911b091a7c05124b64eeece964e09c058ef8f9805daca546b	Cg==
1704	BLOCK_CLOSE	76377	76378	0	d10b36aa74a59bcf4a88185837f658afaf3646eff2bb16c3928d0e9335e945d2	fQ==
1705	PREPROCESSOR	76378	76386	0	626de321eb397f6600939892a0009f31bc378f7e886f9acc5ec0af18db6a99a7	CiNlbmRpZgo=
1706	PREPROCESSOR	76386	76429	0	a8f7ae8d224082306cbe24f77b1e95f0e74e4dd1150fb2fefcf8eb1835601c2d	CiNpZm5kZWYgTk9fZ3RrXzF3aWRnZXRfMWdldF8xY2FuXzFkZWZhdWx0Cg==
1707	FUNCTION_OPEN	76429	76541	0	aeafd723236073fa98165121449bfe0af6a57c8fecfbff69bd536349e1593ae1	Sk5JRVhQT1JUIGpib29sZWFuIEpOSUNBTEwgR1RLM19OQVRJVkUoZ3RrXzF3aWRnZXRfMWdldF8xY2FuXzFkZWZhdWx0KQoJKEpOSUVudiAqZW52LCBqY2xhc3MgdGhhdCwgamxvbmcgYXJnMCkKew==
1708	STATEMENT	76541	76559	1	6e389c725127046540fa228f0aca981232172a088ed5b7d88f2be6db7346caa1	CglqYm9vbGVhbiByYyA9IDA7
1709	STATEMENT	76559	76627	1	baa57e3a8e0c0c4694e18bd06a9df3b058ff52b982f330f9eacb04de3acf59a0	CglHVEszX05BVElWRV9FTlRFUihlbnYsIHRoYXQsIGd0a18xd2lkZ2V0XzFnZXRfMWNhbl8xZGVmYXVsdF9GVU5DKTs=
1710	STATEMENT	76627	76690	1	ee8c9ba9729e4fddd789eb725de32a78297d2e4c9e80684bbf2c49cf5325949a	CglyYyA9IChqYm9vbGVhbilndGtfd2lkZ2V0X2dldF9jYW5fZGVmYXVsdCgoR3RrV2lkZ2V0ICopYXJnMCk7
1711	STATEMENT	76690	76757	1	5f5c06c3127bf28a30cabaca44f293c7795975b35b17f9f79ae8d6b698028063	CglHVEszX05BVElWRV9FWElUKGVudiwgdGhhdCwgZ3RrXzF3aWRnZXRfMWdldF8xY2FuXzFkZWZhdWx0X0ZVTkMpOw==
1712	STATEMENT	76757	76769	1	a028c9c9501df4846ec72c7b4432d4a3cb499b36b781bb1c38853498151d0ba7	CglyZXR1cm4gcmM7
1713	FRAGMENT	76769	76770	1	01ba4719c80b6fe911b091a7c05124b64eeece964e09c058ef8f9805daca546b	Cg==
1714	BLOCK_CLOSE	76770	76771	0	d10b36aa74a59bcf4a88185837f658afaf3646eff2bb16c3928d0e9335e945d2	fQ==
1715	PREPROCESSOR	76771	76779	0	626de321eb397f6600939892a0009f31bc378f7e886f9acc5ec0af18db6a99a7	CiNlbmRpZgo=
1716	PREPROCESSOR	76779	76814	0	f2f68813713a424150ed00b3e4ec8a3e5fa4edf62fad9226defd1958dcb39354	CiNpZm5kZWYgTk9fZ3RrXzF3aWRnZXRfMWdldF8xY2xpcAo=
1717	FUNCTION_OPEN	76814	76928	0	19a1a36d06f6735b383866622c6cea1834dfbff56e1bab2f0c533853c1ec1db8	Sk5JRVhQT1JUIHZvaWQgSk5JQ0FMTCBHVEszX05BVElWRShndGtfMXdpZGdldF8xZ2V0XzFjbGlwKQoJKEpOSUVudiAqZW52LCBqY2xhc3MgdGhhdCwgamxvbmcgYXJnMCwgam9iamVjdCBhcmcxKQp7
1718	STATEMENT	76928	76964	1	84075b9dbfa8e5db858138704f6389c9afa50b9587cf58209161438b48d021fc	CglHdGtBbGxvY2F0aW9uIF9hcmcxLCAqbHBhcmcxPU5VTEw7
1719	STATEMENT	76964	77024	1	6816388a5e9bfa66a555f529e4c79afab4541f29db11b7f8b695ee0bd0c68e9d	CglHVEszX05BVElWRV9FTlRFUihlbnYsIHRoYXQsIGd0a18xd2lkZ2V0XzFnZXRfMWNsaXBfRlVOQyk7
1720	STATEMENT	77024	77112	1	53b81e5ad7b53fa9a5e4b81bd0af6d097b32f805aa3daaa8fa8f73a506e4cbc6	CglpZiAoYXJnMSkgaWYgKChscGFyZzEgPSBnZXRHdGtBbGxvY2F0aW9uRmllbGRzKGVudiwgYXJnMSwgJl9hcmcxKSkgPT0gTlVMTCkgZ290byBmYWlsOw==
1721	STATEMENT	77112	77161	1	b0c65cb75be7b975873939159704ff7e1ded30cbae6e62335d0bb3b955d0f633	CglndGtfd2lkZ2V0X2dldF9jbGlwKChHdGtXaWRnZXQgKilhcmcwLCBscGFyZzEpOw==
1722	STATEMENT	77161	77231	1	1588ff7b540ba72f45bed73dd59a9dbd65d85ca490f0252b63c1afd3bb55e631	CmZhaWw6CglpZiAoYXJnMSAmJiBscGFyZzEpIHNldEd0a0FsbG9jYXRpb25GaWVsZHMoZW52LCBhcmcxLCBscGFyZzEpOw==
1723	STATEMENT	77231	77290	1	9ac97df6db2173287fe9aaafd23834576c4cca5a1e3f849f37130daadcd7fc2e	CglHVEszX05BVElWRV9FWElUKGVudiwgdGhhdCwgZ3RrXzF3aWRnZXRfMWdldF8xY2xpcF9GVU5DKTs=
1724	FRAGMENT	77290	77291	1	01ba4719c80b6fe911b091a7c05124b64eeece964e09c058ef8f9805daca546b	Cg==
1725	BLOCK_CLOSE	77291	77292	0	d10b36aa74a59bcf4a88185837f658afaf3646eff2bb16c3928d0e9335e945d2	fQ==
1726	PREPROCESSOR	77292	77300	0	626de321eb397f6600939892a0009f31bc378f7e886f9acc5ec0af18db6a99a7	CiNlbmRpZgo=
1727	PREPROCESSOR	77300	77337	0	204a2d6bd17220593c201dc9c1885faac136dd3e26cec196ece989e5d4f6293c	CiNpZm5kZWYgTk9fZ3RrXzF3aWRnZXRfMWdldF8xZXZlbnRzCg==
1728	FUNCTION_OPEN	77337	77439	0	1978250c7b5b438a2f93f9b630740f3c5dbc66adee979b4d053a254577257670	Sk5JRVhQT1JUIGppbnQgSk5JQ0FMTCBHVEszX05BVElWRShndGtfMXdpZGdldF8xZ2V0XzFldmVudHMpCgkoSk5JRW52ICplbnYsIGpjbGFzcyB0aGF0LCBqbG9uZyBhcmcwKQp7
1729	STATEMENT	77439	77453	1	ab2eac128ef6225b35f40b35e2bd8fba39be8b3b6b281960b3c51646eba99890	CglqaW50IHJjID0gMDs=
1730	STATEMENT	77453	77515	1	188a5ec765a26e26883083ff68a7fa2d7e73f4fa43aa023102d712cb44e0b311	CglHVEszX05BVElWRV9FTlRFUihlbnYsIHRoYXQsIGd0a18xd2lkZ2V0XzFnZXRfMWV2ZW50c19GVU5DKTs=
1731	STATEMENT	77515	77569	1	3db63f09c9e0b0ffad779557ec7af97c71df6eb8fc384155872f22c77d54dbfa	CglyYyA9IChqaW50KWd0a193aWRnZXRfZ2V0X2V2ZW50cygoR3RrV2lkZ2V0ICopYXJnMCk7
1732	STATEMENT	77569	77630	1	d808071f9bcf157adfb667332870767cb23ec8e7a727bb1bab370d852745eeb2	CglHVEszX05BVElWRV9FWElUKGVudiwgdGhhdCwgZ3RrXzF3aWRnZXRfMWdldF8xZXZlbnRzX0ZVTkMpOw==
1733	STATEMENT	77630	77642	1	a028c9c9501df4846ec72c7b4432d4a3cb499b36b781bb1c38853498151d0ba7	CglyZXR1cm4gcmM7
1734	FRAGMENT	77642	77643	1	01ba4719c80b6fe911b091a7c05124b64eeece964e09c058ef8f9805daca546b	Cg==
1735	BLOCK_CLOSE	77643	77644	0	d10b36aa74a59bcf4a88185837f658afaf3646eff2bb16c3928d0e9335e945d2	fQ==
1736	PREPROCESSOR	77644	77652	0	626de321eb397f6600939892a0009f31bc378f7e886f9acc5ec0af18db6a99a7	CiNlbmRpZgo=
1737	PREPROCESSOR	77652	77694	0	1771aecd124a996bcc774883651bbf4ee0a2869222a31eb0e018c962ce323cc4	CiNpZm5kZWYgTk9fZ3RrXzF3aWRnZXRfMWdldF8xaGFzXzF3aW5kb3cK
1738	FUNCTION_OPEN	77694	77805	0	08fb49710290144962c451e646f9b0d260db146a62144155455cb51cc746c52d	Sk5JRVhQT1JUIGpib29sZWFuIEpOSUNBTEwgR1RLM19OQVRJVkUoZ3RrXzF3aWRnZXRfMWdldF8xaGFzXzF3aW5kb3cpCgkoSk5JRW52ICplbnYsIGpjbGFzcyB0aGF0LCBqbG9uZyBhcmcwKQp7
1739	STATEMENT	77805	77823	1	6e389c725127046540fa228f0aca981232172a088ed5b7d88f2be6db7346caa1	CglqYm9vbGVhbiByYyA9IDA7
1740	STATEMENT	77823	77890	1	c0fc5060d014d7af90194ec78a88728f4b3501c9df3c838b05d7bdbd92b7a927	CglHVEszX05BVElWRV9FTlRFUihlbnYsIHRoYXQsIGd0a18xd2lkZ2V0XzFnZXRfMWhhc18xd2luZG93X0ZVTkMpOw==
1741	STATEMENT	77890	77952	1	78eb6b02cfa8a5619d218d8497eac60262fd52812db89c52f877682bacb20d78	CglyYyA9IChqYm9vbGVhbilndGtfd2lkZ2V0X2dldF9oYXNfd2luZG93KChHdGtXaWRnZXQgKilhcmcwKTs=
1742	STATEMENT	77952	78018	1	c0e646fc022ebc0f411802a3daa1c7d325888b9faff0d3c6075d1f2341359648	CglHVEszX05BVElWRV9FWElUKGVudiwgdGhhdCwgZ3RrXzF3aWRnZXRfMWdldF8xaGFzXzF3aW5kb3dfRlVOQyk7
1743	STATEMENT	78018	78030	1	a028c9c9501df4846ec72c7b4432d4a3cb499b36b781bb1c38853498151d0ba7	CglyZXR1cm4gcmM7
1744	FRAGMENT	78030	78031	1	01ba4719c80b6fe911b091a7c05124b64eeece964e09c058ef8f9805daca546b	Cg==
1745	BLOCK_CLOSE	78031	78032	0	d10b36aa74a59bcf4a88185837f658afaf3646eff2bb16c3928d0e9335e945d2	fQ==
1746	PREPROCESSOR	78032	78040	0	626de321eb397f6600939892a0009f31bc378f7e886f9acc5ec0af18db6a99a7	CiNlbmRpZgo=
1747	PREPROCESSOR	78040	78088	0	fb481d85e82db5128386fb4c78d71b4f67eecf970a5edc7697439621500ba012	CiNpZm5kZWYgTk9fZ3RrXzF3aWRnZXRfMWdldF8xcHJlZmVycmVkXzFoZWlnaHQK
1748	FUNCTION_OPEN	78088	78233	0	9e3c72fb94336d090cfb7d0630bf6075197fad8f1fcdffdd37aa88057b66de0d	Sk5JRVhQT1JUIHZvaWQgSk5JQ0FMTCBHVEszX05BVElWRShndGtfMXdpZGdldF8xZ2V0XzFwcmVmZXJyZWRfMWhlaWdodCkKCShKTklFbnYgKmVudiwgamNsYXNzIHRoYXQsIGpsb25nIGFyZzAsIGppbnRBcnJheSBhcmcxLCBqaW50QXJyYXkgYXJnMikKew==
1749	STATEMENT	78233	78253	1	490e641fda0849eab828d471df09f1ecd4438e25740081b8153585d71e8a1d7c	CglqaW50ICpscGFyZzE9TlVMTDs=
1750	STATEMENT	78253	78273	1	6778f342eb5ab632481500374a71f394d94a272d1e7b47275cb4d780109a0ee9	CglqaW50ICpscGFyZzI9TlVMTDs=
1751	STATEMENT	78273	78346	1	8b99d517647908b35e977e4d6e81161011ad4b25f2b5deafd0484fbe3b0313bd	CglHVEszX05BVElWRV9FTlRFUihlbnYsIHRoYXQsIGd0a18xd2lkZ2V0XzFnZXRfMXByZWZlcnJlZF8xaGVpZ2h0X0ZVTkMpOw==
1752	STATEMENT	78346	78437	1	56230e6f477fcbae216bfff8a88397d12cae0d8e10a6faee697ea4f2814ae573	CglpZiAoYXJnMSkgaWYgKChscGFyZzEgPSAoKmVudiktPkdldEludEFycmF5RWxlbWVudHMoZW52LCBhcmcxLCBOVUxMKSkgPT0gTlVMTCkgZ290byBmYWlsOw==
1753	STATEMENT	78437	78528	1	ca6aabd59f1383d487b020921ad77bd304b1a72e14905b7e1fbd1d51e7e45db1	CglpZiAoYXJnMikgaWYgKChscGFyZzIgPSAoKmVudiktPkdldEludEFycmF5RWxlbWVudHMoZW52LCBhcmcyLCBOVUxMKSkgPT0gTlVMTCkgZ290byBmYWlsOw==
1754	STATEMENT	78528	78613	1	db033fcc8ed8ea347bc774a62861c35f259da58da1085d8e66908656d2d06137	CglndGtfd2lkZ2V0X2dldF9wcmVmZXJyZWRfaGVpZ2h0KChHdGtXaWRnZXQgKilhcmcwLCAoZ2ludCAqKWxwYXJnMSwgKGdpbnQgKilscGFyZzIpOw==
1755	STATEMENT	78613	78695	1	937b097e6910de483c3cbd1c30f882030c6c01ae1a410e62fb9a20783683ba76	CmZhaWw6CglpZiAoYXJnMiAmJiBscGFyZzIpICgqZW52KS0+UmVsZWFzZUludEFycmF5RWxlbWVudHMoZW52LCBhcmcyLCBscGFyZzIsIDApOw==
1756	STATEMENT	78695	78771	1	b55b4c6cd9959755821cc7b3c6e6583c0bcb71e003feabecd02b3bceb08bde8a	CglpZiAoYXJnMSAmJiBscGFyZzEpICgqZW52KS0+UmVsZWFzZUludEFycmF5RWxlbWVudHMoZW52LCBhcmcxLCBscGFyZzEsIDApOw==
1757	STATEMENT	78771	78843	1	8cf082ed028855fe53b9295afb7bcaa3f72ee208ec95b89d00ff20e7bb956076	CglHVEszX05BVElWRV9FWElUKGVudiwgdGhhdCwgZ3RrXzF3aWRnZXRfMWdldF8xcHJlZmVycmVkXzFoZWlnaHRfRlVOQyk7
1758	FRAGMENT	78843	78844	1	01ba4719c80b6fe911b091a7c05124b64eeece964e09c058ef8f9805daca546b	Cg==
1759	BLOCK_CLOSE	78844	78845	0	d10b36aa74a59bcf4a88185837f658afaf3646eff2bb16c3928d0e9335e945d2	fQ==
1760	PREPROCESSOR	78845	78853	0	626de321eb397f6600939892a0009f31bc378f7e886f9acc5ec0af18db6a99a7	CiNlbmRpZgo=
1761	PREPROCESSOR	78853	78913	0	29303f189666e8c66ba88b17e52340db7b606e2ca0faac61c8278c975ece0cb1	CiNpZm5kZWYgTk9fZ3RrXzF3aWRnZXRfMWdldF8xcHJlZmVycmVkXzFoZWlnaHRfMWZvcl8xd2lkdGgK
1762	FUNCTION_OPEN	78913	79081	0	a6017a5bb7fe12a3231e9ff1697d88f91d7899b6131da1dc19237ac09564b989	Sk5JRVhQT1JUIHZvaWQgSk5JQ0FMTCBHVEszX05BVElWRShndGtfMXdpZGdldF8xZ2V0XzFwcmVmZXJyZWRfMWhlaWdodF8xZm9yXzF3aWR0aCkKCShKTklFbnYgKmVudiwgamNsYXNzIHRoYXQsIGpsb25nIGFyZzAsIGppbnQgYXJnMSwgamludEFycmF5IGFyZzIsIGppbnRBcnJheSBhcmczKQp7
1763	STATEMENT	79081	79101	1	6778f342eb5ab632481500374a71f394d94a272d1e7b47275cb4d780109a0ee9	CglqaW50ICpscGFyZzI9TlVMTDs=
1764	STATEMENT	79101	79121	1	0f4babeb3fabdb0096eafa4397c27097595e5b24e72497515f7bc834d6e696e6	CglqaW50ICpscGFyZzM9TlVMTDs=
1765	STATEMENT	79121	79206	1	f4563b462956fa952c4a5198b002429ae563a35e2a8b0bc28a3037bd86f18547	CglHVEszX05BVElWRV9FTlRFUihlbnYsIHRoYXQsIGd0a18xd2lkZ2V0XzFnZXRfMXByZWZlcnJlZF8xaGVpZ2h0XzFmb3JfMXdpZHRoX0ZVTkMpOw==
1766	STATEMENT	79206	79297	1	ca6aabd59f1383d487b020921ad77bd304b1a72e14905b7e1fbd1d51e7e45db1	CglpZiAoYXJnMikgaWYgKChscGFyZzIgPSAoKmVudiktPkdldEludEFycmF5RWxlbWVudHMoZW52LCBhcmcyLCBOVUxMKSkgPT0gTlVMTCkgZ290byBmYWlsOw==
1767	STATEMENT	79297	79388	1	7632bbb38eb7590a94c2214c3112651826b6ce953b00f0b1eb8eda5e1152fdd9	CglpZiAoYXJnMykgaWYgKChscGFyZzMgPSAoKmVudiktPkdldEludEFycmF5RWxlbWVudHMoZW52LCBhcmczLCBOVUxMKSkgPT0gTlVMTCkgZ290byBmYWlsOw==
1768	STATEMENT	79388	79495	1	6361ba1462d6a42ff2d5b107ff4c11e12b73d65f1f36846d6f046ab3c293df77	CglndGtfd2lkZ2V0X2dldF9wcmVmZXJyZWRfaGVpZ2h0X2Zvcl93aWR0aCgoR3RrV2lkZ2V0ICopYXJnMCwgKGdpbnQpYXJnMSwgKGdpbnQgKilscGFyZzIsIChnaW50ICopbHBhcmczKTs=
1769	STATEMENT	79495	79577	1	c93876a6b6eccbaa66ebcc5b123e27f00ff3bf4551e55ebdd675082af1fdc367	CmZhaWw6CglpZiAoYXJnMyAmJiBscGFyZzMpICgqZW52KS0+UmVsZWFzZUludEFycmF5RWxlbWVudHMoZW52LCBhcmczLCBscGFyZzMsIDApOw==
1770	STATEMENT	79577	79653	1	486bcaa33a5c11402d66450e45c0ae57aad2ba28a1a0a8cf40513d6404a551ec	CglpZiAoYXJnMiAmJiBscGFyZzIpICgqZW52KS0+UmVsZWFzZUludEFycmF5RWxlbWVudHMoZW52LCBhcmcyLCBscGFyZzIsIDApOw==
1771	STATEMENT	79653	79737	1	df2cf9710be1ededb72a67d6d86a67a327a5cd6e457ebd36a6ca7eee7b5a224c	CglHVEszX05BVElWRV9FWElUKGVudiwgdGhhdCwgZ3RrXzF3aWRnZXRfMWdldF8xcHJlZmVycmVkXzFoZWlnaHRfMWZvcl8xd2lkdGhfRlVOQyk7
1772	FRAGMENT	79737	79738	1	01ba4719c80b6fe911b091a7c05124b64eeece964e09c058ef8f9805daca546b	Cg==
1773	BLOCK_CLOSE	79738	79739	0	d10b36aa74a59bcf4a88185837f658afaf3646eff2bb16c3928d0e9335e945d2	fQ==
1774	PREPROCESSOR	79739	79747	0	626de321eb397f6600939892a0009f31bc378f7e886f9acc5ec0af18db6a99a7	CiNlbmRpZgo=
1775	PREPROCESSOR	79747	79807	0	31e6f7142323d7e59d579c681be14733ff14196fa630b64abc3e6f3e9bdd2289	CiNpZm5kZWYgTk9fZ3RrXzF3aWRnZXRfMWdldF8xcHJlZmVycmVkXzF3aWR0aF8xZm9yXzFoZWlnaHQK
1776	FUNCTION_OPEN	79807	79975	0	0e6e05e568564cb5428e7e91e3d18855af06da73ad589465ef0697c07c262c0f	Sk5JRVhQT1JUIHZvaWQgSk5JQ0FMTCBHVEszX05BVElWRShndGtfMXdpZGdldF8xZ2V0XzFwcmVmZXJyZWRfMXdpZHRoXzFmb3JfMWhlaWdodCkKCShKTklFbnYgKmVudiwgamNsYXNzIHRoYXQsIGpsb25nIGFyZzAsIGppbnQgYXJnMSwgamludEFycmF5IGFyZzIsIGppbnRBcnJheSBhcmczKQp7
1777	STATEMENT	79975	79995	1	6778f342eb5ab632481500374a71f394d94a272d1e7b47275cb4d780109a0ee9	CglqaW50ICpscGFyZzI9TlVMTDs=
1778	STATEMENT	79995	80015	1	0f4babeb3fabdb0096eafa4397c27097595e5b24e72497515f7bc834d6e696e6	CglqaW50ICpscGFyZzM9TlVMTDs=
1779	STATEMENT	80015	80100	1	c1572458a1ee853422790e1fa02de07c0217465cd7a57f38fad4408759c994a1	CglHVEszX05BVElWRV9FTlRFUihlbnYsIHRoYXQsIGd0a18xd2lkZ2V0XzFnZXRfMXByZWZlcnJlZF8xd2lkdGhfMWZvcl8xaGVpZ2h0X0ZVTkMpOw==
1780	STATEMENT	80100	80191	1	ca6aabd59f1383d487b020921ad77bd304b1a72e14905b7e1fbd1d51e7e45db1	CglpZiAoYXJnMikgaWYgKChscGFyZzIgPSAoKmVudiktPkdldEludEFycmF5RWxlbWVudHMoZW52LCBhcmcyLCBOVUxMKSkgPT0gTlVMTCkgZ290byBmYWlsOw==
1781	STATEMENT	80191	80282	1	7632bbb38eb7590a94c2214c3112651826b6ce953b00f0b1eb8eda5e1152fdd9	CglpZiAoYXJnMykgaWYgKChscGFyZzMgPSAoKmVudiktPkdldEludEFycmF5RWxlbWVudHMoZW52LCBhcmczLCBOVUxMKSkgPT0gTlVMTCkgZ290byBmYWlsOw==
1782	STATEMENT	80282	80389	1	0135ecc54905444640cc1d95b16ba438fecde0537fe88a5ef54e9b55b78470cd	CglndGtfd2lkZ2V0X2dldF9wcmVmZXJyZWRfd2lkdGhfZm9yX2hlaWdodCgoR3RrV2lkZ2V0ICopYXJnMCwgKGdpbnQpYXJnMSwgKGdpbnQgKilscGFyZzIsIChnaW50ICopbHBhcmczKTs=
1783	STATEMENT	80389	80471	1	c93876a6b6eccbaa66ebcc5b123e27f00ff3bf4551e55ebdd675082af1fdc367	CmZhaWw6CglpZiAoYXJnMyAmJiBscGFyZzMpICgqZW52KS0+UmVsZWFzZUludEFycmF5RWxlbWVudHMoZW52LCBhcmczLCBscGFyZzMsIDApOw==
1784	STATEMENT	80471	80547	1	486bcaa33a5c11402d66450e45c0ae57aad2ba28a1a0a8cf40513d6404a551ec	CglpZiAoYXJnMiAmJiBscGFyZzIpICgqZW52KS0+UmVsZWFzZUludEFycmF5RWxlbWVudHMoZW52LCBhcmcyLCBscGFyZzIsIDApOw==
1785	STATEMENT	80547	80631	1	a4d0d60ac2a65ce0791d8090364bbf353f6c5bbc47e1bed6ca6c5e3d88a4f0b5	CglHVEszX05BVElWRV9FWElUKGVudiwgdGhhdCwgZ3RrXzF3aWRnZXRfMWdldF8xcHJlZmVycmVkXzF3aWR0aF8xZm9yXzFoZWlnaHRfRlVOQyk7
1786	FRAGMENT	80631	80632	1	01ba4719c80b6fe911b091a7c05124b64eeece964e09c058ef8f9805daca546b	Cg==
1787	BLOCK_CLOSE	80632	80633	0	d10b36aa74a59bcf4a88185837f658afaf3646eff2bb16c3928d0e9335e945d2	fQ==
1788	PREPROCESSOR	80633	80641	0	626de321eb397f6600939892a0009f31bc378f7e886f9acc5ec0af18db6a99a7	CiNlbmRpZgo=
1789	PREPROCESSOR	80641	80678	0	f631e5a52a40620d51835df23819664515dcd5ca55421f5bab9e1e0330793912	CiNpZm5kZWYgTk9fZ3RrXzF3aWRnZXRfMWdldF8xc2NyZWVuCg==
1790	FUNCTION_OPEN	80678	80781	0	f46eb8bab10b8c0f2703b7aa33235ee96952239386c2770efc94c2e47735d4e7	Sk5JRVhQT1JUIGpsb25nIEpOSUNBTEwgR1RLM19OQVRJVkUoZ3RrXzF3aWRnZXRfMWdldF8xc2NyZWVuKQoJKEpOSUVudiAqZW52LCBqY2xhc3MgdGhhdCwgamxvbmcgYXJnMCkKew==
1791	STATEMENT	80781	80796	1	3411ceb5951bc52321d8d6cf00df310a159211846b0264e08db2a18b94173633	CglqbG9uZyByYyA9IDA7
1792	STATEMENT	80796	80858	1	d6fb42b8d9859e2758a78919f98bfcdc85e2817642cadc8c18145b75252635c5	CglHVEszX05BVElWRV9FTlRFUihlbnYsIHRoYXQsIGd0a18xd2lkZ2V0XzFnZXRfMXNjcmVlbl9GVU5DKTs=
1793	STATEMENT	80858	80913	1	f50c5e1dfa38c1fc24ef2abd47c48f9a2965a518066335320ea85b95a09d404d	CglyYyA9IChqbG9uZylndGtfd2lkZ2V0X2dldF9zY3JlZW4oKEd0a1dpZGdldCAqKWFyZzApOw==
1794	STATEMENT	80913	80974	1	d3923a873b4cdc2f0c28beceed945e14dc57b356b42f089863e2da27b062093f	CglHVEszX05BVElWRV9FWElUKGVudiwgdGhhdCwgZ3RrXzF3aWRnZXRfMWdldF8xc2NyZWVuX0ZVTkMpOw==
1795	STATEMENT	80974	80986	1	a028c9c9501df4846ec72c7b4432d4a3cb499b36b781bb1c38853498151d0ba7	CglyZXR1cm4gcmM7
1796	FRAGMENT	80986	80987	1	01ba4719c80b6fe911b091a7c05124b64eeece964e09c058ef8f9805daca546b	Cg==
1797	BLOCK_CLOSE	80987	80988	0	d10b36aa74a59bcf4a88185837f658afaf3646eff2bb16c3928d0e9335e945d2	fQ==
1798	PREPROCESSOR	80988	80996	0	626de321eb397f6600939892a0009f31bc378f7e886f9acc5ec0af18db6a99a7	CiNlbmRpZgo=
1799	PREPROCESSOR	80996	81035	0	abfe02c4778ab6f0641033f81c37a3a5d93dadf8d25a8b04c65ac5edbcd71142	CiNpZm5kZWYgTk9fZ3RrXzF3aWRnZXRfMWdldF8xdG9wbGV2ZWwK
1800	FUNCTION_OPEN	81035	81140	0	34a4921df4803ed76dfaa5f2ac991671ea545c567d9b05d81a47a0d61be11f91	Sk5JRVhQT1JUIGpsb25nIEpOSUNBTEwgR1RLM19OQVRJVkUoZ3RrXzF3aWRnZXRfMWdldF8xdG9wbGV2ZWwpCgkoSk5JRW52ICplbnYsIGpjbGFzcyB0aGF0LCBqbG9uZyBhcmcwKQp7
1801	STATEMENT	81140	81155	1	3411ceb5951bc52321d8d6cf00df310a159211846b0264e08db2a18b94173633	CglqbG9uZyByYyA9IDA7
1802	STATEMENT	81155	81219	1	7dfbb74df6aa1739a110ecd0b711c77db6045df51e37f955b0ba0e2c50831e03	CglHVEszX05BVElWRV9FTlRFUihlbnYsIHRoYXQsIGd0a18xd2lkZ2V0XzFnZXRfMXRvcGxldmVsX0ZVTkMpOw==
1803	STATEMENT	81219	81276	1	da7db9f2c6af154d65ed6da84a78d8348380101cf5e17d67ebf5e6a98c018abd	CglyYyA9IChqbG9uZylndGtfd2lkZ2V0X2dldF90b3BsZXZlbCgoR3RrV2lkZ2V0ICopYXJnMCk7
1804	STATEMENT	81276	81339	1	f2709c36c6bd044cff7ab58908e536f0e0c504f2931eecb4923f85efd9276fa5	CglHVEszX05BVElWRV9FWElUKGVudiwgdGhhdCwgZ3RrXzF3aWRnZXRfMWdldF8xdG9wbGV2ZWxfRlVOQyk7
1805	STATEMENT	81339	81351	1	a028c9c9501df4846ec72c7b4432d4a3cb499b36b781bb1c38853498151d0ba7	CglyZXR1cm4gcmM7
1806	FRAGMENT	81351	81352	1	01ba4719c80b6fe911b091a7c05124b64eeece964e09c058ef8f9805daca546b	Cg==
1807	BLOCK_CLOSE	81352	81353	0	d10b36aa74a59bcf4a88185837f658afaf3646eff2bb16c3928d0e9335e945d2	fQ==
1808	PREPROCESSOR	81353	81361	0	626de321eb397f6600939892a0009f31bc378f7e886f9acc5ec0af18db6a99a7	CiNlbmRpZgo=
1809	PREPROCESSOR	81361	81398	0	a6efa6b5f0cba5ccb3907f3c549ea1dedeae970b649f96fa4563f99cc91f2e9d	CiNpZm5kZWYgTk9fZ3RrXzF3aWRnZXRfMWdldF8xd2luZG93Cg==
1810	FUNCTION_OPEN	81398	81501	0	49448d64ecdd837d791c7571906ae033fe18112e6e70e2a06a5b941effe6274f	Sk5JRVhQT1JUIGpsb25nIEpOSUNBTEwgR1RLM19OQVRJVkUoZ3RrXzF3aWRnZXRfMWdldF8xd2luZG93KQoJKEpOSUVudiAqZW52LCBqY2xhc3MgdGhhdCwgamxvbmcgYXJnMCkKew==
1811	STATEMENT	81501	81516	1	3411ceb5951bc52321d8d6cf00df310a159211846b0264e08db2a18b94173633	CglqbG9uZyByYyA9IDA7
1812	STATEMENT	81516	81578	1	46d1ba8cdebbe615aa2b076c2a2891df9107b623daada6d498900f0ccbf2c4ab	CglHVEszX05BVElWRV9FTlRFUihlbnYsIHRoYXQsIGd0a18xd2lkZ2V0XzFnZXRfMXdpbmRvd19GVU5DKTs=
1813	STATEMENT	81578	81633	1	a856c1571ff6ff1d7aaba455800d9d11f1d1447180778cd9da8315e3a7cb4b89	CglyYyA9IChqbG9uZylndGtfd2lkZ2V0X2dldF93aW5kb3coKEd0a1dpZGdldCAqKWFyZzApOw==
1814	STATEMENT	81633	81694	1	5ce525eec79edc17985bf0236a323fb1a4206b13125ef890bcd31817124002ef	CglHVEszX05BVElWRV9FWElUKGVudiwgdGhhdCwgZ3RrXzF3aWRnZXRfMWdldF8xd2luZG93X0ZVTkMpOw==
1815	STATEMENT	81694	81706	1	a028c9c9501df4846ec72c7b4432d4a3cb499b36b781bb1c38853498151d0ba7	CglyZXR1cm4gcmM7
1816	FRAGMENT	81706	81707	1	01ba4719c80b6fe911b091a7c05124b64eeece964e09c058ef8f9805daca546b	Cg==
1817	BLOCK_CLOSE	81707	81708	0	d10b36aa74a59bcf4a88185837f658afaf3646eff2bb16c3928d0e9335e945d2	fQ==
1818	PREPROCESSOR	81708	81716	0	626de321eb397f6600939892a0009f31bc378f7e886f9acc5ec0af18db6a99a7	CiNlbmRpZgo=
1819	PREPROCESSOR	81716	81746	0	6e725345376981a66232a5f499f89a32cdc7686d4d0fa5b720116cb6210866d0	CiNpZm5kZWYgTk9fZ3RrXzF3aWRnZXRfMWhpZGUK
1820	FUNCTION_OPEN	81746	81841	0	503173b7a4eec5ae50e9d733f7f3e925b8951516521fb2078004cc8bf6aaacb4	Sk5JRVhQT1JUIHZvaWQgSk5JQ0FMTCBHVEszX05BVElWRShndGtfMXdpZGdldF8xaGlkZSkKCShKTklFbnYgKmVudiwgamNsYXNzIHRoYXQsIGpsb25nIGFyZzApCns=
1821	STATEMENT	81841	81896	1	05f4b8d113ad244fad4fda6fb7e9c5ebd91610635860dba701addc00a676dfcd	CglHVEszX05BVElWRV9FTlRFUihlbnYsIHRoYXQsIGd0a18xd2lkZ2V0XzFoaWRlX0ZVTkMpOw==
1822	STATEMENT	81896	81933	1	a8fdb33c7f46d5f114fff35e737851ea1eb0725a94ee0641f67ae12572e72309	CglndGtfd2lkZ2V0X2hpZGUoKEd0a1dpZGdldCAqKWFyZzApOw==
1823	STATEMENT	81933	81987	1	b0400da8ee5ee3f0118bc652811efe5caaa7dc8c771e5f45b8f5f12aeee4136f	CglHVEszX05BVElWRV9FWElUKGVudiwgdGhhdCwgZ3RrXzF3aWRnZXRfMWhpZGVfRlVOQyk7
1824	FRAGMENT	81987	81988	1	01ba4719c80b6fe911b091a7c05124b64eeece964e09c058ef8f9805daca546b	Cg==
1825	BLOCK_CLOSE	81988	81989	0	d10b36aa74a59bcf4a88185837f658afaf3646eff2bb16c3928d0e9335e945d2	fQ==
1826	PREPROCESSOR	81989	81997	0	626de321eb397f6600939892a0009f31bc378f7e886f9acc5ec0af18db6a99a7	CiNlbmRpZgo=
1827	PREPROCESSOR	81997	82052	0	8c16e0b583bc12850c3f00ee41408d9393ba10be3dafb51ee20e9621109fec24	CiNpZm5kZWYgTk9fZ3RrXzF3aWRnZXRfMWlucHV0XzFzaGFwZV8xY29tYmluZV8xcmVnaW9uCg==
1828	FUNCTION_OPEN	82052	82184	0	22348d1f8b68dcbda8f028bf96a2fe03fd21af8423cbe1d2530c3d85dec88f09	Sk5JRVhQT1JUIHZvaWQgSk5JQ0FMTCBHVEszX05BVElWRShndGtfMXdpZGdldF8xaW5wdXRfMXNoYXBlXzFjb21iaW5lXzFyZWdpb24pCgkoSk5JRW52ICplbnYsIGpjbGFzcyB0aGF0LCBqbG9uZyBhcmcwLCBqbG9uZyBhcmcxKQp7
1829	STATEMENT	82184	82264	1	7655dba0aa62dddffcc38a050e9a21a8b04f093a35a3517dd51fa144047e486d	CglHVEszX05BVElWRV9FTlRFUihlbnYsIHRoYXQsIGd0a18xd2lkZ2V0XzFpbnB1dF8xc2hhcGVfMWNvbWJpbmVfMXJlZ2lvbl9GVU5DKTs=
1830	STATEMENT	82264	82347	1	1e9e5acc83516857df8acfecc00f0a8cd389080f4882e2d9682317f15ee81489	CglndGtfd2lkZ2V0X2lucHV0X3NoYXBlX2NvbWJpbmVfcmVnaW9uKChHdGtXaWRnZXQgKilhcmcwLCAoY2Fpcm9fcmVnaW9uX3QgKilhcmcxKTs=
1831	STATEMENT	82347	82426	1	e12f484ab598329c30ffe21f2dbad4dc3a491d1cca6341d7c8de53af7db50372	CglHVEszX05BVElWRV9FWElUKGVudiwgdGhhdCwgZ3RrXzF3aWRnZXRfMWlucHV0XzFzaGFwZV8xY29tYmluZV8xcmVnaW9uX0ZVTkMpOw==
1832	FRAGMENT	82426	82427	1	01ba4719c80b6fe911b091a7c05124b64eeece964e09c058ef8f9805daca546b	Cg==
1833	BLOCK_CLOSE	82427	82428	0	d10b36aa74a59bcf4a88185837f658afaf3646eff2bb16c3928d0e9335e945d2	fQ==
1834	PREPROCESSOR	82428	82436	0	626de321eb397f6600939892a0009f31bc378f7e886f9acc5ec0af18db6a99a7	CiNlbmRpZgo=
1835	PREPROCESSOR	82436	82476	0	466f3c641fb870946e4a6d7705b2a8e00ad5aae18b7ef7d7220913e6f3cd655a	CiNpZm5kZWYgTk9fZ3RrXzF3aWRnZXRfMW92ZXJyaWRlXzFmb250Cg==
1836	FUNCTION_OPEN	82476	82626	0	d8b358db76b68690b285167a4f6abd32335039ec124f2ce9ce80fffe9601e4a6	R19HTlVDX0JFR0lOX0lHTk9SRV9ERVBSRUNBVElPTlMKSk5JRVhQT1JUIHZvaWQgSk5JQ0FMTCBHVEszX05BVElWRShndGtfMXdpZGdldF8xb3ZlcnJpZGVfMWZvbnQpCgkoSk5JRW52ICplbnYsIGpjbGFzcyB0aGF0LCBqbG9uZyBhcmcwLCBqbG9uZyBhcmcxKQp7
1837	STATEMENT	82626	82691	1	759fe14ccde86279e22e4701e7df79241664e90dc78581e7804fe0246fb727d7	CglHVEszX05BVElWRV9FTlRFUihlbnYsIHRoYXQsIGd0a18xd2lkZ2V0XzFvdmVycmlkZV8xZm9udF9GVU5DKTs=
1838	STATEMENT	82691	82773	1	6652ad9b5bc1d1392b661aa530e1eb3f6d0d9b1e1eb1607f211b20fa7cb77bfe	CglndGtfd2lkZ2V0X292ZXJyaWRlX2ZvbnQoKEd0a1dpZGdldCAqKWFyZzAsIChjb25zdCBQYW5nb0ZvbnREZXNjcmlwdGlvbiAqKWFyZzEpOw==
1839	STATEMENT	82773	82837	1	e74c1550eb705356c9aaa5437d326c4555e5c4436717c201276b6bcc0a8b56d5	CglHVEszX05BVElWRV9FWElUKGVudiwgdGhhdCwgZ3RrXzF3aWRnZXRfMW92ZXJyaWRlXzFmb250X0ZVTkMpOw==
1840	FRAGMENT	82837	82838	1	01ba4719c80b6fe911b091a7c05124b64eeece964e09c058ef8f9805daca546b	Cg==
1841	BLOCK_CLOSE	82838	82839	0	d10b36aa74a59bcf4a88185837f658afaf3646eff2bb16c3928d0e9335e945d2	fQ==
1842	PREPROCESSOR	82839	82878	0	9ed1daae63e6075b33dfc403acf6c6030324fb6d62b8910eaca7edfc62576b30	CkdfR05VQ19FTkRfSUdOT1JFX0RFUFJFQ0FUSU9OUwojZW5kaWYK
1843	PREPROCESSOR	82878	82923	0	144854abec9af4915fbbae2ab0b4b86805452a735d8141878a871cac6b3b883e	CiNpZm5kZWYgTk9fZ3RrXzF3aWRnZXRfMXJlbW92ZV8xYWNjZWxlcmF0b3IK
1844	FUNCTION_OPEN	82923	83067	0	c73fc72297d27b9ea0d158b413090f0c64717dc9ff00ee0a99bc8acde0803ffe	Sk5JRVhQT1JUIHZvaWQgSk5JQ0FMTCBHVEszX05BVElWRShndGtfMXdpZGdldF8xcmVtb3ZlXzFhY2NlbGVyYXRvcikKCShKTklFbnYgKmVudiwgamNsYXNzIHRoYXQsIGpsb25nIGFyZzAsIGpsb25nIGFyZzEsIGppbnQgYXJnMiwgamludCBhcmczKQp7
1845	STATEMENT	83067	83137	1	7c0751294a1a434808310585b82e98d5d53601b52dd77b867f2b374c023f5aa1	CglHVEszX05BVElWRV9FTlRFUihlbnYsIHRoYXQsIGd0a18xd2lkZ2V0XzFyZW1vdmVfMWFjY2VsZXJhdG9yX0ZVTkMpOw==
1846	STATEMENT	83137	83247	1	d1dd7c2d1a22295b2ef199e9d11e0aee26b073f91ca94b7af604490bdb21116d	CglndGtfd2lkZ2V0X3JlbW92ZV9hY2NlbGVyYXRvcigoR3RrV2lkZ2V0ICopYXJnMCwgKEd0a0FjY2VsR3JvdXAgKilhcmcxLCAoZ3VpbnQpYXJnMiwgKEdka01vZGlmaWVyVHlwZSlhcmczKTs=
1847	STATEMENT	83247	83316	1	dd6b3864be100a08be02d0c36595f3fc716d75d16c20939f88b9d316128b0fbc	CglHVEszX05BVElWRV9FWElUKGVudiwgdGhhdCwgZ3RrXzF3aWRnZXRfMXJlbW92ZV8xYWNjZWxlcmF0b3JfRlVOQyk7
1848	FRAGMENT	83316	83317	1	01ba4719c80b6fe911b091a7c05124b64eeece964e09c058ef8f9805daca546b	Cg==
1849	BLOCK_CLOSE	83317	83318	0	d10b36aa74a59bcf4a88185837f658afaf3646eff2bb16c3928d0e9335e945d2	fQ==
1850	PREPROCESSOR	83318	83326	0	626de321eb397f6600939892a0009f31bc378f7e886f9acc5ec0af18db6a99a7	CiNlbmRpZgo=
1851	PREPROCESSOR	83326	83360	0	0cf43c44fdf4e80741ee7fac629341add835061cc916ca91bdf5f385d310df5b	CiNpZm5kZWYgTk9fZ3RrXzF3aWRnZXRfMXJlcGFyZW50Cg==
1852	FUNCTION_OPEN	83360	83504	0	6163708a9fcf6c8547521de65853103abb44295f5426e3d6ce05b3ec63620b94	R19HTlVDX0JFR0lOX0lHTk9SRV9ERVBSRUNBVElPTlMKSk5JRVhQT1JUIHZvaWQgSk5JQ0FMTCBHVEszX05BVElWRShndGtfMXdpZGdldF8xcmVwYXJlbnQpCgkoSk5JRW52ICplbnYsIGpjbGFzcyB0aGF0LCBqbG9uZyBhcmcwLCBqbG9uZyBhcmcxKQp7
1853	STATEMENT	83504	83563	1	55a26b6934c4e333842454732c42ca6d13c90e2f54174bf72ecbbd165c235157	CglHVEszX05BVElWRV9FTlRFUihlbnYsIHRoYXQsIGd0a18xd2lkZ2V0XzFyZXBhcmVudF9GVU5DKTs=
1854	STATEMENT	83563	83623	1	8600febfab15e02ee475b38a639ea2a05e9595b7b7c383f3a7c75968847a41b9	CglndGtfd2lkZ2V0X3JlcGFyZW50KChHdGtXaWRnZXQgKilhcmcwLCAoR3RrV2lkZ2V0ICopYXJnMSk7
1855	STATEMENT	83623	83681	1	53a06f218a75d7e2ea0518ead37183ac8acb74f8fc40ac0c90b3c170e712d0c7	CglHVEszX05BVElWRV9FWElUKGVudiwgdGhhdCwgZ3RrXzF3aWRnZXRfMXJlcGFyZW50X0ZVTkMpOw==
1856	FRAGMENT	83681	83682	1	01ba4719c80b6fe911b091a7c05124b64eeece964e09c058ef8f9805daca546b	Cg==
1857	BLOCK_CLOSE	83682	83683	0	d10b36aa74a59bcf4a88185837f658afaf3646eff2bb16c3928d0e9335e945d2	fQ==
1858	PREPROCESSOR	83683	83722	0	9ed1daae63e6075b33dfc403acf6c6030324fb6d62b8910eaca7edfc62576b30	CkdfR05VQ19FTkRfSUdOT1JFX0RFUFJFQ0FUSU9OUwojZW5kaWYK
1859	PREPROCESSOR	83722	83763	0	b6d071b89c9e6c361533a9e565c3cbfc30b8f2728810f375bbab45d94b62c233	CiNpZm5kZWYgTk9fZ3RrXzF3aWRnZXRfMXNldF8xYWxsb2NhdGlvbgo=
1860	FUNCTION_OPEN	83763	83883	0	de5ec6ddd93ea16e7d9f22541987645753acdf8230cacd33d357617ae2438b71	Sk5JRVhQT1JUIHZvaWQgSk5JQ0FMTCBHVEszX05BVElWRShndGtfMXdpZGdldF8xc2V0XzFhbGxvY2F0aW9uKQoJKEpOSUVudiAqZW52LCBqY2xhc3MgdGhhdCwgamxvbmcgYXJnMCwgam9iamVjdCBhcmcxKQp7
1861	STATEMENT	83883	83919	1	84075b9dbfa8e5db858138704f6389c9afa50b9587cf58209161438b48d021fc	CglHdGtBbGxvY2F0aW9uIF9hcmcxLCAqbHBhcmcxPU5VTEw7
1862	STATEMENT	83919	83985	1	4c759f3022f3baadfbbe6037fdf578d423e81904b3352e4d5245926397c47953	CglHVEszX05BVElWRV9FTlRFUihlbnYsIHRoYXQsIGd0a18xd2lkZ2V0XzFzZXRfMWFsbG9jYXRpb25fRlVOQyk7
1863	STATEMENT	83985	84073	1	53b81e5ad7b53fa9a5e4b81bd0af6d097b32f805aa3daaa8fa8f73a506e4cbc6	CglpZiAoYXJnMSkgaWYgKChscGFyZzEgPSBnZXRHdGtBbGxvY2F0aW9uRmllbGRzKGVudiwgYXJnMSwgJl9hcmcxKSkgPT0gTlVMTCkgZ290byBmYWlsOw==
1864	STATEMENT	84073	84145	1	8bc13c863511ba59ea2d71fc5ccdeb1adbab5032c02dd386f0ecdb833f6dfdef	CglndGtfd2lkZ2V0X3NldF9hbGxvY2F0aW9uKChHdGtXaWRnZXQgKilhcmcwLCAoR3RrQWxsb2NhdGlvbiAqKWxwYXJnMSk7
1865	STATEMENT	84145	84216	1	2b5a8502576d4b3e6a27e93d72765a74c52a1acf50be053acf87d3e562abfc1d	CmZhaWw6CglHVEszX05BVElWRV9FWElUKGVudiwgdGhhdCwgZ3RrXzF3aWRnZXRfMXNldF8xYWxsb2NhdGlvbl9GVU5DKTs=
1866	FRAGMENT	84216	84217	1	01ba4719c80b6fe911b091a7c05124b64eeece964e09c058ef8f9805daca546b	Cg==
1867	BLOCK_CLOSE	84217	84218	0	d10b36aa74a59bcf4a88185837f658afaf3646eff2bb16c3928d0e9335e945d2	fQ==
1868	PREPROCESSOR	84218	84226	0	626de321eb397f6600939892a0009f31bc378f7e886f9acc5ec0af18db6a99a7	CiNlbmRpZgo=
1869	PREPROCESSOR	84226	84269	0	62be164fbbfa9ce60926e684239ba9071843543bdeff732079eb0689c9f153e7	CiNpZm5kZWYgTk9fZ3RrXzF3aWRnZXRfMXNldF8xY2FuXzFkZWZhdWx0Cg==
1870	FUNCTION_OPEN	84269	84392	0	1fcadc09f280dac2c1ddbd3a456526b0661218659fe79621520eab8a77e4d4ea	Sk5JRVhQT1JUIHZvaWQgSk5JQ0FMTCBHVEszX05BVElWRShndGtfMXdpZGdldF8xc2V0XzFjYW5fMWRlZmF1bHQpCgkoSk5JRW52ICplbnYsIGpjbGFzcyB0aGF0LCBqbG9uZyBhcmcwLCBqYm9vbGVhbiBhcmcxKQp7
1871	STATEMENT	84392	84460	1	f1e2045fda14e67bae722fb0ac2e0935365224e86b0a594aa7cbacb3cf77177b	CglHVEszX05BVElWRV9FTlRFUihlbnYsIHRoYXQsIGd0a18xd2lkZ2V0XzFzZXRfMWNhbl8xZGVmYXVsdF9GVU5DKTs=
1872	STATEMENT	84460	84524	1	377de0c4a759d0e7bf2502f7de1ec3be35fd70b1a565a7aa984cc85ca05b06b0	CglndGtfd2lkZ2V0X3NldF9jYW5fZGVmYXVsdCgoR3RrV2lkZ2V0ICopYXJnMCwgKGdib29sZWFuKWFyZzEpOw==
1873	STATEMENT	84524	84591	1	7adeb186502950b88422e07e5fb3c323e47331e800d2533a8b82a6c203399170	CglHVEszX05BVElWRV9FWElUKGVudiwgdGhhdCwgZ3RrXzF3aWRnZXRfMXNldF8xY2FuXzFkZWZhdWx0X0ZVTkMpOw==
1874	FRAGMENT	84591	84592	1	01ba4719c80b6fe911b091a7c05124b64eeece964e09c058ef8f9805daca546b	Cg==
1875	BLOCK_CLOSE	84592	84593	0	d10b36aa74a59bcf4a88185837f658afaf3646eff2bb16c3928d0e9335e945d2	fQ==
1876	PREPROCESSOR	84593	84601	0	626de321eb397f6600939892a0009f31bc378f7e886f9acc5ec0af18db6a99a7	CiNlbmRpZgo=
1877	PREPROCESSOR	84601	84636	0	9e9e578c8fbb23b5cb9a3536de24e1ca6e7013194aceec8db9bf5d378ebc04be	CiNpZm5kZWYgTk9fZ3RrXzF3aWRnZXRfMXNldF8xY2xpcAo=
1878	FUNCTION_OPEN	84636	84750	0	70590a42a1823a02214785c841368fd875381abdf6f89976d56af27a82fdd235	Sk5JRVhQT1JUIHZvaWQgSk5JQ0FMTCBHVEszX05BVElWRShndGtfMXdpZGdldF8xc2V0XzFjbGlwKQoJKEpOSUVudiAqZW52LCBqY2xhc3MgdGhhdCwgamxvbmcgYXJnMCwgam9iamVjdCBhcmcxKQp7
1879	STATEMENT	84750	84786	1	84075b9dbfa8e5db858138704f6389c9afa50b9587cf58209161438b48d021fc	CglHdGtBbGxvY2F0aW9uIF9hcmcxLCAqbHBhcmcxPU5VTEw7
1880	STATEMENT	84786	84846	1	4ea8e1bfe04ad62ecbc71c3332de003a3a5ffcc52a6f63ba497a6d759b50db7d	CglHVEszX05BVElWRV9FTlRFUihlbnYsIHRoYXQsIGd0a18xd2lkZ2V0XzFzZXRfMWNsaXBfRlVOQyk7
1881	STATEMENT	84846	84934	1	53b81e5ad7b53fa9a5e4b81bd0af6d097b32f805aa3daaa8fa8f73a506e4cbc6	CglpZiAoYXJnMSkgaWYgKChscGFyZzEgPSBnZXRHdGtBbGxvY2F0aW9uRmllbGRzKGVudiwgYXJnMSwgJl9hcmcxKSkgPT0gTlVMTCkgZ290byBmYWlsOw==
1882	STATEMENT	84934	84983	1	5382be864d74e46617bdeed697f98f5e3ea4de429be2686c998a3cd1d76c581a	CglndGtfd2lkZ2V0X3NldF9jbGlwKChHdGtXaWRnZXQgKilhcmcwLCBscGFyZzEpOw==
1883	STATEMENT	84983	85053	1	1588ff7b540ba72f45bed73dd59a9dbd65d85ca490f0252b63c1afd3bb55e631	CmZhaWw6CglpZiAoYXJnMSAmJiBscGFyZzEpIHNldEd0a0FsbG9jYXRpb25GaWVsZHMoZW52LCBhcmcxLCBscGFyZzEpOw==
1884	STATEMENT	85053	85112	1	b6fd7ed58776dc9e25154533aa264e1cb65e0d4aa7117d2d8063ef5746be50e3	CglHVEszX05BVElWRV9FWElUKGVudiwgdGhhdCwgZ3RrXzF3aWRnZXRfMXNldF8xY2xpcF9GVU5DKTs=
1885	FRAGMENT	85112	85113	1	01ba4719c80b6fe911b091a7c05124b64eeece964e09c058ef8f9805daca546b	Cg==
1886	BLOCK_CLOSE	85113	85114	0	d10b36aa74a59bcf4a88185837f658afaf3646eff2bb16c3928d0e9335e945d2	fQ==
1887	PREPROCESSOR	85114	85122	0	626de321eb397f6600939892a0009f31bc378f7e886f9acc5ec0af18db6a99a7	CiNlbmRpZgo=
1888	PREPROCESSOR	85122	85169	0	a3f89dd906995611e60e0be1fa275a6bd188788032fafd5c0650a3120ea81991	CiNpZm5kZWYgTk9fZ3RrXzF3aWRnZXRfMXNldF8xZG91YmxlXzFidWZmZXJlZAo=
1889	FUNCTION_OPEN	85169	85329	0	c9515eb9e9567154ed7eedb8595ca436de0acf50cab3811e49fc288f7339a353	R19HTlVDX0JFR0lOX0lHTk9SRV9ERVBSRUNBVElPTlMKSk5JRVhQT1JUIHZvaWQgSk5JQ0FMTCBHVEszX05BVElWRShndGtfMXdpZGdldF8xc2V0XzFkb3VibGVfMWJ1ZmZlcmVkKQoJKEpOSUVudiAqZW52LCBqY2xhc3MgdGhhdCwgamxvbmcgYXJnMCwgamJvb2xlYW4gYXJnMSkKew==
1890	STATEMENT	85329	85401	1	04d876fff83ef1b2ce0b33d4b8b9d040273165eeb0044cf67a80de3bcf4ce6a9	CglHVEszX05BVElWRV9FTlRFUihlbnYsIHRoYXQsIGd0a18xd2lkZ2V0XzFzZXRfMWRvdWJsZV8xYnVmZmVyZWRfRlVOQyk7
1891	STATEMENT	85401	85469	1	477a47b9238d9e72a5e3f410b9653630b054292454016f926c16c6e0691bd6b4	CglndGtfd2lkZ2V0X3NldF9kb3VibGVfYnVmZmVyZWQoKEd0a1dpZGdldCAqKWFyZzAsIChnYm9vbGVhbilhcmcxKTs=
1892	STATEMENT	85469	85540	1	035fa3b4703c93a721d99df3983c2648c0fa25c6f4a5321dbf04423bc1dc5c7c	CglHVEszX05BVElWRV9FWElUKGVudiwgdGhhdCwgZ3RrXzF3aWRnZXRfMXNldF8xZG91YmxlXzFidWZmZXJlZF9GVU5DKTs=
1893	FRAGMENT	85540	85541	1	01ba4719c80b6fe911b091a7c05124b64eeece964e09c058ef8f9805daca546b	Cg==
1894	BLOCK_CLOSE	85541	85542	0	d10b36aa74a59bcf4a88185837f658afaf3646eff2bb16c3928d0e9335e945d2	fQ==
1895	PREPROCESSOR	85542	85581	0	9ed1daae63e6075b33dfc403acf6c6030324fb6d62b8910eaca7edfc62576b30	CkdfR05VQ19FTkRfSUdOT1JFX0RFUFJFQ0FUSU9OUwojZW5kaWYK
1896	PREPROCESSOR	85581	85623	0	16cafcd551d281d38e94fb453ad407d37aa8857c84d4d2cfcc25b161ee6329c6	CiNpZm5kZWYgTk9fZ3RrXzF3aWRnZXRfMXNldF8xaGFzXzF3aW5kb3cK
1897	FUNCTION_OPEN	85623	85745	0	6abc848411a20b98a4f429c6f8574d49c3e424fc29085f2443d8bad697365714	Sk5JRVhQT1JUIHZvaWQgSk5JQ0FMTCBHVEszX05BVElWRShndGtfMXdpZGdldF8xc2V0XzFoYXNfMXdpbmRvdykKCShKTklFbnYgKmVudiwgamNsYXNzIHRoYXQsIGpsb25nIGFyZzAsIGpib29sZWFuIGFyZzEpCns=
1898	STATEMENT	85745	85812	1	3ac7a9ba19cab50e69e5163c0f36e4648134532c0e4a9c5c78c0eb8512d6170b	CglHVEszX05BVElWRV9FTlRFUihlbnYsIHRoYXQsIGd0a18xd2lkZ2V0XzFzZXRfMWhhc18xd2luZG93X0ZVTkMpOw==
1899	STATEMENT	85812	85875	1	230755a8b55055a76598b910d5206317c2a85f667482598b5419df55d1ef3dd1	CglndGtfd2lkZ2V0X3NldF9oYXNfd2luZG93KChHdGtXaWRnZXQgKilhcmcwLCAoZ2Jvb2xlYW4pYXJnMSk7
1900	STATEMENT	85875	85941	1	b6c0b3c66acbc68c08c87681b7e34ad14b1ddb22b49f9a8a4943eafceeecd7f8	CglHVEszX05BVElWRV9FWElUKGVudiwgdGhhdCwgZ3RrXzF3aWRnZXRfMXNldF8xaGFzXzF3aW5kb3dfRlVOQyk7
1901	FRAGMENT	85941	85942	1	01ba4719c80b6fe911b091a7c05124b64eeece964e09c058ef8f9805daca546b	Cg==
1902	BLOCK_CLOSE	85942	85943	0	d10b36aa74a59bcf4a88185837f658afaf3646eff2bb16c3928d0e9335e945d2	fQ==
1903	PREPROCESSOR	85943	85951	0	626de321eb397f6600939892a0009f31bc378f7e886f9acc5ec0af18db6a99a7	CiNlbmRpZgo=
1904	PREPROCESSOR	85951	85996	0	8f0653dd0067e4bf55f9d4e84d0dc8fc25e85d07bfc8421f951b5bf2d386a901	CiNpZm5kZWYgTk9fZ3RrXzF3aWRnZXRfMXNldF8xcGFyZW50XzF3aW5kb3cK
1905	FUNCTION_OPEN	85996	86118	0	78c77c50909eec18faf02ac49bc532d2c82633426f2c7090df5f6710a3a65ac5	Sk5JRVhQT1JUIHZvaWQgSk5JQ0FMTCBHVEszX05BVElWRShndGtfMXdpZGdldF8xc2V0XzFwYXJlbnRfMXdpbmRvdykKCShKTklFbnYgKmVudiwgamNsYXNzIHRoYXQsIGpsb25nIGFyZzAsIGpsb25nIGFyZzEpCns=
1906	STATEMENT	86118	86188	1	bed3520c5ec819c89e7fd44f0f7cb480b924967bce07a439c75bae8bfb74170c	CglHVEszX05BVElWRV9FTlRFUihlbnYsIHRoYXQsIGd0a18xd2lkZ2V0XzFzZXRfMXBhcmVudF8xd2luZG93X0ZVTkMpOw==
1907	STATEMENT	86188	86257	1	00d4d4d1469b513c723407ec6b17003ba1d10f9113d235a63579bbe31f1f135f	CglndGtfd2lkZ2V0X3NldF9wYXJlbnRfd2luZG93KChHdGtXaWRnZXQgKilhcmcwLCAoR2RrV2luZG93ICopYXJnMSk7
1908	STATEMENT	86257	86326	1	807241d3d1e272d4e600ba9108b2558978631159d73611cca2d1e6fc271449b4	CglHVEszX05BVElWRV9FWElUKGVudiwgdGhhdCwgZ3RrXzF3aWRnZXRfMXNldF8xcGFyZW50XzF3aW5kb3dfRlVOQyk7
1909	FRAGMENT	86326	86327	1	01ba4719c80b6fe911b091a7c05124b64eeece964e09c058ef8f9805daca546b	Cg==
1910	BLOCK_CLOSE	86327	86328	0	d10b36aa74a59bcf4a88185837f658afaf3646eff2bb16c3928d0e9335e945d2	fQ==
1911	PREPROCESSOR	86328	86336	0	626de321eb397f6600939892a0009f31bc378f7e886f9acc5ec0af18db6a99a7	CiNlbmRpZgo=
1912	PREPROCESSOR	86336	86387	0	e9d350afb049027f68a7b3abf3d71d48868a64fdbc048f6b397ebd8d3184ced1	CiNpZm5kZWYgTk9fZ3RrXzF3aWRnZXRfMXNldF8xcmVkcmF3XzFvbl8xYWxsb2NhdGUK
1913	FUNCTION_OPEN	86387	86518	0	3a4105878e7cd19a1731c9c4b203ea56c00b2da709ce4a9ef77cd580c658c556	Sk5JRVhQT1JUIHZvaWQgSk5JQ0FMTCBHVEszX05BVElWRShndGtfMXdpZGdldF8xc2V0XzFyZWRyYXdfMW9uXzFhbGxvY2F0ZSkKCShKTklFbnYgKmVudiwgamNsYXNzIHRoYXQsIGpsb25nIGFyZzAsIGpib29sZWFuIGFyZzEpCns=
1914	STATEMENT	86518	86594	1	59cf442c31baf90401172443f8a9f94e96ec5ad7dd5934afc02048c9f9886279	CglHVEszX05BVElWRV9FTlRFUihlbnYsIHRoYXQsIGd0a18xd2lkZ2V0XzFzZXRfMXJlZHJhd18xb25fMWFsbG9jYXRlX0ZVTkMpOw==
1915	STATEMENT	86594	86665	1	2374c1f02403b020908cfa4a7e353ef362cdb1270825ff3c3bb87f6a55f20998	CglndGtfd2lkZ2V0X3NldF9yZWRyYXdfb25fYWxsb2NhdGUoKEd0a1dpZGdldCAqKWFyZzAsIChnYm9vbGVhbilhcmcxKTs=
1916	STATEMENT	86665	86740	1	6f5de170c8b8a74d631e3c2fa6309bfb68e80e27ef0a0565ac23ffa8e9240ac0	CglHVEszX05BVElWRV9FWElUKGVudiwgdGhhdCwgZ3RrXzF3aWRnZXRfMXNldF8xcmVkcmF3XzFvbl8xYWxsb2NhdGVfRlVOQyk7
1917	FRAGMENT	86740	86741	1	01ba4719c80b6fe911b091a7c05124b64eeece964e09c058ef8f9805daca546b	Cg==
1918	BLOCK_CLOSE	86741	86742	0	d10b36aa74a59bcf4a88185837f658afaf3646eff2bb16c3928d0e9335e945d2	fQ==
1919	PREPROCESSOR	86742	86750	0	626de321eb397f6600939892a0009f31bc378f7e886f9acc5ec0af18db6a99a7	CiNlbmRpZgo=
1920	PREPROCESSOR	86750	86798	0	0a3cc30055705995b6d8d45b789a436d23c7d371e13f69853b6207d8b6fa8c44	CiNpZm5kZWYgTk9fZ3RrXzF3aWRnZXRfMXNoYXBlXzFjb21iaW5lXzFyZWdpb24K
1921	FUNCTION_OPEN	86798	86923	0	346cb70ec2746332785a0c4f6f7bb16df35143b910e91817653dd641483f0451	Sk5JRVhQT1JUIHZvaWQgSk5JQ0FMTCBHVEszX05BVElWRShndGtfMXdpZGdldF8xc2hhcGVfMWNvbWJpbmVfMXJlZ2lvbikKCShKTklFbnYgKmVudiwgamNsYXNzIHRoYXQsIGpsb25nIGFyZzAsIGpsb25nIGFyZzEpCns=
1922	STATEMENT	86923	86996	1	a975dd8d745e6a4d3fcf9e1d721110a889d64648a3c32bac172618ccc3a2b03d	CglHVEszX05BVElWRV9FTlRFUihlbnYsIHRoYXQsIGd0a18xd2lkZ2V0XzFzaGFwZV8xY29tYmluZV8xcmVnaW9uX0ZVTkMpOw==
1923	STATEMENT	86996	87073	1	5b94a212645888c86f6a72bdc65c6b88edecf4504911c997fe4ef873c69a2361	CglndGtfd2lkZ2V0X3NoYXBlX2NvbWJpbmVfcmVnaW9uKChHdGtXaWRnZXQgKilhcmcwLCAoY2Fpcm9fcmVnaW9uX3QgKilhcmcxKTs=
1924	STATEMENT	87073	87145	1	021cebc4cbb4c65055485c5f65a1fb8fe015e767eccde0c07d16e3b8639b6908	CglHVEszX05BVElWRV9FWElUKGVudiwgdGhhdCwgZ3RrXzF3aWRnZXRfMXNoYXBlXzFjb21iaW5lXzFyZWdpb25fRlVOQyk7
1925	FRAGMENT	87145	87146	1	01ba4719c80b6fe911b091a7c05124b64eeece964e09c058ef8f9805daca546b	Cg==
1926	BLOCK_CLOSE	87146	87147	0	d10b36aa74a59bcf4a88185837f658afaf3646eff2bb16c3928d0e9335e945d2	fQ==
1927	PREPROCESSOR	87147	87155	0	626de321eb397f6600939892a0009f31bc378f7e886f9acc5ec0af18db6a99a7	CiNlbmRpZgo=
1928	PREPROCESSOR	87155	87185	0	a1e634f1f189bb9abc61746e8ebcf8486cbac51c108e354c1be42fb91709d3e9	CiNpZm5kZWYgTk9fZ3RrXzF3aWRnZXRfMXNob3cK
1929	FUNCTION_OPEN	87185	87280	0	190388e103359802a9b5f55c43a00d6b6f031d8316b00f6a9730a4fa7abb32c7	Sk5JRVhQT1JUIHZvaWQgSk5JQ0FMTCBHVEszX05BVElWRShndGtfMXdpZGdldF8xc2hvdykKCShKTklFbnYgKmVudiwgamNsYXNzIHRoYXQsIGpsb25nIGFyZzApCns=
1930	STATEMENT	87280	87335	1	0f82f0f15b92d8cbe9e7a71e179742656d77d7e88b35e516cf30913ff6d59f6d	CglHVEszX05BVElWRV9FTlRFUihlbnYsIHRoYXQsIGd0a18xd2lkZ2V0XzFzaG93X0ZVTkMpOw==
1931	STATEMENT	87335	87372	1	1f352125d77326b8859e209d8239adf6a227483c2d50ec7e6a1880a53757bc5c	CglndGtfd2lkZ2V0X3Nob3coKEd0a1dpZGdldCAqKWFyZzApOw==
1932	STATEMENT	87372	87426	1	d8dc5c164d9355a36acb3447c252d4a9d0b39d33f17f4f376823ef4923ee0317	CglHVEszX05BVElWRV9FWElUKGVudiwgdGhhdCwgZ3RrXzF3aWRnZXRfMXNob3dfRlVOQyk7
1933	FRAGMENT	87426	87427	1	01ba4719c80b6fe911b091a7c05124b64eeece964e09c058ef8f9805daca546b	Cg==
1934	BLOCK_CLOSE	87427	87428	0	d10b36aa74a59bcf4a88185837f658afaf3646eff2bb16c3928d0e9335e945d2	fQ==
1935	PREPROCESSOR	87428	87436	0	626de321eb397f6600939892a0009f31bc378f7e886f9acc5ec0af18db6a99a7	CiNlbmRpZgo=
1936	PREPROCESSOR	87436	87476	0	90b3a3d2c46c73f899da2786d2be45783f12d2dd0105b3ec6f1b6116ba2d47f3	CiNpZm5kZWYgTk9fZ3RrXzF3aWRnZXRfMXNpemVfMWFsbG9jYXRlCg==
1937	FUNCTION_OPEN	87476	87595	0	08458d81dcf62ce582c0c1198adf41153b9494e12734a3bb5e66a59120f38570	Sk5JRVhQT1JUIHZvaWQgSk5JQ0FMTCBHVEszX05BVElWRShndGtfMXdpZGdldF8xc2l6ZV8xYWxsb2NhdGUpCgkoSk5JRW52ICplbnYsIGpjbGFzcyB0aGF0LCBqbG9uZyBhcmcwLCBqb2JqZWN0IGFyZzEpCns=
1938	STATEMENT	87595	87631	1	84075b9dbfa8e5db858138704f6389c9afa50b9587cf58209161438b48d021fc	CglHdGtBbGxvY2F0aW9uIF9hcmcxLCAqbHBhcmcxPU5VTEw7
1939	STATEMENT	87631	87696	1	a78ec11d3dac3af0953ca993b8b30f9d236c3876a4ca7f884f3fa8508e60657b	CglHVEszX05BVElWRV9FTlRFUihlbnYsIHRoYXQsIGd0a18xd2lkZ2V0XzFzaXplXzFhbGxvY2F0ZV9GVU5DKTs=
1940	STATEMENT	87696	87784	1	53b81e5ad7b53fa9a5e4b81bd0af6d097b32f805aa3daaa8fa8f73a506e4cbc6	CglpZiAoYXJnMSkgaWYgKChscGFyZzEgPSBnZXRHdGtBbGxvY2F0aW9uRmllbGRzKGVudiwgYXJnMSwgJl9hcmcxKSkgPT0gTlVMTCkgZ290byBmYWlsOw==
1941	STATEMENT	87784	87855	1	b0c2f99ad2b5e5c7d97d2e72d9e5b05dba69ff8e222fa37b24980ed28282f64a	CglndGtfd2lkZ2V0X3NpemVfYWxsb2NhdGUoKEd0a1dpZGdldCAqKWFyZzAsIChHdGtBbGxvY2F0aW9uICopbHBhcmcxKTs=
1942	STATEMENT	87855	87925	1	d694e8fa91e5f4b9d08c9349a7370269447791ba18a3c4128e6a6431fcf12abd	CmZhaWw6CglHVEszX05BVElWRV9FWElUKGVudiwgdGhhdCwgZ3RrXzF3aWRnZXRfMXNpemVfMWFsbG9jYXRlX0ZVTkMpOw==
1943	FRAGMENT	87925	87926	1	01ba4719c80b6fe911b091a7c05124b64eeece964e09c058ef8f9805daca546b	Cg==
1944	BLOCK_CLOSE	87926	87927	0	d10b36aa74a59bcf4a88185837f658afaf3646eff2bb16c3928d0e9335e945d2	fQ==
1945	PREPROCESSOR	87927	87935	0	626de321eb397f6600939892a0009f31bc378f7e886f9acc5ec0af18db6a99a7	CiNlbmRpZgo=
1946	PREPROCESSOR	87935	87981	0	ec633ca2e3193b0e135625718934f5475d4a59c2067a983475d91ca3dc03936b	CiNpZm5kZWYgTk9fZ3RrXzF3aWRnZXRfMXN0eWxlXzFnZXRfX0pfM0JfM0lKCg==
1947	FUNCTION_OPEN	87981	88137	0	66e558bd2f243de1d70f963479e63f042d77f0582e93a24df20e1fc57938d35a	Sk5JRVhQT1JUIHZvaWQgSk5JQ0FMTCBHVEszX05BVElWRShndGtfMXdpZGdldF8xc3R5bGVfMWdldF9fSl8zQl8zSUopCgkoSk5JRW52ICplbnYsIGpjbGFzcyB0aGF0LCBqbG9uZyBhcmcwLCBqYnl0ZUFycmF5IGFyZzEsIGppbnRBcnJheSBhcmcyLCBqbG9uZyBhcmczKQp7
1948	STATEMENT	88137	88158	1	ecbc1c66598161b54ed7d4df47ce4c17c895a8aaf496cadd930f0e7e6c9b06d3	CglqYnl0ZSAqbHBhcmcxPU5VTEw7
1949	STATEMENT	88158	88178	1	6778f342eb5ab632481500374a71f394d94a272d1e7b47275cb4d780109a0ee9	CglqaW50ICpscGFyZzI9TlVMTDs=
1950	STATEMENT	88178	88249	1	0c769e6c8939babba62b75900fdeac79440f3457bb1bb27afc2f126d391bf462	CglHVEszX05BVElWRV9FTlRFUihlbnYsIHRoYXQsIGd0a18xd2lkZ2V0XzFzdHlsZV8xZ2V0X19KXzNCXzNJSl9GVU5DKTs=
1951	STATEMENT	88249	88341	1	9e0f7faa1c09a55eb10394bedcb268962dfc3d57ab587fe9530c7324cc7b0ca1	CglpZiAoYXJnMSkgaWYgKChscGFyZzEgPSAoKmVudiktPkdldEJ5dGVBcnJheUVsZW1lbnRzKGVudiwgYXJnMSwgTlVMTCkpID09IE5VTEwpIGdvdG8gZmFpbDs=
1952	STATEMENT	88341	88432	1	ca6aabd59f1383d487b020921ad77bd304b1a72e14905b7e1fbd1d51e7e45db1	CglpZiAoYXJnMikgaWYgKChscGFyZzIgPSAoKmVudiktPkdldEludEFycmF5RWxlbWVudHMoZW52LCBhcmcyLCBOVUxMKSkgPT0gTlVMTCkgZ290byBmYWlsOw==
1953	STATEMENT	88432	88526	1	8ff17e2a3dae98d4d10a513900eb7418d25c7680d6a3ba5301a34eaf59f1bead	CglndGtfd2lkZ2V0X3N0eWxlX2dldCgoR3RrV2lkZ2V0ICopYXJnMCwgKGNvbnN0IGdjaGFyICopbHBhcmcxLCBscGFyZzIsIChjb25zdCBnY2hhciAqKU5VTEwpOw==
1954	STATEMENT	88526	88608	1	937b097e6910de483c3cbd1c30f882030c6c01ae1a410e62fb9a20783683ba76	CmZhaWw6CglpZiAoYXJnMiAmJiBscGFyZzIpICgqZW52KS0+UmVsZWFzZUludEFycmF5RWxlbWVudHMoZW52LCBhcmcyLCBscGFyZzIsIDApOw==
1955	STATEMENT	88608	88685	1	0a2b4007bb3bb5eeb22d7212a73be33bda13e0e70b47862b97015cc5d8cb38cc	CglpZiAoYXJnMSAmJiBscGFyZzEpICgqZW52KS0+UmVsZWFzZUJ5dGVBcnJheUVsZW1lbnRzKGVudiwgYXJnMSwgbHBhcmcxLCAwKTs=
1956	STATEMENT	88685	88755	1	a2d70ec19bb08acf3d95abfe76fc304b3ce5f14fc9e4f0d59e35ad285e860dc1	CglHVEszX05BVElWRV9FWElUKGVudiwgdGhhdCwgZ3RrXzF3aWRnZXRfMXN0eWxlXzFnZXRfX0pfM0JfM0lKX0ZVTkMpOw==
1957	FRAGMENT	88755	88756	1	01ba4719c80b6fe911b091a7c05124b64eeece964e09c058ef8f9805daca546b	Cg==
1958	BLOCK_CLOSE	88756	88757	0	d10b36aa74a59bcf4a88185837f658afaf3646eff2bb16c3928d0e9335e945d2	fQ==
1959	PREPROCESSOR	88757	88765	0	626de321eb397f6600939892a0009f31bc378f7e886f9acc5ec0af18db6a99a7	CiNlbmRpZgo=
1960	PREPROCESSOR	88765	88811	0	9be059c5ef3d8488d2f50bf02cb799f193077f4e52e61bcdf785cda978f7828c	CiNpZm5kZWYgTk9fZ3RrXzF3aWRnZXRfMXN0eWxlXzFnZXRfX0pfM0JfM0pKCg==
1961	FUNCTION_OPEN	88811	88968	0	4d85fbb564b8cbd349c5fc5d55e71c0c2c95973e0322f1d27be2e9b075d1191c	Sk5JRVhQT1JUIHZvaWQgSk5JQ0FMTCBHVEszX05BVElWRShndGtfMXdpZGdldF8xc3R5bGVfMWdldF9fSl8zQl8zSkopCgkoSk5JRW52ICplbnYsIGpjbGFzcyB0aGF0LCBqbG9uZyBhcmcwLCBqYnl0ZUFycmF5IGFyZzEsIGpsb25nQXJyYXkgYXJnMiwgamxvbmcgYXJnMykKew==
1962	STATEMENT	88968	88989	1	ecbc1c66598161b54ed7d4df47ce4c17c895a8aaf496cadd930f0e7e6c9b06d3	CglqYnl0ZSAqbHBhcmcxPU5VTEw7
1963	STATEMENT	88989	89010	1	14ee868f685db71861cfd3ee29bba2286fbcac344f0a669a0de0781f9f97193e	CglqbG9uZyAqbHBhcmcyPU5VTEw7
1964	STATEMENT	89010	89081	1	0cc07c47bc41d79c6d87812bae4d4f4c016aae94cef9822745c61275c7768bac	CglHVEszX05BVElWRV9FTlRFUihlbnYsIHRoYXQsIGd0a18xd2lkZ2V0XzFzdHlsZV8xZ2V0X19KXzNCXzNKSl9GVU5DKTs=
1965	STATEMENT	89081	89173	1	9e0f7faa1c09a55eb10394bedcb268962dfc3d57ab587fe9530c7324cc7b0ca1	CglpZiAoYXJnMSkgaWYgKChscGFyZzEgPSAoKmVudiktPkdldEJ5dGVBcnJheUVsZW1lbnRzKGVudiwgYXJnMSwgTlVMTCkpID09IE5VTEwpIGdvdG8gZmFpbDs=
1966	STATEMENT	89173	89265	1	b4f19d7a33b1d23f95212e25ea2f0a1971b2a069931368f0f7c3234ad1d7bc03	CglpZiAoYXJnMikgaWYgKChscGFyZzIgPSAoKmVudiktPkdldExvbmdBcnJheUVsZW1lbnRzKGVudiwgYXJnMiwgTlVMTCkpID09IE5VTEwpIGdvdG8gZmFpbDs=
1967	STATEMENT	89265	89359	1	8ff17e2a3dae98d4d10a513900eb7418d25c7680d6a3ba5301a34eaf59f1bead	CglndGtfd2lkZ2V0X3N0eWxlX2dldCgoR3RrV2lkZ2V0ICopYXJnMCwgKGNvbnN0IGdjaGFyICopbHBhcmcxLCBscGFyZzIsIChjb25zdCBnY2hhciAqKU5VTEwpOw==
1968	STATEMENT	89359	89442	1	7fbb799efbaced44951814914d554fd234f83e74e38da010ee1ef435ab5b6323	CmZhaWw6CglpZiAoYXJnMiAmJiBscGFyZzIpICgqZW52KS0+UmVsZWFzZUxvbmdBcnJheUVsZW1lbnRzKGVudiwgYXJnMiwgbHBhcmcyLCAwKTs=
1969	STATEMENT	89442	89519	1	0a2b4007bb3bb5eeb22d7212a73be33bda13e0e70b47862b97015cc5d8cb38cc	CglpZiAoYXJnMSAmJiBscGFyZzEpICgqZW52KS0+UmVsZWFzZUJ5dGVBcnJheUVsZW1lbnRzKGVudiwgYXJnMSwgbHBhcmcxLCAwKTs=
1970	STATEMENT	89519	89589	1	e31f5a8abf28d7afe87e2e5fcf66ad0da17ea5e55f1062b730cf846c6e2af879	CglHVEszX05BVElWRV9FWElUKGVudiwgdGhhdCwgZ3RrXzF3aWRnZXRfMXN0eWxlXzFnZXRfX0pfM0JfM0pKX0ZVTkMpOw==
1971	FRAGMENT	89589	89590	1	01ba4719c80b6fe911b091a7c05124b64eeece964e09c058ef8f9805daca546b	Cg==
1972	BLOCK_CLOSE	89590	89591	0	d10b36aa74a59bcf4a88185837f658afaf3646eff2bb16c3928d0e9335e945d2	fQ==
1973	PREPROCESSOR	89591	89599	0	626de321eb397f6600939892a0009f31bc378f7e886f9acc5ec0af18db6a99a7	CiNlbmRpZgo=
1974	PREPROCESSOR	89599	89647	0	a9c3f7566274813052d8e308e61048212f39e54f2bfcd807388e6d099bc3bc8c	CiNpZm5kZWYgTk9fZ3RrXzF3aWRnZXRfMXRyYW5zbGF0ZV8xY29vcmRpbmF0ZXMK
1975	FUNCTION_OPEN	89647	89830	0	9dfd728e47088761fbf7141031156a405e46e9ce0ef825dea8cc7da80423c5e0	Sk5JRVhQT1JUIGpib29sZWFuIEpOSUNBTEwgR1RLM19OQVRJVkUoZ3RrXzF3aWRnZXRfMXRyYW5zbGF0ZV8xY29vcmRpbmF0ZXMpCgkoSk5JRW52ICplbnYsIGpjbGFzcyB0aGF0LCBqbG9uZyBhcmcwLCBqbG9uZyBhcmcxLCBqaW50IGFyZzIsIGppbnQgYXJnMywgamludEFycmF5IGFyZzQsIGppbnRBcnJheSBhcmc1KQp7
1976	STATEMENT	89830	89850	1	e6094d397f2521b1138f4852480cb23ab638132e24f6c3b14d70fdf9d050b549	CglqaW50ICpscGFyZzQ9TlVMTDs=
1977	STATEMENT	89850	89870	1	c36deab2017725fa7481a4988aca1cc8a184fbf159f56c94121c2107b9b0b008	CglqaW50ICpscGFyZzU9TlVMTDs=
1978	STATEMENT	89870	89888	1	6e389c725127046540fa228f0aca981232172a088ed5b7d88f2be6db7346caa1	CglqYm9vbGVhbiByYyA9IDA7
1979	STATEMENT	89888	89961	1	1a403648a617673a0b1a1cd1065a88d87a878d7bb7aa442199b01f8cc43a9c11	CglHVEszX05BVElWRV9FTlRFUihlbnYsIHRoYXQsIGd0a18xd2lkZ2V0XzF0cmFuc2xhdGVfMWNvb3JkaW5hdGVzX0ZVTkMpOw==
1980	STATEMENT	89961	90052	1	4ab5944c292d0708690ce8cd7c9021d230523f2178f00095ec15bc1433bc2b72	CglpZiAoYXJnNCkgaWYgKChscGFyZzQgPSAoKmVudiktPkdldEludEFycmF5RWxlbWVudHMoZW52LCBhcmc0LCBOVUxMKSkgPT0gTlVMTCkgZ290byBmYWlsOw==
1981	STATEMENT	90052	90143	1	552750cc804e78707954fff5f3878b49291a9b0efcd444b90eaa874d22b8f286	CglpZiAoYXJnNSkgaWYgKChscGFyZzUgPSAoKmVudiktPkdldEludEFycmF5RWxlbWVudHMoZW52LCBhcmc1LCBOVUxMKSkgPT0gTlVMTCkgZ290byBmYWlsOw==
1982	STATEMENT	90143	90275	1	9c0360b0451c6e60a534c69bc0f432533d5c55d6d09a6238227aea2a3bba9204	CglyYyA9IChqYm9vbGVhbilndGtfd2lkZ2V0X3RyYW5zbGF0ZV9jb29yZGluYXRlcygoR3RrV2lkZ2V0ICopYXJnMCwgKEd0a1dpZGdldCAqKWFyZzEsIGFyZzIsIGFyZzMsIChnaW50ICopbHBhcmc0LCAoZ2ludCAqKWxwYXJnNSk7
1983	STATEMENT	90275	90357	1	2002e57c00c245685bc29987013eaef9ebe366ec2b10c1aa436424ae52805bef	CmZhaWw6CglpZiAoYXJnNSAmJiBscGFyZzUpICgqZW52KS0+UmVsZWFzZUludEFycmF5RWxlbWVudHMoZW52LCBhcmc1LCBscGFyZzUsIDApOw==
1984	STATEMENT	90357	90433	1	f65fbbd00e62414eaccee43a1eeddcc374d6221a5f0a7f6db8a7fd6421208865	CglpZiAoYXJnNCAmJiBscGFyZzQpICgqZW52KS0+UmVsZWFzZUludEFycmF5RWxlbWVudHMoZW52LCBhcmc0LCBscGFyZzQsIDApOw==
1985	STATEMENT	90433	90505	1	885bb3fd39910dd2c934e4da6f6e3348427876c5c4b28ab62a7cac53d4e2be76	CglHVEszX05BVElWRV9FWElUKGVudiwgdGhhdCwgZ3RrXzF3aWRnZXRfMXRyYW5zbGF0ZV8xY29vcmRpbmF0ZXNfRlVOQyk7
1986	STATEMENT	90505	90517	1	a028c9c9501df4846ec72c7b4432d4a3cb499b36b781bb1c38853498151d0ba7	CglyZXR1cm4gcmM7
1987	FRAGMENT	90517	90518	1	01ba4719c80b6fe911b091a7c05124b64eeece964e09c058ef8f9805daca546b	Cg==
1988	BLOCK_CLOSE	90518	90519	0	d10b36aa74a59bcf4a88185837f658afaf3646eff2bb16c3928d0e9335e945d2	fQ==
1989	PREPROCESSOR	90519	90527	0	626de321eb397f6600939892a0009f31bc378f7e886f9acc5ec0af18db6a99a7	CiNlbmRpZgo=
1990	PREPROCESSOR	90527	90570	0	370910e32ba20dc679f87baa3d9394cca1c6e78d2a593381c879328f3e073ba1	CiNpZm5kZWYgTk9fZ3RrXzF3aW5kb3dfMWFjdGl2YXRlXzFkZWZhdWx0Cg==
1991	FUNCTION_OPEN	90570	90682	0	a6a6ebc3c5373b29d707b95bcface6dcb512e122abd9db2bf0a1b521d55a3c53	Sk5JRVhQT1JUIGpib29sZWFuIEpOSUNBTEwgR1RLM19OQVRJVkUoZ3RrXzF3aW5kb3dfMWFjdGl2YXRlXzFkZWZhdWx0KQoJKEpOSUVudiAqZW52LCBqY2xhc3MgdGhhdCwgamxvbmcgYXJnMCkKew==
1992	STATEMENT	90682	90700	1	6e389c725127046540fa228f0aca981232172a088ed5b7d88f2be6db7346caa1	CglqYm9vbGVhbiByYyA9IDA7
1993	STATEMENT	90700	90768	1	94d755c80f722d3b3a7d7344b9dbe5f941c80eab40ad6259f3892dcacebc4c56	CglHVEszX05BVElWRV9FTlRFUihlbnYsIHRoYXQsIGd0a18xd2luZG93XzFhY3RpdmF0ZV8xZGVmYXVsdF9GVU5DKTs=
1994	STATEMENT	90768	90832	1	c4beb1d5ead8e33fe9648228262a691f595b1205905acdfff54870a5aecd1758	CglyYyA9IChqYm9vbGVhbilndGtfd2luZG93X2FjdGl2YXRlX2RlZmF1bHQoKEd0a1dpbmRvdyAqKWFyZzApOw==
1995	STATEMENT	90832	90899	1	c14dc7eaf16e0abe850979a3d4095ec6d8931d3b2dbdb4cf915008b6f4bfdcb6	CglHVEszX05BVElWRV9FWElUKGVudiwgdGhhdCwgZ3RrXzF3aW5kb3dfMWFjdGl2YXRlXzFkZWZhdWx0X0ZVTkMpOw==
1996	STATEMENT	90899	90911	1	a028c9c9501df4846ec72c7b4432d4a3cb499b36b781bb1c38853498151d0ba7	CglyZXR1cm4gcmM7
1997	FRAGMENT	90911	90912	1	01ba4719c80b6fe911b091a7c05124b64eeece964e09c058ef8f9805daca546b	Cg==
1998	BLOCK_CLOSE	90912	90913	0	d10b36aa74a59bcf4a88185837f658afaf3646eff2bb16c3928d0e9335e945d2	fQ==
1999	PREPROCESSOR	90913	90921	0	626de321eb397f6600939892a0009f31bc378f7e886f9acc5ec0af18db6a99a7	CiNlbmRpZgo=
2000	PREPROCESSOR	90921	90964	0	33a87e69b1c999d3a2071d801370c392f72228f78ddbc1c7673b3524a476861b	CiNpZm5kZWYgTk9fZ3RrXzF3aW5kb3dfMWFkZF8xYWNjZWxfMWdyb3VwCg==
2001	FUNCTION_OPEN	90964	91084	0	6c2aa225df52be89f3175d7f0b1fa7679e99719ae1427a84a7f97823fbae112d	Sk5JRVhQT1JUIHZvaWQgSk5JQ0FMTCBHVEszX05BVElWRShndGtfMXdpbmRvd18xYWRkXzFhY2NlbF8xZ3JvdXApCgkoSk5JRW52ICplbnYsIGpjbGFzcyB0aGF0LCBqbG9uZyBhcmcwLCBqbG9uZyBhcmcxKQp7
2002	STATEMENT	91084	91152	1	4197434bf6ff09fb21c7c882f097b430f63fcf6dfaeeb0bf298af0820455e903	CglHVEszX05BVElWRV9FTlRFUihlbnYsIHRoYXQsIGd0a18xd2luZG93XzFhZGRfMWFjY2VsXzFncm91cF9GVU5DKTs=
2003	STATEMENT	91152	91223	1	7fd8f639e56d67bb9a83f37742f2b19d750c364632b4c8c9f97acf4b31b6f160	CglndGtfd2luZG93X2FkZF9hY2NlbF9ncm91cCgoR3RrV2luZG93ICopYXJnMCwgKEd0a0FjY2VsR3JvdXAgKilhcmcxKTs=
2004	STATEMENT	91223	91290	1	ce78a9118cd1d70bb9e2a9642911a2158b5ffdaf8b2239326f2f892ece377268	CglHVEszX05BVElWRV9FWElUKGVudiwgdGhhdCwgZ3RrXzF3aW5kb3dfMWFkZF8xYWNjZWxfMWdyb3VwX0ZVTkMpOw==
2005	FRAGMENT	91290	91291	1	01ba4719c80b6fe911b091a7c05124b64eeece964e09c058ef8f9805daca546b	Cg==
2006	BLOCK_CLOSE	91291	91292	0	d10b36aa74a59bcf4a88185837f658afaf3646eff2bb16c3928d0e9335e945d2	fQ==
2007	PREPROCESSOR	91292	91300	0	626de321eb397f6600939892a0009f31bc378f7e886f9acc5ec0af18db6a99a7	CiNlbmRpZgo=
2008	PREPROCESSOR	91300	91335	0	7873e205b7ca1b25f874aab544941c10f05c157d8598c78da1c45ffb1616e3bf	CiNpZm5kZWYgTk9fZ3RrXzF3aW5kb3dfMWRlaWNvbmlmeQo=
2009	FUNCTION_OPEN	91335	91435	0	c18dfa4e564a8e66c3939be08a77eb2849c5046503cfc58fdd931573352423a0	Sk5JRVhQT1JUIHZvaWQgSk5JQ0FMTCBHVEszX05BVElWRShndGtfMXdpbmRvd18xZGVpY29uaWZ5KQoJKEpOSUVudiAqZW52LCBqY2xhc3MgdGhhdCwgamxvbmcgYXJnMCkKew==
2010	STATEMENT	91435	91495	1	58962b319f577f6b344c5cf6c94cf25d025c9860650ba2ecb7da9844871c3099	CglHVEszX05BVElWRV9FTlRFUihlbnYsIHRoYXQsIGd0a18xd2luZG93XzFkZWljb25pZnlfRlVOQyk7
2011	STATEMENT	91495	91537	1	fa150ff35fe48103a83d8660bc5acb0724d078721bdcc13e58f772e676a24eae	CglndGtfd2luZG93X2RlaWNvbmlmeSgoR3RrV2luZG93ICopYXJnMCk7
2012	STATEMENT	91537	91596	1	f7fb4f68a8304d81a7ca9bc66f949b3335a0d3a881672fdafeb362d592db49d0	CglHVEszX05BVElWRV9FWElUKGVudiwgdGhhdCwgZ3RrXzF3aW5kb3dfMWRlaWNvbmlmeV9GVU5DKTs=
2013	FRAGMENT	91596	91597	1	01ba4719c80b6fe911b091a7c05124b64eeece964e09c058ef8f9805daca546b	Cg==
2014	BLOCK_CLOSE	91597	91598	0	d10b36aa74a59bcf4a88185837f658afaf3646eff2bb16c3928d0e9335e945d2	fQ==
2015	PREPROCESSOR	91598	91606	0	626de321eb397f6600939892a0009f31bc378f7e886f9acc5ec0af18db6a99a7	CiNlbmRpZgo=
2016	PREPROCESSOR	91606	91647	0	bb893df79e9aeb73431afe9cd4b0f6559a936218e2ee0e7f8c1fa5de6ef13aef	CiNpZm5kZWYgTk9fZ3RrXzF3aW5kb3dfMWdldF8xaWNvbl8xbGlzdAo=
2017	FUNCTION_OPEN	91647	91754	0	98eec00963391745e54bc1c89a1038c85c5f559a2f81d219d1e450bf3a39edd7	Sk5JRVhQT1JUIGpsb25nIEpOSUNBTEwgR1RLM19OQVRJVkUoZ3RrXzF3aW5kb3dfMWdldF8xaWNvbl8xbGlzdCkKCShKTklFbnYgKmVudiwgamNsYXNzIHRoYXQsIGpsb25nIGFyZzApCns=
2018	STATEMENT	91754	91769	1	3411ceb5951bc52321d8d6cf00df310a159211846b0264e08db2a18b94173633	CglqbG9uZyByYyA9IDA7
2019	STATEMENT	91769	91835	1	3e2ff2a4882d26e19fd1670b59f37e158f3da59a63de2a7de0400c6ce22221c0	CglHVEszX05BVElWRV9FTlRFUihlbnYsIHRoYXQsIGd0a18xd2luZG93XzFnZXRfMWljb25fMWxpc3RfRlVOQyk7
2020	STATEMENT	91835	91893	1	661196b3785e9378b99ba00512e6b6e9c3b729d43ebd66fdbd068b83c13d22fb	CglyYyA9IChqbG9uZylndGtfd2luZG93X2dldF9pY29uX2xpc3QoKEd0a1dpbmRvdyAqKWFyZzApOw==
2021	STATEMENT	91893	91958	1	669051de40163b5dc188dd9ac2c17654f8655822e08b40ec0bfe96a90279461d	CglHVEszX05BVElWRV9FWElUKGVudiwgdGhhdCwgZ3RrXzF3aW5kb3dfMWdldF8xaWNvbl8xbGlzdF9GVU5DKTs=
2022	STATEMENT	91958	91970	1	a028c9c9501df4846ec72c7b4432d4a3cb499b36b781bb1c38853498151d0ba7	CglyZXR1cm4gcmM7
2023	FRAGMENT	91970	91971	1	01ba4719c80b6fe911b091a7c05124b64eeece964e09c058ef8f9805daca546b	Cg==
2024	BLOCK_CLOSE	91971	91972	0	d10b36aa74a59bcf4a88185837f658afaf3646eff2bb16c3928d0e9335e945d2	fQ==
2025	PREPROCESSOR	91972	91980	0	626de321eb397f6600939892a0009f31bc378f7e886f9acc5ec0af18db6a99a7	CiNlbmRpZgo=
2026	PREPROCESSOR	91980	92029	0	8dbc694887619f24a855cf6b7df0623bc41d7a0d36e1a702d104e76ba3a79db0	CiNpZm5kZWYgTk9fZ3RrXzF3aW5kb3dfMWdldF8xbW5lbW9uaWNfMW1vZGlmaWVyCg==
2027	FUNCTION_OPEN	92029	92143	0	a52fade9ffd70a279bfcd2b1e96e87d7a9437a3fcbc513d32a5ad305a509a90c	Sk5JRVhQT1JUIGppbnQgSk5JQ0FMTCBHVEszX05BVElWRShndGtfMXdpbmRvd18xZ2V0XzFtbmVtb25pY18xbW9kaWZpZXIpCgkoSk5JRW52ICplbnYsIGpjbGFzcyB0aGF0LCBqbG9uZyBhcmcwKQp7
2028	STATEMENT	92143	92157	1	ab2eac128ef6225b35f40b35e2bd8fba39be8b3b6b281960b3c51646eba99890	CglqaW50IHJjID0gMDs=
2029	STATEMENT	92157	92231	1	3462550f5835bc7cc52c4197837709c1da92bdf817a0730ace8f3ff6dbd7c9e4	CglHVEszX05BVElWRV9FTlRFUihlbnYsIHRoYXQsIGd0a18xd2luZG93XzFnZXRfMW1uZW1vbmljXzFtb2RpZmllcl9GVU5DKTs=
2030	STATEMENT	92231	92296	1	b7d5a3078b353e31c05581a006c84b99c4c90b9f2404689bb4d894c2e0fb2b3c	CglyYyA9IChqaW50KWd0a193aW5kb3dfZ2V0X21uZW1vbmljX21vZGlmaWVyKChHdGtXaW5kb3cgKilhcmcwKTs=
2031	STATEMENT	92296	92369	1	e3d0596c7c12945e009529b671d59408ec17f2c464b8b31fb878934900816757	CglHVEszX05BVElWRV9FWElUKGVudiwgdGhhdCwgZ3RrXzF3aW5kb3dfMWdldF8xbW5lbW9uaWNfMW1vZGlmaWVyX0ZVTkMpOw==
2032	STATEMENT	92369	92381	1	a028c9c9501df4846ec72c7b4432d4a3cb499b36b781bb1c38853498151d0ba7	CglyZXR1cm4gcmM7
2033	FRAGMENT	92381	92382	1	01ba4719c80b6fe911b091a7c05124b64eeece964e09c058ef8f9805daca546b	Cg==
2034	BLOCK_CLOSE	92382	92383	0	d10b36aa74a59bcf4a88185837f658afaf3646eff2bb16c3928d0e9335e945d2	fQ==
2035	PREPROCESSOR	92383	92391	0	626de321eb397f6600939892a0009f31bc378f7e886f9acc5ec0af18db6a99a7	CiNlbmRpZgo=
2036	PREPROCESSOR	92391	92430	0	7a9f70f0b4553ac60c1e167b95d184dea59d1b578597b7fcb1a95b82fda38515	CiNpZm5kZWYgTk9fZ3RrXzF3aW5kb3dfMWdldF8xcG9zaXRpb24K
2037	FUNCTION_OPEN	92430	92566	0	71cf0ee268f2d32958b27e153f4149d91edd60767b7bd8f40056a927a4b7053e	Sk5JRVhQT1JUIHZvaWQgSk5JQ0FMTCBHVEszX05BVElWRShndGtfMXdpbmRvd18xZ2V0XzFwb3NpdGlvbikKCShKTklFbnYgKmVudiwgamNsYXNzIHRoYXQsIGpsb25nIGFyZzAsIGppbnRBcnJheSBhcmcxLCBqaW50QXJyYXkgYXJnMikKew==
2038	STATEMENT	92566	92586	1	490e641fda0849eab828d471df09f1ecd4438e25740081b8153585d71e8a1d7c	CglqaW50ICpscGFyZzE9TlVMTDs=
2039	STATEMENT	92586	92606	1	6778f342eb5ab632481500374a71f394d94a272d1e7b47275cb4d780109a0ee9	CglqaW50ICpscGFyZzI9TlVMTDs=
2040	STATEMENT	92606	92670	1	9a84947117a39cd04e80a651a5d4118771f7233aee357973ad4b570769cb2952	CglHVEszX05BVElWRV9FTlRFUihlbnYsIHRoYXQsIGd0a18xd2luZG93XzFnZXRfMXBvc2l0aW9uX0ZVTkMpOw==
2041	STATEMENT	92670	92761	1	56230e6f477fcbae216bfff8a88397d12cae0d8e10a6faee697ea4f2814ae573	CglpZiAoYXJnMSkgaWYgKChscGFyZzEgPSAoKmVudiktPkdldEludEFycmF5RWxlbWVudHMoZW52LCBhcmcxLCBOVUxMKSkgPT0gTlVMTCkgZ290byBmYWlsOw==
2042	STATEMENT	92761	92852	1	ca6aabd59f1383d487b020921ad77bd304b1a72e14905b7e1fbd1d51e7e45db1	CglpZiAoYXJnMikgaWYgKChscGFyZzIgPSAoKmVudiktPkdldEludEFycmF5RWxlbWVudHMoZW52LCBhcmcyLCBOVUxMKSkgPT0gTlVMTCkgZ290byBmYWlsOw==
2043	STATEMENT	92852	92929	1	416195062e0366bcd63872fc89bf910c62bb1e9375562d2bbc4a2f43d0a4e27a	CglndGtfd2luZG93X2dldF9wb3NpdGlvbigoR3RrV2luZG93ICopYXJnMCwgKGdpbnQgKilscGFyZzEsIChnaW50ICopbHBhcmcyKTs=
2044	STATEMENT	92929	93011	1	937b097e6910de483c3cbd1c30f882030c6c01ae1a410e62fb9a20783683ba76	CmZhaWw6CglpZiAoYXJnMiAmJiBscGFyZzIpICgqZW52KS0+UmVsZWFzZUludEFycmF5RWxlbWVudHMoZW52LCBhcmcyLCBscGFyZzIsIDApOw==
2045	STATEMENT	93011	93087	1	b55b4c6cd9959755821cc7b3c6e6583c0bcb71e003feabecd02b3bceb08bde8a	CglpZiAoYXJnMSAmJiBscGFyZzEpICgqZW52KS0+UmVsZWFzZUludEFycmF5RWxlbWVudHMoZW52LCBhcmcxLCBscGFyZzEsIDApOw==
2046	STATEMENT	93087	93150	1	e8ce7af9e376ece3fc806112d30ee6dfc467e4ba511eb0cc432ca82a91883efe	CglHVEszX05BVElWRV9FWElUKGVudiwgdGhhdCwgZ3RrXzF3aW5kb3dfMWdldF8xcG9zaXRpb25fRlVOQyk7
2047	FRAGMENT	93150	93151	1	01ba4719c80b6fe911b091a7c05124b64eeece964e09c058ef8f9805daca546b	Cg==
2048	BLOCK_CLOSE	93151	93152	0	d10b36aa74a59bcf4a88185837f658afaf3646eff2bb16c3928d0e9335e945d2	fQ==
2049	PREPROCESSOR	93152	93160	0	626de321eb397f6600939892a0009f31bc378f7e886f9acc5ec0af18db6a99a7	CiNlbmRpZgo=
2050	PREPROCESSOR	93160	93195	0	aab372dc5e633ec54b264b1f8cf98f10f83d45fcc43c9353da73f70cb7846cfe	CiNpZm5kZWYgTk9fZ3RrXzF3aW5kb3dfMWdldF8xc2l6ZQo=
2051	FUNCTION_OPEN	93195	93327	0	42b1fa2a4ca955135e51ffdd01c72492d5f2c71f70af82b82e914c7062c52843	Sk5JRVhQT1JUIHZvaWQgSk5JQ0FMTCBHVEszX05BVElWRShndGtfMXdpbmRvd18xZ2V0XzFzaXplKQoJKEpOSUVudiAqZW52LCBqY2xhc3MgdGhhdCwgamxvbmcgYXJnMCwgamludEFycmF5IGFyZzEsIGppbnRBcnJheSBhcmcyKQp7
2052	STATEMENT	93327	93347	1	490e641fda0849eab828d471df09f1ecd4438e25740081b8153585d71e8a1d7c	CglqaW50ICpscGFyZzE9TlVMTDs=
2053	STATEMENT	93347	93367	1	6778f342eb5ab632481500374a71f394d94a272d1e7b47275cb4d780109a0ee9	CglqaW50ICpscGFyZzI9TlVMTDs=
2054	STATEMENT	93367	93427	1	b8968d9b6d1cd194e201399e5ba39c44f81237cf22849a28ced06057bfb673a1	CglHVEszX05BVElWRV9FTlRFUihlbnYsIHRoYXQsIGd0a18xd2luZG93XzFnZXRfMXNpemVfRlVOQyk7
2055	STATEMENT	93427	93518	1	56230e6f477fcbae216bfff8a88397d12cae0d8e10a6faee697ea4f2814ae573	CglpZiAoYXJnMSkgaWYgKChscGFyZzEgPSAoKmVudiktPkdldEludEFycmF5RWxlbWVudHMoZW52LCBhcmcxLCBOVUxMKSkgPT0gTlVMTCkgZ290byBmYWlsOw==
2056	STATEMENT	93518	93609	1	ca6aabd59f1383d487b020921ad77bd304b1a72e14905b7e1fbd1d51e7e45db1	CglpZiAoYXJnMikgaWYgKChscGFyZzIgPSAoKmVudiktPkdldEludEFycmF5RWxlbWVudHMoZW52LCBhcmcyLCBOVUxMKSkgPT0gTlVMTCkgZ290byBmYWlsOw==
2057	STATEMENT	93609	93682	1	a60d7ed9e982aeae24b7190ff30dc3a1a9024ecd979ef9d4dbcc518f30e9adc4	CglndGtfd2luZG93X2dldF9zaXplKChHdGtXaW5kb3cgKilhcmcwLCAoZ2ludCAqKWxwYXJnMSwgKGdpbnQgKilscGFyZzIpOw==
2058	STATEMENT	93682	93764	1	937b097e6910de483c3cbd1c30f882030c6c01ae1a410e62fb9a20783683ba76	CmZhaWw6CglpZiAoYXJnMiAmJiBscGFyZzIpICgqZW52KS0+UmVsZWFzZUludEFycmF5RWxlbWVudHMoZW52LCBhcmcyLCBscGFyZzIsIDApOw==
2059	STATEMENT	93764	93840	1	b55b4c6cd9959755821cc7b3c6e6583c0bcb71e003feabecd02b3bceb08bde8a	CglpZiAoYXJnMSAmJiBscGFyZzEpICgqZW52KS0+UmVsZWFzZUludEFycmF5RWxlbWVudHMoZW52LCBhcmcxLCBscGFyZzEsIDApOw==
2060	STATEMENT	93840	93899	1	c988ef7ce6d5d12ae95bae2115e788abd82f50d04492653f2b422c017feb04ae	CglHVEszX05BVElWRV9FWElUKGVudiwgdGhhdCwgZ3RrXzF3aW5kb3dfMWdldF8xc2l6ZV9GVU5DKTs=
2061	FRAGMENT	93899	93900	1	01ba4719c80b6fe911b091a7c05124b64eeece964e09c058ef8f9805daca546b	Cg==
2062	BLOCK_CLOSE	93900	93901	0	d10b36aa74a59bcf4a88185837f658afaf3646eff2bb16c3928d0e9335e945d2	fQ==
2063	PREPROCESSOR	93901	93909	0	626de321eb397f6600939892a0009f31bc378f7e886f9acc5ec0af18db6a99a7	CiNlbmRpZgo=
2064	PREPROCESSOR	93909	93942	0	ff2b2980b009e936a0d88c849ca4bc0b5f8d1d5ef1d808401f1fcd6bb4a148aa	CiNpZm5kZWYgTk9fZ3RrXzF3aW5kb3dfMWljb25pZnkK
2065	FUNCTION_OPEN	93942	94040	0	f1fbeca4bbc72dc7a184ff39f76ecef3f8cd83237120c2682535d56adde69beb	Sk5JRVhQT1JUIHZvaWQgSk5JQ0FMTCBHVEszX05BVElWRShndGtfMXdpbmRvd18xaWNvbmlmeSkKCShKTklFbnYgKmVudiwgamNsYXNzIHRoYXQsIGpsb25nIGFyZzApCns=
2066	STATEMENT	94040	94098	1	9e1e8cc72ca2f051a9ddc47d256c9b05bd1131e70710c6209d09122ffdd89769	CglHVEszX05BVElWRV9FTlRFUihlbnYsIHRoYXQsIGd0a18xd2luZG93XzFpY29uaWZ5X0ZVTkMpOw==
2067	STATEMENT	94098	94138	1	8039d355357bf61aaf9cf9463430b73e2006358eff7c56484f18a30629b35f45	CglndGtfd2luZG93X2ljb25pZnkoKEd0a1dpbmRvdyAqKWFyZzApOw==
2068	STATEMENT	94138	94195	1	95bed47a947523c77a9bb951f0fe1e4df8270e4d7fe493b0cbc8da5ac2e81943	CglHVEszX05BVElWRV9FWElUKGVudiwgdGhhdCwgZ3RrXzF3aW5kb3dfMWljb25pZnlfRlVOQyk7
2069	FRAGMENT	94195	94196	1	01ba4719c80b6fe911b091a7c05124b64eeece964e09c058ef8f9805daca546b	Cg==
2070	BLOCK_CLOSE	94196	94197	0	d10b36aa74a59bcf4a88185837f658afaf3646eff2bb16c3928d0e9335e945d2	fQ==
2071	PREPROCESSOR	94197	94205	0	626de321eb397f6600939892a0009f31bc378f7e886f9acc5ec0af18db6a99a7	CiNlbmRpZgo=
2072	PREPROCESSOR	94205	94235	0	8c6ac84a2f729030be5fbadafd638f79c5bef0d40e9f43ad2aa7143195cfbec4	CiNpZm5kZWYgTk9fZ3RrXzF3aW5kb3dfMW1vdmUK
2073	FUNCTION_OPEN	94235	94352	0	a7243ac37d6548f3f66e6faaa00f01aae09680410a6e420c946c5a150ffde762	Sk5JRVhQT1JUIHZvaWQgSk5JQ0FMTCBHVEszX05BVElWRShndGtfMXdpbmRvd18xbW92ZSkKCShKTklFbnYgKmVudiwgamNsYXNzIHRoYXQsIGpsb25nIGFyZzAsIGppbnQgYXJnMSwgamludCBhcmcyKQp7
2074	STATEMENT	94352	94407	1	c2c8c4a14afaae838896cc5d6c5a3f45d00767b05c6d33eebe9d7d3412e60c9b	CglHVEszX05BVElWRV9FTlRFUihlbnYsIHRoYXQsIGd0a18xd2luZG93XzFtb3ZlX0ZVTkMpOw==
2075	STATEMENT	94407	94468	1	5fb543df203ce2c401bb0d6f88117b60546417730193392d2df0f4ce80730a0b	CglndGtfd2luZG93X21vdmUoKEd0a1dpbmRvdyAqKWFyZzAsIChnaW50KWFyZzEsIChnaW50KWFyZzIpOw==
2076	STATEMENT	94468	94522	1	492df405814ec742af3fd940d92357a0059c19624130a54573741749f7dd9fda	CglHVEszX05BVElWRV9FWElUKGVudiwgdGhhdCwgZ3RrXzF3aW5kb3dfMW1vdmVfRlVOQyk7
2077	FRAGMENT	94522	94523	1	01ba4719c80b6fe911b091a7c05124b64eeece964e09c058ef8f9805daca546b	Cg==
2078	BLOCK_CLOSE	94523	94524	0	d10b36aa74a59bcf4a88185837f658afaf3646eff2bb16c3928d0e9335e945d2	fQ==
2079	PREPROCESSOR	94524	94532	0	626de321eb397f6600939892a0009f31bc378f7e886f9acc5ec0af18db6a99a7	CiNlbmRpZgo=
2080	PREPROCESSOR	94532	94561	0	db0f311d0f8d5672f1ad1edd02c1edb05804a6e1016f42e6bc7aeeacfa493f98	CiNpZm5kZWYgTk9fZ3RrXzF3aW5kb3dfMW5ldwo=
2081	FUNCTION_OPEN	94561	94655	0	f7bcf05223ec484ec67c63d1b6bcee43733b8aacca2284689433ee992517ab46	Sk5JRVhQT1JUIGpsb25nIEpOSUNBTEwgR1RLM19OQVRJVkUoZ3RrXzF3aW5kb3dfMW5ldykKCShKTklFbnYgKmVudiwgamNsYXNzIHRoYXQsIGppbnQgYXJnMCkKew==
2082	STATEMENT	94655	94670	1	3411ceb5951bc52321d8d6cf00df310a159211846b0264e08db2a18b94173633	CglqbG9uZyByYyA9IDA7
2083	STATEMENT	94670	94724	1	fd273e72a0f5ce73f57f52bce143858899d13fa4f591b7f19343d9fca921e966	CglHVEszX05BVElWRV9FTlRFUihlbnYsIHRoYXQsIGd0a18xd2luZG93XzFuZXdfRlVOQyk7
2084	STATEMENT	94724	94774	1	95242ef5c86e96175d774187b0509d788e0610e60fa16058d1e9ef4043cd9a51	CglyYyA9IChqbG9uZylndGtfd2luZG93X25ldygoR3RrV2luZG93VHlwZSlhcmcwKTs=
2085	STATEMENT	94774	94827	1	f61225a742acdbc4a4f1030ff0aa69e9ec035ea9acd10d079ff1d746bb0f2f18	CglHVEszX05BVElWRV9FWElUKGVudiwgdGhhdCwgZ3RrXzF3aW5kb3dfMW5ld19GVU5DKTs=
2086	STATEMENT	94827	94839	1	a028c9c9501df4846ec72c7b4432d4a3cb499b36b781bb1c38853498151d0ba7	CglyZXR1cm4gcmM7
2087	FRAGMENT	94839	94840	1	01ba4719c80b6fe911b091a7c05124b64eeece964e09c058ef8f9805daca546b	Cg==
2088	BLOCK_CLOSE	94840	94841	0	d10b36aa74a59bcf4a88185837f658afaf3646eff2bb16c3928d0e9335e945d2	fQ==
2089	PREPROCESSOR	94841	94849	0	626de321eb397f6600939892a0009f31bc378f7e886f9acc5ec0af18db6a99a7	CiNlbmRpZgo=
2090	PREPROCESSOR	94849	94895	0	feb870354e74a57ba83e26063282b24511d1f006f40ee5a419c8677028a61259	CiNpZm5kZWYgTk9fZ3RrXzF3aW5kb3dfMXJlbW92ZV8xYWNjZWxfMWdyb3VwCg==
2091	FUNCTION_OPEN	94895	95018	0	54dff011002d0fa5acf7a220a001b0ebac6947a85149420bcd13b43b88595061	Sk5JRVhQT1JUIHZvaWQgSk5JQ0FMTCBHVEszX05BVElWRShndGtfMXdpbmRvd18xcmVtb3ZlXzFhY2NlbF8xZ3JvdXApCgkoSk5JRW52ICplbnYsIGpjbGFzcyB0aGF0LCBqbG9uZyBhcmcwLCBqbG9uZyBhcmcxKQp7
2092	STATEMENT	95018	95089	1	763c6382ad4c543a14b416df8c8d5dce4defc1d70fa9d199eed30f56f8df2a63	CglHVEszX05BVElWRV9FTlRFUihlbnYsIHRoYXQsIGd0a18xd2luZG93XzFyZW1vdmVfMWFjY2VsXzFncm91cF9GVU5DKTs=
2093	STATEMENT	95089	95163	1	92c720d05b5cbfe546f1d5899ecb6eee8b0b03f37171adc39a3e4b5d51d40a5f	CglndGtfd2luZG93X3JlbW92ZV9hY2NlbF9ncm91cCgoR3RrV2luZG93ICopYXJnMCwgKEd0a0FjY2VsR3JvdXAgKilhcmcxKTs=
2094	STATEMENT	95163	95233	1	238574030ccf39a10058595cee07cec824ce47fd2afc46af6a1f91ab250aaf8f	CglHVEszX05BVElWRV9FWElUKGVudiwgdGhhdCwgZ3RrXzF3aW5kb3dfMXJlbW92ZV8xYWNjZWxfMWdyb3VwX0ZVTkMpOw==
2095	FRAGMENT	95233	95234	1	01ba4719c80b6fe911b091a7c05124b64eeece964e09c058ef8f9805daca546b	Cg==
2096	BLOCK_CLOSE	95234	95235	0	d10b36aa74a59bcf4a88185837f658afaf3646eff2bb16c3928d0e9335e945d2	fQ==
2097	PREPROCESSOR	95235	95243	0	626de321eb397f6600939892a0009f31bc378f7e886f9acc5ec0af18db6a99a7	CiNlbmRpZgo=
2098	PREPROCESSOR	95243	95275	0	ef266b6621bd688563ae4bb1385ea47c6bb13b074ea741ce4c643ae833e8db1b	CiNpZm5kZWYgTk9fZ3RrXzF3aW5kb3dfMXJlc2l6ZQo=
2099	FUNCTION_OPEN	95275	95394	0	10c4c9dff347d90eb8599be4dc951d09aa0babb3cabbdffa73d5f52134823962	Sk5JRVhQT1JUIHZvaWQgSk5JQ0FMTCBHVEszX05BVElWRShndGtfMXdpbmRvd18xcmVzaXplKQoJKEpOSUVudiAqZW52LCBqY2xhc3MgdGhhdCwgamxvbmcgYXJnMCwgamludCBhcmcxLCBqaW50IGFyZzIpCns=
2100	STATEMENT	95394	95451	1	8a022e06e1ef8136be504c3bd2827d99a997cc9b3c2820890deceb82cc6ba193	CglHVEszX05BVElWRV9FTlRFUihlbnYsIHRoYXQsIGd0a18xd2luZG93XzFyZXNpemVfRlVOQyk7
2101	STATEMENT	95451	95514	1	95c1e26c8b797abd11f0b1360f53780a608679648ec99ba1ee774639fcb1de98	CglndGtfd2luZG93X3Jlc2l6ZSgoR3RrV2luZG93ICopYXJnMCwgKGdpbnQpYXJnMSwgKGdpbnQpYXJnMik7
2102	STATEMENT	95514	95570	1	f6146db80fc4076b08f69ebe673fe5cf9a551600419106aea78aee2545b4790d	CglHVEszX05BVElWRV9FWElUKGVudiwgdGhhdCwgZ3RrXzF3aW5kb3dfMXJlc2l6ZV9GVU5DKTs=
2103	FRAGMENT	95570	95571	1	01ba4719c80b6fe911b091a7c05124b64eeece964e09c058ef8f9805daca546b	Cg==
2104	BLOCK_CLOSE	95571	95572	0	d10b36aa74a59bcf4a88185837f658afaf3646eff2bb16c3928d0e9335e945d2	fQ==
2105	PREPROCESSOR	95572	95580	0	626de321eb397f6600939892a0009f31bc378f7e886f9acc5ec0af18db6a99a7	CiNlbmRpZgo=
2106	PREPROCESSOR	95580	95623	0	97dce6c83fd2a8d37ebae6bb50f0f96841f4a5df0d5393ff4a4a755c2d6ddb93	CiNpZm5kZWYgTk9fZ3RrXzF3aW5kb3dfMXNldF8xYXR0YWNoZWRfMXRvCg==
2107	FUNCTION_OPEN	95623	95743	0	821180894c7e9a3c951074b5054464b4b5ed6eefe1526e50818dc272c8947072	Sk5JRVhQT1JUIHZvaWQgSk5JQ0FMTCBHVEszX05BVElWRShndGtfMXdpbmRvd18xc2V0XzFhdHRhY2hlZF8xdG8pCgkoSk5JRW52ICplbnYsIGpjbGFzcyB0aGF0LCBqbG9uZyBhcmcwLCBqbG9uZyBhcmcxKQp7
2108	STATEMENT	95743	95811	1	27ce333449a08ce58dee7182b0fa911b71e88c7b08f6ecbc217113ec0f537fa6	CglHVEszX05BVElWRV9FTlRFUihlbnYsIHRoYXQsIGd0a18xd2luZG93XzFzZXRfMWF0dGFjaGVkXzF0b19GVU5DKTs=
2109	STATEMENT	95811	95878	1	eec1ad0095b8718cc789ae3297ab50c24dafdae99e0f897f9f2f58981a6d8a49	CglndGtfd2luZG93X3NldF9hdHRhY2hlZF90bygoR3RrV2luZG93ICopYXJnMCwgKEd0a1dpZGdldCAqKWFyZzEpOw==
2110	STATEMENT	95878	95945	1	e53b0eebd9d86da7430c334a8f2ecfd141b7a31b611ae2c29d5297df461272f3	CglHVEszX05BVElWRV9FWElUKGVudiwgdGhhdCwgZ3RrXzF3aW5kb3dfMXNldF8xYXR0YWNoZWRfMXRvX0ZVTkMpOw==
2111	FRAGMENT	95945	95946	1	01ba4719c80b6fe911b091a7c05124b64eeece964e09c058ef8f9805daca546b	Cg==
2112	BLOCK_CLOSE	95946	95947	0	d10b36aa74a59bcf4a88185837f658afaf3646eff2bb16c3928d0e9335e945d2	fQ==
2113	PREPROCESSOR	95947	95955	0	626de321eb397f6600939892a0009f31bc378f7e886f9acc5ec0af18db6a99a7	CiNlbmRpZgo=
2114	PREPROCESSOR	95955	95993	0	523014d5785388470d514efc31ab7846d19cee2ef86054d4d147bf50c4870201	CiNpZm5kZWYgTk9fZ3RrXzF3aW5kb3dfMXNldF8xZGVmYXVsdAo=
2115	FUNCTION_OPEN	95993	96108	0	5cf7aa4332b3aaa3a86e01e5084f11b001026e0357a184458d82162da7258887	Sk5JRVhQT1JUIHZvaWQgSk5JQ0FMTCBHVEszX05BVElWRShndGtfMXdpbmRvd18xc2V0XzFkZWZhdWx0KQoJKEpOSUVudiAqZW52LCBqY2xhc3MgdGhhdCwgamxvbmcgYXJnMCwgamxvbmcgYXJnMSkKew==
2116	STATEMENT	96108	96171	1	ad66d48fa53f19301dc94f9da18accf1d4d944fa6e239fb9aaacc694534e36b4	CglHVEszX05BVElWRV9FTlRFUihlbnYsIHRoYXQsIGd0a18xd2luZG93XzFzZXRfMWRlZmF1bHRfRlVOQyk7
2117	STATEMENT	96171	96234	1	8796b0245d5f979ae50dedeb6f961e0bc926660117c5069624e2118dfadd8254	CglndGtfd2luZG93X3NldF9kZWZhdWx0KChHdGtXaW5kb3cgKilhcmcwLCAoR3RrV2lkZ2V0ICopYXJnMSk7
2118	STATEMENT	96234	96296	1	0b175ba379d704468370ae14775f45e313da3f9ce5bbd84792f0cd4257573019	CglHVEszX05BVElWRV9FWElUKGVudiwgdGhhdCwgZ3RrXzF3aW5kb3dfMXNldF8xZGVmYXVsdF9GVU5DKTs=
2119	FRAGMENT	96296	96297	1	01ba4719c80b6fe911b091a7c05124b64eeece964e09c058ef8f9805daca546b	Cg==
2120	BLOCK_CLOSE	96297	96298	0	d10b36aa74a59bcf4a88185837f658afaf3646eff2bb16c3928d0e9335e945d2	fQ==
2121	PREPROCESSOR	96298	96306	0	626de321eb397f6600939892a0009f31bc378f7e886f9acc5ec0af18db6a99a7	CiNlbmRpZgo=
2122	PREPROCESSOR	96306	96352	0	ac4d8551488d32d06cdff0d4b5e73edbb5490f7a0d2239190d9397ca439ad16d	CiNpZm5kZWYgTk9fZ3RrXzF3aW5kb3dfMXNldF8xZ2VvbWV0cnlfMWhpbnRzCg==
2123	FUNCTION_OPEN	96352	96500	0	4a2903e4182fc7eb38c91ee9a70c687dff9f773c8fb1fad1685692113fc576a1	Sk5JRVhQT1JUIHZvaWQgSk5JQ0FMTCBHVEszX05BVElWRShndGtfMXdpbmRvd18xc2V0XzFnZW9tZXRyeV8xaGludHMpCgkoSk5JRW52ICplbnYsIGpjbGFzcyB0aGF0LCBqbG9uZyBhcmcwLCBqbG9uZyBhcmcxLCBqb2JqZWN0IGFyZzIsIGppbnQgYXJnMykKew==
2124	STATEMENT	96500	96534	1	0fee753e7112aade5eab5da115dd22f06cd3703476739d18248b4ae0da6edb99	CglHZGtHZW9tZXRyeSBfYXJnMiwgKmxwYXJnMj1OVUxMOw==
2125	STATEMENT	96534	96605	1	09ca4f27e681d8ea64b85021c03877b6a3ef391e2c66220b23cf7f1513a83b69	CglHVEszX05BVElWRV9FTlRFUihlbnYsIHRoYXQsIGd0a18xd2luZG93XzFzZXRfMWdlb21ldHJ5XzFoaW50c19GVU5DKTs=
2126	STATEMENT	96605	96691	1	81898299c3c3aa90f23467cbad1f104250e758b9a26e8487a0ed184595882ae8	CglpZiAoYXJnMikgaWYgKChscGFyZzIgPSBnZXRHZGtHZW9tZXRyeUZpZWxkcyhlbnYsIGFyZzIsICZfYXJnMikpID09IE5VTEwpIGdvdG8gZmFpbDs=
2127	STATEMENT	96691	96775	1	204164bce6d0104ebf50246a33ab1d1e84ebe4e618210b79b149d224bbd41850	CglndGtfd2luZG93X3NldF9nZW9tZXRyeV9oaW50cygoR3RrV2luZG93ICopYXJnMCwgKEd0a1dpZGdldCAqKWFyZzEsIGxwYXJnMiwgYXJnMyk7
2128	STATEMENT	96775	96851	1	bbebc04bb31b0413cb007e7712166dec1d738ea86aa96dc3f0e20b5ce4ba9c64	CmZhaWw6CglHVEszX05BVElWRV9FWElUKGVudiwgdGhhdCwgZ3RrXzF3aW5kb3dfMXNldF8xZ2VvbWV0cnlfMWhpbnRzX0ZVTkMpOw==
2129	FRAGMENT	96851	96852	1	01ba4719c80b6fe911b091a7c05124b64eeece964e09c058ef8f9805daca546b	Cg==
2130	BLOCK_CLOSE	96852	96853	0	d10b36aa74a59bcf4a88185837f658afaf3646eff2bb16c3928d0e9335e945d2	fQ==
2131	PREPROCESSOR	96853	96861	0	626de321eb397f6600939892a0009f31bc378f7e886f9acc5ec0af18db6a99a7	CiNlbmRpZgo=
2132	PREPROCESSOR	96861	96902	0	7fa04565a3637b9a48a420a4b368da90382a9847245451ff354567ea93de0bd7	CiNpZm5kZWYgTk9fZ3RrXzF3aW5kb3dfMXNldF8xaWNvbl8xbGlzdAo=
2133	FUNCTION_OPEN	96902	97020	0	5d56256cff1f1e3185c7f11a707d3252b0e8fc7a190757ca718f2efc7feaa1e9	Sk5JRVhQT1JUIHZvaWQgSk5JQ0FMTCBHVEszX05BVElWRShndGtfMXdpbmRvd18xc2V0XzFpY29uXzFsaXN0KQoJKEpOSUVudiAqZW52LCBqY2xhc3MgdGhhdCwgamxvbmcgYXJnMCwgamxvbmcgYXJnMSkKew==
2134	STATEMENT	97020	97086	1	a81d113e1acc86a7ed7efaf852f04414cff18d9c051ebbf891a145945e18d6de	CglHVEszX05BVElWRV9FTlRFUihlbnYsIHRoYXQsIGd0a18xd2luZG93XzFzZXRfMWljb25fMWxpc3RfRlVOQyk7
2135	STATEMENT	97086	97147	1	fa9883a866b50c289e2dab87ef5a720238cc67ff34c401d2f208d24917d0b5c3	CglndGtfd2luZG93X3NldF9pY29uX2xpc3QoKEd0a1dpbmRvdyAqKWFyZzAsIChHTGlzdCAqKWFyZzEpOw==
2136	STATEMENT	97147	97212	1	5547f172adca2bc88148a281dc7a836c5f0850385e8b26c7e06d0a4bc7e12519	CglHVEszX05BVElWRV9FWElUKGVudiwgdGhhdCwgZ3RrXzF3aW5kb3dfMXNldF8xaWNvbl8xbGlzdF9GVU5DKTs=
2137	FRAGMENT	97212	97213	1	01ba4719c80b6fe911b091a7c05124b64eeece964e09c058ef8f9805daca546b	Cg==
2138	BLOCK_CLOSE	97213	97214	0	d10b36aa74a59bcf4a88185837f658afaf3646eff2bb16c3928d0e9335e945d2	fQ==
2139	PREPROCESSOR	97214	97222	0	626de321eb397f6600939892a0009f31bc378f7e886f9acc5ec0af18db6a99a7	CiNlbmRpZgo=
2140	PREPROCESSOR	97222	97264	0	84928300aadae643711cc6dd5574f56d62bf84eaa5bfeba70c2a06a289bd80ae	CiNpZm5kZWYgTk9fZ3RrXzF3aW5kb3dfMXNldF8xa2VlcF8xYWJvdmUK
2141	FUNCTION_OPEN	97264	97386	0	c8c70266e40c34fe12f86265894ff921b780b59008586d7d416cee5dda6a283a	Sk5JRVhQT1JUIHZvaWQgSk5JQ0FMTCBHVEszX05BVElWRShndGtfMXdpbmRvd18xc2V0XzFrZWVwXzFhYm92ZSkKCShKTklFbnYgKmVudiwgamNsYXNzIHRoYXQsIGpsb25nIGFyZzAsIGpib29sZWFuIGFyZzEpCns=
2142	STATEMENT	97386	97453	1	370f86b306200a106099a1b5fe69b73724f18c0b719ff30bf8b8ef509b2eb879	CglHVEszX05BVElWRV9FTlRFUihlbnYsIHRoYXQsIGd0a18xd2luZG93XzFzZXRfMWtlZXBfMWFib3ZlX0ZVTkMpOw==
2143	STATEMENT	97453	97516	1	8f5bd1be07848356ba06635099584b68315091963bc77b2dd5a18eac63ce655f	CglndGtfd2luZG93X3NldF9rZWVwX2Fib3ZlKChHdGtXaW5kb3cgKilhcmcwLCAoZ2Jvb2xlYW4pYXJnMSk7
2144	STATEMENT	97516	97582	1	aa6e4bb734d1712ce0f0824b684d272c84a1c79ec192661ff92e40270608412f	CglHVEszX05BVElWRV9FWElUKGVudiwgdGhhdCwgZ3RrXzF3aW5kb3dfMXNldF8xa2VlcF8xYWJvdmVfRlVOQyk7
2145	FRAGMENT	97582	97583	1	01ba4719c80b6fe911b091a7c05124b64eeece964e09c058ef8f9805daca546b	Cg==
2146	BLOCK_CLOSE	97583	97584	0	d10b36aa74a59bcf4a88185837f658afaf3646eff2bb16c3928d0e9335e945d2	fQ==
2147	PREPROCESSOR	97584	97592	0	626de321eb397f6600939892a0009f31bc378f7e886f9acc5ec0af18db6a99a7	CiNlbmRpZgo=
2148	PREPROCESSOR	97592	97642	0	1b4edfaff7b6d276b95af8f1b6ae1595869e375056e8b3a345941d037a95ea6a	CiNpZm5kZWYgTk9fZ3RrXzF3aW5kb3dfMXNldF8xc2tpcF8xdGFza2Jhcl8xaGludAo=
2149	FUNCTION_OPEN	97642	97772	0	028bccc3ddba20296fdb065ba80a7b3df3d4fab86835ef178c60aeb2d56aab81	Sk5JRVhQT1JUIHZvaWQgSk5JQ0FMTCBHVEszX05BVElWRShndGtfMXdpbmRvd18xc2V0XzFza2lwXzF0YXNrYmFyXzFoaW50KQoJKEpOSUVudiAqZW52LCBqY2xhc3MgdGhhdCwgamxvbmcgYXJnMCwgamJvb2xlYW4gYXJnMSkKew==
2150	STATEMENT	97772	97847	1	095288368e256b16c9104955cd17d4df90bcb11b7466edef9fc2bb594a8e3d95	CglHVEszX05BVElWRV9FTlRFUihlbnYsIHRoYXQsIGd0a18xd2luZG93XzFzZXRfMXNraXBfMXRhc2tiYXJfMWhpbnRfRlVOQyk7
2151	STATEMENT	97847	97917	1	ccf2ce4d4caa718f8b14e81f3ff6637d7ec22966db50d981e1526526e4961e09	CglndGtfd2luZG93X3NldF9za2lwX3Rhc2tiYXJfaGludCgoR3RrV2luZG93ICopYXJnMCwgKGdib29sZWFuKWFyZzEpOw==
2152	STATEMENT	97917	97991	1	e83a0256860a3a34f104842549e93c167e140d267639f2fd74126cee3528c21a	CglHVEszX05BVElWRV9FWElUKGVudiwgdGhhdCwgZ3RrXzF3aW5kb3dfMXNldF8xc2tpcF8xdGFza2Jhcl8xaGludF9GVU5DKTs=
2153	FRAGMENT	97991	97992	1	01ba4719c80b6fe911b091a7c05124b64eeece964e09c058ef8f9805daca546b	Cg==
2154	BLOCK_CLOSE	97992	97993	0	d10b36aa74a59bcf4a88185837f658afaf3646eff2bb16c3928d0e9335e945d2	fQ==
2155	PREPROCESSOR	97993	98001	0	626de321eb397f6600939892a0009f31bc378f7e886f9acc5ec0af18db6a99a7	CiNlbmRpZgo=
2156	PREPROCESSOR	98001	98042	0	26589897bffc7ff29c8822b79aee903fa5c110694ce7a1ba12b3db2039d09f14	CiNpZm5kZWYgTk9fZ3RrXzF3aW5kb3dfMXNldF8xdHlwZV8xaGludAo=
2157	FUNCTION_OPEN	98042	98159	0	45e63bbb0c3e69df0ddff6a3f322cdaa555467cc1b7ee7c6cf1fe8b54f57307f	Sk5JRVhQT1JUIHZvaWQgSk5JQ0FMTCBHVEszX05BVElWRShndGtfMXdpbmRvd18xc2V0XzF0eXBlXzFoaW50KQoJKEpOSUVudiAqZW52LCBqY2xhc3MgdGhhdCwgamxvbmcgYXJnMCwgamludCBhcmcxKQp7
2158	STATEMENT	98159	98225	1	06fca658bc9fac3acf75484ea54d1f34907cb6ec7112b505b36dd556a4040c3e	CglHVEszX05BVElWRV9FTlRFUihlbnYsIHRoYXQsIGd0a18xd2luZG93XzFzZXRfMXR5cGVfMWhpbnRfRlVOQyk7
2159	STATEMENT	98225	98277	1	6f56d89714726db7d2ff645755cbca52a077a36ab3a356aefd0a299dce2d209e	CglndGtfd2luZG93X3NldF90eXBlX2hpbnQoKEd0a1dpbmRvdyAqKWFyZzAsIGFyZzEpOw==
2160	STATEMENT	98277	98342	1	5f9420de569c9a97f0d0beaf19d1a1893794049d35963e319aae868ef5df01ad	CglHVEszX05BVElWRV9FWElUKGVudiwgdGhhdCwgZ3RrXzF3aW5kb3dfMXNldF8xdHlwZV8xaGludF9GVU5DKTs=
2161	FRAGMENT	98342	98343	1	01ba4719c80b6fe911b091a7c05124b64eeece964e09c058ef8f9805daca546b	Cg==
2162	BLOCK_CLOSE	98343	98344	0	d10b36aa74a59bcf4a88185837f658afaf3646eff2bb16c3928d0e9335e945d2	fQ==
2163	PREPROCESSOR	98344	98352	0	626de321eb397f6600939892a0009f31bc378f7e886f9acc5ec0af18db6a99a7	CiNlbmRpZgo=
2164	PREPROCESSOR	98352	98423	0	a321f5bd686c769117c75635c0125b03a22c1d57aa87950c9171263b79117f00	CiNpZm5kZWYgTk9fbWVtbW92ZV9fSkxvcmdfZWNsaXBzZV9zd3RfaW50ZXJuYWxfZ3RrM19HZGtFdmVudEJ1dHRvbl8ySgo=
2165	FUNCTION_OPEN	98423	98585	0	73b495c2bf24010d5cce5886310a107f5d06f1f607933d81d5acc484bced9792	Sk5JRVhQT1JUIHZvaWQgSk5JQ0FMTCBHVEszX05BVElWRShtZW1tb3ZlX19KTG9yZ19lY2xpcHNlX3N3dF9pbnRlcm5hbF9ndGszX0dka0V2ZW50QnV0dG9uXzJKKQoJKEpOSUVudiAqZW52LCBqY2xhc3MgdGhhdCwgamxvbmcgYXJnMCwgam9iamVjdCBhcmcxLCBqbG9uZyBhcmcyKQp7
2166	STATEMENT	98585	98622	1	ad0f74e9e8431270343b3d3a6a29f84d6130f2f2f56637c8fe266d62a96a2dcb	CglHZGtFdmVudEJ1dHRvbiBfYXJnMSwgKmxwYXJnMT1OVUxMOw==
2167	STATEMENT	98622	98718	1	a740169c74f8595449438fc3f5bf0c5a523fb7a5fc9dcac4e74394d1cae4cd13	CglHVEszX05BVElWRV9FTlRFUihlbnYsIHRoYXQsIG1lbW1vdmVfX0pMb3JnX2VjbGlwc2Vfc3d0X2ludGVybmFsX2d0azNfR2RrRXZlbnRCdXR0b25fMkpfRlVOQyk7
2168	STATEMENT	98718	98807	1	ba29d214f56867b465fe4acd15712f9b8214ca9cf2ec7da9d01d5a93c0566203	CglpZiAoYXJnMSkgaWYgKChscGFyZzEgPSBnZXRHZGtFdmVudEJ1dHRvbkZpZWxkcyhlbnYsIGFyZzEsICZfYXJnMSkpID09IE5VTEwpIGdvdG8gZmFpbDs=
2169	STATEMENT	98807	98867	1	ef3ad661d5e3ee3c67720cdc3c1826f89a1d472e2a924029dec94c38c8ae610d	CgltZW1tb3ZlKCh2b2lkICopYXJnMCwgKGNvbnN0IHZvaWQgKilscGFyZzEsIChzaXplX3QpYXJnMik7
2170	STATEMENT	98867	98968	1	ffaa024fbb05e37dd7e740c06fbf9300cdfbfcd097c6f96edb01259617e1911d	CmZhaWw6CglHVEszX05BVElWRV9FWElUKGVudiwgdGhhdCwgbWVtbW92ZV9fSkxvcmdfZWNsaXBzZV9zd3RfaW50ZXJuYWxfZ3RrM19HZGtFdmVudEJ1dHRvbl8ySl9GVU5DKTs=
2171	FRAGMENT	98968	98969	1	01ba4719c80b6fe911b091a7c05124b64eeece964e09c058ef8f9805daca546b	Cg==
2172	BLOCK_CLOSE	98969	98970	0	d10b36aa74a59bcf4a88185837f658afaf3646eff2bb16c3928d0e9335e945d2	fQ==
2173	PREPROCESSOR	98970	98978	0	626de321eb397f6600939892a0009f31bc378f7e886f9acc5ec0af18db6a99a7	CiNlbmRpZgo=
2174	PREPROCESSOR	98978	99046	0	450d6bdfdf925d05761ea0d1da22894f4d691259c058375314ff12ca1f754ee8	CiNpZm5kZWYgTk9fbWVtbW92ZV9fSkxvcmdfZWNsaXBzZV9zd3RfaW50ZXJuYWxfZ3RrM19HZGtFdmVudEtleV8ySgo=
2175	FUNCTION_OPEN	99046	99205	0	b6f1e97b2b79a7a79167f70cdea4c0ee2607e9a931d3cbc3e234c5b9092f6974	Sk5JRVhQT1JUIHZvaWQgSk5JQ0FMTCBHVEszX05BVElWRShtZW1tb3ZlX19KTG9yZ19lY2xpcHNlX3N3dF9pbnRlcm5hbF9ndGszX0dka0V2ZW50S2V5XzJKKQoJKEpOSUVudiAqZW52LCBqY2xhc3MgdGhhdCwgamxvbmcgYXJnMCwgam9iamVjdCBhcmcxLCBqbG9uZyBhcmcyKQp7
2176	STATEMENT	99205	99239	1	1d17ecdca140967a19484488e16c3b6bfbe326f08663f57635d52e43c8b20ffb	CglHZGtFdmVudEtleSBfYXJnMSwgKmxwYXJnMT1OVUxMOw==
2177	STATEMENT	99239	99332	1	bd533e3df0503d319b58006a8b896d46f885b00b340a763c0cd59c527b95236a	CglHVEszX05BVElWRV9FTlRFUihlbnYsIHRoYXQsIG1lbW1vdmVfX0pMb3JnX2VjbGlwc2Vfc3d0X2ludGVybmFsX2d0azNfR2RrRXZlbnRLZXlfMkpfRlVOQyk7
2178	STATEMENT	99332	99418	1	e9863fd9898757716ef52f9dd71af4e0fb708bc3f252060616806b527eeda2f5	CglpZiAoYXJnMSkgaWYgKChscGFyZzEgPSBnZXRHZGtFdmVudEtleUZpZWxkcyhlbnYsIGFyZzEsICZfYXJnMSkpID09IE5VTEwpIGdvdG8gZmFpbDs=
2179	STATEMENT	99418	99478	1	ef3ad661d5e3ee3c67720cdc3c1826f89a1d472e2a924029dec94c38c8ae610d	CgltZW1tb3ZlKCh2b2lkICopYXJnMCwgKGNvbnN0IHZvaWQgKilscGFyZzEsIChzaXplX3QpYXJnMik7
2180	STATEMENT	99478	99576	1	0bb7e71d2071e6c758ba3568e03cf9d5ab26dcce3df67c1357ffe3085bbf00e1	CmZhaWw6CglHVEszX05BVElWRV9FWElUKGVudiwgdGhhdCwgbWVtbW92ZV9fSkxvcmdfZWNsaXBzZV9zd3RfaW50ZXJuYWxfZ3RrM19HZGtFdmVudEtleV8ySl9GVU5DKTs=
2181	FRAGMENT	99576	99577	1	01ba4719c80b6fe911b091a7c05124b64eeece964e09c058ef8f9805daca546b	Cg==
2182	BLOCK_CLOSE	99577	99578	0	d10b36aa74a59bcf4a88185837f658afaf3646eff2bb16c3928d0e9335e945d2	fQ==
2183	PREPROCESSOR	99578	99586	0	626de321eb397f6600939892a0009f31bc378f7e886f9acc5ec0af18db6a99a7	CiNlbmRpZgo=
2184	PREPROCESSOR	99586	99657	0	85c84a597078901959f9e9efdef8912b00ecfe9eceac46396828ae8acfc3a44c	CiNpZm5kZWYgTk9fbWVtbW92ZV9fSkxvcmdfZWNsaXBzZV9zd3RfaW50ZXJuYWxfZ3RrM19HdGtUYXJnZXRFbnRyeV8ySgo=
2185	FUNCTION_OPEN	99657	99819	0	cb4a5d478d328e5d11a1cc2ac0c91a6cf3068bf77dd9df1e7a931fcc71172615	Sk5JRVhQT1JUIHZvaWQgSk5JQ0FMTCBHVEszX05BVElWRShtZW1tb3ZlX19KTG9yZ19lY2xpcHNlX3N3dF9pbnRlcm5hbF9ndGszX0d0a1RhcmdldEVudHJ5XzJKKQoJKEpOSUVudiAqZW52LCBqY2xhc3MgdGhhdCwgamxvbmcgYXJnMCwgam9iamVjdCBhcmcxLCBqbG9uZyBhcmcyKQp7
2186	STATEMENT	99819	99856	1	31ccbe5970559dbda524fe903d2f8e127177eaca65bf6e2dbd7d635823d94d09	CglHdGtUYXJnZXRFbnRyeSBfYXJnMSwgKmxwYXJnMT1OVUxMOw==
2187	STATEMENT	99856	99952	1	05849670df81773bdf1b1f951c0ac12acf529a9d42afac2fe51d2083c74d85cd	CglHVEszX05BVElWRV9FTlRFUihlbnYsIHRoYXQsIG1lbW1vdmVfX0pMb3JnX2VjbGlwc2Vfc3d0X2ludGVybmFsX2d0azNfR3RrVGFyZ2V0RW50cnlfMkpfRlVOQyk7
2188	STATEMENT	99952	100041	1	d6fa741ab8b9f4b838517b172c0eab21392aedf75602e6c60c29079165aa291b	CglpZiAoYXJnMSkgaWYgKChscGFyZzEgPSBnZXRHdGtUYXJnZXRFbnRyeUZpZWxkcyhlbnYsIGFyZzEsICZfYXJnMSkpID09IE5VTEwpIGdvdG8gZmFpbDs=
2189	STATEMENT	100041	100101	1	ef3ad661d5e3ee3c67720cdc3c1826f89a1d472e2a924029dec94c38c8ae610d	CgltZW1tb3ZlKCh2b2lkICopYXJnMCwgKGNvbnN0IHZvaWQgKilscGFyZzEsIChzaXplX3QpYXJnMik7
2190	STATEMENT	100101	100202	1	d75fe85944082083decf78d3dfb94228faa72566108dc1ca69082239ebb1590f	CmZhaWw6CglHVEszX05BVElWRV9FWElUKGVudiwgdGhhdCwgbWVtbW92ZV9fSkxvcmdfZWNsaXBzZV9zd3RfaW50ZXJuYWxfZ3RrM19HdGtUYXJnZXRFbnRyeV8ySl9GVU5DKTs=
2191	FRAGMENT	100202	100203	1	01ba4719c80b6fe911b091a7c05124b64eeece964e09c058ef8f9805daca546b	Cg==
2192	BLOCK_CLOSE	100203	100204	0	d10b36aa74a59bcf4a88185837f658afaf3646eff2bb16c3928d0e9335e945d2	fQ==
2193	PREPROCESSOR	100204	100212	0	626de321eb397f6600939892a0009f31bc378f7e886f9acc5ec0af18db6a99a7	CiNlbmRpZgo=
2194	PREPROCESSOR	100212	100283	0	7fcc4a47757b8f02ecb62c0ff0de72a4219a77be3f6d69af4c062db7536c1b3e	CiNpZm5kZWYgTk9fbWVtbW92ZV9fTG9yZ19lY2xpcHNlX3N3dF9pbnRlcm5hbF9ndGszX0dka0V2ZW50QnV0dG9uXzJKSgo=
2195	FUNCTION_OPEN	100283	100445	0	effdef5c700e54ba33ab1c70d05ef6ccc078b90e65242dad7d53ff43f4c58f78	Sk5JRVhQT1JUIHZvaWQgSk5JQ0FMTCBHVEszX05BVElWRShtZW1tb3ZlX19Mb3JnX2VjbGlwc2Vfc3d0X2ludGVybmFsX2d0azNfR2RrRXZlbnRCdXR0b25fMkpKKQoJKEpOSUVudiAqZW52LCBqY2xhc3MgdGhhdCwgam9iamVjdCBhcmcwLCBqbG9uZyBhcmcxLCBqbG9uZyBhcmcyKQp7
2196	STATEMENT	100445	100482	1	bca17b2e83ff1825b2fe0b1e5e85c7d2739f91874cd1619c16b31810ef008e6e	CglHZGtFdmVudEJ1dHRvbiBfYXJnMCwgKmxwYXJnMD1OVUxMOw==
2197	STATEMENT	100482	100578	1	786042150e37db6ac8c898fa4b4b5e5fbc5dd6f8826da9795a6e407ab00706a1	CglHVEszX05BVElWRV9FTlRFUihlbnYsIHRoYXQsIG1lbW1vdmVfX0xvcmdfZWNsaXBzZV9zd3RfaW50ZXJuYWxfZ3RrM19HZGtFdmVudEJ1dHRvbl8ySkpfRlVOQyk7
2198	STATEMENT	100578	100631	1	6b4ffd7a4c84f6b5f059207aecbc3d2ec32725179c9604c77a5cb09af2ce7e19	CglpZiAoYXJnMCkgaWYgKChscGFyZzAgPSAmX2FyZzApID09IE5VTEwpIGdvdG8gZmFpbDs=
2199	STATEMENT	100631	100691	1	6fb0a86d48055dd0c30719c76971f29ec368cde07167e60c0d59d8bd21368af0	CgltZW1tb3ZlKCh2b2lkICopbHBhcmcwLCAoY29uc3Qgdm9pZCAqKWFyZzEsIChzaXplX3QpYXJnMik7
2200	STATEMENT	100691	100762	1	88fcb09a76c048a9b1e4ddbe3a6ca85520a45fe1d117d192081a1a68364207dc	CmZhaWw6CglpZiAoYXJnMCAmJiBscGFyZzApIHNldEdka0V2ZW50QnV0dG9uRmllbGRzKGVudiwgYXJnMCwgbHBhcmcwKTs=
2201	STATEMENT	100762	100857	1	be9fdb0eb7ce666b6cf26cf017b5e5adb50f57d2cc8ca9d461ba2bb410d3b027	CglHVEszX05BVElWRV9FWElUKGVudiwgdGhhdCwgbWVtbW92ZV9fTG9yZ19lY2xpcHNlX3N3dF9pbnRlcm5hbF9ndGszX0dka0V2ZW50QnV0dG9uXzJKSl9GVU5DKTs=
2202	FRAGMENT	100857	100858	1	01ba4719c80b6fe911b091a7c05124b64eeece964e09c058ef8f9805daca546b	Cg==
2203	BLOCK_CLOSE	100858	100859	0	d10b36aa74a59bcf4a88185837f658afaf3646eff2bb16c3928d0e9335e945d2	fQ==
2204	PREPROCESSOR	100859	100867	0	626de321eb397f6600939892a0009f31bc378f7e886f9acc5ec0af18db6a99a7	CiNlbmRpZgo=
2205	PREPROCESSOR	100867	100940	0	50fd294cc543cfc0b67ae043b669db52cf37094d12fb6f835839f5bdf087bf60	CiNpZm5kZWYgTk9fbWVtbW92ZV9fTG9yZ19lY2xpcHNlX3N3dF9pbnRlcm5hbF9ndGszX0dka0V2ZW50Q3Jvc3NpbmdfMkpKCg==
2206	FUNCTION_OPEN	100940	101104	0	b30d307933d1a455250d05ee24082772ee6ddd40b642e4b23dea6a302661bc4f	Sk5JRVhQT1JUIHZvaWQgSk5JQ0FMTCBHVEszX05BVElWRShtZW1tb3ZlX19Mb3JnX2VjbGlwc2Vfc3d0X2ludGVybmFsX2d0azNfR2RrRXZlbnRDcm9zc2luZ18ySkopCgkoSk5JRW52ICplbnYsIGpjbGFzcyB0aGF0LCBqb2JqZWN0IGFyZzAsIGpsb25nIGFyZzEsIGpsb25nIGFyZzIpCns=
2207	STATEMENT	101104	101143	1	421093b3a5b5146f45379e15615b0cb262b72143b9a5dcf624edf565046ddb52	CglHZGtFdmVudENyb3NzaW5nIF9hcmcwLCAqbHBhcmcwPU5VTEw7
2208	STATEMENT	101143	101241	1	152158161bd290a3b30b0438c8fc71f9cd4a3403b62ea7a0e138a5b9501cf75b	CglHVEszX05BVElWRV9FTlRFUihlbnYsIHRoYXQsIG1lbW1vdmVfX0xvcmdfZWNsaXBzZV9zd3RfaW50ZXJuYWxfZ3RrM19HZGtFdmVudENyb3NzaW5nXzJKSl9GVU5DKTs=
2209	STATEMENT	101241	101294	1	6b4ffd7a4c84f6b5f059207aecbc3d2ec32725179c9604c77a5cb09af2ce7e19	CglpZiAoYXJnMCkgaWYgKChscGFyZzAgPSAmX2FyZzApID09IE5VTEwpIGdvdG8gZmFpbDs=
2210	STATEMENT	101294	101354	1	6fb0a86d48055dd0c30719c76971f29ec368cde07167e60c0d59d8bd21368af0	CgltZW1tb3ZlKCh2b2lkICopbHBhcmcwLCAoY29uc3Qgdm9pZCAqKWFyZzEsIChzaXplX3QpYXJnMik7
2211	STATEMENT	101354	101427	1	4487bfd4617c0fe5bfabbae5d199e6a63a548da216f73892fa58f1b9557d095b	CmZhaWw6CglpZiAoYXJnMCAmJiBscGFyZzApIHNldEdka0V2ZW50Q3Jvc3NpbmdGaWVsZHMoZW52LCBhcmcwLCBscGFyZzApOw==
2212	STATEMENT	101427	101524	1	beab6678ed91c9302c8793977c7d5b857d9b0bd2e7b26e01816ba7fda6b9082a	CglHVEszX05BVElWRV9FWElUKGVudiwgdGhhdCwgbWVtbW92ZV9fTG9yZ19lY2xpcHNlX3N3dF9pbnRlcm5hbF9ndGszX0dka0V2ZW50Q3Jvc3NpbmdfMkpKX0ZVTkMpOw==
2213	FRAGMENT	101524	101525	1	01ba4719c80b6fe911b091a7c05124b64eeece964e09c058ef8f9805daca546b	Cg==
2214	BLOCK_CLOSE	101525	101526	0	d10b36aa74a59bcf4a88185837f658afaf3646eff2bb16c3928d0e9335e945d2	fQ==
2215	PREPROCESSOR	101526	101534	0	626de321eb397f6600939892a0009f31bc378f7e886f9acc5ec0af18db6a99a7	CiNlbmRpZgo=
2216	PREPROCESSOR	101534	101604	0	4d0acf230089484018db0eb9ba34ae6a409724e9742c074297af6d8cbe81f676	CiNpZm5kZWYgTk9fbWVtbW92ZV9fTG9yZ19lY2xpcHNlX3N3dF9pbnRlcm5hbF9ndGszX0dka0V2ZW50Rm9jdXNfMkpKCg==
2217	FUNCTION_OPEN	101604	101765	0	cb5c16696aa521aff5fecd54391c093150fae26c7cdc1046de2a6e0f97c5b91a	Sk5JRVhQT1JUIHZvaWQgSk5JQ0FMTCBHVEszX05BVElWRShtZW1tb3ZlX19Mb3JnX2VjbGlwc2Vfc3d0X2ludGVybmFsX2d0azNfR2RrRXZlbnRGb2N1c18ySkopCgkoSk5JRW52ICplbnYsIGpjbGFzcyB0aGF0LCBqb2JqZWN0IGFyZzAsIGpsb25nIGFyZzEsIGpsb25nIGFyZzIpCns=
2218	STATEMENT	101765	101801	1	9038852414b71f700ba66e29acb83094305f2fba1f09a6c236dad9e6ac61ab7f	CglHZGtFdmVudEZvY3VzIF9hcmcwLCAqbHBhcmcwPU5VTEw7
2219	STATEMENT	101801	101896	1	6eabd35c2f5304655fe68503adf017a0ca9e9c8e30b5e32c739457f7c2615960	CglHVEszX05BVElWRV9FTlRFUihlbnYsIHRoYXQsIG1lbW1vdmVfX0xvcmdfZWNsaXBzZV9zd3RfaW50ZXJuYWxfZ3RrM19HZGtFdmVudEZvY3VzXzJKSl9GVU5DKTs=
2220	STATEMENT	101896	101949	1	6b4ffd7a4c84f6b5f059207aecbc3d2ec32725179c9604c77a5cb09af2ce7e19	CglpZiAoYXJnMCkgaWYgKChscGFyZzAgPSAmX2FyZzApID09IE5VTEwpIGdvdG8gZmFpbDs=
2221	STATEMENT	101949	102009	1	6fb0a86d48055dd0c30719c76971f29ec368cde07167e60c0d59d8bd21368af0	CgltZW1tb3ZlKCh2b2lkICopbHBhcmcwLCAoY29uc3Qgdm9pZCAqKWFyZzEsIChzaXplX3QpYXJnMik7
2222	STATEMENT	102009	102079	1	6494e9064f78501656a73361e48396b73724935d0171d669df6d0336515eb601	CmZhaWw6CglpZiAoYXJnMCAmJiBscGFyZzApIHNldEdka0V2ZW50Rm9jdXNGaWVsZHMoZW52LCBhcmcwLCBscGFyZzApOw==
2223	STATEMENT	102079	102173	1	6813dc5e7d7ec9fa1929abfbb07085b7f90edf68086c69f3a641c094a796f710	CglHVEszX05BVElWRV9FWElUKGVudiwgdGhhdCwgbWVtbW92ZV9fTG9yZ19lY2xpcHNlX3N3dF9pbnRlcm5hbF9ndGszX0dka0V2ZW50Rm9jdXNfMkpKX0ZVTkMpOw==
2224	FRAGMENT	102173	102174	1	01ba4719c80b6fe911b091a7c05124b64eeece964e09c058ef8f9805daca546b	Cg==
2225	BLOCK_CLOSE	102174	102175	0	d10b36aa74a59bcf4a88185837f658afaf3646eff2bb16c3928d0e9335e945d2	fQ==
2226	PREPROCESSOR	102175	102183	0	626de321eb397f6600939892a0009f31bc378f7e886f9acc5ec0af18db6a99a7	CiNlbmRpZgo=
2227	PREPROCESSOR	102183	102251	0	b4a2a315333f68933913954b4ffb405bf5fbf64ab0d0c3d7ee89f9e89018bcaf	CiNpZm5kZWYgTk9fbWVtbW92ZV9fTG9yZ19lY2xpcHNlX3N3dF9pbnRlcm5hbF9ndGszX0dka0V2ZW50S2V5XzJKSgo=
2228	FUNCTION_OPEN	102251	102410	0	dddcf113d512343eee3dab3d7548c7fc2a6ef04ce5c4c0b764e787a3334193b2	Sk5JRVhQT1JUIHZvaWQgSk5JQ0FMTCBHVEszX05BVElWRShtZW1tb3ZlX19Mb3JnX2VjbGlwc2Vfc3d0X2ludGVybmFsX2d0azNfR2RrRXZlbnRLZXlfMkpKKQoJKEpOSUVudiAqZW52LCBqY2xhc3MgdGhhdCwgam9iamVjdCBhcmcwLCBqbG9uZyBhcmcxLCBqbG9uZyBhcmcyKQp7
2229	STATEMENT	102410	102444	1	d90734ecb40357e06aeaafdd9ebf03d94f55f3583de897fee54ab6d5bb27775b	CglHZGtFdmVudEtleSBfYXJnMCwgKmxwYXJnMD1OVUxMOw==
2230	STATEMENT	102444	102537	1	4af7ce67e7586a63245122cee7ef1ce9957ab34c9285ad28c0a1faa798aea60f	CglHVEszX05BVElWRV9FTlRFUihlbnYsIHRoYXQsIG1lbW1vdmVfX0xvcmdfZWNsaXBzZV9zd3RfaW50ZXJuYWxfZ3RrM19HZGtFdmVudEtleV8ySkpfRlVOQyk7
2231	STATEMENT	102537	102590	1	6b4ffd7a4c84f6b5f059207aecbc3d2ec32725179c9604c77a5cb09af2ce7e19	CglpZiAoYXJnMCkgaWYgKChscGFyZzAgPSAmX2FyZzApID09IE5VTEwpIGdvdG8gZmFpbDs=
2232	STATEMENT	102590	102650	1	6fb0a86d48055dd0c30719c76971f29ec368cde07167e60c0d59d8bd21368af0	CgltZW1tb3ZlKCh2b2lkICopbHBhcmcwLCAoY29uc3Qgdm9pZCAqKWFyZzEsIChzaXplX3QpYXJnMik7
2233	STATEMENT	102650	102718	1	e40748e69acbf7d04dbcdcbe698343c554dd215cef05a5a3de5bbac139b755c0	CmZhaWw6CglpZiAoYXJnMCAmJiBscGFyZzApIHNldEdka0V2ZW50S2V5RmllbGRzKGVudiwgYXJnMCwgbHBhcmcwKTs=
2234	STATEMENT	102718	102810	1	22dbd8eddafcd10c838d059287c52b92036ae2695f914004201beb2a4c191582	CglHVEszX05BVElWRV9FWElUKGVudiwgdGhhdCwgbWVtbW92ZV9fTG9yZ19lY2xpcHNlX3N3dF9pbnRlcm5hbF9ndGszX0dka0V2ZW50S2V5XzJKSl9GVU5DKTs=
2235	FRAGMENT	102810	102811	1	01ba4719c80b6fe911b091a7c05124b64eeece964e09c058ef8f9805daca546b	Cg==
2236	BLOCK_CLOSE	102811	102812	0	d10b36aa74a59bcf4a88185837f658afaf3646eff2bb16c3928d0e9335e945d2	fQ==
2237	PREPROCESSOR	102812	102820	0	626de321eb397f6600939892a0009f31bc378f7e886f9acc5ec0af18db6a99a7	CiNlbmRpZgo=
2238	PREPROCESSOR	102820	102891	0	aa17886606d10ee71e3b6a8107d9b35c7aaa6f88961b3a7f1c65505c51cd436f	CiNpZm5kZWYgTk9fbWVtbW92ZV9fTG9yZ19lY2xpcHNlX3N3dF9pbnRlcm5hbF9ndGszX0dka0V2ZW50TW90aW9uXzJKSgo=
2239	FUNCTION_OPEN	102891	103053	0	19f40afb892c49e3ac43d73cdd41f86e90e523f8a8e336e556ab66e58eacf22c	Sk5JRVhQT1JUIHZvaWQgSk5JQ0FMTCBHVEszX05BVElWRShtZW1tb3ZlX19Mb3JnX2VjbGlwc2Vfc3d0X2ludGVybmFsX2d0azNfR2RrRXZlbnRNb3Rpb25fMkpKKQoJKEpOSUVudiAqZW52LCBqY2xhc3MgdGhhdCwgam9iamVjdCBhcmcwLCBqbG9uZyBhcmcxLCBqbG9uZyBhcmcyKQp7
2240	STATEMENT	103053	103090	1	486760eb464fdfa248a17b8b69838a9036b18784b66e3afed935b86e993103ba	CglHZGtFdmVudE1vdGlvbiBfYXJnMCwgKmxwYXJnMD1OVUxMOw==
2241	STATEMENT	103090	103186	1	b06ebf20e90af42662ce12fac12ea3967b2386c519741cdc4bb92dc5e71d7d9b	CglHVEszX05BVElWRV9FTlRFUihlbnYsIHRoYXQsIG1lbW1vdmVfX0xvcmdfZWNsaXBzZV9zd3RfaW50ZXJuYWxfZ3RrM19HZGtFdmVudE1vdGlvbl8ySkpfRlVOQyk7
2242	STATEMENT	103186	103239	1	6b4ffd7a4c84f6b5f059207aecbc3d2ec32725179c9604c77a5cb09af2ce7e19	CglpZiAoYXJnMCkgaWYgKChscGFyZzAgPSAmX2FyZzApID09IE5VTEwpIGdvdG8gZmFpbDs=
2243	STATEMENT	103239	103299	1	6fb0a86d48055dd0c30719c76971f29ec368cde07167e60c0d59d8bd21368af0	CgltZW1tb3ZlKCh2b2lkICopbHBhcmcwLCAoY29uc3Qgdm9pZCAqKWFyZzEsIChzaXplX3QpYXJnMik7
2244	STATEMENT	103299	103370	1	ad758ef9d51b811eb2ad735a90772706b146df6468bd972ce1a2dda66a896b01	CmZhaWw6CglpZiAoYXJnMCAmJiBscGFyZzApIHNldEdka0V2ZW50TW90aW9uRmllbGRzKGVudiwgYXJnMCwgbHBhcmcwKTs=
2245	STATEMENT	103370	103465	1	15347a898f850d7b17ae20b203e8d585e4c4914280c68aba2409bd9f525f6ba5	CglHVEszX05BVElWRV9FWElUKGVudiwgdGhhdCwgbWVtbW92ZV9fTG9yZ19lY2xpcHNlX3N3dF9pbnRlcm5hbF9ndGszX0dka0V2ZW50TW90aW9uXzJKSl9GVU5DKTs=
2246	FRAGMENT	103465	103466	1	01ba4719c80b6fe911b091a7c05124b64eeece964e09c058ef8f9805daca546b	Cg==
2247	BLOCK_CLOSE	103466	103467	0	d10b36aa74a59bcf4a88185837f658afaf3646eff2bb16c3928d0e9335e945d2	fQ==
2248	PREPROCESSOR	103467	103475	0	626de321eb397f6600939892a0009f31bc378f7e886f9acc5ec0af18db6a99a7	CiNlbmRpZgo=
2249	PREPROCESSOR	103475	103551	0	49124d8d98120fd5b188fcf30e673f09eecbc7b3b90188da84ba6b9e70c6ead6	CiNpZm5kZWYgTk9fbWVtbW92ZV9fTG9yZ19lY2xpcHNlX3N3dF9pbnRlcm5hbF9ndGszX0dka0V2ZW50V2luZG93U3RhdGVfMkpKCg==
2250	FUNCTION_OPEN	103551	103718	0	fcd55eea0a18b96e1e9bbed78b8abaf1edbdf429f22404a00810c211d81dcafd	Sk5JRVhQT1JUIHZvaWQgSk5JQ0FMTCBHVEszX05BVElWRShtZW1tb3ZlX19Mb3JnX2VjbGlwc2Vfc3d0X2ludGVybmFsX2d0azNfR2RrRXZlbnRXaW5kb3dTdGF0ZV8ySkopCgkoSk5JRW52ICplbnYsIGpjbGFzcyB0aGF0LCBqb2JqZWN0IGFyZzAsIGpsb25nIGFyZzEsIGpsb25nIGFyZzIpCns=
2251	STATEMENT	103718	103760	1	2b486a2bec4d7ab7cbecd7fa24b74a8998d94d2fab383cb546fc63acf63c9047	CglHZGtFdmVudFdpbmRvd1N0YXRlIF9hcmcwLCAqbHBhcmcwPU5VTEw7
2252	STATEMENT	103760	103861	1	3ccba7e2e905348a8323e34eee2bb38dcd66e709525ebd451fedfe1d6c6c1f7b	CglHVEszX05BVElWRV9FTlRFUihlbnYsIHRoYXQsIG1lbW1vdmVfX0xvcmdfZWNsaXBzZV9zd3RfaW50ZXJuYWxfZ3RrM19HZGtFdmVudFdpbmRvd1N0YXRlXzJKSl9GVU5DKTs=
2253	STATEMENT	103861	103914	1	6b4ffd7a4c84f6b5f059207aecbc3d2ec32725179c9604c77a5cb09af2ce7e19	CglpZiAoYXJnMCkgaWYgKChscGFyZzAgPSAmX2FyZzApID09IE5VTEwpIGdvdG8gZmFpbDs=
2254	STATEMENT	103914	103974	1	6fb0a86d48055dd0c30719c76971f29ec368cde07167e60c0d59d8bd21368af0	CgltZW1tb3ZlKCh2b2lkICopbHBhcmcwLCAoY29uc3Qgdm9pZCAqKWFyZzEsIChzaXplX3QpYXJnMik7
2255	STATEMENT	103974	104050	1	fec4ad221439dc3c6c3c748e954e2df7b1f9e38ceea932b2701e36926611dc3c	CmZhaWw6CglpZiAoYXJnMCAmJiBscGFyZzApIHNldEdka0V2ZW50V2luZG93U3RhdGVGaWVsZHMoZW52LCBhcmcwLCBscGFyZzApOw==
2256	STATEMENT	104050	104150	1	2e9c6de38d082e54a4b5fc29bb3a4f1ba0152d6f763904c171a81723967b0fbc	CglHVEszX05BVElWRV9FWElUKGVudiwgdGhhdCwgbWVtbW92ZV9fTG9yZ19lY2xpcHNlX3N3dF9pbnRlcm5hbF9ndGszX0dka0V2ZW50V2luZG93U3RhdGVfMkpKX0ZVTkMpOw==
2257	FRAGMENT	104150	104151	1	01ba4719c80b6fe911b091a7c05124b64eeece964e09c058ef8f9805daca546b	Cg==
2258	BLOCK_CLOSE	104151	104152	0	d10b36aa74a59bcf4a88185837f658afaf3646eff2bb16c3928d0e9335e945d2	fQ==
2259	PREPROCESSOR	104152	104160	0	626de321eb397f6600939892a0009f31bc378f7e886f9acc5ec0af18db6a99a7	CiNlbmRpZgo=
2260	TRAILING	104160	104161	0	01ba4719c80b6fe911b091a7c05124b64eeece964e09c058ef8f9805daca546b	Cg==
