ordinal	kind	start	end	depth	sha256	payload-base64
0	PREPROCESSOR	0	636	0	ec8cbaec0f6b03095f5cf7cde402e0597b3b6e93866072d6a39d53bc6d7975fd	LyoqKioqKioqKioqKioqKioqKioqKioqKioqKioqKioqKioqKioqKioqKioqKioqKioqKioqKioqKioqKioqKioqKioqKioqKioqKioqKioKICogQ29weXJpZ2h0IChjKSAyMDAwLCAyMDI2IElCTSBDb3Jwb3JhdGlvbiBhbmQgb3RoZXJzLgogKgogKiBUaGlzIHByb2dyYW0gYW5kIHRoZSBhY2NvbXBhbnlpbmcgbWF0ZXJpYWxzCiAqIGFyZSBtYWRlIGF2YWlsYWJsZSB1bmRlciB0aGUgdGVybXMgb2YgdGhlIEVjbGlwc2UgUHVibGljIExpY2Vuc2UgMi4wCiAqIHdoaWNoIGFjY29tcGFuaWVzIHRoaXMgZGlzdHJpYnV0aW9uLCBhbmQgaXMgYXZhaWxhYmxlIGF0CiAqIGh0dHBzOi8vd3d3LmVjbGlwc2Uub3JnL2xlZ2FsL2VwbC0yLjAvCiAqCiAqIFNQRFgtTGljZW5zZS1JZGVudGlmaWVyOiBFUEwtMi4wCiAqKioqKioqKioqKioqKioqKioqKioqKioqKioqKioqKioqKioqKioqKioqKioqKioqKioqKioqKioqKioqKioqKioqKioqKioqKioqKioqLwoKLyogTm90ZTogVGhpcyBmaWxlIHdhcyBhdXRvLWdlbmVyYXRlZCBieSBvcmcuZWNsaXBzZS5zd3QudG9vbHMuaW50ZXJuYWwuSk5JR2VuZXJhdG9yICovCi8qIERPIE5PVCBFRElUIC0geW91ciBjaGFuZ2VzIHdpbGwgYmUgbG9zdC4gKi8KCiNpbmNsdWRlICJzd3QuaCIK
1	PREPROCESSOR	636	662	0	9ceca6e25df27164585f682aef0606858a72de8d8dc0a9a20a3e8ecf758082ca	I2luY2x1ZGUgImd0azRfc3RydWN0cy5oIgo=
2	PREPROCESSOR	662	686	0	ad1978298826daca51ba50cfa7a1b48c8a816ee86411dae5e0b2080215750912	I2luY2x1ZGUgImd0azRfc3RhdHMuaCIK
3	PREPROCESSOR	686	710	0	2d12acc5895aaab81467e7607e221a2034431623c8f93e91fa9318a560d0abeb	I2luY2x1ZGUgIm9zX3N0cnVjdHMuaCIK
4	PREPROCESSOR	710	731	0	c83ab8c68e11acdfe4f970979ca245ee519be484784c52e50cc13c0eafbca8ee	CiNpZm5kZWYgR1RLNF9OQVRJVkUK
5	PREPROCESSOR	731	804	0	15888c737024dac49d47ea8ea75b15790308e21e94447a834ab034e10ed61ef9	I2RlZmluZSBHVEs0X05BVElWRShmdW5jKSBKYXZhX29yZ19lY2xpcHNlX3N3dF9pbnRlcm5hbF9ndGs0X0dUSzRfIyNmdW5jCg==
6	PREPROCESSOR	804	811	0	9a349bbd1a21104f051e34b2c8a9e70cc7fbb50bc19a67781f2a140c386d9438	I2VuZGlmCg==
7	PREPROCESSOR	811	826	0	02ad66e4edcb58f9dcce2125c273677e0528ffa10333cf47499fd422f58700a9	CiNpZmRlZiBfV0lOMzIK
8	PREPROCESSOR	826	924	0	e45025baf96bfb1438a08cb2f2124a2f8c95de5484000985b1dfbdc0f4a30f80	ICAvKiBNYW55IG1ldGhvZHMgZG9uJ3QgdXNlIHRoZWlyICdlbnYnIGFuZCAndGhhdCcgYXJndW1lbnRzICovCiAgI3ByYWdtYSB3YXJuaW5nIChkaXNhYmxlOiA0MTAwKQo=
9	PREPROCESSOR	924	931	0	9a349bbd1a21104f051e34b2c8a9e70cc7fbb50bc19a67781f2a140c386d9438	I2VuZGlmCg==
10	PREPROCESSOR	931	966	0	a95b4f5568a586b6620096bbac520d635c117694ec68020261b655f8bac0a70c	CiNpZm5kZWYgTk9fR1RLXzFJU18xUE9QT1ZFUl8xTUVOVQo=
11	FUNCTION_OPEN	966	1070	0	06ee23a24f84ec3f18a4a270a8f77c3b1e17cc2f4693b5065d2b51a6b33b7c8e	Sk5JRVhQT1JUIGpib29sZWFuIEpOSUNBTEwgR1RLNF9OQVRJVkUoR1RLXzFJU18xUE9QT1ZFUl8xTUVOVSkKCShKTklFbnYgKmVudiwgamNsYXNzIHRoYXQsIGpsb25nIGFyZzApCns=
12	STATEMENT	1070	1088	1	6e389c725127046540fa228f0aca981232172a088ed5b7d88f2be6db7346caa1	CglqYm9vbGVhbiByYyA9IDA7
13	STATEMENT	1088	1148	1	e2d863903c55fbaeffc8ad70ed2e02666b2f6958c95ab3f0521b13e16957d528	CglHVEs0X05BVElWRV9FTlRFUihlbnYsIHRoYXQsIEdUS18xSVNfMVBPUE9WRVJfMU1FTlVfRlVOQyk7
14	STATEMENT	1148	1191	1	4fffe23554a26f144e8d3a6bb0dd6e2199adc3d63c8918273b4b0533f3ff7552	CglyYyA9IChqYm9vbGVhbilHVEtfSVNfUE9QT1ZFUl9NRU5VKGFyZzApOw==
15	STATEMENT	1191	1250	1	72f3054a802566a91718beafa93fda010f6f22dca849adb2c829c9e4220dcd15	CglHVEs0X05BVElWRV9FWElUKGVudiwgdGhhdCwgR1RLXzFJU18xUE9QT1ZFUl8xTUVOVV9GVU5DKTs=
16	STATEMENT	1250	1262	1	a028c9c9501df4846ec72c7b4432d4a3cb499b36b781bb1c38853498151d0ba7	CglyZXR1cm4gcmM7
17	FRAGMENT	1262	1263	1	01ba4719c80b6fe911b091a7c05124b64eeece964e09c058ef8f9805daca546b	Cg==
18	BLOCK_CLOSE	1263	1264	0	d10b36aa74a59bcf4a88185837f658afaf3646eff2bb16c3928d0e9335e945d2	fQ==
19	PREPROCESSOR	1264	1272	0	626de321eb397f6600939892a0009f31bc378f7e886f9acc5ec0af18db6a99a7	CiNlbmRpZgo=
20	PREPROCESSOR	1272	1313	0	22d64ece077634b5e67dd8a6eda553e750b011142e4b37ebacc5efbc9e1f3c1b	CiNpZm5kZWYgTk9fZ2RrXzFjbGlwYm9hcmRfMWdldF8xY29udGVudAo=
21	FUNCTION_OPEN	1313	1420	0	9ac704cdc886b4e11b9055bedf91510bea2ce22e32a770dbc5436281d28181e4	Sk5JRVhQT1JUIGpsb25nIEpOSUNBTEwgR1RLNF9OQVRJVkUoZ2RrXzFjbGlwYm9hcmRfMWdldF8xY29udGVudCkKCShKTklFbnYgKmVudiwgamNsYXNzIHRoYXQsIGpsb25nIGFyZzApCns=
22	STATEMENT	1420	1435	1	3411ceb5951bc52321d8d6cf00df310a159211846b0264e08db2a18b94173633	CglqbG9uZyByYyA9IDA7
23	STATEMENT	1435	1501	1	f260ec503abcc3295fc72ee9168de92e2f5df46b548a4bae696b196e202ba98f	CglHVEs0X05BVElWRV9FTlRFUihlbnYsIHRoYXQsIGdka18xY2xpcGJvYXJkXzFnZXRfMWNvbnRlbnRfRlVOQyk7
24	STATEMENT	1501	1562	1	a9cda08cd6994d5e0431b40cffb053deab40a99eadeabaa34b65ea777bb6e436	CglyYyA9IChqbG9uZylnZGtfY2xpcGJvYXJkX2dldF9jb250ZW50KChHZGtDbGlwYm9hcmQqKWFyZzApOw==
25	STATEMENT	1562	1627	1	40115dcf91e372e1ac8dac37a2f7c4d34104b9c0f8a70e76c3e8d073fbb1de87	CglHVEs0X05BVElWRV9FWElUKGVudiwgdGhhdCwgZ2RrXzFjbGlwYm9hcmRfMWdldF8xY29udGVudF9GVU5DKTs=
26	STATEMENT	1627	1639	1	a028c9c9501df4846ec72c7b4432d4a3cb499b36b781bb1c38853498151d0ba7	CglyZXR1cm4gcmM7
27	FRAGMENT	1639	1640	1	01ba4719c80b6fe911b091a7c05124b64eeece964e09c058ef8f9805daca546b	Cg==
28	BLOCK_CLOSE	1640	1641	0	d10b36aa74a59bcf4a88185837f658afaf3646eff2bb16c3928d0e9335e945d2	fQ==
29	PREPROCESSOR	1641	1649	0	626de321eb397f6600939892a0009f31bc378f7e886f9acc5ec0af18db6a99a7	CiNlbmRpZgo=
30	PREPROCESSOR	1649	1690	0	24d58e53785e2f591b5b4ec8afde1431622b5565094b5a3259615c7cefd7ecfe	CiNpZm5kZWYgTk9fZ2RrXzFjbGlwYm9hcmRfMWdldF8xZm9ybWF0cwo=
31	FUNCTION_OPEN	1690	1797	0	3c8a2792a5caa9b55322fd29c264a3dc59e511d9fc7a653d19fba34a82cdc4c9	Sk5JRVhQT1JUIGpsb25nIEpOSUNBTEwgR1RLNF9OQVRJVkUoZ2RrXzFjbGlwYm9hcmRfMWdldF8xZm9ybWF0cykKCShKTklFbnYgKmVudiwgamNsYXNzIHRoYXQsIGpsb25nIGFyZzApCns=
32	STATEMENT	1797	1812	1	3411ceb5951bc52321d8d6cf00df310a159211846b0264e08db2a18b94173633	CglqbG9uZyByYyA9IDA7
33	STATEMENT	1812	1878	1	e7e73c0f72d45aa7a4751b8b4217e6e091394b7cd4bb3e1eba5f7bab77a849cf	CglHVEs0X05BVElWRV9FTlRFUihlbnYsIHRoYXQsIGdka18xY2xpcGJvYXJkXzFnZXRfMWZvcm1hdHNfRlVOQyk7
34	STATEMENT	1878	1939	1	0c25b0288e486429d1c4c5a809d922eac38c6fc8266bb4903edf54cdcdf8e872	CglyYyA9IChqbG9uZylnZGtfY2xpcGJvYXJkX2dldF9mb3JtYXRzKChHZGtDbGlwYm9hcmQqKWFyZzApOw==
35	STATEMENT	1939	2004	1	dbe68978861fbd243a5f061e2c71870d70cee630d425cfcf4fb71334bc7aa47c	CglHVEs0X05BVElWRV9FWElUKGVudiwgdGhhdCwgZ2RrXzFjbGlwYm9hcmRfMWdldF8xZm9ybWF0c19GVU5DKTs=
36	STATEMENT	2004	2016	1	a028c9c9501df4846ec72c7b4432d4a3cb499b36b781bb1c38853498151d0ba7	CglyZXR1cm4gcmM7
37	FRAGMENT	2016	2017	1	01ba4719c80b6fe911b091a7c05124b64eeece964e09c058ef8f9805daca546b	Cg==
38	BLOCK_CLOSE	2017	2018	0	d10b36aa74a59bcf4a88185837f658afaf3646eff2bb16c3928d0e9335e945d2	fQ==
39	PREPROCESSOR	2018	2026	0	626de321eb397f6600939892a0009f31bc378f7e886f9acc5ec0af18db6a99a7	CiNlbmRpZgo=
40	PREPROCESSOR	2026	2064	0	4345fae3a4d7732c48299fd920a8aaf1bf952538a3a66b6a4411bac26d6dea19	CiNpZm5kZWYgTk9fZ2RrXzFjbGlwYm9hcmRfMWlzXzFsb2NhbAo=
41	FUNCTION_OPEN	2064	2171	0	3272afa9dbb789fc658e3435dbe3db59987507de88e0d2f61d7fcd0dd41ee938	Sk5JRVhQT1JUIGpib29sZWFuIEpOSUNBTEwgR1RLNF9OQVRJVkUoZ2RrXzFjbGlwYm9hcmRfMWlzXzFsb2NhbCkKCShKTklFbnYgKmVudiwgamNsYXNzIHRoYXQsIGpsb25nIGFyZzApCns=
42	STATEMENT	2171	2189	1	6e389c725127046540fa228f0aca981232172a088ed5b7d88f2be6db7346caa1	CglqYm9vbGVhbiByYyA9IDA7
43	STATEMENT	2189	2252	1	e90f4d6ea2e9d827a3791ffad13c86b6db5b1867147383894b5ca12f6cb2d16c	CglHVEs0X05BVElWRV9FTlRFUihlbnYsIHRoYXQsIGdka18xY2xpcGJvYXJkXzFpc18xbG9jYWxfRlVOQyk7
44	STATEMENT	2252	2313	1	636858019ee78cb96ab17fbd610a3e2630acb4d62b1456d3961220a851b6c266	CglyYyA9IChqYm9vbGVhbilnZGtfY2xpcGJvYXJkX2lzX2xvY2FsKChHZGtDbGlwYm9hcmQqKWFyZzApOw==
45	STATEMENT	2313	2375	1	5e76cbd7a131390d6294337e4a67690ae02811d2fe1ef4c60abf080de0523ca6	CglHVEs0X05BVElWRV9FWElUKGVudiwgdGhhdCwgZ2RrXzFjbGlwYm9hcmRfMWlzXzFsb2NhbF9GVU5DKTs=
46	STATEMENT	2375	2387	1	a028c9c9501df4846ec72c7b4432d4a3cb499b36b781bb1c38853498151d0ba7	CglyZXR1cm4gcmM7
47	FRAGMENT	2387	2388	1	01ba4719c80b6fe911b091a7c05124b64eeece964e09c058ef8f9805daca546b	Cg==
48	BLOCK_CLOSE	2388	2389	0	d10b36aa74a59bcf4a88185837f658afaf3646eff2bb16c3928d0e9335e945d2	fQ==
49	PREPROCESSOR	2389	2397	0	626de321eb397f6600939892a0009f31bc378f7e886f9acc5ec0af18db6a99a7	CiNlbmRpZgo=
50	PREPROCESSOR	2397	2437	0	af0f28c54817ab623a75df9a260e6f2b02536bec4ce83b9520b62c76bed0566f	CiNpZm5kZWYgTk9fZ2RrXzFjbGlwYm9hcmRfMXJlYWRfMWFzeW5jCg==
51	FUNCTION_OPEN	2437	2608	0	474ce8f015d5f351b61424ef538e9cec80ca97fb78020a6e69896e5fe49b2abb	Sk5JRVhQT1JUIHZvaWQgSk5JQ0FMTCBHVEs0X05BVElWRShnZGtfMWNsaXBib2FyZF8xcmVhZF8xYXN5bmMpCgkoSk5JRW52ICplbnYsIGpjbGFzcyB0aGF0LCBqbG9uZyBhcmcwLCBqb2JqZWN0QXJyYXkgYXJnMSwgamludCBhcmcyLCBqbG9uZyBhcmczLCBqbG9uZyBhcmc0LCBqbG9uZyBhcmc1KQp7
52	STATEMENT	2608	2693	1	82ebe2ca20f98afd037aeac6e6556aa31120fa335f8df08e4903a4ea6647c471	CgljaGFyICoqbHBhcmcxPU5VTEwKCUdUSzRfTkFUSVZFX0VOVEVSKGVudiwgdGhhdCwgZ2RrXzFjbGlwYm9hcmRfMXJlYWRfMWFzeW5jX0ZVTkMpOw==
53	STATEMENT	2693	2775	1	327891c1abfff78a332cba41bef1f0354256c175b781985aaa8d81dadf731746	CglpZiAoYXJnMSkgaWYgKChscGFyZzEgPSBzd3RfZ2V0QXJyYXlPZlN0cmluZ3NVVEYoZW52LCBhcmcxKSkgPT0gTlVMTCkgZ290byBmYWlsOw==
54	STATEMENT	2775	2922	1	81153fc1232b4628a3d1415d2017cd52b8270aba489d28364e393afb30ec770c	CglnZGtfY2xpcGJvYXJkX3JlYWRfYXN5bmMoKEdka0NsaXBib2FyZCopYXJnMCwgKGNvbnN0IGNoYXIgKiopbHBhcmcxLCAoaW50KWFyZzIsIChHQ2FuY2VsbGFibGUgKilhcmczLCAoR0FzeW5jUmVhZHlDYWxsYmFjaylhcmc0LCAoZ3BvaW50ZXIpYXJnNSk7
55	STATEMENT	2922	2998	1	f96ac92c9ad0fabc119b42a10ec8162f6e64b97dccf17819571fcde1d1c8ee57	CmZhaWw6CglpZiAoYXJnMSAmJiBscGFyZzEpIHN3dF9yZWxlYXNlQXJyYXlPZlN0cmluZ3NVVEYoZW52LCBhcmcxLCBscGFyZzEpOw==
56	STATEMENT	2998	3062	1	06d3b234f2600481f0bdcf631b6bcd1000123a5755c5a854911d54793eabc19f	CglHVEs0X05BVElWRV9FWElUKGVudiwgdGhhdCwgZ2RrXzFjbGlwYm9hcmRfMXJlYWRfMWFzeW5jX0ZVTkMpOw==
57	FRAGMENT	3062	3063	1	01ba4719c80b6fe911b091a7c05124b64eeece964e09c058ef8f9805daca546b	Cg==
58	BLOCK_CLOSE	3063	3064	0	d10b36aa74a59bcf4a88185837f658afaf3646eff2bb16c3928d0e9335e945d2	fQ==
59	PREPROCESSOR	3064	3072	0	626de321eb397f6600939892a0009f31bc378f7e886f9acc5ec0af18db6a99a7	CiNlbmRpZgo=
60	PREPROCESSOR	3072	3113	0	b237485400fa09b6bf7e55cf7197b38d5dc1da139eda42efe4fe886d6a161baa	CiNpZm5kZWYgTk9fZ2RrXzFjbGlwYm9hcmRfMXJlYWRfMWZpbmlzaAo=
61	FUNCTION_OPEN	3113	3266	0	6fc8103ff7cb1e9923cc585bdd44dd2fa35847673ec846f7ee99a0892c0c8241	Sk5JRVhQT1JUIGpsb25nIEpOSUNBTEwgR1RLNF9OQVRJVkUoZ2RrXzFjbGlwYm9hcmRfMXJlYWRfMWZpbmlzaCkKCShKTklFbnYgKmVudiwgamNsYXNzIHRoYXQsIGpsb25nIGFyZzAsIGpsb25nIGFyZzEsIGpsb25nQXJyYXkgYXJnMiwgamxvbmdBcnJheSBhcmczKQp7
62	STATEMENT	3266	3287	1	14ee868f685db71861cfd3ee29bba2286fbcac344f0a669a0de0781f9f97193e	CglqbG9uZyAqbHBhcmcyPU5VTEw7
63	STATEMENT	3287	3308	1	8ee0624ff69df7caa4a6f36603c3326c6c26e821a3f31345176b5e3e05ab3464	CglqbG9uZyAqbHBhcmczPU5VTEw7
64	STATEMENT	3308	3323	1	3411ceb5951bc52321d8d6cf00df310a159211846b0264e08db2a18b94173633	CglqbG9uZyByYyA9IDA7
65	STATEMENT	3323	3389	1	2791333bb26717d9fafec7da63cb3333c9831f81264f12bbe87e6dd97c654faf	CglHVEs0X05BVElWRV9FTlRFUihlbnYsIHRoYXQsIGdka18xY2xpcGJvYXJkXzFyZWFkXzFmaW5pc2hfRlVOQyk7
66	STATEMENT	3389	3481	1	b4f19d7a33b1d23f95212e25ea2f0a1971b2a069931368f0f7c3234ad1d7bc03	CglpZiAoYXJnMikgaWYgKChscGFyZzIgPSAoKmVudiktPkdldExvbmdBcnJheUVsZW1lbnRzKGVudiwgYXJnMiwgTlVMTCkpID09IE5VTEwpIGdvdG8gZmFpbDs=
67	STATEMENT	3481	3573	1	198070916f65a7a336d1d5c94f3a7481dc996ecc48f71f8ce36e2770b764de4c	CglpZiAoYXJnMykgaWYgKChscGFyZzMgPSAoKmVudiktPkdldExvbmdBcnJheUVsZW1lbnRzKGVudiwgYXJnMywgTlVMTCkpID09IE5VTEwpIGdvdG8gZmFpbDs=
68	STATEMENT	3573	3697	1	68edd9e6de232e2efc8263b28530ab55a6d992fb452910afbab913fd6dfc4297	CglyYyA9IChqbG9uZylnZGtfY2xpcGJvYXJkX3JlYWRfZmluaXNoKChHZGtDbGlwYm9hcmQqKWFyZzAsIChHQXN5bmNSZXN1bHQgKilhcmcxLCAoY29uc3QgY2hhcioqKWxwYXJnMiwgKEdFcnJvciAqKilscGFyZzMpOw==
69	STATEMENT	3697	3780	1	7bef3c7fed260585b1618d0789dbd54f93bee93ea39f6164094bf40d6ec979d9	CmZhaWw6CglpZiAoYXJnMyAmJiBscGFyZzMpICgqZW52KS0+UmVsZWFzZUxvbmdBcnJheUVsZW1lbnRzKGVudiwgYXJnMywgbHBhcmczLCAwKTs=
70	STATEMENT	3780	3857	1	a4c96166c153257aacde0a9b6cca10285ec81b5ef930be9f527fc678c60adadf	CglpZiAoYXJnMiAmJiBscGFyZzIpICgqZW52KS0+UmVsZWFzZUxvbmdBcnJheUVsZW1lbnRzKGVudiwgYXJnMiwgbHBhcmcyLCAwKTs=
71	STATEMENT	3857	3922	1	e567369651eff895c0071b7ee2f02cf3bdbcf449ef43c833278564b114a7e01b	CglHVEs0X05BVElWRV9FWElUKGVudiwgdGhhdCwgZ2RrXzFjbGlwYm9hcmRfMXJlYWRfMWZpbmlzaF9GVU5DKTs=
72	STATEMENT	3922	3934	1	a028c9c9501df4846ec72c7b4432d4a3cb499b36b781bb1c38853498151d0ba7	CglyZXR1cm4gcmM7
73	FRAGMENT	3934	3935	1	01ba4719c80b6fe911b091a7c05124b64eeece964e09c058ef8f9805daca546b	Cg==
74	BLOCK_CLOSE	3935	3936	0	d10b36aa74a59bcf4a88185837f658afaf3646eff2bb16c3928d0e9335e945d2	fQ==
75	PREPROCESSOR	3936	3944	0	626de321eb397f6600939892a0009f31bc378f7e886f9acc5ec0af18db6a99a7	CiNlbmRpZgo=
76	PREPROCESSOR	3944	3991	0	4047b3c3ddb4712d8e7c855de375efab5e7a4167ba6acaf0283aed22857fc465	CiNpZm5kZWYgTk9fZ2RrXzFjbGlwYm9hcmRfMXJlYWRfMXZhbHVlXzFhc3luYwo=
77	FUNCTION_OPEN	3991	4162	0	63c3c22717316869f6f929eaa06a6b2307516765d18f5b44d3548548dd6b6ca9	Sk5JRVhQT1JUIHZvaWQgSk5JQ0FMTCBHVEs0X05BVElWRShnZGtfMWNsaXBib2FyZF8xcmVhZF8xdmFsdWVfMWFzeW5jKQoJKEpOSUVudiAqZW52LCBqY2xhc3MgdGhhdCwgamxvbmcgYXJnMCwgamxvbmcgYXJnMSwgamludCBhcmcyLCBqbG9uZyBhcmczLCBqbG9uZyBhcmc0LCBqbG9uZyBhcmc1KQp7
78	STATEMENT	4162	4234	1	ed7dc2a0358ae6fdc66a12101de4818c2a94ae83cc9c8c684f9be9992dcced6e	CglHVEs0X05BVElWRV9FTlRFUihlbnYsIHRoYXQsIGdka18xY2xpcGJvYXJkXzFyZWFkXzF2YWx1ZV8xYXN5bmNfRlVOQyk7
79	STATEMENT	4234	4377	1	ea175a340d22396ec4886cb3617a69cea0745f2b790df7bb8776599f7481fbc7	CglnZGtfY2xpcGJvYXJkX3JlYWRfdmFsdWVfYXN5bmMoKEdka0NsaXBib2FyZCopYXJnMCwgKEdUeXBlKWFyZzEsIChpbnQpYXJnMiwgKEdDYW5jZWxsYWJsZSAqKWFyZzMsIChHQXN5bmNSZWFkeUNhbGxiYWNrKWFyZzQsIChncG9pbnRlcilhcmc1KTs=
80	STATEMENT	4377	4448	1	8da4d8094f1d984f0a9e0113f8de45a3796d2bd01599833bbcf1f794c01b5263	CglHVEs0X05BVElWRV9FWElUKGVudiwgdGhhdCwgZ2RrXzFjbGlwYm9hcmRfMXJlYWRfMXZhbHVlXzFhc3luY19GVU5DKTs=
81	FRAGMENT	4448	4449	1	01ba4719c80b6fe911b091a7c05124b64eeece964e09c058ef8f9805daca546b	Cg==
82	BLOCK_CLOSE	4449	4450	0	d10b36aa74a59bcf4a88185837f658afaf3646eff2bb16c3928d0e9335e945d2	fQ==
83	PREPROCESSOR	4450	4458	0	626de321eb397f6600939892a0009f31bc378f7e886f9acc5ec0af18db6a99a7	CiNlbmRpZgo=
84	PREPROCESSOR	4458	4506	0	b8ee00278e415b30871f0fb5c2de2b8b771622fda5f3efde20531bbbc58d3a62	CiNpZm5kZWYgTk9fZ2RrXzFjbGlwYm9hcmRfMXJlYWRfMXZhbHVlXzFmaW5pc2gK
85	FUNCTION_OPEN	4506	4649	0	81e8ee294f563b3a3471bbdf9f2dc00f155ca2662d71a52e9dab253c096fd416	Sk5JRVhQT1JUIGpsb25nIEpOSUNBTEwgR1RLNF9OQVRJVkUoZ2RrXzFjbGlwYm9hcmRfMXJlYWRfMXZhbHVlXzFmaW5pc2gpCgkoSk5JRW52ICplbnYsIGpjbGFzcyB0aGF0LCBqbG9uZyBhcmcwLCBqbG9uZyBhcmcxLCBqbG9uZ0FycmF5IGFyZzIpCns=
86	STATEMENT	4649	4670	1	14ee868f685db71861cfd3ee29bba2286fbcac344f0a669a0de0781f9f97193e	CglqbG9uZyAqbHBhcmcyPU5VTEw7
87	STATEMENT	4670	4685	1	3411ceb5951bc52321d8d6cf00df310a159211846b0264e08db2a18b94173633	CglqbG9uZyByYyA9IDA7
88	STATEMENT	4685	4758	1	4b4e3e3a439ce07456aaeb0a13b4cf727d60b5af8016ee5733b20c3af7d1235d	CglHVEs0X05BVElWRV9FTlRFUihlbnYsIHRoYXQsIGdka18xY2xpcGJvYXJkXzFyZWFkXzF2YWx1ZV8xZmluaXNoX0ZVTkMpOw==
89	STATEMENT	4758	4850	1	b4f19d7a33b1d23f95212e25ea2f0a1971b2a069931368f0f7c3234ad1d7bc03	CglpZiAoYXJnMikgaWYgKChscGFyZzIgPSAoKmVudiktPkdldExvbmdBcnJheUVsZW1lbnRzKGVudiwgYXJnMiwgTlVMTCkpID09IE5VTEwpIGdvdG8gZmFpbDs=
90	STATEMENT	4850	4958	1	a13a8340d30237898be8c4d06db8910d6bec5aaf9a4d93e8527224f8167f3234	CglyYyA9IChqbG9uZylnZGtfY2xpcGJvYXJkX3JlYWRfdmFsdWVfZmluaXNoKChHZGtDbGlwYm9hcmQqKWFyZzAsIChHQXN5bmNSZXN1bHQgKilhcmcxLCAoR0Vycm9yICoqKWxwYXJnMik7
91	STATEMENT	4958	5041	1	7fbb799efbaced44951814914d554fd234f83e74e38da010ee1ef435ab5b6323	CmZhaWw6CglpZiAoYXJnMiAmJiBscGFyZzIpICgqZW52KS0+UmVsZWFzZUxvbmdBcnJheUVsZW1lbnRzKGVudiwgYXJnMiwgbHBhcmcyLCAwKTs=
92	STATEMENT	5041	5113	1	3a056736d12b2bf13b75a0ad7f38d39c72a5aae7f68f85a44b196a754afb91ce	CglHVEs0X05BVElWRV9FWElUKGVudiwgdGhhdCwgZ2RrXzFjbGlwYm9hcmRfMXJlYWRfMXZhbHVlXzFmaW5pc2hfRlVOQyk7
93	STATEMENT	5113	5125	1	a028c9c9501df4846ec72c7b4432d4a3cb499b36b781bb1c38853498151d0ba7	CglyZXR1cm4gcmM7
94	FRAGMENT	5125	5126	1	01ba4719c80b6fe911b091a7c05124b64eeece964e09c058ef8f9805daca546b	Cg==
95	BLOCK_CLOSE	5126	5127	0	d10b36aa74a59bcf4a88185837f658afaf3646eff2bb16c3928d0e9335e945d2	fQ==
96	PREPROCESSOR	5127	5135	0	626de321eb397f6600939892a0009f31bc378f7e886f9acc5ec0af18db6a99a7	CiNlbmRpZgo=
97	PREPROCESSOR	5135	5167	0	535234219722894242a4acdc0fe26b1438b985b7692106aa88e0bf2c4e7cf1e4	CiNpZm5kZWYgTk9fZ2RrXzFjbGlwYm9hcmRfMXNldAo=
98	FUNCTION_OPEN	5167	5288	0	ce90b114acfcd7397307fe04ab7f5dbbd3b1f9fa243289ddf2e4c97c16f157bd	Sk5JRVhQT1JUIHZvaWQgSk5JQ0FMTCBHVEs0X05BVElWRShnZGtfMWNsaXBib2FyZF8xc2V0KQoJKEpOSUVudiAqZW52LCBqY2xhc3MgdGhhdCwgamxvbmcgYXJnMCwgamxvbmcgYXJnMSwgamxvbmcgYXJnMikKew==
99	STATEMENT	5288	5345	1	038038c607bc25b3ce82961407df983db02c88b616c1280ace17b3001f21d375	CglHVEs0X05BVElWRV9FTlRFUihlbnYsIHRoYXQsIGdka18xY2xpcGJvYXJkXzFzZXRfRlVOQyk7
100	STATEMENT	5345	5405	1	722b3adfed9e4460e4a6e7f6db522b34b8cfe59730179dcc4af15b9aea735b3b	CglnZGtfY2xpcGJvYXJkX3NldCgoR2RrQ2xpcGJvYXJkKilhcmcwLCAoR1R5cGUpYXJnMSwgYXJnMik7
101	STATEMENT	5405	5461	1	d6513f5deb4968ea9ede2edf075ba95ca29361147ea1921bdbb79f14473da07c	CglHVEs0X05BVElWRV9FWElUKGVudiwgdGhhdCwgZ2RrXzFjbGlwYm9hcmRfMXNldF9GVU5DKTs=
102	FRAGMENT	5461	5462	1	01ba4719c80b6fe911b091a7c05124b64eeece964e09c058ef8f9805daca546b	Cg==
103	BLOCK_CLOSE	5462	5463	0	d10b36aa74a59bcf4a88185837f658afaf3646eff2bb16c3928d0e9335e945d2	fQ==
104	PREPROCESSOR	5463	5471	0	626de321eb397f6600939892a0009f31bc378f7e886f9acc5ec0af18db6a99a7	CiNlbmRpZgo=
105	PREPROCESSOR	5471	5512	0	27e1d5e40d18a2a338acf1506aaf7ce7c5fce00bbf2dc09f3afecad79aa400e9	CiNpZm5kZWYgTk9fZ2RrXzFjbGlwYm9hcmRfMXNldF8xY29udGVudAo=
106	FUNCTION_OPEN	5512	5634	0	ad041929b32ddcbe8c6167cb27c31cda67e6f46306017050962f1e37d3f4ea10	Sk5JRVhQT1JUIGpib29sZWFuIEpOSUNBTEwgR1RLNF9OQVRJVkUoZ2RrXzFjbGlwYm9hcmRfMXNldF8xY29udGVudCkKCShKTklFbnYgKmVudiwgamNsYXNzIHRoYXQsIGpsb25nIGFyZzAsIGpsb25nIGFyZzEpCns=
107	STATEMENT	5634	5652	1	6e389c725127046540fa228f0aca981232172a088ed5b7d88f2be6db7346caa1	CglqYm9vbGVhbiByYyA9IDA7
108	STATEMENT	5652	5718	1	026a78fed11cfc2eaa31b5dbaf1f8e0a3406a1d16e12d601531af4c985df8a29	CglHVEs0X05BVElWRV9FTlRFUihlbnYsIHRoYXQsIGdka18xY2xpcGJvYXJkXzFzZXRfMWNvbnRlbnRfRlVOQyk7
109	STATEMENT	5718	5809	1	f415976f535b56afb157b31194ad72c7d800e511db12329f53d5c9018d89eead	CglyYyA9IChqYm9vbGVhbilnZGtfY2xpcGJvYXJkX3NldF9jb250ZW50KChHZGtDbGlwYm9hcmQqKWFyZzAsIChHZGtDb250ZW50UHJvdmlkZXIqKWFyZzEpOw==
110	STATEMENT	5809	5874	1	46c1b16a8bad5b1eb9842e6847ba90b8d03d1ed1f3ac5296462050a9fefcf836	CglHVEs0X05BVElWRV9FWElUKGVudiwgdGhhdCwgZ2RrXzFjbGlwYm9hcmRfMXNldF8xY29udGVudF9GVU5DKTs=
111	STATEMENT	5874	5886	1	a028c9c9501df4846ec72c7b4432d4a3cb499b36b781bb1c38853498151d0ba7	CglyZXR1cm4gcmM7
112	FRAGMENT	5886	5887	1	01ba4719c80b6fe911b091a7c05124b64eeece964e09c058ef8f9805daca546b	Cg==
113	BLOCK_CLOSE	5887	5888	0	d10b36aa74a59bcf4a88185837f658afaf3646eff2bb16c3928d0e9335e945d2	fQ==
114	PREPROCESSOR	5888	5896	0	626de321eb397f6600939892a0009f31bc378f7e886f9acc5ec0af18db6a99a7	CiNlbmRpZgo=
115	PREPROCESSOR	5896	5934	0	11ab3e808ee0aeb3c28202d8713c3c31d103b73d1f3ea8ecc25b214200211e98	CiNpZm5kZWYgTk9fZ2RrXzFjbGlwYm9hcmRfMXNldF8xdGV4dAo=
116	FUNCTION_OPEN	5934	6054	0	e9f457b1d0eb91780545008e76f2d165fd40541bd0d0c0c9740800692ec1c9e0	Sk5JRVhQT1JUIHZvaWQgSk5JQ0FMTCBHVEs0X05BVElWRShnZGtfMWNsaXBib2FyZF8xc2V0XzF0ZXh0KQoJKEpOSUVudiAqZW52LCBqY2xhc3MgdGhhdCwgamxvbmcgYXJnMCwgamJ5dGVBcnJheSBhcmcxKQp7
117	STATEMENT	6054	6075	1	ecbc1c66598161b54ed7d4df47ce4c17c895a8aaf496cadd930f0e7e6c9b06d3	CglqYnl0ZSAqbHBhcmcxPU5VTEw7
118	STATEMENT	6075	6138	1	5f8d0a0c2f0b41322018c25e8736684e2dfddc3ac57a18c0ed2bcd87e9b551ee	CglHVEs0X05BVElWRV9FTlRFUihlbnYsIHRoYXQsIGdka18xY2xpcGJvYXJkXzFzZXRfMXRleHRfRlVOQyk7
119	STATEMENT	6138	6230	1	9e0f7faa1c09a55eb10394bedcb268962dfc3d57ab587fe9530c7324cc7b0ca1	CglpZiAoYXJnMSkgaWYgKChscGFyZzEgPSAoKmVudiktPkdldEJ5dGVBcnJheUVsZW1lbnRzKGVudiwgYXJnMSwgTlVMTCkpID09IE5VTEwpIGdvdG8gZmFpbDs=
120	STATEMENT	6230	6298	1	3d83907173fc9bc592acd221fe224748038961cc4cb37ac79c71553e8ec25d27	CglnZGtfY2xpcGJvYXJkX3NldF90ZXh0KChHZGtDbGlwYm9hcmQqKWFyZzAsIChjb25zdCBjaGFyICopbHBhcmcxKTs=
121	STATEMENT	6298	6381	1	78812943a01430fa07d31629617d2c1617a8077555058eb3c69830ff8aafbb1d	CmZhaWw6CglpZiAoYXJnMSAmJiBscGFyZzEpICgqZW52KS0+UmVsZWFzZUJ5dGVBcnJheUVsZW1lbnRzKGVudiwgYXJnMSwgbHBhcmcxLCAwKTs=
122	STATEMENT	6381	6443	1	ea7969f82abc60361b5b4e2f8a04bc48871a0c2ff0513c40fb54bf64fc1b64d7	CglHVEs0X05BVElWRV9FWElUKGVudiwgdGhhdCwgZ2RrXzFjbGlwYm9hcmRfMXNldF8xdGV4dF9GVU5DKTs=
123	FRAGMENT	6443	6444	1	01ba4719c80b6fe911b091a7c05124b64eeece964e09c058ef8f9805daca546b	Cg==
124	BLOCK_CLOSE	6444	6445	0	d10b36aa74a59bcf4a88185837f658afaf3646eff2bb16c3928d0e9335e945d2	fQ==
125	PREPROCESSOR	6445	6453	0	626de321eb397f6600939892a0009f31bc378f7e886f9acc5ec0af18db6a99a7	CiNlbmRpZgo=
126	PREPROCESSOR	6453	6494	0	5e1d80eddb8fe08136459c425bd02e9f1d1493ef7b5a098b96412b47882cae7e	CiNpZm5kZWYgTk9fZ2RrXzFjbGlwYm9hcmRfMXN0b3JlXzFhc3luYwo=
127	FUNCTION_OPEN	6494	6647	0	950245221d3c7e75cf2955cc8bd1626aa295be12ee434452b18efab1e6941635	Sk5JRVhQT1JUIHZvaWQgSk5JQ0FMTCBHVEs0X05BVElWRShnZGtfMWNsaXBib2FyZF8xc3RvcmVfMWFzeW5jKQoJKEpOSUVudiAqZW52LCBqY2xhc3MgdGhhdCwgamxvbmcgYXJnMCwgamludCBhcmcxLCBqbG9uZyBhcmcyLCBqbG9uZyBhcmczLCBqbG9uZyBhcmc0KQp7
128	STATEMENT	6647	6713	1	7081cd6efd13b4ed47ea7cb328397d949943118badde625172396ff24150bf21	CglHVEs0X05BVElWRV9FTlRFUihlbnYsIHRoYXQsIGdka18xY2xpcGJvYXJkXzFzdG9yZV8xYXN5bmNfRlVOQyk7
129	STATEMENT	6713	6838	1	3582c6cf857db9074c9a060c682e09d88b461a8fb314b3fd29b00b15f8f76706	CglnZGtfY2xpcGJvYXJkX3N0b3JlX2FzeW5jKChHZGtDbGlwYm9hcmQqKWFyZzAsIChpbnQpYXJnMSwgKEdDYW5jZWxsYWJsZSAqKWFyZzIsIChHQXN5bmNSZWFkeUNhbGxiYWNrKWFyZzMsIChncG9pbnRlcilhcmc0KTs=
130	STATEMENT	6838	6903	1	ff1d847877dccbfff63bd3cf8a856523a0c8388be65d0d02ec339b6b1731123c	CglHVEs0X05BVElWRV9FWElUKGVudiwgdGhhdCwgZ2RrXzFjbGlwYm9hcmRfMXN0b3JlXzFhc3luY19GVU5DKTs=
131	FRAGMENT	6903	6904	1	01ba4719c80b6fe911b091a7c05124b64eeece964e09c058ef8f9805daca546b	Cg==
132	BLOCK_CLOSE	6904	6905	0	d10b36aa74a59bcf4a88185837f658afaf3646eff2bb16c3928d0e9335e945d2	fQ==
133	PREPROCESSOR	6905	6913	0	626de321eb397f6600939892a0009f31bc378f7e886f9acc5ec0af18db6a99a7	CiNlbmRpZgo=
134	PREPROCESSOR	6913	6955	0	e4db101172f3cd3850ed492d696096a04faae72f22ff903c998448257a3b9495	CiNpZm5kZWYgTk9fZ2RrXzFjbGlwYm9hcmRfMXN0b3JlXzFmaW5pc2gK
135	FUNCTION_OPEN	6955	7095	0	06e8ac3c5a1cd1f8a667575f1feec7af4ff54a9dd029ae916dcf4ea057a5bb6c	Sk5JRVhQT1JUIGpib29sZWFuIEpOSUNBTEwgR1RLNF9OQVRJVkUoZ2RrXzFjbGlwYm9hcmRfMXN0b3JlXzFmaW5pc2gpCgkoSk5JRW52ICplbnYsIGpjbGFzcyB0aGF0LCBqbG9uZyBhcmcwLCBqbG9uZyBhcmcxLCBqbG9uZ0FycmF5IGFyZzIpCns=
136	STATEMENT	7095	7116	1	14ee868f685db71861cfd3ee29bba2286fbcac344f0a669a0de0781f9f97193e	CglqbG9uZyAqbHBhcmcyPU5VTEw7
137	STATEMENT	7116	7134	1	6e389c725127046540fa228f0aca981232172a088ed5b7d88f2be6db7346caa1	CglqYm9vbGVhbiByYyA9IDA7
138	STATEMENT	7134	7201	1	d952c366f8745440d751faad35104d3228572ccfc15771d32e8f6cef0090dbcf	CglHVEs0X05BVElWRV9FTlRFUihlbnYsIHRoYXQsIGdka18xY2xpcGJvYXJkXzFzdG9yZV8xZmluaXNoX0ZVTkMpOw==
139	STATEMENT	7201	7293	1	b4f19d7a33b1d23f95212e25ea2f0a1971b2a069931368f0f7c3234ad1d7bc03	CglpZiAoYXJnMikgaWYgKChscGFyZzIgPSAoKmVudiktPkdldExvbmdBcnJheUVsZW1lbnRzKGVudiwgYXJnMiwgTlVMTCkpID09IE5VTEwpIGdvdG8gZmFpbDs=
140	STATEMENT	7293	7399	1	5cbe43f80bab71ee5555259ebb82a698eae357e45bcbe350493a73c5659d09be	CglyYyA9IChqYm9vbGVhbilnZGtfY2xpcGJvYXJkX3N0b3JlX2ZpbmlzaCgoR2RrQ2xpcGJvYXJkKilhcmcwLCAoR0FzeW5jUmVzdWx0ICopYXJnMSwgKEdFcnJvciAqKilscGFyZzIpOw==
141	STATEMENT	7399	7482	1	7fbb799efbaced44951814914d554fd234f83e74e38da010ee1ef435ab5b6323	CmZhaWw6CglpZiAoYXJnMiAmJiBscGFyZzIpICgqZW52KS0+UmVsZWFzZUxvbmdBcnJheUVsZW1lbnRzKGVudiwgYXJnMiwgbHBhcmcyLCAwKTs=
142	STATEMENT	7482	7548	1	ca8aea829be4c059a6e93ec1ddb3f03d39f3c20424615565c9b4c6b375e5400b	CglHVEs0X05BVElWRV9FWElUKGVudiwgdGhhdCwgZ2RrXzFjbGlwYm9hcmRfMXN0b3JlXzFmaW5pc2hfRlVOQyk7
143	STATEMENT	7548	7560	1	a028c9c9501df4846ec72c7b4432d4a3cb499b36b781bb1c38853498151d0ba7	CglyZXR1cm4gcmM7
144	FRAGMENT	7560	7561	1	01ba4719c80b6fe911b091a7c05124b64eeece964e09c058ef8f9805daca546b	Cg==
145	BLOCK_CLOSE	7561	7562	0	d10b36aa74a59bcf4a88185837f658afaf3646eff2bb16c3928d0e9335e945d2	fQ==
146	PREPROCESSOR	7562	7570	0	626de321eb397f6600939892a0009f31bc378f7e886f9acc5ec0af18db6a99a7	CiNlbmRpZgo=
147	PREPROCESSOR	7570	7627	0	1b49ad0a3745055d8fc957bd7b56886fee7fa128390396d6c1dff77e80c3072a	CiNpZm5kZWYgTk9fZ2RrXzFjb250ZW50XzFkZXNlcmlhbGl6ZXJfMWdldF8xY2FuY2VsbGFibGUK
148	FUNCTION_OPEN	7627	7750	0	352c43221585b84bb047363b49b39c5d4c9061c901def801c3c7fbfca936ea75	Sk5JRVhQT1JUIGpsb25nIEpOSUNBTEwgR1RLNF9OQVRJVkUoZ2RrXzFjb250ZW50XzFkZXNlcmlhbGl6ZXJfMWdldF8xY2FuY2VsbGFibGUpCgkoSk5JRW52ICplbnYsIGpjbGFzcyB0aGF0LCBqbG9uZyBhcmcwKQp7
149	STATEMENT	7750	7765	1	3411ceb5951bc52321d8d6cf00df310a159211846b0264e08db2a18b94173633	CglqbG9uZyByYyA9IDA7
150	STATEMENT	7765	7847	1	5ec199482972d1b3fcf6b3d70cdcde41f50a340675d614861fc550174be1e3df	CglHVEs0X05BVElWRV9FTlRFUihlbnYsIHRoYXQsIGdka18xY29udGVudF8xZGVzZXJpYWxpemVyXzFnZXRfMWNhbmNlbGxhYmxlX0ZVTkMpOw==
151	STATEMENT	7847	7933	1	70fdab8278cb5780f3b5e38bf3ccee687a3b2b2a2a386ac7e0486b92ea8099fb	CglyYyA9IChqbG9uZylnZGtfY29udGVudF9kZXNlcmlhbGl6ZXJfZ2V0X2NhbmNlbGxhYmxlKChHZGtDb250ZW50RGVzZXJpYWxpemVyKilhcmcwKTs=
152	STATEMENT	7933	8014	1	ae3155095d3551b0a411d05531de5a4b678e692956874b463ed98ade7e142859	CglHVEs0X05BVElWRV9FWElUKGVudiwgdGhhdCwgZ2RrXzFjb250ZW50XzFkZXNlcmlhbGl6ZXJfMWdldF8xY2FuY2VsbGFibGVfRlVOQyk7
153	STATEMENT	8014	8026	1	a028c9c9501df4846ec72c7b4432d4a3cb499b36b781bb1c38853498151d0ba7	CglyZXR1cm4gcmM7
154	FRAGMENT	8026	8027	1	01ba4719c80b6fe911b091a7c05124b64eeece964e09c058ef8f9805daca546b	Cg==
155	BLOCK_CLOSE	8027	8028	0	d10b36aa74a59bcf4a88185837f658afaf3646eff2bb16c3928d0e9335e945d2	fQ==
156	PREPROCESSOR	8028	8036	0	626de321eb397f6600939892a0009f31bc378f7e886f9acc5ec0af18db6a99a7	CiNlbmRpZgo=
157	PREPROCESSOR	8036	8087	0	3c650b15cbaf539914d663316f4c3938c0e439970fbefec3c73ede20cf06e5f6	CiNpZm5kZWYgTk9fZ2RrXzFjb250ZW50XzFkZXNlcmlhbGl6ZXJfMWdldF8xZ3R5cGUK
158	FUNCTION_OPEN	8087	8204	0	1b97bf17964cf36904024fb15fa4a18a877b9c225f9c968e62a63b361bbda492	Sk5JRVhQT1JUIGpsb25nIEpOSUNBTEwgR1RLNF9OQVRJVkUoZ2RrXzFjb250ZW50XzFkZXNlcmlhbGl6ZXJfMWdldF8xZ3R5cGUpCgkoSk5JRW52ICplbnYsIGpjbGFzcyB0aGF0LCBqbG9uZyBhcmcwKQp7
159	STATEMENT	8204	8219	1	3411ceb5951bc52321d8d6cf00df310a159211846b0264e08db2a18b94173633	CglqbG9uZyByYyA9IDA7
160	STATEMENT	8219	8295	1	57ebbda67ad44e9acd89aecadc1b4675cb814564a3bf90e6127f528696dbac6b	CglHVEs0X05BVElWRV9FTlRFUihlbnYsIHRoYXQsIGdka18xY29udGVudF8xZGVzZXJpYWxpemVyXzFnZXRfMWd0eXBlX0ZVTkMpOw==
161	STATEMENT	8295	8375	1	edb0b95b9243c74dac483c951c038215098155d70487418c33489395df1cb7fc	CglyYyA9IChqbG9uZylnZGtfY29udGVudF9kZXNlcmlhbGl6ZXJfZ2V0X2d0eXBlKChHZGtDb250ZW50RGVzZXJpYWxpemVyKilhcmcwKTs=
162	STATEMENT	8375	8450	1	eb574b8e823c99d86463f0a77bebc07122c21e11c4bac621cbef43556f8259bd	CglHVEs0X05BVElWRV9FWElUKGVudiwgdGhhdCwgZ2RrXzFjb250ZW50XzFkZXNlcmlhbGl6ZXJfMWdldF8xZ3R5cGVfRlVOQyk7
163	STATEMENT	8450	8462	1	a028c9c9501df4846ec72c7b4432d4a3cb499b36b781bb1c38853498151d0ba7	CglyZXR1cm4gcmM7
164	FRAGMENT	8462	8463	1	01ba4719c80b6fe911b091a7c05124b64eeece964e09c058ef8f9805daca546b	Cg==
165	BLOCK_CLOSE	8463	8464	0	d10b36aa74a59bcf4a88185837f658afaf3646eff2bb16c3928d0e9335e945d2	fQ==
166	PREPROCESSOR	8464	8472	0	626de321eb397f6600939892a0009f31bc378f7e886f9acc5ec0af18db6a99a7	CiNlbmRpZgo=
167	PREPROCESSOR	8472	8531	0	a208201ac4a47bd63ee23b3a55761916d2143769cacd7b4b23d3146c1c1cec59	CiNpZm5kZWYgTk9fZ2RrXzFjb250ZW50XzFkZXNlcmlhbGl6ZXJfMWdldF8xaW5wdXRfMXN0cmVhbQo=
168	FUNCTION_OPEN	8531	8656	0	07ba4121733063a3352cebd7954b4d42f2f49cf3e43b90401108ca48b891a6ad	Sk5JRVhQT1JUIGpsb25nIEpOSUNBTEwgR1RLNF9OQVRJVkUoZ2RrXzFjb250ZW50XzFkZXNlcmlhbGl6ZXJfMWdldF8xaW5wdXRfMXN0cmVhbSkKCShKTklFbnYgKmVudiwgamNsYXNzIHRoYXQsIGpsb25nIGFyZzApCns=
169	STATEMENT	8656	8671	1	3411ceb5951bc52321d8d6cf00df310a159211846b0264e08db2a18b94173633	CglqbG9uZyByYyA9IDA7
170	STATEMENT	8671	8755	1	8733bdeb534382fd51de1032a42dce216d55f61f59466efd9f6bd4737262a805	CglHVEs0X05BVElWRV9FTlRFUihlbnYsIHRoYXQsIGdka18xY29udGVudF8xZGVzZXJpYWxpemVyXzFnZXRfMWlucHV0XzFzdHJlYW1fRlVOQyk7
171	STATEMENT	8755	8842	1	96b80ff64b2f18de1f0d38bcd20e4dcf2de27f8d7968967d8b5d611cef204177	CglyYyA9IChqbG9uZylnZGtfY29udGVudF9kZXNlcmlhbGl6ZXJfZ2V0X2lucHV0X3N0cmVhbSgoR2RrQ29udGVudERlc2VyaWFsaXplciopYXJnMCk7
172	STATEMENT	8842	8925	1	86d910a5fcf6f619fc8aecadf410c72aedf695decfe75faa830a39436444af68	CglHVEs0X05BVElWRV9FWElUKGVudiwgdGhhdCwgZ2RrXzFjb250ZW50XzFkZXNlcmlhbGl6ZXJfMWdldF8xaW5wdXRfMXN0cmVhbV9GVU5DKTs=
173	STATEMENT	8925	8937	1	a028c9c9501df4846ec72c7b4432d4a3cb499b36b781bb1c38853498151d0ba7	CglyZXR1cm4gcmM7
174	FRAGMENT	8937	8938	1	01ba4719c80b6fe911b091a7c05124b64eeece964e09c058ef8f9805daca546b	Cg==
175	BLOCK_CLOSE	8938	8939	0	d10b36aa74a59bcf4a88185837f658afaf3646eff2bb16c3928d0e9335e945d2	fQ==
176	PREPROCESSOR	8939	8947	0	626de321eb397f6600939892a0009f31bc378f7e886f9acc5ec0af18db6a99a7	CiNlbmRpZgo=
177	PREPROCESSOR	8947	9003	0	a7da76b0b673e0bc09fdaad5d2284022a9ac254f3d0669859babc6b9bb1902ea	CiNpZm5kZWYgTk9fZ2RrXzFjb250ZW50XzFkZXNlcmlhbGl6ZXJfMWdldF8xbWltZV8xdHlwZQo=
178	FUNCTION_OPEN	9003	9125	0	dd939cd9144c5356665c5260e9bb9ed9a22762c020cba5ce11504e6a6b69df52	Sk5JRVhQT1JUIGpsb25nIEpOSUNBTEwgR1RLNF9OQVRJVkUoZ2RrXzFjb250ZW50XzFkZXNlcmlhbGl6ZXJfMWdldF8xbWltZV8xdHlwZSkKCShKTklFbnYgKmVudiwgamNsYXNzIHRoYXQsIGpsb25nIGFyZzApCns=
179	STATEMENT	9125	9140	1	3411ceb5951bc52321d8d6cf00df310a159211846b0264e08db2a18b94173633	CglqbG9uZyByYyA9IDA7
180	STATEMENT	9140	9221	1	c065a077a13805d253b76f8f15107ae43649be16dd2cf63c89bdaeec6c363cd4	CglHVEs0X05BVElWRV9FTlRFUihlbnYsIHRoYXQsIGdka18xY29udGVudF8xZGVzZXJpYWxpemVyXzFnZXRfMW1pbWVfMXR5cGVfRlVOQyk7
181	STATEMENT	9221	9305	1	773519335253e69fa7446c584556bb0112a44868be5253cbce491e08712279e0	CglyYyA9IChqbG9uZylnZGtfY29udGVudF9kZXNlcmlhbGl6ZXJfZ2V0X21pbWVfdHlwZSgoR2RrQ29udGVudERlc2VyaWFsaXplciopYXJnMCk7
182	STATEMENT	9305	9385	1	b8fc804ca4a468fda4d9f39388f8cc62f9e4ee033397787d43bdfee7eeeebf4f	CglHVEs0X05BVElWRV9FWElUKGVudiwgdGhhdCwgZ2RrXzFjb250ZW50XzFkZXNlcmlhbGl6ZXJfMWdldF8xbWltZV8xdHlwZV9GVU5DKTs=
183	STATEMENT	9385	9397	1	a028c9c9501df4846ec72c7b4432d4a3cb499b36b781bb1c38853498151d0ba7	CglyZXR1cm4gcmM7
184	FRAGMENT	9397	9398	1	01ba4719c80b6fe911b091a7c05124b64eeece964e09c058ef8f9805daca546b	Cg==
185	BLOCK_CLOSE	9398	9399	0	d10b36aa74a59bcf4a88185837f658afaf3646eff2bb16c3928d0e9335e945d2	fQ==
186	PREPROCESSOR	9399	9407	0	626de321eb397f6600939892a0009f31bc378f7e886f9acc5ec0af18db6a99a7	CiNlbmRpZgo=
187	PREPROCESSOR	9407	9461	0	38e9aa92ecc03ebd7fd5ee7dc47f81f32432a4296a4584d7efc0d79e44086041	CiNpZm5kZWYgTk9fZ2RrXzFjb250ZW50XzFkZXNlcmlhbGl6ZXJfMWdldF8xcHJpb3JpdHkK
188	FUNCTION_OPEN	9461	9580	0	a75f045226f7988a06bc016d7c2e7cd0d0abe526e3565de7c07ccbeb3372971b	Sk5JRVhQT1JUIGppbnQgSk5JQ0FMTCBHVEs0X05BVElWRShnZGtfMWNvbnRlbnRfMWRlc2VyaWFsaXplcl8xZ2V0XzFwcmlvcml0eSkKCShKTklFbnYgKmVudiwgamNsYXNzIHRoYXQsIGpsb25nIGFyZzApCns=
189	STATEMENT	9580	9594	1	ab2eac128ef6225b35f40b35e2bd8fba39be8b3b6b281960b3c51646eba99890	CglqaW50IHJjID0gMDs=
190	STATEMENT	9594	9673	1	c9b0da8d19a450406cb6b9abcf12d1652b2dc4cee1d2de0e7afbead559fc74d5	CglHVEs0X05BVElWRV9FTlRFUihlbnYsIHRoYXQsIGdka18xY29udGVudF8xZGVzZXJpYWxpemVyXzFnZXRfMXByaW9yaXR5X0ZVTkMpOw==
191	STATEMENT	9673	9755	1	97da6d80182b8df5b35a824f0ade054711add59341264b09a8e225fcbfa0af8f	CglyYyA9IChqaW50KWdka19jb250ZW50X2Rlc2VyaWFsaXplcl9nZXRfcHJpb3JpdHkoKEdka0NvbnRlbnREZXNlcmlhbGl6ZXIqKWFyZzApOw==
192	STATEMENT	9755	9833	1	bf0f4edc5964f1541ea0b69e4af82daad0bb0e3fef7cc1cb6af0d27585e2cd52	CglHVEs0X05BVElWRV9FWElUKGVudiwgdGhhdCwgZ2RrXzFjb250ZW50XzFkZXNlcmlhbGl6ZXJfMWdldF8xcHJpb3JpdHlfRlVOQyk7
193	STATEMENT	9833	9845	1	a028c9c9501df4846ec72c7b4432d4a3cb499b36b781bb1c38853498151d0ba7	CglyZXR1cm4gcmM7
194	FRAGMENT	9845	9846	1	01ba4719c80b6fe911b091a7c05124b64eeece964e09c058ef8f9805daca546b	Cg==
195	BLOCK_CLOSE	9846	9847	0	d10b36aa74a59bcf4a88185837f658afaf3646eff2bb16c3928d0e9335e945d2	fQ==
196	PREPROCESSOR	9847	9855	0	626de321eb397f6600939892a0009f31bc378f7e886f9acc5ec0af18db6a99a7	CiNlbmRpZgo=
197	PREPROCESSOR	9855	9911	0	6ad40b552938b45390a9d12e27aca4de982e4858d212b9bc88959803a66ee082	CiNpZm5kZWYgTk9fZ2RrXzFjb250ZW50XzFkZXNlcmlhbGl6ZXJfMWdldF8xdGFza18xZGF0YQo=
198	FUNCTION_OPEN	9911	10033	0	9ce8b6420d684480509b654b73fb97db513d9a3e23cec5b8d1f1911e7557b2c2	Sk5JRVhQT1JUIGpsb25nIEpOSUNBTEwgR1RLNF9OQVRJVkUoZ2RrXzFjb250ZW50XzFkZXNlcmlhbGl6ZXJfMWdldF8xdGFza18xZGF0YSkKCShKTklFbnYgKmVudiwgamNsYXNzIHRoYXQsIGpsb25nIGFyZzApCns=
199	STATEMENT	10033	10048	1	3411ceb5951bc52321d8d6cf00df310a159211846b0264e08db2a18b94173633	CglqbG9uZyByYyA9IDA7
200	STATEMENT	10048	10129	1	9c61cb2f936506700dc72ac26cc6d1f9b186c74e768dd19cd7ffaaf26d5f4272	CglHVEs0X05BVElWRV9FTlRFUihlbnYsIHRoYXQsIGdka18xY29udGVudF8xZGVzZXJpYWxpemVyXzFnZXRfMXRhc2tfMWRhdGFfRlVOQyk7
201	STATEMENT	10129	10213	1	7e301f746907c4d1f530960f2592c7cc4ec503f6d0746c8768189cd3e313cb32	CglyYyA9IChqbG9uZylnZGtfY29udGVudF9kZXNlcmlhbGl6ZXJfZ2V0X3Rhc2tfZGF0YSgoR2RrQ29udGVudERlc2VyaWFsaXplciopYXJnMCk7
202	STATEMENT	10213	10293	1	aa9cc7aa8dc7ec75d4bd179e150674da0aa90e145b3bb7449cdd9063fa194855	CglHVEs0X05BVElWRV9FWElUKGVudiwgdGhhdCwgZ2RrXzFjb250ZW50XzFkZXNlcmlhbGl6ZXJfMWdldF8xdGFza18xZGF0YV9GVU5DKTs=
203	STATEMENT	10293	10305	1	a028c9c9501df4846ec72c7b4432d4a3cb499b36b781bb1c38853498151d0ba7	CglyZXR1cm4gcmM7
204	FRAGMENT	10305	10306	1	01ba4719c80b6fe911b091a7c05124b64eeece964e09c058ef8f9805daca546b	Cg==
205	BLOCK_CLOSE	10306	10307	0	d10b36aa74a59bcf4a88185837f658afaf3646eff2bb16c3928d0e9335e945d2	fQ==
206	PREPROCESSOR	10307	10315	0	626de321eb397f6600939892a0009f31bc378f7e886f9acc5ec0af18db6a99a7	CiNlbmRpZgo=
207	PREPROCESSOR	10315	10371	0	b11d2917ce733f3d6b6f298875b73c0f1e10b4387509afa7db466d54db2d62f2	CiNpZm5kZWYgTk9fZ2RrXzFjb250ZW50XzFkZXNlcmlhbGl6ZXJfMWdldF8xdXNlcl8xZGF0YQo=
208	FUNCTION_OPEN	10371	10493	0	f1b95fcc874298b3a2c40b064e47aa46ec61e0a37ade6f167878b2b2da6e9010	Sk5JRVhQT1JUIGpsb25nIEpOSUNBTEwgR1RLNF9OQVRJVkUoZ2RrXzFjb250ZW50XzFkZXNlcmlhbGl6ZXJfMWdldF8xdXNlcl8xZGF0YSkKCShKTklFbnYgKmVudiwgamNsYXNzIHRoYXQsIGpsb25nIGFyZzApCns=
209	STATEMENT	10493	10508	1	3411ceb5951bc52321d8d6cf00df310a159211846b0264e08db2a18b94173633	CglqbG9uZyByYyA9IDA7
210	STATEMENT	10508	10589	1	dea922e2e0737d75d6d7b42ab81155b6e80324b8c8d7a6b9314e053079252fe9	CglHVEs0X05BVElWRV9FTlRFUihlbnYsIHRoYXQsIGdka18xY29udGVudF8xZGVzZXJpYWxpemVyXzFnZXRfMXVzZXJfMWRhdGFfRlVOQyk7
211	STATEMENT	10589	10673	1	a173fc276f355c0bfea2c7e0392afc22395a7333982a0cb0f075287caba58233	CglyYyA9IChqbG9uZylnZGtfY29udGVudF9kZXNlcmlhbGl6ZXJfZ2V0X3VzZXJfZGF0YSgoR2RrQ29udGVudERlc2VyaWFsaXplciopYXJnMCk7
212	STATEMENT	10673	10753	1	a0d94098e4ca6af1f99b9bbb54fe71ecd3b15d9c96c261f1865f05b5a033352a	CglHVEs0X05BVElWRV9FWElUKGVudiwgdGhhdCwgZ2RrXzFjb250ZW50XzFkZXNlcmlhbGl6ZXJfMWdldF8xdXNlcl8xZGF0YV9GVU5DKTs=
213	STATEMENT	10753	10765	1	a028c9c9501df4846ec72c7b4432d4a3cb499b36b781bb1c38853498151d0ba7	CglyZXR1cm4gcmM7
214	FRAGMENT	10765	10766	1	01ba4719c80b6fe911b091a7c05124b64eeece964e09c058ef8f9805daca546b	Cg==
215	BLOCK_CLOSE	10766	10767	0	d10b36aa74a59bcf4a88185837f658afaf3646eff2bb16c3928d0e9335e945d2	fQ==
216	PREPROCESSOR	10767	10775	0	626de321eb397f6600939892a0009f31bc378f7e886f9acc5ec0af18db6a99a7	CiNlbmRpZgo=
217	PREPROCESSOR	10775	10826	0	5f708b1002f3700d3543b42970bcd251ffc5d77dbf9cb1eb3635a891be714992	CiNpZm5kZWYgTk9fZ2RrXzFjb250ZW50XzFkZXNlcmlhbGl6ZXJfMWdldF8xdmFsdWUK
218	FUNCTION_OPEN	10826	10943	0	5e8818898f0bbc5535ffd985c1ec17908b50bb616226c9855c7441f0b1c3562f	Sk5JRVhQT1JUIGpsb25nIEpOSUNBTEwgR1RLNF9OQVRJVkUoZ2RrXzFjb250ZW50XzFkZXNlcmlhbGl6ZXJfMWdldF8xdmFsdWUpCgkoSk5JRW52ICplbnYsIGpjbGFzcyB0aGF0LCBqbG9uZyBhcmcwKQp7
219	STATEMENT	10943	10958	1	3411ceb5951bc52321d8d6cf00df310a159211846b0264e08db2a18b94173633	CglqbG9uZyByYyA9IDA7
220	STATEMENT	10958	11034	1	a8a3fcfdc102756444612e17167991f2e51c0ceca271e0ed64cb9e075e227d06	CglHVEs0X05BVElWRV9FTlRFUihlbnYsIHRoYXQsIGdka18xY29udGVudF8xZGVzZXJpYWxpemVyXzFnZXRfMXZhbHVlX0ZVTkMpOw==
221	STATEMENT	11034	11114	1	481fda87b2cdf69eacdd4ca103f71aef182025a88d4ed2fbe5cfa4096cd74a57	CglyYyA9IChqbG9uZylnZGtfY29udGVudF9kZXNlcmlhbGl6ZXJfZ2V0X3ZhbHVlKChHZGtDb250ZW50RGVzZXJpYWxpemVyKilhcmcwKTs=
222	STATEMENT	11114	11189	1	6410a83fbbb18ffb974085c6168440544e15cd7cde8bb1dd4dc0ec9e70a0a1e7	CglHVEs0X05BVElWRV9FWElUKGVudiwgdGhhdCwgZ2RrXzFjb250ZW50XzFkZXNlcmlhbGl6ZXJfMWdldF8xdmFsdWVfRlVOQyk7
223	STATEMENT	11189	11201	1	a028c9c9501df4846ec72c7b4432d4a3cb499b36b781bb1c38853498151d0ba7	CglyZXR1cm4gcmM7
224	FRAGMENT	11201	11202	1	01ba4719c80b6fe911b091a7c05124b64eeece964e09c058ef8f9805daca546b	Cg==
225	BLOCK_CLOSE	11202	11203	0	d10b36aa74a59bcf4a88185837f658afaf3646eff2bb16c3928d0e9335e945d2	fQ==
226	PREPROCESSOR	11203	11211	0	626de321eb397f6600939892a0009f31bc378f7e886f9acc5ec0af18db6a99a7	CiNlbmRpZgo=
227	PREPROCESSOR	11211	11265	0	58eaf1e471178ba38b65ccef9074276b4eebdce1b33b332971bdf86aff69133a	CiNpZm5kZWYgTk9fZ2RrXzFjb250ZW50XzFkZXNlcmlhbGl6ZXJfMXJldHVybl8xZXJyb3IK
228	FUNCTION_OPEN	11265	11396	0	af9aeed1af02304d1db63e1bc8a40d34b914c9328e43c8907f138255dbc90265	Sk5JRVhQT1JUIHZvaWQgSk5JQ0FMTCBHVEs0X05BVElWRShnZGtfMWNvbnRlbnRfMWRlc2VyaWFsaXplcl8xcmV0dXJuXzFlcnJvcikKCShKTklFbnYgKmVudiwgamNsYXNzIHRoYXQsIGpsb25nIGFyZzAsIGpsb25nIGFyZzEpCns=
229	STATEMENT	11396	11475	1	3987344b978ed4e8dc089b21d7e23652030311167b8858d1920b788187b4b795	CglHVEs0X05BVElWRV9FTlRFUihlbnYsIHRoYXQsIGdka18xY29udGVudF8xZGVzZXJpYWxpemVyXzFyZXR1cm5fMWVycm9yX0ZVTkMpOw==
230	STATEMENT	11475	11561	1	6f4ddbd5c83fb0b46e94ae524276a2ecbea3d624c3be3b20ed1d7e152c457c35	CglnZGtfY29udGVudF9kZXNlcmlhbGl6ZXJfcmV0dXJuX2Vycm9yKChHZGtDb250ZW50RGVzZXJpYWxpemVyKilhcmcwLCAoR0Vycm9yKilhcmcxKTs=
231	STATEMENT	11561	11639	1	0401ec6c73d9a442b4f5d937105dc881c2db15c5f8315195a1ca96af0fb8d4f5	CglHVEs0X05BVElWRV9FWElUKGVudiwgdGhhdCwgZ2RrXzFjb250ZW50XzFkZXNlcmlhbGl6ZXJfMXJldHVybl8xZXJyb3JfRlVOQyk7
232	FRAGMENT	11639	11640	1	01ba4719c80b6fe911b091a7c05124b64eeece964e09c058ef8f9805daca546b	Cg==
233	BLOCK_CLOSE	11640	11641	0	d10b36aa74a59bcf4a88185837f658afaf3646eff2bb16c3928d0e9335e945d2	fQ==
234	PREPROCESSOR	11641	11649	0	626de321eb397f6600939892a0009f31bc378f7e886f9acc5ec0af18db6a99a7	CiNlbmRpZgo=
235	PREPROCESSOR	11649	11705	0	8f8f89b96c9666076a2148b07c874a307dfad4c8a042a3960770636faf61d177	CiNpZm5kZWYgTk9fZ2RrXzFjb250ZW50XzFkZXNlcmlhbGl6ZXJfMXJldHVybl8xc3VjY2Vzcwo=
236	FUNCTION_OPEN	11705	11826	0	f2d3bbac4d2236e5ad280f3806b6836420deb32433ddafd5e3a2b34a07513318	Sk5JRVhQT1JUIHZvaWQgSk5JQ0FMTCBHVEs0X05BVElWRShnZGtfMWNvbnRlbnRfMWRlc2VyaWFsaXplcl8xcmV0dXJuXzFzdWNjZXNzKQoJKEpOSUVudiAqZW52LCBqY2xhc3MgdGhhdCwgamxvbmcgYXJnMCkKew==
237	STATEMENT	11826	11907	1	c2673b92ff01fd42188018973a7d802e41b453540472f40c521c5c7d73e9daee	CglHVEs0X05BVElWRV9FTlRFUihlbnYsIHRoYXQsIGdka18xY29udGVudF8xZGVzZXJpYWxpemVyXzFyZXR1cm5fMXN1Y2Nlc3NfRlVOQyk7
238	STATEMENT	11907	11980	1	a296c15c8e782f00c1c5a8ccb4216336e730844bfe074a2d3270ed43b5b6e635	CglnZGtfY29udGVudF9kZXNlcmlhbGl6ZXJfcmV0dXJuX3N1Y2Nlc3MoKEdka0NvbnRlbnREZXNlcmlhbGl6ZXIqKWFyZzApOw==
239	STATEMENT	11980	12060	1	a52b3430ac335eef744546737d018adf6e67da7466b8485e5bf8efa899716164	CglHVEs0X05BVElWRV9FWElUKGVudiwgdGhhdCwgZ2RrXzFjb250ZW50XzFkZXNlcmlhbGl6ZXJfMXJldHVybl8xc3VjY2Vzc19GVU5DKTs=
240	FRAGMENT	12060	12061	1	01ba4719c80b6fe911b091a7c05124b64eeece964e09c058ef8f9805daca546b	Cg==
241	BLOCK_CLOSE	12061	12062	0	d10b36aa74a59bcf4a88185837f658afaf3646eff2bb16c3928d0e9335e945d2	fQ==
242	PREPROCESSOR	12062	12070	0	626de321eb397f6600939892a0009f31bc378f7e886f9acc5ec0af18db6a99a7	CiNlbmRpZgo=
243	PREPROCESSOR	12070	12126	0	1907b03aae7d45fab2194273b8287057deae1c8b3ff088be6a3e7a0e94181061	CiNpZm5kZWYgTk9fZ2RrXzFjb250ZW50XzFkZXNlcmlhbGl6ZXJfMXNldF8xdGFza18xZGF0YQo=
244	FUNCTION_OPEN	12126	12271	0	539d5ab0652dc300d9947d88c3c79173c5095762a21b818255167f811bab68f6	Sk5JRVhQT1JUIHZvaWQgSk5JQ0FMTCBHVEs0X05BVElWRShnZGtfMWNvbnRlbnRfMWRlc2VyaWFsaXplcl8xc2V0XzF0YXNrXzFkYXRhKQoJKEpOSUVudiAqZW52LCBqY2xhc3MgdGhhdCwgamxvbmcgYXJnMCwgamxvbmcgYXJnMSwgamxvbmcgYXJnMikKew==
245	STATEMENT	12271	12352	1	e61093d5f3dc1109a5541857069263e5a8d7113f6bd2b3bf6fd60eaab6bbd8c8	CglHVEs0X05BVElWRV9FTlRFUihlbnYsIHRoYXQsIGdka18xY29udGVudF8xZGVzZXJpYWxpemVyXzFzZXRfMXRhc2tfMWRhdGFfRlVOQyk7
246	STATEMENT	12352	12462	1	f935cd90126430bfeacec0524abd84f8c82ffd5c235071a958c0344919a31b08	CglnZGtfY29udGVudF9kZXNlcmlhbGl6ZXJfc2V0X3Rhc2tfZGF0YSgoR2RrQ29udGVudERlc2VyaWFsaXplciopYXJnMCwgKGdwb2ludGVyKWFyZzEsIChHRGVzdHJveU5vdGlmeSlhcmcyKTs=
247	STATEMENT	12462	12542	1	bade403a6415fc092042d34f1ad350a50f7a69b8626cbd40d61aa73d75fa4d33	CglHVEs0X05BVElWRV9FWElUKGVudiwgdGhhdCwgZ2RrXzFjb250ZW50XzFkZXNlcmlhbGl6ZXJfMXNldF8xdGFza18xZGF0YV9GVU5DKTs=
248	FRAGMENT	12542	12543	1	01ba4719c80b6fe911b091a7c05124b64eeece964e09c058ef8f9805daca546b	Cg==
249	BLOCK_CLOSE	12543	12544	0	d10b36aa74a59bcf4a88185837f658afaf3646eff2bb16c3928d0e9335e945d2	fQ==
250	PREPROCESSOR	12544	12552	0	626de321eb397f6600939892a0009f31bc378f7e886f9acc5ec0af18db6a99a7	CiNlbmRpZgo=
251	PREPROCESSOR	12552	12612	0	a67ac3b07830126fdd2f3f7872a834b2e3ab16b55278e9b40bfa04d898016fba	CiNpZm5kZWYgTk9fZ2RrXzFjb250ZW50XzFmb3JtYXRzXzFidWlsZGVyXzFhZGRfMW1pbWVfMXR5cGUK
252	FUNCTION_OPEN	12612	12754	0	9409ea264b6b5c7b3de92dc1e6020fe4db896c036274f0919549359d6a8374b9	Sk5JRVhQT1JUIHZvaWQgSk5JQ0FMTCBHVEs0X05BVElWRShnZGtfMWNvbnRlbnRfMWZvcm1hdHNfMWJ1aWxkZXJfMWFkZF8xbWltZV8xdHlwZSkKCShKTklFbnYgKmVudiwgamNsYXNzIHRoYXQsIGpsb25nIGFyZzAsIGpieXRlQXJyYXkgYXJnMSkKew==
253	STATEMENT	12754	12775	1	ecbc1c66598161b54ed7d4df47ce4c17c895a8aaf496cadd930f0e7e6c9b06d3	CglqYnl0ZSAqbHBhcmcxPU5VTEw7
254	STATEMENT	12775	12860	1	89ec292259cf5677afecdb3a3d1396613c6ddc7fc89288fce56cf75ea91bfa02	CglHVEs0X05BVElWRV9FTlRFUihlbnYsIHRoYXQsIGdka18xY29udGVudF8xZm9ybWF0c18xYnVpbGRlcl8xYWRkXzFtaW1lXzF0eXBlX0ZVTkMpOw==
255	STATEMENT	12860	12952	1	9e0f7faa1c09a55eb10394bedcb268962dfc3d57ab587fe9530c7324cc7b0ca1	CglpZiAoYXJnMSkgaWYgKChscGFyZzEgPSAoKmVudiktPkdldEJ5dGVBcnJheUVsZW1lbnRzKGVudiwgYXJnMSwgTlVMTCkpID09IE5VTEwpIGdvdG8gZmFpbDs=
256	STATEMENT	12952	13052	1	83089febb4b063613d3bc890e255d0658b7165888a2e6d87366e07a23af7a1fc	CglnZGtfY29udGVudF9mb3JtYXRzX2J1aWxkZXJfYWRkX21pbWVfdHlwZSgoR2RrQ29udGVudEZvcm1hdHNCdWlsZGVyICopYXJnMCwgKGNvbnN0IGNoYXIgKilscGFyZzEpOw==
257	STATEMENT	13052	13135	1	78812943a01430fa07d31629617d2c1617a8077555058eb3c69830ff8aafbb1d	CmZhaWw6CglpZiAoYXJnMSAmJiBscGFyZzEpICgqZW52KS0+UmVsZWFzZUJ5dGVBcnJheUVsZW1lbnRzKGVudiwgYXJnMSwgbHBhcmcxLCAwKTs=
258	STATEMENT	13135	13219	1	105b583bd0d1508487afe52e01a1e72b0ffb1c3da3e35100ba78d2aa5b685689	CglHVEs0X05BVElWRV9FWElUKGVudiwgdGhhdCwgZ2RrXzFjb250ZW50XzFmb3JtYXRzXzFidWlsZGVyXzFhZGRfMW1pbWVfMXR5cGVfRlVOQyk7
259	FRAGMENT	13219	13220	1	01ba4719c80b6fe911b091a7c05124b64eeece964e09c058ef8f9805daca546b	Cg==
260	BLOCK_CLOSE	13220	13221	0	d10b36aa74a59bcf4a88185837f658afaf3646eff2bb16c3928d0e9335e945d2	fQ==
261	PREPROCESSOR	13221	13229	0	626de321eb397f6600939892a0009f31bc378f7e886f9acc5ec0af18db6a99a7	CiNlbmRpZgo=
262	PREPROCESSOR	13229	13291	0	8dd25cb4af20d76eb1e3c62fb27ea8a105e189d44029dff5cd48402c0915e55e	CiNpZm5kZWYgTk9fZ2RrXzFjb250ZW50XzFmb3JtYXRzXzFidWlsZGVyXzFmcmVlXzF0b18xZm9ybWF0cwo=
263	FUNCTION_OPEN	13291	13419	0	25d1dc70a2fbd078f71d31ceec03e6b2aad1f9e15657ab5cdc17e35b0858a022	Sk5JRVhQT1JUIGpsb25nIEpOSUNBTEwgR1RLNF9OQVRJVkUoZ2RrXzFjb250ZW50XzFmb3JtYXRzXzFidWlsZGVyXzFmcmVlXzF0b18xZm9ybWF0cykKCShKTklFbnYgKmVudiwgamNsYXNzIHRoYXQsIGpsb25nIGFyZzApCns=
264	STATEMENT	13419	13434	1	3411ceb5951bc52321d8d6cf00df310a159211846b0264e08db2a18b94173633	CglqbG9uZyByYyA9IDA7
265	STATEMENT	13434	13521	1	0e79f0f23f50640a877f4f21daaf6bd5768d1d2815e410bdc744f5c37cba1a29	CglHVEs0X05BVElWRV9FTlRFUihlbnYsIHRoYXQsIGdka18xY29udGVudF8xZm9ybWF0c18xYnVpbGRlcl8xZnJlZV8xdG9fMWZvcm1hdHNfRlVOQyk7
266	STATEMENT	13521	13613	1	ca89110a9b48953d195c0997d5db0d08d96504a12cb7d5a33dbae2146b99676e	CglyYyA9IChqbG9uZylnZGtfY29udGVudF9mb3JtYXRzX2J1aWxkZXJfZnJlZV90b19mb3JtYXRzKChHZGtDb250ZW50Rm9ybWF0c0J1aWxkZXIgKilhcmcwKTs=
267	STATEMENT	13613	13699	1	6a24b0f834a6d0e33aec4338e12deefdfdaad5645022c91ae073079211d0813a	CglHVEs0X05BVElWRV9FWElUKGVudiwgdGhhdCwgZ2RrXzFjb250ZW50XzFmb3JtYXRzXzFidWlsZGVyXzFmcmVlXzF0b18xZm9ybWF0c19GVU5DKTs=
268	STATEMENT	13699	13711	1	a028c9c9501df4846ec72c7b4432d4a3cb499b36b781bb1c38853498151d0ba7	CglyZXR1cm4gcmM7
269	FRAGMENT	13711	13712	1	01ba4719c80b6fe911b091a7c05124b64eeece964e09c058ef8f9805daca546b	Cg==
270	BLOCK_CLOSE	13712	13713	0	d10b36aa74a59bcf4a88185837f658afaf3646eff2bb16c3928d0e9335e945d2	fQ==
271	PREPROCESSOR	13713	13721	0	626de321eb397f6600939892a0009f31bc378f7e886f9acc5ec0af18db6a99a7	CiNlbmRpZgo=
272	PREPROCESSOR	13721	13769	0	d1f31dc3fc53cd17b8e372d67d5ad06932330656ee6e18173fbb5a431c6a49ba	CiNpZm5kZWYgTk9fZ2RrXzFjb250ZW50XzFmb3JtYXRzXzFidWlsZGVyXzFuZXcK
273	FUNCTION_OPEN	13769	13871	0	d73ce999b33c48e1a00b7ad50de4ac6aa294d6c9a246dc63244d158b61b5d02a	Sk5JRVhQT1JUIGpsb25nIEpOSUNBTEwgR1RLNF9OQVRJVkUoZ2RrXzFjb250ZW50XzFmb3JtYXRzXzFidWlsZGVyXzFuZXcpCgkoSk5JRW52ICplbnYsIGpjbGFzcyB0aGF0KQp7
274	STATEMENT	13871	13886	1	3411ceb5951bc52321d8d6cf00df310a159211846b0264e08db2a18b94173633	CglqbG9uZyByYyA9IDA7
275	STATEMENT	13886	13959	1	5546eb831384376ce3b4bdc089e744639de7bff45c61c4f637124e396701d251	CglHVEs0X05BVElWRV9FTlRFUihlbnYsIHRoYXQsIGdka18xY29udGVudF8xZm9ybWF0c18xYnVpbGRlcl8xbmV3X0ZVTkMpOw==
276	STATEMENT	13959	14007	1	9928e9a6f86b81223baefdd8d65465af2cbb2651a02884a84f340376624047f6	CglyYyA9IChqbG9uZylnZGtfY29udGVudF9mb3JtYXRzX2J1aWxkZXJfbmV3KCk7
277	STATEMENT	14007	14079	1	83a86277e1502a5573183306858a1aab66ff3be800f5e801bfd143f307cf4a76	CglHVEs0X05BVElWRV9FWElUKGVudiwgdGhhdCwgZ2RrXzFjb250ZW50XzFmb3JtYXRzXzFidWlsZGVyXzFuZXdfRlVOQyk7
278	STATEMENT	14079	14091	1	a028c9c9501df4846ec72c7b4432d4a3cb499b36b781bb1c38853498151d0ba7	CglyZXR1cm4gcmM7
279	FRAGMENT	14091	14092	1	01ba4719c80b6fe911b091a7c05124b64eeece964e09c058ef8f9805daca546b	Cg==
280	BLOCK_CLOSE	14092	14093	0	d10b36aa74a59bcf4a88185837f658afaf3646eff2bb16c3928d0e9335e945d2	fQ==
281	PREPROCESSOR	14093	14101	0	626de321eb397f6600939892a0009f31bc378f7e886f9acc5ec0af18db6a99a7	CiNlbmRpZgo=
282	PREPROCESSOR	14101	14151	0	817e125c86b585381915a5b497e8839943cc6589fb941283e04d441da0ecc729	CiNpZm5kZWYgTk9fZ2RrXzFjb250ZW50XzFmb3JtYXRzXzFjb250YWluXzFndHlwZQo=
283	FUNCTION_OPEN	14151	14282	0	be5c3ef7b56304add2d2f0af64f9d985e0125a8a96caaa0478ca76b9b4acca85	Sk5JRVhQT1JUIGpib29sZWFuIEpOSUNBTEwgR1RLNF9OQVRJVkUoZ2RrXzFjb250ZW50XzFmb3JtYXRzXzFjb250YWluXzFndHlwZSkKCShKTklFbnYgKmVudiwgamNsYXNzIHRoYXQsIGpsb25nIGFyZzAsIGpsb25nIGFyZzEpCns=
284	STATEMENT	14282	14300	1	6e389c725127046540fa228f0aca981232172a088ed5b7d88f2be6db7346caa1	CglqYm9vbGVhbiByYyA9IDA7
285	STATEMENT	14300	14375	1	9cfa31082fc2654227cf80b2c99876b985ec4b4a22599b5516ccb009df9e7635	CglHVEs0X05BVElWRV9FTlRFUihlbnYsIHRoYXQsIGdka18xY29udGVudF8xZm9ybWF0c18xY29udGFpbl8xZ3R5cGVfRlVOQyk7
286	STATEMENT	14375	14466	1	8927830ba7eb46c9f1ed87fb1656ade4a01d43c2b40c9a07b1d7538a7debac00	CglyYyA9IChqYm9vbGVhbilnZGtfY29udGVudF9mb3JtYXRzX2NvbnRhaW5fZ3R5cGUoKEdka0NvbnRlbnRGb3JtYXRzICopYXJnMCwgKEdUeXBlKWFyZzEpOw==
287	STATEMENT	14466	14540	1	755dab1b8d1b324c0fa3a91fcd7587727fa8d4c967019231b53ab0bd0242fe6b	CglHVEs0X05BVElWRV9FWElUKGVudiwgdGhhdCwgZ2RrXzFjb250ZW50XzFmb3JtYXRzXzFjb250YWluXzFndHlwZV9GVU5DKTs=
288	STATEMENT	14540	14552	1	a028c9c9501df4846ec72c7b4432d4a3cb499b36b781bb1c38853498151d0ba7	CglyZXR1cm4gcmM7
289	FRAGMENT	14552	14553	1	01ba4719c80b6fe911b091a7c05124b64eeece964e09c058ef8f9805daca546b	Cg==
290	BLOCK_CLOSE	14553	14554	0	d10b36aa74a59bcf4a88185837f658afaf3646eff2bb16c3928d0e9335e945d2	fQ==
291	PREPROCESSOR	14554	14562	0	626de321eb397f6600939892a0009f31bc378f7e886f9acc5ec0af18db6a99a7	CiNlbmRpZgo=
292	PREPROCESSOR	14562	14609	0	242e8e575829bd44da5969a02405c701a1c5960209ab953c2340c8fc90c98202	CiNpZm5kZWYgTk9fZ2RrXzFjb250ZW50XzFmb3JtYXRzXzFnZXRfMWd0eXBlcwo=
293	FUNCTION_OPEN	14609	14739	0	7e21a272d371dc8372f8d40237905f0b1f8e2e8574c561344f30579abe245be6	Sk5JRVhQT1JUIGpsb25nIEpOSUNBTEwgR1RLNF9OQVRJVkUoZ2RrXzFjb250ZW50XzFmb3JtYXRzXzFnZXRfMWd0eXBlcykKCShKTklFbnYgKmVudiwgamNsYXNzIHRoYXQsIGpsb25nIGFyZzAsIGpsb25nQXJyYXkgYXJnMSkKew==
294	STATEMENT	14739	14760	1	84104d69410ad6cc8fdaad06bd2bd88feea8a653e3e4592b4d69b77f58fc6981	CglqbG9uZyAqbHBhcmcxPU5VTEw7
295	STATEMENT	14760	14775	1	3411ceb5951bc52321d8d6cf00df310a159211846b0264e08db2a18b94173633	CglqbG9uZyByYyA9IDA7
296	STATEMENT	14775	14847	1	9e8af7823855ef2ffe8d3b9a1e877d95bcbb95ecf14d9ea2bceb7028178b5907	CglHVEs0X05BVElWRV9FTlRFUihlbnYsIHRoYXQsIGdka18xY29udGVudF8xZm9ybWF0c18xZ2V0XzFndHlwZXNfRlVOQyk7
297	STATEMENT	14847	14939	1	b3493fde566118305063efc5fcd8fdc54d3a16ffa4f685cc7401b2c150adc68c	CglpZiAoYXJnMSkgaWYgKChscGFyZzEgPSAoKmVudiktPkdldExvbmdBcnJheUVsZW1lbnRzKGVudiwgYXJnMSwgTlVMTCkpID09IE5VTEwpIGdvdG8gZmFpbDs=
298	STATEMENT	14939	15028	1	b8a485a282805ce414705c3c3e1b0d5b9958d9dcc30d3ecc50162f0bc90c5d6a	CglyYyA9IChqbG9uZylnZGtfY29udGVudF9mb3JtYXRzX2dldF9ndHlwZXMoKEdka0NvbnRlbnRGb3JtYXRzICopYXJnMCwgKGdzaXplICopbHBhcmcxKTs=
299	STATEMENT	15028	15111	1	c534b0e81e2098e1043d245aeca24b9e40c91f01cf283bc6dd0e49998e2fece4	CmZhaWw6CglpZiAoYXJnMSAmJiBscGFyZzEpICgqZW52KS0+UmVsZWFzZUxvbmdBcnJheUVsZW1lbnRzKGVudiwgYXJnMSwgbHBhcmcxLCAwKTs=
300	STATEMENT	15111	15182	1	c4f91c7769f7bc1f15f6a0005b8503c542165fd7880f4d17296e042c23a39962	CglHVEs0X05BVElWRV9FWElUKGVudiwgdGhhdCwgZ2RrXzFjb250ZW50XzFmb3JtYXRzXzFnZXRfMWd0eXBlc19GVU5DKTs=
301	STATEMENT	15182	15194	1	a028c9c9501df4846ec72c7b4432d4a3cb499b36b781bb1c38853498151d0ba7	CglyZXR1cm4gcmM7
302	FRAGMENT	15194	15195	1	01ba4719c80b6fe911b091a7c05124b64eeece964e09c058ef8f9805daca546b	Cg==
303	BLOCK_CLOSE	15195	15196	0	d10b36aa74a59bcf4a88185837f658afaf3646eff2bb16c3928d0e9335e945d2	fQ==
304	PREPROCESSOR	15196	15204	0	626de321eb397f6600939892a0009f31bc378f7e886f9acc5ec0af18db6a99a7	CiNlbmRpZgo=
305	PREPROCESSOR	15204	15256	0	c9505bd31f9335cb0b8684fb2ff81784ec51081448479f00692027f149f6b378	CiNpZm5kZWYgTk9fZ2RrXzFjb250ZW50XzFmb3JtYXRzXzFnZXRfMW1pbWVfMXR5cGVzCg==
306	FUNCTION_OPEN	15256	15391	0	0e7907165543223063ec515aff0cf8f4913e8c95630b3bc4c48f8fca6f12cea2	Sk5JRVhQT1JUIGpsb25nIEpOSUNBTEwgR1RLNF9OQVRJVkUoZ2RrXzFjb250ZW50XzFmb3JtYXRzXzFnZXRfMW1pbWVfMXR5cGVzKQoJKEpOSUVudiAqZW52LCBqY2xhc3MgdGhhdCwgamxvbmcgYXJnMCwgamxvbmdBcnJheSBhcmcxKQp7
307	STATEMENT	15391	15412	1	84104d69410ad6cc8fdaad06bd2bd88feea8a653e3e4592b4d69b77f58fc6981	CglqbG9uZyAqbHBhcmcxPU5VTEw7
308	STATEMENT	15412	15427	1	3411ceb5951bc52321d8d6cf00df310a159211846b0264e08db2a18b94173633	CglqbG9uZyByYyA9IDA7
309	STATEMENT	15427	15504	1	ac79e5485546fe99ac8996540c6cb6927f3bd25b4012d3ace90c96cf5f98021d	CglHVEs0X05BVElWRV9FTlRFUihlbnYsIHRoYXQsIGdka18xY29udGVudF8xZm9ybWF0c18xZ2V0XzFtaW1lXzF0eXBlc19GVU5DKTs=
310	STATEMENT	15504	15596	1	b3493fde566118305063efc5fcd8fdc54d3a16ffa4f685cc7401b2c150adc68c	CglpZiAoYXJnMSkgaWYgKChscGFyZzEgPSAoKmVudiktPkdldExvbmdBcnJheUVsZW1lbnRzKGVudiwgYXJnMSwgTlVMTCkpID09IE5VTEwpIGdvdG8gZmFpbDs=
311	STATEMENT	15596	15689	1	ca0a348542afee7858d5ab8877f80cb364ee058810780d38f01624d9fedd0a80	CglyYyA9IChqbG9uZylnZGtfY29udGVudF9mb3JtYXRzX2dldF9taW1lX3R5cGVzKChHZGtDb250ZW50Rm9ybWF0cyAqKWFyZzAsIChnc2l6ZSAqKWxwYXJnMSk7
312	STATEMENT	15689	15772	1	c534b0e81e2098e1043d245aeca24b9e40c91f01cf283bc6dd0e49998e2fece4	CmZhaWw6CglpZiAoYXJnMSAmJiBscGFyZzEpICgqZW52KS0+UmVsZWFzZUxvbmdBcnJheUVsZW1lbnRzKGVudiwgYXJnMSwgbHBhcmcxLCAwKTs=
313	STATEMENT	15772	15848	1	939e942212f87df4fad70c452d1bfa0813e17a84e5699428cca75c440b17a4d3	CglHVEs0X05BVElWRV9FWElUKGVudiwgdGhhdCwgZ2RrXzFjb250ZW50XzFmb3JtYXRzXzFnZXRfMW1pbWVfMXR5cGVzX0ZVTkMpOw==
314	STATEMENT	15848	15860	1	a028c9c9501df4846ec72c7b4432d4a3cb499b36b781bb1c38853498151d0ba7	CglyZXR1cm4gcmM7
315	FRAGMENT	15860	15861	1	01ba4719c80b6fe911b091a7c05124b64eeece964e09c058ef8f9805daca546b	Cg==
316	BLOCK_CLOSE	15861	15862	0	d10b36aa74a59bcf4a88185837f658afaf3646eff2bb16c3928d0e9335e945d2	fQ==
317	PREPROCESSOR	15862	15870	0	626de321eb397f6600939892a0009f31bc378f7e886f9acc5ec0af18db6a99a7	CiNlbmRpZgo=
318	PREPROCESSOR	15870	15916	0	8e11f6a8773c5f9b80bd21da7d01d0928639ca0628c62acd97b7f9edc6a0a905	CiNpZm5kZWYgTk9fZ2RrXzFjb250ZW50XzFmb3JtYXRzXzF0b18xc3RyaW5nCg==
319	FUNCTION_OPEN	15916	16028	0	554658c509f20b3b59231ac722caa3c27d8683ff35f61fa2c546c95ec147b963	Sk5JRVhQT1JUIGpsb25nIEpOSUNBTEwgR1RLNF9OQVRJVkUoZ2RrXzFjb250ZW50XzFmb3JtYXRzXzF0b18xc3RyaW5nKQoJKEpOSUVudiAqZW52LCBqY2xhc3MgdGhhdCwgamxvbmcgYXJnMCkKew==
320	STATEMENT	16028	16043	1	3411ceb5951bc52321d8d6cf00df310a159211846b0264e08db2a18b94173633	CglqbG9uZyByYyA9IDA7
321	STATEMENT	16043	16114	1	e3d6f34aae5ddd28b254dd8355415e9b9d3522d48c7e5319ab7d524e7e52fabb	CglHVEs0X05BVElWRV9FTlRFUihlbnYsIHRoYXQsIGdka18xY29udGVudF8xZm9ybWF0c18xdG9fMXN0cmluZ19GVU5DKTs=
322	STATEMENT	16114	16185	1	c7e286bd308a975eef34b1c9383d26fdb98408e327bda73a8db6137ed46fcbf6	CglyYyA9IChqbG9uZylnZGtfY29udGVudF9mb3JtYXRzX3RvX3N0cmluZygoR2RrQ29udGVudEZvcm1hdHMgKilhcmcwKTs=
323	STATEMENT	16185	16255	1	be4ffa6de2218d2ec49bde670e0bda446d43cd73d4561ea95d36bfd3679a22e2	CglHVEs0X05BVElWRV9FWElUKGVudiwgdGhhdCwgZ2RrXzFjb250ZW50XzFmb3JtYXRzXzF0b18xc3RyaW5nX0ZVTkMpOw==
324	STATEMENT	16255	16267	1	a028c9c9501df4846ec72c7b4432d4a3cb499b36b781bb1c38853498151d0ba7	CglyZXR1cm4gcmM7
325	FRAGMENT	16267	16268	1	01ba4719c80b6fe911b091a7c05124b64eeece964e09c058ef8f9805daca546b	Cg==
326	BLOCK_CLOSE	16268	16269	0	d10b36aa74a59bcf4a88185837f658afaf3646eff2bb16c3928d0e9335e945d2	fQ==
327	PREPROCESSOR	16269	16277	0	626de321eb397f6600939892a0009f31bc378f7e886f9acc5ec0af18db6a99a7	CiNlbmRpZgo=
328	PREPROCESSOR	16277	16318	0	40a0f54d03558ddbef02d118186c845f4f572d84dc5e72912507f52c2c092c3f	CiNpZm5kZWYgTk9fZ2RrXzFjb250ZW50XzFmb3JtYXRzXzF1bnJlZgo=
329	FUNCTION_OPEN	16318	16424	0	fc917d8e43bea609d0320efe667bc6cf895a5bc003c8976a653ee5763b2edba6	Sk5JRVhQT1JUIHZvaWQgSk5JQ0FMTCBHVEs0X05BVElWRShnZGtfMWNvbnRlbnRfMWZvcm1hdHNfMXVucmVmKQoJKEpOSUVudiAqZW52LCBqY2xhc3MgdGhhdCwgamxvbmcgYXJnMCkKew==
330	STATEMENT	16424	16490	1	6f707498b694ae482a0b500a9d6dbfb3d759590cdcd9906fd124ef509d949f3b	CglHVEs0X05BVElWRV9FTlRFUihlbnYsIHRoYXQsIGdka18xY29udGVudF8xZm9ybWF0c18xdW5yZWZfRlVOQyk7
331	STATEMENT	16490	16545	1	1fee8a394534731f45e2556c530340739c2c2cd71f00d65dfc6af3b07d8fbb21	CglnZGtfY29udGVudF9mb3JtYXRzX3VucmVmKChHZGtDb250ZW50Rm9ybWF0cyAqKWFyZzApOw==
332	STATEMENT	16545	16610	1	f734104ff38bcede69da4083808c2d1092b31cacb10fbdc115fa7256d3040ea9	CglHVEs0X05BVElWRV9FWElUKGVudiwgdGhhdCwgZ2RrXzFjb250ZW50XzFmb3JtYXRzXzF1bnJlZl9GVU5DKTs=
333	FRAGMENT	16610	16611	1	01ba4719c80b6fe911b091a7c05124b64eeece964e09c058ef8f9805daca546b	Cg==
334	BLOCK_CLOSE	16611	16612	0	d10b36aa74a59bcf4a88185837f658afaf3646eff2bb16c3928d0e9335e945d2	fQ==
335	PREPROCESSOR	16612	16620	0	626de321eb397f6600939892a0009f31bc378f7e886f9acc5ec0af18db6a99a7	CiNlbmRpZgo=
336	PREPROCESSOR	16620	16667	0	c25843203ec4605dc3de356f99a81f953ff67070c38b2f3d90fb3b8cc00cb1fc	CiNpZm5kZWYgTk9fZ2RrXzFjb250ZW50XzFwcm92aWRlcl8xZ2V0XzF2YWx1ZQo=
337	FUNCTION_OPEN	16667	16812	0	ee3ddf7f7e25af5978014a83a27aa57973a12a85cc7ced21c5e3de12ceef43c1	Sk5JRVhQT1JUIGpib29sZWFuIEpOSUNBTEwgR1RLNF9OQVRJVkUoZ2RrXzFjb250ZW50XzFwcm92aWRlcl8xZ2V0XzF2YWx1ZSkKCShKTklFbnYgKmVudiwgamNsYXNzIHRoYXQsIGpsb25nIGFyZzAsIGpsb25nIGFyZzEsIGpsb25nQXJyYXkgYXJnMikKew==
338	STATEMENT	16812	16833	1	14ee868f685db71861cfd3ee29bba2286fbcac344f0a669a0de0781f9f97193e	CglqbG9uZyAqbHBhcmcyPU5VTEw7
339	STATEMENT	16833	16851	1	6e389c725127046540fa228f0aca981232172a088ed5b7d88f2be6db7346caa1	CglqYm9vbGVhbiByYyA9IDA7
340	STATEMENT	16851	16923	1	7fe7c9734c45772ddec1db1f15d41beed46807f7809caddbda30b0c7bbe12b69	CglHVEs0X05BVElWRV9FTlRFUihlbnYsIHRoYXQsIGdka18xY29udGVudF8xcHJvdmlkZXJfMWdldF8xdmFsdWVfRlVOQyk7
341	STATEMENT	16923	17015	1	b4f19d7a33b1d23f95212e25ea2f0a1971b2a069931368f0f7c3234ad1d7bc03	CglpZiAoYXJnMikgaWYgKChscGFyZzIgPSAoKmVudiktPkdldExvbmdBcnJheUVsZW1lbnRzKGVudiwgYXJnMiwgTlVMTCkpID09IE5VTEwpIGdvdG8gZmFpbDs=
342	STATEMENT	17015	17126	1	22575b282148ec500e153f363f3cdfcf923ff0ac0af74106bb13ad87b65c177e	CglyYyA9IChqYm9vbGVhbilnZGtfY29udGVudF9wcm92aWRlcl9nZXRfdmFsdWUoKEdka0NvbnRlbnRQcm92aWRlciAqKWFyZzAsIChHVmFsdWUgKilhcmcxLCAoR0Vycm9yICoqKWxwYXJnMik7
343	STATEMENT	17126	17209	1	7fbb799efbaced44951814914d554fd234f83e74e38da010ee1ef435ab5b6323	CmZhaWw6CglpZiAoYXJnMiAmJiBscGFyZzIpICgqZW52KS0+UmVsZWFzZUxvbmdBcnJheUVsZW1lbnRzKGVudiwgYXJnMiwgbHBhcmcyLCAwKTs=
344	STATEMENT	17209	17280	1	8bf4be78f993ba708ec62e77ef05633dc07272d09cb786e6259bfee688525157	CglHVEs0X05BVElWRV9FWElUKGVudiwgdGhhdCwgZ2RrXzFjb250ZW50XzFwcm92aWRlcl8xZ2V0XzF2YWx1ZV9GVU5DKTs=
345	STATEMENT	17280	17292	1	a028c9c9501df4846ec72c7b4432d4a3cb499b36b781bb1c38853498151d0ba7	CglyZXR1cm4gcmM7
346	FRAGMENT	17292	17293	1	01ba4719c80b6fe911b091a7c05124b64eeece964e09c058ef8f9805daca546b	Cg==
347	BLOCK_CLOSE	17293	17294	0	d10b36aa74a59bcf4a88185837f658afaf3646eff2bb16c3928d0e9335e945d2	fQ==
348	PREPROCESSOR	17294	17302	0	626de321eb397f6600939892a0009f31bc378f7e886f9acc5ec0af18db6a99a7	CiNlbmRpZgo=
349	PREPROCESSOR	17302	17354	0	f3695be25b0dfe5c3f98e173581d8c7a2949318b03f7689928d831d67c5d1fcb	CiNpZm5kZWYgTk9fZ2RrXzFjb250ZW50XzFwcm92aWRlcl8xbmV3XzFmb3JfMXZhbHVlCg==
350	FUNCTION_OPEN	17354	17472	0	07e79e36419801f725a6122ed371c9faa9f73e922a1d26525aaa4f3719897200	Sk5JRVhQT1JUIGpsb25nIEpOSUNBTEwgR1RLNF9OQVRJVkUoZ2RrXzFjb250ZW50XzFwcm92aWRlcl8xbmV3XzFmb3JfMXZhbHVlKQoJKEpOSUVudiAqZW52LCBqY2xhc3MgdGhhdCwgamxvbmcgYXJnMCkKew==
351	STATEMENT	17472	17487	1	3411ceb5951bc52321d8d6cf00df310a159211846b0264e08db2a18b94173633	CglqbG9uZyByYyA9IDA7
352	STATEMENT	17487	17564	1	39966bd7b572850fb8502ea6ca9c290a18a4740993fb42f2ee2cae73fd47a0c4	CglHVEs0X05BVElWRV9FTlRFUihlbnYsIHRoYXQsIGdka18xY29udGVudF8xcHJvdmlkZXJfMW5ld18xZm9yXzF2YWx1ZV9GVU5DKTs=
353	STATEMENT	17564	17634	1	e3fd0e5960e9d9d380df8ac2d24a56df9b1edfdead112fa9fa2beea779b4b24b	CglyYyA9IChqbG9uZylnZGtfY29udGVudF9wcm92aWRlcl9uZXdfZm9yX3ZhbHVlKChjb25zdCBHVmFsdWUqKWFyZzApOw==
354	STATEMENT	17634	17710	1	87482004088f9ec23b19de788b7083ef9420f33a064b5558c789bb9ecf11172c	CglHVEs0X05BVElWRV9FWElUKGVudiwgdGhhdCwgZ2RrXzFjb250ZW50XzFwcm92aWRlcl8xbmV3XzFmb3JfMXZhbHVlX0ZVTkMpOw==
355	STATEMENT	17710	17722	1	a028c9c9501df4846ec72c7b4432d4a3cb499b36b781bb1c38853498151d0ba7	CglyZXR1cm4gcmM7
356	FRAGMENT	17722	17723	1	01ba4719c80b6fe911b091a7c05124b64eeece964e09c058ef8f9805daca546b	Cg==
357	BLOCK_CLOSE	17723	17724	0	d10b36aa74a59bcf4a88185837f658afaf3646eff2bb16c3928d0e9335e945d2	fQ==
358	PREPROCESSOR	17724	17732	0	626de321eb397f6600939892a0009f31bc378f7e886f9acc5ec0af18db6a99a7	CiNlbmRpZgo=
359	PREPROCESSOR	17732	17779	0	4abb95aeaddca30cb2aea47f8bd53e4de2902d46ad5392f65625e89b0a04f0c3	CiNpZm5kZWYgTk9fZ2RrXzFjb250ZW50XzFwcm92aWRlcl8xbmV3XzF0eXBlZAo=
360	FUNCTION_OPEN	17779	17904	0	f4ba5423f98e9ecce4afa232c8bd1fc358a588ee7c151d3774194c6aaa25afb3	Sk5JRVhQT1JUIGpsb25nIEpOSUNBTEwgR1RLNF9OQVRJVkUoZ2RrXzFjb250ZW50XzFwcm92aWRlcl8xbmV3XzF0eXBlZCkKCShKTklFbnYgKmVudiwgamNsYXNzIHRoYXQsIGpsb25nIGFyZzAsIGpsb25nIGFyZzEpCns=
361	STATEMENT	17904	17919	1	3411ceb5951bc52321d8d6cf00df310a159211846b0264e08db2a18b94173633	CglqbG9uZyByYyA9IDA7
362	STATEMENT	17919	17991	1	8046245315e1270f7b6669743d7ce925a5f2d1db4fdce713b03e84303d07144d	CglHVEs0X05BVElWRV9FTlRFUihlbnYsIHRoYXQsIGdka18xY29udGVudF8xcHJvdmlkZXJfMW5ld18xdHlwZWRfRlVOQyk7
363	STATEMENT	17991	18055	1	3fe2db7da0ce3a971b141e866d8c854d7cd83ad5546900dc4c0ffdab3ab6b9ae	CglyYyA9IChqbG9uZylnZGtfY29udGVudF9wcm92aWRlcl9uZXdfdHlwZWQoKEdUeXBlKWFyZzAsIGFyZzEpOw==
364	STATEMENT	18055	18126	1	9b3f37ef5169337394f5497884d12e57ff3d448aa28a05444c87cf8dd60ec1fd	CglHVEs0X05BVElWRV9FWElUKGVudiwgdGhhdCwgZ2RrXzFjb250ZW50XzFwcm92aWRlcl8xbmV3XzF0eXBlZF9GVU5DKTs=
365	STATEMENT	18126	18138	1	a028c9c9501df4846ec72c7b4432d4a3cb499b36b781bb1c38853498151d0ba7	CglyZXR1cm4gcmM7
366	FRAGMENT	18138	18139	1	01ba4719c80b6fe911b091a7c05124b64eeece964e09c058ef8f9805daca546b	Cg==
367	BLOCK_CLOSE	18139	18140	0	d10b36aa74a59bcf4a88185837f658afaf3646eff2bb16c3928d0e9335e945d2	fQ==
368	PREPROCESSOR	18140	18148	0	626de321eb397f6600939892a0009f31bc378f7e886f9acc5ec0af18db6a99a7	CiNlbmRpZgo=
369	PREPROCESSOR	18148	18195	0	f815c3067673ef14f82a25cc0229404313512f8debd044446c8ccb19c25333bb	CiNpZm5kZWYgTk9fZ2RrXzFjb250ZW50XzFwcm92aWRlcl8xbmV3XzF1bmlvbgo=
370	FUNCTION_OPEN	18195	18324	0	95706dd54374e2bbd9d066f8c12361cac7c2c093f785169fc6270f515951513f	Sk5JRVhQT1JUIGpsb25nIEpOSUNBTEwgR1RLNF9OQVRJVkUoZ2RrXzFjb250ZW50XzFwcm92aWRlcl8xbmV3XzF1bmlvbikKCShKTklFbnYgKmVudiwgamNsYXNzIHRoYXQsIGpsb25nQXJyYXkgYXJnMCwgamludCBhcmcxKQp7
371	STATEMENT	18324	18345	1	269c79e903cf4404638855d5b1a56c81a078535d3397034f7cd1f2e717aeffe9	CglqbG9uZyAqbHBhcmcwPU5VTEw7
372	STATEMENT	18345	18360	1	3411ceb5951bc52321d8d6cf00df310a159211846b0264e08db2a18b94173633	CglqbG9uZyByYyA9IDA7
373	STATEMENT	18360	18432	1	f0f429cda65ef7b943dd4526a1c828b9bd86552ef2f8eb5c17a78023575eede7	CglHVEs0X05BVElWRV9FTlRFUihlbnYsIHRoYXQsIGdka18xY29udGVudF8xcHJvdmlkZXJfMW5ld18xdW5pb25fRlVOQyk7
374	STATEMENT	18432	18524	1	d0a7ac55941630eb47838086eab2dcc0e6d4e1b96c92010fbba531309de60460	CglpZiAoYXJnMCkgaWYgKChscGFyZzAgPSAoKmVudiktPkdldExvbmdBcnJheUVsZW1lbnRzKGVudiwgYXJnMCwgTlVMTCkpID09IE5VTEwpIGdvdG8gZmFpbDs=
375	STATEMENT	18524	18613	1	f845f881fd9681ac36637a54b202e9d35ca714731b0e08bf1d8a4c66e7993045	CglyYyA9IChqbG9uZylnZGtfY29udGVudF9wcm92aWRlcl9uZXdfdW5pb24oKEdka0NvbnRlbnRQcm92aWRlciAqKilscGFyZzAsIChnc2l6ZSlhcmcxKTs=
376	STATEMENT	18613	18696	1	b085f774d76f83d208aa15215479f7bfaf6f0c6a2429c8367d8f8890f0ba6d53	CmZhaWw6CglpZiAoYXJnMCAmJiBscGFyZzApICgqZW52KS0+UmVsZWFzZUxvbmdBcnJheUVsZW1lbnRzKGVudiwgYXJnMCwgbHBhcmcwLCAwKTs=
377	STATEMENT	18696	18767	1	c387601b46ebe9c17a973b27960d61f540006f102de8f36a42b1140d5ccbd86b	CglHVEs0X05BVElWRV9FWElUKGVudiwgdGhhdCwgZ2RrXzFjb250ZW50XzFwcm92aWRlcl8xbmV3XzF1bmlvbl9GVU5DKTs=
378	STATEMENT	18767	18779	1	a028c9c9501df4846ec72c7b4432d4a3cb499b36b781bb1c38853498151d0ba7	CglyZXR1cm4gcmM7
379	FRAGMENT	18779	18780	1	01ba4719c80b6fe911b091a7c05124b64eeece964e09c058ef8f9805daca546b	Cg==
380	BLOCK_CLOSE	18780	18781	0	d10b36aa74a59bcf4a88185837f658afaf3646eff2bb16c3928d0e9335e945d2	fQ==
381	PREPROCESSOR	18781	18789	0	626de321eb397f6600939892a0009f31bc378f7e886f9acc5ec0af18db6a99a7	CiNlbmRpZgo=
382	PREPROCESSOR	18789	18838	0	b05548b704120dd6df74ca127bb7a7e4f33e99b4af74af85c5b6d400e6f5cb02	CiNpZm5kZWYgTk9fZ2RrXzFjb250ZW50XzFyZWdpc3Rlcl8xZGVzZXJpYWxpemVyCg==
383	FUNCTION_OPEN	18838	19002	0	f7fa72cafe7c3622d00f5a1c83ed029a112f02351f9d40b794882da84d146e1a	Sk5JRVhQT1JUIHZvaWQgSk5JQ0FMTCBHVEs0X05BVElWRShnZGtfMWNvbnRlbnRfMXJlZ2lzdGVyXzFkZXNlcmlhbGl6ZXIpCgkoSk5JRW52ICplbnYsIGpjbGFzcyB0aGF0LCBqc3RyaW5nIGFyZzAsIGpsb25nIGFyZzEsIGpsb25nIGFyZzIsIGpsb25nIGFyZzMsIGpsb25nIGFyZzQpCns=
384	STATEMENT	19002	19029	1	4b25a29a8ad817b242945bd16faf781490aa819009a2fb1f063ddb2478f8f1fb	Cgljb25zdCBjaGFyICpscGFyZzA9IE5VTEw7
385	STATEMENT	19029	19103	1	58ab1c8d0a0e2d12973f1531e83d3888343251590ac45068580af94a06dcd69f	CglHVEs0X05BVElWRV9FTlRFUihlbnYsIHRoYXQsIGdka18xY29udGVudF8xcmVnaXN0ZXJfMWRlc2VyaWFsaXplcl9GVU5DKTs=
386	STATEMENT	19103	19192	1	4ddc2ac009342c29dcdd76d5503b61000cff645840942d06636ca7b1c1ea8968	CglpZiAoYXJnMCkgaWYgKChscGFyZzAgPSAoKmVudiktPkdldFN0cmluZ1VURkNoYXJzKGVudiwgYXJnMCwgTlVMTCkpID09IE5VTEwpIGdvdG8gZmFpbDs=
387	STATEMENT	19192	19333	1	a01c0d74758f3746760c8ffff8a14ce2be789139caccc1bf65b8eecaad77fa26	CglnZGtfY29udGVudF9yZWdpc3Rlcl9kZXNlcmlhbGl6ZXIoKGNvbnN0IGNoYXIqKWxwYXJnMCwgKEdUeXBlKWFyZzEsIChHZGtDb250ZW50RGVzZXJpYWxpemVGdW5jKWFyZzIsIChncG9pbnRlcilhcmczLCAoR0Rlc3Ryb3lOb3RpZnkpYXJnNCk7
388	STATEMENT	19333	19410	1	d93f77b4b04b97a26b0c85eda54d9450497761d911cfd7dbfe61bc8e16b96070	CmZhaWw6CglpZiAoYXJnMCAmJiBscGFyZzApICgqZW52KS0+UmVsZWFzZVN0cmluZ1VURkNoYXJzKGVudiwgYXJnMCwgbHBhcmcwKTs=
389	STATEMENT	19410	19483	1	2f6566821c5c0f3c5ef6095c8f86f5ffe18cb61af429d01f19e04a90e3d01a73	CglHVEs0X05BVElWRV9FWElUKGVudiwgdGhhdCwgZ2RrXzFjb250ZW50XzFyZWdpc3Rlcl8xZGVzZXJpYWxpemVyX0ZVTkMpOw==
390	FRAGMENT	19483	19484	1	01ba4719c80b6fe911b091a7c05124b64eeece964e09c058ef8f9805daca546b	Cg==
391	BLOCK_CLOSE	19484	19485	0	d10b36aa74a59bcf4a88185837f658afaf3646eff2bb16c3928d0e9335e945d2	fQ==
392	PREPROCESSOR	19485	19493	0	626de321eb397f6600939892a0009f31bc378f7e886f9acc5ec0af18db6a99a7	CiNlbmRpZgo=
393	PREPROCESSOR	19493	19540	0	f879fe8869b0d67f0c8252f2947cd179cac078e764991e6e45769241e83c373d	CiNpZm5kZWYgTk9fZ2RrXzFjb250ZW50XzFyZWdpc3Rlcl8xc2VyaWFsaXplcgo=
394	FUNCTION_OPEN	19540	19702	0	b7c4e13cb8b0ff718e4028d31f2d066751c6d61ae87fdcba1852235e22ce5e49	Sk5JRVhQT1JUIHZvaWQgSk5JQ0FMTCBHVEs0X05BVElWRShnZGtfMWNvbnRlbnRfMXJlZ2lzdGVyXzFzZXJpYWxpemVyKQoJKEpOSUVudiAqZW52LCBqY2xhc3MgdGhhdCwgamxvbmcgYXJnMCwganN0cmluZyBhcmcxLCBqbG9uZyBhcmcyLCBqbG9uZyBhcmczLCBqbG9uZyBhcmc0KQp7
395	STATEMENT	19702	19729	1	807ee5402fbb5a24922c48d4238e427584c8810d952b55dbb51af42200a4da54	Cgljb25zdCBjaGFyICpscGFyZzE9IE5VTEw7
396	STATEMENT	19729	19801	1	51922f0acd6cf3f8695d3199c1237c3f6277db5b34cf6c33ef27a6183c2f6fe6	CglHVEs0X05BVElWRV9FTlRFUihlbnYsIHRoYXQsIGdka18xY29udGVudF8xcmVnaXN0ZXJfMXNlcmlhbGl6ZXJfRlVOQyk7
397	STATEMENT	19801	19890	1	8532c1bf1bf6dcbab3904bbdecfe88e91b6d2d2be067e6f51d1487832df6589f	CglpZiAoYXJnMSkgaWYgKChscGFyZzEgPSAoKmVudiktPkdldFN0cmluZ1VURkNoYXJzKGVudiwgYXJnMSwgTlVMTCkpID09IE5VTEwpIGdvdG8gZmFpbDs=
398	STATEMENT	19890	20027	1	b3072cee64973721913844db3bf3923735b0d3eb0e6d438ccb80cde9d636fce9	CglnZGtfY29udGVudF9yZWdpc3Rlcl9zZXJpYWxpemVyKChHVHlwZSlhcmcwLCAoY29uc3QgY2hhciopbHBhcmcxLCAoR2RrQ29udGVudFNlcmlhbGl6ZUZ1bmMpYXJnMiwgKGdwb2ludGVyKWFyZzMsIChHRGVzdHJveU5vdGlmeSlhcmc0KTs=
399	STATEMENT	20027	20104	1	479e090c127a684c3df8dad12e6376e4bb0e589b966a44c700ae4d0931924c4c	CmZhaWw6CglpZiAoYXJnMSAmJiBscGFyZzEpICgqZW52KS0+UmVsZWFzZVN0cmluZ1VURkNoYXJzKGVudiwgYXJnMSwgbHBhcmcxKTs=
400	STATEMENT	20104	20175	1	4ae5046661cab03c722691dd04f048717e6cab0f5248075c74c78c2e21e2fd20	CglHVEs0X05BVElWRV9FWElUKGVudiwgdGhhdCwgZ2RrXzFjb250ZW50XzFyZWdpc3Rlcl8xc2VyaWFsaXplcl9GVU5DKTs=
401	FRAGMENT	20175	20176	1	01ba4719c80b6fe911b091a7c05124b64eeece964e09c058ef8f9805daca546b	Cg==
402	BLOCK_CLOSE	20176	20177	0	d10b36aa74a59bcf4a88185837f658afaf3646eff2bb16c3928d0e9335e945d2	fQ==
403	PREPROCESSOR	20177	20185	0	626de321eb397f6600939892a0009f31bc378f7e886f9acc5ec0af18db6a99a7	CiNlbmRpZgo=
404	PREPROCESSOR	20185	20240	0	9f834117e67d6e411765cdec1f5c844602006b2b6df83998b9e92a6d09e6447f	CiNpZm5kZWYgTk9fZ2RrXzFjb250ZW50XzFzZXJpYWxpemVyXzFnZXRfMWNhbmNlbGxhYmxlCg==
405	FUNCTION_OPEN	20240	20361	0	e94d83e8431930c2374e1ed1e0a3fabaa514373b8f1e95aec729b69113f7de03	Sk5JRVhQT1JUIGpsb25nIEpOSUNBTEwgR1RLNF9OQVRJVkUoZ2RrXzFjb250ZW50XzFzZXJpYWxpemVyXzFnZXRfMWNhbmNlbGxhYmxlKQoJKEpOSUVudiAqZW52LCBqY2xhc3MgdGhhdCwgamxvbmcgYXJnMCkKew==
406	STATEMENT	20361	20376	1	3411ceb5951bc52321d8d6cf00df310a159211846b0264e08db2a18b94173633	CglqbG9uZyByYyA9IDA7
407	STATEMENT	20376	20456	1	0ba6774113a55c3b5a77e80d895d614a7c6965ff05c9c5b039e6f6fe73149893	CglHVEs0X05BVElWRV9FTlRFUihlbnYsIHRoYXQsIGdka18xY29udGVudF8xc2VyaWFsaXplcl8xZ2V0XzFjYW5jZWxsYWJsZV9GVU5DKTs=
408	STATEMENT	20456	20538	1	eeda60b23dcb04f1d20c25780bdfb904bd637e5fb3c181cdfab5f1c367461682	CglyYyA9IChqbG9uZylnZGtfY29udGVudF9zZXJpYWxpemVyX2dldF9jYW5jZWxsYWJsZSgoR2RrQ29udGVudFNlcmlhbGl6ZXIqKWFyZzApOw==
409	STATEMENT	20538	20617	1	5a2e0388d9cf5be18e5be6561b3bb49460fdfa16f810a04e43fdd2cd6fbdaff4	CglHVEs0X05BVElWRV9FWElUKGVudiwgdGhhdCwgZ2RrXzFjb250ZW50XzFzZXJpYWxpemVyXzFnZXRfMWNhbmNlbGxhYmxlX0ZVTkMpOw==
410	STATEMENT	20617	20629	1	a028c9c9501df4846ec72c7b4432d4a3cb499b36b781bb1c38853498151d0ba7	CglyZXR1cm4gcmM7
411	FRAGMENT	20629	20630	1	01ba4719c80b6fe911b091a7c05124b64eeece964e09c058ef8f9805daca546b	Cg==
412	BLOCK_CLOSE	20630	20631	0	d10b36aa74a59bcf4a88185837f658afaf3646eff2bb16c3928d0e9335e945d2	fQ==
413	PREPROCESSOR	20631	20639	0	626de321eb397f6600939892a0009f31bc378f7e886f9acc5ec0af18db6a99a7	CiNlbmRpZgo=
414	PREPROCESSOR	20639	20688	0	27794d6b54ef255af3fdc0d9c94fe5f64ac8e1d3e73f0eb437bfbcce1aeb6551	CiNpZm5kZWYgTk9fZ2RrXzFjb250ZW50XzFzZXJpYWxpemVyXzFnZXRfMWd0eXBlCg==
415	FUNCTION_OPEN	20688	20803	0	ef0845d25550bb34c04ff654246dfa15b29f5a5819e0ae40bdf7ad5d041068bb	Sk5JRVhQT1JUIGpsb25nIEpOSUNBTEwgR1RLNF9OQVRJVkUoZ2RrXzFjb250ZW50XzFzZXJpYWxpemVyXzFnZXRfMWd0eXBlKQoJKEpOSUVudiAqZW52LCBqY2xhc3MgdGhhdCwgamxvbmcgYXJnMCkKew==
416	STATEMENT	20803	20818	1	3411ceb5951bc52321d8d6cf00df310a159211846b0264e08db2a18b94173633	CglqbG9uZyByYyA9IDA7
417	STATEMENT	20818	20892	1	1e39d5a403fd9c97fd86ac3e02643f8a132c630eb551a79d0fe8b53459eeffaf	CglHVEs0X05BVElWRV9FTlRFUihlbnYsIHRoYXQsIGdka18xY29udGVudF8xc2VyaWFsaXplcl8xZ2V0XzFndHlwZV9GVU5DKTs=
418	STATEMENT	20892	20968	1	ea51f4b89facbea1003afe6fa3ffb2612ca9cce763721275d31bab9e3ca1a7ae	CglyYyA9IChqbG9uZylnZGtfY29udGVudF9zZXJpYWxpemVyX2dldF9ndHlwZSgoR2RrQ29udGVudFNlcmlhbGl6ZXIqKWFyZzApOw==
419	STATEMENT	20968	21041	1	2e4a7da214e9bc5920d7ffb3b2a2c593cc913525b379e30bafb5ecc9b63f255c	CglHVEs0X05BVElWRV9FWElUKGVudiwgdGhhdCwgZ2RrXzFjb250ZW50XzFzZXJpYWxpemVyXzFnZXRfMWd0eXBlX0ZVTkMpOw==
420	STATEMENT	21041	21053	1	a028c9c9501df4846ec72c7b4432d4a3cb499b36b781bb1c38853498151d0ba7	CglyZXR1cm4gcmM7
421	FRAGMENT	21053	21054	1	01ba4719c80b6fe911b091a7c05124b64eeece964e09c058ef8f9805daca546b	Cg==
422	BLOCK_CLOSE	21054	21055	0	d10b36aa74a59bcf4a88185837f658afaf3646eff2bb16c3928d0e9335e945d2	fQ==
423	PREPROCESSOR	21055	21063	0	626de321eb397f6600939892a0009f31bc378f7e886f9acc5ec0af18db6a99a7	CiNlbmRpZgo=
424	PREPROCESSOR	21063	21117	0	0dec69deeb9a7d6dd02060870a154d19294ca83559e36f9454c7230eb2644820	CiNpZm5kZWYgTk9fZ2RrXzFjb250ZW50XzFzZXJpYWxpemVyXzFnZXRfMW1pbWVfMXR5cGUK
425	FUNCTION_OPEN	21117	21237	0	80556272d8a5b05b1d82596a749b05c7507df1b4750300dad342186a722134db	Sk5JRVhQT1JUIGpsb25nIEpOSUNBTEwgR1RLNF9OQVRJVkUoZ2RrXzFjb250ZW50XzFzZXJpYWxpemVyXzFnZXRfMW1pbWVfMXR5cGUpCgkoSk5JRW52ICplbnYsIGpjbGFzcyB0aGF0LCBqbG9uZyBhcmcwKQp7
426	STATEMENT	21237	21252	1	3411ceb5951bc52321d8d6cf00df310a159211846b0264e08db2a18b94173633	CglqbG9uZyByYyA9IDA7
427	STATEMENT	21252	21331	1	8a826adb5b58e3c630d89f63d19a9198dcf1bab34683f97bdcc14b910e41af0c	CglHVEs0X05BVElWRV9FTlRFUihlbnYsIHRoYXQsIGdka18xY29udGVudF8xc2VyaWFsaXplcl8xZ2V0XzFtaW1lXzF0eXBlX0ZVTkMpOw==
428	STATEMENT	21331	21411	1	beabfd84b878d9c2a7cc8504b37b8de7889c4f955d53ee46c33f71f6c066173d	CglyYyA9IChqbG9uZylnZGtfY29udGVudF9zZXJpYWxpemVyX2dldF9taW1lX3R5cGUoKEdka0NvbnRlbnRTZXJpYWxpemVyKilhcmcwKTs=
429	STATEMENT	21411	21489	1	800ea8a2a1d9b28da3cb86121f7d0c84b2cdea7105d4bcd6931b6b540081f4bf	CglHVEs0X05BVElWRV9FWElUKGVudiwgdGhhdCwgZ2RrXzFjb250ZW50XzFzZXJpYWxpemVyXzFnZXRfMW1pbWVfMXR5cGVfRlVOQyk7
430	STATEMENT	21489	21501	1	a028c9c9501df4846ec72c7b4432d4a3cb499b36b781bb1c38853498151d0ba7	CglyZXR1cm4gcmM7
431	FRAGMENT	21501	21502	1	01ba4719c80b6fe911b091a7c05124b64eeece964e09c058ef8f9805daca546b	Cg==
432	BLOCK_CLOSE	21502	21503	0	d10b36aa74a59bcf4a88185837f658afaf3646eff2bb16c3928d0e9335e945d2	fQ==
433	PREPROCESSOR	21503	21511	0	626de321eb397f6600939892a0009f31bc378f7e886f9acc5ec0af18db6a99a7	CiNlbmRpZgo=
434	PREPROCESSOR	21511	21569	0	87e797f84b4a6f0d5fec4e2d5352830f67440d6b5ed1a1cb3ba8e6a3d7f66713	CiNpZm5kZWYgTk9fZ2RrXzFjb250ZW50XzFzZXJpYWxpemVyXzFnZXRfMW91dHB1dF8xc3RyZWFtCg==
435	FUNCTION_OPEN	21569	21693	0	ab5a2b806f9c7c0d61418168b9604d9ac646a1a1a8fcf2576760ea25a157db9f	Sk5JRVhQT1JUIGpsb25nIEpOSUNBTEwgR1RLNF9OQVRJVkUoZ2RrXzFjb250ZW50XzFzZXJpYWxpemVyXzFnZXRfMW91dHB1dF8xc3RyZWFtKQoJKEpOSUVudiAqZW52LCBqY2xhc3MgdGhhdCwgamxvbmcgYXJnMCkKew==
436	STATEMENT	21693	21708	1	3411ceb5951bc52321d8d6cf00df310a159211846b0264e08db2a18b94173633	CglqbG9uZyByYyA9IDA7
437	STATEMENT	21708	21791	1	848b6be5bf00ed8f8594e135b0a9d0deef41044c069867ce1548dce849383ca5	CglHVEs0X05BVElWRV9FTlRFUihlbnYsIHRoYXQsIGdka18xY29udGVudF8xc2VyaWFsaXplcl8xZ2V0XzFvdXRwdXRfMXN0cmVhbV9GVU5DKTs=
438	STATEMENT	21791	21875	1	4aca12b834b97a408f505ae106f9e1c9e11a2542c70473fc5af5f4f8078c21e0	CglyYyA9IChqbG9uZylnZGtfY29udGVudF9zZXJpYWxpemVyX2dldF9vdXRwdXRfc3RyZWFtKChHZGtDb250ZW50U2VyaWFsaXplciopYXJnMCk7
439	STATEMENT	21875	21957	1	124d90f6f2009279276399a9eb508adf86fe1a6cac73af583dbab23fe306d66b	CglHVEs0X05BVElWRV9FWElUKGVudiwgdGhhdCwgZ2RrXzFjb250ZW50XzFzZXJpYWxpemVyXzFnZXRfMW91dHB1dF8xc3RyZWFtX0ZVTkMpOw==
440	STATEMENT	21957	21969	1	a028c9c9501df4846ec72c7b4432d4a3cb499b36b781bb1c38853498151d0ba7	CglyZXR1cm4gcmM7
441	FRAGMENT	21969	21970	1	01ba4719c80b6fe911b091a7c05124b64eeece964e09c058ef8f9805daca546b	Cg==
442	BLOCK_CLOSE	21970	21971	0	d10b36aa74a59bcf4a88185837f658afaf3646eff2bb16c3928d0e9335e945d2	fQ==
443	PREPROCESSOR	21971	21979	0	626de321eb397f6600939892a0009f31bc378f7e886f9acc5ec0af18db6a99a7	CiNlbmRpZgo=
444	PREPROCESSOR	21979	22031	0	477863e3d92186fd805fa2a24cd5a095e9b6a77cbc7517f317cf1dc0dad3157a	CiNpZm5kZWYgTk9fZ2RrXzFjb250ZW50XzFzZXJpYWxpemVyXzFnZXRfMXByaW9yaXR5Cg==
445	FUNCTION_OPEN	22031	22148	0	0c0a9fa4eeae08a8b6e583fcf048e008539dec6382bf712f6b140142c7de98fe	Sk5JRVhQT1JUIGppbnQgSk5JQ0FMTCBHVEs0X05BVElWRShnZGtfMWNvbnRlbnRfMXNlcmlhbGl6ZXJfMWdldF8xcHJpb3JpdHkpCgkoSk5JRW52ICplbnYsIGpjbGFzcyB0aGF0LCBqbG9uZyBhcmcwKQp7
446	STATEMENT	22148	22162	1	ab2eac128ef6225b35f40b35e2bd8fba39be8b3b6b281960b3c51646eba99890	CglqaW50IHJjID0gMDs=
447	STATEMENT	22162	22239	1	9432a9e25720ad1fd4332b75250f3dc3ef0e51d436b9153385b72dc5f5c41cd2	CglHVEs0X05BVElWRV9FTlRFUihlbnYsIHRoYXQsIGdka18xY29udGVudF8xc2VyaWFsaXplcl8xZ2V0XzFwcmlvcml0eV9GVU5DKTs=
448	STATEMENT	22239	22317	1	c5a1c7345528d42a4a0fbbbad037b91a989ad9ee9c692f847a4f8fdfdecb620b	CglyYyA9IChqaW50KWdka19jb250ZW50X3NlcmlhbGl6ZXJfZ2V0X3ByaW9yaXR5KChHZGtDb250ZW50U2VyaWFsaXplciopYXJnMCk7
449	STATEMENT	22317	22393	1	727fb63c455e2811a666e407644a92086734ae8da88d8db6d8ec5ddc72f39c2e	CglHVEs0X05BVElWRV9FWElUKGVudiwgdGhhdCwgZ2RrXzFjb250ZW50XzFzZXJpYWxpemVyXzFnZXRfMXByaW9yaXR5X0ZVTkMpOw==
450	STATEMENT	22393	22405	1	a028c9c9501df4846ec72c7b4432d4a3cb499b36b781bb1c38853498151d0ba7	CglyZXR1cm4gcmM7
451	FRAGMENT	22405	22406	1	01ba4719c80b6fe911b091a7c05124b64eeece964e09c058ef8f9805daca546b	Cg==
452	BLOCK_CLOSE	22406	22407	0	d10b36aa74a59bcf4a88185837f658afaf3646eff2bb16c3928d0e9335e945d2	fQ==
453	PREPROCESSOR	22407	22415	0	626de321eb397f6600939892a0009f31bc378f7e886f9acc5ec0af18db6a99a7	CiNlbmRpZgo=
454	PREPROCESSOR	22415	22469	0	0b278c317644032de8c68c4cbc133f9ae655c6f3e9c133615306ef622ea64b6a	CiNpZm5kZWYgTk9fZ2RrXzFjb250ZW50XzFzZXJpYWxpemVyXzFnZXRfMXRhc2tfMWRhdGEK
455	FUNCTION_OPEN	22469	22589	0	2630c9b529a06dcdc7fd02c9457e9481a1b46dd4bb5d78e80428dce14002a308	Sk5JRVhQT1JUIGpsb25nIEpOSUNBTEwgR1RLNF9OQVRJVkUoZ2RrXzFjb250ZW50XzFzZXJpYWxpemVyXzFnZXRfMXRhc2tfMWRhdGEpCgkoSk5JRW52ICplbnYsIGpjbGFzcyB0aGF0LCBqbG9uZyBhcmcwKQp7
456	STATEMENT	22589	22604	1	3411ceb5951bc52321d8d6cf00df310a159211846b0264e08db2a18b94173633	CglqbG9uZyByYyA9IDA7
457	STATEMENT	22604	22683	1	e6a15f20ea4c1c2da41a7548bd8bff2458a5fad77b51af2c15a80f1f84b937ea	CglHVEs0X05BVElWRV9FTlRFUihlbnYsIHRoYXQsIGdka18xY29udGVudF8xc2VyaWFsaXplcl8xZ2V0XzF0YXNrXzFkYXRhX0ZVTkMpOw==
458	STATEMENT	22683	22763	1	b2a2a98a897d452822c2eb02179dd970ffe80841a942f0b3bde9b5a4c362d79b	CglyYyA9IChqbG9uZylnZGtfY29udGVudF9zZXJpYWxpemVyX2dldF90YXNrX2RhdGEoKEdka0NvbnRlbnRTZXJpYWxpemVyKilhcmcwKTs=
459	STATEMENT	22763	22841	1	23b6f899d0dee41fa8e0b387bb61c1e1e0429b69e05675a2d0cf60f005296962	CglHVEs0X05BVElWRV9FWElUKGVudiwgdGhhdCwgZ2RrXzFjb250ZW50XzFzZXJpYWxpemVyXzFnZXRfMXRhc2tfMWRhdGFfRlVOQyk7
460	STATEMENT	22841	22853	1	a028c9c9501df4846ec72c7b4432d4a3cb499b36b781bb1c38853498151d0ba7	CglyZXR1cm4gcmM7
461	FRAGMENT	22853	22854	1	01ba4719c80b6fe911b091a7c05124b64eeece964e09c058ef8f9805daca546b	Cg==
462	BLOCK_CLOSE	22854	22855	0	d10b36aa74a59bcf4a88185837f658afaf3646eff2bb16c3928d0e9335e945d2	fQ==
463	PREPROCESSOR	22855	22863	0	626de321eb397f6600939892a0009f31bc378f7e886f9acc5ec0af18db6a99a7	CiNlbmRpZgo=
464	PREPROCESSOR	22863	22917	0	d756c2b3835f680c5915a4bff751e600d6da0564adca0678cb40e6cd606ee748	CiNpZm5kZWYgTk9fZ2RrXzFjb250ZW50XzFzZXJpYWxpemVyXzFnZXRfMXVzZXJfMWRhdGEK
465	FUNCTION_OPEN	22917	23037	0	5b6b6692506bab23b56070daab1e0750c3bb3b020d8ba167d2565c50c9d495db	Sk5JRVhQT1JUIGpsb25nIEpOSUNBTEwgR1RLNF9OQVRJVkUoZ2RrXzFjb250ZW50XzFzZXJpYWxpemVyXzFnZXRfMXVzZXJfMWRhdGEpCgkoSk5JRW52ICplbnYsIGpjbGFzcyB0aGF0LCBqbG9uZyBhcmcwKQp7
466	STATEMENT	23037	23052	1	3411ceb5951bc52321d8d6cf00df310a159211846b0264e08db2a18b94173633	CglqbG9uZyByYyA9IDA7
467	STATEMENT	23052	23131	1	3ee0c473108dc8d612bb54f6e0f7a498ee2ff996f607f465aeb4fa7b306eec92	CglHVEs0X05BVElWRV9FTlRFUihlbnYsIHRoYXQsIGdka18xY29udGVudF8xc2VyaWFsaXplcl8xZ2V0XzF1c2VyXzFkYXRhX0ZVTkMpOw==
468	STATEMENT	23131	23211	1	5ad4bb43d888b08be148294f6b9077383f9b6f8ec8941ce9754bcf0949935210	CglyYyA9IChqbG9uZylnZGtfY29udGVudF9zZXJpYWxpemVyX2dldF91c2VyX2RhdGEoKEdka0NvbnRlbnRTZXJpYWxpemVyKilhcmcwKTs=
469	STATEMENT	23211	23289	1	4eecb945f0e428febd191bb12a531db74c0ae5993f375508ff74260c6206ac1d	CglHVEs0X05BVElWRV9FWElUKGVudiwgdGhhdCwgZ2RrXzFjb250ZW50XzFzZXJpYWxpemVyXzFnZXRfMXVzZXJfMWRhdGFfRlVOQyk7
470	STATEMENT	23289	23301	1	a028c9c9501df4846ec72c7b4432d4a3cb499b36b781bb1c38853498151d0ba7	CglyZXR1cm4gcmM7
471	FRAGMENT	23301	23302	1	01ba4719c80b6fe911b091a7c05124b64eeece964e09c058ef8f9805daca546b	Cg==
472	BLOCK_CLOSE	23302	23303	0	d10b36aa74a59bcf4a88185837f658afaf3646eff2bb16c3928d0e9335e945d2	fQ==
473	PREPROCESSOR	23303	23311	0	626de321eb397f6600939892a0009f31bc378f7e886f9acc5ec0af18db6a99a7	CiNlbmRpZgo=
474	PREPROCESSOR	23311	23360	0	7247a408753f9fe66210d550f1055e62ee88d38b3689a20179f53abc4b5ce4b4	CiNpZm5kZWYgTk9fZ2RrXzFjb250ZW50XzFzZXJpYWxpemVyXzFnZXRfMXZhbHVlCg==
475	FUNCTION_OPEN	23360	23475	0	161f577eef3470b18e093942babb5eb2eea0445dbefd252b018459b11a2588fc	Sk5JRVhQT1JUIGpsb25nIEpOSUNBTEwgR1RLNF9OQVRJVkUoZ2RrXzFjb250ZW50XzFzZXJpYWxpemVyXzFnZXRfMXZhbHVlKQoJKEpOSUVudiAqZW52LCBqY2xhc3MgdGhhdCwgamxvbmcgYXJnMCkKew==
476	STATEMENT	23475	23490	1	3411ceb5951bc52321d8d6cf00df310a159211846b0264e08db2a18b94173633	CglqbG9uZyByYyA9IDA7
477	STATEMENT	23490	23564	1	95961f2ef047e1d99fb7ca4283493c206eab5a4d7323631c15e4c0bbc0e51597	CglHVEs0X05BVElWRV9FTlRFUihlbnYsIHRoYXQsIGdka18xY29udGVudF8xc2VyaWFsaXplcl8xZ2V0XzF2YWx1ZV9GVU5DKTs=
478	STATEMENT	23564	23640	1	f95ee9a7ce4f52356cc5b5ae3c8b989d88226a4b66d368411d6d6bfb05a879c4	CglyYyA9IChqbG9uZylnZGtfY29udGVudF9zZXJpYWxpemVyX2dldF92YWx1ZSgoR2RrQ29udGVudFNlcmlhbGl6ZXIqKWFyZzApOw==
479	STATEMENT	23640	23713	1	331e513437b51cb12099d69f2a0ee48cc26508bce844e45d6023b6b960d9cba4	CglHVEs0X05BVElWRV9FWElUKGVudiwgdGhhdCwgZ2RrXzFjb250ZW50XzFzZXJpYWxpemVyXzFnZXRfMXZhbHVlX0ZVTkMpOw==
480	STATEMENT	23713	23725	1	a028c9c9501df4846ec72c7b4432d4a3cb499b36b781bb1c38853498151d0ba7	CglyZXR1cm4gcmM7
481	FRAGMENT	23725	23726	1	01ba4719c80b6fe911b091a7c05124b64eeece964e09c058ef8f9805daca546b	Cg==
482	BLOCK_CLOSE	23726	23727	0	d10b36aa74a59bcf4a88185837f658afaf3646eff2bb16c3928d0e9335e945d2	fQ==
483	PREPROCESSOR	23727	23735	0	626de321eb397f6600939892a0009f31bc378f7e886f9acc5ec0af18db6a99a7	CiNlbmRpZgo=
484	PREPROCESSOR	23735	23787	0	af0910015c288066631bcfeb538f6eb069d8c9fdda468951eb24bf8aaa43f6e5	CiNpZm5kZWYgTk9fZ2RrXzFjb250ZW50XzFzZXJpYWxpemVyXzFyZXR1cm5fMWVycm9yCg==
485	FUNCTION_OPEN	23787	23916	0	2dc3e6b8bc2c913ec6ed354fb8f941e13b858f1dc78c1c391b5f793d163cef04	Sk5JRVhQT1JUIHZvaWQgSk5JQ0FMTCBHVEs0X05BVElWRShnZGtfMWNvbnRlbnRfMXNlcmlhbGl6ZXJfMXJldHVybl8xZXJyb3IpCgkoSk5JRW52ICplbnYsIGpjbGFzcyB0aGF0LCBqbG9uZyBhcmcwLCBqbG9uZyBhcmcxKQp7
486	STATEMENT	23916	23993	1	e927e57b69926ccb9229f2656d234c3084de156d089449001e268cf53d1747bc	CglHVEs0X05BVElWRV9FTlRFUihlbnYsIHRoYXQsIGdka18xY29udGVudF8xc2VyaWFsaXplcl8xcmV0dXJuXzFlcnJvcl9GVU5DKTs=
487	STATEMENT	23993	24075	1	56022c2b239469d9af66001638b5f8b464e20e5f20068e3cb524cda9aed1275e	CglnZGtfY29udGVudF9zZXJpYWxpemVyX3JldHVybl9lcnJvcigoR2RrQ29udGVudFNlcmlhbGl6ZXIqKWFyZzAsIChHRXJyb3IqKWFyZzEpOw==
488	STATEMENT	24075	24151	1	872ea96284c0362c482b92c9ea71e60a177241d7e5336ac2338b8784a09d6b57	CglHVEs0X05BVElWRV9FWElUKGVudiwgdGhhdCwgZ2RrXzFjb250ZW50XzFzZXJpYWxpemVyXzFyZXR1cm5fMWVycm9yX0ZVTkMpOw==
489	FRAGMENT	24151	24152	1	01ba4719c80b6fe911b091a7c05124b64eeece964e09c058ef8f9805daca546b	Cg==
490	BLOCK_CLOSE	24152	24153	0	d10b36aa74a59bcf4a88185837f658afaf3646eff2bb16c3928d0e9335e945d2	fQ==
491	PREPROCESSOR	24153	24161	0	626de321eb397f6600939892a0009f31bc378f7e886f9acc5ec0af18db6a99a7	CiNlbmRpZgo=
492	PREPROCESSOR	24161	24215	0	9b873ca6723d06a64277b02eb5466cc926bd5a8df3b527919a9504a5ed5d533a	CiNpZm5kZWYgTk9fZ2RrXzFjb250ZW50XzFzZXJpYWxpemVyXzFyZXR1cm5fMXN1Y2Nlc3MK
493	FUNCTION_OPEN	24215	24334	0	5f9355b143cabf84712b55a9bea3805e478f3197efc2cb5e6b9fa5d28616c7dc	Sk5JRVhQT1JUIHZvaWQgSk5JQ0FMTCBHVEs0X05BVElWRShnZGtfMWNvbnRlbnRfMXNlcmlhbGl6ZXJfMXJldHVybl8xc3VjY2VzcykKCShKTklFbnYgKmVudiwgamNsYXNzIHRoYXQsIGpsb25nIGFyZzApCns=
494	STATEMENT	24334	24413	1	a094c4d742826e430641d6d5411ece0479002e30fb1fd8c7a678a2ba73292724	CglHVEs0X05BVElWRV9FTlRFUihlbnYsIHRoYXQsIGdka18xY29udGVudF8xc2VyaWFsaXplcl8xcmV0dXJuXzFzdWNjZXNzX0ZVTkMpOw==
495	STATEMENT	24413	24482	1	47741981dcd8fabfcfd2446b57168edb74c01484f5f9a9ee7971d99eaf41ed81	CglnZGtfY29udGVudF9zZXJpYWxpemVyX3JldHVybl9zdWNjZXNzKChHZGtDb250ZW50U2VyaWFsaXplciopYXJnMCk7
496	STATEMENT	24482	24560	1	c9d38bd593b1598f8084164d76522c362cb104a42e93f3acb831c5909edeb1fa	CglHVEs0X05BVElWRV9FWElUKGVudiwgdGhhdCwgZ2RrXzFjb250ZW50XzFzZXJpYWxpemVyXzFyZXR1cm5fMXN1Y2Nlc3NfRlVOQyk7
497	FRAGMENT	24560	24561	1	01ba4719c80b6fe911b091a7c05124b64eeece964e09c058ef8f9805daca546b	Cg==
498	BLOCK_CLOSE	24561	24562	0	d10b36aa74a59bcf4a88185837f658afaf3646eff2bb16c3928d0e9335e945d2	fQ==
499	PREPROCESSOR	24562	24570	0	626de321eb397f6600939892a0009f31bc378f7e886f9acc5ec0af18db6a99a7	CiNlbmRpZgo=
500	PREPROCESSOR	24570	24624	0	99821626edcc5c7613878c988a3fa0f3f0c9e357cfea93c629d71a731cfe8f7b	CiNpZm5kZWYgTk9fZ2RrXzFjb250ZW50XzFzZXJpYWxpemVyXzFzZXRfMXRhc2tfMWRhdGEK
501	FUNCTION_OPEN	24624	24767	0	df2876eba229f142a90edc05c826f47cca6abbe7175745267132187899fa9112	Sk5JRVhQT1JUIHZvaWQgSk5JQ0FMTCBHVEs0X05BVElWRShnZGtfMWNvbnRlbnRfMXNlcmlhbGl6ZXJfMXNldF8xdGFza18xZGF0YSkKCShKTklFbnYgKmVudiwgamNsYXNzIHRoYXQsIGpsb25nIGFyZzAsIGpsb25nIGFyZzEsIGpsb25nIGFyZzIpCns=
502	STATEMENT	24767	24846	1	d5e8cca2e2e6df1b48f976f1679db228171bb62fc0646df80d92b461ec10a446	CglHVEs0X05BVElWRV9FTlRFUihlbnYsIHRoYXQsIGdka18xY29udGVudF8xc2VyaWFsaXplcl8xc2V0XzF0YXNrXzFkYXRhX0ZVTkMpOw==
503	STATEMENT	24846	24952	1	e58eabc50e3bdb50f6c1d6a595d49be7e1af8da7cea27a52075d3b2eba0cf2aa	CglnZGtfY29udGVudF9zZXJpYWxpemVyX3NldF90YXNrX2RhdGEoKEdka0NvbnRlbnRTZXJpYWxpemVyKilhcmcwLCAoZ3BvaW50ZXIpYXJnMSwgKEdEZXN0cm95Tm90aWZ5KWFyZzIpOw==
504	STATEMENT	24952	25030	1	0d4b4be17e98d54670801201a0a30a7aa09c5d3f645b253ed0de541a415abe4f	CglHVEs0X05BVElWRV9FWElUKGVudiwgdGhhdCwgZ2RrXzFjb250ZW50XzFzZXJpYWxpemVyXzFzZXRfMXRhc2tfMWRhdGFfRlVOQyk7
505	FRAGMENT	25030	25031	1	01ba4719c80b6fe911b091a7c05124b64eeece964e09c058ef8f9805daca546b	Cg==
506	BLOCK_CLOSE	25031	25032	0	d10b36aa74a59bcf4a88185837f658afaf3646eff2bb16c3928d0e9335e945d2	fQ==
507	PREPROCESSOR	25032	25040	0	626de321eb397f6600939892a0009f31bc378f7e886f9acc5ec0af18db6a99a7	CiNlbmRpZgo=
508	PREPROCESSOR	25040	25070	0	88f9ee8fbcddd218e3c068d3f003b5a4402c4540dd058900e077a235aa608adf	CiNpZm5kZWYgTk9fZ2RrXzFkcm9wXzFmaW5pc2gK
509	FUNCTION_OPEN	25070	25176	0	1c573560b34d41f2f5979eec0ed2aea00785c9908bc9a977759880a14ce71753	Sk5JRVhQT1JUIHZvaWQgSk5JQ0FMTCBHVEs0X05BVElWRShnZGtfMWRyb3BfMWZpbmlzaCkKCShKTklFbnYgKmVudiwgamNsYXNzIHRoYXQsIGpsb25nIGFyZzAsIGppbnQgYXJnMSkKew==
510	STATEMENT	25176	25231	1	43cf8059f62b4ea0ec1ba16fd6443a8d4a98bbf34d889dd1e67b182ee43efa58	CglHVEs0X05BVElWRV9FTlRFUihlbnYsIHRoYXQsIGdka18xZHJvcF8xZmluaXNoX0ZVTkMpOw==
511	STATEMENT	25231	25287	1	ed52ccff2f080bf16551202a9cc81fe583d103b5c543b6c4672e53b3dc3efbaf	CglnZGtfZHJvcF9maW5pc2goKEdka0Ryb3AgKilhcmcwLCAoR2RrRHJhZ0FjdGlvbilhcmcxKTs=
512	STATEMENT	25287	25341	1	6293b66e77cce23db92099288f0dcfb9fb78f95a5ccafc9d158ce4f235cbe511	CglHVEs0X05BVElWRV9FWElUKGVudiwgdGhhdCwgZ2RrXzFkcm9wXzFmaW5pc2hfRlVOQyk7
513	FRAGMENT	25341	25342	1	01ba4719c80b6fe911b091a7c05124b64eeece964e09c058ef8f9805daca546b	Cg==
514	BLOCK_CLOSE	25342	25343	0	d10b36aa74a59bcf4a88185837f658afaf3646eff2bb16c3928d0e9335e945d2	fQ==
515	PREPROCESSOR	25343	25351	0	626de321eb397f6600939892a0009f31bc378f7e886f9acc5ec0af18db6a99a7	CiNlbmRpZgo=
516	PREPROCESSOR	25351	25387	0	e4f9588dfb61d3c409fc1f4d7faa18ed793dd51a3527bc86cee598866da14803	CiNpZm5kZWYgTk9fZ2RrXzFkcm9wXzFnZXRfMWFjdGlvbnMK
517	FUNCTION_OPEN	25387	25488	0	ecb9900fa55b2adb3a7f7de92ec9df94c697c0f58db308468d5f8160cb1ae731	Sk5JRVhQT1JUIGppbnQgSk5JQ0FMTCBHVEs0X05BVElWRShnZGtfMWRyb3BfMWdldF8xYWN0aW9ucykKCShKTklFbnYgKmVudiwgamNsYXNzIHRoYXQsIGpsb25nIGFyZzApCns=
518	STATEMENT	25488	25502	1	ab2eac128ef6225b35f40b35e2bd8fba39be8b3b6b281960b3c51646eba99890	CglqaW50IHJjID0gMDs=
519	STATEMENT	25502	25563	1	00edcb25c118a5aad0eeef8df1d258d4639f44903178fe60f47dbaeebdcd5127	CglHVEs0X05BVElWRV9FTlRFUihlbnYsIHRoYXQsIGdka18xZHJvcF8xZ2V0XzFhY3Rpb25zX0ZVTkMpOw==
520	STATEMENT	25563	25614	1	c8da73fc7ab51921877b36d13779535e7d30b727044ef94686cc6d6920a33af8	CglyYyA9IChqaW50KWdka19kcm9wX2dldF9hY3Rpb25zKChHZGtEcm9wICopYXJnMCk7
521	STATEMENT	25614	25674	1	b159cca0207c35a504bb97194f23c78c6a9d5bc7373dfa51780d4344b3542fa8	CglHVEs0X05BVElWRV9FWElUKGVudiwgdGhhdCwgZ2RrXzFkcm9wXzFnZXRfMWFjdGlvbnNfRlVOQyk7
522	STATEMENT	25674	25686	1	a028c9c9501df4846ec72c7b4432d4a3cb499b36b781bb1c38853498151d0ba7	CglyZXR1cm4gcmM7
523	FRAGMENT	25686	25687	1	01ba4719c80b6fe911b091a7c05124b64eeece964e09c058ef8f9805daca546b	Cg==
524	BLOCK_CLOSE	25687	25688	0	d10b36aa74a59bcf4a88185837f658afaf3646eff2bb16c3928d0e9335e945d2	fQ==
525	PREPROCESSOR	25688	25696	0	626de321eb397f6600939892a0009f31bc378f7e886f9acc5ec0af18db6a99a7	CiNlbmRpZgo=
526	PREPROCESSOR	25696	25732	0	73a1c1074e6d45a08c7bee2e21ce0572622c38ca892a416f00fe8bda52798d40	CiNpZm5kZWYgTk9fZ2RrXzFkcm9wXzFnZXRfMWZvcm1hdHMK
527	FUNCTION_OPEN	25732	25834	0	2d00142dd586eef6319778e4cc01ca0cdd7ce81432bf4c5c1e270a4e718ac7e5	Sk5JRVhQT1JUIGpsb25nIEpOSUNBTEwgR1RLNF9OQVRJVkUoZ2RrXzFkcm9wXzFnZXRfMWZvcm1hdHMpCgkoSk5JRW52ICplbnYsIGpjbGFzcyB0aGF0LCBqbG9uZyBhcmcwKQp7
528	STATEMENT	25834	25849	1	3411ceb5951bc52321d8d6cf00df310a159211846b0264e08db2a18b94173633	CglqbG9uZyByYyA9IDA7
529	STATEMENT	25849	25910	1	4c03d382f0fa483a69fdb0c523d23f1f3558af864ca95a263ac9d6d02f7ecb96	CglHVEs0X05BVElWRV9FTlRFUihlbnYsIHRoYXQsIGdka18xZHJvcF8xZ2V0XzFmb3JtYXRzX0ZVTkMpOw==
530	STATEMENT	25910	25962	1	b6aa6a2ae2624de484ce7265aadd170a15c7a95ff169fb2b89855448cbe02ad5	CglyYyA9IChqbG9uZylnZGtfZHJvcF9nZXRfZm9ybWF0cygoR2RrRHJvcCAqKWFyZzApOw==
531	STATEMENT	25962	26022	1	aecf4bef21abcf9ec0dff5018b27080013549da0db1c45e46ecbd46de8d1a6ce	CglHVEs0X05BVElWRV9FWElUKGVudiwgdGhhdCwgZ2RrXzFkcm9wXzFnZXRfMWZvcm1hdHNfRlVOQyk7
532	STATEMENT	26022	26034	1	a028c9c9501df4846ec72c7b4432d4a3cb499b36b781bb1c38853498151d0ba7	CglyZXR1cm4gcmM7
533	FRAGMENT	26034	26035	1	01ba4719c80b6fe911b091a7c05124b64eeece964e09c058ef8f9805daca546b	Cg==
534	BLOCK_CLOSE	26035	26036	0	d10b36aa74a59bcf4a88185837f658afaf3646eff2bb16c3928d0e9335e945d2	fQ==
535	PREPROCESSOR	26036	26044	0	626de321eb397f6600939892a0009f31bc378f7e886f9acc5ec0af18db6a99a7	CiNlbmRpZgo=
536	PREPROCESSOR	26044	26086	0	487510f25e0603d48828ce0929e8accd280b9b8de8375d9d0674443b354a9461	CiNpZm5kZWYgTk9fZ2RrXzFkcm9wXzFyZWFkXzF2YWx1ZV8xYXN5bmMK
537	FUNCTION_OPEN	26086	26252	0	b415b2a31346eda8baa451d5d7edd6c67dc872540781eaba0209a0ee4496695d	Sk5JRVhQT1JUIHZvaWQgSk5JQ0FMTCBHVEs0X05BVElWRShnZGtfMWRyb3BfMXJlYWRfMXZhbHVlXzFhc3luYykKCShKTklFbnYgKmVudiwgamNsYXNzIHRoYXQsIGpsb25nIGFyZzAsIGpsb25nIGFyZzEsIGppbnQgYXJnMiwgamxvbmcgYXJnMywgamxvbmcgYXJnNCwgamxvbmcgYXJnNSkKew==
538	STATEMENT	26252	26319	1	cfac475976d004972617ad430c3f4ec5712381d71b332551a5c9573e137398ec	CglHVEs0X05BVElWRV9FTlRFUihlbnYsIHRoYXQsIGdka18xZHJvcF8xcmVhZF8xdmFsdWVfMWFzeW5jX0ZVTkMpOw==
539	STATEMENT	26319	26448	1	53d141b80c76701364a4f99b721ae7f640c7c306dac5e73232bd12c53b5635da	CglnZGtfZHJvcF9yZWFkX3ZhbHVlX2FzeW5jKChHZGtEcm9wICopYXJnMCwgKEdUeXBlKWFyZzEsIGFyZzIsIChHQ2FuY2VsbGFibGUgKilhcmczLCAoR0FzeW5jUmVhZHlDYWxsYmFjaylhcmc0LCAoZ3BvaW50ZXIpYXJnNSk7
540	STATEMENT	26448	26514	1	d77738a73a4f78ab00d07883939eabd8f0196896e4b702ae1806eae6e9a9476f	CglHVEs0X05BVElWRV9FWElUKGVudiwgdGhhdCwgZ2RrXzFkcm9wXzFyZWFkXzF2YWx1ZV8xYXN5bmNfRlVOQyk7
541	FRAGMENT	26514	26515	1	01ba4719c80b6fe911b091a7c05124b64eeece964e09c058ef8f9805daca546b	Cg==
542	BLOCK_CLOSE	26515	26516	0	d10b36aa74a59bcf4a88185837f658afaf3646eff2bb16c3928d0e9335e945d2	fQ==
543	PREPROCESSOR	26516	26524	0	626de321eb397f6600939892a0009f31bc378f7e886f9acc5ec0af18db6a99a7	CiNlbmRpZgo=
544	PREPROCESSOR	26524	26567	0	846e8fd3fb66cb944dcc4254bd293bbd0ef63f889704a404c6024209781d63c2	CiNpZm5kZWYgTk9fZ2RrXzFkcm9wXzFyZWFkXzF2YWx1ZV8xZmluaXNoCg==
545	FUNCTION_OPEN	26567	26705	0	8872e5fd5f2e17718f40919810ebc9e159f8af18612a2364eb05764a38ba3400	Sk5JRVhQT1JUIGpsb25nIEpOSUNBTEwgR1RLNF9OQVRJVkUoZ2RrXzFkcm9wXzFyZWFkXzF2YWx1ZV8xZmluaXNoKQoJKEpOSUVudiAqZW52LCBqY2xhc3MgdGhhdCwgamxvbmcgYXJnMCwgamxvbmcgYXJnMSwgamxvbmdBcnJheSBhcmcyKQp7
546	STATEMENT	26705	26726	1	14ee868f685db71861cfd3ee29bba2286fbcac344f0a669a0de0781f9f97193e	CglqbG9uZyAqbHBhcmcyPU5VTEw7
547	STATEMENT	26726	26741	1	3411ceb5951bc52321d8d6cf00df310a159211846b0264e08db2a18b94173633	CglqbG9uZyByYyA9IDA7
548	STATEMENT	26741	26809	1	f452a0eccdd2835523db1922d115463d50d942090c8e8245dd17e19cc7caf668	CglHVEs0X05BVElWRV9FTlRFUihlbnYsIHRoYXQsIGdka18xZHJvcF8xcmVhZF8xdmFsdWVfMWZpbmlzaF9GVU5DKTs=
549	STATEMENT	26809	26901	1	b4f19d7a33b1d23f95212e25ea2f0a1971b2a069931368f0f7c3234ad1d7bc03	CglpZiAoYXJnMikgaWYgKChscGFyZzIgPSAoKmVudiktPkdldExvbmdBcnJheUVsZW1lbnRzKGVudiwgYXJnMiwgTlVMTCkpID09IE5VTEwpIGdvdG8gZmFpbDs=
550	STATEMENT	26901	27000	1	ae155957d1b94b3789c9d6e5862622b8d5f57184bc6b7a175532a4bcb9e5d2ad	CglyYyA9IChqbG9uZylnZGtfZHJvcF9yZWFkX3ZhbHVlX2ZpbmlzaCgoR2RrRHJvcCAqKWFyZzAsIChHQXN5bmNSZXN1bHQgKilhcmcxLCAoR0Vycm9yICoqKWxwYXJnMik7
551	STATEMENT	27000	27083	1	7fbb799efbaced44951814914d554fd234f83e74e38da010ee1ef435ab5b6323	CmZhaWw6CglpZiAoYXJnMiAmJiBscGFyZzIpICgqZW52KS0+UmVsZWFzZUxvbmdBcnJheUVsZW1lbnRzKGVudiwgYXJnMiwgbHBhcmcyLCAwKTs=
552	STATEMENT	27083	27150	1	de4ee241abb2e49be87ece7306b110d75badbb2ca370e376fab59f7fb65bcded	CglHVEs0X05BVElWRV9FWElUKGVudiwgdGhhdCwgZ2RrXzFkcm9wXzFyZWFkXzF2YWx1ZV8xZmluaXNoX0ZVTkMpOw==
553	STATEMENT	27150	27162	1	a028c9c9501df4846ec72c7b4432d4a3cb499b36b781bb1c38853498151d0ba7	CglyZXR1cm4gcmM7
554	FRAGMENT	27162	27163	1	01ba4719c80b6fe911b091a7c05124b64eeece964e09c058ef8f9805daca546b	Cg==
555	BLOCK_CLOSE	27163	27164	0	d10b36aa74a59bcf4a88185837f658afaf3646eff2bb16c3928d0e9335e945d2	fQ==
556	PREPROCESSOR	27164	27172	0	626de321eb397f6600939892a0009f31bc378f7e886f9acc5ec0af18db6a99a7	CiNlbmRpZgo=
557	PREPROCESSOR	27172	27209	0	303ef9106b6b0daf540032650e874d5c0ca35d6c66446418f18fb83156a0bdc4	CiNpZm5kZWYgTk9fZ2RrXzFwYWludGFibGVfMXNuYXBzaG90Cg==
558	FUNCTION_OPEN	27209	27345	0	a6db8b47f4068d733956b7146d46c73be529b8393cdb60b1721bfd2d1dec1af1	Sk5JRVhQT1JUIHZvaWQgSk5JQ0FMTCBHVEs0X05BVElWRShnZGtfMXBhaW50YWJsZV8xc25hcHNob3QpCgkoSk5JRW52ICplbnYsIGpjbGFzcyB0aGF0LCBqbG9uZyBhcmcwLCBqbG9uZyBhcmcxLCBqaW50IGFyZzIsIGppbnQgYXJnMykKew==
559	STATEMENT	27345	27407	1	1399e5a3846d70030afd5ecc0999cf00b61c008c86e45ca3b0789e3037376010	CglHVEs0X05BVElWRV9FTlRFUihlbnYsIHRoYXQsIGdka18xcGFpbnRhYmxlXzFzbmFwc2hvdF9GVU5DKTs=
560	STATEMENT	27407	27503	1	b2b5ba214caa23c1e36c357417bd8418d648789ced1f339792d5abe21a0cbba4	CglnZGtfcGFpbnRhYmxlX3NuYXBzaG90KChHZGtQYWludGFibGUgKilhcmcwLCAoR2RrU25hcHNob3QgKilhcmcxLCAoZG91YmxlKWFyZzIsIChkb3VibGUpYXJnMyk7
561	STATEMENT	27503	27564	1	0169c3e325a89fa47b68da480b9cef178d27ce75514370c9a7dd533c9cd6f797	CglHVEs0X05BVElWRV9FWElUKGVudiwgdGhhdCwgZ2RrXzFwYWludGFibGVfMXNuYXBzaG90X0ZVTkMpOw==
562	FRAGMENT	27564	27565	1	01ba4719c80b6fe911b091a7c05124b64eeece964e09c058ef8f9805daca546b	Cg==
563	BLOCK_CLOSE	27565	27566	0	d10b36aa74a59bcf4a88185837f658afaf3646eff2bb16c3928d0e9335e945d2	fQ==
564	PREPROCESSOR	27566	27574	0	626de321eb397f6600939892a0009f31bc378f7e886f9acc5ec0af18db6a99a7	CiNlbmRpZgo=
565	PREPROCESSOR	27574	27607	0	ad6797a6949b5e0372f0fdb37722b1e0bba12060178838cb267140b45757191a	CiNpZm5kZWYgTk9fZ2RrXzF0b3BsZXZlbF8xZm9jdXMK
566	FUNCTION_OPEN	27607	27716	0	6c4ac8be35139715c04d9a2c937785b451361b9077bfd16ded12e96b872a5823	Sk5JRVhQT1JUIHZvaWQgSk5JQ0FMTCBHVEs0X05BVElWRShnZGtfMXRvcGxldmVsXzFmb2N1cykKCShKTklFbnYgKmVudiwgamNsYXNzIHRoYXQsIGpsb25nIGFyZzAsIGppbnQgYXJnMSkKew==
567	STATEMENT	27716	27774	1	fd42884bfbbadaccee51384b5640678426c4df32bbd9de48f61468968c776cde	CglHVEs0X05BVElWRV9FTlRFUihlbnYsIHRoYXQsIGdka18xdG9wbGV2ZWxfMWZvY3VzX0ZVTkMpOw==
568	STATEMENT	27774	27822	1	ab24bd803d95af2ebc58bbd1cac8ca844b52a855a7b22c008440ca9d4c38001f	CglnZGtfdG9wbGV2ZWxfZm9jdXMoKEdka1RvcGxldmVsICopYXJnMCwgYXJnMSk7
569	STATEMENT	27822	27879	1	30097ca4c2a135f716ca5eba1404bd6b6616a7ebc702d2b44e1308424058aeae	CglHVEs0X05BVElWRV9FWElUKGVudiwgdGhhdCwgZ2RrXzF0b3BsZXZlbF8xZm9jdXNfRlVOQyk7
570	FRAGMENT	27879	27880	1	01ba4719c80b6fe911b091a7c05124b64eeece964e09c058ef8f9805daca546b	Cg==
571	BLOCK_CLOSE	27880	27881	0	d10b36aa74a59bcf4a88185837f658afaf3646eff2bb16c3928d0e9335e945d2	fQ==
572	PREPROCESSOR	27881	27889	0	626de321eb397f6600939892a0009f31bc378f7e886f9acc5ec0af18db6a99a7	CiNlbmRpZgo=
573	PREPROCESSOR	27889	27927	0	c1271a0d517b355cffe45e96b819020a1a5980c42dd84d78b3cc27a846259b26	CiNpZm5kZWYgTk9fZ2RrXzF0b3BsZXZlbF8xZ2V0XzFzdGF0ZQo=
574	FUNCTION_OPEN	27927	28030	0	9652eba657708b0a89a8c6091e512452e857e6c53b428dfb215254bcb7d62138	Sk5JRVhQT1JUIGppbnQgSk5JQ0FMTCBHVEs0X05BVElWRShnZGtfMXRvcGxldmVsXzFnZXRfMXN0YXRlKQoJKEpOSUVudiAqZW52LCBqY2xhc3MgdGhhdCwgamxvbmcgYXJnMCkKew==
575	STATEMENT	28030	28044	1	ab2eac128ef6225b35f40b35e2bd8fba39be8b3b6b281960b3c51646eba99890	CglqaW50IHJjID0gMDs=
576	STATEMENT	28044	28107	1	838e9ccbd53d16384d16b304a92ee35c9e3d215daec6a3eb97810a9cc08a6526	CglHVEs0X05BVElWRV9FTlRFUihlbnYsIHRoYXQsIGdka18xdG9wbGV2ZWxfMWdldF8xc3RhdGVfRlVOQyk7
577	STATEMENT	28107	28164	1	a16d4a92b39e261753e212fbcd6bc2aad547153e3f9261d8a2f08ceb21516b64	CglyYyA9IChqaW50KWdka190b3BsZXZlbF9nZXRfc3RhdGUoKEdka1RvcGxldmVsICopYXJnMCk7
578	STATEMENT	28164	28226	1	10bdd548ce710abb71579b50c8c3133e42ca164b31c27b76ef4d4e25e3a14e2e	CglHVEs0X05BVElWRV9FWElUKGVudiwgdGhhdCwgZ2RrXzF0b3BsZXZlbF8xZ2V0XzFzdGF0ZV9GVU5DKTs=
579	STATEMENT	28226	28238	1	a028c9c9501df4846ec72c7b4432d4a3cb499b36b781bb1c38853498151d0ba7	CglyZXR1cm4gcmM7
580	FRAGMENT	28238	28239	1	01ba4719c80b6fe911b091a7c05124b64eeece964e09c058ef8f9805daca546b	Cg==
581	BLOCK_CLOSE	28239	28240	0	d10b36aa74a59bcf4a88185837f658afaf3646eff2bb16c3928d0e9335e945d2	fQ==
582	PREPROCESSOR	28240	28248	0	626de321eb397f6600939892a0009f31bc378f7e886f9acc5ec0af18db6a99a7	CiNlbmRpZgo=
583	PREPROCESSOR	28248	28281	0	006df1932e48dec9bf68df62d4342adeec39e93e62368b9d2e6fc5a45e1120c2	CiNpZm5kZWYgTk9fZ2RrXzF0b3BsZXZlbF8xbG93ZXIK
584	FUNCTION_OPEN	28281	28383	0	b8b26e4a807a39a12d5664becc1344683a2210dcb6b5d4b8d045177143f99381	Sk5JRVhQT1JUIGpib29sZWFuIEpOSUNBTEwgR1RLNF9OQVRJVkUoZ2RrXzF0b3BsZXZlbF8xbG93ZXIpCgkoSk5JRW52ICplbnYsIGpjbGFzcyB0aGF0LCBqbG9uZyBhcmcwKQp7
585	STATEMENT	28383	28401	1	6e389c725127046540fa228f0aca981232172a088ed5b7d88f2be6db7346caa1	CglqYm9vbGVhbiByYyA9IDA7
586	STATEMENT	28401	28459	1	e0f6afe1852c41765aeea05e22168e11faf8304924254a3f23fbedfedd0a565d	CglHVEs0X05BVElWRV9FTlRFUihlbnYsIHRoYXQsIGdka18xdG9wbGV2ZWxfMWxvd2VyX0ZVTkMpOw==
587	STATEMENT	28459	28516	1	4603f060a84d65159ceca41b264d3d9659115aba9dee1a3a25c2d521aec11a2f	CglyYyA9IChqYm9vbGVhbilnZGtfdG9wbGV2ZWxfbG93ZXIoKEdka1RvcGxldmVsICopYXJnMCk7
588	STATEMENT	28516	28573	1	ad02e9c6d6f5628f3b9b485348f90b2d32cae8d2905b9747fa729c27c0ded303	CglHVEs0X05BVElWRV9FWElUKGVudiwgdGhhdCwgZ2RrXzF0b3BsZXZlbF8xbG93ZXJfRlVOQyk7
589	STATEMENT	28573	28585	1	a028c9c9501df4846ec72c7b4432d4a3cb499b36b781bb1c38853498151d0ba7	CglyZXR1cm4gcmM7
590	FRAGMENT	28585	28586	1	01ba4719c80b6fe911b091a7c05124b64eeece964e09c058ef8f9805daca546b	Cg==
591	BLOCK_CLOSE	28586	28587	0	d10b36aa74a59bcf4a88185837f658afaf3646eff2bb16c3928d0e9335e945d2	fQ==
592	PREPROCESSOR	28587	28595	0	626de321eb397f6600939892a0009f31bc378f7e886f9acc5ec0af18db6a99a7	CiNlbmRpZgo=
593	PREPROCESSOR	28595	28638	0	574adc203dc387dd1558d29f8a566938097e60b111dc7be567a2b8a29e0d98c7	CiNpZm5kZWYgTk9fZ2RrXzF0b3BsZXZlbF8xc2V0XzFpY29uXzFsaXN0Cg==
594	FUNCTION_OPEN	28638	28758	0	a463f2ffdcd4d4fbcc31ec322f74920234360c92e77a2d8b0300deb34880851f	Sk5JRVhQT1JUIHZvaWQgSk5JQ0FMTCBHVEs0X05BVElWRShnZGtfMXRvcGxldmVsXzFzZXRfMWljb25fMWxpc3QpCgkoSk5JRW52ICplbnYsIGpjbGFzcyB0aGF0LCBqbG9uZyBhcmcwLCBqbG9uZyBhcmcxKQp7
595	STATEMENT	28758	28826	1	86598d832c99caaa1b9dc8bc63d83c5e649cb27349f110933f993275ece3c96b	CglHVEs0X05BVElWRV9FTlRFUihlbnYsIHRoYXQsIGdka18xdG9wbGV2ZWxfMXNldF8xaWNvbl8xbGlzdF9GVU5DKTs=
596	STATEMENT	28826	28891	1	18253cad86c6d59bd3ccef49e79a1162c23b2dabde2a05c4c922f0d63e3909bc	CglnZGtfdG9wbGV2ZWxfc2V0X2ljb25fbGlzdCgoR2RrVG9wbGV2ZWwgKilhcmcwLCAoR0xpc3QgKilhcmcxKTs=
597	STATEMENT	28891	28958	1	c290783a2e184d52bd0d9683f6e698a06a357520d31ab148d372c9106d0c394e	CglHVEs0X05BVElWRV9FWElUKGVudiwgdGhhdCwgZ2RrXzF0b3BsZXZlbF8xc2V0XzFpY29uXzFsaXN0X0ZVTkMpOw==
598	FRAGMENT	28958	28959	1	01ba4719c80b6fe911b091a7c05124b64eeece964e09c058ef8f9805daca546b	Cg==
599	BLOCK_CLOSE	28959	28960	0	d10b36aa74a59bcf4a88185837f658afaf3646eff2bb16c3928d0e9335e945d2	fQ==
600	PREPROCESSOR	28960	28968	0	626de321eb397f6600939892a0009f31bc378f7e886f9acc5ec0af18db6a99a7	CiNlbmRpZgo=
601	PREPROCESSOR	28968	29013	0	5f1bdea527394655703c9bc5112784b0c34594d1e0f73bd282d31e22dd0b9d26	CiNpZm5kZWYgTk9fZ2RrXzF0b3BsZXZlbF8xc2l6ZV8xZ2V0XzFib3VuZHMK
602	FUNCTION_OPEN	29013	29155	0	537e28915bdc9667b4f8df5759b7c64cbe261413333d37f04abb8ae975d66b6b	Sk5JRVhQT1JUIHZvaWQgSk5JQ0FMTCBHVEs0X05BVElWRShnZGtfMXRvcGxldmVsXzFzaXplXzFnZXRfMWJvdW5kcykKCShKTklFbnYgKmVudiwgamNsYXNzIHRoYXQsIGpsb25nIGFyZzAsIGppbnRBcnJheSBhcmcxLCBqaW50QXJyYXkgYXJnMikKew==
603	STATEMENT	29155	29175	1	490e641fda0849eab828d471df09f1ecd4438e25740081b8153585d71e8a1d7c	CglqaW50ICpscGFyZzE9TlVMTDs=
604	STATEMENT	29175	29195	1	6778f342eb5ab632481500374a71f394d94a272d1e7b47275cb4d780109a0ee9	CglqaW50ICpscGFyZzI9TlVMTDs=
605	STATEMENT	29195	29265	1	74d12d95d75c240524d19cbd49bc1c9184178af74798720dfe8a956e90b77e04	CglHVEs0X05BVElWRV9FTlRFUihlbnYsIHRoYXQsIGdka18xdG9wbGV2ZWxfMXNpemVfMWdldF8xYm91bmRzX0ZVTkMpOw==
606	STATEMENT	29265	29356	1	56230e6f477fcbae216bfff8a88397d12cae0d8e10a6faee697ea4f2814ae573	CglpZiAoYXJnMSkgaWYgKChscGFyZzEgPSAoKmVudiktPkdldEludEFycmF5RWxlbWVudHMoZW52LCBhcmcxLCBOVUxMKSkgPT0gTlVMTCkgZ290byBmYWlsOw==
607	STATEMENT	29356	29447	1	ca6aabd59f1383d487b020921ad77bd304b1a72e14905b7e1fbd1d51e7e45db1	CglpZiAoYXJnMikgaWYgKChscGFyZzIgPSAoKmVudiktPkdldEludEFycmF5RWxlbWVudHMoZW52LCBhcmcyLCBOVUxMKSkgPT0gTlVMTCkgZ290byBmYWlsOw==
608	STATEMENT	29447	29532	1	f2d35b79cf7ef4a7995078416ca9964370929d47f326024d8e97baa2ccfaa6f1	CglnZGtfdG9wbGV2ZWxfc2l6ZV9nZXRfYm91bmRzKChHZGtUb3BsZXZlbFNpemUqKWFyZzAsIChpbnQgKilscGFyZzEsIChpbnQgKilscGFyZzIpOw==
609	STATEMENT	29532	29614	1	937b097e6910de483c3cbd1c30f882030c6c01ae1a410e62fb9a20783683ba76	CmZhaWw6CglpZiAoYXJnMiAmJiBscGFyZzIpICgqZW52KS0+UmVsZWFzZUludEFycmF5RWxlbWVudHMoZW52LCBhcmcyLCBscGFyZzIsIDApOw==
610	STATEMENT	29614	29690	1	b55b4c6cd9959755821cc7b3c6e6583c0bcb71e003feabecd02b3bceb08bde8a	CglpZiAoYXJnMSAmJiBscGFyZzEpICgqZW52KS0+UmVsZWFzZUludEFycmF5RWxlbWVudHMoZW52LCBhcmcxLCBscGFyZzEsIDApOw==
611	STATEMENT	29690	29759	1	792372462c79e2a53755e510ccc7ed67d38f08d1a34129d57bd880dea847c962	CglHVEs0X05BVElWRV9FWElUKGVudiwgdGhhdCwgZ2RrXzF0b3BsZXZlbF8xc2l6ZV8xZ2V0XzFib3VuZHNfRlVOQyk7
612	FRAGMENT	29759	29760	1	01ba4719c80b6fe911b091a7c05124b64eeece964e09c058ef8f9805daca546b	Cg==
613	BLOCK_CLOSE	29760	29761	0	d10b36aa74a59bcf4a88185837f658afaf3646eff2bb16c3928d0e9335e945d2	fQ==
614	PREPROCESSOR	29761	29769	0	626de321eb397f6600939892a0009f31bc378f7e886f9acc5ec0af18db6a99a7	CiNlbmRpZgo=
615	PREPROCESSOR	29769	29817	0	dfd7349c11c71974f326fb10d82812c00e9755937c6eb0658d96f395f8952d69	CiNpZm5kZWYgTk9fZ2RrXzF0b3BsZXZlbF8xc2l6ZV8xc2V0XzFtaW5fMXNpemUK
616	FUNCTION_OPEN	29817	29952	0	a1c0b061f79e070c75307ef12b676e3ef1e99bdd6a0f5ea3899afaf03cec7443	Sk5JRVhQT1JUIHZvaWQgSk5JQ0FMTCBHVEs0X05BVElWRShnZGtfMXRvcGxldmVsXzFzaXplXzFzZXRfMW1pbl8xc2l6ZSkKCShKTklFbnYgKmVudiwgamNsYXNzIHRoYXQsIGpsb25nIGFyZzAsIGppbnQgYXJnMSwgamludCBhcmcyKQp7
617	STATEMENT	29952	30025	1	30ceeb95ca8243ad1b4c3a6dcf5354d3d853ab0a692f290b3bfa25f01bd745c6	CglHVEs0X05BVElWRV9FTlRFUihlbnYsIHRoYXQsIGdka18xdG9wbGV2ZWxfMXNpemVfMXNldF8xbWluXzFzaXplX0ZVTkMpOw==
618	STATEMENT	30025	30104	1	2b281469ceff60bc8c7b2e26e6bf684801f2557d6c783e45b053139a0f5d367e	CglnZGtfdG9wbGV2ZWxfc2l6ZV9zZXRfbWluX3NpemUoKEdka1RvcGxldmVsU2l6ZSopYXJnMCwgKGludClhcmcxLCAoaW50KWFyZzIpOw==
619	STATEMENT	30104	30176	1	416a1232145f548822f85bb293990685a2ed4a3ef1b0cdc439ca643f3b47d69c	CglHVEs0X05BVElWRV9FWElUKGVudiwgdGhhdCwgZ2RrXzF0b3BsZXZlbF8xc2l6ZV8xc2V0XzFtaW5fMXNpemVfRlVOQyk7
620	FRAGMENT	30176	30177	1	01ba4719c80b6fe911b091a7c05124b64eeece964e09c058ef8f9805daca546b	Cg==
621	BLOCK_CLOSE	30177	30178	0	d10b36aa74a59bcf4a88185837f658afaf3646eff2bb16c3928d0e9335e945d2	fQ==
622	PREPROCESSOR	30178	30186	0	626de321eb397f6600939892a0009f31bc378f7e886f9acc5ec0af18db6a99a7	CiNlbmRpZgo=
623	PREPROCESSOR	30186	30229	0	c4919cd87e9285ffbae982baec6e99bd45349f804c2b353811dd2d144653f630	CiNpZm5kZWYgTk9fZ2RrXzF0b3BsZXZlbF8xc2l6ZV8xc2V0XzFzaXplCg==
624	FUNCTION_OPEN	30229	30359	0	127e839e5231eb77684338ca8d75f600caf080ca2b66b32b3f44c105f4c778ff	Sk5JRVhQT1JUIHZvaWQgSk5JQ0FMTCBHVEs0X05BVElWRShnZGtfMXRvcGxldmVsXzFzaXplXzFzZXRfMXNpemUpCgkoSk5JRW52ICplbnYsIGpjbGFzcyB0aGF0LCBqbG9uZyBhcmcwLCBqaW50IGFyZzEsIGppbnQgYXJnMikKew==
625	STATEMENT	30359	30427	1	3a60ea590a365dfb12b0152b373211dec5bd37402b7caab8f4d1a05d57b2bed7	CglHVEs0X05BVElWRV9FTlRFUihlbnYsIHRoYXQsIGdka18xdG9wbGV2ZWxfMXNpemVfMXNldF8xc2l6ZV9GVU5DKTs=
626	STATEMENT	30427	30502	1	2ec9da5fb72aaecfca8c402b490831dac2a9bbe9c04f294c1171bc4dcfe21a74	CglnZGtfdG9wbGV2ZWxfc2l6ZV9zZXRfc2l6ZSgoR2RrVG9wbGV2ZWxTaXplKilhcmcwLCAoaW50KWFyZzEsIChpbnQpYXJnMik7
627	STATEMENT	30502	30569	1	78d8f165b4408c5f7d750b5c0c41999e5e5bca5c89f4364c3185ad8dc65023ba	CglHVEs0X05BVElWRV9FWElUKGVudiwgdGhhdCwgZ2RrXzF0b3BsZXZlbF8xc2l6ZV8xc2V0XzFzaXplX0ZVTkMpOw==
628	FRAGMENT	30569	30570	1	01ba4719c80b6fe911b091a7c05124b64eeece964e09c058ef8f9805daca546b	Cg==
629	BLOCK_CLOSE	30570	30571	0	d10b36aa74a59bcf4a88185837f658afaf3646eff2bb16c3928d0e9335e945d2	fQ==
630	PREPROCESSOR	30571	30579	0	626de321eb397f6600939892a0009f31bc378f7e886f9acc5ec0af18db6a99a7	CiNlbmRpZgo=
631	PREPROCESSOR	30579	30615	0	557970fc1fc2a4595c428598b41d822ce848876de41292c227a4e025518b4c14	CiNpZm5kZWYgTk9fZ3NrXzFyZW5kZXJfMW5vZGVfMWRyYXcK
632	FUNCTION_OPEN	30615	30728	0	e858bed609600bb31394506f4f0d698abd8ddb8b1cd5f58a2375d9a58df9c32e	Sk5JRVhQT1JUIHZvaWQgSk5JQ0FMTCBHVEs0X05BVElWRShnc2tfMXJlbmRlcl8xbm9kZV8xZHJhdykKCShKTklFbnYgKmVudiwgamNsYXNzIHRoYXQsIGpsb25nIGFyZzAsIGpsb25nIGFyZzEpCns=
633	STATEMENT	30728	30789	1	bf056bfa695c153fd9377d57a94eeaef62adcd8943eb46e1ace3d63dd7471a4a	CglHVEs0X05BVElWRV9FTlRFUihlbnYsIHRoYXQsIGdza18xcmVuZGVyXzFub2RlXzFkcmF3X0ZVTkMpOw==
634	STATEMENT	30789	30852	1	28725ac1013e96fb07b14e4106666ad5116696c1f6c98619547d185b27906d96	Cglnc2tfcmVuZGVyX25vZGVfZHJhdygoR3NrUmVuZGVyTm9kZSAqKWFyZzAsIChjYWlyb190ICopYXJnMSk7
635	STATEMENT	30852	30912	1	e7be9197c539cae53929b158801675baf056c6f18487a825143f898dd7d0c2da	CglHVEs0X05BVElWRV9FWElUKGVudiwgdGhhdCwgZ3NrXzFyZW5kZXJfMW5vZGVfMWRyYXdfRlVOQyk7
636	FRAGMENT	30912	30913	1	01ba4719c80b6fe911b091a7c05124b64eeece964e09c058ef8f9805daca546b	Cg==
637	BLOCK_CLOSE	30913	30914	0	d10b36aa74a59bcf4a88185837f658afaf3646eff2bb16c3928d0e9335e945d2	fQ==
638	PREPROCESSOR	30914	30922	0	626de321eb397f6600939892a0009f31bc378f7e886f9acc5ec0af18db6a99a7	CiNlbmRpZgo=
639	PREPROCESSOR	30922	30959	0	496ed2abd06c35c301c794131499d755a419cb2286a824a8d8daa5abad8304ae	CiNpZm5kZWYgTk9fZ3NrXzFyZW5kZXJfMW5vZGVfMXVucmVmCg==
640	FUNCTION_OPEN	30959	31061	0	ae8808b327a75be74e076f0fb7e62676abab391063917c07b0dd24b7d49aba35	Sk5JRVhQT1JUIHZvaWQgSk5JQ0FMTCBHVEs0X05BVElWRShnc2tfMXJlbmRlcl8xbm9kZV8xdW5yZWYpCgkoSk5JRW52ICplbnYsIGpjbGFzcyB0aGF0LCBqbG9uZyBhcmcwKQp7
641	STATEMENT	31061	31123	1	a13a8919abcbf0daaef69067c6e944979c1e216f3cd3c2ac995a7593961bff08	CglHVEs0X05BVElWRV9FTlRFUihlbnYsIHRoYXQsIGdza18xcmVuZGVyXzFub2RlXzF1bnJlZl9GVU5DKTs=
642	STATEMENT	31123	31170	1	6f907cdba8fccfc4d1bb98284d8af3c0ee2573c89c562342b6e36480ac2ca45f	Cglnc2tfcmVuZGVyX25vZGVfdW5yZWYoKEdza1JlbmRlck5vZGUgKilhcmcwKTs=
643	STATEMENT	31170	31231	1	54dd06c386a5b2baac3289291ad597fc79c4d5dedd2c5a17b68fabc63380dae6	CglHVEs0X05BVElWRV9FWElUKGVudiwgdGhhdCwgZ3NrXzFyZW5kZXJfMW5vZGVfMXVucmVmX0ZVTkMpOw==
644	FRAGMENT	31231	31232	1	01ba4719c80b6fe911b091a7c05124b64eeece964e09c058ef8f9805daca546b	Cg==
645	BLOCK_CLOSE	31232	31233	0	d10b36aa74a59bcf4a88185837f658afaf3646eff2bb16c3928d0e9335e945d2	fQ==
646	PREPROCESSOR	31233	31241	0	626de321eb397f6600939892a0009f31bc378f7e886f9acc5ec0af18db6a99a7	CiNlbmRpZgo=
647	PREPROCESSOR	31241	31288	0	b497e12654cfbd37221798a0b37598f9baa066385f1690f688cd720823a8e1b0	CiNpZm5kZWYgTk9fZ3RrXzFhY3Rpb25hYmxlXzFzZXRfMWFjdGlvbl8xbmFtZQo=
648	FUNCTION_OPEN	31288	31417	0	a8d67b8eb6295a23bce5b44f2719279626830e729430dc78e726348738d2a6b8	Sk5JRVhQT1JUIHZvaWQgSk5JQ0FMTCBHVEs0X05BVElWRShndGtfMWFjdGlvbmFibGVfMXNldF8xYWN0aW9uXzFuYW1lKQoJKEpOSUVudiAqZW52LCBqY2xhc3MgdGhhdCwgamxvbmcgYXJnMCwgamJ5dGVBcnJheSBhcmcxKQp7
649	STATEMENT	31417	31438	1	ecbc1c66598161b54ed7d4df47ce4c17c895a8aaf496cadd930f0e7e6c9b06d3	CglqYnl0ZSAqbHBhcmcxPU5VTEw7
650	STATEMENT	31438	31510	1	fe11395ad6f3ebf0b0c8cf05c56d80e78a44c9f79eed765e042f8d87f0e347d4	CglHVEs0X05BVElWRV9FTlRFUihlbnYsIHRoYXQsIGd0a18xYWN0aW9uYWJsZV8xc2V0XzFhY3Rpb25fMW5hbWVfRlVOQyk7
651	STATEMENT	31510	31602	1	9e0f7faa1c09a55eb10394bedcb268962dfc3d57ab587fe9530c7324cc7b0ca1	CglpZiAoYXJnMSkgaWYgKChscGFyZzEgPSAoKmVudiktPkdldEJ5dGVBcnJheUVsZW1lbnRzKGVudiwgYXJnMSwgTlVMTCkpID09IE5VTEwpIGdvdG8gZmFpbDs=
652	STATEMENT	31602	31680	1	bb66188996f895edc0ba8c284b15a30f0ddcbd57feb35c35942dcbab27bf5ef7	CglndGtfYWN0aW9uYWJsZV9zZXRfYWN0aW9uX25hbWUoKEd0a0FjdGlvbmFibGUgKilhcmcwLCAoY29uc3QgY2hhciAqKWxwYXJnMSk7
653	STATEMENT	31680	31763	1	78812943a01430fa07d31629617d2c1617a8077555058eb3c69830ff8aafbb1d	CmZhaWw6CglpZiAoYXJnMSAmJiBscGFyZzEpICgqZW52KS0+UmVsZWFzZUJ5dGVBcnJheUVsZW1lbnRzKGVudiwgYXJnMSwgbHBhcmcxLCAwKTs=
654	STATEMENT	31763	31834	1	8932f4859b9765e853c3b57d1c887de3edfb15ccd8735c9dff775b2af3de7d29	CglHVEs0X05BVElWRV9FWElUKGVudiwgdGhhdCwgZ3RrXzFhY3Rpb25hYmxlXzFzZXRfMWFjdGlvbl8xbmFtZV9GVU5DKTs=
655	FRAGMENT	31834	31835	1	01ba4719c80b6fe911b091a7c05124b64eeece964e09c058ef8f9805daca546b	Cg==
656	BLOCK_CLOSE	31835	31836	0	d10b36aa74a59bcf4a88185837f658afaf3646eff2bb16c3928d0e9335e945d2	fQ==
657	PREPROCESSOR	31836	31844	0	626de321eb397f6600939892a0009f31bc378f7e886f9acc5ec0af18db6a99a7	CiNlbmRpZgo=
658	PREPROCESSOR	31844	31873	0	5a0c6235d313be59510ade1ec10805c3e932922603ef5dcd1a0da2e27b12eadb	CiNpZm5kZWYgTk9fZ3RrXzFib3hfMWFwcGVuZAo=
659	FUNCTION_OPEN	31873	31979	0	4a4664f230e5312b4fdcd536fa7966dbc8afc7cfecab6d918bb97048ef3b1bf8	Sk5JRVhQT1JUIHZvaWQgSk5JQ0FMTCBHVEs0X05BVElWRShndGtfMWJveF8xYXBwZW5kKQoJKEpOSUVudiAqZW52LCBqY2xhc3MgdGhhdCwgamxvbmcgYXJnMCwgamxvbmcgYXJnMSkKew==
660	STATEMENT	31979	32033	1	4c9ebcd30e680b16c538ea6e0c902d3268a5e050000646d7573614607e980906	CglHVEs0X05BVElWRV9FTlRFUihlbnYsIHRoYXQsIGd0a18xYm94XzFhcHBlbmRfRlVOQyk7
661	STATEMENT	32033	32085	1	b3ab2a6cc14a975e88f0158c71d22e88ea3687bcf35e8dcea0aab79229507352	CglndGtfYm94X2FwcGVuZCgoR3RrQm94ICopYXJnMCwgKEd0a1dpZGdldCAqKWFyZzEpOw==
662	STATEMENT	32085	32138	1	ad0f245806a4238c9f0f1cd372861cd8660449f0ab2779bb0fdad2ff145c21ef	CglHVEs0X05BVElWRV9FWElUKGVudiwgdGhhdCwgZ3RrXzFib3hfMWFwcGVuZF9GVU5DKTs=
663	FRAGMENT	32138	32139	1	01ba4719c80b6fe911b091a7c05124b64eeece964e09c058ef8f9805daca546b	Cg==
664	BLOCK_CLOSE	32139	32140	0	d10b36aa74a59bcf4a88185837f658afaf3646eff2bb16c3928d0e9335e945d2	fQ==
665	PREPROCESSOR	32140	32148	0	626de321eb397f6600939892a0009f31bc378f7e886f9acc5ec0af18db6a99a7	CiNlbmRpZgo=
666	PREPROCESSOR	32148	32191	0	785ef586a40451ff0451555b925d4f591f3f1f444de1663aca4c922fcdfca70c	CiNpZm5kZWYgTk9fZ3RrXzFib3hfMWluc2VydF8xY2hpbGRfMWFmdGVyCg==
667	FUNCTION_OPEN	32191	32323	0	ad671c0b72858a84701af84f10d96426ec3b0a243783ad2198b962c2fcdf8e3b	Sk5JRVhQT1JUIHZvaWQgSk5JQ0FMTCBHVEs0X05BVElWRShndGtfMWJveF8xaW5zZXJ0XzFjaGlsZF8xYWZ0ZXIpCgkoSk5JRW52ICplbnYsIGpjbGFzcyB0aGF0LCBqbG9uZyBhcmcwLCBqbG9uZyBhcmcxLCBqbG9uZyBhcmcyKQp7
668	STATEMENT	32323	32391	1	133acf21e9529a2ec5728e9c9f9c174308e5b157c840d08df8334c0e254f7a6a	CglHVEs0X05BVElWRV9FTlRFUihlbnYsIHRoYXQsIGd0a18xYm94XzFpbnNlcnRfMWNoaWxkXzFhZnRlcl9GVU5DKTs=
669	STATEMENT	32391	32474	1	8d21a25771e6b4954a63e16a9feba6679ccd0c737fd7d504774fa3d780da34fd	CglndGtfYm94X2luc2VydF9jaGlsZF9hZnRlcigoR3RrQm94ICopYXJnMCwgKEd0a1dpZGdldCAqKWFyZzEsIChHdGtXaWRnZXQgKilhcmcyKTs=
670	STATEMENT	32474	32541	1	43c9892769461dec0b81617a35deaa597cdd1962e4fbc3158e83c7539e5c4fed	CglHVEs0X05BVElWRV9FWElUKGVudiwgdGhhdCwgZ3RrXzFib3hfMWluc2VydF8xY2hpbGRfMWFmdGVyX0ZVTkMpOw==
671	FRAGMENT	32541	32542	1	01ba4719c80b6fe911b091a7c05124b64eeece964e09c058ef8f9805daca546b	Cg==
672	BLOCK_CLOSE	32542	32543	0	d10b36aa74a59bcf4a88185837f658afaf3646eff2bb16c3928d0e9335e945d2	fQ==
673	PREPROCESSOR	32543	32551	0	626de321eb397f6600939892a0009f31bc378f7e886f9acc5ec0af18db6a99a7	CiNlbmRpZgo=
674	PREPROCESSOR	32551	32581	0	450fc8f28c7f2bd0398292677c5adbcc25d0173baae78bff9de7b0fae6548ce1	CiNpZm5kZWYgTk9fZ3RrXzFib3hfMXByZXBlbmQK
675	FUNCTION_OPEN	32581	32688	0	690718a06b0c409e0419418682b30df2ed8905d568d950e69ac4ab9fac0cbb38	Sk5JRVhQT1JUIHZvaWQgSk5JQ0FMTCBHVEs0X05BVElWRShndGtfMWJveF8xcHJlcGVuZCkKCShKTklFbnYgKmVudiwgamNsYXNzIHRoYXQsIGpsb25nIGFyZzAsIGpsb25nIGFyZzEpCns=
676	STATEMENT	32688	32743	1	1f5af32f53e076094a4ef36efa3b886c0e373d43863c69eddd6ee3e28b632b28	CglHVEs0X05BVElWRV9FTlRFUihlbnYsIHRoYXQsIGd0a18xYm94XzFwcmVwZW5kX0ZVTkMpOw==
677	STATEMENT	32743	32796	1	3bf3eb300b2657378c95256583ecdffc26bc45d94bc6a8841a2b957c3a0d2bce	CglndGtfYm94X3ByZXBlbmQoKEd0a0JveCAqKWFyZzAsIChHdGtXaWRnZXQgKilhcmcxKTs=
678	STATEMENT	32796	32850	1	eb9ee3e49cec0948423b1f8a121f2a82b159a8b6a1f68d582f61d45dbc25a1d6	CglHVEs0X05BVElWRV9FWElUKGVudiwgdGhhdCwgZ3RrXzFib3hfMXByZXBlbmRfRlVOQyk7
679	FRAGMENT	32850	32851	1	01ba4719c80b6fe911b091a7c05124b64eeece964e09c058ef8f9805daca546b	Cg==
680	BLOCK_CLOSE	32851	32852	0	d10b36aa74a59bcf4a88185837f658afaf3646eff2bb16c3928d0e9335e945d2	fQ==
681	PREPROCESSOR	32852	32860	0	626de321eb397f6600939892a0009f31bc378f7e886f9acc5ec0af18db6a99a7	CiNlbmRpZgo=
682	PREPROCESSOR	32860	32907	0	c6b08300fa84a3796294332854910af3e1f5c9b509ec752f0347eff9c385f298	CiNpZm5kZWYgTk9fZ3RrXzFidXR0b25fMW5ld18xZnJvbV8xaWNvbl8xbmFtZQo=
683	FUNCTION_OPEN	32907	33025	0	02c08ab4874c077343fccbc8cf789af88710abcf623ca3b60ee9730151f5845b	Sk5JRVhQT1JUIGpsb25nIEpOSUNBTEwgR1RLNF9OQVRJVkUoZ3RrXzFidXR0b25fMW5ld18xZnJvbV8xaWNvbl8xbmFtZSkKCShKTklFbnYgKmVudiwgamNsYXNzIHRoYXQsIGpieXRlQXJyYXkgYXJnMCkKew==
684	STATEMENT	33025	33046	1	822ac2a96a4768fd79b617c7eb04a2c27543630d08bb1e64e12cb44eb943d110	CglqYnl0ZSAqbHBhcmcwPU5VTEw7
685	STATEMENT	33046	33061	1	3411ceb5951bc52321d8d6cf00df310a159211846b0264e08db2a18b94173633	CglqbG9uZyByYyA9IDA7
686	STATEMENT	33061	33133	1	ac639ff38e3e4bb6e981038af1ddd45f6a55498694b3d872d6c95615f97b1bb9	CglHVEs0X05BVElWRV9FTlRFUihlbnYsIHRoYXQsIGd0a18xYnV0dG9uXzFuZXdfMWZyb21fMWljb25fMW5hbWVfRlVOQyk7
687	STATEMENT	33133	33225	1	b2075cd70029cbd90d7bd950107f7811b6de535d2911738929f1657581efa897	CglpZiAoYXJnMCkgaWYgKChscGFyZzAgPSAoKmVudiktPkdldEJ5dGVBcnJheUVsZW1lbnRzKGVudiwgYXJnMCwgTlVMTCkpID09IE5VTEwpIGdvdG8gZmFpbDs=
688	STATEMENT	33225	33292	1	8b171688b68e5f7df81fd05499b016862ab343e5c21c27c4b1ac656b829f2444	CglyYyA9IChqbG9uZylndGtfYnV0dG9uX25ld19mcm9tX2ljb25fbmFtZSgoY29uc3QgZ2NoYXIgKilscGFyZzApOw==
689	STATEMENT	33292	33375	1	19ea667045e023f8627c63601656684e1aa341d4b2b1f93bb08dcb2be00b461d	CmZhaWw6CglpZiAoYXJnMCAmJiBscGFyZzApICgqZW52KS0+UmVsZWFzZUJ5dGVBcnJheUVsZW1lbnRzKGVudiwgYXJnMCwgbHBhcmcwLCAwKTs=
690	STATEMENT	33375	33446	1	479c9e070e5c08540d283128b68a2f1380146f3b3f477ad57777acba7c5e372e	CglHVEs0X05BVElWRV9FWElUKGVudiwgdGhhdCwgZ3RrXzFidXR0b25fMW5ld18xZnJvbV8xaWNvbl8xbmFtZV9GVU5DKTs=
691	STATEMENT	33446	33458	1	a028c9c9501df4846ec72c7b4432d4a3cb499b36b781bb1c38853498151d0ba7	CglyZXR1cm4gcmM7
692	FRAGMENT	33458	33459	1	01ba4719c80b6fe911b091a7c05124b64eeece964e09c058ef8f9805daca546b	Cg==
693	BLOCK_CLOSE	33459	33460	0	d10b36aa74a59bcf4a88185837f658afaf3646eff2bb16c3928d0e9335e945d2	fQ==
694	PREPROCESSOR	33460	33468	0	626de321eb397f6600939892a0009f31bc378f7e886f9acc5ec0af18db6a99a7	CiNlbmRpZgo=
695	PREPROCESSOR	33468	33504	0	b454172e7ffbd8a5b0e5518456ae6e2cc7b03d82e82c21bb8ba0e8a470c0cced	CiNpZm5kZWYgTk9fZ3RrXzFidXR0b25fMXNldF8xY2hpbGQK
696	FUNCTION_OPEN	33504	33617	0	3a9955fdb38f40b86fb777524d709e94ab8b49e89e029581085d77e3a812359f	Sk5JRVhQT1JUIHZvaWQgSk5JQ0FMTCBHVEs0X05BVElWRShndGtfMWJ1dHRvbl8xc2V0XzFjaGlsZCkKCShKTklFbnYgKmVudiwgamNsYXNzIHRoYXQsIGpsb25nIGFyZzAsIGpsb25nIGFyZzEpCns=
697	STATEMENT	33617	33678	1	725ecc2c9b0ff9e8fbd96e9afdc7dbab397051411e94dfd716c5e880663a446f	CglHVEs0X05BVElWRV9FTlRFUihlbnYsIHRoYXQsIGd0a18xYnV0dG9uXzFzZXRfMWNoaWxkX0ZVTkMpOw==
698	STATEMENT	33678	33739	1	9ccf6c872a0042f74d561f90c9d44e4c1e3b4a2e734d796d395217a5be97437c	CglndGtfYnV0dG9uX3NldF9jaGlsZCgoR3RrQnV0dG9uICopYXJnMCwgKEd0a1dpZGdldCAqKWFyZzEpOw==
699	STATEMENT	33739	33799	1	afb063bab385cde470d12091572db06420f4c7279647718a60cde3837a139ce7	CglHVEs0X05BVElWRV9FWElUKGVudiwgdGhhdCwgZ3RrXzFidXR0b25fMXNldF8xY2hpbGRfRlVOQyk7
700	FRAGMENT	33799	33800	1	01ba4719c80b6fe911b091a7c05124b64eeece964e09c058ef8f9805daca546b	Cg==
701	BLOCK_CLOSE	33800	33801	0	d10b36aa74a59bcf4a88185837f658afaf3646eff2bb16c3928d0e9335e945d2	fQ==
702	PREPROCESSOR	33801	33809	0	626de321eb397f6600939892a0009f31bc378f7e886f9acc5ec0af18db6a99a7	CiNlbmRpZgo=
703	PREPROCESSOR	33809	33846	0	f00648e32e1c6d2fae9a89b3c5fd9b846b031f40cdc2f6a240aa60dc513c24bc	CiNpZm5kZWYgTk9fZ3RrXzFjYWxlbmRhcl8xZ2V0XzFkYXRlCg==
704	FUNCTION_OPEN	33846	33949	0	6f1ad5cec7b13bba5d74cd841772f702a1c323a3bbe87b5033a7fd6f69541bcf	Sk5JRVhQT1JUIGpsb25nIEpOSUNBTEwgR1RLNF9OQVRJVkUoZ3RrXzFjYWxlbmRhcl8xZ2V0XzFkYXRlKQoJKEpOSUVudiAqZW52LCBqY2xhc3MgdGhhdCwgamxvbmcgYXJnMCkKew==
705	STATEMENT	33949	33964	1	3411ceb5951bc52321d8d6cf00df310a159211846b0264e08db2a18b94173633	CglqbG9uZyByYyA9IDA7
706	STATEMENT	33964	34026	1	9afe4ac5d3bd705f2a7f09e4af7812209916195a9aadf480c1f4b0765b068ad9	CglHVEs0X05BVElWRV9FTlRFUihlbnYsIHRoYXQsIGd0a18xY2FsZW5kYXJfMWdldF8xZGF0ZV9GVU5DKTs=
707	STATEMENT	34026	34083	1	dfcad1c9f958d7250c9e8aa692358ec2aa3c1a0343f84bdf577db426827a2e4d	CglyYyA9IChqbG9uZylndGtfY2FsZW5kYXJfZ2V0X2RhdGUoKEd0a0NhbGVuZGFyICopYXJnMCk7
708	STATEMENT	34083	34144	1	190427877f07d636eeefb651bb80ddaa4a6332bc34134e38a3293529eac9d80f	CglHVEs0X05BVElWRV9FWElUKGVudiwgdGhhdCwgZ3RrXzFjYWxlbmRhcl8xZ2V0XzFkYXRlX0ZVTkMpOw==
709	STATEMENT	34144	34156	1	a028c9c9501df4846ec72c7b4432d4a3cb499b36b781bb1c38853498151d0ba7	CglyZXR1cm4gcmM7
710	FRAGMENT	34156	34157	1	01ba4719c80b6fe911b091a7c05124b64eeece964e09c058ef8f9805daca546b	Cg==
711	BLOCK_CLOSE	34157	34158	0	d10b36aa74a59bcf4a88185837f658afaf3646eff2bb16c3928d0e9335e945d2	fQ==
712	PREPROCESSOR	34158	34166	0	626de321eb397f6600939892a0009f31bc378f7e886f9acc5ec0af18db6a99a7	CiNlbmRpZgo=
713	PREPROCESSOR	34166	34205	0	2ac71652474b41453d79046472304e4ee75199c3e708b0cf94f9f47fe8b0ea97	CiNpZm5kZWYgTk9fZ3RrXzFjYWxlbmRhcl8xc2VsZWN0XzFkYXkK
714	FUNCTION_OPEN	34205	34354	0	316fabe98113ebcf87e095867b2cd6c15457897be7a1530b85a39768ba8d40ec	R19HTlVDX0JFR0lOX0lHTk9SRV9ERVBSRUNBVElPTlMKSk5JRVhQT1JUIHZvaWQgSk5JQ0FMTCBHVEs0X05BVElWRShndGtfMWNhbGVuZGFyXzFzZWxlY3RfMWRheSkKCShKTklFbnYgKmVudiwgamNsYXNzIHRoYXQsIGpsb25nIGFyZzAsIGpsb25nIGFyZzEpCns=
715	STATEMENT	34354	34418	1	381a51f4c786953b3cc6b3085ac07d519cf59f02316cd14f5d15cc52e4d3985d	CglHVEs0X05BVElWRV9FTlRFUihlbnYsIHRoYXQsIGd0a18xY2FsZW5kYXJfMXNlbGVjdF8xZGF5X0ZVTkMpOw==
716	STATEMENT	34418	34484	1	453f91d5abcef3cdd979895653dd85339f0d65c1fd8a7247565245f9abf38d17	CglndGtfY2FsZW5kYXJfc2VsZWN0X2RheSgoR3RrQ2FsZW5kYXIgKilhcmcwLCAoR0RhdGVUaW1lICopYXJnMSk7
717	STATEMENT	34484	34547	1	8c7866b28b21fe9efdbcbe96520ecfb32b2c1f8191639d88556fb762981c8b73	CglHVEs0X05BVElWRV9FWElUKGVudiwgdGhhdCwgZ3RrXzFjYWxlbmRhcl8xc2VsZWN0XzFkYXlfRlVOQyk7
718	FRAGMENT	34547	34548	1	01ba4719c80b6fe911b091a7c05124b64eeece964e09c058ef8f9805daca546b	Cg==
719	BLOCK_CLOSE	34548	34549	0	d10b36aa74a59bcf4a88185837f658afaf3646eff2bb16c3928d0e9335e945d2	fQ==
720	PREPROCESSOR	34549	34588	0	9ed1daae63e6075b33dfc403acf6c6030324fb6d62b8910eaca7edfc62576b30	CkdfR05VQ19FTkRfSUdOT1JFX0RFUFJFQ0FUSU9OUwojZW5kaWYK
721	PREPROCESSOR	34588	34625	0	574ff33bb5a4ca1ff49286aeb53ba5308f7f18b30a969ba1241d8ad9105b0e74	CiNpZm5kZWYgTk9fZ3RrXzFjYWxlbmRhcl8xc2V0XzFkYXRlCg==
722	FUNCTION_OPEN	34625	34739	0	52e2f767996ee334cd76ed5a3924b44894210efd723ad2629f0054ef7619bd4b	Sk5JRVhQT1JUIHZvaWQgSk5JQ0FMTCBHVEs0X05BVElWRShndGtfMWNhbGVuZGFyXzFzZXRfMWRhdGUpCgkoSk5JRW52ICplbnYsIGpjbGFzcyB0aGF0LCBqbG9uZyBhcmcwLCBqbG9uZyBhcmcxKQp7
723	STATEMENT	34739	34801	1	0923a5435b5ced49c7e38b0006aa17f969c68599b88ec235975de59525e53835	CglHVEs0X05BVElWRV9FTlRFUihlbnYsIHRoYXQsIGd0a18xY2FsZW5kYXJfMXNldF8xZGF0ZV9GVU5DKTs=
724	BLOCK_OPEN	34801	34874	1	86d818614116c466f9381a62700c23e1027750d3a9b693785fab394643ccf2ff	Ci8qCglndGtfY2FsZW5kYXJfc2V0X2RhdGUoKEd0a0NhbGVuZGFyICopYXJnMCwgKEdEYXRlVGltZSAqKWFyZzEpOwoqLwoJew==
725	BLOCK_OPEN	34874	34934	2	343a9412bcdb5144a55e28ff7d30da67f47bf14d03069b7f386f64863cb93bd3	CgkJR1RLNF9MT0FEX0ZVTkNUSU9OKGZwLCBndGtfY2FsZW5kYXJfc2V0X2RhdGUpCgkJaWYgKGZwKSB7
726	STATEMENT	34934	35039	3	783f90eca75883a1fb28d1694106967fdd43b06a14a895f34daad474655d4906	CgkJCSgodm9pZCAoQ0FMTElOR19DT05WRU5USU9OKikoR3RrQ2FsZW5kYXIgKiwgR0RhdGVUaW1lICopKWZwKSgoR3RrQ2FsZW5kYXIgKilhcmcwLCAoR0RhdGVUaW1lICopYXJnMSk7
727	FRAGMENT	35039	35042	3	3e13fafe8992426ccfcfbe1e1135fcbb8364b4a0a7331c64ba06546009b758f1	CgkJ
728	BLOCK_CLOSE	35042	35043	2	d10b36aa74a59bcf4a88185837f658afaf3646eff2bb16c3928d0e9335e945d2	fQ==
729	FRAGMENT	35043	35045	2	e8822f532ae9349b2b5743c494efd216ed4e44f9ebc82a6b1cb54895a5b88433	Cgk=
730	BLOCK_CLOSE	35045	35046	1	d10b36aa74a59bcf4a88185837f658afaf3646eff2bb16c3928d0e9335e945d2	fQ==
731	STATEMENT	35046	35107	1	e97142b11ee90cc321197e83876fba5b7505fcceec70957e634a6ae28dcbde1e	CglHVEs0X05BVElWRV9FWElUKGVudiwgdGhhdCwgZ3RrXzFjYWxlbmRhcl8xc2V0XzFkYXRlX0ZVTkMpOw==
732	FRAGMENT	35107	35108	1	01ba4719c80b6fe911b091a7c05124b64eeece964e09c058ef8f9805daca546b	Cg==
733	BLOCK_CLOSE	35108	35109	0	d10b36aa74a59bcf4a88185837f658afaf3646eff2bb16c3928d0e9335e945d2	fQ==
734	PREPROCESSOR	35109	35117	0	626de321eb397f6600939892a0009f31bc378f7e886f9acc5ec0af18db6a99a7	CiNlbmRpZgo=
735	PREPROCESSOR	35117	35166	0	7d5ee715809c04f9e65623657b1c2ef4b9bd12e8c59cc7a1a922012cfb294dc8	CiNpZm5kZWYgTk9fZ3RrXzFjYWxlbmRhcl8xc2V0XzFzaG93XzFkYXlfMW5hbWVzCg==
736	FUNCTION_OPEN	35166	35295	0	92348815110ac7330090b71d9839da31475ac2ade0f4e8bf52e4b622323b1ebc	Sk5JRVhQT1JUIHZvaWQgSk5JQ0FMTCBHVEs0X05BVElWRShndGtfMWNhbGVuZGFyXzFzZXRfMXNob3dfMWRheV8xbmFtZXMpCgkoSk5JRW52ICplbnYsIGpjbGFzcyB0aGF0LCBqbG9uZyBhcmcwLCBqYm9vbGVhbiBhcmcxKQp7
737	STATEMENT	35295	35369	1	81c88e339a2cb59124f74add52964b69f17e2604b5bf105bb0cd17cd3078bbee	CglHVEs0X05BVElWRV9FTlRFUihlbnYsIHRoYXQsIGd0a18xY2FsZW5kYXJfMXNldF8xc2hvd18xZGF5XzFuYW1lc19GVU5DKTs=
738	STATEMENT	35369	35440	1	50bddd795ae613ddb680d4eeda3efa41dc18b4df9f1a012abfd693bdaa1c9ede	CglndGtfY2FsZW5kYXJfc2V0X3Nob3dfZGF5X25hbWVzKChHdGtDYWxlbmRhciAqKWFyZzAsIChnYm9vbGVhbilhcmcxKTs=
739	STATEMENT	35440	35513	1	dc0fe7af520a49207feb46071416b8105239dcc5314ba27b2f7140fc683c5e8f	CglHVEs0X05BVElWRV9FWElUKGVudiwgdGhhdCwgZ3RrXzFjYWxlbmRhcl8xc2V0XzFzaG93XzFkYXlfMW5hbWVzX0ZVTkMpOw==
740	FRAGMENT	35513	35514	1	01ba4719c80b6fe911b091a7c05124b64eeece964e09c058ef8f9805daca546b	Cg==
741	BLOCK_CLOSE	35514	35515	0	d10b36aa74a59bcf4a88185837f658afaf3646eff2bb16c3928d0e9335e945d2	fQ==
742	PREPROCESSOR	35515	35523	0	626de321eb397f6600939892a0009f31bc378f7e886f9acc5ec0af18db6a99a7	CiNlbmRpZgo=
743	PREPROCESSOR	35523	35569	0	ffb4f4dffb3d3416bd3f49575fe532031e8c309ef021a1efaf66a5a25b8158a3	CiNpZm5kZWYgTk9fZ3RrXzFjYWxlbmRhcl8xc2V0XzFzaG93XzFoZWFkaW5nCg==
744	FUNCTION_OPEN	35569	35695	0	9d1d38021abd446fffaf90fd85f4cd83c48306f681322f25c7f43403840f8181	Sk5JRVhQT1JUIHZvaWQgSk5JQ0FMTCBHVEs0X05BVElWRShndGtfMWNhbGVuZGFyXzFzZXRfMXNob3dfMWhlYWRpbmcpCgkoSk5JRW52ICplbnYsIGpjbGFzcyB0aGF0LCBqbG9uZyBhcmcwLCBqYm9vbGVhbiBhcmcxKQp7
745	STATEMENT	35695	35766	1	af17f21b2e2cbc55a76c7bd6aa6ce378cedbf270a14e72c55b15124ed80deee7	CglHVEs0X05BVElWRV9FTlRFUihlbnYsIHRoYXQsIGd0a18xY2FsZW5kYXJfMXNldF8xc2hvd18xaGVhZGluZ19GVU5DKTs=
746	STATEMENT	35766	35835	1	1be95e51c2582817aa97fc0782539b4aecbd2058acb7f64e02279d9399d4e349	CglndGtfY2FsZW5kYXJfc2V0X3Nob3dfaGVhZGluZygoR3RrQ2FsZW5kYXIgKilhcmcwLCAoZ2Jvb2xlYW4pYXJnMSk7
747	STATEMENT	35835	35905	1	f1be8e5ba15988b1ad12064e3c166c8b731d6c81f1106d13db7284ee2866a268	CglHVEs0X05BVElWRV9FWElUKGVudiwgdGhhdCwgZ3RrXzFjYWxlbmRhcl8xc2V0XzFzaG93XzFoZWFkaW5nX0ZVTkMpOw==
748	FRAGMENT	35905	35906	1	01ba4719c80b6fe911b091a7c05124b64eeece964e09c058ef8f9805daca546b	Cg==
749	BLOCK_CLOSE	35906	35907	0	d10b36aa74a59bcf4a88185837f658afaf3646eff2bb16c3928d0e9335e945d2	fQ==
750	PREPROCESSOR	35907	35915	0	626de321eb397f6600939892a0009f31bc378f7e886f9acc5ec0af18db6a99a7	CiNlbmRpZgo=
751	PREPROCESSOR	35915	35967	0	89076124bdbdb15ae92d28010fda6a1ed5c931ecee4a1b067400fba688ba6730	CiNpZm5kZWYgTk9fZ3RrXzFjYWxlbmRhcl8xc2V0XzFzaG93XzF3ZWVrXzFudW1iZXJzCg==
752	FUNCTION_OPEN	35967	36099	0	2a5a4a0ed91d5fd306d943c28d8c9277bbabbc2cfcc8b6107aa2530a607bb701	Sk5JRVhQT1JUIHZvaWQgSk5JQ0FMTCBHVEs0X05BVElWRShndGtfMWNhbGVuZGFyXzFzZXRfMXNob3dfMXdlZWtfMW51bWJlcnMpCgkoSk5JRW52ICplbnYsIGpjbGFzcyB0aGF0LCBqbG9uZyBhcmcwLCBqYm9vbGVhbiBhcmcxKQp7
753	STATEMENT	36099	36176	1	ca19993f21b76e6bde489793ba8631abcaae16e75fcca1c2ebaefc53c73a6e0a	CglHVEs0X05BVElWRV9FTlRFUihlbnYsIHRoYXQsIGd0a18xY2FsZW5kYXJfMXNldF8xc2hvd18xd2Vla18xbnVtYmVyc19GVU5DKTs=
754	STATEMENT	36176	36250	1	b32e2747d010cc2e16010bb9d3319983c23187c66c9b8b148b98ba2698b3ee2d	CglndGtfY2FsZW5kYXJfc2V0X3Nob3dfd2Vla19udW1iZXJzKChHdGtDYWxlbmRhciAqKWFyZzAsIChnYm9vbGVhbilhcmcxKTs=
755	STATEMENT	36250	36326	1	3728b30345e0f0b37aeb0ef6b4c1434b61dc1eed1120fb9622b35fbed623992c	CglHVEs0X05BVElWRV9FWElUKGVudiwgdGhhdCwgZ3RrXzFjYWxlbmRhcl8xc2V0XzFzaG93XzF3ZWVrXzFudW1iZXJzX0ZVTkMpOw==
756	FRAGMENT	36326	36327	1	01ba4719c80b6fe911b091a7c05124b64eeece964e09c058ef8f9805daca546b	Cg==
757	BLOCK_CLOSE	36327	36328	0	d10b36aa74a59bcf4a88185837f658afaf3646eff2bb16c3928d0e9335e945d2	fQ==
758	PREPROCESSOR	36328	36336	0	626de321eb397f6600939892a0009f31bc378f7e886f9acc5ec0af18db6a99a7	CiNlbmRpZgo=
759	PREPROCESSOR	36336	36380	0	5cc72bc7e7cddc8a4dcda6b7b4758e76fb78208d977fcfc9367ceffa65a3a7d2	CiNpZm5kZWYgTk9fZ3RrXzFjaGVja18xYnV0dG9uXzFnZXRfMWFjdGl2ZQo=
760	FUNCTION_OPEN	36380	36493	0	52795d71c58dd58be26556d8e0331d3bc2ede0e77ce6a4780859ea29a151ca03	Sk5JRVhQT1JUIGpib29sZWFuIEpOSUNBTEwgR1RLNF9OQVRJVkUoZ3RrXzFjaGVja18xYnV0dG9uXzFnZXRfMWFjdGl2ZSkKCShKTklFbnYgKmVudiwgamNsYXNzIHRoYXQsIGpsb25nIGFyZzApCns=
761	STATEMENT	36493	36511	1	6e389c725127046540fa228f0aca981232172a088ed5b7d88f2be6db7346caa1	CglqYm9vbGVhbiByYyA9IDA7
762	STATEMENT	36511	36580	1	45214820a85f3ec47bee2a5f07e51c9afa1cba754cfcc2060906bca98f92a4fb	CglHVEs0X05BVElWRV9FTlRFUihlbnYsIHRoYXQsIGd0a18xY2hlY2tfMWJ1dHRvbl8xZ2V0XzFhY3RpdmVfRlVOQyk7
763	STATEMENT	36580	36649	1	255bd4dfc6a2266432a632799cac70581dfbee79c35ec16a378feb0ee25d236d	CglyYyA9IChqYm9vbGVhbilndGtfY2hlY2tfYnV0dG9uX2dldF9hY3RpdmUoKEd0a0NoZWNrQnV0dG9uICopYXJnMCk7
764	STATEMENT	36649	36717	1	34644eaa5c1cf187e7b1500ebe3f5a67acc4da7d64e45907a3f3ed7ea496b618	CglHVEs0X05BVElWRV9FWElUKGVudiwgdGhhdCwgZ3RrXzFjaGVja18xYnV0dG9uXzFnZXRfMWFjdGl2ZV9GVU5DKTs=
765	STATEMENT	36717	36729	1	a028c9c9501df4846ec72c7b4432d4a3cb499b36b781bb1c38853498151d0ba7	CglyZXR1cm4gcmM7
766	FRAGMENT	36729	36730	1	01ba4719c80b6fe911b091a7c05124b64eeece964e09c058ef8f9805daca546b	Cg==
767	BLOCK_CLOSE	36730	36731	0	d10b36aa74a59bcf4a88185837f658afaf3646eff2bb16c3928d0e9335e945d2	fQ==
768	PREPROCESSOR	36731	36739	0	626de321eb397f6600939892a0009f31bc378f7e886f9acc5ec0af18db6a99a7	CiNlbmRpZgo=
769	PREPROCESSOR	36739	36783	0	81f8d120a85090a62f143174e9cacc21afe6595c1c379a6db523d899ffca3a46	CiNpZm5kZWYgTk9fZ3RrXzFjaGVja18xYnV0dG9uXzFzZXRfMWFjdGl2ZQo=
770	FUNCTION_OPEN	36783	36907	0	900649bc5ea16ee8b552b671de58aff59ac9eda0409be724e4945aee9800317a	Sk5JRVhQT1JUIHZvaWQgSk5JQ0FMTCBHVEs0X05BVElWRShndGtfMWNoZWNrXzFidXR0b25fMXNldF8xYWN0aXZlKQoJKEpOSUVudiAqZW52LCBqY2xhc3MgdGhhdCwgamxvbmcgYXJnMCwgamJvb2xlYW4gYXJnMSkKew==
771	STATEMENT	36907	36976	1	12414dda12828be10719a0665a0505bb605e5b6aaea9407a3f8ddd125049a6f6	CglHVEs0X05BVElWRV9FTlRFUihlbnYsIHRoYXQsIGd0a18xY2hlY2tfMWJ1dHRvbl8xc2V0XzFhY3RpdmVfRlVOQyk7
772	STATEMENT	36976	37036	1	f97fdb0167f0f9edee42aae174b7887aa3739627cac989de776e99bb129c2163	CglndGtfY2hlY2tfYnV0dG9uX3NldF9hY3RpdmUoKEd0a0NoZWNrQnV0dG9uICopYXJnMCwgYXJnMSk7
773	STATEMENT	37036	37104	1	d26059e35d9f51d2806531f01101b971da1cea582b275cc253c9281a968819cc	CglHVEs0X05BVElWRV9FWElUKGVudiwgdGhhdCwgZ3RrXzFjaGVja18xYnV0dG9uXzFzZXRfMWFjdGl2ZV9GVU5DKTs=
774	FRAGMENT	37104	37105	1	01ba4719c80b6fe911b091a7c05124b64eeece964e09c058ef8f9805daca546b	Cg==
775	BLOCK_CLOSE	37105	37106	0	d10b36aa74a59bcf4a88185837f658afaf3646eff2bb16c3928d0e9335e945d2	fQ==
776	PREPROCESSOR	37106	37114	0	626de321eb397f6600939892a0009f31bc378f7e886f9acc5ec0af18db6a99a7	CiNlbmRpZgo=
777	PREPROCESSOR	37114	37157	0	4c67caf3f0cf94a965eedc948365571cfc313f585d3f1e552b491058c7950440	CiNpZm5kZWYgTk9fZ3RrXzFjaGVja18xYnV0dG9uXzFzZXRfMWdyb3VwCg==
778	FUNCTION_OPEN	37157	37277	0	2988169174396936971f3d7c89a62d1de58645541bf06b2b9e5fbd13f9454e13	Sk5JRVhQT1JUIHZvaWQgSk5JQ0FMTCBHVEs0X05BVElWRShndGtfMWNoZWNrXzFidXR0b25fMXNldF8xZ3JvdXApCgkoSk5JRW52ICplbnYsIGpjbGFzcyB0aGF0LCBqbG9uZyBhcmcwLCBqbG9uZyBhcmcxKQp7
779	STATEMENT	37277	37345	1	6150d9e13efaaa28ef102cfaa7e63fed47a4407f6afe7c67ffea1553c7ad5127	CglHVEs0X05BVElWRV9FTlRFUihlbnYsIHRoYXQsIGd0a18xY2hlY2tfMWJ1dHRvbl8xc2V0XzFncm91cF9GVU5DKTs=
780	STATEMENT	37345	37422	1	723bb0aef416a2c98ca9f97e0a43a8603e07b3409fc8a22127bf19dfe830a8a1	CglndGtfY2hlY2tfYnV0dG9uX3NldF9ncm91cCgoR3RrQ2hlY2tCdXR0b24gKilhcmcwLCAoR3RrQ2hlY2tCdXR0b24gKilhcmcxKTs=
781	STATEMENT	37422	37489	1	78935802a2071e261c35ea7f152dcbe5b65cb1aaef8fe1701eef27e47bb79d16	CglHVEs0X05BVElWRV9FWElUKGVudiwgdGhhdCwgZ3RrXzFjaGVja18xYnV0dG9uXzFzZXRfMWdyb3VwX0ZVTkMpOw==
782	FRAGMENT	37489	37490	1	01ba4719c80b6fe911b091a7c05124b64eeece964e09c058ef8f9805daca546b	Cg==
783	BLOCK_CLOSE	37490	37491	0	d10b36aa74a59bcf4a88185837f658afaf3646eff2bb16c3928d0e9335e945d2	fQ==
784	PREPROCESSOR	37491	37499	0	626de321eb397f6600939892a0009f31bc378f7e886f9acc5ec0af18db6a99a7	CiNlbmRpZgo=
785	PREPROCESSOR	37499	37549	0	27bf21da2aa636c322444a0efb9f08e3e0f318d66b79450201bddebf09081b09	CiNpZm5kZWYgTk9fZ3RrXzFjaGVja18xYnV0dG9uXzFzZXRfMWluY29uc2lzdGVudAo=
786	FUNCTION_OPEN	37549	37679	0	a8e057da6e6af616abf396c0f9359bdb69735c99bb17c8dbd86cef658b90b7c9	Sk5JRVhQT1JUIHZvaWQgSk5JQ0FMTCBHVEs0X05BVElWRShndGtfMWNoZWNrXzFidXR0b25fMXNldF8xaW5jb25zaXN0ZW50KQoJKEpOSUVudiAqZW52LCBqY2xhc3MgdGhhdCwgamxvbmcgYXJnMCwgamJvb2xlYW4gYXJnMSkKew==
787	STATEMENT	37679	37754	1	e91870be408c8e34ec892e73d617c6cfa17e861d2f2d8a1696241c51becc9333	CglHVEs0X05BVElWRV9FTlRFUihlbnYsIHRoYXQsIGd0a18xY2hlY2tfMWJ1dHRvbl8xc2V0XzFpbmNvbnNpc3RlbnRfRlVOQyk7
788	STATEMENT	37754	37820	1	3d979a16b5cf37b8b53a3bcef189fe07cf138f970fc0447ddb817fd12c670bcb	CglndGtfY2hlY2tfYnV0dG9uX3NldF9pbmNvbnNpc3RlbnQoKEd0a0NoZWNrQnV0dG9uICopYXJnMCwgYXJnMSk7
789	STATEMENT	37820	37894	1	89ede5c6eb53832f10aeede8bddc6269e68c95833920874df1f405101e7706b3	CglHVEs0X05BVElWRV9FWElUKGVudiwgdGhhdCwgZ3RrXzFjaGVja18xYnV0dG9uXzFzZXRfMWluY29uc2lzdGVudF9GVU5DKTs=
790	FRAGMENT	37894	37895	1	01ba4719c80b6fe911b091a7c05124b64eeece964e09c058ef8f9805daca546b	Cg==
791	BLOCK_CLOSE	37895	37896	0	d10b36aa74a59bcf4a88185837f658afaf3646eff2bb16c3928d0e9335e945d2	fQ==
792	PREPROCESSOR	37896	37904	0	626de321eb397f6600939892a0009f31bc378f7e886f9acc5ec0af18db6a99a7	CiNlbmRpZgo=
793	PREPROCESSOR	37904	37956	0	fc4aced5804562e3048fa9840854be988c5206a94008f3ea3691fb3a30007aa8	CiNpZm5kZWYgTk9fZ3RrXzFjaGVja18xYnV0dG9uXzFzZXRfMXVzZV8xdW5kZXJsaW5lCg==
794	FUNCTION_OPEN	37956	38088	0	3220b1b44997c1f88861bebf105686e33feb5ccae35d3e8656c76bb375be71e9	Sk5JRVhQT1JUIHZvaWQgSk5JQ0FMTCBHVEs0X05BVElWRShndGtfMWNoZWNrXzFidXR0b25fMXNldF8xdXNlXzF1bmRlcmxpbmUpCgkoSk5JRW52ICplbnYsIGpjbGFzcyB0aGF0LCBqbG9uZyBhcmcwLCBqYm9vbGVhbiBhcmcxKQp7
795	STATEMENT	38088	38165	1	b7f1c6e546aaa2fd767a05bc73dc5cbf09fd27d3e1da11a2a93972b67c1c9cae	CglHVEs0X05BVElWRV9FTlRFUihlbnYsIHRoYXQsIGd0a18xY2hlY2tfMWJ1dHRvbl8xc2V0XzF1c2VfMXVuZGVybGluZV9GVU5DKTs=
796	STATEMENT	38165	38232	1	5514708c75099ce0e60855541a8998186a6f68e2417b76bcd26bb1301ce1d2b8	CglndGtfY2hlY2tfYnV0dG9uX3NldF91c2VfdW5kZXJsaW5lKChHdGtDaGVja0J1dHRvbiAqKWFyZzAsIGFyZzEpOw==
797	STATEMENT	38232	38308	1	01fb3500d02f36ed832e19dd9c789ea98782d52f8f6b6a95c2416ccec9668153	CglHVEs0X05BVElWRV9FWElUKGVudiwgdGhhdCwgZ3RrXzFjaGVja18xYnV0dG9uXzFzZXRfMXVzZV8xdW5kZXJsaW5lX0ZVTkMpOw==
798	FRAGMENT	38308	38309	1	01ba4719c80b6fe911b091a7c05124b64eeece964e09c058ef8f9805daca546b	Cg==
799	BLOCK_CLOSE	38309	38310	0	d10b36aa74a59bcf4a88185837f658afaf3646eff2bb16c3928d0e9335e945d2	fQ==
800	PREPROCESSOR	38310	38318	0	626de321eb397f6600939892a0009f31bc378f7e886f9acc5ec0af18db6a99a7	CiNlbmRpZgo=
801	PREPROCESSOR	38318	38363	0	b42a897128bede2c26e19e08c73bf9d7b2784238c1e9a405826cab9034c73545	CiNpZm5kZWYgTk9fZ3RrXzFjb2xvcl8xZGlhbG9nXzFjaG9vc2VfMXJnYmEK
802	FUNCTION_OPEN	38363	38535	0	08946087e1e288ca81521fc6c9d436b88116758b954b56e4e6323a07a6d41264	Sk5JRVhQT1JUIHZvaWQgSk5JQ0FMTCBHVEs0X05BVElWRShndGtfMWNvbG9yXzFkaWFsb2dfMWNob29zZV8xcmdiYSkKCShKTklFbnYgKmVudiwgamNsYXNzIHRoYXQsIGpsb25nIGFyZzAsIGpsb25nIGFyZzEsIGpvYmplY3QgYXJnMiwgamxvbmcgYXJnMywgamxvbmcgYXJnNCwgamxvbmcgYXJnNSkKew==
803	STATEMENT	38535	38565	1	2c6b577e7d33cca7ee741d3052490664512528f1e684581d6a838a42b8ded03b	CglHZGtSR0JBIF9hcmcyLCAqbHBhcmcyPU5VTEw7
804	STATEMENT	38565	38635	1	c0804d0972097c66c7e31de77fb81cc05d958e947920b173c1d05efb99148917	CglHVEs0X05BVElWRV9FTlRFUihlbnYsIHRoYXQsIGd0a18xY29sb3JfMWRpYWxvZ18xY2hvb3NlXzFyZ2JhX0ZVTkMpOw==
805	STATEMENT	38635	38717	1	65376228263c2e57542861f904ba87364b7840ee937381404e057e40141582dc	CglpZiAoYXJnMikgaWYgKChscGFyZzIgPSBnZXRHZGtSR0JBRmllbGRzKGVudiwgYXJnMiwgJl9hcmcyKSkgPT0gTlVMTCkgZ290byBmYWlsOw==
806	BLOCK_OPEN	38717	38866	1	95e09f8e678a4da6a5d1e489cc47ec6ece77330e323c23af3d337b7563ce4357	Ci8qCglndGtfY29sb3JfZGlhbG9nX2Nob29zZV9yZ2JhKGFyZzAsIChHdGtXaW5kb3cgKilhcmcxLCAoR2RrUkdCQSAqKWxwYXJnMiwgKEdDYW5jZWxsYWJsZSAqKWFyZzMsIChHQXN5bmNSZWFkeUNhbGxiYWNrKWFyZzQsIChncG9pbnRlcilhcmc1KTsKKi8KCXs=
807	BLOCK_OPEN	38866	38933	2	2c52f2ccc23be9462877a9a610a49be4597197de7c0c1cb254d9b76b61679d23	CgkJR1RLNF9MT0FEX0ZVTkNUSU9OKGZwLCBndGtfY29sb3JfZGlhbG9nX2Nob29zZV9yZ2JhKQoJCWlmIChmcCkgew==
808	STATEMENT	38933	39157	3	b7d360be9fa93581e77f15c495d82f6ced7c894b01cf10916d6e31a156f20fe1	CgkJCSgodm9pZCAoQ0FMTElOR19DT05WRU5USU9OKikoamxvbmcsIEd0a1dpbmRvdyAqLCBHZGtSR0JBICosIEdDYW5jZWxsYWJsZSAqLCBHQXN5bmNSZWFkeUNhbGxiYWNrLCBncG9pbnRlcikpZnApKGFyZzAsIChHdGtXaW5kb3cgKilhcmcxLCAoR2RrUkdCQSAqKWxwYXJnMiwgKEdDYW5jZWxsYWJsZSAqKWFyZzMsIChHQXN5bmNSZWFkeUNhbGxiYWNrKWFyZzQsIChncG9pbnRlcilhcmc1KTs=
809	FRAGMENT	39157	39160	3	3e13fafe8992426ccfcfbe1e1135fcbb8364b4a0a7331c64ba06546009b758f1	CgkJ
810	BLOCK_CLOSE	39160	39161	2	d10b36aa74a59bcf4a88185837f658afaf3646eff2bb16c3928d0e9335e945d2	fQ==
811	FRAGMENT	39161	39163	2	e8822f532ae9349b2b5743c494efd216ed4e44f9ebc82a6b1cb54895a5b88433	Cgk=
812	BLOCK_CLOSE	39163	39164	1	d10b36aa74a59bcf4a88185837f658afaf3646eff2bb16c3928d0e9335e945d2	fQ==
813	STATEMENT	39164	39228	1	eb0d5e7776a9323289083e7bb7b4f7b035486376d6866b835a61cb82d76e2011	CmZhaWw6CglpZiAoYXJnMiAmJiBscGFyZzIpIHNldEdka1JHQkFGaWVsZHMoZW52LCBhcmcyLCBscGFyZzIpOw==
814	STATEMENT	39228	39297	1	78c23fd489d68560deb35a4420f98b8aec606a7953ae0503e82113736c1758b5	CglHVEs0X05BVElWRV9FWElUKGVudiwgdGhhdCwgZ3RrXzFjb2xvcl8xZGlhbG9nXzFjaG9vc2VfMXJnYmFfRlVOQyk7
815	FRAGMENT	39297	39298	1	01ba4719c80b6fe911b091a7c05124b64eeece964e09c058ef8f9805daca546b	Cg==
816	BLOCK_CLOSE	39298	39299	0	d10b36aa74a59bcf4a88185837f658afaf3646eff2bb16c3928d0e9335e945d2	fQ==
817	PREPROCESSOR	39299	39307	0	626de321eb397f6600939892a0009f31bc378f7e886f9acc5ec0af18db6a99a7	CiNlbmRpZgo=
818	PREPROCESSOR	39307	39360	0	5dd91dac80acf37bc27bb85322e76c307593d978a3f85fb69cec1891c6bee15e	CiNpZm5kZWYgTk9fZ3RrXzFjb2xvcl8xZGlhbG9nXzFjaG9vc2VfMXJnYmFfMWZpbmlzaAo=
819	FUNCTION_OPEN	39360	39508	0	2a4827d7ec9c10f0a62f46b4e86cb5f3abd03b74752ce670620bc3ec16268c2f	Sk5JRVhQT1JUIGpsb25nIEpOSUNBTEwgR1RLNF9OQVRJVkUoZ3RrXzFjb2xvcl8xZGlhbG9nXzFjaG9vc2VfMXJnYmFfMWZpbmlzaCkKCShKTklFbnYgKmVudiwgamNsYXNzIHRoYXQsIGpsb25nIGFyZzAsIGpsb25nIGFyZzEsIGpsb25nQXJyYXkgYXJnMikKew==
820	STATEMENT	39508	39529	1	14ee868f685db71861cfd3ee29bba2286fbcac344f0a669a0de0781f9f97193e	CglqbG9uZyAqbHBhcmcyPU5VTEw7
821	STATEMENT	39529	39544	1	3411ceb5951bc52321d8d6cf00df310a159211846b0264e08db2a18b94173633	CglqbG9uZyByYyA9IDA7
822	STATEMENT	39544	39622	1	7e658dff3ae50174f96c4c193bc5306d3a0026642a6fbef32b8b55cf69a8d19a	CglHVEs0X05BVElWRV9FTlRFUihlbnYsIHRoYXQsIGd0a18xY29sb3JfMWRpYWxvZ18xY2hvb3NlXzFyZ2JhXzFmaW5pc2hfRlVOQyk7
823	STATEMENT	39622	39714	1	b4f19d7a33b1d23f95212e25ea2f0a1971b2a069931368f0f7c3234ad1d7bc03	CglpZiAoYXJnMikgaWYgKChscGFyZzIgPSAoKmVudiktPkdldExvbmdBcnJheUVsZW1lbnRzKGVudiwgYXJnMiwgTlVMTCkpID09IE5VTEwpIGdvdG8gZmFpbDs=
824	BLOCK_OPEN	39714	39820	1	7483d69913a3a1c6f058dd218f87858602ddeb8ebb3d2c96c234ec135959b3ec	Ci8qCglyYyA9IChqbG9uZylndGtfY29sb3JfZGlhbG9nX2Nob29zZV9yZ2JhX2ZpbmlzaChhcmcwLCAoR0FzeW5jUmVzdWx0ICopYXJnMSwgKEdFcnJvciAqKilscGFyZzIpOwoqLwoJew==
825	BLOCK_OPEN	39820	39894	2	4608f5899d9bb40ddc228363776cdd5d9082b8fd063928b72d2d9f4583e3656d	CgkJR1RLNF9MT0FEX0ZVTkNUSU9OKGZwLCBndGtfY29sb3JfZGlhbG9nX2Nob29zZV9yZ2JhX2ZpbmlzaCkKCQlpZiAoZnApIHs=
826	STATEMENT	39894	40025	3	2a6ef6a062c322f200e04e72ee583805aa2c7ba1a48762ed4c39a153125fe7e8	CgkJCXJjID0gKGpsb25nKSgoamxvbmcgKENBTExJTkdfQ09OVkVOVElPTiopKGpsb25nLCBHQXN5bmNSZXN1bHQgKiwgR0Vycm9yICoqKSlmcCkoYXJnMCwgKEdBc3luY1Jlc3VsdCAqKWFyZzEsIChHRXJyb3IgKiopbHBhcmcyKTs=
827	FRAGMENT	40025	40028	3	3e13fafe8992426ccfcfbe1e1135fcbb8364b4a0a7331c64ba06546009b758f1	CgkJ
828	BLOCK_CLOSE	40028	40029	2	d10b36aa74a59bcf4a88185837f658afaf3646eff2bb16c3928d0e9335e945d2	fQ==
829	FRAGMENT	40029	40031	2	e8822f532ae9349b2b5743c494efd216ed4e44f9ebc82a6b1cb54895a5b88433	Cgk=
830	BLOCK_CLOSE	40031	40032	1	d10b36aa74a59bcf4a88185837f658afaf3646eff2bb16c3928d0e9335e945d2	fQ==
831	STATEMENT	40032	40115	1	7fbb799efbaced44951814914d554fd234f83e74e38da010ee1ef435ab5b6323	CmZhaWw6CglpZiAoYXJnMiAmJiBscGFyZzIpICgqZW52KS0+UmVsZWFzZUxvbmdBcnJheUVsZW1lbnRzKGVudiwgYXJnMiwgbHBhcmcyLCAwKTs=
832	STATEMENT	40115	40192	1	bceb256104552e6abe5d6f8e47877dc86f36f802cc6baff709633aeb740e17db	CglHVEs0X05BVElWRV9FWElUKGVudiwgdGhhdCwgZ3RrXzFjb2xvcl8xZGlhbG9nXzFjaG9vc2VfMXJnYmFfMWZpbmlzaF9GVU5DKTs=
833	STATEMENT	40192	40204	1	a028c9c9501df4846ec72c7b4432d4a3cb499b36b781bb1c38853498151d0ba7	CglyZXR1cm4gcmM7
834	FRAGMENT	40204	40205	1	01ba4719c80b6fe911b091a7c05124b64eeece964e09c058ef8f9805daca546b	Cg==
835	BLOCK_CLOSE	40205	40206	0	d10b36aa74a59bcf4a88185837f658afaf3646eff2bb16c3928d0e9335e945d2	fQ==
836	PREPROCESSOR	40206	40214	0	626de321eb397f6600939892a0009f31bc378f7e886f9acc5ec0af18db6a99a7	CiNlbmRpZgo=
837	PREPROCESSOR	40214	40257	0	51d3c2d805ce02e3cb01c3e5f134f8556a3852559fb8c255bd5cd1a43d6d43fe	CiNpZm5kZWYgTk9fZ3RrXzFjb2xvcl8xZGlhbG9nXzFnZXRfMW1vZGFsCg==
838	FUNCTION_OPEN	40257	40369	0	446cdd89f7815994eb2a579c644a5856a374310bb73c08cfe51166c5cce2822b	Sk5JRVhQT1JUIGpib29sZWFuIEpOSUNBTEwgR1RLNF9OQVRJVkUoZ3RrXzFjb2xvcl8xZGlhbG9nXzFnZXRfMW1vZGFsKQoJKEpOSUVudiAqZW52LCBqY2xhc3MgdGhhdCwgamxvbmcgYXJnMCkKew==
839	STATEMENT	40369	40387	1	6e389c725127046540fa228f0aca981232172a088ed5b7d88f2be6db7346caa1	CglqYm9vbGVhbiByYyA9IDA7
840	STATEMENT	40387	40455	1	4755a2404a51d6817c9cc3f9a1be19f7d40aae5c1e1f80aa9e44829778e2fd18	CglHVEs0X05BVElWRV9FTlRFUihlbnYsIHRoYXQsIGd0a18xY29sb3JfMWRpYWxvZ18xZ2V0XzFtb2RhbF9GVU5DKTs=
841	BLOCK_OPEN	40455	40514	1	f9b48536fed857839a191c8b43b8bc45120c436eae81338bd0622c9ff32ab52a	Ci8qCglyYyA9IChqYm9vbGVhbilndGtfY29sb3JfZGlhbG9nX2dldF9tb2RhbChhcmcwKTsKKi8KCXs=
842	BLOCK_OPEN	40514	40579	2	7cae824f78d56ad86aa81412c75579257f85fbce13b5558d72ecea849e283d84	CgkJR1RLNF9MT0FEX0ZVTkNUSU9OKGZwLCBndGtfY29sb3JfZGlhbG9nX2dldF9tb2RhbCkKCQlpZiAoZnApIHs=
843	STATEMENT	40579	40648	3	5f3c449f5c87688ece774a98b40fbe2fcb33980192a0bc5095f3ed4ea630b9ce	CgkJCXJjID0gKGpib29sZWFuKSgoamJvb2xlYW4gKENBTExJTkdfQ09OVkVOVElPTiopKGpsb25nKSlmcCkoYXJnMCk7
844	FRAGMENT	40648	40651	3	3e13fafe8992426ccfcfbe1e1135fcbb8364b4a0a7331c64ba06546009b758f1	CgkJ
845	BLOCK_CLOSE	40651	40652	2	d10b36aa74a59bcf4a88185837f658afaf3646eff2bb16c3928d0e9335e945d2	fQ==
846	FRAGMENT	40652	40654	2	e8822f532ae9349b2b5743c494efd216ed4e44f9ebc82a6b1cb54895a5b88433	Cgk=
847	BLOCK_CLOSE	40654	40655	1	d10b36aa74a59bcf4a88185837f658afaf3646eff2bb16c3928d0e9335e945d2	fQ==
848	STATEMENT	40655	40722	1	09a01504d5cef6f821ef801f39cfe600558d5e5d15a5091e4b578e0cbf5d15e3	CglHVEs0X05BVElWRV9FWElUKGVudiwgdGhhdCwgZ3RrXzFjb2xvcl8xZGlhbG9nXzFnZXRfMW1vZGFsX0ZVTkMpOw==
849	STATEMENT	40722	40734	1	a028c9c9501df4846ec72c7b4432d4a3cb499b36b781bb1c38853498151d0ba7	CglyZXR1cm4gcmM7
850	FRAGMENT	40734	40735	1	01ba4719c80b6fe911b091a7c05124b64eeece964e09c058ef8f9805daca546b	Cg==
851	BLOCK_CLOSE	40735	40736	0	d10b36aa74a59bcf4a88185837f658afaf3646eff2bb16c3928d0e9335e945d2	fQ==
852	PREPROCESSOR	40736	40744	0	626de321eb397f6600939892a0009f31bc378f7e886f9acc5ec0af18db6a99a7	CiNlbmRpZgo=
853	PREPROCESSOR	40744	40793	0	a954412532b8cf7c7c8955d39d4c7edb00c29b4a9232e4aed8887489ef3d3aa4	CiNpZm5kZWYgTk9fZ3RrXzFjb2xvcl8xZGlhbG9nXzFnZXRfMXdpdGhfMWFscGhhCg==
854	FUNCTION_OPEN	40793	40911	0	5cfd73b635833bdfbb3fbdef5c7dd55fb602f867aa17923a447accd40bd0dbc3	Sk5JRVhQT1JUIGpib29sZWFuIEpOSUNBTEwgR1RLNF9OQVRJVkUoZ3RrXzFjb2xvcl8xZGlhbG9nXzFnZXRfMXdpdGhfMWFscGhhKQoJKEpOSUVudiAqZW52LCBqY2xhc3MgdGhhdCwgamxvbmcgYXJnMCkKew==
855	STATEMENT	40911	40929	1	6e389c725127046540fa228f0aca981232172a088ed5b7d88f2be6db7346caa1	CglqYm9vbGVhbiByYyA9IDA7
856	STATEMENT	40929	41003	1	fdbb68a73b395c4c3b9ca86f6686fdb37f2cee8fda86fcd7f4d8271b9f657b4c	CglHVEs0X05BVElWRV9FTlRFUihlbnYsIHRoYXQsIGd0a18xY29sb3JfMWRpYWxvZ18xZ2V0XzF3aXRoXzFhbHBoYV9GVU5DKTs=
857	BLOCK_OPEN	41003	41067	1	4951e9a71c11f571dedd43853e8e472806ef4317a30c9185489cbecdc4706e6d	Ci8qCglyYyA9IChqYm9vbGVhbilndGtfY29sb3JfZGlhbG9nX2dldF93aXRoX2FscGhhKGFyZzApOwoqLwoJew==
858	BLOCK_OPEN	41067	41137	2	5eea6e6302e33ed710c086ae4f19f048124c7731359d3cbccf78d1b3efb9c903	CgkJR1RLNF9MT0FEX0ZVTkNUSU9OKGZwLCBndGtfY29sb3JfZGlhbG9nX2dldF93aXRoX2FscGhhKQoJCWlmIChmcCkgew==
859	STATEMENT	41137	41206	3	5f3c449f5c87688ece774a98b40fbe2fcb33980192a0bc5095f3ed4ea630b9ce	CgkJCXJjID0gKGpib29sZWFuKSgoamJvb2xlYW4gKENBTExJTkdfQ09OVkVOVElPTiopKGpsb25nKSlmcCkoYXJnMCk7
860	FRAGMENT	41206	41209	3	3e13fafe8992426ccfcfbe1e1135fcbb8364b4a0a7331c64ba06546009b758f1	CgkJ
861	BLOCK_CLOSE	41209	41210	2	d10b36aa74a59bcf4a88185837f658afaf3646eff2bb16c3928d0e9335e945d2	fQ==
862	FRAGMENT	41210	41212	2	e8822f532ae9349b2b5743c494efd216ed4e44f9ebc82a6b1cb54895a5b88433	Cgk=
863	BLOCK_CLOSE	41212	41213	1	d10b36aa74a59bcf4a88185837f658afaf3646eff2bb16c3928d0e9335e945d2	fQ==
864	STATEMENT	41213	41286	1	a2153ffed7318b46cb824da0672f77b569325b7d30d820db2be94ad5010cbe65	CglHVEs0X05BVElWRV9FWElUKGVudiwgdGhhdCwgZ3RrXzFjb2xvcl8xZGlhbG9nXzFnZXRfMXdpdGhfMWFscGhhX0ZVTkMpOw==
865	STATEMENT	41286	41298	1	a028c9c9501df4846ec72c7b4432d4a3cb499b36b781bb1c38853498151d0ba7	CglyZXR1cm4gcmM7
866	FRAGMENT	41298	41299	1	01ba4719c80b6fe911b091a7c05124b64eeece964e09c058ef8f9805daca546b	Cg==
867	BLOCK_CLOSE	41299	41300	0	d10b36aa74a59bcf4a88185837f658afaf3646eff2bb16c3928d0e9335e945d2	fQ==
868	PREPROCESSOR	41300	41308	0	626de321eb397f6600939892a0009f31bc378f7e886f9acc5ec0af18db6a99a7	CiNlbmRpZgo=
869	PREPROCESSOR	41308	41344	0	eeeaa351d11cbef8ae015b7d330021c89ce42cd74a99337f3662268da8e1af34	CiNpZm5kZWYgTk9fZ3RrXzFjb2xvcl8xZGlhbG9nXzFuZXcK
870	FUNCTION_OPEN	41344	41434	0	d352cb1a83b4ac34a3b0e6530c4391e38b6bb5c6981aeb884d32dd9ba1371b66	Sk5JRVhQT1JUIGpsb25nIEpOSUNBTEwgR1RLNF9OQVRJVkUoZ3RrXzFjb2xvcl8xZGlhbG9nXzFuZXcpCgkoSk5JRW52ICplbnYsIGpjbGFzcyB0aGF0KQp7
871	STATEMENT	41434	41449	1	3411ceb5951bc52321d8d6cf00df310a159211846b0264e08db2a18b94173633	CglqbG9uZyByYyA9IDA7
872	STATEMENT	41449	41510	1	766bd29dc15a35b4afb48938b052cb0c690827bda0e6946e7c05eddfafdde00c	CglHVEs0X05BVElWRV9FTlRFUihlbnYsIHRoYXQsIGd0a18xY29sb3JfMWRpYWxvZ18xbmV3X0ZVTkMpOw==
873	BLOCK_OPEN	41510	41556	1	8166396515563c00031d405616734538911b61c182eee8e9dd1c1f5547993c20	Ci8qCglyYyA9IChqbG9uZylndGtfY29sb3JfZGlhbG9nX25ldygpOwoqLwoJew==
874	BLOCK_OPEN	41556	41615	2	864e6f9c6b721d11a30b3b5d115aa89dd2ace325d1965de8f4c9511196c066be	CgkJR1RLNF9MT0FEX0ZVTkNUSU9OKGZwLCBndGtfY29sb3JfZGlhbG9nX25ldykKCQlpZiAoZnApIHs=
875	STATEMENT	41615	41669	3	72d46f21028e29f2662dd712b15d6ddc7f93f464b285d011d2b2f4b9e5b099e9	CgkJCXJjID0gKGpsb25nKSgoamxvbmcgKENBTExJTkdfQ09OVkVOVElPTiopKCkpZnApKCk7
876	FRAGMENT	41669	41672	3	3e13fafe8992426ccfcfbe1e1135fcbb8364b4a0a7331c64ba06546009b758f1	CgkJ
877	BLOCK_CLOSE	41672	41673	2	d10b36aa74a59bcf4a88185837f658afaf3646eff2bb16c3928d0e9335e945d2	fQ==
878	FRAGMENT	41673	41675	2	e8822f532ae9349b2b5743c494efd216ed4e44f9ebc82a6b1cb54895a5b88433	Cgk=
879	BLOCK_CLOSE	41675	41676	1	d10b36aa74a59bcf4a88185837f658afaf3646eff2bb16c3928d0e9335e945d2	fQ==
880	STATEMENT	41676	41736	1	efc1c43651622287f4197be4475df42ab3549cf69f92e27e61d190fadf078507	CglHVEs0X05BVElWRV9FWElUKGVudiwgdGhhdCwgZ3RrXzFjb2xvcl8xZGlhbG9nXzFuZXdfRlVOQyk7
881	STATEMENT	41736	41748	1	a028c9c9501df4846ec72c7b4432d4a3cb499b36b781bb1c38853498151d0ba7	CglyZXR1cm4gcmM7
882	FRAGMENT	41748	41749	1	01ba4719c80b6fe911b091a7c05124b64eeece964e09c058ef8f9805daca546b	Cg==
883	BLOCK_CLOSE	41749	41750	0	d10b36aa74a59bcf4a88185837f658afaf3646eff2bb16c3928d0e9335e945d2	fQ==
884	PREPROCESSOR	41750	41758	0	626de321eb397f6600939892a0009f31bc378f7e886f9acc5ec0af18db6a99a7	CiNlbmRpZgo=
885	PREPROCESSOR	41758	41801	0	441411ab8d22826fc8328594161cf9289e685c871b5b169e4a71f008832fb134	CiNpZm5kZWYgTk9fZ3RrXzFjb2xvcl8xZGlhbG9nXzFzZXRfMW1vZGFsCg==
886	FUNCTION_OPEN	41801	41924	0	b3f3ade2b0ac6a3df701dc78dd6d1dbf4c6671a17376572cea80bf4b32c3f7b3	Sk5JRVhQT1JUIHZvaWQgSk5JQ0FMTCBHVEs0X05BVElWRShndGtfMWNvbG9yXzFkaWFsb2dfMXNldF8xbW9kYWwpCgkoSk5JRW52ICplbnYsIGpjbGFzcyB0aGF0LCBqbG9uZyBhcmcwLCBqYm9vbGVhbiBhcmcxKQp7
887	STATEMENT	41924	41992	1	7b952c57528c1ce478b029d6ea17f1a540c37d360f572dab8a2c688834122a5e	CglHVEs0X05BVElWRV9FTlRFUihlbnYsIHRoYXQsIGd0a18xY29sb3JfMWRpYWxvZ18xc2V0XzFtb2RhbF9GVU5DKTs=
888	BLOCK_OPEN	41992	42052	1	d947ed1d57ce06f61c30edffa67b4db6c13fa6d4092e8ba1b9629cdac6d99427	Ci8qCglndGtfY29sb3JfZGlhbG9nX3NldF9tb2RhbChhcmcwLCAoZ2Jvb2xlYW4pYXJnMSk7CiovCgl7
889	BLOCK_OPEN	42052	42117	2	58017d611f352b3481956fffb6189217bcbe3719d2d1440bad93aa67e0fec460	CgkJR1RLNF9MT0FEX0ZVTkNUSU9OKGZwLCBndGtfY29sb3JfZGlhbG9nX3NldF9tb2RhbCkKCQlpZiAoZnApIHs=
890	STATEMENT	42117	42193	3	5d01f1fc401f364759d7ef0e50ce4e021518e2937b1e369430da5c91eea4f583	CgkJCSgodm9pZCAoQ0FMTElOR19DT05WRU5USU9OKikoamxvbmcsIGdib29sZWFuKSlmcCkoYXJnMCwgKGdib29sZWFuKWFyZzEpOw==
891	FRAGMENT	42193	42196	3	3e13fafe8992426ccfcfbe1e1135fcbb8364b4a0a7331c64ba06546009b758f1	CgkJ
892	BLOCK_CLOSE	42196	42197	2	d10b36aa74a59bcf4a88185837f658afaf3646eff2bb16c3928d0e9335e945d2	fQ==
893	FRAGMENT	42197	42199	2	e8822f532ae9349b2b5743c494efd216ed4e44f9ebc82a6b1cb54895a5b88433	Cgk=
894	BLOCK_CLOSE	42199	42200	1	d10b36aa74a59bcf4a88185837f658afaf3646eff2bb16c3928d0e9335e945d2	fQ==
895	STATEMENT	42200	42267	1	19c42886083422ef7cd47bf0bb1ad30d401bdf461d70f7663f11626219e741d5	CglHVEs0X05BVElWRV9FWElUKGVudiwgdGhhdCwgZ3RrXzFjb2xvcl8xZGlhbG9nXzFzZXRfMW1vZGFsX0ZVTkMpOw==
896	FRAGMENT	42267	42268	1	01ba4719c80b6fe911b091a7c05124b64eeece964e09c058ef8f9805daca546b	Cg==
897	BLOCK_CLOSE	42268	42269	0	d10b36aa74a59bcf4a88185837f658afaf3646eff2bb16c3928d0e9335e945d2	fQ==
898	PREPROCESSOR	42269	42277	0	626de321eb397f6600939892a0009f31bc378f7e886f9acc5ec0af18db6a99a7	CiNlbmRpZgo=
899	PREPROCESSOR	42277	42320	0	60accaa395a6d96b528f0cce14270d4359727d46169a7deeee8e84bf20b6a9e3	CiNpZm5kZWYgTk9fZ3RrXzFjb2xvcl8xZGlhbG9nXzFzZXRfMXRpdGxlCg==
900	FUNCTION_OPEN	42320	42446	0	644076e6afca5c54f5522e8a4f250ad4e5a291869adb8d34979df018c5b171cd	Sk5JRVhQT1JUIGpsb25nIEpOSUNBTEwgR1RLNF9OQVRJVkUoZ3RrXzFjb2xvcl8xZGlhbG9nXzFzZXRfMXRpdGxlKQoJKEpOSUVudiAqZW52LCBqY2xhc3MgdGhhdCwgamxvbmcgYXJnMCwgamJ5dGVBcnJheSBhcmcxKQp7
901	STATEMENT	42446	42467	1	ecbc1c66598161b54ed7d4df47ce4c17c895a8aaf496cadd930f0e7e6c9b06d3	CglqYnl0ZSAqbHBhcmcxPU5VTEw7
902	STATEMENT	42467	42482	1	3411ceb5951bc52321d8d6cf00df310a159211846b0264e08db2a18b94173633	CglqbG9uZyByYyA9IDA7
903	STATEMENT	42482	42550	1	a025b256e86b0e14dfecb2b020be372c9f05befb4e087c8f33eefb4f5fd2ad38	CglHVEs0X05BVElWRV9FTlRFUihlbnYsIHRoYXQsIGd0a18xY29sb3JfMWRpYWxvZ18xc2V0XzF0aXRsZV9GVU5DKTs=
904	STATEMENT	42550	42642	1	9e0f7faa1c09a55eb10394bedcb268962dfc3d57ab587fe9530c7324cc7b0ca1	CglpZiAoYXJnMSkgaWYgKChscGFyZzEgPSAoKmVudiktPkdldEJ5dGVBcnJheUVsZW1lbnRzKGVudiwgYXJnMSwgTlVMTCkpID09IE5VTEwpIGdvdG8gZmFpbDs=
905	BLOCK_OPEN	42642	42714	1	4e7518ebde1f1db5c47a99ebe4a7ae3586ac8ad9bd346f837c7d4a8bc300badb	Ci8qCglyYyA9IChqbG9uZylndGtfY29sb3JfZGlhbG9nX3NldF90aXRsZShhcmcwLCAoY2hhciAqKWxwYXJnMSk7CiovCgl7
906	BLOCK_OPEN	42714	42779	2	0840d033a12e54ff50bb335686c540b32db66a706f91ae34f0b758f85ac56758	CgkJR1RLNF9MT0FEX0ZVTkNUSU9OKGZwLCBndGtfY29sb3JfZGlhbG9nX3NldF90aXRsZSkKCQlpZiAoZnApIHs=
907	STATEMENT	42779	42866	3	8252beff239b5ebb8c3bf9e66fa1d8bc2a1855a9ddb1993e9407951faabd3722	CgkJCXJjID0gKGpsb25nKSgoamxvbmcgKENBTExJTkdfQ09OVkVOVElPTiopKGpsb25nLCBjaGFyICopKWZwKShhcmcwLCAoY2hhciAqKWxwYXJnMSk7
908	FRAGMENT	42866	42869	3	3e13fafe8992426ccfcfbe1e1135fcbb8364b4a0a7331c64ba06546009b758f1	CgkJ
909	BLOCK_CLOSE	42869	42870	2	d10b36aa74a59bcf4a88185837f658afaf3646eff2bb16c3928d0e9335e945d2	fQ==
910	FRAGMENT	42870	42872	2	e8822f532ae9349b2b5743c494efd216ed4e44f9ebc82a6b1cb54895a5b88433	Cgk=
911	BLOCK_CLOSE	42872	42873	1	d10b36aa74a59bcf4a88185837f658afaf3646eff2bb16c3928d0e9335e945d2	fQ==
912	STATEMENT	42873	42956	1	78812943a01430fa07d31629617d2c1617a8077555058eb3c69830ff8aafbb1d	CmZhaWw6CglpZiAoYXJnMSAmJiBscGFyZzEpICgqZW52KS0+UmVsZWFzZUJ5dGVBcnJheUVsZW1lbnRzKGVudiwgYXJnMSwgbHBhcmcxLCAwKTs=
913	STATEMENT	42956	43023	1	aa19e34f5ba9491edd4e932983e7bba5392d1bfbb003dbb8831c3470c779fd63	CglHVEs0X05BVElWRV9FWElUKGVudiwgdGhhdCwgZ3RrXzFjb2xvcl8xZGlhbG9nXzFzZXRfMXRpdGxlX0ZVTkMpOw==
914	STATEMENT	43023	43035	1	a028c9c9501df4846ec72c7b4432d4a3cb499b36b781bb1c38853498151d0ba7	CglyZXR1cm4gcmM7
915	FRAGMENT	43035	43036	1	01ba4719c80b6fe911b091a7c05124b64eeece964e09c058ef8f9805daca546b	Cg==
916	BLOCK_CLOSE	43036	43037	0	d10b36aa74a59bcf4a88185837f658afaf3646eff2bb16c3928d0e9335e945d2	fQ==
917	PREPROCESSOR	43037	43045	0	626de321eb397f6600939892a0009f31bc378f7e886f9acc5ec0af18db6a99a7	CiNlbmRpZgo=
918	PREPROCESSOR	43045	43094	0	3e1d1532a3de0da7d26474a4121a01821772dd732eadda730e0406cbf8dd03ae	CiNpZm5kZWYgTk9fZ3RrXzFjb2xvcl8xZGlhbG9nXzFzZXRfMXdpdGhfMWFscGhhCg==
919	FUNCTION_OPEN	43094	43223	0	88319bc2817e6cbc24ff1ff67ff8f20d49e79fdafe23e2591a1f3d22a69b47f4	Sk5JRVhQT1JUIHZvaWQgSk5JQ0FMTCBHVEs0X05BVElWRShndGtfMWNvbG9yXzFkaWFsb2dfMXNldF8xd2l0aF8xYWxwaGEpCgkoSk5JRW52ICplbnYsIGpjbGFzcyB0aGF0LCBqbG9uZyBhcmcwLCBqYm9vbGVhbiBhcmcxKQp7
920	STATEMENT	43223	43297	1	1b1c261bb177490d90ad183cfba9132f955f24e312f5812e19a79ef37786c347	CglHVEs0X05BVElWRV9FTlRFUihlbnYsIHRoYXQsIGd0a18xY29sb3JfMWRpYWxvZ18xc2V0XzF3aXRoXzFhbHBoYV9GVU5DKTs=
921	BLOCK_OPEN	43297	43362	1	8ab3674be24b3a89574aff6487aea6a6a629ecdf621bff986058e06d4f80060e	Ci8qCglndGtfY29sb3JfZGlhbG9nX3NldF93aXRoX2FscGhhKGFyZzAsIChnYm9vbGVhbilhcmcxKTsKKi8KCXs=
922	BLOCK_OPEN	43362	43432	2	6e53383bd438dba49e8189181d53b48b4ecd18ec358ef1de1b85169ee7686462	CgkJR1RLNF9MT0FEX0ZVTkNUSU9OKGZwLCBndGtfY29sb3JfZGlhbG9nX3NldF93aXRoX2FscGhhKQoJCWlmIChmcCkgew==
923	STATEMENT	43432	43508	3	5d01f1fc401f364759d7ef0e50ce4e021518e2937b1e369430da5c91eea4f583	CgkJCSgodm9pZCAoQ0FMTElOR19DT05WRU5USU9OKikoamxvbmcsIGdib29sZWFuKSlmcCkoYXJnMCwgKGdib29sZWFuKWFyZzEpOw==
924	FRAGMENT	43508	43511	3	3e13fafe8992426ccfcfbe1e1135fcbb8364b4a0a7331c64ba06546009b758f1	CgkJ
925	BLOCK_CLOSE	43511	43512	2	d10b36aa74a59bcf4a88185837f658afaf3646eff2bb16c3928d0e9335e945d2	fQ==
926	FRAGMENT	43512	43514	2	e8822f532ae9349b2b5743c494efd216ed4e44f9ebc82a6b1cb54895a5b88433	Cgk=
927	BLOCK_CLOSE	43514	43515	1	d10b36aa74a59bcf4a88185837f658afaf3646eff2bb16c3928d0e9335e945d2	fQ==
928	STATEMENT	43515	43588	1	80e3ce16c1af16946514585c860fbdebfbf483cd9f1762d7210ff2f1aeae45ad	CglHVEs0X05BVElWRV9FWElUKGVudiwgdGhhdCwgZ3RrXzFjb2xvcl8xZGlhbG9nXzFzZXRfMXdpdGhfMWFscGhhX0ZVTkMpOw==
929	FRAGMENT	43588	43589	1	01ba4719c80b6fe911b091a7c05124b64eeece964e09c058ef8f9805daca546b	Cg==
930	BLOCK_CLOSE	43589	43590	0	d10b36aa74a59bcf4a88185837f658afaf3646eff2bb16c3928d0e9335e945d2	fQ==
931	PREPROCESSOR	43590	43598	0	626de321eb397f6600939892a0009f31bc378f7e886f9acc5ec0af18db6a99a7	CiNlbmRpZgo=
932	PREPROCESSOR	43598	43638	0	911a14f22a343122cc6fda05d42c1f5013d0908abc55f0cfe861eb25ec241f84	CiNpZm5kZWYgTk9fZ3RrXzFjb21ib18xYm94XzFnZXRfMWNoaWxkCg==
933	FUNCTION_OPEN	43638	43744	0	797ef42bec7a919023fa60669f88ca5032fd67488245fe2b676dd42fa44cb7b6	Sk5JRVhQT1JUIGpsb25nIEpOSUNBTEwgR1RLNF9OQVRJVkUoZ3RrXzFjb21ib18xYm94XzFnZXRfMWNoaWxkKQoJKEpOSUVudiAqZW52LCBqY2xhc3MgdGhhdCwgamxvbmcgYXJnMCkKew==
934	STATEMENT	43744	43759	1	3411ceb5951bc52321d8d6cf00df310a159211846b0264e08db2a18b94173633	CglqbG9uZyByYyA9IDA7
935	STATEMENT	43759	43824	1	e0ac39d4bc158ce915b3684e10718cdeca2ad4921675a8d4494bd4422dcd6fa6	CglHVEs0X05BVElWRV9FTlRFUihlbnYsIHRoYXQsIGd0a18xY29tYm9fMWJveF8xZ2V0XzFjaGlsZF9GVU5DKTs=
936	STATEMENT	43824	43883	1	708dae37d8bc9fe2bb1e8036eb15f65af878eb19f4e0e26f8f5819be76913439	CglyYyA9IChqbG9uZylndGtfY29tYm9fYm94X2dldF9jaGlsZCgoR3RrQ29tYm9Cb3ggKilhcmcwKTs=
937	STATEMENT	43883	43947	1	b7caee52105b0c1eea0b50f914eee24c9730d472edb685716ece6598f1a60e3c	CglHVEs0X05BVElWRV9FWElUKGVudiwgdGhhdCwgZ3RrXzFjb21ib18xYm94XzFnZXRfMWNoaWxkX0ZVTkMpOw==
938	STATEMENT	43947	43959	1	a028c9c9501df4846ec72c7b4432d4a3cb499b36b781bb1c38853498151d0ba7	CglyZXR1cm4gcmM7
939	FRAGMENT	43959	43960	1	01ba4719c80b6fe911b091a7c05124b64eeece964e09c058ef8f9805daca546b	Cg==
940	BLOCK_CLOSE	43960	43961	0	d10b36aa74a59bcf4a88185837f658afaf3646eff2bb16c3928d0e9335e945d2	fQ==
941	PREPROCESSOR	43961	43969	0	626de321eb397f6600939892a0009f31bc378f7e886f9acc5ec0af18db6a99a7	CiNlbmRpZgo=
942	PREPROCESSOR	43969	44018	0	b223a440c46e95902bc751abf86a64f2e22eee77a79dc87d44ff927d9c960181	CiNpZm5kZWYgTk9fZ3RrXzFjc3NfMXByb3ZpZGVyXzFsb2FkXzFmcm9tXzFkYXRhCg==
943	FUNCTION_OPEN	44018	44161	0	61da84c5594c418b5909774de7123ae6ce3c948f6a6669df2342e6b5416f71f5	Sk5JRVhQT1JUIHZvaWQgSk5JQ0FMTCBHVEs0X05BVElWRShndGtfMWNzc18xcHJvdmlkZXJfMWxvYWRfMWZyb21fMWRhdGEpCgkoSk5JRW52ICplbnYsIGpjbGFzcyB0aGF0LCBqbG9uZyBhcmcwLCBqYnl0ZUFycmF5IGFyZzEsIGpsb25nIGFyZzIpCns=
944	STATEMENT	44161	44182	1	ecbc1c66598161b54ed7d4df47ce4c17c895a8aaf496cadd930f0e7e6c9b06d3	CglqYnl0ZSAqbHBhcmcxPU5VTEw7
945	STATEMENT	44182	44256	1	5d5a3361395c500fb83eff6b4f2f73a2f455e2d9d2f74cf79430ba3cf6918578	CglHVEs0X05BVElWRV9FTlRFUihlbnYsIHRoYXQsIGd0a18xY3NzXzFwcm92aWRlcl8xbG9hZF8xZnJvbV8xZGF0YV9GVU5DKTs=
946	STATEMENT	44256	44348	1	9e0f7faa1c09a55eb10394bedcb268962dfc3d57ab587fe9530c7324cc7b0ca1	CglpZiAoYXJnMSkgaWYgKChscGFyZzEgPSAoKmVudiktPkdldEJ5dGVBcnJheUVsZW1lbnRzKGVudiwgYXJnMSwgTlVMTCkpID09IE5VTEwpIGdvdG8gZmFpbDs=
947	STATEMENT	44348	44443	1	dc536c220b59b5a88f0f9b457861320919dceffcf0fcc4196b9a8b8146b0e2ea	CglndGtfY3NzX3Byb3ZpZGVyX2xvYWRfZnJvbV9kYXRhKChHdGtDc3NQcm92aWRlciAqKWFyZzAsIChjb25zdCBnY2hhciAqKWxwYXJnMSwgKGdzc2l6ZSlhcmcyKTs=
948	STATEMENT	44443	44526	1	78812943a01430fa07d31629617d2c1617a8077555058eb3c69830ff8aafbb1d	CmZhaWw6CglpZiAoYXJnMSAmJiBscGFyZzEpICgqZW52KS0+UmVsZWFzZUJ5dGVBcnJheUVsZW1lbnRzKGVudiwgYXJnMSwgbHBhcmcxLCAwKTs=
949	STATEMENT	44526	44599	1	3db50e1a1b11c231d4b4fd7a618e5b314fc23a7bf375b4f9a61d0ce1b75829ce	CglHVEs0X05BVElWRV9FWElUKGVudiwgdGhhdCwgZ3RrXzFjc3NfMXByb3ZpZGVyXzFsb2FkXzFmcm9tXzFkYXRhX0ZVTkMpOw==
950	FRAGMENT	44599	44600	1	01ba4719c80b6fe911b091a7c05124b64eeece964e09c058ef8f9805daca546b	Cg==
951	BLOCK_CLOSE	44600	44601	0	d10b36aa74a59bcf4a88185837f658afaf3646eff2bb16c3928d0e9335e945d2	fQ==
952	PREPROCESSOR	44601	44609	0	626de321eb397f6600939892a0009f31bc378f7e886f9acc5ec0af18db6a99a7	CiNlbmRpZgo=
953	PREPROCESSOR	44609	44644	0	1d927c13ad716d47eac9b041d03464a98183546227765de16631ed953e5a7bf8	CiNpZm5kZWYgTk9fZ3RrXzFkcmFnXzFzb3VyY2VfMW5ldwo=
954	FUNCTION_OPEN	44644	44733	0	702327c38389982ff9c2e8b2e6b9800fae875ce5ddcd7c7f7e06a82ea0526a94	Sk5JRVhQT1JUIGpsb25nIEpOSUNBTEwgR1RLNF9OQVRJVkUoZ3RrXzFkcmFnXzFzb3VyY2VfMW5ldykKCShKTklFbnYgKmVudiwgamNsYXNzIHRoYXQpCns=
955	STATEMENT	44733	44748	1	3411ceb5951bc52321d8d6cf00df310a159211846b0264e08db2a18b94173633	CglqbG9uZyByYyA9IDA7
956	STATEMENT	44748	44808	1	00ef614a1f096b787c9899177d511f45d6636cf11748f0aa64a0bceb7ddc2a8f	CglHVEs0X05BVElWRV9FTlRFUihlbnYsIHRoYXQsIGd0a18xZHJhZ18xc291cmNlXzFuZXdfRlVOQyk7
957	STATEMENT	44808	44844	1	a681daff51a153b4e15a13d156c4963dd1781c7ba4efe3b71f31eb73ed54bbe9	CglyYyA9IChqbG9uZylndGtfZHJhZ19zb3VyY2VfbmV3KCk7
958	STATEMENT	44844	44903	1	dbd684b9cc84c3bfd4e429e0dcb747ae68b6004ca280cb0b15786c7f2602d192	CglHVEs0X05BVElWRV9FWElUKGVudiwgdGhhdCwgZ3RrXzFkcmFnXzFzb3VyY2VfMW5ld19GVU5DKTs=
959	STATEMENT	44903	44915	1	a028c9c9501df4846ec72c7b4432d4a3cb499b36b781bb1c38853498151d0ba7	CglyZXR1cm4gcmM7
960	FRAGMENT	44915	44916	1	01ba4719c80b6fe911b091a7c05124b64eeece964e09c058ef8f9805daca546b	Cg==
961	BLOCK_CLOSE	44916	44917	0	d10b36aa74a59bcf4a88185837f658afaf3646eff2bb16c3928d0e9335e945d2	fQ==
962	PREPROCESSOR	44917	44925	0	626de321eb397f6600939892a0009f31bc378f7e886f9acc5ec0af18db6a99a7	CiNlbmRpZgo=
963	PREPROCESSOR	44925	44969	0	3afcd7edd147354de9caf8eda790bd757dae0f04387647be30a5bf6fc581296a	CiNpZm5kZWYgTk9fZ3RrXzFkcmFnXzFzb3VyY2VfMXNldF8xYWN0aW9ucwo=
964	FUNCTION_OPEN	44969	45089	0	202d11d3b6f161bf51bb3a784e2cb0b388a0efb86dde9330258fe035fc4d7784	Sk5JRVhQT1JUIHZvaWQgSk5JQ0FMTCBHVEs0X05BVElWRShndGtfMWRyYWdfMXNvdXJjZV8xc2V0XzFhY3Rpb25zKQoJKEpOSUVudiAqZW52LCBqY2xhc3MgdGhhdCwgamxvbmcgYXJnMCwgamludCBhcmcxKQp7
965	STATEMENT	45089	45158	1	42cd769dcc41b7b2c555e95607faabd0b6e847c77d03d0e5824930b289d1b567	CglHVEs0X05BVElWRV9FTlRFUihlbnYsIHRoYXQsIGd0a18xZHJhZ18xc291cmNlXzFzZXRfMWFjdGlvbnNfRlVOQyk7
966	STATEMENT	45158	45232	1	227450d53374fe9550a548538b5628dcb746bae286856a968a49d04325c4acd8	CglndGtfZHJhZ19zb3VyY2Vfc2V0X2FjdGlvbnMoKEd0a0RyYWdTb3VyY2UgKilhcmcwLCAoR2RrRHJhZ0FjdGlvbilhcmcxKTs=
967	STATEMENT	45232	45300	1	3efb15b5c50488d0dfa81ce8b646f05fcf82906496a916e7b5b4d5630402fca7	CglHVEs0X05BVElWRV9FWElUKGVudiwgdGhhdCwgZ3RrXzFkcmFnXzFzb3VyY2VfMXNldF8xYWN0aW9uc19GVU5DKTs=
968	FRAGMENT	45300	45301	1	01ba4719c80b6fe911b091a7c05124b64eeece964e09c058ef8f9805daca546b	Cg==
969	BLOCK_CLOSE	45301	45302	0	d10b36aa74a59bcf4a88185837f658afaf3646eff2bb16c3928d0e9335e945d2	fQ==
970	PREPROCESSOR	45302	45310	0	626de321eb397f6600939892a0009f31bc378f7e886f9acc5ec0af18db6a99a7	CiNlbmRpZgo=
971	PREPROCESSOR	45310	45351	0	8e97fbe8c6d0b7960d8128b6e1b3f131bbd65f90e528c03a451db2ce8ea33774	CiNpZm5kZWYgTk9fZ3RrXzFkcmFnXzFzb3VyY2VfMXNldF8xaWNvbgo=
972	FUNCTION_OPEN	45351	45491	0	b39a4909ea6315528a38b01dd72206e9f036bfa50d8fbc9db42b1bbfde9d1d2a	Sk5JRVhQT1JUIHZvaWQgSk5JQ0FMTCBHVEs0X05BVElWRShndGtfMWRyYWdfMXNvdXJjZV8xc2V0XzFpY29uKQoJKEpOSUVudiAqZW52LCBqY2xhc3MgdGhhdCwgamxvbmcgYXJnMCwgamxvbmcgYXJnMSwgamludCBhcmcyLCBqaW50IGFyZzMpCns=
973	STATEMENT	45491	45557	1	221cb0c01282f5dac05a13bcc397ad432802209ebec9f026d27e97edd905ccbf	CglHVEs0X05BVElWRV9FTlRFUihlbnYsIHRoYXQsIGd0a18xZHJhZ18xc291cmNlXzFzZXRfMWljb25fRlVOQyk7
974	STATEMENT	45557	45641	1	b13be7989899b10772bfddcb0ffcc0d375d663697f69c8959a3d0ab1ddb51d2e	CglndGtfZHJhZ19zb3VyY2Vfc2V0X2ljb24oKEd0a0RyYWdTb3VyY2UgKilhcmcwLCAoR2RrUGFpbnRhYmxlICopYXJnMSwgYXJnMiwgYXJnMyk7
975	STATEMENT	45641	45706	1	e841aa7dfdfe6c884c0c9fe1f509cbc082cb5880d2614a2886d204798c95f364	CglHVEs0X05BVElWRV9FWElUKGVudiwgdGhhdCwgZ3RrXzFkcmFnXzFzb3VyY2VfMXNldF8xaWNvbl9GVU5DKTs=
976	FRAGMENT	45706	45707	1	01ba4719c80b6fe911b091a7c05124b64eeece964e09c058ef8f9805daca546b	Cg==
977	BLOCK_CLOSE	45707	45708	0	d10b36aa74a59bcf4a88185837f658afaf3646eff2bb16c3928d0e9335e945d2	fQ==
978	PREPROCESSOR	45708	45716	0	626de321eb397f6600939892a0009f31bc378f7e886f9acc5ec0af18db6a99a7	CiNlbmRpZgo=
979	PREPROCESSOR	45716	45758	0	3343966b82ab6cf8cd0e8a60549cdef1d6e0a08432ef65a579ff29b47afee5c4	CiNpZm5kZWYgTk9fZ3RrXzFkcm9wXzF0YXJnZXRfMWFzeW5jXzFuZXcK
980	FUNCTION_OPEN	45758	45877	0	8a72919d9d7c5fd355e1de54103f1d8596e9085f55f812ac3b2e7e326b127d7a	Sk5JRVhQT1JUIGpsb25nIEpOSUNBTEwgR1RLNF9OQVRJVkUoZ3RrXzFkcm9wXzF0YXJnZXRfMWFzeW5jXzFuZXcpCgkoSk5JRW52ICplbnYsIGpjbGFzcyB0aGF0LCBqbG9uZyBhcmcwLCBqaW50IGFyZzEpCns=
981	STATEMENT	45877	45892	1	3411ceb5951bc52321d8d6cf00df310a159211846b0264e08db2a18b94173633	CglqbG9uZyByYyA9IDA7
982	STATEMENT	45892	45959	1	4d999a200992d60913dd90f29e962e2565a476750f3bfad0db9ba162fe597906	CglHVEs0X05BVElWRV9FTlRFUihlbnYsIHRoYXQsIGd0a18xZHJvcF8xdGFyZ2V0XzFhc3luY18xbmV3X0ZVTkMpOw==
983	STATEMENT	45959	46047	1	a67f2647186b647fa37feed280620b9e73f728a3cd4a7ea70a045798ca6cd645	CglyYyA9IChqbG9uZylndGtfZHJvcF90YXJnZXRfYXN5bmNfbmV3KChHZGtDb250ZW50Rm9ybWF0cyAqKWFyZzAsIChHZGtEcmFnQWN0aW9uKWFyZzEpOw==
984	STATEMENT	46047	46113	1	c8844403a1af9e6ed8e2b4855c3fe8307b4a8e7ff61d1a688811c7e8089a919a	CglHVEs0X05BVElWRV9FWElUKGVudiwgdGhhdCwgZ3RrXzFkcm9wXzF0YXJnZXRfMWFzeW5jXzFuZXdfRlVOQyk7
985	STATEMENT	46113	46125	1	a028c9c9501df4846ec72c7b4432d4a3cb499b36b781bb1c38853498151d0ba7	CglyZXR1cm4gcmM7
986	FRAGMENT	46125	46126	1	01ba4719c80b6fe911b091a7c05124b64eeece964e09c058ef8f9805daca546b	Cg==
987	BLOCK_CLOSE	46126	46127	0	d10b36aa74a59bcf4a88185837f658afaf3646eff2bb16c3928d0e9335e945d2	fQ==
988	PREPROCESSOR	46127	46135	0	626de321eb397f6600939892a0009f31bc378f7e886f9acc5ec0af18db6a99a7	CiNlbmRpZgo=
989	PREPROCESSOR	46135	46186	0	e5c797c514694165d7e29c8cadf71935c72e6c853864e06e96b5e07ffcb44451	CiNpZm5kZWYgTk9fZ3RrXzFkcm9wXzF0YXJnZXRfMWFzeW5jXzFzZXRfMWZvcm1hdHMK
990	FUNCTION_OPEN	46186	46314	0	f4500f6afb07d6ef0326cbbc3f8b3faad31892ef59cbd640bf54d23603632ea8	Sk5JRVhQT1JUIHZvaWQgSk5JQ0FMTCBHVEs0X05BVElWRShndGtfMWRyb3BfMXRhcmdldF8xYXN5bmNfMXNldF8xZm9ybWF0cykKCShKTklFbnYgKmVudiwgamNsYXNzIHRoYXQsIGpsb25nIGFyZzAsIGpsb25nIGFyZzEpCns=
991	STATEMENT	46314	46390	1	2af8182d44b803f998c56ca2ca5f6ca87b9a694235b1307ab14c92591ec1056f	CglHVEs0X05BVElWRV9FTlRFUihlbnYsIHRoYXQsIGd0a18xZHJvcF8xdGFyZ2V0XzFhc3luY18xc2V0XzFmb3JtYXRzX0ZVTkMpOw==
992	STATEMENT	46390	46481	1	bed9c2ad9a1d5939162cd0636b4e75250f635be00ba3de207c01cc7885dbf784	CglndGtfZHJvcF90YXJnZXRfYXN5bmNfc2V0X2Zvcm1hdHMoKEd0a0Ryb3BUYXJnZXRBc3luYyAqKWFyZzAsIChHZGtDb250ZW50Rm9ybWF0cyAqKWFyZzEpOw==
993	STATEMENT	46481	46556	1	6a71fec898a3f2191d48e17daad0e7650eec61b8cc5b8a2d1ac95e5be7a4f6ff	CglHVEs0X05BVElWRV9FWElUKGVudiwgdGhhdCwgZ3RrXzFkcm9wXzF0YXJnZXRfMWFzeW5jXzFzZXRfMWZvcm1hdHNfRlVOQyk7
994	FRAGMENT	46556	46557	1	01ba4719c80b6fe911b091a7c05124b64eeece964e09c058ef8f9805daca546b	Cg==
995	BLOCK_CLOSE	46557	46558	0	d10b36aa74a59bcf4a88185837f658afaf3646eff2bb16c3928d0e9335e945d2	fQ==
996	PREPROCESSOR	46558	46566	0	626de321eb397f6600939892a0009f31bc378f7e886f9acc5ec0af18db6a99a7	CiNlbmRpZgo=
997	PREPROCESSOR	46566	46607	0	d620c406f18464252f9adef5939661297df817a7c4e4248fcf968c9deb26ce3c	CiNpZm5kZWYgTk9fZ3RrXzFlZGl0YWJsZV8xZ2V0XzFkZWxlZ2F0ZQo=
998	FUNCTION_OPEN	46607	46714	0	c6839a75f004c924dc62987aad945e3ba776f4f440dca6c274e236e6db5bd833	Sk5JRVhQT1JUIGpsb25nIEpOSUNBTEwgR1RLNF9OQVRJVkUoZ3RrXzFlZGl0YWJsZV8xZ2V0XzFkZWxlZ2F0ZSkKCShKTklFbnYgKmVudiwgamNsYXNzIHRoYXQsIGpsb25nIGFyZzApCns=
999	STATEMENT	46714	46729	1	3411ceb5951bc52321d8d6cf00df310a159211846b0264e08db2a18b94173633	CglqbG9uZyByYyA9IDA7
1000	STATEMENT	46729	46795	1	d498aaa0464fe395da228a2129b9de829aa835e7f5d2c48e679bfcf0e46ccd60	CglHVEs0X05BVElWRV9FTlRFUihlbnYsIHRoYXQsIGd0a18xZWRpdGFibGVfMWdldF8xZGVsZWdhdGVfRlVOQyk7
1001	STATEMENT	46795	46856	1	2d116614f537199f363111856a62990aacfdfb25e1ab0fc33116acb74f8955a2	CglyYyA9IChqbG9uZylndGtfZWRpdGFibGVfZ2V0X2RlbGVnYXRlKChHdGtFZGl0YWJsZSAqKWFyZzApOw==
1002	STATEMENT	46856	46921	1	c4e05e1b9c14235862faf7cc11d1c3863bdcb6b258febadfb9173843b2314b3e	CglHVEs0X05BVElWRV9FWElUKGVudiwgdGhhdCwgZ3RrXzFlZGl0YWJsZV8xZ2V0XzFkZWxlZ2F0ZV9GVU5DKTs=
1003	STATEMENT	46921	46933	1	a028c9c9501df4846ec72c7b4432d4a3cb499b36b781bb1c38853498151d0ba7	CglyZXR1cm4gcmM7
1004	FRAGMENT	46933	46934	1	01ba4719c80b6fe911b091a7c05124b64eeece964e09c058ef8f9805daca546b	Cg==
1005	BLOCK_CLOSE	46934	46935	0	d10b36aa74a59bcf4a88185837f658afaf3646eff2bb16c3928d0e9335e945d2	fQ==
1006	PREPROCESSOR	46935	46943	0	626de321eb397f6600939892a0009f31bc378f7e886f9acc5ec0af18db6a99a7	CiNlbmRpZgo=
1007	PREPROCESSOR	46943	46993	0	0df8a381f5734b38e19d629baf4e5f8eb8394b1a8e2fd1015af321900c7dc583	CiNpZm5kZWYgTk9fZ3RrXzFlZGl0YWJsZV8xZ2V0XzFtYXhfMXdpZHRoXzFjaGFycwo=
1008	FUNCTION_OPEN	46993	47108	0	5e13e4f1c99aa2fd22446e5ae300178b2cea368df1afc8cc9ebe056a9d91c08f	Sk5JRVhQT1JUIGppbnQgSk5JQ0FMTCBHVEs0X05BVElWRShndGtfMWVkaXRhYmxlXzFnZXRfMW1heF8xd2lkdGhfMWNoYXJzKQoJKEpOSUVudiAqZW52LCBqY2xhc3MgdGhhdCwgamxvbmcgYXJnMCkKew==
1009	STATEMENT	47108	47122	1	ab2eac128ef6225b35f40b35e2bd8fba39be8b3b6b281960b3c51646eba99890	CglqaW50IHJjID0gMDs=
1010	STATEMENT	47122	47197	1	767b4fb286bfb080e7241d89d9543b7c4763ce9af6a3812926fbd1fd10410b56	CglHVEs0X05BVElWRV9FTlRFUihlbnYsIHRoYXQsIGd0a18xZWRpdGFibGVfMWdldF8xbWF4XzF3aWR0aF8xY2hhcnNfRlVOQyk7
1011	STATEMENT	47197	47264	1	bd775581e68306392d3a2db7d3b95d7743d075cc1b2bf4c6d257ee5a2d33563b	CglyYyA9IChqaW50KWd0a19lZGl0YWJsZV9nZXRfbWF4X3dpZHRoX2NoYXJzKChHdGtFZGl0YWJsZSAqKWFyZzApOw==
1012	STATEMENT	47264	47338	1	1b3358f0f1863fb3025a31205bb536dd1d68e70024bc6fd6c269e7525add3db7	CglHVEs0X05BVElWRV9FWElUKGVudiwgdGhhdCwgZ3RrXzFlZGl0YWJsZV8xZ2V0XzFtYXhfMXdpZHRoXzFjaGFyc19GVU5DKTs=
1013	STATEMENT	47338	47350	1	a028c9c9501df4846ec72c7b4432d4a3cb499b36b781bb1c38853498151d0ba7	CglyZXR1cm4gcmM7
1014	FRAGMENT	47350	47351	1	01ba4719c80b6fe911b091a7c05124b64eeece964e09c058ef8f9805daca546b	Cg==
1015	BLOCK_CLOSE	47351	47352	0	d10b36aa74a59bcf4a88185837f658afaf3646eff2bb16c3928d0e9335e945d2	fQ==
1016	PREPROCESSOR	47352	47360	0	626de321eb397f6600939892a0009f31bc378f7e886f9acc5ec0af18db6a99a7	CiNlbmRpZgo=
1017	PREPROCESSOR	47360	47397	0	69678b305bd8271049f045853a0043f1a1fb5a2cfb3b9a0f06ed667631fd8398	CiNpZm5kZWYgTk9fZ3RrXzFlZGl0YWJsZV8xZ2V0XzF0ZXh0Cg==
1018	FUNCTION_OPEN	47397	47500	0	e50ccb1d6a6c16c98231d310786b8761e8aaab8661f8aa2499047d2ae60f333c	Sk5JRVhQT1JUIGpsb25nIEpOSUNBTEwgR1RLNF9OQVRJVkUoZ3RrXzFlZGl0YWJsZV8xZ2V0XzF0ZXh0KQoJKEpOSUVudiAqZW52LCBqY2xhc3MgdGhhdCwgamxvbmcgYXJnMCkKew==
1019	STATEMENT	47500	47515	1	3411ceb5951bc52321d8d6cf00df310a159211846b0264e08db2a18b94173633	CglqbG9uZyByYyA9IDA7
1020	STATEMENT	47515	47577	1	532b2c728787bec4defdad3392ad13bdc9c9a93752ec319dc72a0745514cd583	CglHVEs0X05BVElWRV9FTlRFUihlbnYsIHRoYXQsIGd0a18xZWRpdGFibGVfMWdldF8xdGV4dF9GVU5DKTs=
1021	STATEMENT	47577	47634	1	55c3cacfcb82aaf59672b9be719bcc36c63e6012ad114d39fae08fe7b14f13e9	CglyYyA9IChqbG9uZylndGtfZWRpdGFibGVfZ2V0X3RleHQoKEd0a0VkaXRhYmxlICopYXJnMCk7
1022	STATEMENT	47634	47695	1	3eed96941486fa50a609da6ce4290e494afe57bebfc36766f5637f9ae158673c	CglHVEs0X05BVElWRV9FWElUKGVudiwgdGhhdCwgZ3RrXzFlZGl0YWJsZV8xZ2V0XzF0ZXh0X0ZVTkMpOw==
1023	STATEMENT	47695	47707	1	a028c9c9501df4846ec72c7b4432d4a3cb499b36b781bb1c38853498151d0ba7	CglyZXR1cm4gcmM7
1024	FRAGMENT	47707	47708	1	01ba4719c80b6fe911b091a7c05124b64eeece964e09c058ef8f9805daca546b	Cg==
1025	BLOCK_CLOSE	47708	47709	0	d10b36aa74a59bcf4a88185837f658afaf3646eff2bb16c3928d0e9335e945d2	fQ==
1026	PREPROCESSOR	47709	47717	0	626de321eb397f6600939892a0009f31bc378f7e886f9acc5ec0af18db6a99a7	CiNlbmRpZgo=
1027	PREPROCESSOR	47717	47759	0	ca86eb8d896fdc7af39ef9cf0479dd02d13c1d4d2738022adbf3e0e8494d7f13	CiNpZm5kZWYgTk9fZ3RrXzFlZGl0YWJsZV8xc2V0XzFhbGlnbm1lbnQK
1028	FUNCTION_OPEN	47759	47879	0	36743f90122cda5e216ebb8da46999b6bf75cd240b7a77ceaca04826f98b7e26	Sk5JRVhQT1JUIHZvaWQgSk5JQ0FMTCBHVEs0X05BVElWRShndGtfMWVkaXRhYmxlXzFzZXRfMWFsaWdubWVudCkKCShKTklFbnYgKmVudiwgamNsYXNzIHRoYXQsIGpsb25nIGFyZzAsIGpmbG9hdCBhcmcxKQp7
1029	STATEMENT	47879	47946	1	5226f569107fd4c5a4176c1294305c59fa9364ffe5ed43dcde866239fcbb490c	CglHVEs0X05BVElWRV9FTlRFUihlbnYsIHRoYXQsIGd0a18xZWRpdGFibGVfMXNldF8xYWxpZ25tZW50X0ZVTkMpOw==
1030	STATEMENT	47946	48009	1	35a719348d80b35fea0b96b22ba07f6f01e6dad05afcef32d6cfb02f54310689	CglndGtfZWRpdGFibGVfc2V0X2FsaWdubWVudCgoR3RrRWRpdGFibGUgKilhcmcwLCAoZmxvYXQpYXJnMSk7
1031	STATEMENT	48009	48075	1	8b0c1c26040903734d434275871600b74c074a979f41d52341a0b60938a35282	CglHVEs0X05BVElWRV9FWElUKGVudiwgdGhhdCwgZ3RrXzFlZGl0YWJsZV8xc2V0XzFhbGlnbm1lbnRfRlVOQyk7
1032	FRAGMENT	48075	48076	1	01ba4719c80b6fe911b091a7c05124b64eeece964e09c058ef8f9805daca546b	Cg==
1033	BLOCK_CLOSE	48076	48077	0	d10b36aa74a59bcf4a88185837f658afaf3646eff2bb16c3928d0e9335e945d2	fQ==
1034	PREPROCESSOR	48077	48085	0	626de321eb397f6600939892a0009f31bc378f7e886f9acc5ec0af18db6a99a7	CiNlbmRpZgo=
1035	PREPROCESSOR	48085	48135	0	28558a60c198b19f2159597ad5762488b79b6b6718b7361272b80f4c978ad397	CiNpZm5kZWYgTk9fZ3RrXzFlZGl0YWJsZV8xc2V0XzFtYXhfMXdpZHRoXzFjaGFycwo=
1036	FUNCTION_OPEN	48135	48261	0	86666dbc57514607b8d4a1fd0abf1dc81394e1a52b3d1bf18b3616fd7eef7705	Sk5JRVhQT1JUIHZvaWQgSk5JQ0FMTCBHVEs0X05BVElWRShndGtfMWVkaXRhYmxlXzFzZXRfMW1heF8xd2lkdGhfMWNoYXJzKQoJKEpOSUVudiAqZW52LCBqY2xhc3MgdGhhdCwgamxvbmcgYXJnMCwgamludCBhcmcxKQp7
1037	STATEMENT	48261	48336	1	c80009b119bc2e67fa1717d89e5d6926055c87e9a61b4a77dd4dadb12c0f807b	CglHVEs0X05BVElWRV9FTlRFUihlbnYsIHRoYXQsIGd0a18xZWRpdGFibGVfMXNldF8xbWF4XzF3aWR0aF8xY2hhcnNfRlVOQyk7
1038	STATEMENT	48336	48403	1	7cea03e2fcf68bc9189a8ac6c1dfb82943a35e89ade316a67f432c1a94158c1c	CglndGtfZWRpdGFibGVfc2V0X21heF93aWR0aF9jaGFycygoR3RrRWRpdGFibGUgKilhcmcwLCAoaW50KWFyZzEpOw==
1039	STATEMENT	48403	48477	1	6543f13c559db85f79e6cd3ca0c8f03cddf7afc2e145297e8e01f1072c77dee5	CglHVEs0X05BVElWRV9FWElUKGVudiwgdGhhdCwgZ3RrXzFlZGl0YWJsZV8xc2V0XzFtYXhfMXdpZHRoXzFjaGFyc19GVU5DKTs=
1040	FRAGMENT	48477	48478	1	01ba4719c80b6fe911b091a7c05124b64eeece964e09c058ef8f9805daca546b	Cg==
1041	BLOCK_CLOSE	48478	48479	0	d10b36aa74a59bcf4a88185837f658afaf3646eff2bb16c3928d0e9335e945d2	fQ==
1042	PREPROCESSOR	48479	48487	0	626de321eb397f6600939892a0009f31bc378f7e886f9acc5ec0af18db6a99a7	CiNlbmRpZgo=
1043	PREPROCESSOR	48487	48524	0	ac50f7ce2c821cf104ed05e420cb059830ff899d5d7a59cddaca455558410620	CiNpZm5kZWYgTk9fZ3RrXzFlZGl0YWJsZV8xc2V0XzF0ZXh0Cg==
1044	FUNCTION_OPEN	48524	48643	0	7f36e1b339a5bdabdd3bbdc3c20d4ead03461dd80e9d2d606f2548f50a80cc22	Sk5JRVhQT1JUIHZvaWQgSk5JQ0FMTCBHVEs0X05BVElWRShndGtfMWVkaXRhYmxlXzFzZXRfMXRleHQpCgkoSk5JRW52ICplbnYsIGpjbGFzcyB0aGF0LCBqbG9uZyBhcmcwLCBqYnl0ZUFycmF5IGFyZzEpCns=
1045	STATEMENT	48643	48664	1	ecbc1c66598161b54ed7d4df47ce4c17c895a8aaf496cadd930f0e7e6c9b06d3	CglqYnl0ZSAqbHBhcmcxPU5VTEw7
1046	STATEMENT	48664	48726	1	dea4f9c3c23f1dc62fb1a38f8205981bcaa593e0168818bdec04d1a6a6cd96fa	CglHVEs0X05BVElWRV9FTlRFUihlbnYsIHRoYXQsIGd0a18xZWRpdGFibGVfMXNldF8xdGV4dF9GVU5DKTs=
1047	STATEMENT	48726	48818	1	9e0f7faa1c09a55eb10394bedcb268962dfc3d57ab587fe9530c7324cc7b0ca1	CglpZiAoYXJnMSkgaWYgKChscGFyZzEgPSAoKmVudiktPkdldEJ5dGVBcnJheUVsZW1lbnRzKGVudiwgYXJnMSwgTlVMTCkpID09IE5VTEwpIGdvdG8gZmFpbDs=
1048	STATEMENT	48818	48886	1	3d600797008a5be0b52628020038432df8b23290fc28132c481fc6fae2238abb	CglndGtfZWRpdGFibGVfc2V0X3RleHQoKEd0a0VkaXRhYmxlICopYXJnMCwgKGNvbnN0IGdjaGFyICopbHBhcmcxKTs=
1049	STATEMENT	48886	48969	1	78812943a01430fa07d31629617d2c1617a8077555058eb3c69830ff8aafbb1d	CmZhaWw6CglpZiAoYXJnMSAmJiBscGFyZzEpICgqZW52KS0+UmVsZWFzZUJ5dGVBcnJheUVsZW1lbnRzKGVudiwgYXJnMSwgbHBhcmcxLCAwKTs=
1050	STATEMENT	48969	49030	1	d884bb83db482fea5d426a8c6cb84b4f97f44a6396d6a6a9f1ffcb4dc249846e	CglHVEs0X05BVElWRV9FWElUKGVudiwgdGhhdCwgZ3RrXzFlZGl0YWJsZV8xc2V0XzF0ZXh0X0ZVTkMpOw==
1051	FRAGMENT	49030	49031	1	01ba4719c80b6fe911b091a7c05124b64eeece964e09c058ef8f9805daca546b	Cg==
1052	BLOCK_CLOSE	49031	49032	0	d10b36aa74a59bcf4a88185837f658afaf3646eff2bb16c3928d0e9335e945d2	fQ==
1053	PREPROCESSOR	49032	49040	0	626de321eb397f6600939892a0009f31bc378f7e886f9acc5ec0af18db6a99a7	CiNlbmRpZgo=
1054	PREPROCESSOR	49040	49082	0	86c0d175699241614d5cc77f7cc7d6eb42e7ae56d895f71d829ba37abf74046a	CiNpZm5kZWYgTk9fZ3RrXzFlbnRyeV8xYnVmZmVyXzFnZXRfMXRleHQK
1055	FUNCTION_OPEN	49082	49190	0	ad544e1dca8500c7399fa2245d85fc415634a299a21e4e13f220632514b37991	Sk5JRVhQT1JUIGpsb25nIEpOSUNBTEwgR1RLNF9OQVRJVkUoZ3RrXzFlbnRyeV8xYnVmZmVyXzFnZXRfMXRleHQpCgkoSk5JRW52ICplbnYsIGpjbGFzcyB0aGF0LCBqbG9uZyBhcmcwKQp7
1056	STATEMENT	49190	49205	1	3411ceb5951bc52321d8d6cf00df310a159211846b0264e08db2a18b94173633	CglqbG9uZyByYyA9IDA7
1057	STATEMENT	49205	49272	1	cd74ebac66c47afdce6855a8ec8c8e7350c6d5d5e44fa3e674b67c50d6b810de	CglHVEs0X05BVElWRV9FTlRFUihlbnYsIHRoYXQsIGd0a18xZW50cnlfMWJ1ZmZlcl8xZ2V0XzF0ZXh0X0ZVTkMpOw==
1058	STATEMENT	49272	49336	1	e2e4412a3380fc942a4091f929cce1039effcaad29662247583683c841c51dac	CglyYyA9IChqbG9uZylndGtfZW50cnlfYnVmZmVyX2dldF90ZXh0KChHdGtFbnRyeUJ1ZmZlciAqKWFyZzApOw==
1059	STATEMENT	49336	49402	1	4809fa2dceaad08aa65a0ab412145eef26dc25b94f53d5ba959fb56557ae7279	CglHVEs0X05BVElWRV9FWElUKGVudiwgdGhhdCwgZ3RrXzFlbnRyeV8xYnVmZmVyXzFnZXRfMXRleHRfRlVOQyk7
1060	STATEMENT	49402	49414	1	a028c9c9501df4846ec72c7b4432d4a3cb499b36b781bb1c38853498151d0ba7	CglyZXR1cm4gcmM7
1061	FRAGMENT	49414	49415	1	01ba4719c80b6fe911b091a7c05124b64eeece964e09c058ef8f9805daca546b	Cg==
1062	BLOCK_CLOSE	49415	49416	0	d10b36aa74a59bcf4a88185837f658afaf3646eff2bb16c3928d0e9335e945d2	fQ==
1063	PREPROCESSOR	49416	49424	0	626de321eb397f6600939892a0009f31bc378f7e886f9acc5ec0af18db6a99a7	CiNlbmRpZgo=
1064	PREPROCESSOR	49424	49460	0	f9ac94dad5fcd76aeef7c6eed4815ad507627d9daf318dde3186ddf11f273576	CiNpZm5kZWYgTk9fZ3RrXzFlbnRyeV8xZ2V0XzFidWZmZXIK
1065	FUNCTION_OPEN	49460	49562	0	7740d6cf1114f895a2dd5fec90acf7960822ba49377f1c52838bccdfa9e06281	Sk5JRVhQT1JUIGpsb25nIEpOSUNBTEwgR1RLNF9OQVRJVkUoZ3RrXzFlbnRyeV8xZ2V0XzFidWZmZXIpCgkoSk5JRW52ICplbnYsIGpjbGFzcyB0aGF0LCBqbG9uZyBhcmcwKQp7
1066	STATEMENT	49562	49577	1	3411ceb5951bc52321d8d6cf00df310a159211846b0264e08db2a18b94173633	CglqbG9uZyByYyA9IDA7
1067	STATEMENT	49577	49638	1	ff75f4687f19a35532d9e7603d2d545daccffd7db4a4c179f7b2f2927f99214a	CglHVEs0X05BVElWRV9FTlRFUihlbnYsIHRoYXQsIGd0a18xZW50cnlfMWdldF8xYnVmZmVyX0ZVTkMpOw==
1068	STATEMENT	49638	49691	1	fe35fda36bbf199a31b72c36623f6aad86718afd49a21f0aece7635b7c93b303	CglyYyA9IChqbG9uZylndGtfZW50cnlfZ2V0X2J1ZmZlcigoR3RrRW50cnkgKilhcmcwKTs=
1069	STATEMENT	49691	49751	1	5e78943c1acd190f3da3add53f18faccbf1130491f44aadeadc7b537000ba041	CglHVEs0X05BVElWRV9FWElUKGVudiwgdGhhdCwgZ3RrXzFlbnRyeV8xZ2V0XzFidWZmZXJfRlVOQyk7
1070	STATEMENT	49751	49763	1	a028c9c9501df4846ec72c7b4432d4a3cb499b36b781bb1c38853498151d0ba7	CglyZXR1cm4gcmM7
1071	FRAGMENT	49763	49764	1	01ba4719c80b6fe911b091a7c05124b64eeece964e09c058ef8f9805daca546b	Cg==
1072	BLOCK_CLOSE	49764	49765	0	d10b36aa74a59bcf4a88185837f658afaf3646eff2bb16c3928d0e9335e945d2	fQ==
1073	PREPROCESSOR	49765	49773	0	626de321eb397f6600939892a0009f31bc378f7e886f9acc5ec0af18db6a99a7	CiNlbmRpZgo=
1074	PREPROCESSOR	49773	49815	0	7bc9d34034db6ab516c1d21d7149f7da3f27aae34f536fa519250677c59880ae	CiNpZm5kZWYgTk9fZ3RrXzFlbnRyeV8xZ2V0XzF0ZXh0XzFsZW5ndGgK
1075	FUNCTION_OPEN	49815	49922	0	e70f80c5c099fa0f70d3f9fa1d51df9f6578b46ebf46e2d6ef380cc2cfcd1fb6	Sk5JRVhQT1JUIGppbnQgSk5JQ0FMTCBHVEs0X05BVElWRShndGtfMWVudHJ5XzFnZXRfMXRleHRfMWxlbmd0aCkKCShKTklFbnYgKmVudiwgamNsYXNzIHRoYXQsIGpsb25nIGFyZzApCns=
1076	STATEMENT	49922	49936	1	ab2eac128ef6225b35f40b35e2bd8fba39be8b3b6b281960b3c51646eba99890	CglqaW50IHJjID0gMDs=
1077	STATEMENT	49936	50003	1	1cb938e19e587153b1e44bfb1e3549b8cdc96e57e3bc2631d2093016f11d980f	CglHVEs0X05BVElWRV9FTlRFUihlbnYsIHRoYXQsIGd0a18xZW50cnlfMWdldF8xdGV4dF8xbGVuZ3RoX0ZVTkMpOw==
1078	STATEMENT	50003	50060	1	3a11a8d1b618382a165529dc31ed30ad955e429531210ff257ae8b1a6df0a232	CglyYyA9IChqaW50KWd0a19lbnRyeV9nZXRfdGV4dF9sZW5ndGgoKEd0a0VudHJ5ICopYXJnMCk7
1079	STATEMENT	50060	50126	1	0b4e0097b2660739e119de19a3087b89ebb3277409f1983d9b013dcf1b857303	CglHVEs0X05BVElWRV9FWElUKGVudiwgdGhhdCwgZ3RrXzFlbnRyeV8xZ2V0XzF0ZXh0XzFsZW5ndGhfRlVOQyk7
1080	STATEMENT	50126	50138	1	a028c9c9501df4846ec72c7b4432d4a3cb499b36b781bb1c38853498151d0ba7	CglyZXR1cm4gcmM7
1081	FRAGMENT	50138	50139	1	01ba4719c80b6fe911b091a7c05124b64eeece964e09c058ef8f9805daca546b	Cg==
1082	BLOCK_CLOSE	50139	50140	0	d10b36aa74a59bcf4a88185837f658afaf3646eff2bb16c3928d0e9335e945d2	fQ==
1083	PREPROCESSOR	50140	50148	0	626de321eb397f6600939892a0009f31bc378f7e886f9acc5ec0af18db6a99a7	CiNlbmRpZgo=
1084	PREPROCESSOR	50148	50184	0	90fe66c02b8971a673a8b3d2fcfd7163702b5b7e73606c39fab0463b5aba4353	CiNpZm5kZWYgTk9fZ3RrXzFlbnRyeV8xc2V0XzFidWZmZXIK
1085	FUNCTION_OPEN	50184	50297	0	83f7727f3579d3a9261a1e7b56a25921116066b479e8d353e8a0404bbf36b995	Sk5JRVhQT1JUIHZvaWQgSk5JQ0FMTCBHVEs0X05BVElWRShndGtfMWVudHJ5XzFzZXRfMWJ1ZmZlcikKCShKTklFbnYgKmVudiwgamNsYXNzIHRoYXQsIGpsb25nIGFyZzAsIGpsb25nIGFyZzEpCns=
1086	STATEMENT	50297	50358	1	a1bb450b6e7512b0d7e927e84ab4e9b6fa33fba4bd574a6d4189c2101a0cf710	CglHVEs0X05BVElWRV9FTlRFUihlbnYsIHRoYXQsIGd0a18xZW50cnlfMXNldF8xYnVmZmVyX0ZVTkMpOw==
1087	STATEMENT	50358	50423	1	0cd4abfb312d88ee2a8eac7606b2afa64d329f124f2f90fdf10688e96335bd93	CglndGtfZW50cnlfc2V0X2J1ZmZlcigoR3RrRW50cnkgKilhcmcwLCAoR3RrRW50cnlCdWZmZXIgKilhcmcxKTs=
1088	STATEMENT	50423	50483	1	34ab097ca68538a9042319bdec521b1ab857a45a4cb3ee5231a24cc67089beab	CglHVEs0X05BVElWRV9FWElUKGVudiwgdGhhdCwgZ3RrXzFlbnRyeV8xc2V0XzFidWZmZXJfRlVOQyk7
1089	FRAGMENT	50483	50484	1	01ba4719c80b6fe911b091a7c05124b64eeece964e09c058ef8f9805daca546b	Cg==
1090	BLOCK_CLOSE	50484	50485	0	d10b36aa74a59bcf4a88185837f658afaf3646eff2bb16c3928d0e9335e945d2	fQ==
1091	PREPROCESSOR	50485	50493	0	626de321eb397f6600939892a0009f31bc378f7e886f9acc5ec0af18db6a99a7	CiNlbmRpZgo=
1092	PREPROCESSOR	50493	50540	0	3291d420f485d66c5fd6729c7bfe43c50d57982b96b89c692032072d26f69428	CiNpZm5kZWYgTk9fZ3RrXzFldmVudF8xY29udHJvbGxlcl8xZm9jdXNfMW5ldwo=
1093	FUNCTION_OPEN	50540	50641	0	41833cee20ee2ae244317aa8608cc042ed97ba04108aa4dcd43d4b063b8bddd5	Sk5JRVhQT1JUIGpsb25nIEpOSUNBTEwgR1RLNF9OQVRJVkUoZ3RrXzFldmVudF8xY29udHJvbGxlcl8xZm9jdXNfMW5ldykKCShKTklFbnYgKmVudiwgamNsYXNzIHRoYXQpCns=
1094	STATEMENT	50641	50656	1	3411ceb5951bc52321d8d6cf00df310a159211846b0264e08db2a18b94173633	CglqbG9uZyByYyA9IDA7
1095	STATEMENT	50656	50728	1	ff951efc7d860597fdf1b439215d6a688418c8ca024ee677b840be687b1cb2cd	CglHVEs0X05BVElWRV9FTlRFUihlbnYsIHRoYXQsIGd0a18xZXZlbnRfMWNvbnRyb2xsZXJfMWZvY3VzXzFuZXdfRlVOQyk7
1096	STATEMENT	50728	50775	1	c9025355c56f6ff030d6acd60206b7380dc3baa9b66f73e24a970868e78372a2	CglyYyA9IChqbG9uZylndGtfZXZlbnRfY29udHJvbGxlcl9mb2N1c19uZXcoKTs=
1097	STATEMENT	50775	50846	1	fccf3a83a8faa2f7d182c2ff761e592c22e62773afd7768308e90f50bc8c08e2	CglHVEs0X05BVElWRV9FWElUKGVudiwgdGhhdCwgZ3RrXzFldmVudF8xY29udHJvbGxlcl8xZm9jdXNfMW5ld19GVU5DKTs=
1098	STATEMENT	50846	50858	1	a028c9c9501df4846ec72c7b4432d4a3cb499b36b781bb1c38853498151d0ba7	CglyZXR1cm4gcmM7
1099	FRAGMENT	50858	50859	1	01ba4719c80b6fe911b091a7c05124b64eeece964e09c058ef8f9805daca546b	Cg==
1100	BLOCK_CLOSE	50859	50860	0	d10b36aa74a59bcf4a88185837f658afaf3646eff2bb16c3928d0e9335e945d2	fQ==
1101	PREPROCESSOR	50860	50868	0	626de321eb397f6600939892a0009f31bc378f7e886f9acc5ec0af18db6a99a7	CiNlbmRpZgo=
1102	PREPROCESSOR	50868	50924	0	34d70b412cb30960539fa10e05c8cf1020ca7e911421a74eb57c1e981e9ac3bb	CiNpZm5kZWYgTk9fZ3RrXzFldmVudF8xY29udHJvbGxlcl8xZ2V0XzFjdXJyZW50XzFldmVudAo=
1103	FUNCTION_OPEN	50924	51046	0	5441154b19c4285178d30115a9fee99ce8e392544bf6e3bbb53ddef17ef25484	Sk5JRVhQT1JUIGpsb25nIEpOSUNBTEwgR1RLNF9OQVRJVkUoZ3RrXzFldmVudF8xY29udHJvbGxlcl8xZ2V0XzFjdXJyZW50XzFldmVudCkKCShKTklFbnYgKmVudiwgamNsYXNzIHRoYXQsIGpsb25nIGFyZzApCns=
1104	STATEMENT	51046	51061	1	3411ceb5951bc52321d8d6cf00df310a159211846b0264e08db2a18b94173633	CglqbG9uZyByYyA9IDA7
1105	STATEMENT	51061	51142	1	9919577bc4085c79e5be0e2ae12d20bb4a9732d1fb8ab54accfd31531f0f9e1a	CglHVEs0X05BVElWRV9FTlRFUihlbnYsIHRoYXQsIGd0a18xZXZlbnRfMWNvbnRyb2xsZXJfMWdldF8xY3VycmVudF8xZXZlbnRfRlVOQyk7
1106	STATEMENT	51142	51223	1	82a2f2a4c27fb4aa13262f2e4f2687d87124b7c7b3eda7607f169272a59c3b06	CglyYyA9IChqbG9uZylndGtfZXZlbnRfY29udHJvbGxlcl9nZXRfY3VycmVudF9ldmVudCgoR3RrRXZlbnRDb250cm9sbGVyICopYXJnMCk7
1107	STATEMENT	51223	51303	1	2c4a6327f2badee01d01a1fe27387d0b0a3bf579ec5bec04cd31700d7278cb85	CglHVEs0X05BVElWRV9FWElUKGVudiwgdGhhdCwgZ3RrXzFldmVudF8xY29udHJvbGxlcl8xZ2V0XzFjdXJyZW50XzFldmVudF9GVU5DKTs=
1108	STATEMENT	51303	51315	1	a028c9c9501df4846ec72c7b4432d4a3cb499b36b781bb1c38853498151d0ba7	CglyZXR1cm4gcmM7
1109	FRAGMENT	51315	51316	1	01ba4719c80b6fe911b091a7c05124b64eeece964e09c058ef8f9805daca546b	Cg==
1110	BLOCK_CLOSE	51316	51317	0	d10b36aa74a59bcf4a88185837f658afaf3646eff2bb16c3928d0e9335e945d2	fQ==
1111	PREPROCESSOR	51317	51325	0	626de321eb397f6600939892a0009f31bc378f7e886f9acc5ec0af18db6a99a7	CiNlbmRpZgo=
1112	PREPROCESSOR	51325	51388	0	343b3146f1a567ef7ac13165ebe4536d48d7b0fd6f2d3f41250751c5b0013bb2	CiNpZm5kZWYgTk9fZ3RrXzFldmVudF8xY29udHJvbGxlcl8xZ2V0XzFjdXJyZW50XzFldmVudF8xc3RhdGUK
1113	FUNCTION_OPEN	51388	51516	0	410e5460ba8c26b04cb91d0ab45cf4e70bcfeaa908fba1bfd8037d3c2f3d0d4d	Sk5JRVhQT1JUIGppbnQgSk5JQ0FMTCBHVEs0X05BVElWRShndGtfMWV2ZW50XzFjb250cm9sbGVyXzFnZXRfMWN1cnJlbnRfMWV2ZW50XzFzdGF0ZSkKCShKTklFbnYgKmVudiwgamNsYXNzIHRoYXQsIGpsb25nIGFyZzApCns=
1114	STATEMENT	51516	51530	1	ab2eac128ef6225b35f40b35e2bd8fba39be8b3b6b281960b3c51646eba99890	CglqaW50IHJjID0gMDs=
1115	STATEMENT	51530	51618	1	89782a432956df0c903aed3e7849332f563ff9d31fb46fd9ff9c3febb45b21a1	CglHVEs0X05BVElWRV9FTlRFUihlbnYsIHRoYXQsIGd0a18xZXZlbnRfMWNvbnRyb2xsZXJfMWdldF8xY3VycmVudF8xZXZlbnRfMXN0YXRlX0ZVTkMpOw==
1116	STATEMENT	51618	51704	1	702352cbbf3f04eb88bb617395d4d39611ba59662e5235fb05b5af3478ceb362	CglyYyA9IChqaW50KWd0a19ldmVudF9jb250cm9sbGVyX2dldF9jdXJyZW50X2V2ZW50X3N0YXRlKChHdGtFdmVudENvbnRyb2xsZXIgKilhcmcwKTs=
1117	STATEMENT	51704	51791	1	bd7a76a4d1bc84b9588def1ee93c2978544768f58aba2876b31085616d13da3c	CglHVEs0X05BVElWRV9FWElUKGVudiwgdGhhdCwgZ3RrXzFldmVudF8xY29udHJvbGxlcl8xZ2V0XzFjdXJyZW50XzFldmVudF8xc3RhdGVfRlVOQyk7
1118	STATEMENT	51791	51803	1	a028c9c9501df4846ec72c7b4432d4a3cb499b36b781bb1c38853498151d0ba7	CglyZXR1cm4gcmM7
1119	FRAGMENT	51803	51804	1	01ba4719c80b6fe911b091a7c05124b64eeece964e09c058ef8f9805daca546b	Cg==
1120	BLOCK_CLOSE	51804	51805	0	d10b36aa74a59bcf4a88185837f658afaf3646eff2bb16c3928d0e9335e945d2	fQ==
1121	PREPROCESSOR	51805	51813	0	626de321eb397f6600939892a0009f31bc378f7e886f9acc5ec0af18db6a99a7	CiNlbmRpZgo=
1122	PREPROCESSOR	51813	51858	0	ceb315c4d8162a7661de03777f8ea4d706acadbd7e6c881f3b3e1ac8250e7fa4	CiNpZm5kZWYgTk9fZ3RrXzFldmVudF8xY29udHJvbGxlcl8xa2V5XzFuZXcK
1123	FUNCTION_OPEN	51858	51957	0	0e1ce2557be5d43bcb7d9e24c25142ec891eac9e51ccc996e734f34d9d43882e	Sk5JRVhQT1JUIGpsb25nIEpOSUNBTEwgR1RLNF9OQVRJVkUoZ3RrXzFldmVudF8xY29udHJvbGxlcl8xa2V5XzFuZXcpCgkoSk5JRW52ICplbnYsIGpjbGFzcyB0aGF0KQp7
1124	STATEMENT	51957	51972	1	3411ceb5951bc52321d8d6cf00df310a159211846b0264e08db2a18b94173633	CglqbG9uZyByYyA9IDA7
1125	STATEMENT	51972	52042	1	d2b9ef4d27b7d4feb81ec4abf7b9c55be058c77fb09d38fefb76a2a0ba7fb439	CglHVEs0X05BVElWRV9FTlRFUihlbnYsIHRoYXQsIGd0a18xZXZlbnRfMWNvbnRyb2xsZXJfMWtleV8xbmV3X0ZVTkMpOw==
1126	STATEMENT	52042	52087	1	449150b0c3c24cdb7c08af088b829d5b03269e9917076e30038ba61ad9392d3b	CglyYyA9IChqbG9uZylndGtfZXZlbnRfY29udHJvbGxlcl9rZXlfbmV3KCk7
1127	STATEMENT	52087	52156	1	722ef3967e658d77ad89509b2a1f7f1be427e6d771a5cd8b42bddf60ae0232ea	CglHVEs0X05BVElWRV9FWElUKGVudiwgdGhhdCwgZ3RrXzFldmVudF8xY29udHJvbGxlcl8xa2V5XzFuZXdfRlVOQyk7
1128	STATEMENT	52156	52168	1	a028c9c9501df4846ec72c7b4432d4a3cb499b36b781bb1c38853498151d0ba7	CglyZXR1cm4gcmM7
1129	FRAGMENT	52168	52169	1	01ba4719c80b6fe911b091a7c05124b64eeece964e09c058ef8f9805daca546b	Cg==
1130	BLOCK_CLOSE	52169	52170	0	d10b36aa74a59bcf4a88185837f658afaf3646eff2bb16c3928d0e9335e945d2	fQ==
1131	PREPROCESSOR	52170	52178	0	626de321eb397f6600939892a0009f31bc378f7e886f9acc5ec0af18db6a99a7	CiNlbmRpZgo=
1132	PREPROCESSOR	52178	52226	0	73003cfa821be34a13b5eb8d51bdfad673c404639ecb6a3c9153b9696f203753	CiNpZm5kZWYgTk9fZ3RrXzFldmVudF8xY29udHJvbGxlcl8xbW90aW9uXzFuZXcK
1133	FUNCTION_OPEN	52226	52328	0	dff97d1cee8cf61a0a20579b94853a7fed850267d0018e5e4b1ecd4b922f2f21	Sk5JRVhQT1JUIGpsb25nIEpOSUNBTEwgR1RLNF9OQVRJVkUoZ3RrXzFldmVudF8xY29udHJvbGxlcl8xbW90aW9uXzFuZXcpCgkoSk5JRW52ICplbnYsIGpjbGFzcyB0aGF0KQp7
1134	STATEMENT	52328	52343	1	3411ceb5951bc52321d8d6cf00df310a159211846b0264e08db2a18b94173633	CglqbG9uZyByYyA9IDA7
1135	STATEMENT	52343	52416	1	60c75b02eaca33a2dfe37e54768c38ece1f2a0cb9f1b356cf77d615ffc1ab239	CglHVEs0X05BVElWRV9FTlRFUihlbnYsIHRoYXQsIGd0a18xZXZlbnRfMWNvbnRyb2xsZXJfMW1vdGlvbl8xbmV3X0ZVTkMpOw==
1136	STATEMENT	52416	52464	1	59b3ff8a6d320768c0badb3776d2a8b57614f18e0acc5fa8b0e29025895360dc	CglyYyA9IChqbG9uZylndGtfZXZlbnRfY29udHJvbGxlcl9tb3Rpb25fbmV3KCk7
1137	STATEMENT	52464	52536	1	e4226cc522c094e9cfd93959713ed80787290ad7c1815db0d1e8555764ef385f	CglHVEs0X05BVElWRV9FWElUKGVudiwgdGhhdCwgZ3RrXzFldmVudF8xY29udHJvbGxlcl8xbW90aW9uXzFuZXdfRlVOQyk7
1138	STATEMENT	52536	52548	1	a028c9c9501df4846ec72c7b4432d4a3cb499b36b781bb1c38853498151d0ba7	CglyZXR1cm4gcmM7
1139	FRAGMENT	52548	52549	1	01ba4719c80b6fe911b091a7c05124b64eeece964e09c058ef8f9805daca546b	Cg==
1140	BLOCK_CLOSE	52549	52550	0	d10b36aa74a59bcf4a88185837f658afaf3646eff2bb16c3928d0e9335e945d2	fQ==
1141	PREPROCESSOR	52550	52558	0	626de321eb397f6600939892a0009f31bc378f7e886f9acc5ec0af18db6a99a7	CiNlbmRpZgo=
1142	PREPROCESSOR	52558	52606	0	bc7175c08d672e1d83570dbed9d090176d72f674325350c2ef7bc6b747a75c03	CiNpZm5kZWYgTk9fZ3RrXzFldmVudF8xY29udHJvbGxlcl8xc2Nyb2xsXzFuZXcK
1143	FUNCTION_OPEN	52606	52719	0	8458c43e227409001cbf2c54446705a67a5597565e4221e6d3511a9977d058e5	Sk5JRVhQT1JUIGpsb25nIEpOSUNBTEwgR1RLNF9OQVRJVkUoZ3RrXzFldmVudF8xY29udHJvbGxlcl8xc2Nyb2xsXzFuZXcpCgkoSk5JRW52ICplbnYsIGpjbGFzcyB0aGF0LCBqaW50IGFyZzApCns=
1144	STATEMENT	52719	52734	1	3411ceb5951bc52321d8d6cf00df310a159211846b0264e08db2a18b94173633	CglqbG9uZyByYyA9IDA7
1145	STATEMENT	52734	52807	1	28814b5ffc0dceb5bf45535e9a74095a4c0e4230596cb0231916ef8b531d120f	CglHVEs0X05BVElWRV9FTlRFUihlbnYsIHRoYXQsIGd0a18xZXZlbnRfMWNvbnRyb2xsZXJfMXNjcm9sbF8xbmV3X0ZVTkMpOw==
1146	STATEMENT	52807	52890	1	445050c7e6809b734690cb342253591fc4e5436f96d245f0f147a85da84e133e	CglyYyA9IChqbG9uZylndGtfZXZlbnRfY29udHJvbGxlcl9zY3JvbGxfbmV3KChHdGtFdmVudENvbnRyb2xsZXJTY3JvbGxGbGFncylhcmcwKTs=
1147	STATEMENT	52890	52962	1	b8b22be4966f055c3ae675f1bc72b65d6c88da6f0e2178ef358af44a38ef2c38	CglHVEs0X05BVElWRV9FWElUKGVudiwgdGhhdCwgZ3RrXzFldmVudF8xY29udHJvbGxlcl8xc2Nyb2xsXzFuZXdfRlVOQyk7
1148	STATEMENT	52962	52974	1	a028c9c9501df4846ec72c7b4432d4a3cb499b36b781bb1c38853498151d0ba7	CglyZXR1cm4gcmM7
1149	FRAGMENT	52974	52975	1	01ba4719c80b6fe911b091a7c05124b64eeece964e09c058ef8f9805daca546b	Cg==
1150	BLOCK_CLOSE	52975	52976	0	d10b36aa74a59bcf4a88185837f658afaf3646eff2bb16c3928d0e9335e945d2	fQ==
1151	PREPROCESSOR	52976	52984	0	626de321eb397f6600939892a0009f31bc378f7e886f9acc5ec0af18db6a99a7	CiNlbmRpZgo=
1152	PREPROCESSOR	52984	53022	0	c0517aabd22794f978180e3117b314bf5a7a042a9cf4744dbcccb57c63c20b99	CiNpZm5kZWYgTk9fZ3RrXzFleHBhbmRlcl8xc2V0XzFjaGlsZAo=
1153	FUNCTION_OPEN	53022	53137	0	0837cfbf54c584f812d84c3c64a32b73facfc57335c1ffbcf361e8cee53fbefd	Sk5JRVhQT1JUIHZvaWQgSk5JQ0FMTCBHVEs0X05BVElWRShndGtfMWV4cGFuZGVyXzFzZXRfMWNoaWxkKQoJKEpOSUVudiAqZW52LCBqY2xhc3MgdGhhdCwgamxvbmcgYXJnMCwgamxvbmcgYXJnMSkKew==
1154	STATEMENT	53137	53200	1	85ae31f8e245f7446a7be7d524cbba894e61c4583c87e8b949e5ddc5cab0f0ac	CglHVEs0X05BVElWRV9FTlRFUihlbnYsIHRoYXQsIGd0a18xZXhwYW5kZXJfMXNldF8xY2hpbGRfRlVOQyk7
1155	STATEMENT	53200	53265	1	8032b6557d4e2c2d412fa8e4aefcbef893f322e43651a4de833470deb00e367e	CglndGtfZXhwYW5kZXJfc2V0X2NoaWxkKChHdGtFeHBhbmRlciAqKWFyZzAsIChHdGtXaWRnZXQgKilhcmcxKTs=
1156	STATEMENT	53265	53327	1	8521c93ba5cec88f7f19d3e496930f7f8ec62e60abccf22b3a962082d92be59a	CglHVEs0X05BVElWRV9FWElUKGVudiwgdGhhdCwgZ3RrXzFleHBhbmRlcl8xc2V0XzFjaGlsZF9GVU5DKTs=
1157	FRAGMENT	53327	53328	1	01ba4719c80b6fe911b091a7c05124b64eeece964e09c058ef8f9805daca546b	Cg==
1158	BLOCK_CLOSE	53328	53329	0	d10b36aa74a59bcf4a88185837f658afaf3646eff2bb16c3928d0e9335e945d2	fQ==
1159	PREPROCESSOR	53329	53337	0	626de321eb397f6600939892a0009f31bc378f7e886f9acc5ec0af18db6a99a7	CiNlbmRpZgo=
1160	PREPROCESSOR	53337	53379	0	24dd88e1dbd7ad1981e327e8a38864add939f7852a2c3ea6a625ed68033d0e5d	CiNpZm5kZWYgTk9fZ3RrXzFmaWxlXzFjaG9vc2VyXzFnZXRfMWZpbGUK
1161	FUNCTION_OPEN	53379	53520	0	8790ba1b79eae40dab2631fe7b420a349a74a44b604cd565cc01aad3df7281d1	R19HTlVDX0JFR0lOX0lHTk9SRV9ERVBSRUNBVElPTlMKSk5JRVhQT1JUIGpsb25nIEpOSUNBTEwgR1RLNF9OQVRJVkUoZ3RrXzFmaWxlXzFjaG9vc2VyXzFnZXRfMWZpbGUpCgkoSk5JRW52ICplbnYsIGpjbGFzcyB0aGF0LCBqbG9uZyBhcmcwKQp7
1162	STATEMENT	53520	53535	1	3411ceb5951bc52321d8d6cf00df310a159211846b0264e08db2a18b94173633	CglqbG9uZyByYyA9IDA7
1163	STATEMENT	53535	53602	1	513e1bfb0751a42e9d4a37c71bbf522bbff4d4c4146f1fa9bf66219ab440953f	CglHVEs0X05BVElWRV9FTlRFUihlbnYsIHRoYXQsIGd0a18xZmlsZV8xY2hvb3Nlcl8xZ2V0XzFmaWxlX0ZVTkMpOw==
1164	STATEMENT	53602	53666	1	ac8ef0007f4a0fb0504e2526fcefc31bc6485aa2377ef27f11d59590e6094dce	CglyYyA9IChqbG9uZylndGtfZmlsZV9jaG9vc2VyX2dldF9maWxlKChHdGtGaWxlQ2hvb3NlciAqKWFyZzApOw==
1165	STATEMENT	53666	53732	1	282968cf69ce0c18a338ed7ca53e80b717534135b7586a58a8cc6f6a606323e0	CglHVEs0X05BVElWRV9FWElUKGVudiwgdGhhdCwgZ3RrXzFmaWxlXzFjaG9vc2VyXzFnZXRfMWZpbGVfRlVOQyk7
1166	STATEMENT	53732	53744	1	a028c9c9501df4846ec72c7b4432d4a3cb499b36b781bb1c38853498151d0ba7	CglyZXR1cm4gcmM7
1167	FRAGMENT	53744	53745	1	01ba4719c80b6fe911b091a7c05124b64eeece964e09c058ef8f9805daca546b	Cg==
1168	BLOCK_CLOSE	53745	53746	0	d10b36aa74a59bcf4a88185837f658afaf3646eff2bb16c3928d0e9335e945d2	fQ==
1169	PREPROCESSOR	53746	53785	0	9ed1daae63e6075b33dfc403acf6c6030324fb6d62b8910eaca7edfc62576b30	CkdfR05VQ19FTkRfSUdOT1JFX0RFUFJFQ0FUSU9OUwojZW5kaWYK
1170	PREPROCESSOR	53785	53828	0	9c1d1a6769ed7b21dd44b549b5a51b0307e7635ddd1c1af46f46893926ae6da4	CiNpZm5kZWYgTk9fZ3RrXzFmaWxlXzFjaG9vc2VyXzFnZXRfMWZpbGVzCg==
1171	FUNCTION_OPEN	53828	53970	0	02cad96c48cd26361eaf5a4839a94d2497661fd7f410737522b30c97142e99f0	R19HTlVDX0JFR0lOX0lHTk9SRV9ERVBSRUNBVElPTlMKSk5JRVhQT1JUIGpsb25nIEpOSUNBTEwgR1RLNF9OQVRJVkUoZ3RrXzFmaWxlXzFjaG9vc2VyXzFnZXRfMWZpbGVzKQoJKEpOSUVudiAqZW52LCBqY2xhc3MgdGhhdCwgamxvbmcgYXJnMCkKew==
1172	STATEMENT	53970	53985	1	3411ceb5951bc52321d8d6cf00df310a159211846b0264e08db2a18b94173633	CglqbG9uZyByYyA9IDA7
1173	STATEMENT	53985	54053	1	3e753f8d60107c8f2d5bbb5ff7d48cfbd8f81e09f121f94c4da08dcbfee30f63	CglHVEs0X05BVElWRV9FTlRFUihlbnYsIHRoYXQsIGd0a18xZmlsZV8xY2hvb3Nlcl8xZ2V0XzFmaWxlc19GVU5DKTs=
1174	STATEMENT	54053	54118	1	0240dbceec13c8ca9f62365f27c8f8dd65d0d194de5d21cf7106b8c0140a956c	CglyYyA9IChqbG9uZylndGtfZmlsZV9jaG9vc2VyX2dldF9maWxlcygoR3RrRmlsZUNob29zZXIgKilhcmcwKTs=
1175	STATEMENT	54118	54185	1	05ced0e0a0af799d68789a04e87b041b4d521a2fbbc89e08c56644a2438cebc2	CglHVEs0X05BVElWRV9FWElUKGVudiwgdGhhdCwgZ3RrXzFmaWxlXzFjaG9vc2VyXzFnZXRfMWZpbGVzX0ZVTkMpOw==
1176	STATEMENT	54185	54197	1	a028c9c9501df4846ec72c7b4432d4a3cb499b36b781bb1c38853498151d0ba7	CglyZXR1cm4gcmM7
1177	FRAGMENT	54197	54198	1	01ba4719c80b6fe911b091a7c05124b64eeece964e09c058ef8f9805daca546b	Cg==
1178	BLOCK_CLOSE	54198	54199	0	d10b36aa74a59bcf4a88185837f658afaf3646eff2bb16c3928d0e9335e945d2	fQ==
1179	PREPROCESSOR	54199	54238	0	9ed1daae63e6075b33dfc403acf6c6030324fb6d62b8910eaca7edfc62576b30	CkdfR05VQ19FTkRfSUdOT1JFX0RFUFJFQ0FUSU9OUwojZW5kaWYK
1180	PREPROCESSOR	54238	54291	0	8f95aa64cd4636f9d1b6c4e44eb3e92d523594abcc9e0010076b150a06a95bf5	CiNpZm5kZWYgTk9fZ3RrXzFmaWxlXzFjaG9vc2VyXzFzZXRfMWN1cnJlbnRfMWZvbGRlcgo=
1181	FUNCTION_OPEN	54291	54470	0	a14444d81f1f591c3bb9fa711e254bacc565f79d77de3788c82353c4faea6662	R19HTlVDX0JFR0lOX0lHTk9SRV9ERVBSRUNBVElPTlMKSk5JRVhQT1JUIGpib29sZWFuIEpOSUNBTEwgR1RLNF9OQVRJVkUoZ3RrXzFmaWxlXzFjaG9vc2VyXzFzZXRfMWN1cnJlbnRfMWZvbGRlcikKCShKTklFbnYgKmVudiwgamNsYXNzIHRoYXQsIGpsb25nIGFyZzAsIGpsb25nIGFyZzEsIGpsb25nIGFyZzIpCns=
1182	STATEMENT	54470	54488	1	6e389c725127046540fa228f0aca981232172a088ed5b7d88f2be6db7346caa1	CglqYm9vbGVhbiByYyA9IDA7
1183	STATEMENT	54488	54566	1	8dbdf760ed6c373c3457a06b8b06632d3b9ad9cda5c52515e0d2bd9f6777dfd8	CglHVEs0X05BVElWRV9FTlRFUihlbnYsIHRoYXQsIGd0a18xZmlsZV8xY2hvb3Nlcl8xc2V0XzFjdXJyZW50XzFmb2xkZXJfRlVOQyk7
1184	STATEMENT	54566	54675	1	e2ab032871bf9b4efb7e66fa2d3e22543e9aa6219b66623667c4677baf86a289	CglyYyA9IChqYm9vbGVhbilndGtfZmlsZV9jaG9vc2VyX3NldF9jdXJyZW50X2ZvbGRlcigoR3RrRmlsZUNob29zZXIgKilhcmcwLCAoR0ZpbGUgKilhcmcxLCAoR0Vycm9yICoqKWFyZzIpOw==
1185	STATEMENT	54675	54752	1	cddc0c13b5b3ec682ae17c00d8d12c407f08aee782596e5ff5f6640249c651fd	CglHVEs0X05BVElWRV9FWElUKGVudiwgdGhhdCwgZ3RrXzFmaWxlXzFjaG9vc2VyXzFzZXRfMWN1cnJlbnRfMWZvbGRlcl9GVU5DKTs=
1186	STATEMENT	54752	54764	1	a028c9c9501df4846ec72c7b4432d4a3cb499b36b781bb1c38853498151d0ba7	CglyZXR1cm4gcmM7
1187	FRAGMENT	54764	54765	1	01ba4719c80b6fe911b091a7c05124b64eeece964e09c058ef8f9805daca546b	Cg==
1188	BLOCK_CLOSE	54765	54766	0	d10b36aa74a59bcf4a88185837f658afaf3646eff2bb16c3928d0e9335e945d2	fQ==
1189	PREPROCESSOR	54766	54805	0	9ed1daae63e6075b33dfc403acf6c6030324fb6d62b8910eaca7edfc62576b30	CkdfR05VQ19FTkRfSUdOT1JFX0RFUFJFQ0FUSU9OUwojZW5kaWYK
1190	PREPROCESSOR	54805	54847	0	f7d3e0515b7a7864fe5fb14bfdc2ea1b8fe60c03ecfb4273252b5306445175c0	CiNpZm5kZWYgTk9fZ3RrXzFmaWxlXzFjaG9vc2VyXzFzZXRfMWZpbGUK
1191	FUNCTION_OPEN	54847	55015	0	755d20360d22af0723e8913cdf9268b95d0f3f315f176bd2cd69b2c46f4d581f	R19HTlVDX0JFR0lOX0lHTk9SRV9ERVBSRUNBVElPTlMKSk5JRVhQT1JUIGpib29sZWFuIEpOSUNBTEwgR1RLNF9OQVRJVkUoZ3RrXzFmaWxlXzFjaG9vc2VyXzFzZXRfMWZpbGUpCgkoSk5JRW52ICplbnYsIGpjbGFzcyB0aGF0LCBqbG9uZyBhcmcwLCBqbG9uZyBhcmcxLCBqbG9uZyBhcmcyKQp7
1192	STATEMENT	55015	55033	1	6e389c725127046540fa228f0aca981232172a088ed5b7d88f2be6db7346caa1	CglqYm9vbGVhbiByYyA9IDA7
1193	STATEMENT	55033	55100	1	dd0f8c55f259a5b0d743279642b85a31a12993a1e43e9bd5bf03acddbbaad274	CglHVEs0X05BVElWRV9FTlRFUihlbnYsIHRoYXQsIGd0a18xZmlsZV8xY2hvb3Nlcl8xc2V0XzFmaWxlX0ZVTkMpOw==
1194	STATEMENT	55100	55199	1	cd93dce57813bc7ef9bdfc3fc158a7c44a2ebad0d60845a8d1c0a3477bc70802	CglyYyA9IChqYm9vbGVhbilndGtfZmlsZV9jaG9vc2VyX3NldF9maWxlKChHdGtGaWxlQ2hvb3NlciAqKWFyZzAsIChHRmlsZSAqKWFyZzEsIChHRXJyb3IgKiopYXJnMik7
1195	STATEMENT	55199	55265	1	c71383f756fb8b22919374e1c5664c025237b668975cc4a8dc60e0b03ca9e1d8	CglHVEs0X05BVElWRV9FWElUKGVudiwgdGhhdCwgZ3RrXzFmaWxlXzFjaG9vc2VyXzFzZXRfMWZpbGVfRlVOQyk7
1196	STATEMENT	55265	55277	1	a028c9c9501df4846ec72c7b4432d4a3cb499b36b781bb1c38853498151d0ba7	CglyZXR1cm4gcmM7
1197	FRAGMENT	55277	55278	1	01ba4719c80b6fe911b091a7c05124b64eeece964e09c058ef8f9805daca546b	Cg==
1198	BLOCK_CLOSE	55278	55279	0	d10b36aa74a59bcf4a88185837f658afaf3646eff2bb16c3928d0e9335e945d2	fQ==
1199	PREPROCESSOR	55279	55318	0	9ed1daae63e6075b33dfc403acf6c6030324fb6d62b8910eaca7edfc62576b30	CkdfR05VQ19FTkRfSUdOT1JFX0RFUFJFQ0FUSU9OUwojZW5kaWYK
1200	PREPROCESSOR	55318	55370	0	adbb2bdc083480773ec9c350233c91412092315e36ceda2966b862e51d94ba57	CiNpZm5kZWYgTk9fZ3RrXzFmaWxlXzFkaWFsb2dfMWdldF8xZGVmYXVsdF8xZmlsdGVyCg==
1201	FUNCTION_OPEN	55370	55488	0	bbf141a09eedbf77800874d010994cd4bf6814f7ece2293b99b1d0020cc288af	Sk5JRVhQT1JUIGpsb25nIEpOSUNBTEwgR1RLNF9OQVRJVkUoZ3RrXzFmaWxlXzFkaWFsb2dfMWdldF8xZGVmYXVsdF8xZmlsdGVyKQoJKEpOSUVudiAqZW52LCBqY2xhc3MgdGhhdCwgamxvbmcgYXJnMCkKew==
1202	STATEMENT	55488	55503	1	3411ceb5951bc52321d8d6cf00df310a159211846b0264e08db2a18b94173633	CglqbG9uZyByYyA9IDA7
1203	STATEMENT	55503	55580	1	b0e7dabcf88130307e9fd87495fc236c24c878a876a45b159d21a03d7c9b109f	CglHVEs0X05BVElWRV9FTlRFUihlbnYsIHRoYXQsIGd0a18xZmlsZV8xZGlhbG9nXzFnZXRfMWRlZmF1bHRfMWZpbHRlcl9GVU5DKTs=
1204	BLOCK_OPEN	55580	55644	1	8a06480c3d55f9d2751cfedead05f7a96573d1c8fd68f19e4423e2b3cce88d63	Ci8qCglyYyA9IChqbG9uZylndGtfZmlsZV9kaWFsb2dfZ2V0X2RlZmF1bHRfZmlsdGVyKGFyZzApOwoqLwoJew==
1205	BLOCK_OPEN	55644	55717	2	ffc2a14eb9865a4d64fe42a43f7088091f7a6a8c08fd7f718100ca264937b969	CgkJR1RLNF9MT0FEX0ZVTkNUSU9OKGZwLCBndGtfZmlsZV9kaWFsb2dfZ2V0X2RlZmF1bHRfZmlsdGVyKQoJCWlmIChmcCkgew==
1206	STATEMENT	55717	55780	3	4c031b2ec822c4adddea443083f9010fd7bead165b989ab1cad2f62eb69c9e96	CgkJCXJjID0gKGpsb25nKSgoamxvbmcgKENBTExJTkdfQ09OVkVOVElPTiopKGpsb25nKSlmcCkoYXJnMCk7
1207	FRAGMENT	55780	55783	3	3e13fafe8992426ccfcfbe1e1135fcbb8364b4a0a7331c64ba06546009b758f1	CgkJ
1208	BLOCK_CLOSE	55783	55784	2	d10b36aa74a59bcf4a88185837f658afaf3646eff2bb16c3928d0e9335e945d2	fQ==
1209	FRAGMENT	55784	55786	2	e8822f532ae9349b2b5743c494efd216ed4e44f9ebc82a6b1cb54895a5b88433	Cgk=
1210	BLOCK_CLOSE	55786	55787	1	d10b36aa74a59bcf4a88185837f658afaf3646eff2bb16c3928d0e9335e945d2	fQ==
1211	STATEMENT	55787	55863	1	015fb680ba29c2ed3bc80808b6683bd2888107913f40280543bcccf44559679d	CglHVEs0X05BVElWRV9FWElUKGVudiwgdGhhdCwgZ3RrXzFmaWxlXzFkaWFsb2dfMWdldF8xZGVmYXVsdF8xZmlsdGVyX0ZVTkMpOw==
1212	STATEMENT	55863	55875	1	a028c9c9501df4846ec72c7b4432d4a3cb499b36b781bb1c38853498151d0ba7	CglyZXR1cm4gcmM7
1213	FRAGMENT	55875	55876	1	01ba4719c80b6fe911b091a7c05124b64eeece964e09c058ef8f9805daca546b	Cg==
1214	BLOCK_CLOSE	55876	55877	0	d10b36aa74a59bcf4a88185837f658afaf3646eff2bb16c3928d0e9335e945d2	fQ==
1215	PREPROCESSOR	55877	55885	0	626de321eb397f6600939892a0009f31bc378f7e886f9acc5ec0af18db6a99a7	CiNlbmRpZgo=
1216	PREPROCESSOR	55885	55920	0	4a837930cadbd6b8ec9642dfba5a37302ed97ed4a3bb66befaf9b56f26180112	CiNpZm5kZWYgTk9fZ3RrXzFmaWxlXzFkaWFsb2dfMW5ldwo=
1217	FUNCTION_OPEN	55920	56009	0	835402e0ff7040631c4b69a344ce55887a6ae5b828ff5834d2f2a6d033bae12f	Sk5JRVhQT1JUIGpsb25nIEpOSUNBTEwgR1RLNF9OQVRJVkUoZ3RrXzFmaWxlXzFkaWFsb2dfMW5ldykKCShKTklFbnYgKmVudiwgamNsYXNzIHRoYXQpCns=
1218	STATEMENT	56009	56024	1	3411ceb5951bc52321d8d6cf00df310a159211846b0264e08db2a18b94173633	CglqbG9uZyByYyA9IDA7
1219	STATEMENT	56024	56084	1	a9c1847a2f85b1ef04fdebfe96e0ffb8c037afeb7f803f262af2c16dc5db6c0e	CglHVEs0X05BVElWRV9FTlRFUihlbnYsIHRoYXQsIGd0a18xZmlsZV8xZGlhbG9nXzFuZXdfRlVOQyk7
1220	BLOCK_OPEN	56084	56129	1	e0f57b1d5d5ac13406c0099efa70b45435949355ecd6a96a971879f1300a87d4	Ci8qCglyYyA9IChqbG9uZylndGtfZmlsZV9kaWFsb2dfbmV3KCk7CiovCgl7
1221	BLOCK_OPEN	56129	56187	2	13c25bb9e3848983d39ac4f413f8d4742ca006af5f38df3052332aebf2cb67f1	CgkJR1RLNF9MT0FEX0ZVTkNUSU9OKGZwLCBndGtfZmlsZV9kaWFsb2dfbmV3KQoJCWlmIChmcCkgew==
1222	STATEMENT	56187	56241	3	72d46f21028e29f2662dd712b15d6ddc7f93f464b285d011d2b2f4b9e5b099e9	CgkJCXJjID0gKGpsb25nKSgoamxvbmcgKENBTExJTkdfQ09OVkVOVElPTiopKCkpZnApKCk7
1223	FRAGMENT	56241	56244	3	3e13fafe8992426ccfcfbe1e1135fcbb8364b4a0a7331c64ba06546009b758f1	CgkJ
1224	BLOCK_CLOSE	56244	56245	2	d10b36aa74a59bcf4a88185837f658afaf3646eff2bb16c3928d0e9335e945d2	fQ==
1225	FRAGMENT	56245	56247	2	e8822f532ae9349b2b5743c494efd216ed4e44f9ebc82a6b1cb54895a5b88433	Cgk=
1226	BLOCK_CLOSE	56247	56248	1	d10b36aa74a59bcf4a88185837f658afaf3646eff2bb16c3928d0e9335e945d2	fQ==
1227	STATEMENT	56248	56307	1	9e2f6a2a4b528cb2ba7ab76a3e83551da4694a8b1adf252ec2b813d6896d8070	CglHVEs0X05BVElWRV9FWElUKGVudiwgdGhhdCwgZ3RrXzFmaWxlXzFkaWFsb2dfMW5ld19GVU5DKTs=
1228	STATEMENT	56307	56319	1	a028c9c9501df4846ec72c7b4432d4a3cb499b36b781bb1c38853498151d0ba7	CglyZXR1cm4gcmM7
1229	FRAGMENT	56319	56320	1	01ba4719c80b6fe911b091a7c05124b64eeece964e09c058ef8f9805daca546b	Cg==
1230	BLOCK_CLOSE	56320	56321	0	d10b36aa74a59bcf4a88185837f658afaf3646eff2bb16c3928d0e9335e945d2	fQ==
1231	PREPROCESSOR	56321	56329	0	626de321eb397f6600939892a0009f31bc378f7e886f9acc5ec0af18db6a99a7	CiNlbmRpZgo=
1232	PREPROCESSOR	56329	56365	0	694e93fe780a695125c5297b6022986c924be554effc0dba67f60afe40efc645	CiNpZm5kZWYgTk9fZ3RrXzFmaWxlXzFkaWFsb2dfMW9wZW4K
1233	FUNCTION_OPEN	56365	56514	0	5a826f4df49cf767d89fa45e46b4b5e09aa618f3ab7a60c18be84e5e22b3f0ce	Sk5JRVhQT1JUIHZvaWQgSk5JQ0FMTCBHVEs0X05BVElWRShndGtfMWZpbGVfMWRpYWxvZ18xb3BlbikKCShKTklFbnYgKmVudiwgamNsYXNzIHRoYXQsIGpsb25nIGFyZzAsIGpsb25nIGFyZzEsIGpsb25nIGFyZzIsIGpsb25nIGFyZzMsIGpsb25nIGFyZzQpCns=
1234	STATEMENT	56514	56575	1	a6f91451fc95273e9bf977da9d746ab7745f3555bbd5e39844dbae141eb3228d	CglHVEs0X05BVElWRV9FTlRFUihlbnYsIHRoYXQsIGd0a18xZmlsZV8xZGlhbG9nXzFvcGVuX0ZVTkMpOw==
1235	BLOCK_OPEN	56575	56697	1	1dd1948a715517fdb85311e44262777063df122a7cc262787ad6b682992bf922	Ci8qCglndGtfZmlsZV9kaWFsb2dfb3BlbihhcmcwLCAoR3RrV2luZG93ICopYXJnMSwgKEdDYW5jZWxsYWJsZSAqKWFyZzIsIChHQXN5bmNSZWFkeUNhbGxiYWNrKWFyZzMsIChncG9pbnRlcilhcmc0KTsKKi8KCXs=
1236	BLOCK_OPEN	56697	56756	2	70046596efd1cfb4d372ec81a0fb6685d22ab4fdfd2e764e28c4dd43445f1e79	CgkJR1RLNF9MT0FEX0ZVTkNUSU9OKGZwLCBndGtfZmlsZV9kaWFsb2dfb3BlbikKCQlpZiAoZnApIHs=
1237	STATEMENT	56756	56950	3	a9b54303c1c524d8ab551fefdeb28e9b4300465193a9cb8e4b081ea65ea5a238	CgkJCSgodm9pZCAoQ0FMTElOR19DT05WRU5USU9OKikoamxvbmcsIEd0a1dpbmRvdyAqLCBHQ2FuY2VsbGFibGUgKiwgR0FzeW5jUmVhZHlDYWxsYmFjaywgZ3BvaW50ZXIpKWZwKShhcmcwLCAoR3RrV2luZG93ICopYXJnMSwgKEdDYW5jZWxsYWJsZSAqKWFyZzIsIChHQXN5bmNSZWFkeUNhbGxiYWNrKWFyZzMsIChncG9pbnRlcilhcmc0KTs=
1238	FRAGMENT	56950	56953	3	3e13fafe8992426ccfcfbe1e1135fcbb8364b4a0a7331c64ba06546009b758f1	CgkJ
1239	BLOCK_CLOSE	56953	56954	2	d10b36aa74a59bcf4a88185837f658afaf3646eff2bb16c3928d0e9335e945d2	fQ==
1240	FRAGMENT	56954	56956	2	e8822f532ae9349b2b5743c494efd216ed4e44f9ebc82a6b1cb54895a5b88433	Cgk=
1241	BLOCK_CLOSE	56956	56957	1	d10b36aa74a59bcf4a88185837f658afaf3646eff2bb16c3928d0e9335e945d2	fQ==
1242	STATEMENT	56957	57017	1	a5c0574d8babc069d5bea424acbf96eb46a310057c35bb55720c20cbc2720fdf	CglHVEs0X05BVElWRV9FWElUKGVudiwgdGhhdCwgZ3RrXzFmaWxlXzFkaWFsb2dfMW9wZW5fRlVOQyk7
1243	FRAGMENT	57017	57018	1	01ba4719c80b6fe911b091a7c05124b64eeece964e09c058ef8f9805daca546b	Cg==
1244	BLOCK_CLOSE	57018	57019	0	d10b36aa74a59bcf4a88185837f658afaf3646eff2bb16c3928d0e9335e945d2	fQ==
1245	PREPROCESSOR	57019	57027	0	626de321eb397f6600939892a0009f31bc378f7e886f9acc5ec0af18db6a99a7	CiNlbmRpZgo=
1246	PREPROCESSOR	57027	57071	0	bd7010c062f4595f7a4baf135e048fb8e5bd3498648579dfbff69bad40e09d52	CiNpZm5kZWYgTk9fZ3RrXzFmaWxlXzFkaWFsb2dfMW9wZW5fMWZpbmlzaAo=
1247	FUNCTION_OPEN	57071	57210	0	b05d3722b8c43c6cbaf2e56396ceef0bd7823123152e8f6092b12e9024e13869	Sk5JRVhQT1JUIGpsb25nIEpOSUNBTEwgR1RLNF9OQVRJVkUoZ3RrXzFmaWxlXzFkaWFsb2dfMW9wZW5fMWZpbmlzaCkKCShKTklFbnYgKmVudiwgamNsYXNzIHRoYXQsIGpsb25nIGFyZzAsIGpsb25nIGFyZzEsIGpsb25nQXJyYXkgYXJnMikKew==
1248	STATEMENT	57210	57231	1	14ee868f685db71861cfd3ee29bba2286fbcac344f0a669a0de0781f9f97193e	CglqbG9uZyAqbHBhcmcyPU5VTEw7
1249	STATEMENT	57231	57246	1	3411ceb5951bc52321d8d6cf00df310a159211846b0264e08db2a18b94173633	CglqbG9uZyByYyA9IDA7
1250	STATEMENT	57246	57315	1	b79c6956a237886bdc576b4e4c218108201f7aa147669e1a4300a93d21fbf620	CglHVEs0X05BVElWRV9FTlRFUihlbnYsIHRoYXQsIGd0a18xZmlsZV8xZGlhbG9nXzFvcGVuXzFmaW5pc2hfRlVOQyk7
1251	STATEMENT	57315	57407	1	b4f19d7a33b1d23f95212e25ea2f0a1971b2a069931368f0f7c3234ad1d7bc03	CglpZiAoYXJnMikgaWYgKChscGFyZzIgPSAoKmVudiktPkdldExvbmdBcnJheUVsZW1lbnRzKGVudiwgYXJnMiwgTlVMTCkpID09IE5VTEwpIGdvdG8gZmFpbDs=
1252	BLOCK_OPEN	57407	57505	1	990a72e0ae93d22c43ad1345364964674ae46b66d7e2768e6f55fb62ab7dd4e3	Ci8qCglyYyA9IChqbG9uZylndGtfZmlsZV9kaWFsb2dfb3Blbl9maW5pc2goYXJnMCwgKEdBc3luY1Jlc3VsdCAqKWFyZzEsIChHRXJyb3IgKiopbHBhcmcyKTsKKi8KCXs=
1253	BLOCK_OPEN	57505	57571	2	eb80c45bd4d31be478a4a3046f99b7329f1dc4408948e4e254b6c6372ead94ec	CgkJR1RLNF9MT0FEX0ZVTkNUSU9OKGZwLCBndGtfZmlsZV9kaWFsb2dfb3Blbl9maW5pc2gpCgkJaWYgKGZwKSB7
1254	STATEMENT	57571	57702	3	2a6ef6a062c322f200e04e72ee583805aa2c7ba1a48762ed4c39a153125fe7e8	CgkJCXJjID0gKGpsb25nKSgoamxvbmcgKENBTExJTkdfQ09OVkVOVElPTiopKGpsb25nLCBHQXN5bmNSZXN1bHQgKiwgR0Vycm9yICoqKSlmcCkoYXJnMCwgKEdBc3luY1Jlc3VsdCAqKWFyZzEsIChHRXJyb3IgKiopbHBhcmcyKTs=
1255	FRAGMENT	57702	57705	3	3e13fafe8992426ccfcfbe1e1135fcbb8364b4a0a7331c64ba06546009b758f1	CgkJ
1256	BLOCK_CLOSE	57705	57706	2	d10b36aa74a59bcf4a88185837f658afaf3646eff2bb16c3928d0e9335e945d2	fQ==
1257	FRAGMENT	57706	57708	2	e8822f532ae9349b2b5743c494efd216ed4e44f9ebc82a6b1cb54895a5b88433	Cgk=
1258	BLOCK_CLOSE	57708	57709	1	d10b36aa74a59bcf4a88185837f658afaf3646eff2bb16c3928d0e9335e945d2	fQ==
1259	STATEMENT	57709	57792	1	7fbb799efbaced44951814914d554fd234f83e74e38da010ee1ef435ab5b6323	CmZhaWw6CglpZiAoYXJnMiAmJiBscGFyZzIpICgqZW52KS0+UmVsZWFzZUxvbmdBcnJheUVsZW1lbnRzKGVudiwgYXJnMiwgbHBhcmcyLCAwKTs=
1260	STATEMENT	57792	57860	1	1f8b4f330d31c4a14efd6a536669165998cb31a7b53a77d09881e83fb54bb33e	CglHVEs0X05BVElWRV9FWElUKGVudiwgdGhhdCwgZ3RrXzFmaWxlXzFkaWFsb2dfMW9wZW5fMWZpbmlzaF9GVU5DKTs=
1261	STATEMENT	57860	57872	1	a028c9c9501df4846ec72c7b4432d4a3cb499b36b781bb1c38853498151d0ba7	CglyZXR1cm4gcmM7
1262	FRAGMENT	57872	57873	1	01ba4719c80b6fe911b091a7c05124b64eeece964e09c058ef8f9805daca546b	Cg==
1263	BLOCK_CLOSE	57873	57874	0	d10b36aa74a59bcf4a88185837f658afaf3646eff2bb16c3928d0e9335e945d2	fQ==
1264	PREPROCESSOR	57874	57882	0	626de321eb397f6600939892a0009f31bc378f7e886f9acc5ec0af18db6a99a7	CiNlbmRpZgo=
1265	PREPROCESSOR	57882	57928	0	733045fd98f2d8a62ee1d75f95e32948c862176514c726fa0e3e89c704eafdd5	CiNpZm5kZWYgTk9fZ3RrXzFmaWxlXzFkaWFsb2dfMW9wZW5fMW11bHRpcGxlCg==
1266	FUNCTION_OPEN	57928	58087	0	9eec7ea0eeb770176bc76e374df5faecbcde25daebe9a36f65b55bf1444cd13d	Sk5JRVhQT1JUIHZvaWQgSk5JQ0FMTCBHVEs0X05BVElWRShndGtfMWZpbGVfMWRpYWxvZ18xb3Blbl8xbXVsdGlwbGUpCgkoSk5JRW52ICplbnYsIGpjbGFzcyB0aGF0LCBqbG9uZyBhcmcwLCBqbG9uZyBhcmcxLCBqbG9uZyBhcmcyLCBqbG9uZyBhcmczLCBqbG9uZyBhcmc0KQp7
1267	STATEMENT	58087	58158	1	9162f871f2dd13ca46ab3e8ed3ba9053b57d12418a773bca32dd2aed98078a6f	CglHVEs0X05BVElWRV9FTlRFUihlbnYsIHRoYXQsIGd0a18xZmlsZV8xZGlhbG9nXzFvcGVuXzFtdWx0aXBsZV9GVU5DKTs=
1268	BLOCK_OPEN	58158	58289	1	c2d9eec30ffcc0e411a584c5ebf132b142981ee7231a62a0802784e12170566d	Ci8qCglndGtfZmlsZV9kaWFsb2dfb3Blbl9tdWx0aXBsZShhcmcwLCAoR3RrV2luZG93ICopYXJnMSwgKEdDYW5jZWxsYWJsZSAqKWFyZzIsIChHQXN5bmNSZWFkeUNhbGxiYWNrKWFyZzMsIChncG9pbnRlcilhcmc0KTsKKi8KCXs=
1269	BLOCK_OPEN	58289	58357	2	911e293171d0e20069015039d2fe82cdda74f596afc9d9e8bc52d8f61fe64796	CgkJR1RLNF9MT0FEX0ZVTkNUSU9OKGZwLCBndGtfZmlsZV9kaWFsb2dfb3Blbl9tdWx0aXBsZSkKCQlpZiAoZnApIHs=
1270	STATEMENT	58357	58551	3	a9b54303c1c524d8ab551fefdeb28e9b4300465193a9cb8e4b081ea65ea5a238	CgkJCSgodm9pZCAoQ0FMTElOR19DT05WRU5USU9OKikoamxvbmcsIEd0a1dpbmRvdyAqLCBHQ2FuY2VsbGFibGUgKiwgR0FzeW5jUmVhZHlDYWxsYmFjaywgZ3BvaW50ZXIpKWZwKShhcmcwLCAoR3RrV2luZG93ICopYXJnMSwgKEdDYW5jZWxsYWJsZSAqKWFyZzIsIChHQXN5bmNSZWFkeUNhbGxiYWNrKWFyZzMsIChncG9pbnRlcilhcmc0KTs=
1271	FRAGMENT	58551	58554	3	3e13fafe8992426ccfcfbe1e1135fcbb8364b4a0a7331c64ba06546009b758f1	CgkJ
1272	BLOCK_CLOSE	58554	58555	2	d10b36aa74a59bcf4a88185837f658afaf3646eff2bb16c3928d0e9335e945d2	fQ==
1273	FRAGMENT	58555	58557	2	e8822f532ae9349b2b5743c494efd216ed4e44f9ebc82a6b1cb54895a5b88433	Cgk=
1274	BLOCK_CLOSE	58557	58558	1	d10b36aa74a59bcf4a88185837f658afaf3646eff2bb16c3928d0e9335e945d2	fQ==
1275	STATEMENT	58558	58628	1	042bf76c86c42c4afcf3918299353c16a4e650d3b506fc7976e6a0ca46215229	CglHVEs0X05BVElWRV9FWElUKGVudiwgdGhhdCwgZ3RrXzFmaWxlXzFkaWFsb2dfMW9wZW5fMW11bHRpcGxlX0ZVTkMpOw==
1276	FRAGMENT	58628	58629	1	01ba4719c80b6fe911b091a7c05124b64eeece964e09c058ef8f9805daca546b	Cg==
1277	BLOCK_CLOSE	58629	58630	0	d10b36aa74a59bcf4a88185837f658afaf3646eff2bb16c3928d0e9335e945d2	fQ==
1278	PREPROCESSOR	58630	58638	0	626de321eb397f6600939892a0009f31bc378f7e886f9acc5ec0af18db6a99a7	CiNlbmRpZgo=
1279	PREPROCESSOR	58638	58692	0	8e2b2a6da458cd7e27354f790aaad608014658aed407c5a8a6c7a8b7ebb4354e	CiNpZm5kZWYgTk9fZ3RrXzFmaWxlXzFkaWFsb2dfMW9wZW5fMW11bHRpcGxlXzFmaW5pc2gK
1280	FUNCTION_OPEN	58692	58841	0	7c22684a2e7715381a789270f6807af7cf7239e13021553399aefcd060a4584e	Sk5JRVhQT1JUIGpsb25nIEpOSUNBTEwgR1RLNF9OQVRJVkUoZ3RrXzFmaWxlXzFkaWFsb2dfMW9wZW5fMW11bHRpcGxlXzFmaW5pc2gpCgkoSk5JRW52ICplbnYsIGpjbGFzcyB0aGF0LCBqbG9uZyBhcmcwLCBqbG9uZyBhcmcxLCBqbG9uZ0FycmF5IGFyZzIpCns=
1281	STATEMENT	58841	58862	1	14ee868f685db71861cfd3ee29bba2286fbcac344f0a669a0de0781f9f97193e	CglqbG9uZyAqbHBhcmcyPU5VTEw7
1282	STATEMENT	58862	58877	1	3411ceb5951bc52321d8d6cf00df310a159211846b0264e08db2a18b94173633	CglqbG9uZyByYyA9IDA7
1283	STATEMENT	58877	58956	1	36c0729380ae683584affb443c4719703a3c2bb6c0580b1e04b44a6d9a171dc0	CglHVEs0X05BVElWRV9FTlRFUihlbnYsIHRoYXQsIGd0a18xZmlsZV8xZGlhbG9nXzFvcGVuXzFtdWx0aXBsZV8xZmluaXNoX0ZVTkMpOw==
1284	STATEMENT	58956	59048	1	b4f19d7a33b1d23f95212e25ea2f0a1971b2a069931368f0f7c3234ad1d7bc03	CglpZiAoYXJnMikgaWYgKChscGFyZzIgPSAoKmVudiktPkdldExvbmdBcnJheUVsZW1lbnRzKGVudiwgYXJnMiwgTlVMTCkpID09IE5VTEwpIGdvdG8gZmFpbDs=
1285	BLOCK_OPEN	59048	59155	1	77773c06f9a4b3707507b47411660ffd92c551ff7ba83dbca562031bcdc68ca0	Ci8qCglyYyA9IChqbG9uZylndGtfZmlsZV9kaWFsb2dfb3Blbl9tdWx0aXBsZV9maW5pc2goYXJnMCwgKEdBc3luY1Jlc3VsdCAqKWFyZzEsIChHRXJyb3IgKiopbHBhcmcyKTsKKi8KCXs=
1286	BLOCK_OPEN	59155	59230	2	cbe49de0f8800344bf8fead696aac39bbafb616e15d6424ac594c4abb11d1aa1	CgkJR1RLNF9MT0FEX0ZVTkNUSU9OKGZwLCBndGtfZmlsZV9kaWFsb2dfb3Blbl9tdWx0aXBsZV9maW5pc2gpCgkJaWYgKGZwKSB7
1287	STATEMENT	59230	59361	3	2a6ef6a062c322f200e04e72ee583805aa2c7ba1a48762ed4c39a153125fe7e8	CgkJCXJjID0gKGpsb25nKSgoamxvbmcgKENBTExJTkdfQ09OVkVOVElPTiopKGpsb25nLCBHQXN5bmNSZXN1bHQgKiwgR0Vycm9yICoqKSlmcCkoYXJnMCwgKEdBc3luY1Jlc3VsdCAqKWFyZzEsIChHRXJyb3IgKiopbHBhcmcyKTs=
1288	FRAGMENT	59361	59364	3	3e13fafe8992426ccfcfbe1e1135fcbb8364b4a0a7331c64ba06546009b758f1	CgkJ
1289	BLOCK_CLOSE	59364	59365	2	d10b36aa74a59bcf4a88185837f658afaf3646eff2bb16c3928d0e9335e945d2	fQ==
1290	FRAGMENT	59365	59367	2	e8822f532ae9349b2b5743c494efd216ed4e44f9ebc82a6b1cb54895a5b88433	Cgk=
1291	BLOCK_CLOSE	59367	59368	1	d10b36aa74a59bcf4a88185837f658afaf3646eff2bb16c3928d0e9335e945d2	fQ==
1292	STATEMENT	59368	59451	1	7fbb799efbaced44951814914d554fd234f83e74e38da010ee1ef435ab5b6323	CmZhaWw6CglpZiAoYXJnMiAmJiBscGFyZzIpICgqZW52KS0+UmVsZWFzZUxvbmdBcnJheUVsZW1lbnRzKGVudiwgYXJnMiwgbHBhcmcyLCAwKTs=
1293	STATEMENT	59451	59529	1	ff253b785923b9b126d4f7bc85ea53c01d17a6afd6e2a399228a716394263973	CglHVEs0X05BVElWRV9FWElUKGVudiwgdGhhdCwgZ3RrXzFmaWxlXzFkaWFsb2dfMW9wZW5fMW11bHRpcGxlXzFmaW5pc2hfRlVOQyk7
1294	STATEMENT	59529	59541	1	a028c9c9501df4846ec72c7b4432d4a3cb499b36b781bb1c38853498151d0ba7	CglyZXR1cm4gcmM7
1295	FRAGMENT	59541	59542	1	01ba4719c80b6fe911b091a7c05124b64eeece964e09c058ef8f9805daca546b	Cg==
1296	BLOCK_CLOSE	59542	59543	0	d10b36aa74a59bcf4a88185837f658afaf3646eff2bb16c3928d0e9335e945d2	fQ==
1297	PREPROCESSOR	59543	59551	0	626de321eb397f6600939892a0009f31bc378f7e886f9acc5ec0af18db6a99a7	CiNlbmRpZgo=
1298	PREPROCESSOR	59551	59587	0	b4df141db012a25730bdf29ef1304ce8dba462d6c94c3107460e03d52d7876f9	CiNpZm5kZWYgTk9fZ3RrXzFmaWxlXzFkaWFsb2dfMXNhdmUK
1299	FUNCTION_OPEN	59587	59736	0	de94318186c8774fa3ce1518821c63b9b541038f886b9ce7b2efd2475984cff7	Sk5JRVhQT1JUIHZvaWQgSk5JQ0FMTCBHVEs0X05BVElWRShndGtfMWZpbGVfMWRpYWxvZ18xc2F2ZSkKCShKTklFbnYgKmVudiwgamNsYXNzIHRoYXQsIGpsb25nIGFyZzAsIGpsb25nIGFyZzEsIGpsb25nIGFyZzIsIGpsb25nIGFyZzMsIGpsb25nIGFyZzQpCns=
1300	STATEMENT	59736	59797	1	3f142916de0abd6e196bc7d6f1288c8a8d9a90f9854731e884b983ca9cd7dee1	CglHVEs0X05BVElWRV9FTlRFUihlbnYsIHRoYXQsIGd0a18xZmlsZV8xZGlhbG9nXzFzYXZlX0ZVTkMpOw==
1301	BLOCK_OPEN	59797	59919	1	94952c0152c667211aa337e290638e0c4863263d097dcf07a600b665a05165cd	Ci8qCglndGtfZmlsZV9kaWFsb2dfc2F2ZShhcmcwLCAoR3RrV2luZG93ICopYXJnMSwgKEdDYW5jZWxsYWJsZSAqKWFyZzIsIChHQXN5bmNSZWFkeUNhbGxiYWNrKWFyZzMsIChncG9pbnRlcilhcmc0KTsKKi8KCXs=
1302	BLOCK_OPEN	59919	59978	2	afb3f21a6051204d66f203fb8a80b3b1330d8e1751d5fc4f199e22524e5fa982	CgkJR1RLNF9MT0FEX0ZVTkNUSU9OKGZwLCBndGtfZmlsZV9kaWFsb2dfc2F2ZSkKCQlpZiAoZnApIHs=
1303	STATEMENT	59978	60172	3	a9b54303c1c524d8ab551fefdeb28e9b4300465193a9cb8e4b081ea65ea5a238	CgkJCSgodm9pZCAoQ0FMTElOR19DT05WRU5USU9OKikoamxvbmcsIEd0a1dpbmRvdyAqLCBHQ2FuY2VsbGFibGUgKiwgR0FzeW5jUmVhZHlDYWxsYmFjaywgZ3BvaW50ZXIpKWZwKShhcmcwLCAoR3RrV2luZG93ICopYXJnMSwgKEdDYW5jZWxsYWJsZSAqKWFyZzIsIChHQXN5bmNSZWFkeUNhbGxiYWNrKWFyZzMsIChncG9pbnRlcilhcmc0KTs=
1304	FRAGMENT	60172	60175	3	3e13fafe8992426ccfcfbe1e1135fcbb8364b4a0a7331c64ba06546009b758f1	CgkJ
1305	BLOCK_CLOSE	60175	60176	2	d10b36aa74a59bcf4a88185837f658afaf3646eff2bb16c3928d0e9335e945d2	fQ==
1306	FRAGMENT	60176	60178	2	e8822f532ae9349b2b5743c494efd216ed4e44f9ebc82a6b1cb54895a5b88433	Cgk=
1307	BLOCK_CLOSE	60178	60179	1	d10b36aa74a59bcf4a88185837f658afaf3646eff2bb16c3928d0e9335e945d2	fQ==
1308	STATEMENT	60179	60239	1	4d63af0b0c3ad9e3d46880ca22dde72994f4a65f0fcce905418dba211a320f6b	CglHVEs0X05BVElWRV9FWElUKGVudiwgdGhhdCwgZ3RrXzFmaWxlXzFkaWFsb2dfMXNhdmVfRlVOQyk7
1309	FRAGMENT	60239	60240	1	01ba4719c80b6fe911b091a7c05124b64eeece964e09c058ef8f9805daca546b	Cg==
1310	BLOCK_CLOSE	60240	60241	0	d10b36aa74a59bcf4a88185837f658afaf3646eff2bb16c3928d0e9335e945d2	fQ==
1311	PREPROCESSOR	60241	60249	0	626de321eb397f6600939892a0009f31bc378f7e886f9acc5ec0af18db6a99a7	CiNlbmRpZgo=
1312	PREPROCESSOR	60249	60293	0	351a6fe1563934fafb3698698fb495909ea9e241bd1f7c1e50543dbf34ce08fd	CiNpZm5kZWYgTk9fZ3RrXzFmaWxlXzFkaWFsb2dfMXNhdmVfMWZpbmlzaAo=
1313	FUNCTION_OPEN	60293	60432	0	1f6040003e03b86957cb17584991027530c201140a74a0a892dad8349b28067a	Sk5JRVhQT1JUIGpsb25nIEpOSUNBTEwgR1RLNF9OQVRJVkUoZ3RrXzFmaWxlXzFkaWFsb2dfMXNhdmVfMWZpbmlzaCkKCShKTklFbnYgKmVudiwgamNsYXNzIHRoYXQsIGpsb25nIGFyZzAsIGpsb25nIGFyZzEsIGpsb25nQXJyYXkgYXJnMikKew==
1314	STATEMENT	60432	60453	1	14ee868f685db71861cfd3ee29bba2286fbcac344f0a669a0de0781f9f97193e	CglqbG9uZyAqbHBhcmcyPU5VTEw7
1315	STATEMENT	60453	60468	1	3411ceb5951bc52321d8d6cf00df310a159211846b0264e08db2a18b94173633	CglqbG9uZyByYyA9IDA7
1316	STATEMENT	60468	60537	1	27995aed9c488fe50886209dbaa0efff82525c1e60d078ff7f959d48d371d33b	CglHVEs0X05BVElWRV9FTlRFUihlbnYsIHRoYXQsIGd0a18xZmlsZV8xZGlhbG9nXzFzYXZlXzFmaW5pc2hfRlVOQyk7
1317	STATEMENT	60537	60629	1	b4f19d7a33b1d23f95212e25ea2f0a1971b2a069931368f0f7c3234ad1d7bc03	CglpZiAoYXJnMikgaWYgKChscGFyZzIgPSAoKmVudiktPkdldExvbmdBcnJheUVsZW1lbnRzKGVudiwgYXJnMiwgTlVMTCkpID09IE5VTEwpIGdvdG8gZmFpbDs=
1318	BLOCK_OPEN	60629	60727	1	4304bce4d496fa7f5b8ec000a02d7f6e351f214f1dcba22329255f6f47906082	Ci8qCglyYyA9IChqbG9uZylndGtfZmlsZV9kaWFsb2dfc2F2ZV9maW5pc2goYXJnMCwgKEdBc3luY1Jlc3VsdCAqKWFyZzEsIChHRXJyb3IgKiopbHBhcmcyKTsKKi8KCXs=
1319	BLOCK_OPEN	60727	60793	2	9164ecb9c38cd45a3929a424104a09ce21b80ba7b7e121822f25705096f67523	CgkJR1RLNF9MT0FEX0ZVTkNUSU9OKGZwLCBndGtfZmlsZV9kaWFsb2dfc2F2ZV9maW5pc2gpCgkJaWYgKGZwKSB7
1320	STATEMENT	60793	60924	3	2a6ef6a062c322f200e04e72ee583805aa2c7ba1a48762ed4c39a153125fe7e8	CgkJCXJjID0gKGpsb25nKSgoamxvbmcgKENBTExJTkdfQ09OVkVOVElPTiopKGpsb25nLCBHQXN5bmNSZXN1bHQgKiwgR0Vycm9yICoqKSlmcCkoYXJnMCwgKEdBc3luY1Jlc3VsdCAqKWFyZzEsIChHRXJyb3IgKiopbHBhcmcyKTs=
1321	FRAGMENT	60924	60927	3	3e13fafe8992426ccfcfbe1e1135fcbb8364b4a0a7331c64ba06546009b758f1	CgkJ
1322	BLOCK_CLOSE	60927	60928	2	d10b36aa74a59bcf4a88185837f658afaf3646eff2bb16c3928d0e9335e945d2	fQ==
1323	FRAGMENT	60928	60930	2	e8822f532ae9349b2b5743c494efd216ed4e44f9ebc82a6b1cb54895a5b88433	Cgk=
1324	BLOCK_CLOSE	60930	60931	1	d10b36aa74a59bcf4a88185837f658afaf3646eff2bb16c3928d0e9335e945d2	fQ==
1325	STATEMENT	60931	61014	1	7fbb799efbaced44951814914d554fd234f83e74e38da010ee1ef435ab5b6323	CmZhaWw6CglpZiAoYXJnMiAmJiBscGFyZzIpICgqZW52KS0+UmVsZWFzZUxvbmdBcnJheUVsZW1lbnRzKGVudiwgYXJnMiwgbHBhcmcyLCAwKTs=
1326	STATEMENT	61014	61082	1	7a9b5eefcf0e176f082608c6eaad18c45039cb3d47cc5b3e195f32798370e96b	CglHVEs0X05BVElWRV9FWElUKGVudiwgdGhhdCwgZ3RrXzFmaWxlXzFkaWFsb2dfMXNhdmVfMWZpbmlzaF9GVU5DKTs=
1327	STATEMENT	61082	61094	1	a028c9c9501df4846ec72c7b4432d4a3cb499b36b781bb1c38853498151d0ba7	CglyZXR1cm4gcmM7
1328	FRAGMENT	61094	61095	1	01ba4719c80b6fe911b091a7c05124b64eeece964e09c058ef8f9805daca546b	Cg==
1329	BLOCK_CLOSE	61095	61096	0	d10b36aa74a59bcf4a88185837f658afaf3646eff2bb16c3928d0e9335e945d2	fQ==
1330	PREPROCESSOR	61096	61104	0	626de321eb397f6600939892a0009f31bc378f7e886f9acc5ec0af18db6a99a7	CiNlbmRpZgo=
1331	PREPROCESSOR	61104	61150	0	921ef099069c414abe4effe4f79d97c31602e4a2630d08d7b075545c0dba0651	CiNpZm5kZWYgTk9fZ3RrXzFmaWxlXzFkaWFsb2dfMXNlbGVjdF8xZm9sZGVyCg==
1332	FUNCTION_OPEN	61150	61309	0	aacdff05ca25eb78ad1d7f1b5d620f95a82433ae727c478399033379d187b466	Sk5JRVhQT1JUIHZvaWQgSk5JQ0FMTCBHVEs0X05BVElWRShndGtfMWZpbGVfMWRpYWxvZ18xc2VsZWN0XzFmb2xkZXIpCgkoSk5JRW52ICplbnYsIGpjbGFzcyB0aGF0LCBqbG9uZyBhcmcwLCBqbG9uZyBhcmcxLCBqbG9uZyBhcmcyLCBqbG9uZyBhcmczLCBqbG9uZyBhcmc0KQp7
1333	STATEMENT	61309	61380	1	487a9faac60d90329fdb6b57868518744a583995018d4c6c87464baf5d5b4bbc	CglHVEs0X05BVElWRV9FTlRFUihlbnYsIHRoYXQsIGd0a18xZmlsZV8xZGlhbG9nXzFzZWxlY3RfMWZvbGRlcl9GVU5DKTs=
1334	BLOCK_OPEN	61380	61511	1	7412236651b80154db3028a79d5a6a51f0772c1a10abbfed7b8876357d2f57d0	Ci8qCglndGtfZmlsZV9kaWFsb2dfc2VsZWN0X2ZvbGRlcihhcmcwLCAoR3RrV2luZG93ICopYXJnMSwgKEdDYW5jZWxsYWJsZSAqKWFyZzIsIChHQXN5bmNSZWFkeUNhbGxiYWNrKWFyZzMsIChncG9pbnRlcilhcmc0KTsKKi8KCXs=
1335	BLOCK_OPEN	61511	61579	2	cf85a35a6d045a0c8b1241cd9ed75b5bb54e74bdaa63d341ffdbf5c8416822c0	CgkJR1RLNF9MT0FEX0ZVTkNUSU9OKGZwLCBndGtfZmlsZV9kaWFsb2dfc2VsZWN0X2ZvbGRlcikKCQlpZiAoZnApIHs=
1336	STATEMENT	61579	61773	3	a9b54303c1c524d8ab551fefdeb28e9b4300465193a9cb8e4b081ea65ea5a238	CgkJCSgodm9pZCAoQ0FMTElOR19DT05WRU5USU9OKikoamxvbmcsIEd0a1dpbmRvdyAqLCBHQ2FuY2VsbGFibGUgKiwgR0FzeW5jUmVhZHlDYWxsYmFjaywgZ3BvaW50ZXIpKWZwKShhcmcwLCAoR3RrV2luZG93ICopYXJnMSwgKEdDYW5jZWxsYWJsZSAqKWFyZzIsIChHQXN5bmNSZWFkeUNhbGxiYWNrKWFyZzMsIChncG9pbnRlcilhcmc0KTs=
1337	FRAGMENT	61773	61776	3	3e13fafe8992426ccfcfbe1e1135fcbb8364b4a0a7331c64ba06546009b758f1	CgkJ
1338	BLOCK_CLOSE	61776	61777	2	d10b36aa74a59bcf4a88185837f658afaf3646eff2bb16c3928d0e9335e945d2	fQ==
1339	FRAGMENT	61777	61779	2	e8822f532ae9349b2b5743c494efd216ed4e44f9ebc82a6b1cb54895a5b88433	Cgk=
1340	BLOCK_CLOSE	61779	61780	1	d10b36aa74a59bcf4a88185837f658afaf3646eff2bb16c3928d0e9335e945d2	fQ==
1341	STATEMENT	61780	61850	1	bbcfcdb4eb8f8ab6689bfcc6243d614831f7fa5a18a26d071077ab2dcaacf2e4	CglHVEs0X05BVElWRV9FWElUKGVudiwgdGhhdCwgZ3RrXzFmaWxlXzFkaWFsb2dfMXNlbGVjdF8xZm9sZGVyX0ZVTkMpOw==
1342	FRAGMENT	61850	61851	1	01ba4719c80b6fe911b091a7c05124b64eeece964e09c058ef8f9805daca546b	Cg==
1343	BLOCK_CLOSE	61851	61852	0	d10b36aa74a59bcf4a88185837f658afaf3646eff2bb16c3928d0e9335e945d2	fQ==
1344	PREPROCESSOR	61852	61860	0	626de321eb397f6600939892a0009f31bc378f7e886f9acc5ec0af18db6a99a7	CiNlbmRpZgo=
1345	PREPROCESSOR	61860	61914	0	0ce1a0d7c95a28d8d9c4e9db47fc34d7b81e490d98974c3317e958f88d1fb20f	CiNpZm5kZWYgTk9fZ3RrXzFmaWxlXzFkaWFsb2dfMXNlbGVjdF8xZm9sZGVyXzFmaW5pc2gK
1346	FUNCTION_OPEN	61914	62063	0	b6f59a68c45c19e6664008fa617add6d29b23df4e46c95cf0b48566f5975020a	Sk5JRVhQT1JUIGpsb25nIEpOSUNBTEwgR1RLNF9OQVRJVkUoZ3RrXzFmaWxlXzFkaWFsb2dfMXNlbGVjdF8xZm9sZGVyXzFmaW5pc2gpCgkoSk5JRW52ICplbnYsIGpjbGFzcyB0aGF0LCBqbG9uZyBhcmcwLCBqbG9uZyBhcmcxLCBqbG9uZ0FycmF5IGFyZzIpCns=
1347	STATEMENT	62063	62084	1	14ee868f685db71861cfd3ee29bba2286fbcac344f0a669a0de0781f9f97193e	CglqbG9uZyAqbHBhcmcyPU5VTEw7
1348	STATEMENT	62084	62099	1	3411ceb5951bc52321d8d6cf00df310a159211846b0264e08db2a18b94173633	CglqbG9uZyByYyA9IDA7
1349	STATEMENT	62099	62178	1	08187c2b23cd8c5c96c94e338c94bfe2bc4d48b0f2890f05a5c6f01b4cddb801	CglHVEs0X05BVElWRV9FTlRFUihlbnYsIHRoYXQsIGd0a18xZmlsZV8xZGlhbG9nXzFzZWxlY3RfMWZvbGRlcl8xZmluaXNoX0ZVTkMpOw==
1350	STATEMENT	62178	62270	1	b4f19d7a33b1d23f95212e25ea2f0a1971b2a069931368f0f7c3234ad1d7bc03	CglpZiAoYXJnMikgaWYgKChscGFyZzIgPSAoKmVudiktPkdldExvbmdBcnJheUVsZW1lbnRzKGVudiwgYXJnMiwgTlVMTCkpID09IE5VTEwpIGdvdG8gZmFpbDs=
1351	BLOCK_OPEN	62270	62377	1	e1467922937fd235f37977766fa169b0b200711641a6922e6453e1a87cccdbf1	Ci8qCglyYyA9IChqbG9uZylndGtfZmlsZV9kaWFsb2dfc2VsZWN0X2ZvbGRlcl9maW5pc2goYXJnMCwgKEdBc3luY1Jlc3VsdCAqKWFyZzEsIChHRXJyb3IgKiopbHBhcmcyKTsKKi8KCXs=
1352	BLOCK_OPEN	62377	62452	2	83d84fcc1626b205b0476f0e1a92af5588260fed42577fdc7f1abf9e254aa9f1	CgkJR1RLNF9MT0FEX0ZVTkNUSU9OKGZwLCBndGtfZmlsZV9kaWFsb2dfc2VsZWN0X2ZvbGRlcl9maW5pc2gpCgkJaWYgKGZwKSB7
1353	STATEMENT	62452	62583	3	2a6ef6a062c322f200e04e72ee583805aa2c7ba1a48762ed4c39a153125fe7e8	CgkJCXJjID0gKGpsb25nKSgoamxvbmcgKENBTExJTkdfQ09OVkVOVElPTiopKGpsb25nLCBHQXN5bmNSZXN1bHQgKiwgR0Vycm9yICoqKSlmcCkoYXJnMCwgKEdBc3luY1Jlc3VsdCAqKWFyZzEsIChHRXJyb3IgKiopbHBhcmcyKTs=
1354	FRAGMENT	62583	62586	3	3e13fafe8992426ccfcfbe1e1135fcbb8364b4a0a7331c64ba06546009b758f1	CgkJ
1355	BLOCK_CLOSE	62586	62587	2	d10b36aa74a59bcf4a88185837f658afaf3646eff2bb16c3928d0e9335e945d2	fQ==
1356	FRAGMENT	62587	62589	2	e8822f532ae9349b2b5743c494efd216ed4e44f9ebc82a6b1cb54895a5b88433	Cgk=
1357	BLOCK_CLOSE	62589	62590	1	d10b36aa74a59bcf4a88185837f658afaf3646eff2bb16c3928d0e9335e945d2	fQ==
1358	STATEMENT	62590	62673	1	7fbb799efbaced44951814914d554fd234f83e74e38da010ee1ef435ab5b6323	CmZhaWw6CglpZiAoYXJnMiAmJiBscGFyZzIpICgqZW52KS0+UmVsZWFzZUxvbmdBcnJheUVsZW1lbnRzKGVudiwgYXJnMiwgbHBhcmcyLCAwKTs=
1359	STATEMENT	62673	62751	1	bb7babfe288fac11bfdfe799f5e612a4d14e756271b4fa63d2bb3a330498e17e	CglHVEs0X05BVElWRV9FWElUKGVudiwgdGhhdCwgZ3RrXzFmaWxlXzFkaWFsb2dfMXNlbGVjdF8xZm9sZGVyXzFmaW5pc2hfRlVOQyk7
1360	STATEMENT	62751	62763	1	a028c9c9501df4846ec72c7b4432d4a3cb499b36b781bb1c38853498151d0ba7	CglyZXR1cm4gcmM7
1361	FRAGMENT	62763	62764	1	01ba4719c80b6fe911b091a7c05124b64eeece964e09c058ef8f9805daca546b	Cg==
1362	BLOCK_CLOSE	62764	62765	0	d10b36aa74a59bcf4a88185837f658afaf3646eff2bb16c3928d0e9335e945d2	fQ==
1363	PREPROCESSOR	62765	62773	0	626de321eb397f6600939892a0009f31bc378f7e886f9acc5ec0af18db6a99a7	CiNlbmRpZgo=
1364	PREPROCESSOR	62773	62825	0	9b0727343f4fed9939579c5563a9ec45c6e48def019d6952197bcb28ca45ce65	CiNpZm5kZWYgTk9fZ3RrXzFmaWxlXzFkaWFsb2dfMXNldF8xZGVmYXVsdF8xZmlsdGVyCg==
1365	FUNCTION_OPEN	62825	62954	0	5993822c5dd301ad6dfa9ff1e22f191118c03eab079bdcbe06780ae1c4f00687	Sk5JRVhQT1JUIHZvaWQgSk5JQ0FMTCBHVEs0X05BVElWRShndGtfMWZpbGVfMWRpYWxvZ18xc2V0XzFkZWZhdWx0XzFmaWx0ZXIpCgkoSk5JRW52ICplbnYsIGpjbGFzcyB0aGF0LCBqbG9uZyBhcmcwLCBqbG9uZyBhcmcxKQp7
1366	STATEMENT	62954	63031	1	a77900a6f0288e7322bf7b5c585fcd5080d03544b3ea3b418e45d74493e1c575	CglHVEs0X05BVElWRV9FTlRFUihlbnYsIHRoYXQsIGd0a18xZmlsZV8xZGlhbG9nXzFzZXRfMWRlZmF1bHRfMWZpbHRlcl9GVU5DKTs=
1367	BLOCK_OPEN	63031	63106	1	09becd2995f3f4beada2db70026913c9f3ea50c5565b0be4329e33c90d90f8fb	Ci8qCglndGtfZmlsZV9kaWFsb2dfc2V0X2RlZmF1bHRfZmlsdGVyKGFyZzAsIChHdGtGaWxlRmlsdGVyICopYXJnMSk7CiovCgl7
1368	BLOCK_OPEN	63106	63179	2	2ce1f87a9c69556035a36205cb941b31af80db40d2b122ef0ed10a8006da8880	CgkJR1RLNF9MT0FEX0ZVTkNUSU9OKGZwLCBndGtfZmlsZV9kaWFsb2dfc2V0X2RlZmF1bHRfZmlsdGVyKQoJCWlmIChmcCkgew==
1369	STATEMENT	63179	63269	3	1337ba12ae6acf3d76bccf6ec88b4cc8e33b30f29f1ae79309e6bb3245d4867b	CgkJCSgodm9pZCAoQ0FMTElOR19DT05WRU5USU9OKikoamxvbmcsIEd0a0ZpbGVGaWx0ZXIgKikpZnApKGFyZzAsIChHdGtGaWxlRmlsdGVyICopYXJnMSk7
1370	FRAGMENT	63269	63272	3	3e13fafe8992426ccfcfbe1e1135fcbb8364b4a0a7331c64ba06546009b758f1	CgkJ
1371	BLOCK_CLOSE	63272	63273	2	d10b36aa74a59bcf4a88185837f658afaf3646eff2bb16c3928d0e9335e945d2	fQ==
1372	FRAGMENT	63273	63275	2	e8822f532ae9349b2b5743c494efd216ed4e44f9ebc82a6b1cb54895a5b88433	Cgk=
1373	BLOCK_CLOSE	63275	63276	1	d10b36aa74a59bcf4a88185837f658afaf3646eff2bb16c3928d0e9335e945d2	fQ==
1374	STATEMENT	63276	63352	1	cf042f92629e6d85db38ab10e70cb4d9b84362acfbf36803daa396dfff492be4	CglHVEs0X05BVElWRV9FWElUKGVudiwgdGhhdCwgZ3RrXzFmaWxlXzFkaWFsb2dfMXNldF8xZGVmYXVsdF8xZmlsdGVyX0ZVTkMpOw==
1375	FRAGMENT	63352	63353	1	01ba4719c80b6fe911b091a7c05124b64eeece964e09c058ef8f9805daca546b	Cg==
1376	BLOCK_CLOSE	63353	63354	0	d10b36aa74a59bcf4a88185837f658afaf3646eff2bb16c3928d0e9335e945d2	fQ==
1377	PREPROCESSOR	63354	63362	0	626de321eb397f6600939892a0009f31bc378f7e886f9acc5ec0af18db6a99a7	CiNlbmRpZgo=
1378	PREPROCESSOR	63362	63406	0	7f522be7727a5257f0e6d4c233d75499e93025fc2f6d3fe11a4aa11d060a3ac9	CiNpZm5kZWYgTk9fZ3RrXzFmaWxlXzFkaWFsb2dfMXNldF8xZmlsdGVycwo=
1379	FUNCTION_OPEN	63406	63527	0	68a994edbb90608b3d71e3a511a43eba9313680c6a330a507502d387473e6ac7	Sk5JRVhQT1JUIHZvaWQgSk5JQ0FMTCBHVEs0X05BVElWRShndGtfMWZpbGVfMWRpYWxvZ18xc2V0XzFmaWx0ZXJzKQoJKEpOSUVudiAqZW52LCBqY2xhc3MgdGhhdCwgamxvbmcgYXJnMCwgamxvbmcgYXJnMSkKew==
1380	STATEMENT	63527	63596	1	34cd22c524f3379b2f453290d609ba7edce715ac16df532407ffcc1355c71fa7	CglHVEs0X05BVElWRV9FTlRFUihlbnYsIHRoYXQsIGd0a18xZmlsZV8xZGlhbG9nXzFzZXRfMWZpbHRlcnNfRlVOQyk7
1381	BLOCK_OPEN	63596	63661	1	093871d4b1cfac5ee4d00bfc1cc1df37d6eca963b937a8d9140c418c4204eeb3	Ci8qCglndGtfZmlsZV9kaWFsb2dfc2V0X2ZpbHRlcnMoYXJnMCwgKEdMaXN0TW9kZWwgKilhcmcxKTsKKi8KCXs=
1382	BLOCK_OPEN	63661	63727	2	82dfbe87cc8e3e755a2a2273daab1097c7ceedcd83c77bcb40171ec2eccffa2b	CgkJR1RLNF9MT0FEX0ZVTkNUSU9OKGZwLCBndGtfZmlsZV9kaWFsb2dfc2V0X2ZpbHRlcnMpCgkJaWYgKGZwKSB7
1383	STATEMENT	63727	63811	3	ccab65da58ead19805af3d67fab7b5b55caca3e2fd103482c934182fa6eb03d9	CgkJCSgodm9pZCAoQ0FMTElOR19DT05WRU5USU9OKikoamxvbmcsIEdMaXN0TW9kZWwgKikpZnApKGFyZzAsIChHTGlzdE1vZGVsICopYXJnMSk7
1384	FRAGMENT	63811	63814	3	3e13fafe8992426ccfcfbe1e1135fcbb8364b4a0a7331c64ba06546009b758f1	CgkJ
1385	BLOCK_CLOSE	63814	63815	2	d10b36aa74a59bcf4a88185837f658afaf3646eff2bb16c3928d0e9335e945d2	fQ==
1386	FRAGMENT	63815	63817	2	e8822f532ae9349b2b5743c494efd216ed4e44f9ebc82a6b1cb54895a5b88433	Cgk=
1387	BLOCK_CLOSE	63817	63818	1	d10b36aa74a59bcf4a88185837f658afaf3646eff2bb16c3928d0e9335e945d2	fQ==
1388	STATEMENT	63818	63886	1	e6b7afddf12902b312b850bfa999064517277b8075bab62684f34a9bfab08892	CglHVEs0X05BVElWRV9FWElUKGVudiwgdGhhdCwgZ3RrXzFmaWxlXzFkaWFsb2dfMXNldF8xZmlsdGVyc19GVU5DKTs=
1389	FRAGMENT	63886	63887	1	01ba4719c80b6fe911b091a7c05124b64eeece964e09c058ef8f9805daca546b	Cg==
1390	BLOCK_CLOSE	63887	63888	0	d10b36aa74a59bcf4a88185837f658afaf3646eff2bb16c3928d0e9335e945d2	fQ==
1391	PREPROCESSOR	63888	63896	0	626de321eb397f6600939892a0009f31bc378f7e886f9acc5ec0af18db6a99a7	CiNlbmRpZgo=
1392	PREPROCESSOR	63896	63946	0	07a881702c8ea080caf9565c878241425c991df1b11466230385c7b907bacc83	CiNpZm5kZWYgTk9fZ3RrXzFmaWxlXzFkaWFsb2dfMXNldF8xaW5pdGlhbF8xZmlsZQo=
1393	FUNCTION_OPEN	63946	64073	0	1d6b21111ac43a6360d1a960e383f90b742c2b4beb3d64f815a9bff43d6e23c0	Sk5JRVhQT1JUIHZvaWQgSk5JQ0FMTCBHVEs0X05BVElWRShndGtfMWZpbGVfMWRpYWxvZ18xc2V0XzFpbml0aWFsXzFmaWxlKQoJKEpOSUVudiAqZW52LCBqY2xhc3MgdGhhdCwgamxvbmcgYXJnMCwgamxvbmcgYXJnMSkKew==
1394	STATEMENT	64073	64148	1	7a616b7ae528fbc3fd65e8d2908ed0ae55dd684547a3a6856a43d075c6e71263	CglHVEs0X05BVElWRV9FTlRFUihlbnYsIHRoYXQsIGd0a18xZmlsZV8xZGlhbG9nXzFzZXRfMWluaXRpYWxfMWZpbGVfRlVOQyk7
1395	BLOCK_OPEN	64148	64213	1	a7c0d7f90f93bd615b7a9b663cd580e22ca83853237a7eaebac80f7c0b756801	Ci8qCglndGtfZmlsZV9kaWFsb2dfc2V0X2luaXRpYWxfZmlsZShhcmcwLCAoR0ZpbGUgKilhcmcxKTsKKi8KCXs=
1396	BLOCK_OPEN	64213	64284	2	777516793bf28e59dc34bf04cd622a62ec237a03453d52a1e93161ca01d14eb2	CgkJR1RLNF9MT0FEX0ZVTkNUSU9OKGZwLCBndGtfZmlsZV9kaWFsb2dfc2V0X2luaXRpYWxfZmlsZSkKCQlpZiAoZnApIHs=
1397	STATEMENT	64284	64358	3	f34e22102f90963878b7ba700e7bf9a7c010257734d09f449d186bb5551771d9	CgkJCSgodm9pZCAoQ0FMTElOR19DT05WRU5USU9OKikoamxvbmcsIEdGaWxlICopKWZwKShhcmcwLCAoR0ZpbGUgKilhcmcxKTs=
1398	FRAGMENT	64358	64361	3	3e13fafe8992426ccfcfbe1e1135fcbb8364b4a0a7331c64ba06546009b758f1	CgkJ
1399	BLOCK_CLOSE	64361	64362	2	d10b36aa74a59bcf4a88185837f658afaf3646eff2bb16c3928d0e9335e945d2	fQ==
1400	FRAGMENT	64362	64364	2	e8822f532ae9349b2b5743c494efd216ed4e44f9ebc82a6b1cb54895a5b88433	Cgk=
1401	BLOCK_CLOSE	64364	64365	1	d10b36aa74a59bcf4a88185837f658afaf3646eff2bb16c3928d0e9335e945d2	fQ==
1402	STATEMENT	64365	64439	1	cf8d5efb171a9db479fd68fd4882c30b10fb1ae3d77fd9bc8646334f87c3b93f	CglHVEs0X05BVElWRV9FWElUKGVudiwgdGhhdCwgZ3RrXzFmaWxlXzFkaWFsb2dfMXNldF8xaW5pdGlhbF8xZmlsZV9GVU5DKTs=
1403	FRAGMENT	64439	64440	1	01ba4719c80b6fe911b091a7c05124b64eeece964e09c058ef8f9805daca546b	Cg==
1404	BLOCK_CLOSE	64440	64441	0	d10b36aa74a59bcf4a88185837f658afaf3646eff2bb16c3928d0e9335e945d2	fQ==
1405	PREPROCESSOR	64441	64449	0	626de321eb397f6600939892a0009f31bc378f7e886f9acc5ec0af18db6a99a7	CiNlbmRpZgo=
1406	PREPROCESSOR	64449	64501	0	2b842fea49277b543002d7b4e848af39cd99594182149ea138aad0961f08900e	CiNpZm5kZWYgTk9fZ3RrXzFmaWxlXzFkaWFsb2dfMXNldF8xaW5pdGlhbF8xZm9sZGVyCg==
1407	FUNCTION_OPEN	64501	64630	0	0453cf181c1d535d94f32e36e58e45d5e3fba38d1d98fc1dbb588fa53546ce47	Sk5JRVhQT1JUIHZvaWQgSk5JQ0FMTCBHVEs0X05BVElWRShndGtfMWZpbGVfMWRpYWxvZ18xc2V0XzFpbml0aWFsXzFmb2xkZXIpCgkoSk5JRW52ICplbnYsIGpjbGFzcyB0aGF0LCBqbG9uZyBhcmcwLCBqbG9uZyBhcmcxKQp7
1408	STATEMENT	64630	64707	1	04e3245372a3a8d229fcdf50ecab0efc08c4efdd5d212989425e8b878712bda0	CglHVEs0X05BVElWRV9FTlRFUihlbnYsIHRoYXQsIGd0a18xZmlsZV8xZGlhbG9nXzFzZXRfMWluaXRpYWxfMWZvbGRlcl9GVU5DKTs=
1409	BLOCK_OPEN	64707	64774	1	30e448bbd04edd2fc604ccef1f3f9df0c0ce72d3c94cd4cdaef7bafcaf539fc4	Ci8qCglndGtfZmlsZV9kaWFsb2dfc2V0X2luaXRpYWxfZm9sZGVyKGFyZzAsIChHRmlsZSAqKWFyZzEpOwoqLwoJew==
1410	BLOCK_OPEN	64774	64847	2	ea2b6e6f8db160a5a18fb2c3f463f4f3f65565dd7bdc4c56e21821bd26e2e9bf	CgkJR1RLNF9MT0FEX0ZVTkNUSU9OKGZwLCBndGtfZmlsZV9kaWFsb2dfc2V0X2luaXRpYWxfZm9sZGVyKQoJCWlmIChmcCkgew==
1411	STATEMENT	64847	64921	3	f34e22102f90963878b7ba700e7bf9a7c010257734d09f449d186bb5551771d9	CgkJCSgodm9pZCAoQ0FMTElOR19DT05WRU5USU9OKikoamxvbmcsIEdGaWxlICopKWZwKShhcmcwLCAoR0ZpbGUgKilhcmcxKTs=
1412	FRAGMENT	64921	64924	3	3e13fafe8992426ccfcfbe1e1135fcbb8364b4a0a7331c64ba06546009b758f1	CgkJ
1413	BLOCK_CLOSE	64924	64925	2	d10b36aa74a59bcf4a88185837f658afaf3646eff2bb16c3928d0e9335e945d2	fQ==
1414	FRAGMENT	64925	64927	2	e8822f532ae9349b2b5743c494efd216ed4e44f9ebc82a6b1cb54895a5b88433	Cgk=
1415	BLOCK_CLOSE	64927	64928	1	d10b36aa74a59bcf4a88185837f658afaf3646eff2bb16c3928d0e9335e945d2	fQ==
1416	STATEMENT	64928	65004	1	e08ad3c35f6f0ae66c906f64ee08e0a27f3b600bf2945931156093b7a67601fc	CglHVEs0X05BVElWRV9FWElUKGVudiwgdGhhdCwgZ3RrXzFmaWxlXzFkaWFsb2dfMXNldF8xaW5pdGlhbF8xZm9sZGVyX0ZVTkMpOw==
1417	FRAGMENT	65004	65005	1	01ba4719c80b6fe911b091a7c05124b64eeece964e09c058ef8f9805daca546b	Cg==
1418	BLOCK_CLOSE	65005	65006	0	d10b36aa74a59bcf4a88185837f658afaf3646eff2bb16c3928d0e9335e945d2	fQ==
1419	PREPROCESSOR	65006	65014	0	626de321eb397f6600939892a0009f31bc378f7e886f9acc5ec0af18db6a99a7	CiNlbmRpZgo=
1420	PREPROCESSOR	65014	65064	0	e02a3ae03053ec22dcdc75ba2fa3260407630847d1194337d7c4e279932c5432	CiNpZm5kZWYgTk9fZ3RrXzFmaWxlXzFkaWFsb2dfMXNldF8xaW5pdGlhbF8xbmFtZQo=
1421	FUNCTION_OPEN	65064	65196	0	76274f1c6dcfcd5923a4338d250b230d661144aa3f1b172f935bd0ca0923afc4	Sk5JRVhQT1JUIHZvaWQgSk5JQ0FMTCBHVEs0X05BVElWRShndGtfMWZpbGVfMWRpYWxvZ18xc2V0XzFpbml0aWFsXzFuYW1lKQoJKEpOSUVudiAqZW52LCBqY2xhc3MgdGhhdCwgamxvbmcgYXJnMCwgamJ5dGVBcnJheSBhcmcxKQp7
1422	STATEMENT	65196	65217	1	ecbc1c66598161b54ed7d4df47ce4c17c895a8aaf496cadd930f0e7e6c9b06d3	CglqYnl0ZSAqbHBhcmcxPU5VTEw7
1423	STATEMENT	65217	65292	1	fd69acd1e0cf17550179e20ae4db0ddd9898abdf723422a69560b367f7caa4f9	CglHVEs0X05BVElWRV9FTlRFUihlbnYsIHRoYXQsIGd0a18xZmlsZV8xZGlhbG9nXzFzZXRfMWluaXRpYWxfMW5hbWVfRlVOQyk7
1424	STATEMENT	65292	65384	1	9e0f7faa1c09a55eb10394bedcb268962dfc3d57ab587fe9530c7324cc7b0ca1	CglpZiAoYXJnMSkgaWYgKChscGFyZzEgPSAoKmVudiktPkdldEJ5dGVBcnJheUVsZW1lbnRzKGVudiwgYXJnMSwgTlVMTCkpID09IE5VTEwpIGdvdG8gZmFpbDs=
1425	BLOCK_OPEN	65384	65450	1	92ded9509f7fa6fe55ec49f67c5fe693b58fa0a06a494dd0cb01ec7b167e4042	Ci8qCglndGtfZmlsZV9kaWFsb2dfc2V0X2luaXRpYWxfbmFtZShhcmcwLCAoY2hhciAqKWxwYXJnMSk7CiovCgl7
1426	BLOCK_OPEN	65450	65521	2	1ae86f0a39d2b9057979fc9fa09f9e3b8968c38b7429fdeed347b5151183a6a1	CgkJR1RLNF9MT0FEX0ZVTkNUSU9OKGZwLCBndGtfZmlsZV9kaWFsb2dfc2V0X2luaXRpYWxfbmFtZSkKCQlpZiAoZnApIHs=
1427	STATEMENT	65521	65595	3	bb9175f538a9843ae6537c483fea8568601d055849545dcccab2dd4091ffa5ab	CgkJCSgodm9pZCAoQ0FMTElOR19DT05WRU5USU9OKikoamxvbmcsIGNoYXIgKikpZnApKGFyZzAsIChjaGFyICopbHBhcmcxKTs=
1428	FRAGMENT	65595	65598	3	3e13fafe8992426ccfcfbe1e1135fcbb8364b4a0a7331c64ba06546009b758f1	CgkJ
1429	BLOCK_CLOSE	65598	65599	2	d10b36aa74a59bcf4a88185837f658afaf3646eff2bb16c3928d0e9335e945d2	fQ==
1430	FRAGMENT	65599	65601	2	e8822f532ae9349b2b5743c494efd216ed4e44f9ebc82a6b1cb54895a5b88433	Cgk=
1431	BLOCK_CLOSE	65601	65602	1	d10b36aa74a59bcf4a88185837f658afaf3646eff2bb16c3928d0e9335e945d2	fQ==
1432	STATEMENT	65602	65685	1	78812943a01430fa07d31629617d2c1617a8077555058eb3c69830ff8aafbb1d	CmZhaWw6CglpZiAoYXJnMSAmJiBscGFyZzEpICgqZW52KS0+UmVsZWFzZUJ5dGVBcnJheUVsZW1lbnRzKGVudiwgYXJnMSwgbHBhcmcxLCAwKTs=
1433	STATEMENT	65685	65759	1	41fc8cd4f1b880fbfd32223f66901cb884d6bc31de0250b6fdef2a0f3e8927f9	CglHVEs0X05BVElWRV9FWElUKGVudiwgdGhhdCwgZ3RrXzFmaWxlXzFkaWFsb2dfMXNldF8xaW5pdGlhbF8xbmFtZV9GVU5DKTs=
1434	FRAGMENT	65759	65760	1	01ba4719c80b6fe911b091a7c05124b64eeece964e09c058ef8f9805daca546b	Cg==
1435	BLOCK_CLOSE	65760	65761	0	d10b36aa74a59bcf4a88185837f658afaf3646eff2bb16c3928d0e9335e945d2	fQ==
1436	PREPROCESSOR	65761	65769	0	626de321eb397f6600939892a0009f31bc378f7e886f9acc5ec0af18db6a99a7	CiNlbmRpZgo=
1437	PREPROCESSOR	65769	65811	0	81815abc6a25e067d5b137c97ad434c9c828ec9dabb6d198b10eeb393c5237ce	CiNpZm5kZWYgTk9fZ3RrXzFmaWxlXzFkaWFsb2dfMXNldF8xdGl0bGUK
1438	FUNCTION_OPEN	65811	65935	0	0200360580635a1f3bbe4fa482fd4bf5e94c8f81077fa541a88a344a55c4f38f	Sk5JRVhQT1JUIHZvaWQgSk5JQ0FMTCBHVEs0X05BVElWRShndGtfMWZpbGVfMWRpYWxvZ18xc2V0XzF0aXRsZSkKCShKTklFbnYgKmVudiwgamNsYXNzIHRoYXQsIGpsb25nIGFyZzAsIGpieXRlQXJyYXkgYXJnMSkKew==
1439	STATEMENT	65935	65956	1	ecbc1c66598161b54ed7d4df47ce4c17c895a8aaf496cadd930f0e7e6c9b06d3	CglqYnl0ZSAqbHBhcmcxPU5VTEw7
1440	STATEMENT	65956	66023	1	99c8a21b543a8425b02189fc9393bb220fb0c2dcf7c9a9f3cd177d3e4f618d4e	CglHVEs0X05BVElWRV9FTlRFUihlbnYsIHRoYXQsIGd0a18xZmlsZV8xZGlhbG9nXzFzZXRfMXRpdGxlX0ZVTkMpOw==
1441	STATEMENT	66023	66115	1	9e0f7faa1c09a55eb10394bedcb268962dfc3d57ab587fe9530c7324cc7b0ca1	CglpZiAoYXJnMSkgaWYgKChscGFyZzEgPSAoKmVudiktPkdldEJ5dGVBcnJheUVsZW1lbnRzKGVudiwgYXJnMSwgTlVMTCkpID09IE5VTEwpIGdvdG8gZmFpbDs=
1442	BLOCK_OPEN	66115	66174	1	79bbc4de148664ff12a851346715f968546aa94c12261a3335f009d74b6d5380	Ci8qCglndGtfZmlsZV9kaWFsb2dfc2V0X3RpdGxlKGFyZzAsIChjaGFyICopbHBhcmcxKTsKKi8KCXs=
1443	BLOCK_OPEN	66174	66238	2	47251b3bc4601473976797ca1bcf62f7d68612b6f7ff6db3baa810be708ca186	CgkJR1RLNF9MT0FEX0ZVTkNUSU9OKGZwLCBndGtfZmlsZV9kaWFsb2dfc2V0X3RpdGxlKQoJCWlmIChmcCkgew==
1444	STATEMENT	66238	66312	3	bb9175f538a9843ae6537c483fea8568601d055849545dcccab2dd4091ffa5ab	CgkJCSgodm9pZCAoQ0FMTElOR19DT05WRU5USU9OKikoamxvbmcsIGNoYXIgKikpZnApKGFyZzAsIChjaGFyICopbHBhcmcxKTs=
1445	FRAGMENT	66312	66315	3	3e13fafe8992426ccfcfbe1e1135fcbb8364b4a0a7331c64ba06546009b758f1	CgkJ
1446	BLOCK_CLOSE	66315	66316	2	d10b36aa74a59bcf4a88185837f658afaf3646eff2bb16c3928d0e9335e945d2	fQ==
1447	FRAGMENT	66316	66318	2	e8822f532ae9349b2b5743c494efd216ed4e44f9ebc82a6b1cb54895a5b88433	Cgk=
1448	BLOCK_CLOSE	66318	66319	1	d10b36aa74a59bcf4a88185837f658afaf3646eff2bb16c3928d0e9335e945d2	fQ==
1449	STATEMENT	66319	66402	1	78812943a01430fa07d31629617d2c1617a8077555058eb3c69830ff8aafbb1d	CmZhaWw6CglpZiAoYXJnMSAmJiBscGFyZzEpICgqZW52KS0+UmVsZWFzZUJ5dGVBcnJheUVsZW1lbnRzKGVudiwgYXJnMSwgbHBhcmcxLCAwKTs=
1450	STATEMENT	66402	66468	1	a63859bd943a76b00855ddec29ff7a8e93d66072432e051047a98bb572dad977	CglHVEs0X05BVElWRV9FWElUKGVudiwgdGhhdCwgZ3RrXzFmaWxlXzFkaWFsb2dfMXNldF8xdGl0bGVfRlVOQyk7
1451	FRAGMENT	66468	66469	1	01ba4719c80b6fe911b091a7c05124b64eeece964e09c058ef8f9805daca546b	Cg==
1452	BLOCK_CLOSE	66469	66470	0	d10b36aa74a59bcf4a88185837f658afaf3646eff2bb16c3928d0e9335e945d2	fQ==
1453	PREPROCESSOR	66470	66478	0	626de321eb397f6600939892a0009f31bc378f7e886f9acc5ec0af18db6a99a7	CiNlbmRpZgo=
1454	PREPROCESSOR	66478	66522	0	ea4a1941e79d580395d542f0169a983e7be409fcc3b79b1f9c8b53a61266f5cf	CiNpZm5kZWYgTk9fZ3RrXzFmb250XzFkaWFsb2dfMWNob29zZV8xZm9udAo=
1455	FUNCTION_OPEN	66522	66691	0	4c1a9a703857860ad566e5cae4a25e2dda617e3a701dd5931458a4cbc6eaaa27	Sk5JRVhQT1JUIHZvaWQgSk5JQ0FMTCBHVEs0X05BVElWRShndGtfMWZvbnRfMWRpYWxvZ18xY2hvb3NlXzFmb250KQoJKEpOSUVudiAqZW52LCBqY2xhc3MgdGhhdCwgamxvbmcgYXJnMCwgamxvbmcgYXJnMSwgamxvbmcgYXJnMiwgamxvbmcgYXJnMywgamxvbmcgYXJnNCwgamxvbmcgYXJnNSkKew==
1456	STATEMENT	66691	66760	1	ae7d7875d63a7b8fb281c201731d01340082ed86344d39ff538500ba65600572	CglHVEs0X05BVElWRV9FTlRFUihlbnYsIHRoYXQsIGd0a18xZm9udF8xZGlhbG9nXzFjaG9vc2VfMWZvbnRfRlVOQyk7
1457	BLOCK_OPEN	66760	66919	1	1f7116c61b1a150e57e7dbcf8badb07197f18c66dcb17625505210bcc6537c7b	Ci8qCglndGtfZm9udF9kaWFsb2dfY2hvb3NlX2ZvbnQoYXJnMCwgKEd0a1dpbmRvdyAqKWFyZzEsIChQYW5nb0ZvbnREZXNjcmlwdGlvbiAqKWFyZzIsIChHQ2FuY2VsbGFibGUgKilhcmczLCAoR0FzeW5jUmVhZHlDYWxsYmFjaylhcmc0LCAoZ3BvaW50ZXIpYXJnNSk7CiovCgl7
1458	BLOCK_OPEN	66919	66985	2	b9a6f618eb9d08a3f19a8e43bbc0e9729f02094486b2a5b4475199ab86a9417b	CgkJR1RLNF9MT0FEX0ZVTkNUSU9OKGZwLCBndGtfZm9udF9kaWFsb2dfY2hvb3NlX2ZvbnQpCgkJaWYgKGZwKSB7
1459	STATEMENT	66985	67233	3	80b4544495b7d73eda63c1a1266d61f090cafd7cd61d5abec2a972f52c014b92	CgkJCSgodm9pZCAoQ0FMTElOR19DT05WRU5USU9OKikoamxvbmcsIEd0a1dpbmRvdyAqLCBQYW5nb0ZvbnREZXNjcmlwdGlvbiAqLCBHQ2FuY2VsbGFibGUgKiwgR0FzeW5jUmVhZHlDYWxsYmFjaywgZ3BvaW50ZXIpKWZwKShhcmcwLCAoR3RrV2luZG93ICopYXJnMSwgKFBhbmdvRm9udERlc2NyaXB0aW9uICopYXJnMiwgKEdDYW5jZWxsYWJsZSAqKWFyZzMsIChHQXN5bmNSZWFkeUNhbGxiYWNrKWFyZzQsIChncG9pbnRlcilhcmc1KTs=
1460	FRAGMENT	67233	67236	3	3e13fafe8992426ccfcfbe1e1135fcbb8364b4a0a7331c64ba06546009b758f1	CgkJ
1461	BLOCK_CLOSE	67236	67237	2	d10b36aa74a59bcf4a88185837f658afaf3646eff2bb16c3928d0e9335e945d2	fQ==
1462	FRAGMENT	67237	67239	2	e8822f532ae9349b2b5743c494efd216ed4e44f9ebc82a6b1cb54895a5b88433	Cgk=
1463	BLOCK_CLOSE	67239	67240	1	d10b36aa74a59bcf4a88185837f658afaf3646eff2bb16c3928d0e9335e945d2	fQ==
1464	STATEMENT	67240	67308	1	2b36973d9183235dd4581c9c4dddd246b5921bb66f953ebf108f561cba349729	CglHVEs0X05BVElWRV9FWElUKGVudiwgdGhhdCwgZ3RrXzFmb250XzFkaWFsb2dfMWNob29zZV8xZm9udF9GVU5DKTs=
1465	FRAGMENT	67308	67309	1	01ba4719c80b6fe911b091a7c05124b64eeece964e09c058ef8f9805daca546b	Cg==
1466	BLOCK_CLOSE	67309	67310	0	d10b36aa74a59bcf4a88185837f658afaf3646eff2bb16c3928d0e9335e945d2	fQ==
1467	PREPROCESSOR	67310	67318	0	626de321eb397f6600939892a0009f31bc378f7e886f9acc5ec0af18db6a99a7	CiNlbmRpZgo=
1468	PREPROCESSOR	67318	67370	0	a5ac4a2359b4b64bdd166c4fb11e6e381b1def4fd2a7b7b06b40bd77401cb7e5	CiNpZm5kZWYgTk9fZ3RrXzFmb250XzFkaWFsb2dfMWNob29zZV8xZm9udF8xZmluaXNoCg==
1469	FUNCTION_OPEN	67370	67517	0	488eca606153eea7a10f9dba274b28683cb38d3f0015ccc176c8b6618ca75574	Sk5JRVhQT1JUIGpsb25nIEpOSUNBTEwgR1RLNF9OQVRJVkUoZ3RrXzFmb250XzFkaWFsb2dfMWNob29zZV8xZm9udF8xZmluaXNoKQoJKEpOSUVudiAqZW52LCBqY2xhc3MgdGhhdCwgamxvbmcgYXJnMCwgamxvbmcgYXJnMSwgamxvbmdBcnJheSBhcmcyKQp7
1470	STATEMENT	67517	67538	1	14ee868f685db71861cfd3ee29bba2286fbcac344f0a669a0de0781f9f97193e	CglqbG9uZyAqbHBhcmcyPU5VTEw7
1471	STATEMENT	67538	67553	1	3411ceb5951bc52321d8d6cf00df310a159211846b0264e08db2a18b94173633	CglqbG9uZyByYyA9IDA7
1472	STATEMENT	67553	67630	1	a6007cabfdde72b73c8dbfae364590cf34cd99c4a84d2a5b41dd7c9e3e7b0e5f	CglHVEs0X05BVElWRV9FTlRFUihlbnYsIHRoYXQsIGd0a18xZm9udF8xZGlhbG9nXzFjaG9vc2VfMWZvbnRfMWZpbmlzaF9GVU5DKTs=
1473	STATEMENT	67630	67722	1	b4f19d7a33b1d23f95212e25ea2f0a1971b2a069931368f0f7c3234ad1d7bc03	CglpZiAoYXJnMikgaWYgKChscGFyZzIgPSAoKmVudiktPkdldExvbmdBcnJheUVsZW1lbnRzKGVudiwgYXJnMiwgTlVMTCkpID09IE5VTEwpIGdvdG8gZmFpbDs=
1474	BLOCK_OPEN	67722	67827	1	23156d612f2e32c4f39d782754aad036fef8810db07b0670890e3ca91194755d	Ci8qCglyYyA9IChqbG9uZylndGtfZm9udF9kaWFsb2dfY2hvb3NlX2ZvbnRfZmluaXNoKGFyZzAsIChHQXN5bmNSZXN1bHQgKilhcmcxLCAoR0Vycm9yICoqKWxwYXJnMik7CiovCgl7
1475	BLOCK_OPEN	67827	67900	2	2d0c615e80f35158a045f783b43c851d31cf643881c23e6724588eb044cc19dd	CgkJR1RLNF9MT0FEX0ZVTkNUSU9OKGZwLCBndGtfZm9udF9kaWFsb2dfY2hvb3NlX2ZvbnRfZmluaXNoKQoJCWlmIChmcCkgew==
1476	STATEMENT	67900	68031	3	2a6ef6a062c322f200e04e72ee583805aa2c7ba1a48762ed4c39a153125fe7e8	CgkJCXJjID0gKGpsb25nKSgoamxvbmcgKENBTExJTkdfQ09OVkVOVElPTiopKGpsb25nLCBHQXN5bmNSZXN1bHQgKiwgR0Vycm9yICoqKSlmcCkoYXJnMCwgKEdBc3luY1Jlc3VsdCAqKWFyZzEsIChHRXJyb3IgKiopbHBhcmcyKTs=
1477	FRAGMENT	68031	68034	3	3e13fafe8992426ccfcfbe1e1135fcbb8364b4a0a7331c64ba06546009b758f1	CgkJ
1478	BLOCK_CLOSE	68034	68035	2	d10b36aa74a59bcf4a88185837f658afaf3646eff2bb16c3928d0e9335e945d2	fQ==
1479	FRAGMENT	68035	68037	2	e8822f532ae9349b2b5743c494efd216ed4e44f9ebc82a6b1cb54895a5b88433	Cgk=
1480	BLOCK_CLOSE	68037	68038	1	d10b36aa74a59bcf4a88185837f658afaf3646eff2bb16c3928d0e9335e945d2	fQ==
1481	STATEMENT	68038	68121	1	7fbb799efbaced44951814914d554fd234f83e74e38da010ee1ef435ab5b6323	CmZhaWw6CglpZiAoYXJnMiAmJiBscGFyZzIpICgqZW52KS0+UmVsZWFzZUxvbmdBcnJheUVsZW1lbnRzKGVudiwgYXJnMiwgbHBhcmcyLCAwKTs=
1482	STATEMENT	68121	68197	1	7d6887790f01bf6a0f843557fdefc38c2dc0bc2aa521066323939cc9eb9d9fd9	CglHVEs0X05BVElWRV9FWElUKGVudiwgdGhhdCwgZ3RrXzFmb250XzFkaWFsb2dfMWNob29zZV8xZm9udF8xZmluaXNoX0ZVTkMpOw==
1483	STATEMENT	68197	68209	1	a028c9c9501df4846ec72c7b4432d4a3cb499b36b781bb1c38853498151d0ba7	CglyZXR1cm4gcmM7
1484	FRAGMENT	68209	68210	1	01ba4719c80b6fe911b091a7c05124b64eeece964e09c058ef8f9805daca546b	Cg==
1485	BLOCK_CLOSE	68210	68211	0	d10b36aa74a59bcf4a88185837f658afaf3646eff2bb16c3928d0e9335e945d2	fQ==
1486	PREPROCESSOR	68211	68219	0	626de321eb397f6600939892a0009f31bc378f7e886f9acc5ec0af18db6a99a7	CiNlbmRpZgo=
1487	PREPROCESSOR	68219	68254	0	e83e07735d7e32bfc194f50f455527344e84871eb851c035b6c896f7f8eea9e6	CiNpZm5kZWYgTk9fZ3RrXzFmb250XzFkaWFsb2dfMW5ldwo=
1488	FUNCTION_OPEN	68254	68343	0	b2496e495ae49abc35abe5e8a02748472f4750f1f0bb691df174988446763495	Sk5JRVhQT1JUIGpsb25nIEpOSUNBTEwgR1RLNF9OQVRJVkUoZ3RrXzFmb250XzFkaWFsb2dfMW5ldykKCShKTklFbnYgKmVudiwgamNsYXNzIHRoYXQpCns=
1489	STATEMENT	68343	68358	1	3411ceb5951bc52321d8d6cf00df310a159211846b0264e08db2a18b94173633	CglqbG9uZyByYyA9IDA7
1490	STATEMENT	68358	68418	1	fd03a6707b95c0e29310186f317ecdf3898b1f47e8796bc3ad2ac2ab8116a5cc	CglHVEs0X05BVElWRV9FTlRFUihlbnYsIHRoYXQsIGd0a18xZm9udF8xZGlhbG9nXzFuZXdfRlVOQyk7
1491	BLOCK_OPEN	68418	68463	1	7900fdcce2ccda8c2c707b9979af4b963ee604d31f1852b022f56e7553bc0619	Ci8qCglyYyA9IChqbG9uZylndGtfZm9udF9kaWFsb2dfbmV3KCk7CiovCgl7
1492	BLOCK_OPEN	68463	68521	2	eb7c9bc2b2b8960cb10dc12455808df5da33feb50e3ccd4448eebae8acfe170a	CgkJR1RLNF9MT0FEX0ZVTkNUSU9OKGZwLCBndGtfZm9udF9kaWFsb2dfbmV3KQoJCWlmIChmcCkgew==
1493	STATEMENT	68521	68575	3	72d46f21028e29f2662dd712b15d6ddc7f93f464b285d011d2b2f4b9e5b099e9	CgkJCXJjID0gKGpsb25nKSgoamxvbmcgKENBTExJTkdfQ09OVkVOVElPTiopKCkpZnApKCk7
1494	FRAGMENT	68575	68578	3	3e13fafe8992426ccfcfbe1e1135fcbb8364b4a0a7331c64ba06546009b758f1	CgkJ
1495	BLOCK_CLOSE	68578	68579	2	d10b36aa74a59bcf4a88185837f658afaf3646eff2bb16c3928d0e9335e945d2	fQ==
1496	FRAGMENT	68579	68581	2	e8822f532ae9349b2b5743c494efd216ed4e44f9ebc82a6b1cb54895a5b88433	Cgk=
1497	BLOCK_CLOSE	68581	68582	1	d10b36aa74a59bcf4a88185837f658afaf3646eff2bb16c3928d0e9335e945d2	fQ==
1498	STATEMENT	68582	68641	1	5d79948ff7405004a6ee0118e5aa0fd9749d6b00af9bbcf32f53b9a951b1ee28	CglHVEs0X05BVElWRV9FWElUKGVudiwgdGhhdCwgZ3RrXzFmb250XzFkaWFsb2dfMW5ld19GVU5DKTs=
1499	STATEMENT	68641	68653	1	a028c9c9501df4846ec72c7b4432d4a3cb499b36b781bb1c38853498151d0ba7	CglyZXR1cm4gcmM7
1500	FRAGMENT	68653	68654	1	01ba4719c80b6fe911b091a7c05124b64eeece964e09c058ef8f9805daca546b	Cg==
1501	BLOCK_CLOSE	68654	68655	0	d10b36aa74a59bcf4a88185837f658afaf3646eff2bb16c3928d0e9335e945d2	fQ==
1502	PREPROCESSOR	68655	68663	0	626de321eb397f6600939892a0009f31bc378f7e886f9acc5ec0af18db6a99a7	CiNlbmRpZgo=
1503	PREPROCESSOR	68663	68705	0	de8032f4eeaba482c7119f7a62396940ee7e67108f419d1c39419f6d9473b56f	CiNpZm5kZWYgTk9fZ3RrXzFmb250XzFkaWFsb2dfMXNldF8xbW9kYWwK
1504	FUNCTION_OPEN	68705	68828	0	944cdc2929c8b923a757571c60b13c26c183102bfa4011a05e9fb814ba7f2299	Sk5JRVhQT1JUIGpsb25nIEpOSUNBTEwgR1RLNF9OQVRJVkUoZ3RrXzFmb250XzFkaWFsb2dfMXNldF8xbW9kYWwpCgkoSk5JRW52ICplbnYsIGpjbGFzcyB0aGF0LCBqbG9uZyBhcmcwLCBqYm9vbGVhbiBhcmcxKQp7
1505	STATEMENT	68828	68843	1	3411ceb5951bc52321d8d6cf00df310a159211846b0264e08db2a18b94173633	CglqbG9uZyByYyA9IDA7
1506	STATEMENT	68843	68910	1	e749c907e0ff0525d9143491a57ef9ab46d576d8d76eb8f73dae021332c04b3b	CglHVEs0X05BVElWRV9FTlRFUihlbnYsIHRoYXQsIGd0a18xZm9udF8xZGlhbG9nXzFzZXRfMW1vZGFsX0ZVTkMpOw==
1507	BLOCK_OPEN	68910	68981	1	df37b58c3bffb9774bfd9bea29e0ff052b724b197d629af0492dcbbd962f69d0	Ci8qCglyYyA9IChqbG9uZylndGtfZm9udF9kaWFsb2dfc2V0X21vZGFsKGFyZzAsIChnYm9vbGVhbilhcmcxKTsKKi8KCXs=
1508	BLOCK_OPEN	68981	69045	2	1977ee3c2b35183ccd081bd93e536001ae12ca2115e40dce304fc544bb7e13b0	CgkJR1RLNF9MT0FEX0ZVTkNUSU9OKGZwLCBndGtfZm9udF9kaWFsb2dfc2V0X21vZGFsKQoJCWlmIChmcCkgew==
1509	STATEMENT	69045	69134	3	8bde9cb20c481859f1cc1a714a976aa80dd96279ca3c87f420b6dcb5ba61e192	CgkJCXJjID0gKGpsb25nKSgoamxvbmcgKENBTExJTkdfQ09OVkVOVElPTiopKGpsb25nLCBnYm9vbGVhbikpZnApKGFyZzAsIChnYm9vbGVhbilhcmcxKTs=
1510	FRAGMENT	69134	69137	3	3e13fafe8992426ccfcfbe1e1135fcbb8364b4a0a7331c64ba06546009b758f1	CgkJ
1511	BLOCK_CLOSE	69137	69138	2	d10b36aa74a59bcf4a88185837f658afaf3646eff2bb16c3928d0e9335e945d2	fQ==
1512	FRAGMENT	69138	69140	2	e8822f532ae9349b2b5743c494efd216ed4e44f9ebc82a6b1cb54895a5b88433	Cgk=
1513	BLOCK_CLOSE	69140	69141	1	d10b36aa74a59bcf4a88185837f658afaf3646eff2bb16c3928d0e9335e945d2	fQ==
1514	STATEMENT	69141	69207	1	e622bb6871ed7ad4efb937094053063517216f8377d980ff00924aebde5c0fe6	CglHVEs0X05BVElWRV9FWElUKGVudiwgdGhhdCwgZ3RrXzFmb250XzFkaWFsb2dfMXNldF8xbW9kYWxfRlVOQyk7
1515	STATEMENT	69207	69219	1	a028c9c9501df4846ec72c7b4432d4a3cb499b36b781bb1c38853498151d0ba7	CglyZXR1cm4gcmM7
1516	FRAGMENT	69219	69220	1	01ba4719c80b6fe911b091a7c05124b64eeece964e09c058ef8f9805daca546b	Cg==
1517	BLOCK_CLOSE	69220	69221	0	d10b36aa74a59bcf4a88185837f658afaf3646eff2bb16c3928d0e9335e945d2	fQ==
1518	PREPROCESSOR	69221	69229	0	626de321eb397f6600939892a0009f31bc378f7e886f9acc5ec0af18db6a99a7	CiNlbmRpZgo=
1519	PREPROCESSOR	69229	69271	0	2c06e6dc016cb9675df0289a1eddccd21eff565af374599293cb53a449480894	CiNpZm5kZWYgTk9fZ3RrXzFmb250XzFkaWFsb2dfMXNldF8xdGl0bGUK
1520	FUNCTION_OPEN	69271	69396	0	a941503af8f928184fa6a4071be88b85a01cd7558d2780a6df67d3f2ef748f3f	Sk5JRVhQT1JUIGpsb25nIEpOSUNBTEwgR1RLNF9OQVRJVkUoZ3RrXzFmb250XzFkaWFsb2dfMXNldF8xdGl0bGUpCgkoSk5JRW52ICplbnYsIGpjbGFzcyB0aGF0LCBqbG9uZyBhcmcwLCBqYnl0ZUFycmF5IGFyZzEpCns=
1521	STATEMENT	69396	69417	1	ecbc1c66598161b54ed7d4df47ce4c17c895a8aaf496cadd930f0e7e6c9b06d3	CglqYnl0ZSAqbHBhcmcxPU5VTEw7
1522	STATEMENT	69417	69432	1	3411ceb5951bc52321d8d6cf00df310a159211846b0264e08db2a18b94173633	CglqbG9uZyByYyA9IDA7
1523	STATEMENT	69432	69499	1	997a40182d98edaaf8d9c5eb76ed41902d7ba0fc9ac38a34d8b7bf6687f1844f	CglHVEs0X05BVElWRV9FTlRFUihlbnYsIHRoYXQsIGd0a18xZm9udF8xZGlhbG9nXzFzZXRfMXRpdGxlX0ZVTkMpOw==
1524	STATEMENT	69499	69591	1	9e0f7faa1c09a55eb10394bedcb268962dfc3d57ab587fe9530c7324cc7b0ca1	CglpZiAoYXJnMSkgaWYgKChscGFyZzEgPSAoKmVudiktPkdldEJ5dGVBcnJheUVsZW1lbnRzKGVudiwgYXJnMSwgTlVMTCkpID09IE5VTEwpIGdvdG8gZmFpbDs=
1525	BLOCK_OPEN	69591	69662	1	f26e54a0be9771c4435e55804c33ea033352b8ffea2236bde99ceeff784e95cc	Ci8qCglyYyA9IChqbG9uZylndGtfZm9udF9kaWFsb2dfc2V0X3RpdGxlKGFyZzAsIChjaGFyICopbHBhcmcxKTsKKi8KCXs=
1526	BLOCK_OPEN	69662	69726	2	c1dca0aae57b7ff9d5a362347f6d785f2b551b85a05b594dd5739128655611d2	CgkJR1RLNF9MT0FEX0ZVTkNUSU9OKGZwLCBndGtfZm9udF9kaWFsb2dfc2V0X3RpdGxlKQoJCWlmIChmcCkgew==
1527	STATEMENT	69726	69813	3	8252beff239b5ebb8c3bf9e66fa1d8bc2a1855a9ddb1993e9407951faabd3722	CgkJCXJjID0gKGpsb25nKSgoamxvbmcgKENBTExJTkdfQ09OVkVOVElPTiopKGpsb25nLCBjaGFyICopKWZwKShhcmcwLCAoY2hhciAqKWxwYXJnMSk7
1528	FRAGMENT	69813	69816	3	3e13fafe8992426ccfcfbe1e1135fcbb8364b4a0a7331c64ba06546009b758f1	CgkJ
1529	BLOCK_CLOSE	69816	69817	2	d10b36aa74a59bcf4a88185837f658afaf3646eff2bb16c3928d0e9335e945d2	fQ==
1530	FRAGMENT	69817	69819	2	e8822f532ae9349b2b5743c494efd216ed4e44f9ebc82a6b1cb54895a5b88433	Cgk=
1531	BLOCK_CLOSE	69819	69820	1	d10b36aa74a59bcf4a88185837f658afaf3646eff2bb16c3928d0e9335e945d2	fQ==
1532	STATEMENT	69820	69903	1	78812943a01430fa07d31629617d2c1617a8077555058eb3c69830ff8aafbb1d	CmZhaWw6CglpZiAoYXJnMSAmJiBscGFyZzEpICgqZW52KS0+UmVsZWFzZUJ5dGVBcnJheUVsZW1lbnRzKGVudiwgYXJnMSwgbHBhcmcxLCAwKTs=
1533	STATEMENT	69903	69969	1	4c7925552cad582f045d0359cb9861e933322125228173cd042f0589c93d7a3d	CglHVEs0X05BVElWRV9FWElUKGVudiwgdGhhdCwgZ3RrXzFmb250XzFkaWFsb2dfMXNldF8xdGl0bGVfRlVOQyk7
1534	STATEMENT	69969	69981	1	a028c9c9501df4846ec72c7b4432d4a3cb499b36b781bb1c38853498151d0ba7	CglyZXR1cm4gcmM7
1535	FRAGMENT	69981	69982	1	01ba4719c80b6fe911b091a7c05124b64eeece964e09c058ef8f9805daca546b	Cg==
1536	BLOCK_CLOSE	69982	69983	0	d10b36aa74a59bcf4a88185837f658afaf3646eff2bb16c3928d0e9335e945d2	fQ==
1537	PREPROCESSOR	69983	69991	0	626de321eb397f6600939892a0009f31bc378f7e886f9acc5ec0af18db6a99a7	CiNlbmRpZgo=
1538	PREPROCESSOR	69991	70026	0	bdb23fb4c643678102403d1f55a046d4cccf9e5d7804bf23e13dd501514ba43e	CiNpZm5kZWYgTk9fZ3RrXzFmcmFtZV8xc2V0XzFjaGlsZAo=
1539	FUNCTION_OPEN	70026	70138	0	bcba3d902b44646872ab518a85b3f6c954476b4cf96ce859624d853270db1d29	Sk5JRVhQT1JUIHZvaWQgSk5JQ0FMTCBHVEs0X05BVElWRShndGtfMWZyYW1lXzFzZXRfMWNoaWxkKQoJKEpOSUVudiAqZW52LCBqY2xhc3MgdGhhdCwgamxvbmcgYXJnMCwgamxvbmcgYXJnMSkKew==
1540	STATEMENT	70138	70198	1	fffae7231b1f81f47b3b597379463470a6fd3ec118b05c66ca3d52f9d5630ba8	CglHVEs0X05BVElWRV9FTlRFUihlbnYsIHRoYXQsIGd0a18xZnJhbWVfMXNldF8xY2hpbGRfRlVOQyk7
1541	STATEMENT	70198	70257	1	d8a11547b72400b8175171105b3d4dbff71528818e76c0ec43ed25d18120a485	CglndGtfZnJhbWVfc2V0X2NoaWxkKChHdGtGcmFtZSAqKWFyZzAsIChHdGtXaWRnZXQgKilhcmcxKTs=
1542	STATEMENT	70257	70316	1	440a53ada3845a7ca0e6aadc88f0b404d76d3af26c6f2fd696e51a8e593e14a5	CglHVEs0X05BVElWRV9FWElUKGVudiwgdGhhdCwgZ3RrXzFmcmFtZV8xc2V0XzFjaGlsZF9GVU5DKTs=
1543	FRAGMENT	70316	70317	1	01ba4719c80b6fe911b091a7c05124b64eeece964e09c058ef8f9805daca546b	Cg==
1544	BLOCK_CLOSE	70317	70318	0	d10b36aa74a59bcf4a88185837f658afaf3646eff2bb16c3928d0e9335e945d2	fQ==
1545	PREPROCESSOR	70318	70326	0	626de321eb397f6600939892a0009f31bc378f7e886f9acc5ec0af18db6a99a7	CiNlbmRpZgo=
1546	PREPROCESSOR	70326	70363	0	d587886aefbb7efa0de85402f112c5ad0e76de9f09ff104b65e02e02821f825a	CiNpZm5kZWYgTk9fZ3RrXzFnZXN0dXJlXzFjbGlja18xbmV3Cg==
1547	FUNCTION_OPEN	70363	70454	0	889958e2f57f250200084ef7087917f92f19e5be661e4ce4205c6246c8e4626d	Sk5JRVhQT1JUIGpsb25nIEpOSUNBTEwgR1RLNF9OQVRJVkUoZ3RrXzFnZXN0dXJlXzFjbGlja18xbmV3KQoJKEpOSUVudiAqZW52LCBqY2xhc3MgdGhhdCkKew==
1548	STATEMENT	70454	70469	1	3411ceb5951bc52321d8d6cf00df310a159211846b0264e08db2a18b94173633	CglqbG9uZyByYyA9IDA7
1549	STATEMENT	70469	70531	1	198d75800d32df971b2dbf70ae44f587a96bb4ef860c8cc2044afc657bd38a2f	CglHVEs0X05BVElWRV9FTlRFUihlbnYsIHRoYXQsIGd0a18xZ2VzdHVyZV8xY2xpY2tfMW5ld19GVU5DKTs=
1550	STATEMENT	70531	70569	1	05384fae4a05df6c1dcfc4b1f9535da7ba880b423823033d45784cf9071a7878	CglyYyA9IChqbG9uZylndGtfZ2VzdHVyZV9jbGlja19uZXcoKTs=
1551	STATEMENT	70569	70630	1	75d8933b3c53e532c766187089bc4050502fe17c129d16a203140ea5205ec4f7	CglHVEs0X05BVElWRV9FWElUKGVudiwgdGhhdCwgZ3RrXzFnZXN0dXJlXzFjbGlja18xbmV3X0ZVTkMpOw==
1552	STATEMENT	70630	70642	1	a028c9c9501df4846ec72c7b4432d4a3cb499b36b781bb1c38853498151d0ba7	CglyZXR1cm4gcmM7
1553	FRAGMENT	70642	70643	1	01ba4719c80b6fe911b091a7c05124b64eeece964e09c058ef8f9805daca546b	Cg==
1554	BLOCK_CLOSE	70643	70644	0	d10b36aa74a59bcf4a88185837f658afaf3646eff2bb16c3928d0e9335e945d2	fQ==
1555	PREPROCESSOR	70644	70652	0	626de321eb397f6600939892a0009f31bc378f7e886f9acc5ec0af18db6a99a7	CiNlbmRpZgo=
1556	PREPROCESSOR	70652	70688	0	3e2892a8ea4faea2fd0a1568f1bcbc44d178f03c16a51cc9eeaf3171e0593fca	CiNpZm5kZWYgTk9fZ3RrXzFnZXN0dXJlXzFkcmFnXzFuZXcK
1557	FUNCTION_OPEN	70688	70778	0	c05035fac84056ad44269e18966fd5a0a61de2e7ab0bcb8d3fa5637ad5fbe4c6	Sk5JRVhQT1JUIGpsb25nIEpOSUNBTEwgR1RLNF9OQVRJVkUoZ3RrXzFnZXN0dXJlXzFkcmFnXzFuZXcpCgkoSk5JRW52ICplbnYsIGpjbGFzcyB0aGF0KQp7
1558	STATEMENT	70778	70793	1	3411ceb5951bc52321d8d6cf00df310a159211846b0264e08db2a18b94173633	CglqbG9uZyByYyA9IDA7
1559	STATEMENT	70793	70854	1	b00b0f2ba932edaa30d0b2edb4dfb90e0af9deb877ce02165575000f2aabf60c	CglHVEs0X05BVElWRV9FTlRFUihlbnYsIHRoYXQsIGd0a18xZ2VzdHVyZV8xZHJhZ18xbmV3X0ZVTkMpOw==
1560	STATEMENT	70854	70891	1	f99f66cdd1b2412e8c81a6ae88af51f2e29625f5ebfc55cccf20c00c49cacaa6	CglyYyA9IChqbG9uZylndGtfZ2VzdHVyZV9kcmFnX25ldygpOw==
1561	STATEMENT	70891	70951	1	8e8839b7a76cf766b4bae708b4b1c467c0729253decbb4c500b3b6bb928543c1	CglHVEs0X05BVElWRV9FWElUKGVudiwgdGhhdCwgZ3RrXzFnZXN0dXJlXzFkcmFnXzFuZXdfRlVOQyk7
1562	STATEMENT	70951	70963	1	a028c9c9501df4846ec72c7b4432d4a3cb499b36b781bb1c38853498151d0ba7	CglyZXR1cm4gcmM7
1563	FRAGMENT	70963	70964	1	01ba4719c80b6fe911b091a7c05124b64eeece964e09c058ef8f9805daca546b	Cg==
1564	BLOCK_CLOSE	70964	70965	0	d10b36aa74a59bcf4a88185837f658afaf3646eff2bb16c3928d0e9335e945d2	fQ==
1565	PREPROCESSOR	70965	70973	0	626de321eb397f6600939892a0009f31bc378f7e886f9acc5ec0af18db6a99a7	CiNlbmRpZgo=
1566	PREPROCESSOR	70973	71028	0	cfdbc7f85ecbb78f73451c0380aa26c42059448067d2437b55052a87db5c8fad	CiNpZm5kZWYgTk9fZ3RrXzFnZXN0dXJlXzFnZXRfMWxhc3RfMXVwZGF0ZWRfMXNlcXVlbmNlCg==
1567	FUNCTION_OPEN	71028	71149	0	e1a85b9ca40d824eabe55beb36f26e269ebcbc5b724d83c565fd51ef90bcead9	Sk5JRVhQT1JUIGpsb25nIEpOSUNBTEwgR1RLNF9OQVRJVkUoZ3RrXzFnZXN0dXJlXzFnZXRfMWxhc3RfMXVwZGF0ZWRfMXNlcXVlbmNlKQoJKEpOSUVudiAqZW52LCBqY2xhc3MgdGhhdCwgamxvbmcgYXJnMCkKew==
1568	STATEMENT	71149	71164	1	3411ceb5951bc52321d8d6cf00df310a159211846b0264e08db2a18b94173633	CglqbG9uZyByYyA9IDA7
1569	STATEMENT	71164	71244	1	07bdd6d58cb19f850b655068e18e109dca130b1120ae38b238135721e2677589	CglHVEs0X05BVElWRV9FTlRFUihlbnYsIHRoYXQsIGd0a18xZ2VzdHVyZV8xZ2V0XzFsYXN0XzF1cGRhdGVkXzFzZXF1ZW5jZV9GVU5DKTs=
1570	STATEMENT	71244	71316	1	ac4024778a35076e8304be92acecec7fd8a133a0279bf810434179f41e6a1ac1	CglyYyA9IChqbG9uZylndGtfZ2VzdHVyZV9nZXRfbGFzdF91cGRhdGVkX3NlcXVlbmNlKChHdGtHZXN0dXJlICopYXJnMCk7
1571	STATEMENT	71316	71395	1	c4162240f2bfa439445cc93817eb00dcbbfc03c17eac74d3cfd400ad0b003aa3	CglHVEs0X05BVElWRV9FWElUKGVudiwgdGhhdCwgZ3RrXzFnZXN0dXJlXzFnZXRfMWxhc3RfMXVwZGF0ZWRfMXNlcXVlbmNlX0ZVTkMpOw==
1572	STATEMENT	71395	71407	1	a028c9c9501df4846ec72c7b4432d4a3cb499b36b781bb1c38853498151d0ba7	CglyZXR1cm4gcmM7
1573	FRAGMENT	71407	71408	1	01ba4719c80b6fe911b091a7c05124b64eeece964e09c058ef8f9805daca546b	Cg==
1574	BLOCK_CLOSE	71408	71409	0	d10b36aa74a59bcf4a88185837f658afaf3646eff2bb16c3928d0e9335e945d2	fQ==
1575	PREPROCESSOR	71409	71417	0	626de321eb397f6600939892a0009f31bc378f7e886f9acc5ec0af18db6a99a7	CiNlbmRpZgo=
1576	PREPROCESSOR	71417	71455	0	698cbd85f34bd1da40d6a252ff3b6370636975763255fd643f10c3378236249f	CiNpZm5kZWYgTk9fZ3RrXzFnZXN0dXJlXzFyb3RhdGVfMW5ldwo=
1577	FUNCTION_OPEN	71455	71547	0	6da18b5f2b5d4450e39f9da746a1058af3411d409a95d7e1833d97ecc23b3486	Sk5JRVhQT1JUIGpsb25nIEpOSUNBTEwgR1RLNF9OQVRJVkUoZ3RrXzFnZXN0dXJlXzFyb3RhdGVfMW5ldykKCShKTklFbnYgKmVudiwgamNsYXNzIHRoYXQpCns=
1578	STATEMENT	71547	71562	1	3411ceb5951bc52321d8d6cf00df310a159211846b0264e08db2a18b94173633	CglqbG9uZyByYyA9IDA7
1579	STATEMENT	71562	71625	1	93dfbdaa487cf9556a9deaf00869e882bb47b5b8ddc0f40fd21458287c560ee9	CglHVEs0X05BVElWRV9FTlRFUihlbnYsIHRoYXQsIGd0a18xZ2VzdHVyZV8xcm90YXRlXzFuZXdfRlVOQyk7
1580	STATEMENT	71625	71664	1	26ddb02526ef3bc6f1e0101d1a48afbb7163e9c7bbb91798c8161ef2fa004efc	CglyYyA9IChqbG9uZylndGtfZ2VzdHVyZV9yb3RhdGVfbmV3KCk7
1581	STATEMENT	71664	71726	1	0512c27f83f731a429812e9fe74c77db17d730c965611323321817f59f055ace	CglHVEs0X05BVElWRV9FWElUKGVudiwgdGhhdCwgZ3RrXzFnZXN0dXJlXzFyb3RhdGVfMW5ld19GVU5DKTs=
1582	STATEMENT	71726	71738	1	a028c9c9501df4846ec72c7b4432d4a3cb499b36b781bb1c38853498151d0ba7	CglyZXR1cm4gcmM7
1583	FRAGMENT	71738	71739	1	01ba4719c80b6fe911b091a7c05124b64eeece964e09c058ef8f9805daca546b	Cg==
1584	BLOCK_CLOSE	71739	71740	0	d10b36aa74a59bcf4a88185837f658afaf3646eff2bb16c3928d0e9335e945d2	fQ==
1585	PREPROCESSOR	71740	71748	0	626de321eb397f6600939892a0009f31bc378f7e886f9acc5ec0af18db6a99a7	CiNlbmRpZgo=
1586	PREPROCESSOR	71748	71795	0	fedb088a6ce3c91825e1995f9dc153044c5260daa5ab9e6fc65c0cceb47e374f	CiNpZm5kZWYgTk9fZ3RrXzFnZXN0dXJlXzFzZXRfMXNlcXVlbmNlXzFzdGF0ZQo=
1587	FUNCTION_OPEN	71795	71934	0	9491a55395506510ee500f9224a161d8d984185f031c0c54d3a73a96beb7b02f	Sk5JRVhQT1JUIGpib29sZWFuIEpOSUNBTEwgR1RLNF9OQVRJVkUoZ3RrXzFnZXN0dXJlXzFzZXRfMXNlcXVlbmNlXzFzdGF0ZSkKCShKTklFbnYgKmVudiwgamNsYXNzIHRoYXQsIGpsb25nIGFyZzAsIGpsb25nIGFyZzEsIGppbnQgYXJnMikKew==
1588	STATEMENT	71934	71952	1	6e389c725127046540fa228f0aca981232172a088ed5b7d88f2be6db7346caa1	CglqYm9vbGVhbiByYyA9IDA7
1589	STATEMENT	71952	72024	1	4d37ab69de95bbf79b1805fbdf3b862558354cc5af2246ed2901574fa20807a6	CglHVEs0X05BVElWRV9FTlRFUihlbnYsIHRoYXQsIGd0a18xZ2VzdHVyZV8xc2V0XzFzZXF1ZW5jZV8xc3RhdGVfRlVOQyk7
1590	STATEMENT	72024	72147	1	aa7f53f042cc4a76af551246314ecece1ebf80a8a8e9e67e31347a2db3cbfb76	CglyYyA9IChqYm9vbGVhbilndGtfZ2VzdHVyZV9zZXRfc2VxdWVuY2Vfc3RhdGUoKEd0a0dlc3R1cmUgKilhcmcwLCAoR2RrRXZlbnRTZXF1ZW5jZSAqKWFyZzEsIChHdGtFdmVudFNlcXVlbmNlU3RhdGUpYXJnMik7
1591	STATEMENT	72147	72218	1	d92c40421267ab1754e5016ff41c172ceced1712f667607619e9bfdc504aac0e	CglHVEs0X05BVElWRV9FWElUKGVudiwgdGhhdCwgZ3RrXzFnZXN0dXJlXzFzZXRfMXNlcXVlbmNlXzFzdGF0ZV9GVU5DKTs=
1592	STATEMENT	72218	72230	1	a028c9c9501df4846ec72c7b4432d4a3cb499b36b781bb1c38853498151d0ba7	CglyZXR1cm4gcmM7
1593	FRAGMENT	72230	72231	1	01ba4719c80b6fe911b091a7c05124b64eeece964e09c058ef8f9805daca546b	Cg==
1594	BLOCK_CLOSE	72231	72232	0	d10b36aa74a59bcf4a88185837f658afaf3646eff2bb16c3928d0e9335e945d2	fQ==
1595	PREPROCESSOR	72232	72240	0	626de321eb397f6600939892a0009f31bc378f7e886f9acc5ec0af18db6a99a7	CiNlbmRpZgo=
1596	PREPROCESSOR	72240	72276	0	fa67a0d8a2fce7f851f3e4a8b8b4548f6589c1d60ebdb19ddc06fac00dfe71eb	CiNpZm5kZWYgTk9fZ3RrXzFnZXN0dXJlXzF6b29tXzFuZXcK
1597	FUNCTION_OPEN	72276	72366	0	e306d77a62ad9e700a1e7333c95200240d33ed7d8b6987fd8d6556e7224f4871	Sk5JRVhQT1JUIGpsb25nIEpOSUNBTEwgR1RLNF9OQVRJVkUoZ3RrXzFnZXN0dXJlXzF6b29tXzFuZXcpCgkoSk5JRW52ICplbnYsIGpjbGFzcyB0aGF0KQp7
1598	STATEMENT	72366	72381	1	3411ceb5951bc52321d8d6cf00df310a159211846b0264e08db2a18b94173633	CglqbG9uZyByYyA9IDA7
1599	STATEMENT	72381	72442	1	40e951273c45a8d1155c988eba0811cc4b11d01ce7f204e2ef81c45a3206d1a3	CglHVEs0X05BVElWRV9FTlRFUihlbnYsIHRoYXQsIGd0a18xZ2VzdHVyZV8xem9vbV8xbmV3X0ZVTkMpOw==
1600	STATEMENT	72442	72479	1	5c4d8a9f396345e6a5a5c07cd19f3feb09ea52752f3f8ee3afdbcea03386deb2	CglyYyA9IChqbG9uZylndGtfZ2VzdHVyZV96b29tX25ldygpOw==
1601	STATEMENT	72479	72539	1	d885a21cfee57035533e4af0b6f32cea2e25c33d337cfde0802e1976a7f7e49b	CglHVEs0X05BVElWRV9FWElUKGVudiwgdGhhdCwgZ3RrXzFnZXN0dXJlXzF6b29tXzFuZXdfRlVOQyk7
1602	STATEMENT	72539	72551	1	a028c9c9501df4846ec72c7b4432d4a3cb499b36b781bb1c38853498151d0ba7	CglyZXR1cm4gcmM7
1603	FRAGMENT	72551	72552	1	01ba4719c80b6fe911b091a7c05124b64eeece964e09c058ef8f9805daca546b	Cg==
1604	BLOCK_CLOSE	72552	72553	0	d10b36aa74a59bcf4a88185837f658afaf3646eff2bb16c3928d0e9335e945d2	fQ==
1605	PREPROCESSOR	72553	72561	0	626de321eb397f6600939892a0009f31bc378f7e886f9acc5ec0af18db6a99a7	CiNlbmRpZgo=
1606	PREPROCESSOR	72561	72595	0	8d92dc0ddb4c9f3c803ad55b199da10aa6379090b876612b47e5d479fa4f69fc	CiNpZm5kZWYgTk9fZ3RrXzFoZWFkZXJfMWJhcl8xbmV3Cg==
1607	FUNCTION_OPEN	72595	72683	0	d9ef10f4c065b62f21d16fb140125260e7a50b876cbebec68f22bdc7451879ea	Sk5JRVhQT1JUIGpsb25nIEpOSUNBTEwgR1RLNF9OQVRJVkUoZ3RrXzFoZWFkZXJfMWJhcl8xbmV3KQoJKEpOSUVudiAqZW52LCBqY2xhc3MgdGhhdCkKew==
1608	STATEMENT	72683	72698	1	3411ceb5951bc52321d8d6cf00df310a159211846b0264e08db2a18b94173633	CglqbG9uZyByYyA9IDA7
1609	STATEMENT	72698	72757	1	cbf4cd239fbb31c5486c15abd7168ba8f0fa36d32522c8ade1fbba9b0d830d39	CglHVEs0X05BVElWRV9FTlRFUihlbnYsIHRoYXQsIGd0a18xaGVhZGVyXzFiYXJfMW5ld19GVU5DKTs=
1610	STATEMENT	72757	72792	1	cc7f9085a12c318e61c8bf79cbbc94e044a71f5bd2fbe83c93afc4ffbf34ddc5	CglyYyA9IChqbG9uZylndGtfaGVhZGVyX2Jhcl9uZXcoKTs=
1611	STATEMENT	72792	72850	1	112b25574be4686a1156f7e2b823784bfb6dd7010a076f3bf71d62ff6b73d2b0	CglHVEs0X05BVElWRV9FWElUKGVudiwgdGhhdCwgZ3RrXzFoZWFkZXJfMWJhcl8xbmV3X0ZVTkMpOw==
1612	STATEMENT	72850	72862	1	a028c9c9501df4846ec72c7b4432d4a3cb499b36b781bb1c38853498151d0ba7	CglyZXR1cm4gcmM7
1613	FRAGMENT	72862	72863	1	01ba4719c80b6fe911b091a7c05124b64eeece964e09c058ef8f9805daca546b	Cg==
1614	BLOCK_CLOSE	72863	72864	0	d10b36aa74a59bcf4a88185837f658afaf3646eff2bb16c3928d0e9335e945d2	fQ==
1615	PREPROCESSOR	72864	72872	0	626de321eb397f6600939892a0009f31bc378f7e886f9acc5ec0af18db6a99a7	CiNlbmRpZgo=
1616	PREPROCESSOR	72872	72902	0	4547a44c0f6c1802407182c3590d674824afaa610eb8c57720f4f232b156c557	CiNpZm5kZWYgTk9fZ3RrXzFoc3ZfMXRvXzFyZ2IK
1617	FUNCTION_OPEN	72902	73078	0	a76391df1893b85e92bfd3a4d3cc1a9443e935cbdf090b8417dbd72adca62426	Sk5JRVhQT1JUIHZvaWQgSk5JQ0FMTCBHVEs0X05BVElWRShndGtfMWhzdl8xdG9fMXJnYikKCShKTklFbnYgKmVudiwgamNsYXNzIHRoYXQsIGpmbG9hdCBhcmcwLCBqZmxvYXQgYXJnMSwgamZsb2F0IGFyZzIsIGpmbG9hdEFycmF5IGFyZzMsIGpmbG9hdEFycmF5IGFyZzQsIGpmbG9hdEFycmF5IGFyZzUpCns=
1618	STATEMENT	73078	73100	1	694fea2b7429641ea2f2194479523447837280862d1c3dfcfb3d016e607b3eaa	CglqZmxvYXQgKmxwYXJnMz1OVUxMOw==
1619	STATEMENT	73100	73122	1	3073f741db6fb66321b4f4970f7e9f7aa0f6b9f1f87bb430a930b1355623a77c	CglqZmxvYXQgKmxwYXJnND1OVUxMOw==
1620	STATEMENT	73122	73144	1	0d78aa2310e4d0e87c40bdf6bc8bec780bc15277be459eebc4aba47e045bdca2	CglqZmxvYXQgKmxwYXJnNT1OVUxMOw==
1621	STATEMENT	73144	73199	1	bd88f075452c3bf539623cf5177bae45a18d772c2b2a232f40f18352a3de1070	CglHVEs0X05BVElWRV9FTlRFUihlbnYsIHRoYXQsIGd0a18xaHN2XzF0b18xcmdiX0ZVTkMpOw==
1622	STATEMENT	73199	73292	1	ccd585004292e063500714da3faa3142e5776f090e878ef3fcafebc4a0113b98	CglpZiAoYXJnMykgaWYgKChscGFyZzMgPSAoKmVudiktPkdldEZsb2F0QXJyYXlFbGVtZW50cyhlbnYsIGFyZzMsIE5VTEwpKSA9PSBOVUxMKSBnb3RvIGZhaWw7
1623	STATEMENT	73292	73385	1	b4242105e395ba9b617f5387039ba336ba6ee03de75ac30172907edd3f317f12	CglpZiAoYXJnNCkgaWYgKChscGFyZzQgPSAoKmVudiktPkdldEZsb2F0QXJyYXlFbGVtZW50cyhlbnYsIGFyZzQsIE5VTEwpKSA9PSBOVUxMKSBnb3RvIGZhaWw7
1624	STATEMENT	73385	73478	1	f27ef1852925889c67c5b113e93bf5f9beda78920d0bc2e1079fa30520b2c7ab	CglpZiAoYXJnNSkgaWYgKChscGFyZzUgPSAoKmVudiktPkdldEZsb2F0QXJyYXlFbGVtZW50cyhlbnYsIGFyZzUsIE5VTEwpKSA9PSBOVUxMKSBnb3RvIGZhaWw7
1625	STATEMENT	73478	73564	1	ff2066602e52153961f9f3925644df2d1bed4ea960f07ea3f4b338040be580f3	CglndGtfaHN2X3RvX3JnYihhcmcwLCBhcmcxLCBhcmcyLCAoZmxvYXQgKilscGFyZzMsIChmbG9hdCAqKWxwYXJnNCwgKGZsb2F0ICopbHBhcmc1KTs=
1626	STATEMENT	73564	73648	1	9022c2eee42d650bc1ae80046a66087b2f3ce08019b3154b1286c38b1ba8c15a	CmZhaWw6CglpZiAoYXJnNSAmJiBscGFyZzUpICgqZW52KS0+UmVsZWFzZUZsb2F0QXJyYXlFbGVtZW50cyhlbnYsIGFyZzUsIGxwYXJnNSwgMCk7
1627	STATEMENT	73648	73726	1	b8dc7a86911df3e65a267a5d9cea59b7090828d8e17b1f6656a5793dbceeabbc	CglpZiAoYXJnNCAmJiBscGFyZzQpICgqZW52KS0+UmVsZWFzZUZsb2F0QXJyYXlFbGVtZW50cyhlbnYsIGFyZzQsIGxwYXJnNCwgMCk7
1628	STATEMENT	73726	73804	1	53a2fc09cb6fcd5bd6570c58fb54c069375daae84d45ccb057f2c97adfe11e03	CglpZiAoYXJnMyAmJiBscGFyZzMpICgqZW52KS0+UmVsZWFzZUZsb2F0QXJyYXlFbGVtZW50cyhlbnYsIGFyZzMsIGxwYXJnMywgMCk7
1629	STATEMENT	73804	73858	1	96b65a951c0de6829bb41cae51b773b64a7e1a4d8bd91a7c267da705baf44c80	CglHVEs0X05BVElWRV9FWElUKGVudiwgdGhhdCwgZ3RrXzFoc3ZfMXRvXzFyZ2JfRlVOQyk7
1630	FRAGMENT	73858	73859	1	01ba4719c80b6fe911b091a7c05124b64eeece964e09c058ef8f9805daca546b	Cg==
1631	BLOCK_CLOSE	73859	73860	0	d10b36aa74a59bcf4a88185837f658afaf3646eff2bb16c3928d0e9335e945d2	fQ==
1632	PREPROCESSOR	73860	73868	0	626de321eb397f6600939892a0009f31bc378f7e886f9acc5ec0af18db6a99a7	CiNlbmRpZgo=
1633	PREPROCESSOR	73868	73912	0	5899013ff8b55b385462085b2d64c94793f1ee154b790a587b1159c07af378f1	CiNpZm5kZWYgTk9fZ3RrXzFpY29uXzFwYWludGFibGVfMWdldF8xZmlsZQo=
1634	FUNCTION_OPEN	73912	74022	0	c046c8430c1a553c19a6025c03858b832bedbcc1bb7f75c8485243e92e61f95b	Sk5JRVhQT1JUIGpsb25nIEpOSUNBTEwgR1RLNF9OQVRJVkUoZ3RrXzFpY29uXzFwYWludGFibGVfMWdldF8xZmlsZSkKCShKTklFbnYgKmVudiwgamNsYXNzIHRoYXQsIGpsb25nIGFyZzApCns=
1635	STATEMENT	74022	74037	1	3411ceb5951bc52321d8d6cf00df310a159211846b0264e08db2a18b94173633	CglqbG9uZyByYyA9IDA7
1636	STATEMENT	74037	74106	1	9a4eac5a4b8dd6df8a71ce585890a95fd10640580e4b1e5952c307aed01b51bc	CglHVEs0X05BVElWRV9FTlRFUihlbnYsIHRoYXQsIGd0a18xaWNvbl8xcGFpbnRhYmxlXzFnZXRfMWZpbGVfRlVOQyk7
1637	STATEMENT	74106	74174	1	cdc0bda02bcc17b9a3a1db2be324f5a4370e1438bbfa763de656e873ec3e9d58	CglyYyA9IChqbG9uZylndGtfaWNvbl9wYWludGFibGVfZ2V0X2ZpbGUoKEd0a0ljb25QYWludGFibGUgKilhcmcwKTs=
1638	STATEMENT	74174	74242	1	c67ec961dd32fdd6fd26564e3d75c00ce7f217a7c30f312b0859cc38af6fc889	CglHVEs0X05BVElWRV9FWElUKGVudiwgdGhhdCwgZ3RrXzFpY29uXzFwYWludGFibGVfMWdldF8xZmlsZV9GVU5DKTs=
1639	STATEMENT	74242	74254	1	a028c9c9501df4846ec72c7b4432d4a3cb499b36b781bb1c38853498151d0ba7	CglyZXR1cm4gcmM7
1640	FRAGMENT	74254	74255	1	01ba4719c80b6fe911b091a7c05124b64eeece964e09c058ef8f9805daca546b	Cg==
1641	BLOCK_CLOSE	74255	74256	0	d10b36aa74a59bcf4a88185837f658afaf3646eff2bb16c3928d0e9335e945d2	fQ==
1642	PREPROCESSOR	74256	74264	0	626de321eb397f6600939892a0009f31bc378f7e886f9acc5ec0af18db6a99a7	CiNlbmRpZgo=
1643	PREPROCESSOR	74264	74312	0	57f95f9135050171b98efdef9e7211c246bb33e9329997f879f6aadcaa5ef34a	CiNpZm5kZWYgTk9fZ3RrXzFpY29uXzF0aGVtZV8xZ2V0XzFmb3JfMWRpc3BsYXkK
1644	FUNCTION_OPEN	74312	74426	0	0ee847f866fc4ae6fd62d6c22fabade777f2a71c5e604acbb21e85509f7de718	Sk5JRVhQT1JUIGpsb25nIEpOSUNBTEwgR1RLNF9OQVRJVkUoZ3RrXzFpY29uXzF0aGVtZV8xZ2V0XzFmb3JfMWRpc3BsYXkpCgkoSk5JRW52ICplbnYsIGpjbGFzcyB0aGF0LCBqbG9uZyBhcmcwKQp7
1645	STATEMENT	74426	74441	1	3411ceb5951bc52321d8d6cf00df310a159211846b0264e08db2a18b94173633	CglqbG9uZyByYyA9IDA7
1646	STATEMENT	74441	74514	1	83503b64187ab535bdd3131d00000231300127dcbd9af359f79f1960a76e033a	CglHVEs0X05BVElWRV9FTlRFUihlbnYsIHRoYXQsIGd0a18xaWNvbl8xdGhlbWVfMWdldF8xZm9yXzFkaXNwbGF5X0ZVTkMpOw==
1647	STATEMENT	74514	74579	1	b8d5d564bf265d7560cbe130fec33a50b001528dcb2ceb52c45cfd37efd1c19c	CglyYyA9IChqbG9uZylndGtfaWNvbl90aGVtZV9nZXRfZm9yX2Rpc3BsYXkoKEdka0Rpc3BsYXkgKilhcmcwKTs=
1648	STATEMENT	74579	74651	1	0d2c45c54bfbde57d11fd5ace3dc6705f1fd21c7684a8c1c3b2eb5a498b117e0	CglHVEs0X05BVElWRV9FWElUKGVudiwgdGhhdCwgZ3RrXzFpY29uXzF0aGVtZV8xZ2V0XzFmb3JfMWRpc3BsYXlfRlVOQyk7
1649	STATEMENT	74651	74663	1	a028c9c9501df4846ec72c7b4432d4a3cb499b36b781bb1c38853498151d0ba7	CglyZXR1cm4gcmM7
1650	FRAGMENT	74663	74664	1	01ba4719c80b6fe911b091a7c05124b64eeece964e09c058ef8f9805daca546b	Cg==
1651	BLOCK_CLOSE	74664	74665	0	d10b36aa74a59bcf4a88185837f658afaf3646eff2bb16c3928d0e9335e945d2	fQ==
1652	PREPROCESSOR	74665	74673	0	626de321eb397f6600939892a0009f31bc378f7e886f9acc5ec0af18db6a99a7	CiNlbmRpZgo=
1653	PREPROCESSOR	74673	74721	0	d1636d4f241d26a78476916f4ea1069ae5bfb641c4b538e8e8021effe68fc4e4	CiNpZm5kZWYgTk9fZ3RrXzFpY29uXzF0aGVtZV8xbG9va3VwXzFieV8xZ2ljb24K
1654	FUNCTION_OPEN	74721	74891	0	564bba3211db54c2f93914b3495f0249d36fb41bef9c255c7617c17260364ff0	Sk5JRVhQT1JUIGpsb25nIEpOSUNBTEwgR1RLNF9OQVRJVkUoZ3RrXzFpY29uXzF0aGVtZV8xbG9va3VwXzFieV8xZ2ljb24pCgkoSk5JRW52ICplbnYsIGpjbGFzcyB0aGF0LCBqbG9uZyBhcmcwLCBqbG9uZyBhcmcxLCBqaW50IGFyZzIsIGppbnQgYXJnMywgamludCBhcmc0LCBqaW50IGFyZzUpCns=
1655	STATEMENT	74891	74906	1	3411ceb5951bc52321d8d6cf00df310a159211846b0264e08db2a18b94173633	CglqbG9uZyByYyA9IDA7
1656	STATEMENT	74906	74979	1	a21bd461aaf80a186ce1a5011a268ff74d594f9f637072aef36a9b5114716faf	CglHVEs0X05BVElWRV9FTlRFUihlbnYsIHRoYXQsIGd0a18xaWNvbl8xdGhlbWVfMWxvb2t1cF8xYnlfMWdpY29uX0ZVTkMpOw==
1657	STATEMENT	74979	75123	1	41d1955e5a10b8bf715249acdae4100493275747299a1a7a4fce07866b2978a5	CglyYyA9IChqbG9uZylndGtfaWNvbl90aGVtZV9sb29rdXBfYnlfZ2ljb24oKEd0a0ljb25UaGVtZSAqKWFyZzAsIChHSWNvbiAqKWFyZzEsIGFyZzIsIGFyZzMsIChHdGtUZXh0RGlyZWN0aW9uKWFyZzQsIChHdGtJY29uTG9va3VwRmxhZ3MpYXJnNSk7
1658	STATEMENT	75123	75195	1	f0bf0787027aa077e07f84e81a6a0d1e95fe02cef49ac5d7f3500e029bdf04bc	CglHVEs0X05BVElWRV9FWElUKGVudiwgdGhhdCwgZ3RrXzFpY29uXzF0aGVtZV8xbG9va3VwXzFieV8xZ2ljb25fRlVOQyk7
1659	STATEMENT	75195	75207	1	a028c9c9501df4846ec72c7b4432d4a3cb499b36b781bb1c38853498151d0ba7	CglyZXR1cm4gcmM7
1660	FRAGMENT	75207	75208	1	01ba4719c80b6fe911b091a7c05124b64eeece964e09c058ef8f9805daca546b	Cg==
1661	BLOCK_CLOSE	75208	75209	0	d10b36aa74a59bcf4a88185837f658afaf3646eff2bb16c3928d0e9335e945d2	fQ==
1662	PREPROCESSOR	75209	75217	0	626de321eb397f6600939892a0009f31bc378f7e886f9acc5ec0af18db6a99a7	CiNlbmRpZgo=
1663	PREPROCESSOR	75217	75260	0	5468883ca032c931709b95198dc47b4cc4af852c9f5ae64b13d4af57a582c432	CiNpZm5kZWYgTk9fZ3RrXzFpY29uXzF0aGVtZV8xbG9va3VwXzFpY29uCg==
1664	FUNCTION_OPEN	75260	75442	0	9a70c3f556f0e1f52b1f289ae9e133efe4d1ac02c971c4407405a85d90fa1be9	Sk5JRVhQT1JUIGpsb25nIEpOSUNBTEwgR1RLNF9OQVRJVkUoZ3RrXzFpY29uXzF0aGVtZV8xbG9va3VwXzFpY29uKQoJKEpOSUVudiAqZW52LCBqY2xhc3MgdGhhdCwgamxvbmcgYXJnMCwgamJ5dGVBcnJheSBhcmcxLCBqbG9uZyBhcmcyLCBqaW50IGFyZzMsIGppbnQgYXJnNCwgamludCBhcmc1LCBqaW50IGFyZzYpCns=
1665	STATEMENT	75442	75463	1	ecbc1c66598161b54ed7d4df47ce4c17c895a8aaf496cadd930f0e7e6c9b06d3	CglqYnl0ZSAqbHBhcmcxPU5VTEw7
1666	STATEMENT	75463	75478	1	3411ceb5951bc52321d8d6cf00df310a159211846b0264e08db2a18b94173633	CglqbG9uZyByYyA9IDA7
1667	STATEMENT	75478	75546	1	91e8cacdff5c38f79d74569b9c51a568bd97198bf6e6dfeb25cc76b3aefdc04d	CglHVEs0X05BVElWRV9FTlRFUihlbnYsIHRoYXQsIGd0a18xaWNvbl8xdGhlbWVfMWxvb2t1cF8xaWNvbl9GVU5DKTs=
1668	STATEMENT	75546	75638	1	9e0f7faa1c09a55eb10394bedcb268962dfc3d57ab587fe9530c7324cc7b0ca1	CglpZiAoYXJnMSkgaWYgKChscGFyZzEgPSAoKmVudiktPkdldEJ5dGVBcnJheUVsZW1lbnRzKGVudiwgYXJnMSwgTlVMTCkpID09IE5VTEwpIGdvdG8gZmFpbDs=
1669	STATEMENT	75638	75806	1	3ab89aeb69e4717f7b22aad1c843cfcfa8fdbb92b364866c36845f5c46bbfe5f	CglyYyA9IChqbG9uZylndGtfaWNvbl90aGVtZV9sb29rdXBfaWNvbigoR3RrSWNvblRoZW1lICopYXJnMCwgKGNvbnN0IGNoYXIgKilscGFyZzEsIChjb25zdCBjaGFyICoqKWFyZzIsIGFyZzMsIGFyZzQsIChHdGtUZXh0RGlyZWN0aW9uKWFyZzUsIChHdGtJY29uTG9va3VwRmxhZ3MpYXJnNik7
1670	STATEMENT	75806	75889	1	78812943a01430fa07d31629617d2c1617a8077555058eb3c69830ff8aafbb1d	CmZhaWw6CglpZiAoYXJnMSAmJiBscGFyZzEpICgqZW52KS0+UmVsZWFzZUJ5dGVBcnJheUVsZW1lbnRzKGVudiwgYXJnMSwgbHBhcmcxLCAwKTs=
1671	STATEMENT	75889	75956	1	ce3840115ca8de6a1c484a24c9ccd642a36082cea630d416e1fe0a4a4b8b03b8	CglHVEs0X05BVElWRV9FWElUKGVudiwgdGhhdCwgZ3RrXzFpY29uXzF0aGVtZV8xbG9va3VwXzFpY29uX0ZVTkMpOw==
1672	STATEMENT	75956	75968	1	a028c9c9501df4846ec72c7b4432d4a3cb499b36b781bb1c38853498151d0ba7	CglyZXR1cm4gcmM7
1673	FRAGMENT	75968	75969	1	01ba4719c80b6fe911b091a7c05124b64eeece964e09c058ef8f9805daca546b	Cg==
1674	BLOCK_CLOSE	75969	75970	0	d10b36aa74a59bcf4a88185837f658afaf3646eff2bb16c3928d0e9335e945d2	fQ==
1675	PREPROCESSOR	75970	75978	0	626de321eb397f6600939892a0009f31bc378f7e886f9acc5ec0af18db6a99a7	CiNlbmRpZgo=
1676	PREPROCESSOR	75978	76025	0	6211b94037a9027d52809d18bec16eb2ca64ac621af06d25712332156e82576f	CiNpZm5kZWYgTk9fZ3RrXzFpbV8xY29udGV4dF8xZmlsdGVyXzFrZXlwcmVzcwo=
1677	FUNCTION_OPEN	76025	76153	0	5c1bf1f55e91cc0a2a2a7ea54cc3e270c9f3f984ddb6b18b086337a47a64816d	Sk5JRVhQT1JUIGpib29sZWFuIEpOSUNBTEwgR1RLNF9OQVRJVkUoZ3RrXzFpbV8xY29udGV4dF8xZmlsdGVyXzFrZXlwcmVzcykKCShKTklFbnYgKmVudiwgamNsYXNzIHRoYXQsIGpsb25nIGFyZzAsIGpsb25nIGFyZzEpCns=
1678	STATEMENT	76153	76171	1	6e389c725127046540fa228f0aca981232172a088ed5b7d88f2be6db7346caa1	CglqYm9vbGVhbiByYyA9IDA7
1679	STATEMENT	76171	76243	1	cd1a91369676358c48c2d696b25e679eb48f58144f89d63189f2c230a64267d9	CglHVEs0X05BVElWRV9FTlRFUihlbnYsIHRoYXQsIGd0a18xaW1fMWNvbnRleHRfMWZpbHRlcl8xa2V5cHJlc3NfRlVOQyk7
1680	STATEMENT	76243	76331	1	73c4225c5a54c5920cfe4e936d7d7bb9d2d11a4a556af640e52a994f348313f6	CglyYyA9IChqYm9vbGVhbilndGtfaW1fY29udGV4dF9maWx0ZXJfa2V5cHJlc3MoKEd0a0lNQ29udGV4dCAqKWFyZzAsIChHZGtFdmVudCAqKWFyZzEpOw==
1681	STATEMENT	76331	76402	1	283d0c5d5e38a8501fb6a752ed3d315e4acb7af82aef02df015670b6014438b8	CglHVEs0X05BVElWRV9FWElUKGVudiwgdGhhdCwgZ3RrXzFpbV8xY29udGV4dF8xZmlsdGVyXzFrZXlwcmVzc19GVU5DKTs=
1682	STATEMENT	76402	76414	1	a028c9c9501df4846ec72c7b4432d4a3cb499b36b781bb1c38853498151d0ba7	CglyZXR1cm4gcmM7
1683	FRAGMENT	76414	76415	1	01ba4719c80b6fe911b091a7c05124b64eeece964e09c058ef8f9805daca546b	Cg==
1684	BLOCK_CLOSE	76415	76416	0	d10b36aa74a59bcf4a88185837f658afaf3646eff2bb16c3928d0e9335e945d2	fQ==
1685	PREPROCESSOR	76416	76424	0	626de321eb397f6600939892a0009f31bc378f7e886f9acc5ec0af18db6a99a7	CiNlbmRpZgo=
1686	PREPROCESSOR	76424	76454	0	ebba2025c6277c3ddf4e2e987d560d07e054ec873759917c40a894558a2b4ed3	CiNpZm5kZWYgTk9fZ3RrXzFpbWFnZV8xY2xlYXIK
1687	FUNCTION_OPEN	76454	76549	0	6c62baea1c29cdb998df7791a62ac81222813f07139d57dec967b76379c827fb	Sk5JRVhQT1JUIHZvaWQgSk5JQ0FMTCBHVEs0X05BVElWRShndGtfMWltYWdlXzFjbGVhcikKCShKTklFbnYgKmVudiwgamNsYXNzIHRoYXQsIGpsb25nIGFyZzApCns=
1688	STATEMENT	76549	76604	1	675a3d42246f2466b9a678e55c296444c9f8a9964231959434fe7f630322efca	CglHVEs0X05BVElWRV9FTlRFUihlbnYsIHRoYXQsIGd0a18xaW1hZ2VfMWNsZWFyX0ZVTkMpOw==
1689	STATEMENT	76604	76640	1	55cf6c6b37b4b02b82333856c8d8e89b2a2a80897606eebcf607ef8c8c05c5c9	CglndGtfaW1hZ2VfY2xlYXIoKEd0a0ltYWdlICopYXJnMCk7
1690	STATEMENT	76640	76694	1	c4966122c0c13148714ee4931c5a1e3049ee9496bb85561b48e81209a5958a6f	CglHVEs0X05BVElWRV9FWElUKGVudiwgdGhhdCwgZ3RrXzFpbWFnZV8xY2xlYXJfRlVOQyk7
1691	FRAGMENT	76694	76695	1	01ba4719c80b6fe911b091a7c05124b64eeece964e09c058ef8f9805daca546b	Cg==
1692	BLOCK_CLOSE	76695	76696	0	d10b36aa74a59bcf4a88185837f658afaf3646eff2bb16c3928d0e9335e945d2	fQ==
1693	PREPROCESSOR	76696	76704	0	626de321eb397f6600939892a0009f31bc378f7e886f9acc5ec0af18db6a99a7	CiNlbmRpZgo=
1694	PREPROCESSOR	76704	76750	0	b9950d64b8f6eec07514fb6c91ecf8c0e7e16dbf63b1f97601efe8bc737f6fa8	CiNpZm5kZWYgTk9fZ3RrXzFpbWFnZV8xbmV3XzFmcm9tXzFpY29uXzFuYW1lCg==
1695	FUNCTION_OPEN	76750	76867	0	04f3b4021dd38bec4a3af6120135fbcc0eb8951b74ab62d91bead20ed58dc149	Sk5JRVhQT1JUIGpsb25nIEpOSUNBTEwgR1RLNF9OQVRJVkUoZ3RrXzFpbWFnZV8xbmV3XzFmcm9tXzFpY29uXzFuYW1lKQoJKEpOSUVudiAqZW52LCBqY2xhc3MgdGhhdCwgamJ5dGVBcnJheSBhcmcwKQp7
1696	STATEMENT	76867	76888	1	822ac2a96a4768fd79b617c7eb04a2c27543630d08bb1e64e12cb44eb943d110	CglqYnl0ZSAqbHBhcmcwPU5VTEw7
1697	STATEMENT	76888	76903	1	3411ceb5951bc52321d8d6cf00df310a159211846b0264e08db2a18b94173633	CglqbG9uZyByYyA9IDA7
1698	STATEMENT	76903	76974	1	4b89c0e363e06c16ecf3dea4620e2a94232b40ebf7eaa56f31aff2bb2a170c4f	CglHVEs0X05BVElWRV9FTlRFUihlbnYsIHRoYXQsIGd0a18xaW1hZ2VfMW5ld18xZnJvbV8xaWNvbl8xbmFtZV9GVU5DKTs=
1699	STATEMENT	76974	77066	1	b2075cd70029cbd90d7bd950107f7811b6de535d2911738929f1657581efa897	CglpZiAoYXJnMCkgaWYgKChscGFyZzAgPSAoKmVudiktPkdldEJ5dGVBcnJheUVsZW1lbnRzKGVudiwgYXJnMCwgTlVMTCkpID09IE5VTEwpIGdvdG8gZmFpbDs=
1700	STATEMENT	77066	77131	1	acfd7e978826df0fdb10279655ed7b160632171781dcba8dc939a28499789555	CglyYyA9IChqbG9uZylndGtfaW1hZ2VfbmV3X2Zyb21faWNvbl9uYW1lKChjb25zdCBjaGFyICopbHBhcmcwKTs=
1701	STATEMENT	77131	77214	1	19ea667045e023f8627c63601656684e1aa341d4b2b1f93bb08dcb2be00b461d	CmZhaWw6CglpZiAoYXJnMCAmJiBscGFyZzApICgqZW52KS0+UmVsZWFzZUJ5dGVBcnJheUVsZW1lbnRzKGVudiwgYXJnMCwgbHBhcmcwLCAwKTs=
1702	STATEMENT	77214	77284	1	10f656ed05d360dd1a7487b0e2f50692b4ace55ee840654049dcbea14a8df4d1	CglHVEs0X05BVElWRV9FWElUKGVudiwgdGhhdCwgZ3RrXzFpbWFnZV8xbmV3XzFmcm9tXzFpY29uXzFuYW1lX0ZVTkMpOw==
1703	STATEMENT	77284	77296	1	a028c9c9501df4846ec72c7b4432d4a3cb499b36b781bb1c38853498151d0ba7	CglyZXR1cm4gcmM7
1704	FRAGMENT	77296	77297	1	01ba4719c80b6fe911b091a7c05124b64eeece964e09c058ef8f9805daca546b	Cg==
1705	BLOCK_CLOSE	77297	77298	0	d10b36aa74a59bcf4a88185837f658afaf3646eff2bb16c3928d0e9335e945d2	fQ==
1706	PREPROCESSOR	77298	77306	0	626de321eb397f6600939892a0009f31bc378f7e886f9acc5ec0af18db6a99a7	CiNlbmRpZgo=
1707	PREPROCESSOR	77306	77352	0	d62e70df9d0ada09b1cfa43bc54ad8be8be978c4c5e648c8aed7aa38a1f3220d	CiNpZm5kZWYgTk9fZ3RrXzFpbWFnZV8xc2V0XzFmcm9tXzFpY29uXzFuYW1lCg==
1708	FUNCTION_OPEN	77352	77480	0	c63c90ae662404390c7c57e567f3a7b64251cb69a3e5cd7413ee803fac92c7f3	Sk5JRVhQT1JUIHZvaWQgSk5JQ0FMTCBHVEs0X05BVElWRShndGtfMWltYWdlXzFzZXRfMWZyb21fMWljb25fMW5hbWUpCgkoSk5JRW52ICplbnYsIGpjbGFzcyB0aGF0LCBqbG9uZyBhcmcwLCBqYnl0ZUFycmF5IGFyZzEpCns=
1709	STATEMENT	77480	77501	1	ecbc1c66598161b54ed7d4df47ce4c17c895a8aaf496cadd930f0e7e6c9b06d3	CglqYnl0ZSAqbHBhcmcxPU5VTEw7
1710	STATEMENT	77501	77572	1	b92ce198bbd4be4a82bdebfa5fd894869d8475aa300ecb60d0ce027dc0d44399	CglHVEs0X05BVElWRV9FTlRFUihlbnYsIHRoYXQsIGd0a18xaW1hZ2VfMXNldF8xZnJvbV8xaWNvbl8xbmFtZV9GVU5DKTs=
1711	STATEMENT	77572	77664	1	9e0f7faa1c09a55eb10394bedcb268962dfc3d57ab587fe9530c7324cc7b0ca1	CglpZiAoYXJnMSkgaWYgKChscGFyZzEgPSAoKmVudiktPkdldEJ5dGVBcnJheUVsZW1lbnRzKGVudiwgYXJnMSwgTlVMTCkpID09IE5VTEwpIGdvdG8gZmFpbDs=
1712	STATEMENT	77664	77736	1	88f012c45230b46619123fe0875f55abacb4b8f8c9d381141915214c5ccb77f4	CglndGtfaW1hZ2Vfc2V0X2Zyb21faWNvbl9uYW1lKChHdGtJbWFnZSAqKWFyZzAsIChjb25zdCBnY2hhciAqKWxwYXJnMSk7
1713	STATEMENT	77736	77819	1	78812943a01430fa07d31629617d2c1617a8077555058eb3c69830ff8aafbb1d	CmZhaWw6CglpZiAoYXJnMSAmJiBscGFyZzEpICgqZW52KS0+UmVsZWFzZUJ5dGVBcnJheUVsZW1lbnRzKGVudiwgYXJnMSwgbHBhcmcxLCAwKTs=
1714	STATEMENT	77819	77889	1	026d7393a7c7acdb1f98f3ea05be9d117d8cbc027fc5481a65a646b1cd31ffb7	CglHVEs0X05BVElWRV9FWElUKGVudiwgdGhhdCwgZ3RrXzFpbWFnZV8xc2V0XzFmcm9tXzFpY29uXzFuYW1lX0ZVTkMpOw==
1715	FRAGMENT	77889	77890	1	01ba4719c80b6fe911b091a7c05124b64eeece964e09c058ef8f9805daca546b	Cg==
1716	BLOCK_CLOSE	77890	77891	0	d10b36aa74a59bcf4a88185837f658afaf3646eff2bb16c3928d0e9335e945d2	fQ==
1717	PREPROCESSOR	77891	77899	0	626de321eb397f6600939892a0009f31bc378f7e886f9acc5ec0af18db6a99a7	CiNlbmRpZgo=
1718	PREPROCESSOR	77899	77944	0	7baf3a8402616b69db7f451424b701abd34689af5f71eddd7b83fa64a57d5f38	CiNpZm5kZWYgTk9fZ3RrXzFpbWFnZV8xc2V0XzFmcm9tXzFwYWludGFibGUK
1719	FUNCTION_OPEN	77944	78066	0	7c36ad3948d737185176bde2bfaa85d449ef5a0d03c96dd21f2818af819ad8e1	Sk5JRVhQT1JUIHZvaWQgSk5JQ0FMTCBHVEs0X05BVElWRShndGtfMWltYWdlXzFzZXRfMWZyb21fMXBhaW50YWJsZSkKCShKTklFbnYgKmVudiwgamNsYXNzIHRoYXQsIGpsb25nIGFyZzAsIGpsb25nIGFyZzEpCns=
1720	STATEMENT	78066	78136	1	9944838d1b4db2e35539d3277060619056a5cef05f2dd92e7a4432c6cff49c2f	CglHVEs0X05BVElWRV9FTlRFUihlbnYsIHRoYXQsIGd0a18xaW1hZ2VfMXNldF8xZnJvbV8xcGFpbnRhYmxlX0ZVTkMpOw==
1721	STATEMENT	78136	78207	1	ccdc7cdad4b9a6252e083de0ac128301304b25c5186ab479ebaea43f298a578d	CglndGtfaW1hZ2Vfc2V0X2Zyb21fcGFpbnRhYmxlKChHdGtJbWFnZSAqKWFyZzAsIChHZGtQYWludGFibGUgKilhcmcxKTs=
1722	STATEMENT	78207	78276	1	d4e5fcaaed53d1140266e37bfe47e5496ce6030319340147d290472739fc4f08	CglHVEs0X05BVElWRV9FWElUKGVudiwgdGhhdCwgZ3RrXzFpbWFnZV8xc2V0XzFmcm9tXzFwYWludGFibGVfRlVOQyk7
1723	FRAGMENT	78276	78277	1	01ba4719c80b6fe911b091a7c05124b64eeece964e09c058ef8f9805daca546b	Cg==
1724	BLOCK_CLOSE	78277	78278	0	d10b36aa74a59bcf4a88185837f658afaf3646eff2bb16c3928d0e9335e945d2	fQ==
1725	PREPROCESSOR	78278	78286	0	626de321eb397f6600939892a0009f31bc378f7e886f9acc5ec0af18db6a99a7	CiNlbmRpZgo=
1726	PREPROCESSOR	78286	78315	0	dd115da7510bc7acee64d881d5b4f4c1250cdd872f0e8398f45d30dc8d2cf7be	CiNpZm5kZWYgTk9fZ3RrXzFpbml0XzFjaGVjawo=
1727	FUNCTION_OPEN	78315	78401	0	96d84b29e4f101761a3930e27e4a4452c845aba2321470e239aecd8befc0cb77	Sk5JRVhQT1JUIGpib29sZWFuIEpOSUNBTEwgR1RLNF9OQVRJVkUoZ3RrXzFpbml0XzFjaGVjaykKCShKTklFbnYgKmVudiwgamNsYXNzIHRoYXQpCns=
1728	STATEMENT	78401	78419	1	6e389c725127046540fa228f0aca981232172a088ed5b7d88f2be6db7346caa1	CglqYm9vbGVhbiByYyA9IDA7
1729	STATEMENT	78419	78473	1	a8e30aa6a638afa76d02ae133dfb03bcff910df0aaf0a4d3ad95ea9d6355a6d3	CglHVEs0X05BVElWRV9FTlRFUihlbnYsIHRoYXQsIGd0a18xaW5pdF8xY2hlY2tfRlVOQyk7
1730	STATEMENT	78473	78507	1	f8b98416a1269914ed923c655bfae1d1f77dc7a14715f75ac8d44526d0035d01	CglyYyA9IChqYm9vbGVhbilndGtfaW5pdF9jaGVjaygpOw==
1731	STATEMENT	78507	78560	1	4b01ca7c113ff0a838b8507d2682772b9b8b8f526727f39b318bafd051ae25d2	CglHVEs0X05BVElWRV9FWElUKGVudiwgdGhhdCwgZ3RrXzFpbml0XzFjaGVja19GVU5DKTs=
1732	STATEMENT	78560	78572	1	a028c9c9501df4846ec72c7b4432d4a3cb499b36b781bb1c38853498151d0ba7	CglyZXR1cm4gcmM7
1733	FRAGMENT	78572	78573	1	01ba4719c80b6fe911b091a7c05124b64eeece964e09c058ef8f9805daca546b	Cg==
1734	BLOCK_CLOSE	78573	78574	0	d10b36aa74a59bcf4a88185837f658afaf3646eff2bb16c3928d0e9335e945d2	fQ==
1735	PREPROCESSOR	78574	78582	0	626de321eb397f6600939892a0009f31bc378f7e886f9acc5ec0af18db6a99a7	CiNlbmRpZgo=
1736	PREPROCESSOR	78582	78620	0	c1cf546014379fd49f8fc00289f2f42048ff543c1b5e0ce8aa56d88cb8d8ae4f	CiNpZm5kZWYgTk9fZ3RrXzFrZXl2YWxfMXRyaWdnZXJfMW5ldwo=
1737	FUNCTION_OPEN	78620	78734	0	019be1598f6bbb296aaa4828e59cd4eb7da7288f370cbbf0902f1f6a330a6be6	Sk5JRVhQT1JUIGpsb25nIEpOSUNBTEwgR1RLNF9OQVRJVkUoZ3RrXzFrZXl2YWxfMXRyaWdnZXJfMW5ldykKCShKTklFbnYgKmVudiwgamNsYXNzIHRoYXQsIGppbnQgYXJnMCwgamludCBhcmcxKQp7
1738	STATEMENT	78734	78749	1	3411ceb5951bc52321d8d6cf00df310a159211846b0264e08db2a18b94173633	CglqbG9uZyByYyA9IDA7
1739	STATEMENT	78749	78812	1	6d411eb07b59d98badc4d67ba8bc17e348e9a737e33781d4cbb1121e8a4e90e8	CglHVEs0X05BVElWRV9FTlRFUihlbnYsIHRoYXQsIGd0a18xa2V5dmFsXzF0cmlnZ2VyXzFuZXdfRlVOQyk7
1740	STATEMENT	78812	78885	1	440e512c0534224dfe2c252bc330d4cb558da8a332a1b3b7f0a60b49b2f09728	CglyYyA9IChqbG9uZylndGtfa2V5dmFsX3RyaWdnZXJfbmV3KChndWludClhcmcwLCAoR2RrTW9kaWZpZXJUeXBlKWFyZzEpOw==
1741	STATEMENT	78885	78947	1	81d5d338471507077e9c2f86a416a56875ed9616518534b1e207f4bf4411479c	CglHVEs0X05BVElWRV9FWElUKGVudiwgdGhhdCwgZ3RrXzFrZXl2YWxfMXRyaWdnZXJfMW5ld19GVU5DKTs=
1742	STATEMENT	78947	78959	1	a028c9c9501df4846ec72c7b4432d4a3cb499b36b781bb1c38853498151d0ba7	CglyZXR1cm4gcmM7
1743	FRAGMENT	78959	78960	1	01ba4719c80b6fe911b091a7c05124b64eeece964e09c058ef8f9805daca546b	Cg==
1744	BLOCK_CLOSE	78960	78961	0	d10b36aa74a59bcf4a88185837f658afaf3646eff2bb16c3928d0e9335e945d2	fQ==
1745	PREPROCESSOR	78961	78969	0	626de321eb397f6600939892a0009f31bc378f7e886f9acc5ec0af18db6a99a7	CiNlbmRpZgo=
1746	PREPROCESSOR	78969	79003	0	438fbf7f5f7c3928f6b23ab901000d0bb48be198b91961317f068e9da041ff40	CiNpZm5kZWYgTk9fZ3RrXzFsYWJlbF8xc2V0XzF3cmFwCg==
1747	FUNCTION_OPEN	79003	79117	0	2fd668a805ba0449832883a181d448248ca91d8d5723784588f4664e17f57df4	Sk5JRVhQT1JUIHZvaWQgSk5JQ0FMTCBHVEs0X05BVElWRShndGtfMWxhYmVsXzFzZXRfMXdyYXApCgkoSk5JRW52ICplbnYsIGpjbGFzcyB0aGF0LCBqbG9uZyBhcmcwLCBqYm9vbGVhbiBhcmcxKQp7
1748	STATEMENT	79117	79176	1	1ac04db543e445f58d361faac532ef2cb607a12d33483a1d68db04998e0b0eae	CglHVEs0X05BVElWRV9FTlRFUihlbnYsIHRoYXQsIGd0a18xbGFiZWxfMXNldF8xd3JhcF9GVU5DKTs=
1749	STATEMENT	79176	79231	1	506c13129b3a22d7c94f099858de3c47cca830a3ac2ad61e454bc2c17e44ab60	CglndGtfbGFiZWxfc2V0X3dyYXAoKEd0a0xhYmVsICopYXJnMCwgKGdib29sZWFuKWFyZzEpOw==
1750	STATEMENT	79231	79289	1	67f47fb7affabf7c560ee7153398d8b93ef12088b390410d1108fbaea259328f	CglHVEs0X05BVElWRV9FWElUKGVudiwgdGhhdCwgZ3RrXzFsYWJlbF8xc2V0XzF3cmFwX0ZVTkMpOw==
1751	FRAGMENT	79289	79290	1	01ba4719c80b6fe911b091a7c05124b64eeece964e09c058ef8f9805daca546b	Cg==
1752	BLOCK_CLOSE	79290	79291	0	d10b36aa74a59bcf4a88185837f658afaf3646eff2bb16c3928d0e9335e945d2	fQ==
1753	PREPROCESSOR	79291	79299	0	626de321eb397f6600939892a0009f31bc378f7e886f9acc5ec0af18db6a99a7	CiNlbmRpZgo=
1754	PREPROCESSOR	79299	79339	0	74932cb7e09a01c103639372791eea1e0625e92b5e6be43a9c660cb6e61bea35	CiNpZm5kZWYgTk9fZ3RrXzFsYWJlbF8xc2V0XzF3cmFwXzFtb2RlCg==
1755	FUNCTION_OPEN	79339	79455	0	9d17cf82a5e24e52f9ec947a429854ed3f9bb9a20407279c4d8e8a794600e93c	Sk5JRVhQT1JUIHZvaWQgSk5JQ0FMTCBHVEs0X05BVElWRShndGtfMWxhYmVsXzFzZXRfMXdyYXBfMW1vZGUpCgkoSk5JRW52ICplbnYsIGpjbGFzcyB0aGF0LCBqbG9uZyBhcmcwLCBqaW50IGFyZzEpCns=
1756	STATEMENT	79455	79520	1	030ebaa0e3e55c0421b08c76e39a9522d7583683563bff535d0c37ee9acaf1c9	CglHVEs0X05BVElWRV9FTlRFUihlbnYsIHRoYXQsIGd0a18xbGFiZWxfMXNldF8xd3JhcF8xbW9kZV9GVU5DKTs=
1757	STATEMENT	79520	79585	1	e5870e7fac33f6ab036775cca69984bb22eac995515b5a2a52ba7e560a02b36d	CglndGtfbGFiZWxfc2V0X3dyYXBfbW9kZSgoR3RrTGFiZWwgKilhcmcwLCAoUGFuZ29XcmFwTW9kZSlhcmcxKTs=
1758	STATEMENT	79585	79649	1	6d7d696620c0c4c9e1607d8e26c093e5d6904b5924ccf9854b1c378a42680b26	CglHVEs0X05BVElWRV9FWElUKGVudiwgdGhhdCwgZ3RrXzFsYWJlbF8xc2V0XzF3cmFwXzFtb2RlX0ZVTkMpOw==
1759	FRAGMENT	79649	79650	1	01ba4719c80b6fe911b091a7c05124b64eeece964e09c058ef8f9805daca546b	Cg==
1760	BLOCK_CLOSE	79650	79651	0	d10b36aa74a59bcf4a88185837f658afaf3646eff2bb16c3928d0e9335e945d2	fQ==
1761	PREPROCESSOR	79651	79659	0	626de321eb397f6600939892a0009f31bc378f7e886f9acc5ec0af18db6a99a7	CiNlbmRpZgo=
1762	PREPROCESSOR	79659	79710	0	60837e8c38a4408d47062171814b985eddfb7230db0ea80e983e642e40457392	CiNpZm5kZWYgTk9fZ3RrXzFtZW51XzFidXR0b25fMXNldF8xdXNlXzF1bmRlcmxpbmUK
1763	FUNCTION_OPEN	79710	79841	0	125e58cf7c91eddf6faa2ae98940cca1d141d42dd7ffc9c772730dd5778a1858	Sk5JRVhQT1JUIHZvaWQgSk5JQ0FMTCBHVEs0X05BVElWRShndGtfMW1lbnVfMWJ1dHRvbl8xc2V0XzF1c2VfMXVuZGVybGluZSkKCShKTklFbnYgKmVudiwgamNsYXNzIHRoYXQsIGpsb25nIGFyZzAsIGpib29sZWFuIGFyZzEpCns=
1764	STATEMENT	79841	79917	1	1660bae437d1b8151aab474723b8f24808e19b5d2f8c429636e9b4aff7ca4859	CglHVEs0X05BVElWRV9FTlRFUihlbnYsIHRoYXQsIGd0a18xbWVudV8xYnV0dG9uXzFzZXRfMXVzZV8xdW5kZXJsaW5lX0ZVTkMpOw==
1765	STATEMENT	79917	79982	1	64f246afca49a5b2170c45c58ef5a165d2e07d6d5d474c80d413cd5a2144e585	CglndGtfbWVudV9idXR0b25fc2V0X3VzZV91bmRlcmxpbmUoKEd0a01lbnVCdXR0b24gKilhcmcwLCBhcmcxKTs=
1766	STATEMENT	79982	80057	1	3d7de4b6390ebf54955ef3f806d2fd7d545c40a3105d880453ea02491e440682	CglHVEs0X05BVElWRV9FWElUKGVudiwgdGhhdCwgZ3RrXzFtZW51XzFidXR0b25fMXNldF8xdXNlXzF1bmRlcmxpbmVfRlVOQyk7
1767	FRAGMENT	80057	80058	1	01ba4719c80b6fe911b091a7c05124b64eeece964e09c058ef8f9805daca546b	Cg==
1768	BLOCK_CLOSE	80058	80059	0	d10b36aa74a59bcf4a88185837f658afaf3646eff2bb16c3928d0e9335e945d2	fQ==
1769	PREPROCESSOR	80059	80067	0	626de321eb397f6600939892a0009f31bc378f7e886f9acc5ec0af18db6a99a7	CiNlbmRpZgo=
1770	PREPROCESSOR	80067	80103	0	0a5de1579d7cd3f2165a42f9fbe59a094407f34fe6634b05933cf33469166f3f	CiNpZm5kZWYgTk9fZ3RrXzFuYW1lZF8xYWN0aW9uXzFuZXcK
1771	FUNCTION_OPEN	80103	80210	0	d3a6b5aeeaa7aba7f16f83def564a65386aa17b577503ab612f45e9b6c99340b	Sk5JRVhQT1JUIGpsb25nIEpOSUNBTEwgR1RLNF9OQVRJVkUoZ3RrXzFuYW1lZF8xYWN0aW9uXzFuZXcpCgkoSk5JRW52ICplbnYsIGpjbGFzcyB0aGF0LCBqYnl0ZUFycmF5IGFyZzApCns=
1772	STATEMENT	80210	80231	1	822ac2a96a4768fd79b617c7eb04a2c27543630d08bb1e64e12cb44eb943d110	CglqYnl0ZSAqbHBhcmcwPU5VTEw7
1773	STATEMENT	80231	80246	1	3411ceb5951bc52321d8d6cf00df310a159211846b0264e08db2a18b94173633	CglqbG9uZyByYyA9IDA7
1774	STATEMENT	80246	80307	1	bde954de7522b80756f74f565c1dc190a606f0d1c18fad4d5fed5844b615d09d	CglHVEs0X05BVElWRV9FTlRFUihlbnYsIHRoYXQsIGd0a18xbmFtZWRfMWFjdGlvbl8xbmV3X0ZVTkMpOw==
1775	STATEMENT	80307	80399	1	b2075cd70029cbd90d7bd950107f7811b6de535d2911738929f1657581efa897	CglpZiAoYXJnMCkgaWYgKChscGFyZzAgPSAoKmVudiktPkdldEJ5dGVBcnJheUVsZW1lbnRzKGVudiwgYXJnMCwgTlVMTCkpID09IE5VTEwpIGdvdG8gZmFpbDs=
1776	STATEMENT	80399	80456	1	53e60b208dca77d8efdec1c934be0bfe8cb2ef72be76b64e7a08618b2340593d	CglyYyA9IChqbG9uZylndGtfbmFtZWRfYWN0aW9uX25ldygoY29uc3QgY2hhciAqKWxwYXJnMCk7
1777	STATEMENT	80456	80539	1	19ea667045e023f8627c63601656684e1aa341d4b2b1f93bb08dcb2be00b461d	CmZhaWw6CglpZiAoYXJnMCAmJiBscGFyZzApICgqZW52KS0+UmVsZWFzZUJ5dGVBcnJheUVsZW1lbnRzKGVudiwgYXJnMCwgbHBhcmcwLCAwKTs=
1778	STATEMENT	80539	80599	1	c7e6a736ec2757fb08bf8b7932d552ff7d28f707153eecb5056850273cd1dfea	CglHVEs0X05BVElWRV9FWElUKGVudiwgdGhhdCwgZ3RrXzFuYW1lZF8xYWN0aW9uXzFuZXdfRlVOQyk7
1779	STATEMENT	80599	80611	1	a028c9c9501df4846ec72c7b4432d4a3cb499b36b781bb1c38853498151d0ba7	CglyZXR1cm4gcmM7
1780	FRAGMENT	80611	80612	1	01ba4719c80b6fe911b091a7c05124b64eeece964e09c058ef8f9805daca546b	Cg==
1781	BLOCK_CLOSE	80612	80613	0	d10b36aa74a59bcf4a88185837f658afaf3646eff2bb16c3928d0e9335e945d2	fQ==
1782	PREPROCESSOR	80613	80621	0	626de321eb397f6600939892a0009f31bc378f7e886f9acc5ec0af18db6a99a7	CiNlbmRpZgo=
1783	PREPROCESSOR	80621	80664	0	293b5a590a33ff04532cbe61daf621e00659bb5729b3de0c757d9c6acc551bc6	CiNpZm5kZWYgTk9fZ3RrXzFuYXRpdmVfMWdldF8xZm9yXzFzdXJmYWNlCg==
1784	FUNCTION_OPEN	80664	80773	0	2d6ffa5581f507823562d54826fb0239edec981d43c7ff6d20baf369fd294d73	Sk5JRVhQT1JUIGpsb25nIEpOSUNBTEwgR1RLNF9OQVRJVkUoZ3RrXzFuYXRpdmVfMWdldF8xZm9yXzFzdXJmYWNlKQoJKEpOSUVudiAqZW52LCBqY2xhc3MgdGhhdCwgamxvbmcgYXJnMCkKew==
1785	STATEMENT	80773	80788	1	3411ceb5951bc52321d8d6cf00df310a159211846b0264e08db2a18b94173633	CglqbG9uZyByYyA9IDA7
1786	STATEMENT	80788	80856	1	b9034ea9ad6399bf4b53fc1db679f6ae930a10698b3ca53ddd29c833d0c2a46d	CglHVEs0X05BVElWRV9FTlRFUihlbnYsIHRoYXQsIGd0a18xbmF0aXZlXzFnZXRfMWZvcl8xc3VyZmFjZV9GVU5DKTs=
1787	STATEMENT	80856	80917	1	eae58c728e3151203d6ebac5d9c8d56b4f9780d9c80adf081a323b132cfab6c2	CglyYyA9IChqbG9uZylndGtfbmF0aXZlX2dldF9mb3Jfc3VyZmFjZSgoR2RrU3VyZmFjZSAqKWFyZzApOw==
1788	STATEMENT	80917	80984	1	b4a21d9b4b3e3f55c6f60d1b64657d843e823bd171d465e35d256c87c004fe4d	CglHVEs0X05BVElWRV9FWElUKGVudiwgdGhhdCwgZ3RrXzFuYXRpdmVfMWdldF8xZm9yXzFzdXJmYWNlX0ZVTkMpOw==
1789	STATEMENT	80984	80996	1	a028c9c9501df4846ec72c7b4432d4a3cb499b36b781bb1c38853498151d0ba7	CglyZXR1cm4gcmM7
1790	FRAGMENT	80996	80997	1	01ba4719c80b6fe911b091a7c05124b64eeece964e09c058ef8f9805daca546b	Cg==
1791	BLOCK_CLOSE	80997	80998	0	d10b36aa74a59bcf4a88185837f658afaf3646eff2bb16c3928d0e9335e945d2	fQ==
1792	PREPROCESSOR	80998	81006	0	626de321eb397f6600939892a0009f31bc378f7e886f9acc5ec0af18db6a99a7	CiNlbmRpZgo=
1793	PREPROCESSOR	81006	81044	0	8dfa88bb47a88826eb252a5d3a7e86f3d93cd1ba52de50a148c91f7528ae8862	CiNpZm5kZWYgTk9fZ3RrXzFuYXRpdmVfMWdldF8xc3VyZmFjZQo=
1794	FUNCTION_OPEN	81044	81148	0	68470de70ba3238b6239284f07be5a0fcb139f3b23a866ed37455b7cc668e07f	Sk5JRVhQT1JUIGpsb25nIEpOSUNBTEwgR1RLNF9OQVRJVkUoZ3RrXzFuYXRpdmVfMWdldF8xc3VyZmFjZSkKCShKTklFbnYgKmVudiwgamNsYXNzIHRoYXQsIGpsb25nIGFyZzApCns=
1795	STATEMENT	81148	81163	1	3411ceb5951bc52321d8d6cf00df310a159211846b0264e08db2a18b94173633	CglqbG9uZyByYyA9IDA7
1796	STATEMENT	81163	81226	1	8591f5edadf30e87e60312b114c9141bd91193049f865ec4f7a56074f0f6dcce	CglHVEs0X05BVElWRV9FTlRFUihlbnYsIHRoYXQsIGd0a18xbmF0aXZlXzFnZXRfMXN1cmZhY2VfRlVOQyk7
1797	STATEMENT	81226	81282	1	b707e34705617a1c03e27ad76bb3f371abb221ad510e12ca9fd442194ee2ce95	CglyYyA9IChqbG9uZylndGtfbmF0aXZlX2dldF9zdXJmYWNlKChHdGtOYXRpdmUgKilhcmcwKTs=
1798	STATEMENT	81282	81344	1	82e7c1113d50105b1e69c910e782f25163e719d884e0d80ff206bc27b5f91c48	CglHVEs0X05BVElWRV9FWElUKGVudiwgdGhhdCwgZ3RrXzFuYXRpdmVfMWdldF8xc3VyZmFjZV9GVU5DKTs=
1799	STATEMENT	81344	81356	1	a028c9c9501df4846ec72c7b4432d4a3cb499b36b781bb1c38853498151d0ba7	CglyZXR1cm4gcmM7
1800	FRAGMENT	81356	81357	1	01ba4719c80b6fe911b091a7c05124b64eeece964e09c058ef8f9805daca546b	Cg==
1801	BLOCK_CLOSE	81357	81358	0	d10b36aa74a59bcf4a88185837f658afaf3646eff2bb16c3928d0e9335e945d2	fQ==
1802	PREPROCESSOR	81358	81366	0	626de321eb397f6600939892a0009f31bc378f7e886f9acc5ec0af18db6a99a7	CiNlbmRpZgo=
1803	PREPROCESSOR	81366	81396	0	e563ad1d67cb52359c44a63eaeb199372fde1349b843932e2b41dacfeb96d922	CiNpZm5kZWYgTk9fZ3RrXzFwaWN0dXJlXzFuZXcK
1804	FUNCTION_OPEN	81396	81480	0	62ad4c0e9a1b69db6c776a4c32036c2fcf80b27cb867f4dd3addc8aa9a3cf9d8	Sk5JRVhQT1JUIGpsb25nIEpOSUNBTEwgR1RLNF9OQVRJVkUoZ3RrXzFwaWN0dXJlXzFuZXcpCgkoSk5JRW52ICplbnYsIGpjbGFzcyB0aGF0KQp7
1805	STATEMENT	81480	81495	1	3411ceb5951bc52321d8d6cf00df310a159211846b0264e08db2a18b94173633	CglqbG9uZyByYyA9IDA7
1806	STATEMENT	81495	81550	1	d767dc2ba30e4bb8498b85de7b39f0188158f8fcac5a2448cda6cd7aae059332	CglHVEs0X05BVElWRV9FTlRFUihlbnYsIHRoYXQsIGd0a18xcGljdHVyZV8xbmV3X0ZVTkMpOw==
1807	STATEMENT	81550	81582	1	9e0ef6e8d1a45fe1dfd52168e800be12621e350ec9bf3b05b69b4b99b723512a	CglyYyA9IChqbG9uZylndGtfcGljdHVyZV9uZXcoKTs=
1808	STATEMENT	81582	81636	1	e1beb16d575827b669766fc0506f358f4002275efe2e5379db0ec30c09e946ba	CglHVEs0X05BVElWRV9FWElUKGVudiwgdGhhdCwgZ3RrXzFwaWN0dXJlXzFuZXdfRlVOQyk7
1809	STATEMENT	81636	81648	1	a028c9c9501df4846ec72c7b4432d4a3cb499b36b781bb1c38853498151d0ba7	CglyZXR1cm4gcmM7
1810	FRAGMENT	81648	81649	1	01ba4719c80b6fe911b091a7c05124b64eeece964e09c058ef8f9805daca546b	Cg==
1811	BLOCK_CLOSE	81649	81650	0	d10b36aa74a59bcf4a88185837f658afaf3646eff2bb16c3928d0e9335e945d2	fQ==
1812	PREPROCESSOR	81650	81658	0	626de321eb397f6600939892a0009f31bc378f7e886f9acc5ec0af18db6a99a7	CiNlbmRpZgo=
1813	PREPROCESSOR	81658	81701	0	3700fd81fc0e086810a6af0f930aa4ca44449b65b237a6256114ff47dfa6731d	CiNpZm5kZWYgTk9fZ3RrXzFwaWN0dXJlXzFzZXRfMWNhbl8xc2hyaW5rCg==
1814	FUNCTION_OPEN	81701	81824	0	6bb34e44f13cd93817837ea70621532277c01b64806e97684fedd136532488d6	Sk5JRVhQT1JUIHZvaWQgSk5JQ0FMTCBHVEs0X05BVElWRShndGtfMXBpY3R1cmVfMXNldF8xY2FuXzFzaHJpbmspCgkoSk5JRW52ICplbnYsIGpjbGFzcyB0aGF0LCBqbG9uZyBhcmcwLCBqYm9vbGVhbiBhcmcxKQp7
1815	STATEMENT	81824	81892	1	47b559274898e79547674dd4915e2efe8152be3253f46e70699155e3a5ace687	CglHVEs0X05BVElWRV9FTlRFUihlbnYsIHRoYXQsIGd0a18xcGljdHVyZV8xc2V0XzFjYW5fMXNocmlua19GVU5DKTs=
1816	STATEMENT	81892	81947	1	810e44e3a45e9e9a4ac735238f647d1b84067af682096b1ff07bf38f07d1410b	CglndGtfcGljdHVyZV9zZXRfY2FuX3NocmluaygoR3RrUGljdHVyZSAqKWFyZzAsIGFyZzEpOw==
1817	STATEMENT	81947	82014	1	1d258627145113b1408087ab06afbeeaa8501df8ee2c5717a18851b365d4242f	CglHVEs0X05BVElWRV9FWElUKGVudiwgdGhhdCwgZ3RrXzFwaWN0dXJlXzFzZXRfMWNhbl8xc2hyaW5rX0ZVTkMpOw==
1818	FRAGMENT	82014	82015	1	01ba4719c80b6fe911b091a7c05124b64eeece964e09c058ef8f9805daca546b	Cg==
1819	BLOCK_CLOSE	82015	82016	0	d10b36aa74a59bcf4a88185837f658afaf3646eff2bb16c3928d0e9335e945d2	fQ==
1820	PREPROCESSOR	82016	82024	0	626de321eb397f6600939892a0009f31bc378f7e886f9acc5ec0af18db6a99a7	CiNlbmRpZgo=
1821	PREPROCESSOR	82024	82065	0	46ec0183bb975794022820942107bdc84c17f8ea67f2cdf4b81c4b728074fe17	CiNpZm5kZWYgTk9fZ3RrXzFwaWN0dXJlXzFzZXRfMXBhaW50YWJsZQo=
1822	FUNCTION_OPEN	82065	82183	0	5126989af9aaa002efba7aca594949bb828faf50692022f45523817906ce5bb1	Sk5JRVhQT1JUIHZvaWQgSk5JQ0FMTCBHVEs0X05BVElWRShndGtfMXBpY3R1cmVfMXNldF8xcGFpbnRhYmxlKQoJKEpOSUVudiAqZW52LCBqY2xhc3MgdGhhdCwgamxvbmcgYXJnMCwgamxvbmcgYXJnMSkKew==
1823	STATEMENT	82183	82249	1	d8de903a5aebee14e95ccd2900fbec9c247f5535c5cac672f6bef0002128ce0f	CglHVEs0X05BVElWRV9FTlRFUihlbnYsIHRoYXQsIGd0a18xcGljdHVyZV8xc2V0XzFwYWludGFibGVfRlVOQyk7
1824	STATEMENT	82249	82319	1	76009fed433b6f77802be58f0835c25909f62c0c8b4ed3c9b49ae2ecd190070d	CglndGtfcGljdHVyZV9zZXRfcGFpbnRhYmxlKChHdGtQaWN0dXJlICopYXJnMCwgKEdka1BhaW50YWJsZSAqKWFyZzEpOw==
1825	STATEMENT	82319	82384	1	6fcc0210ee3354b16888278fd3646acb0c63e75a04cb117fc3dd377ebac0a480	CglHVEs0X05BVElWRV9FWElUKGVudiwgdGhhdCwgZ3RrXzFwaWN0dXJlXzFzZXRfMXBhaW50YWJsZV9GVU5DKTs=
1826	FRAGMENT	82384	82385	1	01ba4719c80b6fe911b091a7c05124b64eeece964e09c058ef8f9805daca546b	Cg==
1827	BLOCK_CLOSE	82385	82386	0	d10b36aa74a59bcf4a88185837f658afaf3646eff2bb16c3928d0e9335e945d2	fQ==
1828	PREPROCESSOR	82386	82394	0	626de321eb397f6600939892a0009f31bc378f7e886f9acc5ec0af18db6a99a7	CiNlbmRpZgo=
1829	PREPROCESSOR	82394	82437	0	9992ce35c1189e531922cfb2b531c79e0043a0bf062a11e32362fa0874e1e459	CiNpZm5kZWYgTk9fZ3RrXzFwb3BvdmVyXzFtZW51XzFhZGRfMWNoaWxkCg==
1830	FUNCTION_OPEN	82437	82578	0	eb3f2768f70e47db0c8717fcefed6f4033abc1a550d29994255efd1bebc10f32	Sk5JRVhQT1JUIGpib29sZWFuIEpOSUNBTEwgR1RLNF9OQVRJVkUoZ3RrXzFwb3BvdmVyXzFtZW51XzFhZGRfMWNoaWxkKQoJKEpOSUVudiAqZW52LCBqY2xhc3MgdGhhdCwgamxvbmcgYXJnMCwgamxvbmcgYXJnMSwgamJ5dGVBcnJheSBhcmcyKQp7
1831	STATEMENT	82578	82599	1	c4828fa6cc27909f0862fd4638054111e688f4f7a6b21d3b45548da55b7a9cc2	CglqYnl0ZSAqbHBhcmcyPU5VTEw7
1832	STATEMENT	82599	82617	1	6e389c725127046540fa228f0aca981232172a088ed5b7d88f2be6db7346caa1	CglqYm9vbGVhbiByYyA9IDA7
1833	STATEMENT	82617	82685	1	e869ae6460c75e9b193cf054fe152e1761ad0346bd4b0dba9c4b1db629facd94	CglHVEs0X05BVElWRV9FTlRFUihlbnYsIHRoYXQsIGd0a18xcG9wb3Zlcl8xbWVudV8xYWRkXzFjaGlsZF9GVU5DKTs=
1834	STATEMENT	82685	82777	1	e44b4df2fae89ab204250d796e42e0c1bf615821911bf97fefa1b57d53761104	CglpZiAoYXJnMikgaWYgKChscGFyZzIgPSAoKmVudiktPkdldEJ5dGVBcnJheUVsZW1lbnRzKGVudiwgYXJnMiwgTlVMTCkpID09IE5VTEwpIGdvdG8gZmFpbDs=
1835	STATEMENT	82777	82886	1	1f681f5468035574bba73cb9cd3e3c602f8d0bd11185f21e756f29c674eb8f39	CglyYyA9IChqYm9vbGVhbilndGtfcG9wb3Zlcl9tZW51X2FkZF9jaGlsZCgoR3RrUG9wb3Zlck1lbnUgKilhcmcwLCAoR3RrV2lkZ2V0ICopYXJnMSwgKGNvbnN0IGNoYXIgKilscGFyZzIpOw==
1836	STATEMENT	82886	82969	1	02796d9404335c60b13ea31ba637ab8db65fd1cbf1ad416895fc57fa72b74cbc	CmZhaWw6CglpZiAoYXJnMiAmJiBscGFyZzIpICgqZW52KS0+UmVsZWFzZUJ5dGVBcnJheUVsZW1lbnRzKGVudiwgYXJnMiwgbHBhcmcyLCAwKTs=
1837	STATEMENT	82969	83036	1	95b70f4f52c0b94487dc5f280c1fade488ae947070238483ef7202e62c5677c6	CglHVEs0X05BVElWRV9FWElUKGVudiwgdGhhdCwgZ3RrXzFwb3BvdmVyXzFtZW51XzFhZGRfMWNoaWxkX0ZVTkMpOw==
1838	STATEMENT	83036	83048	1	a028c9c9501df4846ec72c7b4432d4a3cb499b36b781bb1c38853498151d0ba7	CglyZXR1cm4gcmM7
1839	FRAGMENT	83048	83049	1	01ba4719c80b6fe911b091a7c05124b64eeece964e09c058ef8f9805daca546b	Cg==
1840	BLOCK_CLOSE	83049	83050	0	d10b36aa74a59bcf4a88185837f658afaf3646eff2bb16c3928d0e9335e945d2	fQ==
1841	PREPROCESSOR	83050	83058	0	626de321eb397f6600939892a0009f31bc378f7e886f9acc5ec0af18db6a99a7	CiNlbmRpZgo=
1842	PREPROCESSOR	83058	83112	0	718d8d7a4aa51e6efc6271357163dd3f7a0cf6e6e90dba9e16c6aae78d9d4cf8	CiNpZm5kZWYgTk9fZ3RrXzFwb3BvdmVyXzFtZW51XzFiYXJfMW5ld18xZnJvbV8xbW9kZWwK
1843	FUNCTION_OPEN	83112	83232	0	c04c64aeda09d551e3f55a5cb9ffe3744685a75c8b3d32e96f34555c899d0a8a	Sk5JRVhQT1JUIGpsb25nIEpOSUNBTEwgR1RLNF9OQVRJVkUoZ3RrXzFwb3BvdmVyXzFtZW51XzFiYXJfMW5ld18xZnJvbV8xbW9kZWwpCgkoSk5JRW52ICplbnYsIGpjbGFzcyB0aGF0LCBqbG9uZyBhcmcwKQp7
1844	STATEMENT	83232	83247	1	3411ceb5951bc52321d8d6cf00df310a159211846b0264e08db2a18b94173633	CglqbG9uZyByYyA9IDA7
1845	STATEMENT	83247	83326	1	a813cb64dc28ea71a8388531e890faa8f17fb58056cbaef0441dc05864c1d2e0	CglHVEs0X05BVElWRV9FTlRFUihlbnYsIHRoYXQsIGd0a18xcG9wb3Zlcl8xbWVudV8xYmFyXzFuZXdfMWZyb21fMW1vZGVsX0ZVTkMpOw==
1846	STATEMENT	83326	83396	1	9d395b2cde14737bc1046a14469bb2126a65ca05cfcd00858f4d0178596e386d	CglyYyA9IChqbG9uZylndGtfcG9wb3Zlcl9tZW51X2Jhcl9uZXdfZnJvbV9tb2RlbCgoR01lbnVNb2RlbCAqKWFyZzApOw==
1847	STATEMENT	83396	83474	1	b102578c36e8a23b787f85a653a234bf71afa8aeba9796d3df27e74499f7dffa	CglHVEs0X05BVElWRV9FWElUKGVudiwgdGhhdCwgZ3RrXzFwb3BvdmVyXzFtZW51XzFiYXJfMW5ld18xZnJvbV8xbW9kZWxfRlVOQyk7
1848	STATEMENT	83474	83486	1	a028c9c9501df4846ec72c7b4432d4a3cb499b36b781bb1c38853498151d0ba7	CglyZXR1cm4gcmM7
1849	FRAGMENT	83486	83487	1	01ba4719c80b6fe911b091a7c05124b64eeece964e09c058ef8f9805daca546b	Cg==
1850	BLOCK_CLOSE	83487	83488	0	d10b36aa74a59bcf4a88185837f658afaf3646eff2bb16c3928d0e9335e945d2	fQ==
1851	PREPROCESSOR	83488	83496	0	626de321eb397f6600939892a0009f31bc378f7e886f9acc5ec0af18db6a99a7	CiNlbmRpZgo=
1852	PREPROCESSOR	83496	83545	0	d7d73057ac7268111de00f87e1c36a2461855b25e4ed32e5f5ffe17acb7d000b	CiNpZm5kZWYgTk9fZ3RrXzFwb3BvdmVyXzFtZW51XzFnZXRfMW1lbnVfMW1vZGVsCg==
1853	FUNCTION_OPEN	83545	83660	0	7a62a288e7dc015536c077e5d342c2b81ab9bee7cd6575d66071fb07510c4bc7	Sk5JRVhQT1JUIGpsb25nIEpOSUNBTEwgR1RLNF9OQVRJVkUoZ3RrXzFwb3BvdmVyXzFtZW51XzFnZXRfMW1lbnVfMW1vZGVsKQoJKEpOSUVudiAqZW52LCBqY2xhc3MgdGhhdCwgamxvbmcgYXJnMCkKew==
1854	STATEMENT	83660	83675	1	3411ceb5951bc52321d8d6cf00df310a159211846b0264e08db2a18b94173633	CglqbG9uZyByYyA9IDA7
1855	STATEMENT	83675	83749	1	47a0adf4c883c662a5f5a83eea6ba5f1d875d07d294ab71c33eea49751cf139e	CglHVEs0X05BVElWRV9FTlRFUihlbnYsIHRoYXQsIGd0a18xcG9wb3Zlcl8xbWVudV8xZ2V0XzFtZW51XzFtb2RlbF9GVU5DKTs=
1856	STATEMENT	83749	83819	1	bc93e4a157e19fb8aaa65146b9ddbea91a58435e81af41ef5e8ff8fb8364598a	CglyYyA9IChqbG9uZylndGtfcG9wb3Zlcl9tZW51X2dldF9tZW51X21vZGVsKChHdGtQb3BvdmVyTWVudSAqKWFyZzApOw==
1857	STATEMENT	83819	83892	1	0688416fe02396024341d241055eec4ea4e6e4637cff884fd0c78c215cfe08bc	CglHVEs0X05BVElWRV9FWElUKGVudiwgdGhhdCwgZ3RrXzFwb3BvdmVyXzFtZW51XzFnZXRfMW1lbnVfMW1vZGVsX0ZVTkMpOw==
1858	STATEMENT	83892	83904	1	a028c9c9501df4846ec72c7b4432d4a3cb499b36b781bb1c38853498151d0ba7	CglyZXR1cm4gcmM7
1859	FRAGMENT	83904	83905	1	01ba4719c80b6fe911b091a7c05124b64eeece964e09c058ef8f9805daca546b	Cg==
1860	BLOCK_CLOSE	83905	83906	0	d10b36aa74a59bcf4a88185837f658afaf3646eff2bb16c3928d0e9335e945d2	fQ==
1861	PREPROCESSOR	83906	83914	0	626de321eb397f6600939892a0009f31bc378f7e886f9acc5ec0af18db6a99a7	CiNlbmRpZgo=
1862	PREPROCESSOR	83914	83969	0	5440a02b7ce9b46a2a34e5db8852fe8d2634806f103ef7d9e26d18009a9d4b24	CiNpZm5kZWYgTk9fZ3RrXzFwb3BvdmVyXzFtZW51XzFuZXdfMWZyb21fMW1vZGVsXzFmdWxsCg==
1863	FUNCTION_OPEN	83969	84101	0	bbaccee3fad9b813c3ebd0a41291af9cc551268158cacad5f1bde776a476756a	Sk5JRVhQT1JUIGpsb25nIEpOSUNBTEwgR1RLNF9OQVRJVkUoZ3RrXzFwb3BvdmVyXzFtZW51XzFuZXdfMWZyb21fMW1vZGVsXzFmdWxsKQoJKEpOSUVudiAqZW52LCBqY2xhc3MgdGhhdCwgamxvbmcgYXJnMCwgamludCBhcmcxKQp7
1864	STATEMENT	84101	84116	1	3411ceb5951bc52321d8d6cf00df310a159211846b0264e08db2a18b94173633	CglqbG9uZyByYyA9IDA7
1865	STATEMENT	84116	84196	1	b5cc43b3a29190cbe02631fc328c32bb1ddbdf2ac456fdf4d81ee7ecb9185c5d	CglHVEs0X05BVElWRV9FTlRFUihlbnYsIHRoYXQsIGd0a18xcG9wb3Zlcl8xbWVudV8xbmV3XzFmcm9tXzFtb2RlbF8xZnVsbF9GVU5DKTs=
1866	STATEMENT	84196	84294	1	9226994ad7b9b9e668627cd0d7dc3dd7f963203b0397ad1680c1293037472894	CglyYyA9IChqbG9uZylndGtfcG9wb3Zlcl9tZW51X25ld19mcm9tX21vZGVsX2Z1bGwoKEdNZW51TW9kZWwgKilhcmcwLCAoR3RrUG9wb3Zlck1lbnVGbGFncylhcmcxKTs=
1867	STATEMENT	84294	84373	1	23830cb255f2a1695f6235eedcb5fc10daddf7fbbe81f7ea2d7cf398163ba984	CglHVEs0X05BVElWRV9FWElUKGVudiwgdGhhdCwgZ3RrXzFwb3BvdmVyXzFtZW51XzFuZXdfMWZyb21fMW1vZGVsXzFmdWxsX0ZVTkMpOw==
1868	STATEMENT	84373	84385	1	a028c9c9501df4846ec72c7b4432d4a3cb499b36b781bb1c38853498151d0ba7	CglyZXR1cm4gcmM7
1869	FRAGMENT	84385	84386	1	01ba4719c80b6fe911b091a7c05124b64eeece964e09c058ef8f9805daca546b	Cg==
1870	BLOCK_CLOSE	84386	84387	0	d10b36aa74a59bcf4a88185837f658afaf3646eff2bb16c3928d0e9335e945d2	fQ==
1871	PREPROCESSOR	84387	84395	0	626de321eb397f6600939892a0009f31bc378f7e886f9acc5ec0af18db6a99a7	CiNlbmRpZgo=
1872	PREPROCESSOR	84395	84441	0	a4872d7534c1d394663fcd646b11fb840606ee5dfda3217a8ea80bcb1d47e761	CiNpZm5kZWYgTk9fZ3RrXzFwb3BvdmVyXzFtZW51XzFyZW1vdmVfMWNoaWxkCg==
1873	FUNCTION_OPEN	84441	84568	0	0cfaf1e85a31354d55f75e451f4bc0fbb053dc65ed4d3b1242151fde0fa589e7	Sk5JRVhQT1JUIGpib29sZWFuIEpOSUNBTEwgR1RLNF9OQVRJVkUoZ3RrXzFwb3BvdmVyXzFtZW51XzFyZW1vdmVfMWNoaWxkKQoJKEpOSUVudiAqZW52LCBqY2xhc3MgdGhhdCwgamxvbmcgYXJnMCwgamxvbmcgYXJnMSkKew==
1874	STATEMENT	84568	84586	1	6e389c725127046540fa228f0aca981232172a088ed5b7d88f2be6db7346caa1	CglqYm9vbGVhbiByYyA9IDA7
1875	STATEMENT	84586	84657	1	e0559023ec868d7acc555c8524a2a4dcc51d9507bfb5a19c67e091e8570f214f	CglHVEs0X05BVElWRV9FTlRFUihlbnYsIHRoYXQsIGd0a18xcG9wb3Zlcl8xbWVudV8xcmVtb3ZlXzFjaGlsZF9GVU5DKTs=
1876	STATEMENT	84657	84747	1	7e9dd6d022d7737a6290195153e3a330ee1fcebd72a699193f5838e3c5bc855a	CglyYyA9IChqYm9vbGVhbilndGtfcG9wb3Zlcl9tZW51X3JlbW92ZV9jaGlsZCgoR3RrUG9wb3Zlck1lbnUgKilhcmcwLCAoR3RrV2lkZ2V0ICopYXJnMSk7
1877	STATEMENT	84747	84817	1	1c8f9742c2d66902852205066c2399cdcc4a39c50ebd228b85ba51e137e5e5f0	CglHVEs0X05BVElWRV9FWElUKGVudiwgdGhhdCwgZ3RrXzFwb3BvdmVyXzFtZW51XzFyZW1vdmVfMWNoaWxkX0ZVTkMpOw==
1878	STATEMENT	84817	84829	1	a028c9c9501df4846ec72c7b4432d4a3cb499b36b781bb1c38853498151d0ba7	CglyZXR1cm4gcmM7
1879	FRAGMENT	84829	84830	1	01ba4719c80b6fe911b091a7c05124b64eeece964e09c058ef8f9805daca546b	Cg==
1880	BLOCK_CLOSE	84830	84831	0	d10b36aa74a59bcf4a88185837f658afaf3646eff2bb16c3928d0e9335e945d2	fQ==
1881	PREPROCESSOR	84831	84839	0	626de321eb397f6600939892a0009f31bc378f7e886f9acc5ec0af18db6a99a7	CiNlbmRpZgo=
1882	PREPROCESSOR	84839	84888	0	dff505166d8e4151903a4ade72e75e89d6bda690fbdd7599579ffacb8d8840dd	CiNpZm5kZWYgTk9fZ3RrXzFwb3BvdmVyXzFtZW51XzFzZXRfMW1lbnVfMW1vZGVsCg==
1883	FUNCTION_OPEN	84888	85014	0	ca0b3f37a49949aefc008495ad972d4c19e80443a3062a78907d9a2d3228050b	Sk5JRVhQT1JUIHZvaWQgSk5JQ0FMTCBHVEs0X05BVElWRShndGtfMXBvcG92ZXJfMW1lbnVfMXNldF8xbWVudV8xbW9kZWwpCgkoSk5JRW52ICplbnYsIGpjbGFzcyB0aGF0LCBqbG9uZyBhcmcwLCBqbG9uZyBhcmcxKQp7
1884	STATEMENT	85014	85088	1	a077b028f56fef41dfeb2e022535d99baf0c451205ffcf324609da37b8d9ba52	CglHVEs0X05BVElWRV9FTlRFUihlbnYsIHRoYXQsIGd0a18xcG9wb3Zlcl8xbWVudV8xc2V0XzFtZW51XzFtb2RlbF9GVU5DKTs=
1885	STATEMENT	85088	85166	1	41ad60f508d56eb645f965adc66b9ef14a6807e2a7a1000dc43df9ea93c8e6da	CglndGtfcG9wb3Zlcl9tZW51X3NldF9tZW51X21vZGVsKChHdGtQb3BvdmVyTWVudSAqKWFyZzAsIChHTWVudU1vZGVsICopYXJnMSk7
1886	STATEMENT	85166	85239	1	7898d576bebe077a3f4c91df2a43e4f883c39bddff676f52374908601b70120c	CglHVEs0X05BVElWRV9FWElUKGVudiwgdGhhdCwgZ3RrXzFwb3BvdmVyXzFtZW51XzFzZXRfMW1lbnVfMW1vZGVsX0ZVTkMpOw==
1887	FRAGMENT	85239	85240	1	01ba4719c80b6fe911b091a7c05124b64eeece964e09c058ef8f9805daca546b	Cg==
1888	BLOCK_CLOSE	85240	85241	0	d10b36aa74a59bcf4a88185837f658afaf3646eff2bb16c3928d0e9335e945d2	fQ==
1889	PREPROCESSOR	85241	85249	0	626de321eb397f6600939892a0009f31bc378f7e886f9acc5ec0af18db6a99a7	CiNlbmRpZgo=
1890	PREPROCESSOR	85249	85279	0	07ff832b43a3f0498547e63338236e6ecb7fb4774267fe19017fcd246222f511	CiNpZm5kZWYgTk9fZ3RrXzFwb3BvdmVyXzFuZXcK
1891	FUNCTION_OPEN	85279	85363	0	0f0e26f7d3318947ddab245855c2d24d6dc2ea672c07cdbe362c8e3f44727e37	Sk5JRVhQT1JUIGpsb25nIEpOSUNBTEwgR1RLNF9OQVRJVkUoZ3RrXzFwb3BvdmVyXzFuZXcpCgkoSk5JRW52ICplbnYsIGpjbGFzcyB0aGF0KQp7
1892	STATEMENT	85363	85378	1	3411ceb5951bc52321d8d6cf00df310a159211846b0264e08db2a18b94173633	CglqbG9uZyByYyA9IDA7
1893	STATEMENT	85378	85433	1	09171399aea9dc01857bd1d5d06bd457334954199375d40788d5a27b64a04ce3	CglHVEs0X05BVElWRV9FTlRFUihlbnYsIHRoYXQsIGd0a18xcG9wb3Zlcl8xbmV3X0ZVTkMpOw==
1894	STATEMENT	85433	85465	1	90de58373a2f1e32f41ce58fde9eaf4be5bf47d2958eea5cc092020272efbc38	CglyYyA9IChqbG9uZylndGtfcG9wb3Zlcl9uZXcoKTs=
1895	STATEMENT	85465	85519	1	150302bce2842378199ed001e60a78bfed719f5b138e784c80a43d1b732297f3	CglHVEs0X05BVElWRV9FWElUKGVudiwgdGhhdCwgZ3RrXzFwb3BvdmVyXzFuZXdfRlVOQyk7
1896	STATEMENT	85519	85531	1	a028c9c9501df4846ec72c7b4432d4a3cb499b36b781bb1c38853498151d0ba7	CglyZXR1cm4gcmM7
1897	FRAGMENT	85531	85532	1	01ba4719c80b6fe911b091a7c05124b64eeece964e09c058ef8f9805daca546b	Cg==
1898	BLOCK_CLOSE	85532	85533	0	d10b36aa74a59bcf4a88185837f658afaf3646eff2bb16c3928d0e9335e945d2	fQ==
1899	PREPROCESSOR	85533	85541	0	626de321eb397f6600939892a0009f31bc378f7e886f9acc5ec0af18db6a99a7	CiNlbmRpZgo=
1900	PREPROCESSOR	85541	85581	0	69c8e202149db625c69c574dc0d2f759a597de324d401f2bdd528af144ec6f39	CiNpZm5kZWYgTk9fZ3RrXzFwb3BvdmVyXzFzZXRfMWF1dG9oaWRlCg==
1901	FUNCTION_OPEN	85581	85701	0	b46215b46b142bd3be135b2d164bb81c3c0b42b49a50c4974a57d27ca9a5f2c7	Sk5JRVhQT1JUIHZvaWQgSk5JQ0FMTCBHVEs0X05BVElWRShndGtfMXBvcG92ZXJfMXNldF8xYXV0b2hpZGUpCgkoSk5JRW52ICplbnYsIGpjbGFzcyB0aGF0LCBqbG9uZyBhcmcwLCBqYm9vbGVhbiBhcmcxKQp7
1902	STATEMENT	85701	85766	1	f36bada148367f692497fbb36c49d4a76474f7c6ae3756f0aac932a5cf042f50	CglHVEs0X05BVElWRV9FTlRFUihlbnYsIHRoYXQsIGd0a18xcG9wb3Zlcl8xc2V0XzFhdXRvaGlkZV9GVU5DKTs=
1903	STATEMENT	85766	85819	1	9f57960b2bdbe2320389463e62609bde59e333e47de191d6ce2731a4becc3771	CglndGtfcG9wb3Zlcl9zZXRfYXV0b2hpZGUoKEd0a1BvcG92ZXIgKilhcmcwLCBhcmcxKTs=
1904	STATEMENT	85819	85883	1	ca9e96b5e483e438002418fe5c08afacf7c07f5bf8d95106417ecb3df4a28aeb	CglHVEs0X05BVElWRV9FWElUKGVudiwgdGhhdCwgZ3RrXzFwb3BvdmVyXzFzZXRfMWF1dG9oaWRlX0ZVTkMpOw==
1905	FRAGMENT	85883	85884	1	01ba4719c80b6fe911b091a7c05124b64eeece964e09c058ef8f9805daca546b	Cg==
1906	BLOCK_CLOSE	85884	85885	0	d10b36aa74a59bcf4a88185837f658afaf3646eff2bb16c3928d0e9335e945d2	fQ==
1907	PREPROCESSOR	85885	85893	0	626de321eb397f6600939892a0009f31bc378f7e886f9acc5ec0af18db6a99a7	CiNlbmRpZgo=
1908	PREPROCESSOR	85893	85930	0	fc9b26004d62f86ad863bdaf4d1161afbfddd4c8d7452f8b362d14ea27bb8465	CiNpZm5kZWYgTk9fZ3RrXzFwb3BvdmVyXzFzZXRfMWNoaWxkCg==
1909	FUNCTION_OPEN	85930	86044	0	27eb4b43c271e1fc1102eecfc3e96f76a7931d5e579bae4aafee380221b25550	Sk5JRVhQT1JUIHZvaWQgSk5JQ0FMTCBHVEs0X05BVElWRShndGtfMXBvcG92ZXJfMXNldF8xY2hpbGQpCgkoSk5JRW52ICplbnYsIGpjbGFzcyB0aGF0LCBqbG9uZyBhcmcwLCBqbG9uZyBhcmcxKQp7
1910	STATEMENT	86044	86106	1	c96d510f78e8bf50a5671699316b9374b37e1bdd01dafdacfe87d680649e2330	CglHVEs0X05BVElWRV9FTlRFUihlbnYsIHRoYXQsIGd0a18xcG9wb3Zlcl8xc2V0XzFjaGlsZF9GVU5DKTs=
1911	STATEMENT	86106	86169	1	f11bf3a96af3b155c63b7cb04cb63f91d00bf48b85511c1dc5e2c355abb6f283	CglndGtfcG9wb3Zlcl9zZXRfY2hpbGQoKEd0a1BvcG92ZXIgKilhcmcwLCAoR3RrV2lkZ2V0ICopYXJnMSk7
1912	STATEMENT	86169	86230	1	7ea784d0f56729ba03fbfa4711d94a15bbb09eb13537fecbe1b0d6d4320b1ec6	CglHVEs0X05BVElWRV9FWElUKGVudiwgdGhhdCwgZ3RrXzFwb3BvdmVyXzFzZXRfMWNoaWxkX0ZVTkMpOw==
1913	FRAGMENT	86230	86231	1	01ba4719c80b6fe911b091a7c05124b64eeece964e09c058ef8f9805daca546b	Cg==
1914	BLOCK_CLOSE	86231	86232	0	d10b36aa74a59bcf4a88185837f658afaf3646eff2bb16c3928d0e9335e945d2	fQ==
1915	PREPROCESSOR	86232	86240	0	626de321eb397f6600939892a0009f31bc378f7e886f9acc5ec0af18db6a99a7	CiNlbmRpZgo=
1916	PREPROCESSOR	86240	86282	0	40f6868420cabefeafd83d6cb4ce4029f682b69169debaafce12176b0b25881a	CiNpZm5kZWYgTk9fZ3RrXzFwb3BvdmVyXzFzZXRfMWhhc18xYXJyb3cK
1917	FUNCTION_OPEN	86282	86404	0	538c852f4678e5d3da05403de5963ca8ded50f5d9be01c32e798a38ff7888539	Sk5JRVhQT1JUIHZvaWQgSk5JQ0FMTCBHVEs0X05BVElWRShndGtfMXBvcG92ZXJfMXNldF8xaGFzXzFhcnJvdykKCShKTklFbnYgKmVudiwgamNsYXNzIHRoYXQsIGpsb25nIGFyZzAsIGpib29sZWFuIGFyZzEpCns=
1918	STATEMENT	86404	86471	1	32a194336ead2e77e9b5da8869bccaf5577d922e197a755ee5d0e66cbca67f1b	CglHVEs0X05BVElWRV9FTlRFUihlbnYsIHRoYXQsIGd0a18xcG9wb3Zlcl8xc2V0XzFoYXNfMWFycm93X0ZVTkMpOw==
1919	STATEMENT	86471	86525	1	bd6273dec8b35c622dcd2fa557e9773a1f3ab2bb295a36725dd4a9946b7452d1	CglndGtfcG9wb3Zlcl9zZXRfaGFzX2Fycm93KChHdGtQb3BvdmVyICopYXJnMCwgYXJnMSk7
1920	STATEMENT	86525	86591	1	8822025e49e320c6c943188ac996c9fdddb4451bf5b30005fa7fbea1a014e323	CglHVEs0X05BVElWRV9FWElUKGVudiwgdGhhdCwgZ3RrXzFwb3BvdmVyXzFzZXRfMWhhc18xYXJyb3dfRlVOQyk7
1921	FRAGMENT	86591	86592	1	01ba4719c80b6fe911b091a7c05124b64eeece964e09c058ef8f9805daca546b	Cg==
1922	BLOCK_CLOSE	86592	86593	0	d10b36aa74a59bcf4a88185837f658afaf3646eff2bb16c3928d0e9335e945d2	fQ==
1923	PREPROCESSOR	86593	86601	0	626de321eb397f6600939892a0009f31bc378f7e886f9acc5ec0af18db6a99a7	CiNlbmRpZgo=
1924	PREPROCESSOR	86601	86631	0	cce5e112d32efe177faa0a55a18478c404711339dc8e810d6ba7139cabb1164b	CiNpZm5kZWYgTk9fZ3RrXzFyZ2JfMXRvXzFoc3YK
1925	FUNCTION_OPEN	86631	86807	0	c5d2733bb4e98a44f715af52143763354da276b3f269a5fe3c0d7f902de1b08a	Sk5JRVhQT1JUIHZvaWQgSk5JQ0FMTCBHVEs0X05BVElWRShndGtfMXJnYl8xdG9fMWhzdikKCShKTklFbnYgKmVudiwgamNsYXNzIHRoYXQsIGpmbG9hdCBhcmcwLCBqZmxvYXQgYXJnMSwgamZsb2F0IGFyZzIsIGpmbG9hdEFycmF5IGFyZzMsIGpmbG9hdEFycmF5IGFyZzQsIGpmbG9hdEFycmF5IGFyZzUpCns=
1926	STATEMENT	86807	86829	1	694fea2b7429641ea2f2194479523447837280862d1c3dfcfb3d016e607b3eaa	CglqZmxvYXQgKmxwYXJnMz1OVUxMOw==
1927	STATEMENT	86829	86851	1	3073f741db6fb66321b4f4970f7e9f7aa0f6b9f1f87bb430a930b1355623a77c	CglqZmxvYXQgKmxwYXJnND1OVUxMOw==
1928	STATEMENT	86851	86873	1	0d78aa2310e4d0e87c40bdf6bc8bec780bc15277be459eebc4aba47e045bdca2	CglqZmxvYXQgKmxwYXJnNT1OVUxMOw==
1929	STATEMENT	86873	86928	1	7bf4e0bdc8a8330475fba8fb399bd70011350db82bfa19e76a47f06110469547	CglHVEs0X05BVElWRV9FTlRFUihlbnYsIHRoYXQsIGd0a18xcmdiXzF0b18xaHN2X0ZVTkMpOw==
1930	STATEMENT	86928	87021	1	ccd585004292e063500714da3faa3142e5776f090e878ef3fcafebc4a0113b98	CglpZiAoYXJnMykgaWYgKChscGFyZzMgPSAoKmVudiktPkdldEZsb2F0QXJyYXlFbGVtZW50cyhlbnYsIGFyZzMsIE5VTEwpKSA9PSBOVUxMKSBnb3RvIGZhaWw7
1931	STATEMENT	87021	87114	1	b4242105e395ba9b617f5387039ba336ba6ee03de75ac30172907edd3f317f12	CglpZiAoYXJnNCkgaWYgKChscGFyZzQgPSAoKmVudiktPkdldEZsb2F0QXJyYXlFbGVtZW50cyhlbnYsIGFyZzQsIE5VTEwpKSA9PSBOVUxMKSBnb3RvIGZhaWw7
1932	STATEMENT	87114	87207	1	f27ef1852925889c67c5b113e93bf5f9beda78920d0bc2e1079fa30520b2c7ab	CglpZiAoYXJnNSkgaWYgKChscGFyZzUgPSAoKmVudiktPkdldEZsb2F0QXJyYXlFbGVtZW50cyhlbnYsIGFyZzUsIE5VTEwpKSA9PSBOVUxMKSBnb3RvIGZhaWw7
1933	STATEMENT	87207	87293	1	9f18d0d3683afae88ba48fe40cee2d993ad966277a99efd9c7da865cf5ab4b10	CglndGtfcmdiX3RvX2hzdihhcmcwLCBhcmcxLCBhcmcyLCAoZmxvYXQgKilscGFyZzMsIChmbG9hdCAqKWxwYXJnNCwgKGZsb2F0ICopbHBhcmc1KTs=
1934	STATEMENT	87293	87377	1	9022c2eee42d650bc1ae80046a66087b2f3ce08019b3154b1286c38b1ba8c15a	CmZhaWw6CglpZiAoYXJnNSAmJiBscGFyZzUpICgqZW52KS0+UmVsZWFzZUZsb2F0QXJyYXlFbGVtZW50cyhlbnYsIGFyZzUsIGxwYXJnNSwgMCk7
1935	STATEMENT	87377	87455	1	b8dc7a86911df3e65a267a5d9cea59b7090828d8e17b1f6656a5793dbceeabbc	CglpZiAoYXJnNCAmJiBscGFyZzQpICgqZW52KS0+UmVsZWFzZUZsb2F0QXJyYXlFbGVtZW50cyhlbnYsIGFyZzQsIGxwYXJnNCwgMCk7
1936	STATEMENT	87455	87533	1	53a2fc09cb6fcd5bd6570c58fb54c069375daae84d45ccb057f2c97adfe11e03	CglpZiAoYXJnMyAmJiBscGFyZzMpICgqZW52KS0+UmVsZWFzZUZsb2F0QXJyYXlFbGVtZW50cyhlbnYsIGFyZzMsIGxwYXJnMywgMCk7
1937	STATEMENT	87533	87587	1	f05ca596b49a4a85246a8d381433a791ca367557c0dd74faa7543ebe04521429	CglHVEs0X05BVElWRV9FWElUKGVudiwgdGhhdCwgZ3RrXzFyZ2JfMXRvXzFoc3ZfRlVOQyk7
1938	FRAGMENT	87587	87588	1	01ba4719c80b6fe911b091a7c05124b64eeece964e09c058ef8f9805daca546b	Cg==
1939	BLOCK_CLOSE	87588	87589	0	d10b36aa74a59bcf4a88185837f658afaf3646eff2bb16c3928d0e9335e945d2	fQ==
1940	PREPROCESSOR	87589	87597	0	626de321eb397f6600939892a0009f31bc378f7e886f9acc5ec0af18db6a99a7	CiNlbmRpZgo=
1941	PREPROCESSOR	87597	87641	0	443893d8bd8d97568ace270a792dc0d5feb344e860e58f133a06f4cb17d0b459	CiNpZm5kZWYgTk9fZ3RrXzFzY3JvbGxiYXJfMWdldF8xYWRqdXN0bWVudAo=
1942	FUNCTION_OPEN	87641	87751	0	bef60742ebd969edd7c712b18893f5d1e1c4ec0077c01c8e3107cb6363e52a5f	Sk5JRVhQT1JUIGpsb25nIEpOSUNBTEwgR1RLNF9OQVRJVkUoZ3RrXzFzY3JvbGxiYXJfMWdldF8xYWRqdXN0bWVudCkKCShKTklFbnYgKmVudiwgamNsYXNzIHRoYXQsIGpsb25nIGFyZzApCns=
1943	STATEMENT	87751	87766	1	3411ceb5951bc52321d8d6cf00df310a159211846b0264e08db2a18b94173633	CglqbG9uZyByYyA9IDA7
1944	STATEMENT	87766	87835	1	7618a5587c1009a277862cd77de880e72c406e02fa0d9599c5630e9d0a1bfb23	CglHVEs0X05BVElWRV9FTlRFUihlbnYsIHRoYXQsIGd0a18xc2Nyb2xsYmFyXzFnZXRfMWFkanVzdG1lbnRfRlVOQyk7
1945	STATEMENT	87835	87900	1	5178afe48507dd7b66dd731aa8256a4d2d72973eaec9742a3b22ac6b32ba9517	CglyYyA9IChqbG9uZylndGtfc2Nyb2xsYmFyX2dldF9hZGp1c3RtZW50KChHdGtTY3JvbGxiYXIgKilhcmcwKTs=
1946	STATEMENT	87900	87968	1	1fb42f06d39a8743e715361d971be212d6bb88633c523b6ce0bd00e0079eb216	CglHVEs0X05BVElWRV9FWElUKGVudiwgdGhhdCwgZ3RrXzFzY3JvbGxiYXJfMWdldF8xYWRqdXN0bWVudF9GVU5DKTs=
1947	STATEMENT	87968	87980	1	a028c9c9501df4846ec72c7b4432d4a3cb499b36b781bb1c38853498151d0ba7	CglyZXR1cm4gcmM7
1948	FRAGMENT	87980	87981	1	01ba4719c80b6fe911b091a7c05124b64eeece964e09c058ef8f9805daca546b	Cg==
1949	BLOCK_CLOSE	87981	87982	0	d10b36aa74a59bcf4a88185837f658afaf3646eff2bb16c3928d0e9335e945d2	fQ==
1950	PREPROCESSOR	87982	87990	0	626de321eb397f6600939892a0009f31bc378f7e886f9acc5ec0af18db6a99a7	CiNlbmRpZgo=
1951	PREPROCESSOR	87990	88041	0	70848a12b703d4e097712ccf7fdd2f30d503c2570cd30ff24be45809006ee483	CiNpZm5kZWYgTk9fZ3RrXzFzY3JvbGxlZF8xd2luZG93XzFnZXRfMWhhc18xZnJhbWUK
1952	FUNCTION_OPEN	88041	88161	0	d3b41a8190e9805628e48f5ab5d200d66cf1f4c3334e4c29b6d9edb1fd68f5c6	Sk5JRVhQT1JUIGpib29sZWFuIEpOSUNBTEwgR1RLNF9OQVRJVkUoZ3RrXzFzY3JvbGxlZF8xd2luZG93XzFnZXRfMWhhc18xZnJhbWUpCgkoSk5JRW52ICplbnYsIGpjbGFzcyB0aGF0LCBqbG9uZyBhcmcwKQp7
1953	STATEMENT	88161	88179	1	6e389c725127046540fa228f0aca981232172a088ed5b7d88f2be6db7346caa1	CglqYm9vbGVhbiByYyA9IDA7
1954	STATEMENT	88179	88255	1	0a1b233587105945ea0cd8561ccd10e4709f1511d2864ffa2cc18a2718921914	CglHVEs0X05BVElWRV9FTlRFUihlbnYsIHRoYXQsIGd0a18xc2Nyb2xsZWRfMXdpbmRvd18xZ2V0XzFoYXNfMWZyYW1lX0ZVTkMpOw==
1955	STATEMENT	88255	88333	1	cecfbb3063d069cf8f35f313a3568cef223d61d9236e8aac98ca94693e43d43c	CglyYyA9IChqYm9vbGVhbilndGtfc2Nyb2xsZWRfd2luZG93X2dldF9oYXNfZnJhbWUoKEd0a1Njcm9sbGVkV2luZG93ICopYXJnMCk7
1956	STATEMENT	88333	88408	1	b9baff84780aea502b06c8d86e3ed2def3996efc023eeefe118f0eec2f9ab504	CglHVEs0X05BVElWRV9FWElUKGVudiwgdGhhdCwgZ3RrXzFzY3JvbGxlZF8xd2luZG93XzFnZXRfMWhhc18xZnJhbWVfRlVOQyk7
1957	STATEMENT	88408	88420	1	a028c9c9501df4846ec72c7b4432d4a3cb499b36b781bb1c38853498151d0ba7	CglyZXR1cm4gcmM7
1958	FRAGMENT	88420	88421	1	01ba4719c80b6fe911b091a7c05124b64eeece964e09c058ef8f9805daca546b	Cg==
1959	BLOCK_CLOSE	88421	88422	0	d10b36aa74a59bcf4a88185837f658afaf3646eff2bb16c3928d0e9335e945d2	fQ==
1960	PREPROCESSOR	88422	88430	0	626de321eb397f6600939892a0009f31bc378f7e886f9acc5ec0af18db6a99a7	CiNlbmRpZgo=
1961	PREPROCESSOR	88430	88469	0	1f29b27fdb632f4687e0f0f2c1461efe437b0b4613875988cd5976125ea86007	CiNpZm5kZWYgTk9fZ3RrXzFzY3JvbGxlZF8xd2luZG93XzFuZXcK
1962	FUNCTION_OPEN	88469	88562	0	c3ea651f319719c46994054154348c8e25528a5cf9892ced9ea0a234be42d897	Sk5JRVhQT1JUIGpsb25nIEpOSUNBTEwgR1RLNF9OQVRJVkUoZ3RrXzFzY3JvbGxlZF8xd2luZG93XzFuZXcpCgkoSk5JRW52ICplbnYsIGpjbGFzcyB0aGF0KQp7
1963	STATEMENT	88562	88577	1	3411ceb5951bc52321d8d6cf00df310a159211846b0264e08db2a18b94173633	CglqbG9uZyByYyA9IDA7
1964	STATEMENT	88577	88641	1	ed7e540a6abf171549807e401a0f096cae6edc2f811715b84909e23d0dc58a79	CglHVEs0X05BVElWRV9FTlRFUihlbnYsIHRoYXQsIGd0a18xc2Nyb2xsZWRfMXdpbmRvd18xbmV3X0ZVTkMpOw==
1965	STATEMENT	88641	88681	1	6d4cd468906faafc7a8b0e6baa1789d4e4bd956ce2af1d45879108417f42f2f1	CglyYyA9IChqbG9uZylndGtfc2Nyb2xsZWRfd2luZG93X25ldygpOw==
1966	STATEMENT	88681	88744	1	9d566d305133b1e99cc6228da84d64e960a9fe2e3787acb95416b755f0655813	CglHVEs0X05BVElWRV9FWElUKGVudiwgdGhhdCwgZ3RrXzFzY3JvbGxlZF8xd2luZG93XzFuZXdfRlVOQyk7
1967	STATEMENT	88744	88756	1	a028c9c9501df4846ec72c7b4432d4a3cb499b36b781bb1c38853498151d0ba7	CglyZXR1cm4gcmM7
1968	FRAGMENT	88756	88757	1	01ba4719c80b6fe911b091a7c05124b64eeece964e09c058ef8f9805daca546b	Cg==
1969	BLOCK_CLOSE	88757	88758	0	d10b36aa74a59bcf4a88185837f658afaf3646eff2bb16c3928d0e9335e945d2	fQ==
1970	PREPROCESSOR	88758	88766	0	626de321eb397f6600939892a0009f31bc378f7e886f9acc5ec0af18db6a99a7	CiNlbmRpZgo=
1971	PREPROCESSOR	88766	88812	0	a28eec04d4630b1acebddf61a66be3a0377ddc1416bbb6588ac07b624855352a	CiNpZm5kZWYgTk9fZ3RrXzFzY3JvbGxlZF8xd2luZG93XzFzZXRfMWNoaWxkCg==
1972	FUNCTION_OPEN	88812	88935	0	756539a150bb314d23e0f55bce60e80a2fdf3c3d101d5539419a34fcfd2f6243	Sk5JRVhQT1JUIHZvaWQgSk5JQ0FMTCBHVEs0X05BVElWRShndGtfMXNjcm9sbGVkXzF3aW5kb3dfMXNldF8xY2hpbGQpCgkoSk5JRW52ICplbnYsIGpjbGFzcyB0aGF0LCBqbG9uZyBhcmcwLCBqbG9uZyBhcmcxKQp7
1973	STATEMENT	88935	89006	1	c2e4da3e8e23cbcc2e19dfce6dc9316abe568ad322ab727cb6e743194c772503	CglHVEs0X05BVElWRV9FTlRFUihlbnYsIHRoYXQsIGd0a18xc2Nyb2xsZWRfMXdpbmRvd18xc2V0XzFjaGlsZF9GVU5DKTs=
1974	STATEMENT	89006	89084	1	33ac388e9143852ecc7840f1f1771535db5ff85e56bd4c00ff9133c5b298f3f4	CglndGtfc2Nyb2xsZWRfd2luZG93X3NldF9jaGlsZCgoR3RrU2Nyb2xsZWRXaW5kb3cgKilhcmcwLCAoR3RrV2lkZ2V0ICopYXJnMSk7
1975	STATEMENT	89084	89154	1	1523dc1570289ed7165fe2f346fa545d09ab14a18f929b661b9c074866807a8b	CglHVEs0X05BVElWRV9FWElUKGVudiwgdGhhdCwgZ3RrXzFzY3JvbGxlZF8xd2luZG93XzFzZXRfMWNoaWxkX0ZVTkMpOw==
1976	FRAGMENT	89154	89155	1	01ba4719c80b6fe911b091a7c05124b64eeece964e09c058ef8f9805daca546b	Cg==
1977	BLOCK_CLOSE	89155	89156	0	d10b36aa74a59bcf4a88185837f658afaf3646eff2bb16c3928d0e9335e945d2	fQ==
1978	PREPROCESSOR	89156	89164	0	626de321eb397f6600939892a0009f31bc378f7e886f9acc5ec0af18db6a99a7	CiNlbmRpZgo=
1979	PREPROCESSOR	89164	89215	0	ce40801de74e9040db2053c48b5f19f0b1e197c059e0d96639ed066bfc2d06a4	CiNpZm5kZWYgTk9fZ3RrXzFzY3JvbGxlZF8xd2luZG93XzFzZXRfMWhhc18xZnJhbWUK
1980	FUNCTION_OPEN	89215	89346	0	45ad42a97e2b89cda040ac4d6457e84cb70938f075985b514ea0a53c91c133f0	Sk5JRVhQT1JUIHZvaWQgSk5JQ0FMTCBHVEs0X05BVElWRShndGtfMXNjcm9sbGVkXzF3aW5kb3dfMXNldF8xaGFzXzFmcmFtZSkKCShKTklFbnYgKmVudiwgamNsYXNzIHRoYXQsIGpsb25nIGFyZzAsIGpib29sZWFuIGFyZzEpCns=
1981	STATEMENT	89346	89422	1	236cd219da0049a295c58ba67bb8de0493abe8cb9f2c075f605eb5362557e122	CglHVEs0X05BVElWRV9FTlRFUihlbnYsIHRoYXQsIGd0a18xc2Nyb2xsZWRfMXdpbmRvd18xc2V0XzFoYXNfMWZyYW1lX0ZVTkMpOw==
1982	STATEMENT	89422	89491	1	03b8a452a2602b9ab01da02161060a58570dbb747ccbf40a0fdca51b4d07fd35	CglndGtfc2Nyb2xsZWRfd2luZG93X3NldF9oYXNfZnJhbWUoKEd0a1Njcm9sbGVkV2luZG93ICopYXJnMCwgYXJnMSk7
1983	STATEMENT	89491	89566	1	22fba3ce67284cb20d39bd9df750fa15fc7610bde50d0d236fbbf2709cb04687	CglHVEs0X05BVElWRV9FWElUKGVudiwgdGhhdCwgZ3RrXzFzY3JvbGxlZF8xd2luZG93XzFzZXRfMWhhc18xZnJhbWVfRlVOQyk7
1984	FRAGMENT	89566	89567	1	01ba4719c80b6fe911b091a7c05124b64eeece964e09c058ef8f9805daca546b	Cg==
1985	BLOCK_CLOSE	89567	89568	0	d10b36aa74a59bcf4a88185837f658afaf3646eff2bb16c3928d0e9335e945d2	fQ==
1986	PREPROCESSOR	89568	89576	0	626de321eb397f6600939892a0009f31bc378f7e886f9acc5ec0af18db6a99a7	CiNlbmRpZgo=
1987	PREPROCESSOR	89576	89629	0	f4cb14b864b7632bb5435ec6a96ca992e0d2ce7f726f49e3dc1c28a10ff41cf7	CiNpZm5kZWYgTk9fZ3RrXzFzaG9ydGN1dF8xY29udHJvbGxlcl8xYWRkXzFzaG9ydGN1dAo=
1988	FUNCTION_OPEN	89629	89759	0	0ce4d02756ff7c1dbed04de311e4d0ee8799ee5b98268bb36e10d854caedf9f5	Sk5JRVhQT1JUIHZvaWQgSk5JQ0FMTCBHVEs0X05BVElWRShndGtfMXNob3J0Y3V0XzFjb250cm9sbGVyXzFhZGRfMXNob3J0Y3V0KQoJKEpOSUVudiAqZW52LCBqY2xhc3MgdGhhdCwgamxvbmcgYXJnMCwgamxvbmcgYXJnMSkKew==
1989	STATEMENT	89759	89837	1	058037bbbb9874f814ab1670e521096560500efb6b82843344f17ee140e91623	CglHVEs0X05BVElWRV9FTlRFUihlbnYsIHRoYXQsIGd0a18xc2hvcnRjdXRfMWNvbnRyb2xsZXJfMWFkZF8xc2hvcnRjdXRfRlVOQyk7
1990	STATEMENT	89837	89928	1	c7c73923afd4595cbef37e9e0eb1732c07ab113e0ab492015156161544b87c05	CglndGtfc2hvcnRjdXRfY29udHJvbGxlcl9hZGRfc2hvcnRjdXQoKEd0a1Nob3J0Y3V0Q29udHJvbGxlciAqKWFyZzAsIChHdGtTaG9ydGN1dCAqKWFyZzEpOw==
1991	STATEMENT	89928	90005	1	7ec5667d6ab06e03ab9968acf2a16bf33ca6179f0958396003afa87c9817ca5b	CglHVEs0X05BVElWRV9FWElUKGVudiwgdGhhdCwgZ3RrXzFzaG9ydGN1dF8xY29udHJvbGxlcl8xYWRkXzFzaG9ydGN1dF9GVU5DKTs=
1992	FRAGMENT	90005	90006	1	01ba4719c80b6fe911b091a7c05124b64eeece964e09c058ef8f9805daca546b	Cg==
1993	BLOCK_CLOSE	90006	90007	0	d10b36aa74a59bcf4a88185837f658afaf3646eff2bb16c3928d0e9335e945d2	fQ==
1994	PREPROCESSOR	90007	90015	0	626de321eb397f6600939892a0009f31bc378f7e886f9acc5ec0af18db6a99a7	CiNlbmRpZgo=
1995	PREPROCESSOR	90015	90058	0	81f3197e9b5f311aec3812856ef9caa377d427922f6232922367d7e168f2c44d	CiNpZm5kZWYgTk9fZ3RrXzFzaG9ydGN1dF8xY29udHJvbGxlcl8xbmV3Cg==
1996	FUNCTION_OPEN	90058	90155	0	bae5a6b5e7281c8dc2caad10a7d1be9770772cff6afbff5b3da48b2850b36382	Sk5JRVhQT1JUIGpsb25nIEpOSUNBTEwgR1RLNF9OQVRJVkUoZ3RrXzFzaG9ydGN1dF8xY29udHJvbGxlcl8xbmV3KQoJKEpOSUVudiAqZW52LCBqY2xhc3MgdGhhdCkKew==
1997	STATEMENT	90155	90170	1	3411ceb5951bc52321d8d6cf00df310a159211846b0264e08db2a18b94173633	CglqbG9uZyByYyA9IDA7
1998	STATEMENT	90170	90238	1	6be754518a8c77e489b63e0bf4a7d34b7e59810dbfab152b99506d52a94129c7	CglHVEs0X05BVElWRV9FTlRFUihlbnYsIHRoYXQsIGd0a18xc2hvcnRjdXRfMWNvbnRyb2xsZXJfMW5ld19GVU5DKTs=
1999	STATEMENT	90238	90282	1	93100bc476e517b6eeb5ce6eb6ec653c95c298438c6c8d3824dd615a98538d9d	CglyYyA9IChqbG9uZylndGtfc2hvcnRjdXRfY29udHJvbGxlcl9uZXcoKTs=
2000	STATEMENT	90282	90349	1	8841155564f3e8cf8598dd50f341249d3f351a8982cb871d7300d756342f3154	CglHVEs0X05BVElWRV9FWElUKGVudiwgdGhhdCwgZ3RrXzFzaG9ydGN1dF8xY29udHJvbGxlcl8xbmV3X0ZVTkMpOw==
2001	STATEMENT	90349	90361	1	a028c9c9501df4846ec72c7b4432d4a3cb499b36b781bb1c38853498151d0ba7	CglyZXR1cm4gcmM7
2002	FRAGMENT	90361	90362	1	01ba4719c80b6fe911b091a7c05124b64eeece964e09c058ef8f9805daca546b	Cg==
2003	BLOCK_CLOSE	90362	90363	0	d10b36aa74a59bcf4a88185837f658afaf3646eff2bb16c3928d0e9335e945d2	fQ==
2004	PREPROCESSOR	90363	90371	0	626de321eb397f6600939892a0009f31bc378f7e886f9acc5ec0af18db6a99a7	CiNlbmRpZgo=
2005	PREPROCESSOR	90371	90427	0	cdbc1211e7042be95a35712245c249676da47bbbe0f882eac1f89bb24b1e27e2	CiNpZm5kZWYgTk9fZ3RrXzFzaG9ydGN1dF8xY29udHJvbGxlcl8xcmVtb3ZlXzFzaG9ydGN1dAo=
2006	FUNCTION_OPEN	90427	90560	0	8ab2272f7818afffbf938bb291e44f782a6744f8b2d924874ac75182c248a244	Sk5JRVhQT1JUIHZvaWQgSk5JQ0FMTCBHVEs0X05BVElWRShndGtfMXNob3J0Y3V0XzFjb250cm9sbGVyXzFyZW1vdmVfMXNob3J0Y3V0KQoJKEpOSUVudiAqZW52LCBqY2xhc3MgdGhhdCwgamxvbmcgYXJnMCwgamxvbmcgYXJnMSkKew==
2007	STATEMENT	90560	90641	1	942d5848b91d4a93dc1382a16f1b7acee6ea8baccac9266a01915adc9a14f5e4	CglHVEs0X05BVElWRV9FTlRFUihlbnYsIHRoYXQsIGd0a18xc2hvcnRjdXRfMWNvbnRyb2xsZXJfMXJlbW92ZV8xc2hvcnRjdXRfRlVOQyk7
2008	STATEMENT	90641	90735	1	200dd30d30a277cb685203b6ca5453dfc8f234097a5730f3357e57886b18717c	CglndGtfc2hvcnRjdXRfY29udHJvbGxlcl9yZW1vdmVfc2hvcnRjdXQoKEd0a1Nob3J0Y3V0Q29udHJvbGxlciAqKWFyZzAsIChHdGtTaG9ydGN1dCAqKWFyZzEpOw==
2009	STATEMENT	90735	90815	1	f1aa5b88d17104c26b2e15ac253eb9d61520fe0c56cde391c7aa706979e412eb	CglHVEs0X05BVElWRV9FWElUKGVudiwgdGhhdCwgZ3RrXzFzaG9ydGN1dF8xY29udHJvbGxlcl8xcmVtb3ZlXzFzaG9ydGN1dF9GVU5DKTs=
2010	FRAGMENT	90815	90816	1	01ba4719c80b6fe911b091a7c05124b64eeece964e09c058ef8f9805daca546b	Cg==
2011	BLOCK_CLOSE	90816	90817	0	d10b36aa74a59bcf4a88185837f658afaf3646eff2bb16c3928d0e9335e945d2	fQ==
2012	PREPROCESSOR	90817	90825	0	626de321eb397f6600939892a0009f31bc378f7e886f9acc5ec0af18db6a99a7	CiNlbmRpZgo=
2013	PREPROCESSOR	90825	90875	0	963a7cf3f9796dbf0c6fe545fdb639b4e7bf121c18f73ce4f91152b3d3a9a752	CiNpZm5kZWYgTk9fZ3RrXzFzaG9ydGN1dF8xY29udHJvbGxlcl8xc2V0XzFzY29wZQo=
2014	FUNCTION_OPEN	90875	91001	0	e40470d3401c6a117829d7b8585e550714bb7aa817fcd18d3da620c522ee6246	Sk5JRVhQT1JUIHZvaWQgSk5JQ0FMTCBHVEs0X05BVElWRShndGtfMXNob3J0Y3V0XzFjb250cm9sbGVyXzFzZXRfMXNjb3BlKQoJKEpOSUVudiAqZW52LCBqY2xhc3MgdGhhdCwgamxvbmcgYXJnMCwgamludCBhcmcxKQp7
2015	STATEMENT	91001	91076	1	1b659decdaf80fc8c44df23634f18ab3333d744b10c7588640433d7c72f071f6	CglHVEs0X05BVElWRV9FTlRFUihlbnYsIHRoYXQsIGd0a18xc2hvcnRjdXRfMWNvbnRyb2xsZXJfMXNldF8xc2NvcGVfRlVOQyk7
2016	STATEMENT	91076	91167	1	df728d70e4a9c1af8618ae5905a86521bd2531c53fffd3e2603837194360c0e2	CglndGtfc2hvcnRjdXRfY29udHJvbGxlcl9zZXRfc2NvcGUoKEd0a1Nob3J0Y3V0Q29udHJvbGxlciAqKWFyZzAsIChHdGtTaG9ydGN1dFNjb3BlKWFyZzEpOw==
2017	STATEMENT	91167	91241	1	2a0700ea653aae8fb7de32d2d308c5e4f967cd4e10b4d350eb50714ac473580b	CglHVEs0X05BVElWRV9FWElUKGVudiwgdGhhdCwgZ3RrXzFzaG9ydGN1dF8xY29udHJvbGxlcl8xc2V0XzFzY29wZV9GVU5DKTs=
2018	FRAGMENT	91241	91242	1	01ba4719c80b6fe911b091a7c05124b64eeece964e09c058ef8f9805daca546b	Cg==
2019	BLOCK_CLOSE	91242	91243	0	d10b36aa74a59bcf4a88185837f658afaf3646eff2bb16c3928d0e9335e945d2	fQ==
2020	PREPROCESSOR	91243	91251	0	626de321eb397f6600939892a0009f31bc378f7e886f9acc5ec0af18db6a99a7	CiNlbmRpZgo=
2021	PREPROCESSOR	91251	91282	0	48d350715a18abe1234396542a0e371265c76c3c949db1e406bdee1a65cbc0c8	CiNpZm5kZWYgTk9fZ3RrXzFzaG9ydGN1dF8xbmV3Cg==
2022	FUNCTION_OPEN	91282	91391	0	bbdad1e0c69ea68b15aff83852e5f9a8d598f4cb3bce4498a549b84695ac63d0	Sk5JRVhQT1JUIGpsb25nIEpOSUNBTEwgR1RLNF9OQVRJVkUoZ3RrXzFzaG9ydGN1dF8xbmV3KQoJKEpOSUVudiAqZW52LCBqY2xhc3MgdGhhdCwgamxvbmcgYXJnMCwgamxvbmcgYXJnMSkKew==
2023	STATEMENT	91391	91406	1	3411ceb5951bc52321d8d6cf00df310a159211846b0264e08db2a18b94173633	CglqbG9uZyByYyA9IDA7
2024	STATEMENT	91406	91462	1	5c45ba3030a1fc8845ba4b1c2fed914ff790a01a9e91edec3af269733386aec4	CglHVEs0X05BVElWRV9FTlRFUihlbnYsIHRoYXQsIGd0a18xc2hvcnRjdXRfMW5ld19GVU5DKTs=
2025	STATEMENT	91462	91548	1	84a5c40a3ade2608dc971eeea7878b432f57c2f12a0d01e601c003aeaaa39a82	CglyYyA9IChqbG9uZylndGtfc2hvcnRjdXRfbmV3KChHdGtTaG9ydGN1dFRyaWdnZXIgKilhcmcwLCAoR3RrU2hvcnRjdXRBY3Rpb24gKilhcmcxKTs=
2026	STATEMENT	91548	91603	1	77102b5a8f4729e2ad5a16ab3b99213c982310697d70e6178aa4a5a886788cad	CglHVEs0X05BVElWRV9FWElUKGVudiwgdGhhdCwgZ3RrXzFzaG9ydGN1dF8xbmV3X0ZVTkMpOw==
2027	STATEMENT	91603	91615	1	a028c9c9501df4846ec72c7b4432d4a3cb499b36b781bb1c38853498151d0ba7	CglyZXR1cm4gcmM7
2028	FRAGMENT	91615	91616	1	01ba4719c80b6fe911b091a7c05124b64eeece964e09c058ef8f9805daca546b	Cg==
2029	BLOCK_CLOSE	91616	91617	0	d10b36aa74a59bcf4a88185837f658afaf3646eff2bb16c3928d0e9335e945d2	fQ==
2030	PREPROCESSOR	91617	91625	0	626de321eb397f6600939892a0009f31bc378f7e886f9acc5ec0af18db6a99a7	CiNlbmRpZgo=
2031	PREPROCESSOR	91625	91667	0	4e9239219d2c511dbaddcda3f4996212a3fe124eeb4daad4486f3d01488d9ebf	CiNpZm5kZWYgTk9fZ3RrXzFzaXplXzFncm91cF8xYWRkXzF3aWRnZXQK
2032	FUNCTION_OPEN	91667	91786	0	5b2246b8467e93704330a8b7bd7cf203538afa4844a0cc54baddb76c20b7ab22	Sk5JRVhQT1JUIHZvaWQgSk5JQ0FMTCBHVEs0X05BVElWRShndGtfMXNpemVfMWdyb3VwXzFhZGRfMXdpZGdldCkKCShKTklFbnYgKmVudiwgamNsYXNzIHRoYXQsIGpsb25nIGFyZzAsIGpsb25nIGFyZzEpCns=
2033	STATEMENT	91786	91853	1	7ae47023ef2d2bda7181b66d7106a5357489da5299a4533c8316a8f7f7f8dad5	CglHVEs0X05BVElWRV9FTlRFUihlbnYsIHRoYXQsIGd0a18xc2l6ZV8xZ3JvdXBfMWFkZF8xd2lkZ2V0X0ZVTkMpOw==
2034	STATEMENT	91853	91922	1	f1939665e53333dbafb1b61b557e386c92746bcf1355266dfaa131dae16e7486	CglndGtfc2l6ZV9ncm91cF9hZGRfd2lkZ2V0KChHdGtTaXplR3JvdXAgKilhcmcwLCAoR3RrV2lkZ2V0ICopYXJnMSk7
2035	STATEMENT	91922	91988	1	3afc05765e332d3f8c21ccb1059ef0d9fc59f8d2298b9a0ce598d20f79d6f2f3	CglHVEs0X05BVElWRV9FWElUKGVudiwgdGhhdCwgZ3RrXzFzaXplXzFncm91cF8xYWRkXzF3aWRnZXRfRlVOQyk7
2036	FRAGMENT	91988	91989	1	01ba4719c80b6fe911b091a7c05124b64eeece964e09c058ef8f9805daca546b	Cg==
2037	BLOCK_CLOSE	91989	91990	0	d10b36aa74a59bcf4a88185837f658afaf3646eff2bb16c3928d0e9335e945d2	fQ==
2038	PREPROCESSOR	91990	91998	0	626de321eb397f6600939892a0009f31bc378f7e886f9acc5ec0af18db6a99a7	CiNlbmRpZgo=
2039	PREPROCESSOR	91998	92032	0	3efb2a4dd17f4a6f1d3302c20a111d2b5395c90f664c76918d2f864452ba1ee4	CiNpZm5kZWYgTk9fZ3RrXzFzaXplXzFncm91cF8xbmV3Cg==
2040	FUNCTION_OPEN	92032	92131	0	6c892425403dc59afe96684f5e4555356b36e64ad2f75e9e54d3d09450a15871	Sk5JRVhQT1JUIGpsb25nIEpOSUNBTEwgR1RLNF9OQVRJVkUoZ3RrXzFzaXplXzFncm91cF8xbmV3KQoJKEpOSUVudiAqZW52LCBqY2xhc3MgdGhhdCwgamludCBhcmcwKQp7
2041	STATEMENT	92131	92146	1	3411ceb5951bc52321d8d6cf00df310a159211846b0264e08db2a18b94173633	CglqbG9uZyByYyA9IDA7
2042	STATEMENT	92146	92205	1	08e71aab8534a21d00ffb9cb907c350178326796f957ad11b9fef244d2a686df	CglHVEs0X05BVElWRV9FTlRFUihlbnYsIHRoYXQsIGd0a18xc2l6ZV8xZ3JvdXBfMW5ld19GVU5DKTs=
2043	STATEMENT	92205	92262	1	dfde7e89844663c814995f9eb69d4bb63b7f2c542f59631d72fe3632a25cc0d1	CglyYyA9IChqbG9uZylndGtfc2l6ZV9ncm91cF9uZXcoKEd0a1NpemVHcm91cE1vZGUpYXJnMCk7
2044	STATEMENT	92262	92320	1	13f4a779c22a0136cf6401ef6bfab7b636f367d86f156394f66c6bddd81d3c02	CglHVEs0X05BVElWRV9FWElUKGVudiwgdGhhdCwgZ3RrXzFzaXplXzFncm91cF8xbmV3X0ZVTkMpOw==
2045	STATEMENT	92320	92332	1	a028c9c9501df4846ec72c7b4432d4a3cb499b36b781bb1c38853498151d0ba7	CglyZXR1cm4gcmM7
2046	FRAGMENT	92332	92333	1	01ba4719c80b6fe911b091a7c05124b64eeece964e09c058ef8f9805daca546b	Cg==
2047	BLOCK_CLOSE	92333	92334	0	d10b36aa74a59bcf4a88185837f658afaf3646eff2bb16c3928d0e9335e945d2	fQ==
2048	PREPROCESSOR	92334	92342	0	626de321eb397f6600939892a0009f31bc378f7e886f9acc5ec0af18db6a99a7	CiNlbmRpZgo=
2049	PREPROCESSOR	92342	92383	0	19988d45620aac1a4f36ed0aae8a855fba02a82d515b1365c7a3fb8a503d654f	CiNpZm5kZWYgTk9fZ3RrXzFzbmFwc2hvdF8xYXBwZW5kXzFjYWlybwo=
2050	FUNCTION_OPEN	92383	92502	0	1208d17e7478144ac44ba0f427477cf0cbbbfb455b1f148e720fc2336c4fa132	Sk5JRVhQT1JUIGpsb25nIEpOSUNBTEwgR1RLNF9OQVRJVkUoZ3RrXzFzbmFwc2hvdF8xYXBwZW5kXzFjYWlybykKCShKTklFbnYgKmVudiwgamNsYXNzIHRoYXQsIGpsb25nIGFyZzAsIGpsb25nIGFyZzEpCns=
2051	STATEMENT	92502	92517	1	3411ceb5951bc52321d8d6cf00df310a159211846b0264e08db2a18b94173633	CglqbG9uZyByYyA9IDA7
2052	STATEMENT	92517	92583	1	73cbafba3d34403d7ddb5f7661bba34c2ee619b5b342a671789a6ecc85481c75	CglHVEs0X05BVElWRV9FTlRFUihlbnYsIHRoYXQsIGd0a18xc25hcHNob3RfMWFwcGVuZF8xY2Fpcm9fRlVOQyk7
2053	STATEMENT	92583	92675	1	54cd0c7a8e4e3a9d3af69715fab751a19e2718821359b62edfe45d9e5b470a75	CglyYyA9IChqbG9uZylndGtfc25hcHNob3RfYXBwZW5kX2NhaXJvKChHdGtTbmFwc2hvdCAqKWFyZzAsIChjb25zdCBncmFwaGVuZV9yZWN0X3QgKilhcmcxKTs=
2054	STATEMENT	92675	92740	1	19cabcae5ac952767ba7d81de63716d06246666764150fa1a0ec87ae558363d6	CglHVEs0X05BVElWRV9FWElUKGVudiwgdGhhdCwgZ3RrXzFzbmFwc2hvdF8xYXBwZW5kXzFjYWlyb19GVU5DKTs=
2055	STATEMENT	92740	92752	1	a028c9c9501df4846ec72c7b4432d4a3cb499b36b781bb1c38853498151d0ba7	CglyZXR1cm4gcmM7
2056	FRAGMENT	92752	92753	1	01ba4719c80b6fe911b091a7c05124b64eeece964e09c058ef8f9805daca546b	Cg==
2057	BLOCK_CLOSE	92753	92754	0	d10b36aa74a59bcf4a88185837f658afaf3646eff2bb16c3928d0e9335e945d2	fQ==
2058	PREPROCESSOR	92754	92762	0	626de321eb397f6600939892a0009f31bc378f7e886f9acc5ec0af18db6a99a7	CiNlbmRpZgo=
2059	PREPROCESSOR	92762	92804	0	40e9fb4ea3436e78fda5942b342152f6f8d33423726a38e333cbc81b450884ba	CiNpZm5kZWYgTk9fZ3RrXzFzbmFwc2hvdF8xZnJlZV8xdG9fMW5vZGUK
2060	FUNCTION_OPEN	92804	92912	0	b66c1d5ada5918f2bc0b419fe16ecffc10ee74158d7ea5972a3afe0eca654ca8	Sk5JRVhQT1JUIGpsb25nIEpOSUNBTEwgR1RLNF9OQVRJVkUoZ3RrXzFzbmFwc2hvdF8xZnJlZV8xdG9fMW5vZGUpCgkoSk5JRW52ICplbnYsIGpjbGFzcyB0aGF0LCBqbG9uZyBhcmcwKQp7
2061	STATEMENT	92912	92927	1	3411ceb5951bc52321d8d6cf00df310a159211846b0264e08db2a18b94173633	CglqbG9uZyByYyA9IDA7
2062	STATEMENT	92927	92994	1	32d8cdbc8d3951b6226d470ce5cc4931f891d9868802e337b21fa7e884512314	CglHVEs0X05BVElWRV9FTlRFUihlbnYsIHRoYXQsIGd0a18xc25hcHNob3RfMWZyZWVfMXRvXzFub2RlX0ZVTkMpOw==
2063	STATEMENT	92994	93055	1	6869cc25059ee563337455d45e85cebe3a691eab2903182437fb866d3fc4e49a	CglyYyA9IChqbG9uZylndGtfc25hcHNob3RfZnJlZV90b19ub2RlKChHdGtTbmFwc2hvdCAqKWFyZzApOw==
2064	STATEMENT	93055	93121	1	78c4cbc4a3263f83d01aac00edab744307ccd233b37c3a1d6cbc194a442f5857	CglHVEs0X05BVElWRV9FWElUKGVudiwgdGhhdCwgZ3RrXzFzbmFwc2hvdF8xZnJlZV8xdG9fMW5vZGVfRlVOQyk7
2065	STATEMENT	93121	93133	1	a028c9c9501df4846ec72c7b4432d4a3cb499b36b781bb1c38853498151d0ba7	CglyZXR1cm4gcmM7
2066	FRAGMENT	93133	93134	1	01ba4719c80b6fe911b091a7c05124b64eeece964e09c058ef8f9805daca546b	Cg==
2067	BLOCK_CLOSE	93134	93135	0	d10b36aa74a59bcf4a88185837f658afaf3646eff2bb16c3928d0e9335e945d2	fQ==
2068	PREPROCESSOR	93135	93143	0	626de321eb397f6600939892a0009f31bc378f7e886f9acc5ec0af18db6a99a7	CiNlbmRpZgo=
2069	PREPROCESSOR	93143	93174	0	81143f9797e4f83fb55da66fa945b669743fb77072010a1cb74180347fc320f3	CiNpZm5kZWYgTk9fZ3RrXzFzbmFwc2hvdF8xbmV3Cg==
2070	FUNCTION_OPEN	93174	93259	0	5dfa87c05a221c1afc6b3e53353fb1557d6e6f25c3d70502ab7871d3076091ff	Sk5JRVhQT1JUIGpsb25nIEpOSUNBTEwgR1RLNF9OQVRJVkUoZ3RrXzFzbmFwc2hvdF8xbmV3KQoJKEpOSUVudiAqZW52LCBqY2xhc3MgdGhhdCkKew==
2071	STATEMENT	93259	93274	1	3411ceb5951bc52321d8d6cf00df310a159211846b0264e08db2a18b94173633	CglqbG9uZyByYyA9IDA7
2072	STATEMENT	93274	93330	1	195715a4c22fa418141f7155bc995f1cec155f4839e23a36d2767d642b430ff9	CglHVEs0X05BVElWRV9FTlRFUihlbnYsIHRoYXQsIGd0a18xc25hcHNob3RfMW5ld19GVU5DKTs=
2073	STATEMENT	93330	93363	1	1ea30230e9fc53c3143de7d0652dcdc4a6f4e1e3a1737f2f4521d8fe9077c955	CglyYyA9IChqbG9uZylndGtfc25hcHNob3RfbmV3KCk7
2074	STATEMENT	93363	93418	1	7820186fbb2d175ef00bda72c64757a0a450beaaaaeb6ba006c3993053473b5d	CglHVEs0X05BVElWRV9FWElUKGVudiwgdGhhdCwgZ3RrXzFzbmFwc2hvdF8xbmV3X0ZVTkMpOw==
2075	STATEMENT	93418	93430	1	a028c9c9501df4846ec72c7b4432d4a3cb499b36b781bb1c38853498151d0ba7	CglyZXR1cm4gcmM7
2076	FRAGMENT	93430	93431	1	01ba4719c80b6fe911b091a7c05124b64eeece964e09c058ef8f9805daca546b	Cg==
2077	BLOCK_CLOSE	93431	93432	0	d10b36aa74a59bcf4a88185837f658afaf3646eff2bb16c3928d0e9335e945d2	fQ==
2078	PREPROCESSOR	93432	93440	0	626de321eb397f6600939892a0009f31bc378f7e886f9acc5ec0af18db6a99a7	CiNlbmRpZgo=
2079	PREPROCESSOR	93440	93501	0	ff3035ebdf8e791b6cfde48776687397fcbfd39e3bb9d50c5523a6a2186da29e	CiNpZm5kZWYgTk9fZ3RrXzFzdHlsZV8xY29udGV4dF8xYWRkXzFwcm92aWRlcl8xZm9yXzFkaXNwbGF5Cg==
2080	FUNCTION_OPEN	93501	93650	0	ed23e0386479ef56eb0f4c558116a793292b7a28f48cf6ff3c5058a6a85d37a2	Sk5JRVhQT1JUIHZvaWQgSk5JQ0FMTCBHVEs0X05BVElWRShndGtfMXN0eWxlXzFjb250ZXh0XzFhZGRfMXByb3ZpZGVyXzFmb3JfMWRpc3BsYXkpCgkoSk5JRW52ICplbnYsIGpjbGFzcyB0aGF0LCBqbG9uZyBhcmcwLCBqbG9uZyBhcmcxLCBqaW50IGFyZzIpCns=
2081	STATEMENT	93650	93736	1	2def6b9bc251c02479fa1e2aa319c20bbb690bde178b0313307e45a0032e1f33	CglHVEs0X05BVElWRV9FTlRFUihlbnYsIHRoYXQsIGd0a18xc3R5bGVfMWNvbnRleHRfMWFkZF8xcHJvdmlkZXJfMWZvcl8xZGlzcGxheV9GVU5DKTs=
2082	STATEMENT	93736	93840	1	a1266c4e19bf342ec9ef3971adc3627881977ebc50ab13c869409bd3fcd500ed	CglndGtfc3R5bGVfY29udGV4dF9hZGRfcHJvdmlkZXJfZm9yX2Rpc3BsYXkoKEdka0Rpc3BsYXkgKilhcmcwLCAoR3RrU3R5bGVQcm92aWRlciAqKWFyZzEsIChndWludClhcmcyKTs=
2083	STATEMENT	93840	93925	1	7c1af08a2ef9663f6d4b3e24e66c6a2b74376a87cea41dabbd2148a4fbc0c7fe	CglHVEs0X05BVElWRV9FWElUKGVudiwgdGhhdCwgZ3RrXzFzdHlsZV8xY29udGV4dF8xYWRkXzFwcm92aWRlcl8xZm9yXzFkaXNwbGF5X0ZVTkMpOw==
2084	FRAGMENT	93925	93926	1	01ba4719c80b6fe911b091a7c05124b64eeece964e09c058ef8f9805daca546b	Cg==
2085	BLOCK_CLOSE	93926	93927	0	d10b36aa74a59bcf4a88185837f658afaf3646eff2bb16c3928d0e9335e945d2	fQ==
2086	PREPROCESSOR	93927	93935	0	626de321eb397f6600939892a0009f31bc378f7e886f9acc5ec0af18db6a99a7	CiNlbmRpZgo=
2087	PREPROCESSOR	93935	93980	0	0ddf22f59702be492ada1bc3d70204bb5c68311a33bc04f86fa730d4b41e76f3	CiNpZm5kZWYgTk9fZ3RrXzFzdHlsZV8xY29udGV4dF8xZ2V0XzFib3JkZXIK
2088	FUNCTION_OPEN	93980	94104	0	0d70751122449340176fa14e098932062dabc17d37591f3a694ae9b2feea9229	Sk5JRVhQT1JUIHZvaWQgSk5JQ0FMTCBHVEs0X05BVElWRShndGtfMXN0eWxlXzFjb250ZXh0XzFnZXRfMWJvcmRlcikKCShKTklFbnYgKmVudiwgamNsYXNzIHRoYXQsIGpsb25nIGFyZzAsIGpvYmplY3QgYXJnMSkKew==
2089	STATEMENT	94104	94136	1	e9eaf6747a61bd3bd5fa642f5575c99e748c79b8e3f4a6c24947b2e4f43e40b7	CglHdGtCb3JkZXIgX2FyZzEsICpscGFyZzE9TlVMTDs=
2090	STATEMENT	94136	94206	1	39de33f9ae6b1c81032073fc87c5bed97fbe9c421043850f24ca3c74ec96c075	CglHVEs0X05BVElWRV9FTlRFUihlbnYsIHRoYXQsIGd0a18xc3R5bGVfMWNvbnRleHRfMWdldF8xYm9yZGVyX0ZVTkMpOw==
2091	STATEMENT	94206	94259	1	ef6d95c86d2caec068377a27503d22d9f9a62f1923700d2f92b880b93e67d421	CglpZiAoYXJnMSkgaWYgKChscGFyZzEgPSAmX2FyZzEpID09IE5VTEwpIGdvdG8gZmFpbDs=
2092	STATEMENT	94259	94336	1	b663f418759934189db14baa8fc43cc1e840cbed615674c05a3d7ca53385ab7f	CglndGtfc3R5bGVfY29udGV4dF9nZXRfYm9yZGVyKChHdGtTdHlsZUNvbnRleHQgKilhcmcwLCAoR3RrQm9yZGVyICopbHBhcmcxKTs=
2093	STATEMENT	94336	94402	1	492defe654b47bce97d872c504ed8cf042b6f8d6834d99e5f7b6ab5e4e62a1fa	CmZhaWw6CglpZiAoYXJnMSAmJiBscGFyZzEpIHNldEd0a0JvcmRlckZpZWxkcyhlbnYsIGFyZzEsIGxwYXJnMSk7
2094	STATEMENT	94402	94471	1	7118ef1e2b281b436d358f4297a28876ceeb28b6afd7e506ba1ae163298820b2	CglHVEs0X05BVElWRV9FWElUKGVudiwgdGhhdCwgZ3RrXzFzdHlsZV8xY29udGV4dF8xZ2V0XzFib3JkZXJfRlVOQyk7
2095	FRAGMENT	94471	94472	1	01ba4719c80b6fe911b091a7c05124b64eeece964e09c058ef8f9805daca546b	Cg==
2096	BLOCK_CLOSE	94472	94473	0	d10b36aa74a59bcf4a88185837f658afaf3646eff2bb16c3928d0e9335e945d2	fQ==
2097	PREPROCESSOR	94473	94481	0	626de321eb397f6600939892a0009f31bc378f7e886f9acc5ec0af18db6a99a7	CiNlbmRpZgo=
2098	PREPROCESSOR	94481	94525	0	159ae671ccd80891fab8d49c68fa46d24a22d4133576511951f2ef4f68da4043	CiNpZm5kZWYgTk9fZ3RrXzFzdHlsZV8xY29udGV4dF8xZ2V0XzFjb2xvcgo=
2099	FUNCTION_OPEN	94525	94648	0	92f3d487dc5acd559b2937a0910b39c83b8feb3043379b8f5524ed5624a7af75	Sk5JRVhQT1JUIHZvaWQgSk5JQ0FMTCBHVEs0X05BVElWRShndGtfMXN0eWxlXzFjb250ZXh0XzFnZXRfMWNvbG9yKQoJKEpOSUVudiAqZW52LCBqY2xhc3MgdGhhdCwgamxvbmcgYXJnMCwgam9iamVjdCBhcmcxKQp7
2100	STATEMENT	94648	94678	1	2f3bde667efc004b477661d969230645bf2da100d6a3fba4840c3365c35f5ee4	CglHZGtSR0JBIF9hcmcxLCAqbHBhcmcxPU5VTEw7
2101	STATEMENT	94678	94747	1	6418077ffb7dc62397fa066d0fcd9654218cd1e3f3ace62bfd6cce3406835a8e	CglHVEs0X05BVElWRV9FTlRFUihlbnYsIHRoYXQsIGd0a18xc3R5bGVfMWNvbnRleHRfMWdldF8xY29sb3JfRlVOQyk7
2102	STATEMENT	94747	94829	1	edf0e6023f6d588e8ae8229e3ba4729903f9c71aa4ebf73cc0393324706b51c5	CglpZiAoYXJnMSkgaWYgKChscGFyZzEgPSBnZXRHZGtSR0JBRmllbGRzKGVudiwgYXJnMSwgJl9hcmcxKSkgPT0gTlVMTCkgZ290byBmYWlsOw==
2103	STATEMENT	94829	94903	1	2a28b385355572b87906af21a2962305be5eef978ed894b05c574e1f98281d24	CglndGtfc3R5bGVfY29udGV4dF9nZXRfY29sb3IoKEd0a1N0eWxlQ29udGV4dCAqKWFyZzAsIChHZGtSR0JBICopbHBhcmcxKTs=
2104	STATEMENT	94903	94967	1	4f7dcd1b75d1949848f3f46d3e66dc4c6cfd1243f1dccd359050546d120d1b4c	CmZhaWw6CglpZiAoYXJnMSAmJiBscGFyZzEpIHNldEdka1JHQkFGaWVsZHMoZW52LCBhcmcxLCBscGFyZzEpOw==
2105	STATEMENT	94967	95035	1	c574c483e80b8b673a4a37de8e3a77dd313db2041747a6203fb76889fdfced8b	CglHVEs0X05BVElWRV9FWElUKGVudiwgdGhhdCwgZ3RrXzFzdHlsZV8xY29udGV4dF8xZ2V0XzFjb2xvcl9GVU5DKTs=
2106	FRAGMENT	95035	95036	1	01ba4719c80b6fe911b091a7c05124b64eeece964e09c058ef8f9805daca546b	Cg==
2107	BLOCK_CLOSE	95036	95037	0	d10b36aa74a59bcf4a88185837f658afaf3646eff2bb16c3928d0e9335e945d2	fQ==
2108	PREPROCESSOR	95037	95045	0	626de321eb397f6600939892a0009f31bc378f7e886f9acc5ec0af18db6a99a7	CiNlbmRpZgo=
2109	PREPROCESSOR	95045	95090	0	411bc6277f148a8c5c26f2f3cb1920504660b0da826c20b3541a7d60fe8086e4	CiNpZm5kZWYgTk9fZ3RrXzFzdHlsZV8xY29udGV4dF8xZ2V0XzFtYXJnaW4K
2110	FUNCTION_OPEN	95090	95214	0	744ab84c0e8bcd9e8cd33310ec5f30a831bbc9a947cca89c7e4f86662652d3aa	Sk5JRVhQT1JUIHZvaWQgSk5JQ0FMTCBHVEs0X05BVElWRShndGtfMXN0eWxlXzFjb250ZXh0XzFnZXRfMW1hcmdpbikKCShKTklFbnYgKmVudiwgamNsYXNzIHRoYXQsIGpsb25nIGFyZzAsIGpvYmplY3QgYXJnMSkKew==
2111	STATEMENT	95214	95246	1	e9eaf6747a61bd3bd5fa642f5575c99e748c79b8e3f4a6c24947b2e4f43e40b7	CglHdGtCb3JkZXIgX2FyZzEsICpscGFyZzE9TlVMTDs=
2112	STATEMENT	95246	95316	1	6b62a0158670bbaa8b52217ed4ac43e2d183eb3246e98674561e663c1019bfcc	CglHVEs0X05BVElWRV9FTlRFUihlbnYsIHRoYXQsIGd0a18xc3R5bGVfMWNvbnRleHRfMWdldF8xbWFyZ2luX0ZVTkMpOw==
2113	STATEMENT	95316	95369	1	ef6d95c86d2caec068377a27503d22d9f9a62f1923700d2f92b880b93e67d421	CglpZiAoYXJnMSkgaWYgKChscGFyZzEgPSAmX2FyZzEpID09IE5VTEwpIGdvdG8gZmFpbDs=
2114	STATEMENT	95369	95446	1	e5b97d0623d97206ce75133068feaafd6262c842d57c3248b450d739038e4e9c	CglndGtfc3R5bGVfY29udGV4dF9nZXRfbWFyZ2luKChHdGtTdHlsZUNvbnRleHQgKilhcmcwLCAoR3RrQm9yZGVyICopbHBhcmcxKTs=
2115	STATEMENT	95446	95512	1	492defe654b47bce97d872c504ed8cf042b6f8d6834d99e5f7b6ab5e4e62a1fa	CmZhaWw6CglpZiAoYXJnMSAmJiBscGFyZzEpIHNldEd0a0JvcmRlckZpZWxkcyhlbnYsIGFyZzEsIGxwYXJnMSk7
2116	STATEMENT	95512	95581	1	060a778987d94480502f94172705e57387d0731c08d73af6605c53b0923bf3c7	CglHVEs0X05BVElWRV9FWElUKGVudiwgdGhhdCwgZ3RrXzFzdHlsZV8xY29udGV4dF8xZ2V0XzFtYXJnaW5fRlVOQyk7
2117	FRAGMENT	95581	95582	1	01ba4719c80b6fe911b091a7c05124b64eeece964e09c058ef8f9805daca546b	Cg==
2118	BLOCK_CLOSE	95582	95583	0	d10b36aa74a59bcf4a88185837f658afaf3646eff2bb16c3928d0e9335e945d2	fQ==
2119	PREPROCESSOR	95583	95591	0	626de321eb397f6600939892a0009f31bc378f7e886f9acc5ec0af18db6a99a7	CiNlbmRpZgo=
2120	PREPROCESSOR	95591	95637	0	f7852a542e38c8d3a4381bde11665b15b85485b2d9e2fc8b63ce1433029fd6e2	CiNpZm5kZWYgTk9fZ3RrXzFzdHlsZV8xY29udGV4dF8xZ2V0XzFwYWRkaW5nCg==
2121	FUNCTION_OPEN	95637	95762	0	563ed82a823aac27a13a2424e8370f6fb64100a24a5e9cc3a583e6d181adffc1	Sk5JRVhQT1JUIHZvaWQgSk5JQ0FMTCBHVEs0X05BVElWRShndGtfMXN0eWxlXzFjb250ZXh0XzFnZXRfMXBhZGRpbmcpCgkoSk5JRW52ICplbnYsIGpjbGFzcyB0aGF0LCBqbG9uZyBhcmcwLCBqb2JqZWN0IGFyZzEpCns=
2122	STATEMENT	95762	95794	1	e9eaf6747a61bd3bd5fa642f5575c99e748c79b8e3f4a6c24947b2e4f43e40b7	CglHdGtCb3JkZXIgX2FyZzEsICpscGFyZzE9TlVMTDs=
2123	STATEMENT	95794	95865	1	1ed46cbd8436dc17fa86656400ec6663dac267aad29e6f009f1d5eeb9b28ad0d	CglHVEs0X05BVElWRV9FTlRFUihlbnYsIHRoYXQsIGd0a18xc3R5bGVfMWNvbnRleHRfMWdldF8xcGFkZGluZ19GVU5DKTs=
2124	STATEMENT	95865	95918	1	ef6d95c86d2caec068377a27503d22d9f9a62f1923700d2f92b880b93e67d421	CglpZiAoYXJnMSkgaWYgKChscGFyZzEgPSAmX2FyZzEpID09IE5VTEwpIGdvdG8gZmFpbDs=
2125	STATEMENT	95918	95996	1	e8c5565a335efafd56f7785cb3d15c3e8b1409cdab0b7a06d1c0fe8a42083099	CglndGtfc3R5bGVfY29udGV4dF9nZXRfcGFkZGluZygoR3RrU3R5bGVDb250ZXh0ICopYXJnMCwgKEd0a0JvcmRlciAqKWxwYXJnMSk7
2126	STATEMENT	95996	96062	1	492defe654b47bce97d872c504ed8cf042b6f8d6834d99e5f7b6ab5e4e62a1fa	CmZhaWw6CglpZiAoYXJnMSAmJiBscGFyZzEpIHNldEd0a0JvcmRlckZpZWxkcyhlbnYsIGFyZzEsIGxwYXJnMSk7
2127	STATEMENT	96062	96132	1	8a81b469035b9518af70aed59c94abfb6bc00d58f39a79cd7531fcaa26e1f110	CglHVEs0X05BVElWRV9FWElUKGVudiwgdGhhdCwgZ3RrXzFzdHlsZV8xY29udGV4dF8xZ2V0XzFwYWRkaW5nX0ZVTkMpOw==
2128	FRAGMENT	96132	96133	1	01ba4719c80b6fe911b091a7c05124b64eeece964e09c058ef8f9805daca546b	Cg==
2129	BLOCK_CLOSE	96133	96134	0	d10b36aa74a59bcf4a88185837f658afaf3646eff2bb16c3928d0e9335e945d2	fQ==
2130	PREPROCESSOR	96134	96142	0	626de321eb397f6600939892a0009f31bc378f7e886f9acc5ec0af18db6a99a7	CiNlbmRpZgo=
2131	PREPROCESSOR	96142	96177	0	bcfad48034c59c37f308edc2f8248dec57d897c8e279fa561c4e6086aa1f6265	CiNpZm5kZWYgTk9fZ3RrXzF0ZXh0XzFnZXRfMWJ1ZmZlcgo=
2132	FUNCTION_OPEN	96177	96278	0	3a8309ae15f6c0ec9bb626ead9447de47678269f513d87bfd21d8d84c3e27a3e	Sk5JRVhQT1JUIGpsb25nIEpOSUNBTEwgR1RLNF9OQVRJVkUoZ3RrXzF0ZXh0XzFnZXRfMWJ1ZmZlcikKCShKTklFbnYgKmVudiwgamNsYXNzIHRoYXQsIGpsb25nIGFyZzApCns=
2133	STATEMENT	96278	96293	1	3411ceb5951bc52321d8d6cf00df310a159211846b0264e08db2a18b94173633	CglqbG9uZyByYyA9IDA7
2134	STATEMENT	96293	96353	1	a2feacb5a007dd242e829c1909978d2910965a4296caae10f5d4ddbef6cb80a1	CglHVEs0X05BVElWRV9FTlRFUihlbnYsIHRoYXQsIGd0a18xdGV4dF8xZ2V0XzFidWZmZXJfRlVOQyk7
2135	STATEMENT	96353	96404	1	9cbc02a23b4f9cf72e63d7d35cc740da024ab07324350f620f6a4827e0b45b17	CglyYyA9IChqbG9uZylndGtfdGV4dF9nZXRfYnVmZmVyKChHdGtUZXh0ICopYXJnMCk7
2136	STATEMENT	96404	96463	1	b44ab6fcc5fac36ceee31b3aeada998518ae4e0fd0f012d0bac64285c0898b69	CglHVEs0X05BVElWRV9FWElUKGVudiwgdGhhdCwgZ3RrXzF0ZXh0XzFnZXRfMWJ1ZmZlcl9GVU5DKTs=
2137	STATEMENT	96463	96475	1	a028c9c9501df4846ec72c7b4432d4a3cb499b36b781bb1c38853498151d0ba7	CglyZXR1cm4gcmM7
2138	FRAGMENT	96475	96476	1	01ba4719c80b6fe911b091a7c05124b64eeece964e09c058ef8f9805daca546b	Cg==
2139	BLOCK_CLOSE	96476	96477	0	d10b36aa74a59bcf4a88185837f658afaf3646eff2bb16c3928d0e9335e945d2	fQ==
2140	PREPROCESSOR	96477	96485	0	626de321eb397f6600939892a0009f31bc378f7e886f9acc5ec0af18db6a99a7	CiNlbmRpZgo=
2141	PREPROCESSOR	96485	96531	0	070945d4b74b45b660e62d243302c28b2d1998da804796801caa4211861a0a15	CiNpZm5kZWYgTk9fZ3RrXzF0ZXh0XzFzZXRfMXBsYWNlaG9sZGVyXzF0ZXh0Cg==
2142	FUNCTION_OPEN	96531	96659	0	2106601efc62260781f5abfcca4b78e88ea2c312b575099adf4d7a249bbad368	Sk5JRVhQT1JUIHZvaWQgSk5JQ0FMTCBHVEs0X05BVElWRShndGtfMXRleHRfMXNldF8xcGxhY2Vob2xkZXJfMXRleHQpCgkoSk5JRW52ICplbnYsIGpjbGFzcyB0aGF0LCBqbG9uZyBhcmcwLCBqYnl0ZUFycmF5IGFyZzEpCns=
2143	STATEMENT	96659	96680	1	ecbc1c66598161b54ed7d4df47ce4c17c895a8aaf496cadd930f0e7e6c9b06d3	CglqYnl0ZSAqbHBhcmcxPU5VTEw7
2144	STATEMENT	96680	96751	1	7dec597a70d76fb1666065ed26dccd7130a76fbe948b5d41554db95bf88088dc	CglHVEs0X05BVElWRV9FTlRFUihlbnYsIHRoYXQsIGd0a18xdGV4dF8xc2V0XzFwbGFjZWhvbGRlcl8xdGV4dF9GVU5DKTs=
2145	STATEMENT	96751	96843	1	9e0f7faa1c09a55eb10394bedcb268962dfc3d57ab587fe9530c7324cc7b0ca1	CglpZiAoYXJnMSkgaWYgKChscGFyZzEgPSAoKmVudiktPkdldEJ5dGVBcnJheUVsZW1lbnRzKGVudiwgYXJnMSwgTlVMTCkpID09IE5VTEwpIGdvdG8gZmFpbDs=
2146	STATEMENT	96843	96915	1	3e9297d3023ce83b65a4d41c8592381d5b6ba117234e17485988ef6ec849feed	CglndGtfdGV4dF9zZXRfcGxhY2Vob2xkZXJfdGV4dCgoR3RrVGV4dCAqKWFyZzAsIChjb25zdCBnY2hhciAqKWxwYXJnMSk7
2147	STATEMENT	96915	96998	1	78812943a01430fa07d31629617d2c1617a8077555058eb3c69830ff8aafbb1d	CmZhaWw6CglpZiAoYXJnMSAmJiBscGFyZzEpICgqZW52KS0+UmVsZWFzZUJ5dGVBcnJheUVsZW1lbnRzKGVudiwgYXJnMSwgbHBhcmcxLCAwKTs=
2148	STATEMENT	96998	97068	1	0118bd56255b71f9e2d05893ad8b064370fde800f86be1b7b090c29e08d6ba30	CglHVEs0X05BVElWRV9FWElUKGVudiwgdGhhdCwgZ3RrXzF0ZXh0XzFzZXRfMXBsYWNlaG9sZGVyXzF0ZXh0X0ZVTkMpOw==
2149	FRAGMENT	97068	97069	1	01ba4719c80b6fe911b091a7c05124b64eeece964e09c058ef8f9805daca546b	Cg==
2150	BLOCK_CLOSE	97069	97070	0	d10b36aa74a59bcf4a88185837f658afaf3646eff2bb16c3928d0e9335e945d2	fQ==
2151	PREPROCESSOR	97070	97078	0	626de321eb397f6600939892a0009f31bc378f7e886f9acc5ec0af18db6a99a7	CiNlbmRpZgo=
2152	PREPROCESSOR	97078	97111	0	26c8414a0ba8f8f5711473cf4c2187533f3fef19ac2ee2c79e1885d0351af716	CiNpZm5kZWYgTk9fZ3RrXzF0ZXh0XzFzZXRfMXRhYnMK
2153	FUNCTION_OPEN	97111	97221	0	94516fe2b58bf85339c0e767d4c8befd0a36fd25b93199c61fa593cb542f348c	Sk5JRVhQT1JUIHZvaWQgSk5JQ0FMTCBHVEs0X05BVElWRShndGtfMXRleHRfMXNldF8xdGFicykKCShKTklFbnYgKmVudiwgamNsYXNzIHRoYXQsIGpsb25nIGFyZzAsIGpsb25nIGFyZzEpCns=
2154	STATEMENT	97221	97279	1	14950d8132b22fe77b1f4d49cd2bb7febfa26fd61bd727ffc09a264469149e17	CglHVEs0X05BVElWRV9FTlRFUihlbnYsIHRoYXQsIGd0a18xdGV4dF8xc2V0XzF0YWJzX0ZVTkMpOw==
2155	STATEMENT	97279	97339	1	33f3c797ee809fe3c9da6b73e66a0ac2483bf5de62a66adbbc64fe2d616bc439	CglndGtfdGV4dF9zZXRfdGFicygoR3RrVGV4dCAqKWFyZzAsIChQYW5nb1RhYkFycmF5ICopYXJnMSk7
2156	STATEMENT	97339	97396	1	5ac8376a3c595e2a9bb77d49b6837c35d424d6d9574969e53c7344a22158b3cf	CglHVEs0X05BVElWRV9FWElUKGVudiwgdGhhdCwgZ3RrXzF0ZXh0XzFzZXRfMXRhYnNfRlVOQyk7
2157	FRAGMENT	97396	97397	1	01ba4719c80b6fe911b091a7c05124b64eeece964e09c058ef8f9805daca546b	Cg==
2158	BLOCK_CLOSE	97397	97398	0	d10b36aa74a59bcf4a88185837f658afaf3646eff2bb16c3928d0e9335e945d2	fQ==
2159	PREPROCESSOR	97398	97406	0	626de321eb397f6600939892a0009f31bc378f7e886f9acc5ec0af18db6a99a7	CiNlbmRpZgo=
2160	PREPROCESSOR	97406	97445	0	0d935e678696779e9e1aaadaf9007bb9d73ecc5cb512d90464403ec382a99f48	CiNpZm5kZWYgTk9fZ3RrXzF0ZXh0XzFzZXRfMXZpc2liaWxpdHkK
2161	FUNCTION_OPEN	97445	97564	0	180b2a221554b0ace5d2cd46fa9d5a73f75f39a3ca8154ac3a9342ee81521069	Sk5JRVhQT1JUIHZvaWQgSk5JQ0FMTCBHVEs0X05BVElWRShndGtfMXRleHRfMXNldF8xdmlzaWJpbGl0eSkKCShKTklFbnYgKmVudiwgamNsYXNzIHRoYXQsIGpsb25nIGFyZzAsIGpib29sZWFuIGFyZzEpCns=
2162	STATEMENT	97564	97628	1	9364eb5131f0b495b11ad80e2cbb4f447dc6e63195721d42be0345a4b82630a7	CglHVEs0X05BVElWRV9FTlRFUihlbnYsIHRoYXQsIGd0a18xdGV4dF8xc2V0XzF2aXNpYmlsaXR5X0ZVTkMpOw==
2163	STATEMENT	97628	97677	1	c02a536311518116f0236b456ceb9456faffda71a571d25d8eef327f435848ad	CglndGtfdGV4dF9zZXRfdmlzaWJpbGl0eSgoR3RrVGV4dCAqKWFyZzAsIGFyZzEpOw==
2164	STATEMENT	97677	97740	1	c930451e2ac8d57a69d878975f97b73f5cb669b7c24ffad830e68925e8c20feb	CglHVEs0X05BVElWRV9FWElUKGVudiwgdGhhdCwgZ3RrXzF0ZXh0XzFzZXRfMXZpc2liaWxpdHlfRlVOQyk7
2165	FRAGMENT	97740	97741	1	01ba4719c80b6fe911b091a7c05124b64eeece964e09c058ef8f9805daca546b	Cg==
2166	BLOCK_CLOSE	97741	97742	0	d10b36aa74a59bcf4a88185837f658afaf3646eff2bb16c3928d0e9335e945d2	fQ==
2167	PREPROCESSOR	97742	97750	0	626de321eb397f6600939892a0009f31bc378f7e886f9acc5ec0af18db6a99a7	CiNlbmRpZgo=
2168	PREPROCESSOR	97750	97803	0	914241a16e25c68c088cb1f62066f39dabe9316f9fc6c4d5afd0a364cf4bbc6b	CiNpZm5kZWYgTk9fZ3RrXzF0cmVlXzF2aWV3XzFjb2x1bW5fMWNlbGxfMWdldF8xc2l6ZQo=
2169	FUNCTION_OPEN	97803	97985	0	b53c6df97d79d66a97ad850e90566d455765a9e19d93d173c735a2175603c552	Sk5JRVhQT1JUIHZvaWQgSk5JQ0FMTCBHVEs0X05BVElWRShndGtfMXRyZWVfMXZpZXdfMWNvbHVtbl8xY2VsbF8xZ2V0XzFzaXplKQoJKEpOSUVudiAqZW52LCBqY2xhc3MgdGhhdCwgamxvbmcgYXJnMCwgamludEFycmF5IGFyZzEsIGppbnRBcnJheSBhcmcyLCBqaW50QXJyYXkgYXJnMywgamludEFycmF5IGFyZzQpCns=
2170	STATEMENT	97985	98005	1	490e641fda0849eab828d471df09f1ecd4438e25740081b8153585d71e8a1d7c	CglqaW50ICpscGFyZzE9TlVMTDs=
2171	STATEMENT	98005	98025	1	6778f342eb5ab632481500374a71f394d94a272d1e7b47275cb4d780109a0ee9	CglqaW50ICpscGFyZzI9TlVMTDs=
2172	STATEMENT	98025	98045	1	0f4babeb3fabdb0096eafa4397c27097595e5b24e72497515f7bc834d6e696e6	CglqaW50ICpscGFyZzM9TlVMTDs=
2173	STATEMENT	98045	98065	1	e6094d397f2521b1138f4852480cb23ab638132e24f6c3b14d70fdf9d050b549	CglqaW50ICpscGFyZzQ9TlVMTDs=
2174	STATEMENT	98065	98143	1	cdaf5d0b33fb9635ca4a1dbe28d4ef9ed98b7bbdb9d642a05c264ff678db2994	CglHVEs0X05BVElWRV9FTlRFUihlbnYsIHRoYXQsIGd0a18xdHJlZV8xdmlld18xY29sdW1uXzFjZWxsXzFnZXRfMXNpemVfRlVOQyk7
2175	STATEMENT	98143	98234	1	56230e6f477fcbae216bfff8a88397d12cae0d8e10a6faee697ea4f2814ae573	CglpZiAoYXJnMSkgaWYgKChscGFyZzEgPSAoKmVudiktPkdldEludEFycmF5RWxlbWVudHMoZW52LCBhcmcxLCBOVUxMKSkgPT0gTlVMTCkgZ290byBmYWlsOw==
2176	STATEMENT	98234	98325	1	ca6aabd59f1383d487b020921ad77bd304b1a72e14905b7e1fbd1d51e7e45db1	CglpZiAoYXJnMikgaWYgKChscGFyZzIgPSAoKmVudiktPkdldEludEFycmF5RWxlbWVudHMoZW52LCBhcmcyLCBOVUxMKSkgPT0gTlVMTCkgZ290byBmYWlsOw==
2177	STATEMENT	98325	98416	1	7632bbb38eb7590a94c2214c3112651826b6ce953b00f0b1eb8eda5e1152fdd9	CglpZiAoYXJnMykgaWYgKChscGFyZzMgPSAoKmVudiktPkdldEludEFycmF5RWxlbWVudHMoZW52LCBhcmczLCBOVUxMKSkgPT0gTlVMTCkgZ290byBmYWlsOw==
2178	STATEMENT	98416	98507	1	4ab5944c292d0708690ce8cd7c9021d230523f2178f00095ec15bc1433bc2b72	CglpZiAoYXJnNCkgaWYgKChscGFyZzQgPSAoKmVudiktPkdldEludEFycmF5RWxlbWVudHMoZW52LCBhcmc0LCBOVUxMKSkgPT0gTlVMTCkgZ290byBmYWlsOw==
2179	STATEMENT	98507	98631	1	70d58b21df34e2a19d0868ba26dd45cb0e6122668a3f251cf068a9655eac792a	CglndGtfdHJlZV92aWV3X2NvbHVtbl9jZWxsX2dldF9zaXplKChHdGtUcmVlVmlld0NvbHVtbiAqKWFyZzAsIChpbnQgKilscGFyZzEsIChpbnQgKilscGFyZzIsIChpbnQgKilscGFyZzMsIChpbnQgKilscGFyZzQpOw==
2180	STATEMENT	98631	98713	1	17021f6f20e9685afa372f6bc44631a4b029ae648d857b1f805bcf8aeba7711e	CmZhaWw6CglpZiAoYXJnNCAmJiBscGFyZzQpICgqZW52KS0+UmVsZWFzZUludEFycmF5RWxlbWVudHMoZW52LCBhcmc0LCBscGFyZzQsIDApOw==
2181	STATEMENT	98713	98789	1	185a3c14849840fa401472b8f7e37aafe8d8626269b1b07e98ee20ba779a5413	CglpZiAoYXJnMyAmJiBscGFyZzMpICgqZW52KS0+UmVsZWFzZUludEFycmF5RWxlbWVudHMoZW52LCBhcmczLCBscGFyZzMsIDApOw==
2182	STATEMENT	98789	98865	1	486bcaa33a5c11402d66450e45c0ae57aad2ba28a1a0a8cf40513d6404a551ec	CglpZiAoYXJnMiAmJiBscGFyZzIpICgqZW52KS0+UmVsZWFzZUludEFycmF5RWxlbWVudHMoZW52LCBhcmcyLCBscGFyZzIsIDApOw==
2183	STATEMENT	98865	98941	1	b55b4c6cd9959755821cc7b3c6e6583c0bcb71e003feabecd02b3bceb08bde8a	CglpZiAoYXJnMSAmJiBscGFyZzEpICgqZW52KS0+UmVsZWFzZUludEFycmF5RWxlbWVudHMoZW52LCBhcmcxLCBscGFyZzEsIDApOw==
2184	STATEMENT	98941	99018	1	e2824782da8c5e7b9d4bcdec09d7130cda56046908069bb7f5f41c4a54c9cea0	CglHVEs0X05BVElWRV9FWElUKGVudiwgdGhhdCwgZ3RrXzF0cmVlXzF2aWV3XzFjb2x1bW5fMWNlbGxfMWdldF8xc2l6ZV9GVU5DKTs=
2185	FRAGMENT	99018	99019	1	01ba4719c80b6fe911b091a7c05124b64eeece964e09c058ef8f9805daca546b	Cg==
2186	BLOCK_CLOSE	99019	99020	0	d10b36aa74a59bcf4a88185837f658afaf3646eff2bb16c3928d0e9335e945d2	fQ==
2187	PREPROCESSOR	99020	99028	0	626de321eb397f6600939892a0009f31bc378f7e886f9acc5ec0af18db6a99a7	CiNlbmRpZgo=
2188	PREPROCESSOR	99028	99083	0	87513498485f913471a86409bae7a16a437c9bbbeb7cab759778bc440570ba8a	CiNpZm5kZWYgTk9fZ3RrXzF0cmVlXzF2aWV3XzFlbmFibGVfMW1vZGVsXzFkcmFnXzFkZXN0Cg==
2189	FUNCTION_OPEN	99083	99226	0	7d6edc9b601ccff4368157198913b0871f4d5d30b0295240113605fee38e2197	Sk5JRVhQT1JUIHZvaWQgSk5JQ0FMTCBHVEs0X05BVElWRShndGtfMXRyZWVfMXZpZXdfMWVuYWJsZV8xbW9kZWxfMWRyYWdfMWRlc3QpCgkoSk5JRW52ICplbnYsIGpjbGFzcyB0aGF0LCBqbG9uZyBhcmcwLCBqbG9uZyBhcmcxLCBqaW50IGFyZzIpCns=
2190	STATEMENT	99226	99306	1	8dd3555b28577a0aa66ce378b6d7931cb07b2c21df9407b8824948a2f553fce4	CglHVEs0X05BVElWRV9FTlRFUihlbnYsIHRoYXQsIGd0a18xdHJlZV8xdmlld18xZW5hYmxlXzFtb2RlbF8xZHJhZ18xZGVzdF9GVU5DKTs=
2191	STATEMENT	99306	99414	1	e2e3cceac759616f328794f9a8dc85438dff1e7a6a87342ec5d37088b43f2e14	CglndGtfdHJlZV92aWV3X2VuYWJsZV9tb2RlbF9kcmFnX2Rlc3QoKEd0a1RyZWVWaWV3ICopYXJnMCwgKEdka0NvbnRlbnRGb3JtYXRzICopYXJnMSwgKEdka0RyYWdBY3Rpb24pYXJnMik7
2192	STATEMENT	99414	99493	1	c578dba36707eadade30a566174acfbb8ba0f61ef6168e5f585151a95de97012	CglHVEs0X05BVElWRV9FWElUKGVudiwgdGhhdCwgZ3RrXzF0cmVlXzF2aWV3XzFlbmFibGVfMW1vZGVsXzFkcmFnXzFkZXN0X0ZVTkMpOw==
2193	FRAGMENT	99493	99494	1	01ba4719c80b6fe911b091a7c05124b64eeece964e09c058ef8f9805daca546b	Cg==
2194	BLOCK_CLOSE	99494	99495	0	d10b36aa74a59bcf4a88185837f658afaf3646eff2bb16c3928d0e9335e945d2	fQ==
2195	PREPROCESSOR	99495	99503	0	626de321eb397f6600939892a0009f31bc378f7e886f9acc5ec0af18db6a99a7	CiNlbmRpZgo=
2196	PREPROCESSOR	99503	99549	0	1ebb7e2fd41f711ee13a13f94d69b34d8c1d4de4c9bce58d6db2a7099fa969c2	CiNpZm5kZWYgTk9fZ3RrXzF3aWRnZXRfMWFjdGlvbl8xc2V0XzFlbmFibGVkCg==
2197	FUNCTION_OPEN	99549	99692	0	6a1812d705d92dde691791902d3aee64a5591b3dbea9369d4398c75f42e9014a	Sk5JRVhQT1JUIHZvaWQgSk5JQ0FMTCBHVEs0X05BVElWRShndGtfMXdpZGdldF8xYWN0aW9uXzFzZXRfMWVuYWJsZWQpCgkoSk5JRW52ICplbnYsIGpjbGFzcyB0aGF0LCBqbG9uZyBhcmcwLCBqYnl0ZUFycmF5IGFyZzEsIGpib29sZWFuIGFyZzIpCns=
2198	STATEMENT	99692	99713	1	ecbc1c66598161b54ed7d4df47ce4c17c895a8aaf496cadd930f0e7e6c9b06d3	CglqYnl0ZSAqbHBhcmcxPU5VTEw7
2199	STATEMENT	99713	99784	1	ec299f1dd31549ccf2d94be795c7c0074bed9094a12421aa943d75006d35d252	CglHVEs0X05BVElWRV9FTlRFUihlbnYsIHRoYXQsIGd0a18xd2lkZ2V0XzFhY3Rpb25fMXNldF8xZW5hYmxlZF9GVU5DKTs=
2200	STATEMENT	99784	99876	1	9e0f7faa1c09a55eb10394bedcb268962dfc3d57ab587fe9530c7324cc7b0ca1	CglpZiAoYXJnMSkgaWYgKChscGFyZzEgPSAoKmVudiktPkdldEJ5dGVBcnJheUVsZW1lbnRzKGVudiwgYXJnMSwgTlVMTCkpID09IE5VTEwpIGdvdG8gZmFpbDs=
2201	STATEMENT	99876	99955	1	f316f0f61d43188d60e238a684b1d14c9f15e4466be6a1f5d08ed20f4447f1c2	CglndGtfd2lkZ2V0X2FjdGlvbl9zZXRfZW5hYmxlZCgoR3RrV2lkZ2V0ICopYXJnMCwgKGNvbnN0IGNoYXIgKilscGFyZzEsIGFyZzIpOw==
2202	STATEMENT	99955	100038	1	78812943a01430fa07d31629617d2c1617a8077555058eb3c69830ff8aafbb1d	CmZhaWw6CglpZiAoYXJnMSAmJiBscGFyZzEpICgqZW52KS0+UmVsZWFzZUJ5dGVBcnJheUVsZW1lbnRzKGVudiwgYXJnMSwgbHBhcmcxLCAwKTs=
2203	STATEMENT	100038	100108	1	c03c1f3c075e9378925f4cba56f12b1ac382e092e1b020ceb6f214992a8c287d	CglHVEs0X05BVElWRV9FWElUKGVudiwgdGhhdCwgZ3RrXzF3aWRnZXRfMWFjdGlvbl8xc2V0XzFlbmFibGVkX0ZVTkMpOw==
2204	FRAGMENT	100108	100109	1	01ba4719c80b6fe911b091a7c05124b64eeece964e09c058ef8f9805daca546b	Cg==
2205	BLOCK_CLOSE	100109	100110	0	d10b36aa74a59bcf4a88185837f658afaf3646eff2bb16c3928d0e9335e945d2	fQ==
2206	PREPROCESSOR	100110	100118	0	626de321eb397f6600939892a0009f31bc378f7e886f9acc5ec0af18db6a99a7	CiNlbmRpZgo=
2207	PREPROCESSOR	100118	100160	0	e4dd6c49f296b033d20fadb95aa5a41aaf2eb5077215e698421d716ab62b185d	CiNpZm5kZWYgTk9fZ3RrXzF3aWRnZXRfMWFjdGl2YXRlXzFhY3Rpb24K
2208	FUNCTION_OPEN	100160	100305	0	9518deec6b9875cb0a6f9fb2999a1474d0c4f521ad5eb47d54ad763b87e3dfec	Sk5JRVhQT1JUIGpib29sZWFuIEpOSUNBTEwgR1RLNF9OQVRJVkUoZ3RrXzF3aWRnZXRfMWFjdGl2YXRlXzFhY3Rpb24pCgkoSk5JRW52ICplbnYsIGpjbGFzcyB0aGF0LCBqbG9uZyBhcmcwLCBqYnl0ZUFycmF5IGFyZzEsIGpieXRlQXJyYXkgYXJnMikKew==
2209	STATEMENT	100305	100326	1	ecbc1c66598161b54ed7d4df47ce4c17c895a8aaf496cadd930f0e7e6c9b06d3	CglqYnl0ZSAqbHBhcmcxPU5VTEw7
2210	STATEMENT	100326	100347	1	c4828fa6cc27909f0862fd4638054111e688f4f7a6b21d3b45548da55b7a9cc2	CglqYnl0ZSAqbHBhcmcyPU5VTEw7
2211	STATEMENT	100347	100365	1	6e389c725127046540fa228f0aca981232172a088ed5b7d88f2be6db7346caa1	CglqYm9vbGVhbiByYyA9IDA7
2212	STATEMENT	100365	100432	1	225c86257cd42d001d12a0859d55fded271f5f417e3cdb199210a544355bc706	CglHVEs0X05BVElWRV9FTlRFUihlbnYsIHRoYXQsIGd0a18xd2lkZ2V0XzFhY3RpdmF0ZV8xYWN0aW9uX0ZVTkMpOw==
2213	STATEMENT	100432	100524	1	9e0f7faa1c09a55eb10394bedcb268962dfc3d57ab587fe9530c7324cc7b0ca1	CglpZiAoYXJnMSkgaWYgKChscGFyZzEgPSAoKmVudiktPkdldEJ5dGVBcnJheUVsZW1lbnRzKGVudiwgYXJnMSwgTlVMTCkpID09IE5VTEwpIGdvdG8gZmFpbDs=
2214	STATEMENT	100524	100616	1	e44b4df2fae89ab204250d796e42e0c1bf615821911bf97fefa1b57d53761104	CglpZiAoYXJnMikgaWYgKChscGFyZzIgPSAoKmVudiktPkdldEJ5dGVBcnJheUVsZW1lbnRzKGVudiwgYXJnMiwgTlVMTCkpID09IE5VTEwpIGdvdG8gZmFpbDs=
2215	STATEMENT	100616	100723	1	2634c7ab3ce7772c41815013d045230c16395c7d670482d963bdb925f6c2ee5f	CglyYyA9IChqYm9vbGVhbilndGtfd2lkZ2V0X2FjdGl2YXRlX2FjdGlvbigoR3RrV2lkZ2V0ICopYXJnMCwgKGNvbnN0IGNoYXIgKilscGFyZzEsIChjb25zdCBjaGFyICopbHBhcmcyKTs=
2216	STATEMENT	100723	100806	1	02796d9404335c60b13ea31ba637ab8db65fd1cbf1ad416895fc57fa72b74cbc	CmZhaWw6CglpZiAoYXJnMiAmJiBscGFyZzIpICgqZW52KS0+UmVsZWFzZUJ5dGVBcnJheUVsZW1lbnRzKGVudiwgYXJnMiwgbHBhcmcyLCAwKTs=
2217	STATEMENT	100806	100883	1	0a2b4007bb3bb5eeb22d7212a73be33bda13e0e70b47862b97015cc5d8cb38cc	CglpZiAoYXJnMSAmJiBscGFyZzEpICgqZW52KS0+UmVsZWFzZUJ5dGVBcnJheUVsZW1lbnRzKGVudiwgYXJnMSwgbHBhcmcxLCAwKTs=
2218	STATEMENT	100883	100949	1	1334b30ce257b4756beb8fb7b60f6f54bd89deb978b92e2a0b06388c5cc5ffab	CglHVEs0X05BVElWRV9FWElUKGVudiwgdGhhdCwgZ3RrXzF3aWRnZXRfMWFjdGl2YXRlXzFhY3Rpb25fRlVOQyk7
2219	STATEMENT	100949	100961	1	a028c9c9501df4846ec72c7b4432d4a3cb499b36b781bb1c38853498151d0ba7	CglyZXR1cm4gcmM7
2220	FRAGMENT	100961	100962	1	01ba4719c80b6fe911b091a7c05124b64eeece964e09c058ef8f9805daca546b	Cg==
2221	BLOCK_CLOSE	100962	100963	0	d10b36aa74a59bcf4a88185837f658afaf3646eff2bb16c3928d0e9335e945d2	fQ==
2222	PREPROCESSOR	100963	100971	0	626de321eb397f6600939892a0009f31bc378f7e886f9acc5ec0af18db6a99a7	CiNlbmRpZgo=
2223	PREPROCESSOR	100971	101012	0	7f2d99b09d4f4d3240b6b7a8cff0856b3c57a64296690e32fc066ad4706e85c9	CiNpZm5kZWYgTk9fZ3RrXzF3aWRnZXRfMWFkZF8xY29udHJvbGxlcgo=
2224	FUNCTION_OPEN	101012	101130	0	8b2df776a490fba4dc4686e1e45a59425c1a1223c732f1c26f5aec85f119eb62	Sk5JRVhQT1JUIHZvaWQgSk5JQ0FMTCBHVEs0X05BVElWRShndGtfMXdpZGdldF8xYWRkXzFjb250cm9sbGVyKQoJKEpOSUVudiAqZW52LCBqY2xhc3MgdGhhdCwgamxvbmcgYXJnMCwgamxvbmcgYXJnMSkKew==
2225	STATEMENT	101130	101196	1	df23e5b5a9c2a1fca9f1c55e470f34a5a3f31a6c1741f2cd945ec6c46f00939b	CglHVEs0X05BVElWRV9FTlRFUihlbnYsIHRoYXQsIGd0a18xd2lkZ2V0XzFhZGRfMWNvbnRyb2xsZXJfRlVOQyk7
2226	STATEMENT	101196	101271	1	59159c769a8266dc1547a68a63f899002a5c2d74ea50b77ad7a611e0f7584b72	CglndGtfd2lkZ2V0X2FkZF9jb250cm9sbGVyKChHdGtXaWRnZXQgKilhcmcwLCAoR3RrRXZlbnRDb250cm9sbGVyICopYXJnMSk7
2227	STATEMENT	101271	101336	1	588b0ecbb48060add41d40fc79f65f09cd316b15aa1f2a6c8d32d12c92f85aa8	CglHVEs0X05BVElWRV9FWElUKGVudiwgdGhhdCwgZ3RrXzF3aWRnZXRfMWFkZF8xY29udHJvbGxlcl9GVU5DKTs=
2228	FRAGMENT	101336	101337	1	01ba4719c80b6fe911b091a7c05124b64eeece964e09c058ef8f9805daca546b	Cg==
2229	BLOCK_CLOSE	101337	101338	0	d10b36aa74a59bcf4a88185837f658afaf3646eff2bb16c3928d0e9335e945d2	fQ==
2230	PREPROCESSOR	101338	101346	0	626de321eb397f6600939892a0009f31bc378f7e886f9acc5ec0af18db6a99a7	CiNlbmRpZgo=
2231	PREPROCESSOR	101346	101399	0	d051f5aa03306ec63ac41fbcb807cc969aac58e4c346402641d319ae8e48a2e2	CiNpZm5kZWYgTk9fZ3RrXzF3aWRnZXRfMWNsYXNzXzFhZGRfMWJpbmRpbmdfMXNpZ25hbAo=
2232	FUNCTION_OPEN	101399	101618	0	3a9fd20bb0b21e36f006634c1cc3c4845603e86fc8b293554b1d6d992d0732e5	Sk5JRVhQT1JUIHZvaWQgSk5JQ0FMTCBHVEs0X05BVElWRShndGtfMXdpZGdldF8xY2xhc3NfMWFkZF8xYmluZGluZ18xc2lnbmFsKQoJKEpOSUVudiAqZW52LCBqY2xhc3MgdGhhdCwgamxvbmcgYXJnMCwgamludCBhcmcxLCBqaW50IGFyZzIsIGpieXRlQXJyYXkgYXJnMywgamJ5dGVBcnJheSBhcmc0LCBqYm9vbGVhbiBhcmc1LCBqYm9vbGVhbiBhcmc2LCBqYm9vbGVhbiBhcmc3KQp7
2233	STATEMENT	101618	101639	1	1a3da5b8ef4eeda6b0ba9ad1bd49310df3df28aa51ac8b62cb1a48364e86a99d	CglqYnl0ZSAqbHBhcmczPU5VTEw7
2234	STATEMENT	101639	101660	1	50b5747d14f73c79c3d1c2096648ed1ea0d49f17c8c5db5d803e6a89ed53cca0	CglqYnl0ZSAqbHBhcmc0PU5VTEw7
2235	STATEMENT	101660	101738	1	6e96eb2d6cd527ca47cbc5e497f1ec9731f3a5820dffa8768afa0eefd056c81d	CglHVEs0X05BVElWRV9FTlRFUihlbnYsIHRoYXQsIGd0a18xd2lkZ2V0XzFjbGFzc18xYWRkXzFiaW5kaW5nXzFzaWduYWxfRlVOQyk7
2236	STATEMENT	101738	101830	1	193cc7a624c1a5ddc628aa80c35566e1fc81b39f45ceade0158730aebfabc9e4	CglpZiAoYXJnMykgaWYgKChscGFyZzMgPSAoKmVudiktPkdldEJ5dGVBcnJheUVsZW1lbnRzKGVudiwgYXJnMywgTlVMTCkpID09IE5VTEwpIGdvdG8gZmFpbDs=
2237	STATEMENT	101830	101922	1	816540c6f280ea0aac5b04b13fc1a30b6712be0f80f045d70080929b557b86b1	CglpZiAoYXJnNCkgaWYgKChscGFyZzQgPSAoKmVudiktPkdldEJ5dGVBcnJheUVsZW1lbnRzKGVudiwgYXJnNCwgTlVMTCkpID09IE5VTEwpIGdvdG8gZmFpbDs=
2238	STATEMENT	101922	102075	1	72580124f91e86343faa68ffdd3731ff99f9cf0f33d00108bb4a42efd3240960	CglndGtfd2lkZ2V0X2NsYXNzX2FkZF9iaW5kaW5nX3NpZ25hbCgoR3RrV2lkZ2V0Q2xhc3MgKilhcmcwLCBhcmcxLCAoR2RrTW9kaWZpZXJUeXBlKWFyZzIsIChjb25zdCBjaGFyICopbHBhcmczLCAoY29uc3QgY2hhciAqKWxwYXJnNCwgYXJnNSwgYXJnNiwgYXJnNyk7
2239	STATEMENT	102075	102158	1	24e84e87c7470662a45c312f6119bf419a855a8222aebfc0da7fe71efbdb350f	CmZhaWw6CglpZiAoYXJnNCAmJiBscGFyZzQpICgqZW52KS0+UmVsZWFzZUJ5dGVBcnJheUVsZW1lbnRzKGVudiwgYXJnNCwgbHBhcmc0LCAwKTs=
2240	STATEMENT	102158	102235	1	c20acb92aa8e3b91ead81f3b6fc1e2d55c0bc211f6a60fe36c501b77a46085b6	CglpZiAoYXJnMyAmJiBscGFyZzMpICgqZW52KS0+UmVsZWFzZUJ5dGVBcnJheUVsZW1lbnRzKGVudiwgYXJnMywgbHBhcmczLCAwKTs=
2241	STATEMENT	102235	102312	1	f3ac8bac27008cea51d421e231339c079970fa95d26296bf1a1ace828cf25b52	CglHVEs0X05BVElWRV9FWElUKGVudiwgdGhhdCwgZ3RrXzF3aWRnZXRfMWNsYXNzXzFhZGRfMWJpbmRpbmdfMXNpZ25hbF9GVU5DKTs=
2242	FRAGMENT	102312	102313	1	01ba4719c80b6fe911b091a7c05124b64eeece964e09c058ef8f9805daca546b	Cg==
2243	BLOCK_CLOSE	102313	102314	0	d10b36aa74a59bcf4a88185837f658afaf3646eff2bb16c3928d0e9335e945d2	fQ==
2244	PREPROCESSOR	102314	102322	0	626de321eb397f6600939892a0009f31bc378f7e886f9acc5ec0af18db6a99a7	CiNlbmRpZgo=
2245	PREPROCESSOR	102322	102362	0	66ce1e8093e54e9743085ab147151b4ea204efa471634b05560a62df0570dd5c	CiNpZm5kZWYgTk9fZ3RrXzF3aWRnZXRfMWdldF8xY2xpcGJvYXJkCg==
2246	FUNCTION_OPEN	102362	102468	0	7f863e266e475cb745da35d0cfea216ca96f17ef4e5cd8de95ef181c60480ee4	Sk5JRVhQT1JUIGpsb25nIEpOSUNBTEwgR1RLNF9OQVRJVkUoZ3RrXzF3aWRnZXRfMWdldF8xY2xpcGJvYXJkKQoJKEpOSUVudiAqZW52LCBqY2xhc3MgdGhhdCwgamxvbmcgYXJnMCkKew==
2247	STATEMENT	102468	102483	1	3411ceb5951bc52321d8d6cf00df310a159211846b0264e08db2a18b94173633	CglqbG9uZyByYyA9IDA7
2248	STATEMENT	102483	102548	1	635034311a32ae296b2bc48799502efc6c2527f4503a7fc51e69b81cbade35fd	CglHVEs0X05BVElWRV9FTlRFUihlbnYsIHRoYXQsIGd0a18xd2lkZ2V0XzFnZXRfMWNsaXBib2FyZF9GVU5DKTs=
2249	STATEMENT	102548	102606	1	d97bc7481759959c27186e62c1d63a926b15a456ba3f552e3f0c20212b62cccd	CglyYyA9IChqbG9uZylndGtfd2lkZ2V0X2dldF9jbGlwYm9hcmQoKEd0a1dpZGdldCAqKWFyZzApOw==
2250	STATEMENT	102606	102670	1	107f414249e35d19a67a92eb6cd0daf5717e318ad64ddc0b7f8ea83b9bcc2fbc	CglHVEs0X05BVElWRV9FWElUKGVudiwgdGhhdCwgZ3RrXzF3aWRnZXRfMWdldF8xY2xpcGJvYXJkX0ZVTkMpOw==
2251	STATEMENT	102670	102682	1	a028c9c9501df4846ec72c7b4432d4a3cb499b36b781bb1c38853498151d0ba7	CglyZXR1cm4gcmM7
2252	FRAGMENT	102682	102683	1	01ba4719c80b6fe911b091a7c05124b64eeece964e09c058ef8f9805daca546b	Cg==
2253	BLOCK_CLOSE	102683	102684	0	d10b36aa74a59bcf4a88185837f658afaf3646eff2bb16c3928d0e9335e945d2	fQ==
2254	PREPROCESSOR	102684	102692	0	626de321eb397f6600939892a0009f31bc378f7e886f9acc5ec0af18db6a99a7	CiNlbmRpZgo=
2255	PREPROCESSOR	102692	102735	0	3180ffeaf2d0730a32c17e660727c08060059626c272942905b8a609955a2296	CiNpZm5kZWYgTk9fZ3RrXzF3aWRnZXRfMWdldF8xZmlyc3RfMWNoaWxkCg==
2256	FUNCTION_OPEN	102735	102844	0	fd369d26ffd3c3ee6b511ff8f98899b085ef7c9d1bef26a2ae7d0ad26b5937d4	Sk5JRVhQT1JUIGpsb25nIEpOSUNBTEwgR1RLNF9OQVRJVkUoZ3RrXzF3aWRnZXRfMWdldF8xZmlyc3RfMWNoaWxkKQoJKEpOSUVudiAqZW52LCBqY2xhc3MgdGhhdCwgamxvbmcgYXJnMCkKew==
2257	STATEMENT	102844	102859	1	3411ceb5951bc52321d8d6cf00df310a159211846b0264e08db2a18b94173633	CglqbG9uZyByYyA9IDA7
2258	STATEMENT	102859	102927	1	6de8282b4bb11d7086733446e9f85031cc0c66598737e074b389948db31dd675	CglHVEs0X05BVElWRV9FTlRFUihlbnYsIHRoYXQsIGd0a18xd2lkZ2V0XzFnZXRfMWZpcnN0XzFjaGlsZF9GVU5DKTs=
2259	STATEMENT	102927	102987	1	27b70959641873f105a64826ddb49945d95271a781845e55ffa1347e97d42050	CglyYyA9IChqbG9uZylndGtfd2lkZ2V0X2dldF9maXJzdF9jaGlsZCgoR3RrV2lkZ2V0ICopYXJnMCk7
2260	STATEMENT	102987	103054	1	4b3fae6e115e8cccc4a3741653ccbbbfdf31e48effbdcdebc868ba7c4cb63951	CglHVEs0X05BVElWRV9FWElUKGVudiwgdGhhdCwgZ3RrXzF3aWRnZXRfMWdldF8xZmlyc3RfMWNoaWxkX0ZVTkMpOw==
2261	STATEMENT	103054	103066	1	a028c9c9501df4846ec72c7b4432d4a3cb499b36b781bb1c38853498151d0ba7	CglyZXR1cm4gcmM7
2262	FRAGMENT	103066	103067	1	01ba4719c80b6fe911b091a7c05124b64eeece964e09c058ef8f9805daca546b	Cg==
2263	BLOCK_CLOSE	103067	103068	0	d10b36aa74a59bcf4a88185837f658afaf3646eff2bb16c3928d0e9335e945d2	fQ==
2264	PREPROCESSOR	103068	103076	0	626de321eb397f6600939892a0009f31bc378f7e886f9acc5ec0af18db6a99a7	CiNlbmRpZgo=
2265	PREPROCESSOR	103076	103113	0	4b805719a1a929c2c722a2233e7571e65ddf12a7f89c6d1334b2415bc7e62026	CiNpZm5kZWYgTk9fZ3RrXzF3aWRnZXRfMWdldF8xaGVpZ2h0Cg==
2266	FUNCTION_OPEN	103113	103215	0	cf2e778eae9516877e487d3232040aee65ac59e251cc92b3a1e03d91270f61c5	Sk5JRVhQT1JUIGppbnQgSk5JQ0FMTCBHVEs0X05BVElWRShndGtfMXdpZGdldF8xZ2V0XzFoZWlnaHQpCgkoSk5JRW52ICplbnYsIGpjbGFzcyB0aGF0LCBqbG9uZyBhcmcwKQp7
2267	STATEMENT	103215	103229	1	ab2eac128ef6225b35f40b35e2bd8fba39be8b3b6b281960b3c51646eba99890	CglqaW50IHJjID0gMDs=
2268	STATEMENT	103229	103291	1	1926d8ac41d67cd5908d01579f9c17001c1a65a34b7bd7225bbd45fd68a1699c	CglHVEs0X05BVElWRV9FTlRFUihlbnYsIHRoYXQsIGd0a18xd2lkZ2V0XzFnZXRfMWhlaWdodF9GVU5DKTs=
2269	STATEMENT	103291	103345	1	a2e82390a3f4df0eacf0ab627365151e963f416b3aff7d950e91f14bac24b051	CglyYyA9IChqaW50KWd0a193aWRnZXRfZ2V0X2hlaWdodCgoR3RrV2lkZ2V0ICopYXJnMCk7
2270	STATEMENT	103345	103406	1	c5b7afa9f26da3bd8d77108f68dda3dc0a04d8fb1e718f29405c7e45658b9bdc	CglHVEs0X05BVElWRV9FWElUKGVudiwgdGhhdCwgZ3RrXzF3aWRnZXRfMWdldF8xaGVpZ2h0X0ZVTkMpOw==
2271	STATEMENT	103406	103418	1	a028c9c9501df4846ec72c7b4432d4a3cb499b36b781bb1c38853498151d0ba7	CglyZXR1cm4gcmM7
2272	FRAGMENT	103418	103419	1	01ba4719c80b6fe911b091a7c05124b64eeece964e09c058ef8f9805daca546b	Cg==
2273	BLOCK_CLOSE	103419	103420	0	d10b36aa74a59bcf4a88185837f658afaf3646eff2bb16c3928d0e9335e945d2	fQ==
2274	PREPROCESSOR	103420	103428	0	626de321eb397f6600939892a0009f31bc378f7e886f9acc5ec0af18db6a99a7	CiNlbmRpZgo=
2275	PREPROCESSOR	103428	103470	0	a1f3c8b0161ffc254314b64eacf18b1e44f121ea0b4498def24e9a0795aaaa2d	CiNpZm5kZWYgTk9fZ3RrXzF3aWRnZXRfMWdldF8xbGFzdF8xY2hpbGQK
2276	FUNCTION_OPEN	103470	103578	0	98d9bc767a6d4a2eb47e0d8d3ebcf39dae11cf37ec150b55772436698385dbdb	Sk5JRVhQT1JUIGpsb25nIEpOSUNBTEwgR1RLNF9OQVRJVkUoZ3RrXzF3aWRnZXRfMWdldF8xbGFzdF8xY2hpbGQpCgkoSk5JRW52ICplbnYsIGpjbGFzcyB0aGF0LCBqbG9uZyBhcmcwKQp7
2277	STATEMENT	103578	103593	1	3411ceb5951bc52321d8d6cf00df310a159211846b0264e08db2a18b94173633	CglqbG9uZyByYyA9IDA7
2278	STATEMENT	103593	103660	1	32c9c8a730e29370cdc1a947d8c526a79255a4130100b4b05d98b21c989ff492	CglHVEs0X05BVElWRV9FTlRFUihlbnYsIHRoYXQsIGd0a18xd2lkZ2V0XzFnZXRfMWxhc3RfMWNoaWxkX0ZVTkMpOw==
2279	STATEMENT	103660	103719	1	bace6c32e58c42a6761044e57adf7c3de164334fe657a62c3b791d8ab924d8cc	CglyYyA9IChqbG9uZylndGtfd2lkZ2V0X2dldF9sYXN0X2NoaWxkKChHdGtXaWRnZXQgKilhcmcwKTs=
2280	STATEMENT	103719	103785	1	3fff93ddb7321058e5bbbf288070b5f931324b1f21c21eba2d7e71bfc4ed7dc9	CglHVEs0X05BVElWRV9FWElUKGVudiwgdGhhdCwgZ3RrXzF3aWRnZXRfMWdldF8xbGFzdF8xY2hpbGRfRlVOQyk7
2281	STATEMENT	103785	103797	1	a028c9c9501df4846ec72c7b4432d4a3cb499b36b781bb1c38853498151d0ba7	CglyZXR1cm4gcmM7
2282	FRAGMENT	103797	103798	1	01ba4719c80b6fe911b091a7c05124b64eeece964e09c058ef8f9805daca546b	Cg==
2283	BLOCK_CLOSE	103798	103799	0	d10b36aa74a59bcf4a88185837f658afaf3646eff2bb16c3928d0e9335e945d2	fQ==
2284	PREPROCESSOR	103799	103807	0	626de321eb397f6600939892a0009f31bc378f7e886f9acc5ec0af18db6a99a7	CiNlbmRpZgo=
2285	PREPROCESSOR	103807	103844	0	64feead64d30600df2ab351dfa9bd2bfe09a83a560e21522fa420c94a11598ee	CiNpZm5kZWYgTk9fZ3RrXzF3aWRnZXRfMWdldF8xbmF0aXZlCg==
2286	FUNCTION_OPEN	103844	103947	0	e64a39a135b51ad52f6a67959c2957de5bd886018673ecbdf57f355a8e771392	Sk5JRVhQT1JUIGpsb25nIEpOSUNBTEwgR1RLNF9OQVRJVkUoZ3RrXzF3aWRnZXRfMWdldF8xbmF0aXZlKQoJKEpOSUVudiAqZW52LCBqY2xhc3MgdGhhdCwgamxvbmcgYXJnMCkKew==
2287	STATEMENT	103947	103962	1	3411ceb5951bc52321d8d6cf00df310a159211846b0264e08db2a18b94173633	CglqbG9uZyByYyA9IDA7
2288	STATEMENT	103962	104024	1	8d651348b60d89a852bb772aad44206e6628ffbf053f2b2615687475cf7b3179	CglHVEs0X05BVElWRV9FTlRFUihlbnYsIHRoYXQsIGd0a18xd2lkZ2V0XzFnZXRfMW5hdGl2ZV9GVU5DKTs=
2289	STATEMENT	104024	104079	1	779b0bd1bef2ad51ab5f1e377f4e889ffe1dc666bb7cecad64716af7edf770d3	CglyYyA9IChqbG9uZylndGtfd2lkZ2V0X2dldF9uYXRpdmUoKEd0a1dpZGdldCAqKWFyZzApOw==
2290	STATEMENT	104079	104140	1	20aadcb4327011ddfe285725288291b6fb270710878f266b397a3c98f06641e9	CglHVEs0X05BVElWRV9FWElUKGVudiwgdGhhdCwgZ3RrXzF3aWRnZXRfMWdldF8xbmF0aXZlX0ZVTkMpOw==
2291	STATEMENT	104140	104152	1	a028c9c9501df4846ec72c7b4432d4a3cb499b36b781bb1c38853498151d0ba7	CglyZXR1cm4gcmM7
2292	FRAGMENT	104152	104153	1	01ba4719c80b6fe911b091a7c05124b64eeece964e09c058ef8f9805daca546b	Cg==
2293	BLOCK_CLOSE	104153	104154	0	d10b36aa74a59bcf4a88185837f658afaf3646eff2bb16c3928d0e9335e945d2	fQ==
2294	PREPROCESSOR	104154	104162	0	626de321eb397f6600939892a0009f31bc378f7e886f9acc5ec0af18db6a99a7	CiNlbmRpZgo=
2295	PREPROCESSOR	104162	104206	0	2010cceb409b2c1871042bf3eb4c545af61d38cae66967d3dd08800032aac39e	CiNpZm5kZWYgTk9fZ3RrXzF3aWRnZXRfMWdldF8xbmV4dF8xc2libGluZwo=
2296	FUNCTION_OPEN	104206	104316	0	f6e301b849b92d80b7ce4516bccdcf3ca514266cbf74fb5f4737cc09e899ce54	Sk5JRVhQT1JUIGpsb25nIEpOSUNBTEwgR1RLNF9OQVRJVkUoZ3RrXzF3aWRnZXRfMWdldF8xbmV4dF8xc2libGluZykKCShKTklFbnYgKmVudiwgamNsYXNzIHRoYXQsIGpsb25nIGFyZzApCns=
2297	STATEMENT	104316	104331	1	3411ceb5951bc52321d8d6cf00df310a159211846b0264e08db2a18b94173633	CglqbG9uZyByYyA9IDA7
2298	STATEMENT	104331	104400	1	8e4e6da5a6b1c7ff2c467e4425732ed0e8d324362f3c8a1d62950603632e1bf1	CglHVEs0X05BVElWRV9FTlRFUihlbnYsIHRoYXQsIGd0a18xd2lkZ2V0XzFnZXRfMW5leHRfMXNpYmxpbmdfRlVOQyk7
2299	STATEMENT	104400	104461	1	69fc254ae93d2f6767d313f856ef55fb2795c15f7f1e55fe6d59257cb319aaac	CglyYyA9IChqbG9uZylndGtfd2lkZ2V0X2dldF9uZXh0X3NpYmxpbmcoKEd0a1dpZGdldCAqKWFyZzApOw==
2300	STATEMENT	104461	104529	1	d1b2555c338110bc57d60e6b702d93bff7c1e7b0bf70698f5a47eb01f9c6245b	CglHVEs0X05BVElWRV9FWElUKGVudiwgdGhhdCwgZ3RrXzF3aWRnZXRfMWdldF8xbmV4dF8xc2libGluZ19GVU5DKTs=
2301	STATEMENT	104529	104541	1	a028c9c9501df4846ec72c7b4432d4a3cb499b36b781bb1c38853498151d0ba7	CglyZXR1cm4gcmM7
2302	FRAGMENT	104541	104542	1	01ba4719c80b6fe911b091a7c05124b64eeece964e09c058ef8f9805daca546b	Cg==
2303	BLOCK_CLOSE	104542	104543	0	d10b36aa74a59bcf4a88185837f658afaf3646eff2bb16c3928d0e9335e945d2	fQ==
2304	PREPROCESSOR	104543	104551	0	626de321eb397f6600939892a0009f31bc378f7e886f9acc5ec0af18db6a99a7	CiNlbmRpZgo=
2305	PREPROCESSOR	104551	104595	0	9de4fec17dab34be24b0d649d7a150a9bdce9f0c92b224e0601dd05f3baf4263	CiNpZm5kZWYgTk9fZ3RrXzF3aWRnZXRfMWdldF8xcHJldl8xc2libGluZwo=
2306	FUNCTION_OPEN	104595	104705	0	2fdc319e9ea12f8ce8f2ac773f9907e4ca27af9accd77444ea643c0d6b5017d7	Sk5JRVhQT1JUIGpsb25nIEpOSUNBTEwgR1RLNF9OQVRJVkUoZ3RrXzF3aWRnZXRfMWdldF8xcHJldl8xc2libGluZykKCShKTklFbnYgKmVudiwgamNsYXNzIHRoYXQsIGpsb25nIGFyZzApCns=
2307	STATEMENT	104705	104720	1	3411ceb5951bc52321d8d6cf00df310a159211846b0264e08db2a18b94173633	CglqbG9uZyByYyA9IDA7
2308	STATEMENT	104720	104789	1	8bf81d5a204261714c1d8b8e86e94d4c8fdb45e5ba1276f064f5661d57a913f3	CglHVEs0X05BVElWRV9FTlRFUihlbnYsIHRoYXQsIGd0a18xd2lkZ2V0XzFnZXRfMXByZXZfMXNpYmxpbmdfRlVOQyk7
2309	STATEMENT	104789	104850	1	16fd8981b5e9eb7c8b8c7ad5f57ac751d0bffef15381ca1bfb9899c58893f2be	CglyYyA9IChqbG9uZylndGtfd2lkZ2V0X2dldF9wcmV2X3NpYmxpbmcoKEd0a1dpZGdldCAqKWFyZzApOw==
2310	STATEMENT	104850	104918	1	8fc0689715d7f51da4714f25842446916d5b4321606c7ecb3f93f99e39327342	CglHVEs0X05BVElWRV9FWElUKGVudiwgdGhhdCwgZ3RrXzF3aWRnZXRfMWdldF8xcHJldl8xc2libGluZ19GVU5DKTs=
2311	STATEMENT	104918	104930	1	a028c9c9501df4846ec72c7b4432d4a3cb499b36b781bb1c38853498151d0ba7	CglyZXR1cm4gcmM7
2312	FRAGMENT	104930	104931	1	01ba4719c80b6fe911b091a7c05124b64eeece964e09c058ef8f9805daca546b	Cg==
2313	BLOCK_CLOSE	104931	104932	0	d10b36aa74a59bcf4a88185837f658afaf3646eff2bb16c3928d0e9335e945d2	fQ==
2314	PREPROCESSOR	104932	104940	0	626de321eb397f6600939892a0009f31bc378f7e886f9acc5ec0af18db6a99a7	CiNlbmRpZgo=
2315	PREPROCESSOR	104940	104988	0	e4c067c9b7d7a43e7606224ea64e24a4db46b53eed91939048a67a7d1156737a	CiNpZm5kZWYgTk9fZ3RrXzF3aWRnZXRfMWdldF8xcmVjZWl2ZXNfMWRlZmF1bHQK
2316	FUNCTION_OPEN	104988	105105	0	6a6cd4453a715680b16356b81cfb8940609f74e643d21409cd192979b5b309a6	Sk5JRVhQT1JUIGpib29sZWFuIEpOSUNBTEwgR1RLNF9OQVRJVkUoZ3RrXzF3aWRnZXRfMWdldF8xcmVjZWl2ZXNfMWRlZmF1bHQpCgkoSk5JRW52ICplbnYsIGpjbGFzcyB0aGF0LCBqbG9uZyBhcmcwKQp7
2317	STATEMENT	105105	105123	1	6e389c725127046540fa228f0aca981232172a088ed5b7d88f2be6db7346caa1	CglqYm9vbGVhbiByYyA9IDA7
2318	STATEMENT	105123	105196	1	bc2720b56abe9765f9a1f775d2b0248738e6006a9981783fe5e2f17b7c0454d6	CglHVEs0X05BVElWRV9FTlRFUihlbnYsIHRoYXQsIGd0a18xd2lkZ2V0XzFnZXRfMXJlY2VpdmVzXzFkZWZhdWx0X0ZVTkMpOw==
2319	STATEMENT	105196	105264	1	c59e1199e30482de59d57b8b01468508a92d6bbce2cad006006192a00395dbc0	CglyYyA9IChqYm9vbGVhbilndGtfd2lkZ2V0X2dldF9yZWNlaXZlc19kZWZhdWx0KChHdGtXaWRnZXQgKilhcmcwKTs=
2320	STATEMENT	105264	105336	1	4d2544e5aa02d7ab90d14a05ca4076d3ac6e74f8db65e3314458f4ee4141d062	CglHVEs0X05BVElWRV9FWElUKGVudiwgdGhhdCwgZ3RrXzF3aWRnZXRfMWdldF8xcmVjZWl2ZXNfMWRlZmF1bHRfRlVOQyk7
2321	STATEMENT	105336	105348	1	a028c9c9501df4846ec72c7b4432d4a3cb499b36b781bb1c38853498151d0ba7	CglyZXR1cm4gcmM7
2322	FRAGMENT	105348	105349	1	01ba4719c80b6fe911b091a7c05124b64eeece964e09c058ef8f9805daca546b	Cg==
2323	BLOCK_CLOSE	105349	105350	0	d10b36aa74a59bcf4a88185837f658afaf3646eff2bb16c3928d0e9335e945d2	fQ==
2324	PREPROCESSOR	105350	105358	0	626de321eb397f6600939892a0009f31bc378f7e886f9acc5ec0af18db6a99a7	CiNlbmRpZgo=
2325	PREPROCESSOR	105358	105393	0	0f8d4bfb610f66cb17d27efe931293b12a2b1c2e434adbae01361906ad15b3f0	CiNpZm5kZWYgTk9fZ3RrXzF3aWRnZXRfMWdldF8xcm9vdAo=
2326	FUNCTION_OPEN	105393	105494	0	414caa2d301de07a06c75776e2bc6f668122f9d128da2dac22368d4b330daa20	Sk5JRVhQT1JUIGpsb25nIEpOSUNBTEwgR1RLNF9OQVRJVkUoZ3RrXzF3aWRnZXRfMWdldF8xcm9vdCkKCShKTklFbnYgKmVudiwgamNsYXNzIHRoYXQsIGpsb25nIGFyZzApCns=
2327	STATEMENT	105494	105509	1	3411ceb5951bc52321d8d6cf00df310a159211846b0264e08db2a18b94173633	CglqbG9uZyByYyA9IDA7
2328	STATEMENT	105509	105569	1	cbc0a603b11e624b34753028cfef5b3a3dba4408451d4b2f498c36258ce9d09c	CglHVEs0X05BVElWRV9FTlRFUihlbnYsIHRoYXQsIGd0a18xd2lkZ2V0XzFnZXRfMXJvb3RfRlVOQyk7
2329	STATEMENT	105569	105622	1	e57c6a5c5e8ac9df3390f4a6fa3c619d1510f0cfe16f4646f668a373aef74903	CglyYyA9IChqbG9uZylndGtfd2lkZ2V0X2dldF9yb290KChHdGtXaWRnZXQgKilhcmcwKTs=
2330	STATEMENT	105622	105681	1	e74c32ca29e7337a6b0e03388be78245d66d046a7f953ad298cd60043a4422ad	CglHVEs0X05BVElWRV9FWElUKGVudiwgdGhhdCwgZ3RrXzF3aWRnZXRfMWdldF8xcm9vdF9GVU5DKTs=
2331	STATEMENT	105681	105693	1	a028c9c9501df4846ec72c7b4432d4a3cb499b36b781bb1c38853498151d0ba7	CglyZXR1cm4gcmM7
2332	FRAGMENT	105693	105694	1	01ba4719c80b6fe911b091a7c05124b64eeece964e09c058ef8f9805daca546b	Cg==
2333	BLOCK_CLOSE	105694	105695	0	d10b36aa74a59bcf4a88185837f658afaf3646eff2bb16c3928d0e9335e945d2	fQ==
2334	PREPROCESSOR	105695	105703	0	626de321eb397f6600939892a0009f31bc378f7e886f9acc5ec0af18db6a99a7	CiNlbmRpZgo=
2335	PREPROCESSOR	105703	105747	0	a585f356584a8c251bb9140069d9236cafa714e01a8ac1f62b071e0ce8b7679f	CiNpZm5kZWYgTk9fZ3RrXzF3aWRnZXRfMWdldF8xc2l6ZV8xcmVxdWVzdAo=
2336	FUNCTION_OPEN	105747	105888	0	ecfcc318ce9113a8f223f4b68efcb57aec3463263ac9bab9e6f4fd540afcd3d6	Sk5JRVhQT1JUIHZvaWQgSk5JQ0FMTCBHVEs0X05BVElWRShndGtfMXdpZGdldF8xZ2V0XzFzaXplXzFyZXF1ZXN0KQoJKEpOSUVudiAqZW52LCBqY2xhc3MgdGhhdCwgamxvbmcgYXJnMCwgamludEFycmF5IGFyZzEsIGppbnRBcnJheSBhcmcyKQp7
2337	STATEMENT	105888	105908	1	490e641fda0849eab828d471df09f1ecd4438e25740081b8153585d71e8a1d7c	CglqaW50ICpscGFyZzE9TlVMTDs=
2338	STATEMENT	105908	105928	1	6778f342eb5ab632481500374a71f394d94a272d1e7b47275cb4d780109a0ee9	CglqaW50ICpscGFyZzI9TlVMTDs=
2339	STATEMENT	105928	105997	1	50a4afe2f327d502300f43ec0ebf322bd3f358cda79802465ead53435e9817c0	CglHVEs0X05BVElWRV9FTlRFUihlbnYsIHRoYXQsIGd0a18xd2lkZ2V0XzFnZXRfMXNpemVfMXJlcXVlc3RfRlVOQyk7
2340	STATEMENT	105997	106088	1	56230e6f477fcbae216bfff8a88397d12cae0d8e10a6faee697ea4f2814ae573	CglpZiAoYXJnMSkgaWYgKChscGFyZzEgPSAoKmVudiktPkdldEludEFycmF5RWxlbWVudHMoZW52LCBhcmcxLCBOVUxMKSkgPT0gTlVMTCkgZ290byBmYWlsOw==
2341	STATEMENT	106088	106179	1	ca6aabd59f1383d487b020921ad77bd304b1a72e14905b7e1fbd1d51e7e45db1	CglpZiAoYXJnMikgaWYgKChscGFyZzIgPSAoKmVudiktPkdldEludEFycmF5RWxlbWVudHMoZW52LCBhcmcyLCBOVUxMKSkgPT0gTlVMTCkgZ290byBmYWlsOw==
2342	STATEMENT	106179	106257	1	9d18f56951fb109943b3481e4e0156acf32a0933e05c6eb07fa48886a9d41b71	CglndGtfd2lkZ2V0X2dldF9zaXplX3JlcXVlc3QoKEd0a1dpZGdldCopYXJnMCwgKGludCAqKWxwYXJnMSwgKGludCAqKWxwYXJnMik7
2343	STATEMENT	106257	106339	1	937b097e6910de483c3cbd1c30f882030c6c01ae1a410e62fb9a20783683ba76	CmZhaWw6CglpZiAoYXJnMiAmJiBscGFyZzIpICgqZW52KS0+UmVsZWFzZUludEFycmF5RWxlbWVudHMoZW52LCBhcmcyLCBscGFyZzIsIDApOw==
2344	STATEMENT	106339	106415	1	b55b4c6cd9959755821cc7b3c6e6583c0bcb71e003feabecd02b3bceb08bde8a	CglpZiAoYXJnMSAmJiBscGFyZzEpICgqZW52KS0+UmVsZWFzZUludEFycmF5RWxlbWVudHMoZW52LCBhcmcxLCBscGFyZzEsIDApOw==
2345	STATEMENT	106415	106483	1	4931e043af23936eda9bc58e1e5fac97836d1ce3b24d65876e2aeca41f47a8c2	CglHVEs0X05BVElWRV9FWElUKGVudiwgdGhhdCwgZ3RrXzF3aWRnZXRfMWdldF8xc2l6ZV8xcmVxdWVzdF9GVU5DKTs=
2346	FRAGMENT	106483	106484	1	01ba4719c80b6fe911b091a7c05124b64eeece964e09c058ef8f9805daca546b	Cg==
2347	BLOCK_CLOSE	106484	106485	0	d10b36aa74a59bcf4a88185837f658afaf3646eff2bb16c3928d0e9335e945d2	fQ==
2348	PREPROCESSOR	106485	106493	0	626de321eb397f6600939892a0009f31bc378f7e886f9acc5ec0af18db6a99a7	CiNlbmRpZgo=
2349	PREPROCESSOR	106493	106529	0	32bb9f21bb0f8455686cdb205a6fe1e5fe8cdf4406e96cdf8087e63611a495f5	CiNpZm5kZWYgTk9fZ3RrXzF3aWRnZXRfMWdldF8xd2lkdGgK
2350	FUNCTION_OPEN	106529	106630	0	df03b76fb464b6516ff0186b0eb1032690fb9adbe73a4b37c3f68ce6ad82f3d1	Sk5JRVhQT1JUIGppbnQgSk5JQ0FMTCBHVEs0X05BVElWRShndGtfMXdpZGdldF8xZ2V0XzF3aWR0aCkKCShKTklFbnYgKmVudiwgamNsYXNzIHRoYXQsIGpsb25nIGFyZzApCns=
2351	STATEMENT	106630	106644	1	ab2eac128ef6225b35f40b35e2bd8fba39be8b3b6b281960b3c51646eba99890	CglqaW50IHJjID0gMDs=
2352	STATEMENT	106644	106705	1	eb5660ddd97fdbb212c964076429a97c91d4688934291bfa9b23e7a263ee5f5e	CglHVEs0X05BVElWRV9FTlRFUihlbnYsIHRoYXQsIGd0a18xd2lkZ2V0XzFnZXRfMXdpZHRoX0ZVTkMpOw==
2353	STATEMENT	106705	106758	1	86b9ec4a56276ad9e06ce261ae33c904f1075a5070a969f76ac76e1dc93cb505	CglyYyA9IChqaW50KWd0a193aWRnZXRfZ2V0X3dpZHRoKChHdGtXaWRnZXQgKilhcmcwKTs=
2354	STATEMENT	106758	106818	1	b56829af4e93020d98661e8a8d850fd8d6fd32c8a4158b6d929ab6ebc9c392be	CglHVEs0X05BVElWRV9FWElUKGVudiwgdGhhdCwgZ3RrXzF3aWRnZXRfMWdldF8xd2lkdGhfRlVOQyk7
2355	STATEMENT	106818	106830	1	a028c9c9501df4846ec72c7b4432d4a3cb499b36b781bb1c38853498151d0ba7	CglyZXR1cm4gcmM7
2356	FRAGMENT	106830	106831	1	01ba4719c80b6fe911b091a7c05124b64eeece964e09c058ef8f9805daca546b	Cg==
2357	BLOCK_CLOSE	106831	106832	0	d10b36aa74a59bcf4a88185837f658afaf3646eff2bb16c3928d0e9335e945d2	fQ==
2358	PREPROCESSOR	106832	106840	0	626de321eb397f6600939892a0009f31bc378f7e886f9acc5ec0af18db6a99a7	CiNlbmRpZgo=
2359	PREPROCESSOR	106840	106879	0	db81ee1ccd42f491ce6d07f53e2bf7e664ef348015dbaea831788fe8b41f92a5	CiNpZm5kZWYgTk9fZ3RrXzF3aWRnZXRfMWluc2VydF8xYWZ0ZXIK
2360	FUNCTION_OPEN	106879	107007	0	344538f36ebf088e53447a851c2f7345490fdfd60684e9224c1718c6ccd6658b	Sk5JRVhQT1JUIHZvaWQgSk5JQ0FMTCBHVEs0X05BVElWRShndGtfMXdpZGdldF8xaW5zZXJ0XzFhZnRlcikKCShKTklFbnYgKmVudiwgamNsYXNzIHRoYXQsIGpsb25nIGFyZzAsIGpsb25nIGFyZzEsIGpsb25nIGFyZzIpCns=
2361	STATEMENT	107007	107071	1	8fe740ea64012475b18d44fd61ca942e0016ee77f6e78c179656047835bde04a	CglHVEs0X05BVElWRV9FTlRFUihlbnYsIHRoYXQsIGd0a18xd2lkZ2V0XzFpbnNlcnRfMWFmdGVyX0ZVTkMpOw==
2362	STATEMENT	107071	107154	1	5f4e97c7a797f14829bb311f330436c48a7e08240e8cd64c3cbee6e7087f4a74	CglndGtfd2lkZ2V0X2luc2VydF9hZnRlcigoR3RrV2lkZ2V0ICopYXJnMCwgKEd0a1dpZGdldCAqKWFyZzEsIChHdGtXaWRnZXQgKilhcmcyKTs=
2363	STATEMENT	107154	107217	1	c345466eef24a144cc6ab89252c7fb9bf893ed97c8559aa5fc2d32c583f30a18	CglHVEs0X05BVElWRV9FWElUKGVudiwgdGhhdCwgZ3RrXzF3aWRnZXRfMWluc2VydF8xYWZ0ZXJfRlVOQyk7
2364	FRAGMENT	107217	107218	1	01ba4719c80b6fe911b091a7c05124b64eeece964e09c058ef8f9805daca546b	Cg==
2365	BLOCK_CLOSE	107218	107219	0	d10b36aa74a59bcf4a88185837f658afaf3646eff2bb16c3928d0e9335e945d2	fQ==
2366	PREPROCESSOR	107219	107227	0	626de321eb397f6600939892a0009f31bc378f7e886f9acc5ec0af18db6a99a7	CiNlbmRpZgo=
2367	PREPROCESSOR	107227	107267	0	0becd360b5dc7b5b0f7dfca33f6208db082211ad9b6c1e823e326c8a2cb54382	CiNpZm5kZWYgTk9fZ3RrXzF3aWRnZXRfMWluc2VydF8xYmVmb3JlCg==
2368	FUNCTION_OPEN	107267	107396	0	6ae7bf4f1996f01a6554c86eb2ace3bb717499d4ef2f9988f66c6ea2fad43f66	Sk5JRVhQT1JUIHZvaWQgSk5JQ0FMTCBHVEs0X05BVElWRShndGtfMXdpZGdldF8xaW5zZXJ0XzFiZWZvcmUpCgkoSk5JRW52ICplbnYsIGpjbGFzcyB0aGF0LCBqbG9uZyBhcmcwLCBqbG9uZyBhcmcxLCBqbG9uZyBhcmcyKQp7
2369	STATEMENT	107396	107461	1	57377e350b48a756f48b0dcc0b5aaf03ccc5f138dd05ed1c84bc8f9eba4c230b	CglHVEs0X05BVElWRV9FTlRFUihlbnYsIHRoYXQsIGd0a18xd2lkZ2V0XzFpbnNlcnRfMWJlZm9yZV9GVU5DKTs=
2370	STATEMENT	107461	107545	1	a34079e95fb2883cc4936feaa563e78b3fab9a2c9f69096bd04401bd55978f7e	CglndGtfd2lkZ2V0X2luc2VydF9iZWZvcmUoKEd0a1dpZGdldCAqKWFyZzAsIChHdGtXaWRnZXQgKilhcmcxLCAoR3RrV2lkZ2V0ICopYXJnMik7
2371	STATEMENT	107545	107609	1	a0bb68a4990cbe4d70d22cbc95774c3c385ae82cf3ad14d7ed96f9d7ae1f064c	CglHVEs0X05BVElWRV9FWElUKGVudiwgdGhhdCwgZ3RrXzF3aWRnZXRfMWluc2VydF8xYmVmb3JlX0ZVTkMpOw==
2372	FRAGMENT	107609	107610	1	01ba4719c80b6fe911b091a7c05124b64eeece964e09c058ef8f9805daca546b	Cg==
2373	BLOCK_CLOSE	107610	107611	0	d10b36aa74a59bcf4a88185837f658afaf3646eff2bb16c3928d0e9335e945d2	fQ==
2374	PREPROCESSOR	107611	107619	0	626de321eb397f6600939892a0009f31bc378f7e886f9acc5ec0af18db6a99a7	CiNlbmRpZgo=
2375	PREPROCESSOR	107619	107652	0	5ba2424828ca5c03d35fec727e3d8036111e000d2f02a05d83139d193acc3b3a	CiNpZm5kZWYgTk9fZ3RrXzF3aWRnZXRfMW1lYXN1cmUK
2376	FUNCTION_OPEN	107652	107836	0	9b5fe64751648d58f45d3f2b414c9e2ad1e9cd35f3b7f5b6d4dc11950507c0f5	Sk5JRVhQT1JUIHZvaWQgSk5JQ0FMTCBHVEs0X05BVElWRShndGtfMXdpZGdldF8xbWVhc3VyZSkKCShKTklFbnYgKmVudiwgamNsYXNzIHRoYXQsIGpsb25nIGFyZzAsIGppbnQgYXJnMSwgamludCBhcmcyLCBqaW50QXJyYXkgYXJnMywgamludEFycmF5IGFyZzQsIGppbnRBcnJheSBhcmc1LCBqaW50QXJyYXkgYXJnNikKew==
2377	STATEMENT	107836	107856	1	0f4babeb3fabdb0096eafa4397c27097595e5b24e72497515f7bc834d6e696e6	CglqaW50ICpscGFyZzM9TlVMTDs=
2378	STATEMENT	107856	107876	1	e6094d397f2521b1138f4852480cb23ab638132e24f6c3b14d70fdf9d050b549	CglqaW50ICpscGFyZzQ9TlVMTDs=
2379	STATEMENT	107876	107896	1	c36deab2017725fa7481a4988aca1cc8a184fbf159f56c94121c2107b9b0b008	CglqaW50ICpscGFyZzU9TlVMTDs=
2380	STATEMENT	107896	107916	1	a966fbc1ba595046f751a75f9319f63b8560d47b479c09d98f0ec43b1a081350	CglqaW50ICpscGFyZzY9TlVMTDs=
2381	STATEMENT	107916	107974	1	04a48a818046d0c6b2971c7faea65cd0ca9de58f191528972a140da11f1cc3e6	CglHVEs0X05BVElWRV9FTlRFUihlbnYsIHRoYXQsIGd0a18xd2lkZ2V0XzFtZWFzdXJlX0ZVTkMpOw==
2382	STATEMENT	107974	108065	1	7632bbb38eb7590a94c2214c3112651826b6ce953b00f0b1eb8eda5e1152fdd9	CglpZiAoYXJnMykgaWYgKChscGFyZzMgPSAoKmVudiktPkdldEludEFycmF5RWxlbWVudHMoZW52LCBhcmczLCBOVUxMKSkgPT0gTlVMTCkgZ290byBmYWlsOw==
2383	STATEMENT	108065	108156	1	4ab5944c292d0708690ce8cd7c9021d230523f2178f00095ec15bc1433bc2b72	CglpZiAoYXJnNCkgaWYgKChscGFyZzQgPSAoKmVudiktPkdldEludEFycmF5RWxlbWVudHMoZW52LCBhcmc0LCBOVUxMKSkgPT0gTlVMTCkgZ290byBmYWlsOw==
2384	STATEMENT	108156	108247	1	552750cc804e78707954fff5f3878b49291a9b0efcd444b90eaa874d22b8f286	CglpZiAoYXJnNSkgaWYgKChscGFyZzUgPSAoKmVudiktPkdldEludEFycmF5RWxlbWVudHMoZW52LCBhcmc1LCBOVUxMKSkgPT0gTlVMTCkgZ290byBmYWlsOw==
2385	STATEMENT	108247	108338	1	f45ba4ee8f42e0b47d4b7fb0c4ca47a06fee0a5fac052f45a94c354e6fd1320d	CglpZiAoYXJnNikgaWYgKChscGFyZzYgPSAoKmVudiktPkdldEludEFycmF5RWxlbWVudHMoZW52LCBhcmc2LCBOVUxMKSkgPT0gTlVMTCkgZ290byBmYWlsOw==
2386	STATEMENT	108338	108471	1	57784fc85ce7043ac7d5bed56b0e127ebbbec99e6d39ec36ef67fb299c9f8cab	CglndGtfd2lkZ2V0X21lYXN1cmUoKEd0a1dpZGdldCAqKWFyZzAsIChHdGtPcmllbnRhdGlvbilhcmcxLCAoaW50KWFyZzIsIChpbnQgKilscGFyZzMsIChpbnQgKilscGFyZzQsIChpbnQgKilscGFyZzUsIChpbnQgKilscGFyZzYpOw==
2387	STATEMENT	108471	108553	1	f1d8d85da21c24ebe6226f2f95b5e47a8629d7516467f154efaca32f4c6b7257	CmZhaWw6CglpZiAoYXJnNiAmJiBscGFyZzYpICgqZW52KS0+UmVsZWFzZUludEFycmF5RWxlbWVudHMoZW52LCBhcmc2LCBscGFyZzYsIDApOw==
2388	STATEMENT	108553	108629	1	532e13dcbdb60b3a07680108c1b49f96d34b3ed4743391965138a5d8ab9049db	CglpZiAoYXJnNSAmJiBscGFyZzUpICgqZW52KS0+UmVsZWFzZUludEFycmF5RWxlbWVudHMoZW52LCBhcmc1LCBscGFyZzUsIDApOw==
2389	STATEMENT	108629	108705	1	f65fbbd00e62414eaccee43a1eeddcc374d6221a5f0a7f6db8a7fd6421208865	CglpZiAoYXJnNCAmJiBscGFyZzQpICgqZW52KS0+UmVsZWFzZUludEFycmF5RWxlbWVudHMoZW52LCBhcmc0LCBscGFyZzQsIDApOw==
2390	STATEMENT	108705	108781	1	185a3c14849840fa401472b8f7e37aafe8d8626269b1b07e98ee20ba779a5413	CglpZiAoYXJnMyAmJiBscGFyZzMpICgqZW52KS0+UmVsZWFzZUludEFycmF5RWxlbWVudHMoZW52LCBhcmczLCBscGFyZzMsIDApOw==
2391	STATEMENT	108781	108838	1	4ececbf96efc6b6af83b9b14cde3789f7bec4e3e0c263df3eca95abf4d9c644b	CglHVEs0X05BVElWRV9FWElUKGVudiwgdGhhdCwgZ3RrXzF3aWRnZXRfMW1lYXN1cmVfRlVOQyk7
2392	FRAGMENT	108838	108839	1	01ba4719c80b6fe911b091a7c05124b64eeece964e09c058ef8f9805daca546b	Cg==
2393	BLOCK_CLOSE	108839	108840	0	d10b36aa74a59bcf4a88185837f658afaf3646eff2bb16c3928d0e9335e945d2	fQ==
2394	PREPROCESSOR	108840	108848	0	626de321eb397f6600939892a0009f31bc378f7e886f9acc5ec0af18db6a99a7	CiNlbmRpZgo=
2395	PREPROCESSOR	108848	108888	0	55186c6606381e290d18e1b08864598add70d21dfa8841969cf774b0816fbb38	CiNpZm5kZWYgTk9fZ3RrXzF3aWRnZXRfMXBhaW50YWJsZV8xbmV3Cg==
2396	FUNCTION_OPEN	108888	108994	0	945c549fc7d4ae7693be6df2f3b01512587eebcc03c29cb492be181b0137d6c2	Sk5JRVhQT1JUIGpsb25nIEpOSUNBTEwgR1RLNF9OQVRJVkUoZ3RrXzF3aWRnZXRfMXBhaW50YWJsZV8xbmV3KQoJKEpOSUVudiAqZW52LCBqY2xhc3MgdGhhdCwgamxvbmcgYXJnMCkKew==
2397	STATEMENT	108994	109009	1	3411ceb5951bc52321d8d6cf00df310a159211846b0264e08db2a18b94173633	CglqbG9uZyByYyA9IDA7
2398	STATEMENT	109009	109074	1	9f971337441fff3915b17d30a299e61210f9866a6ea3f1c78af96a20091f0ed0	CglHVEs0X05BVElWRV9FTlRFUihlbnYsIHRoYXQsIGd0a18xd2lkZ2V0XzFwYWludGFibGVfMW5ld19GVU5DKTs=
2399	STATEMENT	109074	109132	1	c71a6924e74f7c21e6d2c2286fdca02fea2981218ca0bcefe90df3d9b7420490	CglyYyA9IChqbG9uZylndGtfd2lkZ2V0X3BhaW50YWJsZV9uZXcoKEd0a1dpZGdldCAqKWFyZzApOw==
2400	STATEMENT	109132	109196	1	afdfbc712caf85e04f40cd63da15e881a22af1a950f6d211de588635ecf51e5c	CglHVEs0X05BVElWRV9FWElUKGVudiwgdGhhdCwgZ3RrXzF3aWRnZXRfMXBhaW50YWJsZV8xbmV3X0ZVTkMpOw==
2401	STATEMENT	109196	109208	1	a028c9c9501df4846ec72c7b4432d4a3cb499b36b781bb1c38853498151d0ba7	CglyZXR1cm4gcmM7
2402	FRAGMENT	109208	109209	1	01ba4719c80b6fe911b091a7c05124b64eeece964e09c058ef8f9805daca546b	Cg==
2403	BLOCK_CLOSE	109209	109210	0	d10b36aa74a59bcf4a88185837f658afaf3646eff2bb16c3928d0e9335e945d2	fQ==
2404	PREPROCESSOR	109210	109218	0	626de321eb397f6600939892a0009f31bc378f7e886f9acc5ec0af18db6a99a7	CiNlbmRpZgo=
2405	PREPROCESSOR	109218	109248	0	9a01721d515b2caaafb2f56666a05ffc81a002406e3ff4241972e0bfe878e19d	CiNpZm5kZWYgTk9fZ3RrXzF3aWRnZXRfMXBpY2sK
2406	FUNCTION_OPEN	109248	109383	0	7d4ebeaccb52e3839f764962f1db6827d99a98bd84afcc97ae1e12877207eff7	Sk5JRVhQT1JUIGpsb25nIEpOSUNBTEwgR1RLNF9OQVRJVkUoZ3RrXzF3aWRnZXRfMXBpY2spCgkoSk5JRW52ICplbnYsIGpjbGFzcyB0aGF0LCBqbG9uZyBhcmcwLCBqZG91YmxlIGFyZzEsIGpkb3VibGUgYXJnMiwgamludCBhcmczKQp7
2407	STATEMENT	109383	109398	1	3411ceb5951bc52321d8d6cf00df310a159211846b0264e08db2a18b94173633	CglqbG9uZyByYyA9IDA7
2408	STATEMENT	109398	109453	1	b0a0e9cf6a9971902ff9b3ddc5d30c45d9a769f641c9631172e1ab8baef5d6dd	CglHVEs0X05BVElWRV9FTlRFUihlbnYsIHRoYXQsIGd0a18xd2lkZ2V0XzFwaWNrX0ZVTkMpOw==
2409	STATEMENT	109453	109550	1	40a145b738a53c81bfbd16c912723ec71a18fbf545f3f393dbf76f9e96f855e0	CglyYyA9IChqbG9uZylndGtfd2lkZ2V0X3BpY2soKEd0a1dpZGdldCAqKWFyZzAsIChkb3VibGUpYXJnMSwgKGRvdWJsZSlhcmcyLCAoR3RrUGlja0ZsYWdzKWFyZzMpOw==
2410	STATEMENT	109550	109604	1	87e61418ed620570e1bad7e05e51aa20ceb933f3f170cd699a9f4adba960ca04	CglHVEs0X05BVElWRV9FWElUKGVudiwgdGhhdCwgZ3RrXzF3aWRnZXRfMXBpY2tfRlVOQyk7
2411	STATEMENT	109604	109616	1	a028c9c9501df4846ec72c7b4432d4a3cb499b36b781bb1c38853498151d0ba7	CglyZXR1cm4gcmM7
2412	FRAGMENT	109616	109617	1	01ba4719c80b6fe911b091a7c05124b64eeece964e09c058ef8f9805daca546b	Cg==
2413	BLOCK_CLOSE	109617	109618	0	d10b36aa74a59bcf4a88185837f658afaf3646eff2bb16c3928d0e9335e945d2	fQ==
2414	PREPROCESSOR	109618	109626	0	626de321eb397f6600939892a0009f31bc378f7e886f9acc5ec0af18db6a99a7	CiNlbmRpZgo=
2415	PREPROCESSOR	109626	109670	0	45308e922ca97853beba36e27a0dc2445306421fcc73dd8036717a14351b9dcf	CiNpZm5kZWYgTk9fZ3RrXzF3aWRnZXRfMXJlbW92ZV8xY29udHJvbGxlcgo=
2416	FUNCTION_OPEN	109670	109791	0	0a3c702eb4b9b7efa7fc3e152339931e88957c074c48b0506e511d28d5184318	Sk5JRVhQT1JUIHZvaWQgSk5JQ0FMTCBHVEs0X05BVElWRShndGtfMXdpZGdldF8xcmVtb3ZlXzFjb250cm9sbGVyKQoJKEpOSUVudiAqZW52LCBqY2xhc3MgdGhhdCwgamxvbmcgYXJnMCwgamxvbmcgYXJnMSkKew==
2417	STATEMENT	109791	109860	1	d7f7c5536623159e2e17959223fca344a4428e2fbc4be6b9f6dec213da9af031	CglHVEs0X05BVElWRV9FTlRFUihlbnYsIHRoYXQsIGd0a18xd2lkZ2V0XzFyZW1vdmVfMWNvbnRyb2xsZXJfRlVOQyk7
2418	STATEMENT	109860	109938	1	44a3df0fa33ddcecedeaf016d84bae3b245fda2975ed860bb24ca9851a84db0d	CglndGtfd2lkZ2V0X3JlbW92ZV9jb250cm9sbGVyKChHdGtXaWRnZXQgKilhcmcwLCAoR3RrRXZlbnRDb250cm9sbGVyICopYXJnMSk7
2419	STATEMENT	109938	110006	1	06584b2690eb9a63ef6dc22cd54c43ac68e80f33a7b6b2ad85bcdd2ba96a8767	CglHVEs0X05BVElWRV9FWElUKGVudiwgdGhhdCwgZ3RrXzF3aWRnZXRfMXJlbW92ZV8xY29udHJvbGxlcl9GVU5DKTs=
2420	FRAGMENT	110006	110007	1	01ba4719c80b6fe911b091a7c05124b64eeece964e09c058ef8f9805daca546b	Cg==
2421	BLOCK_CLOSE	110007	110008	0	d10b36aa74a59bcf4a88185837f658afaf3646eff2bb16c3928d0e9335e945d2	fQ==
2422	PREPROCESSOR	110008	110016	0	626de321eb397f6600939892a0009f31bc378f7e886f9acc5ec0af18db6a99a7	CiNlbmRpZgo=
2423	PREPROCESSOR	110016	110053	0	ea9e0e53a48b96a92dbb5efc48a896ab3d00c8cd962943ab68fc470fd02befe0	CiNpZm5kZWYgTk9fZ3RrXzF3aWRnZXRfMXNldF8xY3Vyc29yCg==
2424	FUNCTION_OPEN	110053	110167	0	04d0e27870d1afe6e0c44eeaf6c6da4af43ed729575ab5e02a6897e49050cd52	Sk5JRVhQT1JUIHZvaWQgSk5JQ0FMTCBHVEs0X05BVElWRShndGtfMXdpZGdldF8xc2V0XzFjdXJzb3IpCgkoSk5JRW52ICplbnYsIGpjbGFzcyB0aGF0LCBqbG9uZyBhcmcwLCBqbG9uZyBhcmcxKQp7
2425	STATEMENT	110167	110229	1	de6a248c82fa30d149cc568d980039f440c31cf4b35dd07fdab5a1466019d2e8	CglHVEs0X05BVElWRV9FTlRFUihlbnYsIHRoYXQsIGd0a18xd2lkZ2V0XzFzZXRfMWN1cnNvcl9GVU5DKTs=
2426	STATEMENT	110229	110291	1	8b192bbf8a31223f2564f587c242d0d9a690f73a1846bc23d7459833704e8deb	CglndGtfd2lkZ2V0X3NldF9jdXJzb3IoKEd0a1dpZGdldCAqKWFyZzAsIChHZGtDdXJzb3IgKilhcmcxKTs=
2427	STATEMENT	110291	110352	1	56a3e23ce820b624d04394ecf4852f8f84e7cacd363b5dc1237d81fae65f4aa2	CglHVEs0X05BVElWRV9FWElUKGVudiwgdGhhdCwgZ3RrXzF3aWRnZXRfMXNldF8xY3Vyc29yX0ZVTkMpOw==
2428	FRAGMENT	110352	110353	1	01ba4719c80b6fe911b091a7c05124b64eeece964e09c058ef8f9805daca546b	Cg==
2429	BLOCK_CLOSE	110353	110354	0	d10b36aa74a59bcf4a88185837f658afaf3646eff2bb16c3928d0e9335e945d2	fQ==
2430	PREPROCESSOR	110354	110362	0	626de321eb397f6600939892a0009f31bc378f7e886f9acc5ec0af18db6a99a7	CiNlbmRpZgo=
2431	PREPROCESSOR	110362	110402	0	d7f0fdb30472675241f1b9a27a9d3f6daa1d92d97dfd11c29296d3823c52736d	CiNpZm5kZWYgTk9fZ3RrXzF3aWRnZXRfMXNldF8xZm9jdXNhYmxlCg==
2432	FUNCTION_OPEN	110402	110522	0	875fd7091de1a3d06c60feecb00b932d26d2dd4057b523d6bc3b3eb1c5965cf6	Sk5JRVhQT1JUIHZvaWQgSk5JQ0FMTCBHVEs0X05BVElWRShndGtfMXdpZGdldF8xc2V0XzFmb2N1c2FibGUpCgkoSk5JRW52ICplbnYsIGpjbGFzcyB0aGF0LCBqbG9uZyBhcmcwLCBqYm9vbGVhbiBhcmcxKQp7
2433	STATEMENT	110522	110587	1	4b0b67f958af4b179cf43bf74222427901466eaae1f14c32611fb601ce3a5021	CglHVEs0X05BVElWRV9FTlRFUihlbnYsIHRoYXQsIGd0a18xd2lkZ2V0XzFzZXRfMWZvY3VzYWJsZV9GVU5DKTs=
2434	STATEMENT	110587	110649	1	8b49a0c31c8725034f8f0adf31658f457f57d000b97fe0a51808bf8d4f23efb5	CglndGtfd2lkZ2V0X3NldF9mb2N1c2FibGUoKEd0a1dpZGdldCAqKWFyZzAsIChnYm9vbGVhbilhcmcxKTs=
2435	STATEMENT	110649	110713	1	0eeb1c256f6dd63c8f38e755ecdc39be30502142c61dd86e516927b968dc2812	CglHVEs0X05BVElWRV9FWElUKGVudiwgdGhhdCwgZ3RrXzF3aWRnZXRfMXNldF8xZm9jdXNhYmxlX0ZVTkMpOw==
2436	FRAGMENT	110713	110714	1	01ba4719c80b6fe911b091a7c05124b64eeece964e09c058ef8f9805daca546b	Cg==
2437	BLOCK_CLOSE	110714	110715	0	d10b36aa74a59bcf4a88185837f658afaf3646eff2bb16c3928d0e9335e945d2	fQ==
2438	PREPROCESSOR	110715	110723	0	626de321eb397f6600939892a0009f31bc378f7e886f9acc5ec0af18db6a99a7	CiNlbmRpZgo=
2439	PREPROCESSOR	110723	110762	0	cab918b083703f1f8b3fe7f23118b3af34d74f955172bcac6e8dbb2eadb4c1d0	CiNpZm5kZWYgTk9fZ3RrXzF3aWRnZXRfMXNldF8xb3ZlcmZsb3cK
2440	FUNCTION_OPEN	110762	110877	0	6250d5d3eca2e82535fc611bda1bdf4f302fc3202358f843f111c2ccf106f604	Sk5JRVhQT1JUIHZvaWQgSk5JQ0FMTCBHVEs0X05BVElWRShndGtfMXdpZGdldF8xc2V0XzFvdmVyZmxvdykKCShKTklFbnYgKmVudiwgamNsYXNzIHRoYXQsIGpsb25nIGFyZzAsIGppbnQgYXJnMSkKew==
2441	STATEMENT	110877	110941	1	ff606b71abe14efcb38ef2dfdccf166678e6872a912dd9d68e511f2963698e44	CglHVEs0X05BVElWRV9FTlRFUihlbnYsIHRoYXQsIGd0a18xd2lkZ2V0XzFzZXRfMW92ZXJmbG93X0ZVTkMpOw==
2442	STATEMENT	110941	111005	1	ff635cd80b1c27377c4aaf5bd46152742701dd31f8958a8903c3e21777d9b35c	CglndGtfd2lkZ2V0X3NldF9vdmVyZmxvdygoR3RrV2lkZ2V0ICopYXJnMCwgKEd0a092ZXJmbG93KWFyZzEpOw==
2443	STATEMENT	111005	111068	1	78c410ab355e350f2b29234649acad6e6ced8eaf3b505e4cafaed90f6bb0a00c	CglHVEs0X05BVElWRV9FWElUKGVudiwgdGhhdCwgZ3RrXzF3aWRnZXRfMXNldF8xb3ZlcmZsb3dfRlVOQyk7
2444	FRAGMENT	111068	111069	1	01ba4719c80b6fe911b091a7c05124b64eeece964e09c058ef8f9805daca546b	Cg==
2445	BLOCK_CLOSE	111069	111070	0	d10b36aa74a59bcf4a88185837f658afaf3646eff2bb16c3928d0e9335e945d2	fQ==
2446	PREPROCESSOR	111070	111078	0	626de321eb397f6600939892a0009f31bc378f7e886f9acc5ec0af18db6a99a7	CiNlbmRpZgo=
2447	PREPROCESSOR	111078	111122	0	04eb5598566b4e20f40aa85a8bb47e72ded0614b8010468cc592a06ed89c9488	CiNpZm5kZWYgTk9fZ3RrXzF3aWRnZXRfMXNldF8xc2l6ZV8xcmVxdWVzdAo=
2448	FUNCTION_OPEN	111122	111253	0	7d47b3e148d95bcfbb95cd2f95b2af2a7a74bfc7731ff2804c2e357beeece824	Sk5JRVhQT1JUIHZvaWQgSk5JQ0FMTCBHVEs0X05BVElWRShndGtfMXdpZGdldF8xc2V0XzFzaXplXzFyZXF1ZXN0KQoJKEpOSUVudiAqZW52LCBqY2xhc3MgdGhhdCwgamxvbmcgYXJnMCwgamludCBhcmcxLCBqaW50IGFyZzIpCns=
2449	STATEMENT	111253	111322	1	952842094be1ac2af41ce94c33cbac5a20af0cdbd1ce1410848b81667df2c66b	CglHVEs0X05BVElWRV9FTlRFUihlbnYsIHRoYXQsIGd0a18xd2lkZ2V0XzFzZXRfMXNpemVfMXJlcXVlc3RfRlVOQyk7
2450	STATEMENT	111322	111392	1	7e7889846042ad8ce9daab2d8249aa7f206a6fb5c24c530f5fd65b6507a0a6e8	CglndGtfd2lkZ2V0X3NldF9zaXplX3JlcXVlc3QoKEd0a1dpZGdldCopYXJnMCwgKGludClhcmcxLCAoaW50KWFyZzIpOw==
2451	STATEMENT	111392	111460	1	8cba0ec587ef6243d5e0a96ec9ccc637b6cf570ddbabd640b8b3fc29c2124d7b	CglHVEs0X05BVElWRV9FWElUKGVudiwgdGhhdCwgZ3RrXzF3aWRnZXRfMXNldF8xc2l6ZV8xcmVxdWVzdF9GVU5DKTs=
2452	FRAGMENT	111460	111461	1	01ba4719c80b6fe911b091a7c05124b64eeece964e09c058ef8f9805daca546b	Cg==
2453	BLOCK_CLOSE	111461	111462	0	d10b36aa74a59bcf4a88185837f658afaf3646eff2bb16c3928d0e9335e945d2	fQ==
2454	PREPROCESSOR	111462	111470	0	626de321eb397f6600939892a0009f31bc378f7e886f9acc5ec0af18db6a99a7	CiNlbmRpZgo=
2455	PREPROCESSOR	111470	111510	0	90b3a3d2c46c73f899da2786d2be45783f12d2dd0105b3ec6f1b6116ba2d47f3	CiNpZm5kZWYgTk9fZ3RrXzF3aWRnZXRfMXNpemVfMWFsbG9jYXRlCg==
2456	FUNCTION_OPEN	111510	111640	0	76cd0d785c2aef88170c6a4bee4a86490eb2c3b752d8093189112c0a2f7b287d	Sk5JRVhQT1JUIHZvaWQgSk5JQ0FMTCBHVEs0X05BVElWRShndGtfMXdpZGdldF8xc2l6ZV8xYWxsb2NhdGUpCgkoSk5JRW52ICplbnYsIGpjbGFzcyB0aGF0LCBqbG9uZyBhcmcwLCBqb2JqZWN0IGFyZzEsIGppbnQgYXJnMikKew==
2457	STATEMENT	111640	111676	1	84075b9dbfa8e5db858138704f6389c9afa50b9587cf58209161438b48d021fc	CglHdGtBbGxvY2F0aW9uIF9hcmcxLCAqbHBhcmcxPU5VTEw7
2458	STATEMENT	111676	111741	1	0521f88b2146799b0e8574d368fefd502dbd2215a59bcf18c8f6037728f4851e	CglHVEs0X05BVElWRV9FTlRFUihlbnYsIHRoYXQsIGd0a18xd2lkZ2V0XzFzaXplXzFhbGxvY2F0ZV9GVU5DKTs=
2459	STATEMENT	111741	111829	1	53b81e5ad7b53fa9a5e4b81bd0af6d097b32f805aa3daaa8fa8f73a506e4cbc6	CglpZiAoYXJnMSkgaWYgKChscGFyZzEgPSBnZXRHdGtBbGxvY2F0aW9uRmllbGRzKGVudiwgYXJnMSwgJl9hcmcxKSkgPT0gTlVMTCkgZ290byBmYWlsOw==
2460	STATEMENT	111829	111906	1	03e75afd102dd1c4205da50f85e0e7507fbb4be553d0842e41453dd44bd9e82a	CglndGtfd2lkZ2V0X3NpemVfYWxsb2NhdGUoKEd0a1dpZGdldCAqKWFyZzAsIChHdGtBbGxvY2F0aW9uICopbHBhcmcxLCBhcmcyKTs=
2461	STATEMENT	111906	111976	1	9e6a19f9b83f994ea1e97d8594bf1eab0641f7614f852ee7c003792d10448310	CmZhaWw6CglHVEs0X05BVElWRV9FWElUKGVudiwgdGhhdCwgZ3RrXzF3aWRnZXRfMXNpemVfMWFsbG9jYXRlX0ZVTkMpOw==
2462	FRAGMENT	111976	111977	1	01ba4719c80b6fe911b091a7c05124b64eeece964e09c058ef8f9805daca546b	Cg==
2463	BLOCK_CLOSE	111977	111978	0	d10b36aa74a59bcf4a88185837f658afaf3646eff2bb16c3928d0e9335e945d2	fQ==
2464	PREPROCESSOR	111978	111986	0	626de321eb397f6600939892a0009f31bc378f7e886f9acc5ec0af18db6a99a7	CiNlbmRpZgo=
2465	PREPROCESSOR	111986	112027	0	0b2f73cce6b58c50f7ad97a0522f0a991f89f841a39b2ebef315f1d40720bfb6	CiNpZm5kZWYgTk9fZ3RrXzF3aWRnZXRfMXNuYXBzaG90XzFjaGlsZAo=
2466	FUNCTION_OPEN	112027	112157	0	5615f3df27655c52449cf6b9f1b995684c91395910bfed2ff3c69756caa52ebc	Sk5JRVhQT1JUIHZvaWQgSk5JQ0FMTCBHVEs0X05BVElWRShndGtfMXdpZGdldF8xc25hcHNob3RfMWNoaWxkKQoJKEpOSUVudiAqZW52LCBqY2xhc3MgdGhhdCwgamxvbmcgYXJnMCwgamxvbmcgYXJnMSwgamxvbmcgYXJnMikKew==
2467	STATEMENT	112157	112223	1	6e2807b4cca84fc4d7362afa2212ec6b4ae078b534de241ab600464ca402f8a3	CglHVEs0X05BVElWRV9FTlRFUihlbnYsIHRoYXQsIGd0a18xd2lkZ2V0XzFzbmFwc2hvdF8xY2hpbGRfRlVOQyk7
2468	STATEMENT	112223	112310	1	3aad6edbd17e5f407b5d9abe6b8ff2ad98b912ad6862412c0e1230f2fa294925	CglndGtfd2lkZ2V0X3NuYXBzaG90X2NoaWxkKChHdGtXaWRnZXQgKilhcmcwLCAoR3RrV2lkZ2V0ICopYXJnMSwgKEd0a1NuYXBzaG90ICopYXJnMik7
2469	STATEMENT	112310	112375	1	9665948ae63abc6f289e1d6ca71fe7ef92697b103dbb462b6b615f67814165a4	CglHVEs0X05BVElWRV9FWElUKGVudiwgdGhhdCwgZ3RrXzF3aWRnZXRfMXNuYXBzaG90XzFjaGlsZF9GVU5DKTs=
2470	FRAGMENT	112375	112376	1	01ba4719c80b6fe911b091a7c05124b64eeece964e09c058ef8f9805daca546b	Cg==
2471	BLOCK_CLOSE	112376	112377	0	d10b36aa74a59bcf4a88185837f658afaf3646eff2bb16c3928d0e9335e945d2	fQ==
2472	PREPROCESSOR	112377	112385	0	626de321eb397f6600939892a0009f31bc378f7e886f9acc5ec0af18db6a99a7	CiNlbmRpZgo=
2473	PREPROCESSOR	112385	112433	0	a9c3f7566274813052d8e308e61048212f39e54f2bfcd807388e6d099bc3bc8c	CiNpZm5kZWYgTk9fZ3RrXzF3aWRnZXRfMXRyYW5zbGF0ZV8xY29vcmRpbmF0ZXMK
2474	FUNCTION_OPEN	112433	112628	0	8b6410c45bc8b44019168e285d852ebfe8f094b6b6850c972f153d17614f9098	Sk5JRVhQT1JUIGpib29sZWFuIEpOSUNBTEwgR1RLNF9OQVRJVkUoZ3RrXzF3aWRnZXRfMXRyYW5zbGF0ZV8xY29vcmRpbmF0ZXMpCgkoSk5JRW52ICplbnYsIGpjbGFzcyB0aGF0LCBqbG9uZyBhcmcwLCBqbG9uZyBhcmcxLCBqZG91YmxlIGFyZzIsIGpkb3VibGUgYXJnMywgamRvdWJsZUFycmF5IGFyZzQsIGpkb3VibGVBcnJheSBhcmc1KQp7
2475	STATEMENT	112628	112651	1	f1302216a37f294522e79f0876434084f08f3a59ce146be01c4c43e27ae6031f	CglqZG91YmxlICpscGFyZzQ9TlVMTDs=
2476	STATEMENT	112651	112674	1	cc989d79a9be3da5ecb930b46a52f8d8652b7b54f1e60ef1546a7443c0d64829	CglqZG91YmxlICpscGFyZzU9TlVMTDs=
2477	STATEMENT	112674	112692	1	6e389c725127046540fa228f0aca981232172a088ed5b7d88f2be6db7346caa1	CglqYm9vbGVhbiByYyA9IDA7
2478	STATEMENT	112692	112765	1	7fac7500f169c1e1ebd12f059cc98b055b684e4e8239754b28b27a712346fc3d	CglHVEs0X05BVElWRV9FTlRFUihlbnYsIHRoYXQsIGd0a18xd2lkZ2V0XzF0cmFuc2xhdGVfMWNvb3JkaW5hdGVzX0ZVTkMpOw==
2479	STATEMENT	112765	112859	1	324da04d992371bc9037a19200b0b1de2ec73063594e22488b545dfbb3890180	CglpZiAoYXJnNCkgaWYgKChscGFyZzQgPSAoKmVudiktPkdldERvdWJsZUFycmF5RWxlbWVudHMoZW52LCBhcmc0LCBOVUxMKSkgPT0gTlVMTCkgZ290byBmYWlsOw==
2480	STATEMENT	112859	112953	1	807257bb9756a7bb2c7340d39096b839a3c77fcfaa7e2fab47d75e12c65db3cb	CglpZiAoYXJnNSkgaWYgKChscGFyZzUgPSAoKmVudiktPkdldERvdWJsZUFycmF5RWxlbWVudHMoZW52LCBhcmc1LCBOVUxMKSkgPT0gTlVMTCkgZ290byBmYWlsOw==
2481	STATEMENT	112953	113089	1	caa5cc5dcbb0c4117858d169e3c415ef62c082f82f0fe6327e38ab8a9e8fc07c	CglyYyA9IChqYm9vbGVhbilndGtfd2lkZ2V0X3RyYW5zbGF0ZV9jb29yZGluYXRlcygoR3RrV2lkZ2V0ICopYXJnMCwgKEd0a1dpZGdldCAqKWFyZzEsIGFyZzIsIGFyZzMsIChkb3VibGUgKilscGFyZzQsIChkb3VibGUgKilscGFyZzUpOw==
2482	STATEMENT	113089	113174	1	c65ce09962ad36406a3be16495079d3f82602def29765afe6c1aafc2ebee99bb	CmZhaWw6CglpZiAoYXJnNSAmJiBscGFyZzUpICgqZW52KS0+UmVsZWFzZURvdWJsZUFycmF5RWxlbWVudHMoZW52LCBhcmc1LCBscGFyZzUsIDApOw==
2483	STATEMENT	113174	113253	1	37841e162f4239d5bc848041f5d58a7f8f4bcc5143ad4e53442c99999110f28a	CglpZiAoYXJnNCAmJiBscGFyZzQpICgqZW52KS0+UmVsZWFzZURvdWJsZUFycmF5RWxlbWVudHMoZW52LCBhcmc0LCBscGFyZzQsIDApOw==
2484	STATEMENT	113253	113325	1	1f37ed1530b7d6dbc67e3bd6975d4518018531d4089e53bfbffb170b2cd09cdb	CglHVEs0X05BVElWRV9FWElUKGVudiwgdGhhdCwgZ3RrXzF3aWRnZXRfMXRyYW5zbGF0ZV8xY29vcmRpbmF0ZXNfRlVOQyk7
2485	STATEMENT	113325	113337	1	a028c9c9501df4846ec72c7b4432d4a3cb499b36b781bb1c38853498151d0ba7	CglyZXR1cm4gcmM7
2486	FRAGMENT	113337	113338	1	01ba4719c80b6fe911b091a7c05124b64eeece964e09c058ef8f9805daca546b	Cg==
2487	BLOCK_CLOSE	113338	113339	0	d10b36aa74a59bcf4a88185837f658afaf3646eff2bb16c3928d0e9335e945d2	fQ==
2488	PREPROCESSOR	113339	113347	0	626de321eb397f6600939892a0009f31bc378f7e886f9acc5ec0af18db6a99a7	CiNlbmRpZgo=
2489	PREPROCESSOR	113347	113380	0	aad7890fa7fd3e835318a5a713d28b4f61e5c4999e6d9fbe21da93bcc125db14	CiNpZm5kZWYgTk9fZ3RrXzF3aW5kb3dfMWRlc3Ryb3kK
2490	FUNCTION_OPEN	113380	113478	0	0ba29f89f748219b4e1749a551ecd1197c10178723bf0928562ef1430a5202a3	Sk5JRVhQT1JUIHZvaWQgSk5JQ0FMTCBHVEs0X05BVElWRShndGtfMXdpbmRvd18xZGVzdHJveSkKCShKTklFbnYgKmVudiwgamNsYXNzIHRoYXQsIGpsb25nIGFyZzApCns=
2491	STATEMENT	113478	113536	1	612c96fce9cbe81809504646898adcc9089209e8f57f9eeb953c53e886f72570	CglHVEs0X05BVElWRV9FTlRFUihlbnYsIHRoYXQsIGd0a18xd2luZG93XzFkZXN0cm95X0ZVTkMpOw==
2492	STATEMENT	113536	113576	1	e3dba9a0afca2fa402508ac2560ae3609bbf7b85d89c8d681a6a1a5c9ad70546	CglndGtfd2luZG93X2Rlc3Ryb3koKEd0a1dpbmRvdyAqKWFyZzApOw==
2493	STATEMENT	113576	113633	1	82abce6d1596fa9328c30f16516664c78603bb048ffd0b3ab56b01c355df8b6f	CglHVEs0X05BVElWRV9FWElUKGVudiwgdGhhdCwgZ3RrXzF3aW5kb3dfMWRlc3Ryb3lfRlVOQyk7
2494	FRAGMENT	113633	113634	1	01ba4719c80b6fe911b091a7c05124b64eeece964e09c058ef8f9805daca546b	Cg==
2495	BLOCK_CLOSE	113634	113635	0	d10b36aa74a59bcf4a88185837f658afaf3646eff2bb16c3928d0e9335e945d2	fQ==
2496	PREPROCESSOR	113635	113643	0	626de321eb397f6600939892a0009f31bc378f7e886f9acc5ec0af18db6a99a7	CiNlbmRpZgo=
2497	PREPROCESSOR	113643	113684	0	7d4caf95eb36dff555cce8d1b72ec0bcbe1ca0b123b191a5469321788503a9e6	CiNpZm5kZWYgTk9fZ3RrXzF3aW5kb3dfMWdldF8xaWNvbl8xbmFtZQo=
2498	FUNCTION_OPEN	113684	113791	0	6133fea8943b26a4aeb0546977b00e55dca0f6d3e0846dee8e46fa296913da4d	Sk5JRVhQT1JUIGpsb25nIEpOSUNBTEwgR1RLNF9OQVRJVkUoZ3RrXzF3aW5kb3dfMWdldF8xaWNvbl8xbmFtZSkKCShKTklFbnYgKmVudiwgamNsYXNzIHRoYXQsIGpsb25nIGFyZzApCns=
2499	STATEMENT	113791	113806	1	3411ceb5951bc52321d8d6cf00df310a159211846b0264e08db2a18b94173633	CglqbG9uZyByYyA9IDA7
2500	STATEMENT	113806	113872	1	baad3e1e20acda919c3471fa148e40083279532ba23ae69e26b86583174149a1	CglHVEs0X05BVElWRV9FTlRFUihlbnYsIHRoYXQsIGd0a18xd2luZG93XzFnZXRfMWljb25fMW5hbWVfRlVOQyk7
2501	STATEMENT	113872	113930	1	98047bca1debec92db6d3b758767dacc04b83c18e893d3dc429a745bef5bd35d	CglyYyA9IChqbG9uZylndGtfd2luZG93X2dldF9pY29uX25hbWUoKEd0a1dpbmRvdyAqKWFyZzApOw==
2502	STATEMENT	113930	113995	1	6b9c4b2ddaa66968cf72cbd17a08a5f9fa5529073231472602ccfe48b53e2973	CglHVEs0X05BVElWRV9FWElUKGVudiwgdGhhdCwgZ3RrXzF3aW5kb3dfMWdldF8xaWNvbl8xbmFtZV9GVU5DKTs=
2503	STATEMENT	113995	114007	1	a028c9c9501df4846ec72c7b4432d4a3cb499b36b781bb1c38853498151d0ba7	CglyZXR1cm4gcmM7
2504	FRAGMENT	114007	114008	1	01ba4719c80b6fe911b091a7c05124b64eeece964e09c058ef8f9805daca546b	Cg==
2505	BLOCK_CLOSE	114008	114009	0	d10b36aa74a59bcf4a88185837f658afaf3646eff2bb16c3928d0e9335e945d2	fQ==
2506	PREPROCESSOR	114009	114017	0	626de321eb397f6600939892a0009f31bc378f7e886f9acc5ec0af18db6a99a7	CiNlbmRpZgo=
2507	PREPROCESSOR	114017	114056	0	e730da5b04e499db39568eb2aae038f98275945b2f541030e722a93744d2c808	CiNpZm5kZWYgTk9fZ3RrXzF3aW5kb3dfMWdldF8xdGl0bGViYXIK
2508	FUNCTION_OPEN	114056	114161	0	08d091c03c451bbc59ddc1c0b40dac6e2c2dedae58de50ed4933d3075bb6190a	Sk5JRVhQT1JUIGpsb25nIEpOSUNBTEwgR1RLNF9OQVRJVkUoZ3RrXzF3aW5kb3dfMWdldF8xdGl0bGViYXIpCgkoSk5JRW52ICplbnYsIGpjbGFzcyB0aGF0LCBqbG9uZyBhcmcwKQp7
2509	STATEMENT	114161	114176	1	3411ceb5951bc52321d8d6cf00df310a159211846b0264e08db2a18b94173633	CglqbG9uZyByYyA9IDA7
2510	STATEMENT	114176	114240	1	8150d1f2bb97a34812c888512c0254c9a5a27ebd41b95ac90dc5034932fa7c7d	CglHVEs0X05BVElWRV9FTlRFUihlbnYsIHRoYXQsIGd0a18xd2luZG93XzFnZXRfMXRpdGxlYmFyX0ZVTkMpOw==
2511	STATEMENT	114240	114297	1	27713aa02347a9485a181de3fb1600947072833243e5231f25fab3e7c1263aed	CglyYyA9IChqbG9uZylndGtfd2luZG93X2dldF90aXRsZWJhcigoR3RrV2luZG93ICopYXJnMCk7
2512	STATEMENT	114297	114360	1	bf78b1cd1fe316b64163029679e5aff9face856f5ece3a6eb39c01a594eaf2c3	CglHVEs0X05BVElWRV9FWElUKGVudiwgdGhhdCwgZ3RrXzF3aW5kb3dfMWdldF8xdGl0bGViYXJfRlVOQyk7
2513	STATEMENT	114360	114372	1	a028c9c9501df4846ec72c7b4432d4a3cb499b36b781bb1c38853498151d0ba7	CglyZXR1cm4gcmM7
2514	FRAGMENT	114372	114373	1	01ba4719c80b6fe911b091a7c05124b64eeece964e09c058ef8f9805daca546b	Cg==
2515	BLOCK_CLOSE	114373	114374	0	d10b36aa74a59bcf4a88185837f658afaf3646eff2bb16c3928d0e9335e945d2	fQ==
2516	PREPROCESSOR	114374	114382	0	626de321eb397f6600939892a0009f31bc378f7e886f9acc5ec0af18db6a99a7	CiNlbmRpZgo=
2517	PREPROCESSOR	114382	114421	0	9eaf9579d476d3757e601add432bc1fd85327967fc783974c86dd2abc8614348	CiNpZm5kZWYgTk9fZ3RrXzF3aW5kb3dfMWlzXzFtYXhpbWl6ZWQK
2518	FUNCTION_OPEN	114421	114529	0	284a67ac5d094ee976ea04d5a2f71767bf32f8a12657732de2bd5ebf364bf10e	Sk5JRVhQT1JUIGpib29sZWFuIEpOSUNBTEwgR1RLNF9OQVRJVkUoZ3RrXzF3aW5kb3dfMWlzXzFtYXhpbWl6ZWQpCgkoSk5JRW52ICplbnYsIGpjbGFzcyB0aGF0LCBqbG9uZyBhcmcwKQp7
2519	STATEMENT	114529	114547	1	6e389c725127046540fa228f0aca981232172a088ed5b7d88f2be6db7346caa1	CglqYm9vbGVhbiByYyA9IDA7
2520	STATEMENT	114547	114611	1	b07ccfd12ccf57b9e1493888987d82bbe7a555902d9291ef99e562d08c0b1c08	CglHVEs0X05BVElWRV9FTlRFUihlbnYsIHRoYXQsIGd0a18xd2luZG93XzFpc18xbWF4aW1pemVkX0ZVTkMpOw==
2521	STATEMENT	114611	114671	1	fe543f0cb8aa3993a8bc95053b271e07a652db90549594927d0c95794d22c7ee	CglyYyA9IChqYm9vbGVhbilndGtfd2luZG93X2lzX21heGltaXplZCgoR3RrV2luZG93ICopYXJnMCk7
2522	STATEMENT	114671	114734	1	b31cabc885eb11339ea204c1b009d3e4246fe615c7f3964de336065b1398e51b	CglHVEs0X05BVElWRV9FWElUKGVudiwgdGhhdCwgZ3RrXzF3aW5kb3dfMWlzXzFtYXhpbWl6ZWRfRlVOQyk7
2523	STATEMENT	114734	114746	1	a028c9c9501df4846ec72c7b4432d4a3cb499b36b781bb1c38853498151d0ba7	CglyZXR1cm4gcmM7
2524	FRAGMENT	114746	114747	1	01ba4719c80b6fe911b091a7c05124b64eeece964e09c058ef8f9805daca546b	Cg==
2525	BLOCK_CLOSE	114747	114748	0	d10b36aa74a59bcf4a88185837f658afaf3646eff2bb16c3928d0e9335e945d2	fQ==
2526	PREPROCESSOR	114748	114756	0	626de321eb397f6600939892a0009f31bc378f7e886f9acc5ec0af18db6a99a7	CiNlbmRpZgo=
2527	PREPROCESSOR	114756	114790	0	b27f4120b73857e8f22327c737003bd04d4a3ac84e4d4032c27295ab6cf776e1	CiNpZm5kZWYgTk9fZ3RrXzF3aW5kb3dfMW1heGltaXplCg==
2528	FUNCTION_OPEN	114790	114889	0	694bf36a073a23a21a5cb1ee5838800646b67555c904241d5819388e483f570f	Sk5JRVhQT1JUIHZvaWQgSk5JQ0FMTCBHVEs0X05BVElWRShndGtfMXdpbmRvd18xbWF4aW1pemUpCgkoSk5JRW52ICplbnYsIGpjbGFzcyB0aGF0LCBqbG9uZyBhcmcwKQp7
2529	STATEMENT	114889	114948	1	97eaa147bd61365e0586aa6b5d8a6897cecb6d35f14972156528a91ba8620084	CglHVEs0X05BVElWRV9FTlRFUihlbnYsIHRoYXQsIGd0a18xd2luZG93XzFtYXhpbWl6ZV9GVU5DKTs=
2530	STATEMENT	114948	114989	1	8c1b693a8e8faf8551aa7903b49e08546b49a04c8a867382215ae8c2285c58ed	CglndGtfd2luZG93X21heGltaXplKChHdGtXaW5kb3cgKilhcmcwKTs=
2531	STATEMENT	114989	115047	1	7b453fc7489cc03eefc334bf5985b5cbb7e18d85de53c14a35491208673dedb9	CglHVEs0X05BVElWRV9FWElUKGVudiwgdGhhdCwgZ3RrXzF3aW5kb3dfMW1heGltaXplX0ZVTkMpOw==
2532	FRAGMENT	115047	115048	1	01ba4719c80b6fe911b091a7c05124b64eeece964e09c058ef8f9805daca546b	Cg==
2533	BLOCK_CLOSE	115048	115049	0	d10b36aa74a59bcf4a88185837f658afaf3646eff2bb16c3928d0e9335e945d2	fQ==
2534	PREPROCESSOR	115049	115057	0	626de321eb397f6600939892a0009f31bc378f7e886f9acc5ec0af18db6a99a7	CiNlbmRpZgo=
2535	PREPROCESSOR	115057	115091	0	bee0b1989bb466ba36f510467a64b89fe90d382d66053ba32ea89f3b8de42754	CiNpZm5kZWYgTk9fZ3RrXzF3aW5kb3dfMW1pbmltaXplCg==
2536	FUNCTION_OPEN	115091	115190	0	88a05288cf37917cc7a768548df39eca44bec0d0fc4a0079404d78a69df665e8	Sk5JRVhQT1JUIHZvaWQgSk5JQ0FMTCBHVEs0X05BVElWRShndGtfMXdpbmRvd18xbWluaW1pemUpCgkoSk5JRW52ICplbnYsIGpjbGFzcyB0aGF0LCBqbG9uZyBhcmcwKQp7
2537	STATEMENT	115190	115249	1	6f4aefd017b4648cddd15725eaa6f5db72b3d55094f85facc46adcd44fbc9586	CglHVEs0X05BVElWRV9FTlRFUihlbnYsIHRoYXQsIGd0a18xd2luZG93XzFtaW5pbWl6ZV9GVU5DKTs=
2538	STATEMENT	115249	115290	1	b20600677ed08215702c2229568949abc964879b95335d35227e5d46df32a68c	CglndGtfd2luZG93X21pbmltaXplKChHdGtXaW5kb3cgKilhcmcwKTs=
2539	STATEMENT	115290	115348	1	564c0dd2d2949c7c6eb5673eaa4a832670f320234bf3fa335254b63c7dcf085c	CglHVEs0X05BVElWRV9FWElUKGVudiwgdGhhdCwgZ3RrXzF3aW5kb3dfMW1pbmltaXplX0ZVTkMpOw==
2540	FRAGMENT	115348	115349	1	01ba4719c80b6fe911b091a7c05124b64eeece964e09c058ef8f9805daca546b	Cg==
2541	BLOCK_CLOSE	115349	115350	0	d10b36aa74a59bcf4a88185837f658afaf3646eff2bb16c3928d0e9335e945d2	fQ==
2542	PREPROCESSOR	115350	115358	0	626de321eb397f6600939892a0009f31bc378f7e886f9acc5ec0af18db6a99a7	CiNlbmRpZgo=
2543	PREPROCESSOR	115358	115387	0	db0f311d0f8d5672f1ad1edd02c1edb05804a6e1016f42e6bc7aeeacfa493f98	CiNpZm5kZWYgTk9fZ3RrXzF3aW5kb3dfMW5ldwo=
2544	FUNCTION_OPEN	115387	115470	0	0a7c1902924d9857fd24183fbf6b64914b9e537b353397ef28547ed1357156e8	Sk5JRVhQT1JUIGpsb25nIEpOSUNBTEwgR1RLNF9OQVRJVkUoZ3RrXzF3aW5kb3dfMW5ldykKCShKTklFbnYgKmVudiwgamNsYXNzIHRoYXQpCns=
2545	STATEMENT	115470	115485	1	3411ceb5951bc52321d8d6cf00df310a159211846b0264e08db2a18b94173633	CglqbG9uZyByYyA9IDA7
2546	STATEMENT	115485	115539	1	74fb4e7f1689088e9c59efa70b27b031ab8ab8993c6acad788acab137f7e64f9	CglHVEs0X05BVElWRV9FTlRFUihlbnYsIHRoYXQsIGd0a18xd2luZG93XzFuZXdfRlVOQyk7
2547	STATEMENT	115539	115570	1	4c1b85fd14df6d67b8dddc84876b6e6376650e379f03cdf5c31919965a712a31	CglyYyA9IChqbG9uZylndGtfd2luZG93X25ldygpOw==
2548	STATEMENT	115570	115623	1	7278c4721ab06257ba1f66f389794983950cb8312600a8687c2bb49e7027ad05	CglHVEs0X05BVElWRV9FWElUKGVudiwgdGhhdCwgZ3RrXzF3aW5kb3dfMW5ld19GVU5DKTs=
2549	STATEMENT	115623	115635	1	a028c9c9501df4846ec72c7b4432d4a3cb499b36b781bb1c38853498151d0ba7	CglyZXR1cm4gcmM7
2550	FRAGMENT	115635	115636	1	01ba4719c80b6fe911b091a7c05124b64eeece964e09c058ef8f9805daca546b	Cg==
2551	BLOCK_CLOSE	115636	115637	0	d10b36aa74a59bcf4a88185837f658afaf3646eff2bb16c3928d0e9335e945d2	fQ==
2552	PREPROCESSOR	115637	115645	0	626de321eb397f6600939892a0009f31bc378f7e886f9acc5ec0af18db6a99a7	CiNlbmRpZgo=
2553	PREPROCESSOR	115645	115678	0	d7bdee447de3cd7eb957bc9053a4e26e2c0788a22debe006dce12054536f7de2	CiNpZm5kZWYgTk9fZ3RrXzF3aW5kb3dfMXByZXNlbnQK
2554	FUNCTION_OPEN	115678	115776	0	bc044525fc45ca523499fbdb6fb67773128c0ae81dbcbba368896276e5cf6dbe	Sk5JRVhQT1JUIHZvaWQgSk5JQ0FMTCBHVEs0X05BVElWRShndGtfMXdpbmRvd18xcHJlc2VudCkKCShKTklFbnYgKmVudiwgamNsYXNzIHRoYXQsIGpsb25nIGFyZzApCns=
2555	STATEMENT	115776	115834	1	77a0a60874c3d109a9274ff002e82674747dc8af6bbd4edb87389c745f3fea92	CglHVEs0X05BVElWRV9FTlRFUihlbnYsIHRoYXQsIGd0a18xd2luZG93XzFwcmVzZW50X0ZVTkMpOw==
2556	STATEMENT	115834	115874	1	a4f17dd344a38b7770a2c0f31a08c5924759354c9cb718c16063e88c09b28a17	CglndGtfd2luZG93X3ByZXNlbnQoKEd0a1dpbmRvdyAqKWFyZzApOw==
2557	STATEMENT	115874	115931	1	cba81ea5416283fbf3277c0d37bdc7d7cd6a5157321e6ce0af13a0ff0a797209	CglHVEs0X05BVElWRV9FWElUKGVudiwgdGhhdCwgZ3RrXzF3aW5kb3dfMXByZXNlbnRfRlVOQyk7
2558	FRAGMENT	115931	115932	1	01ba4719c80b6fe911b091a7c05124b64eeece964e09c058ef8f9805daca546b	Cg==
2559	BLOCK_CLOSE	115932	115933	0	d10b36aa74a59bcf4a88185837f658afaf3646eff2bb16c3928d0e9335e945d2	fQ==
2560	PREPROCESSOR	115933	115941	0	626de321eb397f6600939892a0009f31bc378f7e886f9acc5ec0af18db6a99a7	CiNlbmRpZgo=
2561	PREPROCESSOR	115941	115977	0	c22cddb7d2ae9fb1d57d6a1ab530a8570828fae2b6b1fce2937f37d8d31950cf	CiNpZm5kZWYgTk9fZ3RrXzF3aW5kb3dfMXNldF8xY2hpbGQK
2562	FUNCTION_OPEN	115977	116090	0	0ce4bdd600c89b138d84cc342e1b6fb6f492f9a6a872ab575ba0a4b4195e9eca	Sk5JRVhQT1JUIHZvaWQgSk5JQ0FMTCBHVEs0X05BVElWRShndGtfMXdpbmRvd18xc2V0XzFjaGlsZCkKCShKTklFbnYgKmVudiwgamNsYXNzIHRoYXQsIGpsb25nIGFyZzAsIGpsb25nIGFyZzEpCns=
2563	STATEMENT	116090	116151	1	224b44a5fdba18bb1c2c4c5968ba4b39cc9cee709e43fa91eab1dbc2de26afbb	CglHVEs0X05BVElWRV9FTlRFUihlbnYsIHRoYXQsIGd0a18xd2luZG93XzFzZXRfMWNoaWxkX0ZVTkMpOw==
2564	STATEMENT	116151	116212	1	d4eea2991148e4e44f5e0ae73db93de1e0a33f0b39de6a3d20cf8151c526247a	CglndGtfd2luZG93X3NldF9jaGlsZCgoR3RrV2luZG93ICopYXJnMCwgKEd0a1dpZGdldCAqKWFyZzEpOw==
2565	STATEMENT	116212	116272	1	698274063ee9658d8a49e260b1b1d2bc36c16328a18d42cd3254c361529fe70d	CglHVEs0X05BVElWRV9FWElUKGVudiwgdGhhdCwgZ3RrXzF3aW5kb3dfMXNldF8xY2hpbGRfRlVOQyk7
2566	FRAGMENT	116272	116273	1	01ba4719c80b6fe911b091a7c05124b64eeece964e09c058ef8f9805daca546b	Cg==
2567	BLOCK_CLOSE	116273	116274	0	d10b36aa74a59bcf4a88185837f658afaf3646eff2bb16c3928d0e9335e945d2	fQ==
2568	PREPROCESSOR	116274	116282	0	626de321eb397f6600939892a0009f31bc378f7e886f9acc5ec0af18db6a99a7	CiNlbmRpZgo=
2569	PREPROCESSOR	116282	116328	0	5df85d020f8d8feed604bfdf4eab9532befa53dc757540c370d744725bedef61	CiNpZm5kZWYgTk9fZ3RrXzF3aW5kb3dfMXNldF8xZGVmYXVsdF8xd2lkZ2V0Cg==
2570	FUNCTION_OPEN	116328	116451	0	c835d0cab1bd1a181b4021af0261455fef1d3f5963eb7ca1c310fb977ee633de	Sk5JRVhQT1JUIHZvaWQgSk5JQ0FMTCBHVEs0X05BVElWRShndGtfMXdpbmRvd18xc2V0XzFkZWZhdWx0XzF3aWRnZXQpCgkoSk5JRW52ICplbnYsIGpjbGFzcyB0aGF0LCBqbG9uZyBhcmcwLCBqbG9uZyBhcmcxKQp7
2571	STATEMENT	116451	116522	1	bf1ebe462e3ec75e29c72436b0719342bc202d82a4a005bbdc2861f82f154a1b	CglHVEs0X05BVElWRV9FTlRFUihlbnYsIHRoYXQsIGd0a18xd2luZG93XzFzZXRfMWRlZmF1bHRfMXdpZGdldF9GVU5DKTs=
2572	STATEMENT	116522	116592	1	2838e8976c1934d25e040252d212f10d843382b213e189c69449a23d4795b389	CglndGtfd2luZG93X3NldF9kZWZhdWx0X3dpZGdldCgoR3RrV2luZG93ICopYXJnMCwgKEd0a1dpZGdldCAqKWFyZzEpOw==
2573	STATEMENT	116592	116662	1	b5e17f074dbd8067666110fcc600edd4f1d4e89810da46e83e872d7b6e29f89f	CglHVEs0X05BVElWRV9FWElUKGVudiwgdGhhdCwgZ3RrXzF3aW5kb3dfMXNldF8xZGVmYXVsdF8xd2lkZ2V0X0ZVTkMpOw==
2574	FRAGMENT	116662	116663	1	01ba4719c80b6fe911b091a7c05124b64eeece964e09c058ef8f9805daca546b	Cg==
2575	BLOCK_CLOSE	116663	116664	0	d10b36aa74a59bcf4a88185837f658afaf3646eff2bb16c3928d0e9335e945d2	fQ==
2576	PREPROCESSOR	116664	116672	0	626de321eb397f6600939892a0009f31bc378f7e886f9acc5ec0af18db6a99a7	CiNlbmRpZgo=
2577	PREPROCESSOR	116672	116713	0	c22a2193fdf6658839bd4b7b964353adcdc6c70f173101356063e01b8cd0b988	CiNpZm5kZWYgTk9fZ3RrXzF3aW5kb3dfMXNldF8xaWNvbl8xbmFtZQo=
2578	FUNCTION_OPEN	116713	116831	0	e8f3ab50ccb65b308c4d1d19ea174af25f9a860bb65364f741e3f64ec4fe6c89	Sk5JRVhQT1JUIHZvaWQgSk5JQ0FMTCBHVEs0X05BVElWRShndGtfMXdpbmRvd18xc2V0XzFpY29uXzFuYW1lKQoJKEpOSUVudiAqZW52LCBqY2xhc3MgdGhhdCwgamxvbmcgYXJnMCwgamxvbmcgYXJnMSkKew==
2579	STATEMENT	116831	116897	1	eed5a8e3a2a25c50959b4481e4679f58cecfcf7c5cb3783199b9d96c476a56a9	CglHVEs0X05BVElWRV9FTlRFUihlbnYsIHRoYXQsIGd0a18xd2luZG93XzFzZXRfMWljb25fMW5hbWVfRlVOQyk7
2580	STATEMENT	116897	116963	1	ec4c07ac1e6219fd46df6d98e45283b5a43c44a33f30f2d435db72710cb81b4d	CglndGtfd2luZG93X3NldF9pY29uX25hbWUoKEd0a1dpbmRvdyAqKWFyZzAsIChjb25zdCBjaGFyICopYXJnMSk7
2581	STATEMENT	116963	117028	1	f3281058960356bd767b2e284258238816c7f007a34c77cea20905f176fbabeb	CglHVEs0X05BVElWRV9FWElUKGVudiwgdGhhdCwgZ3RrXzF3aW5kb3dfMXNldF8xaWNvbl8xbmFtZV9GVU5DKTs=
2582	FRAGMENT	117028	117029	1	01ba4719c80b6fe911b091a7c05124b64eeece964e09c058ef8f9805daca546b	Cg==
2583	BLOCK_CLOSE	117029	117030	0	d10b36aa74a59bcf4a88185837f658afaf3646eff2bb16c3928d0e9335e945d2	fQ==
2584	PREPROCESSOR	117030	117038	0	626de321eb397f6600939892a0009f31bc378f7e886f9acc5ec0af18db6a99a7	CiNlbmRpZgo=
2585	PREPROCESSOR	117038	117077	0	89e65b76ee80ef002675c12e32ebe81b263e33150b849b2a8afe16b93d3f2744	CiNpZm5kZWYgTk9fZ3RrXzF3aW5kb3dfMXNldF8xdGl0bGViYXIK
2586	FUNCTION_OPEN	117077	117193	0	6aca1610e4acc40fcf3d6ef4fbc6a9092cbdf660e86db70fe79abc1a9ae5c69c	Sk5JRVhQT1JUIHZvaWQgSk5JQ0FMTCBHVEs0X05BVElWRShndGtfMXdpbmRvd18xc2V0XzF0aXRsZWJhcikKCShKTklFbnYgKmVudiwgamNsYXNzIHRoYXQsIGpsb25nIGFyZzAsIGpsb25nIGFyZzEpCns=
2587	STATEMENT	117193	117257	1	9a1f404f98ddffe82984719f22c2ae46cf6d6ec96e862c230d7c2e2d708f3c64	CglHVEs0X05BVElWRV9FTlRFUihlbnYsIHRoYXQsIGd0a18xd2luZG93XzFzZXRfMXRpdGxlYmFyX0ZVTkMpOw==
2588	STATEMENT	117257	117321	1	0af5e657f9ea96a34cc9d4999319b3796f34c226c4d5cfc457237bf668998b21	CglndGtfd2luZG93X3NldF90aXRsZWJhcigoR3RrV2luZG93ICopYXJnMCwgKEd0a1dpZGdldCAqKWFyZzEpOw==
2589	STATEMENT	117321	117384	1	0664ac57691fb777315338d2dc2b540f4e374228c6a1be8520b14d46510ada2e	CglHVEs0X05BVElWRV9FWElUKGVudiwgdGhhdCwgZ3RrXzF3aW5kb3dfMXNldF8xdGl0bGViYXJfRlVOQyk7
2590	FRAGMENT	117384	117385	1	01ba4719c80b6fe911b091a7c05124b64eeece964e09c058ef8f9805daca546b	Cg==
2591	BLOCK_CLOSE	117385	117386	0	d10b36aa74a59bcf4a88185837f658afaf3646eff2bb16c3928d0e9335e945d2	fQ==
2592	PREPROCESSOR	117386	117394	0	626de321eb397f6600939892a0009f31bc378f7e886f9acc5ec0af18db6a99a7	CiNlbmRpZgo=
2593	PREPROCESSOR	117394	117430	0	6afb75ece5040ed9d5747ea82b057faa3c69cfd8edd8ed06255ecfe41de2d5fe	CiNpZm5kZWYgTk9fZ3RrXzF3aW5kb3dfMXVubWluaW1pemUK
2594	FUNCTION_OPEN	117430	117531	0	0297f1adc81a07c6c8ae4c86929eb6913df99a5e5c593545d58a9e794e9ff8d2	Sk5JRVhQT1JUIHZvaWQgSk5JQ0FMTCBHVEs0X05BVElWRShndGtfMXdpbmRvd18xdW5taW5pbWl6ZSkKCShKTklFbnYgKmVudiwgamNsYXNzIHRoYXQsIGpsb25nIGFyZzApCns=
2595	STATEMENT	117531	117592	1	0c692b853efc62a8435c7882c777ae48db5f01d05b8007056bf765e0708acf76	CglHVEs0X05BVElWRV9FTlRFUihlbnYsIHRoYXQsIGd0a18xd2luZG93XzF1bm1pbmltaXplX0ZVTkMpOw==
2596	STATEMENT	117592	117635	1	a68258709c7c4c0d584f08629f62594f03c2df891fd623509e7b6a39c1ec46df	CglndGtfd2luZG93X3VubWluaW1pemUoKEd0a1dpbmRvdyAqKWFyZzApOw==
2597	STATEMENT	117635	117695	1	1e8cb9081b552208550eafd47ff7048a1774f8f0049591732bcebec1ba24529b	CglHVEs0X05BVElWRV9FWElUKGVudiwgdGhhdCwgZ3RrXzF3aW5kb3dfMXVubWluaW1pemVfRlVOQyk7
2598	FRAGMENT	117695	117696	1	01ba4719c80b6fe911b091a7c05124b64eeece964e09c058ef8f9805daca546b	Cg==
2599	BLOCK_CLOSE	117696	117697	0	d10b36aa74a59bcf4a88185837f658afaf3646eff2bb16c3928d0e9335e945d2	fQ==
2600	PREPROCESSOR	117697	117705	0	626de321eb397f6600939892a0009f31bc378f7e886f9acc5ec0af18db6a99a7	CiNlbmRpZgo=
2601	TRAILING	117705	117706	0	01ba4719c80b6fe911b091a7c05124b64eeece964e09c058ef8f9805daca546b	Cg==
