path	before_sha256	after_sha256	packet_sha256	atoms	changed
.m3/openrewrite-recipes/src/main/java/com/synexia/m3/bootstrap/M3BootstrapInventoryRecipe.java	05ac05e7f3cb7549d26866a61dec0edf19515317c95f73db82d1c517cad88ef5	05ac05e7f3cb7549d26866a61dec0edf19515317c95f73db82d1c517cad88ef5	0fa31d2953bad02f725597a36b0d06ed928c60739d0151d81cd395c81cc34af5	43	false
.m3/openrewrite-recipes/src/main/java/com/synexia/m3/bootstrap/M3BootstrapTaskRecipe.java	58bac6968ebd2cce6f43f338c289db14435b3ef05ed2abc13402275285b89462	58bac6968ebd2cce6f43f338c289db14435b3ef05ed2abc13402275285b89462	bc04100b6441f3b245e5be92c9e09c7b91e0a71d9c9d476e8d37829331e338b1	30	false
.m3/openrewrite-recipes/src/test/java/com/synexia/m3/bootstrap/M3BootstrapInventoryRecipeTest.java	e6239852f4867c115f666d857585d4b9a904b29bfc1c1c80c7360507f63390cc	e6239852f4867c115f666d857585d4b9a904b29bfc1c1c80c7360507f63390cc	29dd829c4bae8aea37952316b448ae5bf6013013ac2e03adcea74415d56e3bb9	4	false
bundles/org.eclipse.swt.svg/src/org/eclipse/swt/svg/JSVGRasterizer.java	f9116bda352b1f672cc3aa392896611aa54a908681a39240d0a85496b6ff3f79	f9116bda352b1f672cc3aa392896611aa54a908681a39240d0a85496b6ff3f79	963c1d3bed4b5cb7ab0ef7c45b9000ce83333fbbae8da41aad7183f580845c6c	74	false
bundles/org.eclipse.swt.svg/src/org/eclipse/swt/svg/logging/JVSGLoggerLogManager.java	00ca8ec11b829ccfdc80f7597e828f8641b923979d3b4968942949469ee782f5	00ca8ec11b829ccfdc80f7597e828f8641b923979d3b4968942949469ee782f5	d65e16d3e87af9f1b432cb731c40987b96e045a49b8e2f687efa9dec29527ac2	27	false
bundles/org.eclipse.swt.svg/test/org/eclipse/swt/svg/JSVGRasterizerTest.java	a7b92d033ab550deaee9d842f63e0423470168949405d26fd2028ba9d17c546a	a7b92d033ab550deaee9d842f63e0423470168949405d26fd2028ba9d17c546a	6a9af09410c4abbceb34fef355cf64b42be75f4fae08b0a67392ffe7dbd80b35	34	false
bundles/org.eclipse.swt.tools/Icon Exe/org/eclipse/swt/tools/internal/IconExe.java	5663b35f7e9ad6f168a554fdfb45c78b3b0bc4b12af210be38b165b1b4146cce	c4f2e77f29b6a9ce8649150371f26e9a5a05d87339c83622c0931274c86f456c	5a84818c48aaab7b86c692fd1ac62a950ef34efe02bd095670f2895e61834e12	2118	true
bundles/org.eclipse.swt.tools/JNI Generation/org/eclipse/swt/tools/internal/ASTClass.java	38d3e2a6e535d92b5ff48e953cb9e781d19111a46471ebc8c2991be8b3fdd4f0	5c37a04795a822e4f88eb539ae760e6d3f8c8cb3494c14e19ebb60fbf64a733e	dbcd9f61976a488bc1f43aac3c2c2cc618bd472cff7393cdc77a333162f5ccd5	122	true
bundles/org.eclipse.swt.tools/JNI Generation/org/eclipse/swt/tools/internal/ASTField.java	c861ee5bdfc91274a127d91be1279f97b56bde0a03e843a3709baef9d6d74fd0	73e4ab0df70e3743fcc74f1469a570778862876554491223bd16d8ee042b7ba5	419fd40fe6858769601b08fdca12b6baf14bc188fa8c1ebb0e958a2652cc81af	67	true
bundles/org.eclipse.swt.tools/JNI Generation/org/eclipse/swt/tools/internal/ASTItem.java	2c0ff1c2b0b28d5df09e386e8f532fd15b92998ca05ee7c43bddab288bd04d0d	2c0ff1c2b0b28d5df09e386e8f532fd15b92998ca05ee7c43bddab288bd04d0d	a21391c64f0f81936e902a2ae3fef621b339ad98aa475bae4a6e4659025c896c	0	false
bundles/org.eclipse.swt.tools/JNI Generation/org/eclipse/swt/tools/internal/ASTMethod.java	4e490241383b7d3769a20de57337be014c11bbe149801494849b27f37147cc4c	e7bcc031330fce04730c6900636dc10d3080b7e493f63b6e2f1541e0120fc8e9	e03670eed5762eaa1a6fb955d6476f608734b2e1005540fa347fb9093468b3a9	105	true
bundles/org.eclipse.swt.tools/JNI Generation/org/eclipse/swt/tools/internal/ASTParameter.java	2ccb31a8bcbc9938e862272725f64fe8ef4e0500586e56a60444e319d732d04b	967f3a0098591f5a0509ceac0669b01a87db14f1ca98e7cd8b3001aa529a1bc3	808b723a8927a6b3a09aa4c5342bd7ba6ef89597135dc2108a31b02d1f0ad9d0	56	true
bundles/org.eclipse.swt.tools/JNI Generation/org/eclipse/swt/tools/internal/ASTType.java	2dfc15ba69ce29052a9731d7d6d4c0172167cf46c5e2a6113cd17ce8f33429f4	b84f4a7b42ac5995f63d74e807cfad90813bb2b0d8261574095ced247a896f02	1dd33be13b56b9e50a489d98ab1a6404a979e726fbf6eea574b678cd739b8d77	286	true
bundles/org.eclipse.swt.tools/JNI Generation/org/eclipse/swt/tools/internal/AbstractItem.java	a96f9afa7b85886032fcd1ac2e11549f347ff3fc2d99f3bb099fe8e43568ee12	f194d0c98a6872986337df89efea5bffda20358f3345203072e007930e34d88a	dd5c98d401791105bdd072df0098d4a6b70bb32c65c9545c119be859c8ea6e8e	120	true
bundles/org.eclipse.swt.tools/JNI Generation/org/eclipse/swt/tools/internal/CleanupClass.java	955fe0f64aeef1b6c49475f142e181a0dc3c2db5b3605ae747bb651e618955b6	942a8384f8af2b6579d227d195059e6003fd1aada3f44d4dae851248e66eefa4	dcceb8bce522b5da0c4508b022cd8d548ab861b665cbf48478a61486d7c5a52d	97	true
bundles/org.eclipse.swt.tools/JNI Generation/org/eclipse/swt/tools/internal/CleanupConstants.java	80a1b2820a1c4e40dd7654e5115e4cc5dcaa0d7eb8939b99802b76d9d59d499b	0279fc3d3d4f7b98ef06255008fcd73d0fe282480a3d0523c94fc67dafe20373	7d123418e8db4e91465ad7c153b915c13d3bf148facc3ca0bfadd8b22023d9cd	69	true
bundles/org.eclipse.swt.tools/JNI Generation/org/eclipse/swt/tools/internal/CleanupNatives.java	6149ce9fa0a5c6eca61b5c6f74d02fa4cc24f2f712a99f3f38f422c5e556c895	48aa349bcb28c8c98f804e08cdc80b7d53a57b02c098af7e049d5658b0681701	1354d1055570988064a146be56247e7e5067a34120504378806b774fe8b21cea	44	true
bundles/org.eclipse.swt.tools/JNI Generation/org/eclipse/swt/tools/internal/ConstantsGenerator.java	516f0f6d78751386538bc6bbed9d3787164db6535995bc66ec30694e6f452bfc	3c1e217f237c1ab1b4f3c67db736232239567a2ccc823820f01ec2797c5bcddd	022a21f10cbd627950e0fd0c73d3b95d050c9f18da5d21bd6ca8d41eef3be772	43	true
bundles/org.eclipse.swt.tools/JNI Generation/org/eclipse/swt/tools/internal/EmbedMetaData.java	1f13104a2c2b29fab32b5cf0600486e464399b44ec548e090db5367a13f40c65	a5d9e2b8c0fe0ddfd111b0d05c8cf9d4442892f2aad048e1149e64bb1a031d55	415dedb223a609a72ac83a58f64964f26128395dc8cba840c1cc9c0ee172a77f	92	true
bundles/org.eclipse.swt.tools/JNI Generation/org/eclipse/swt/tools/internal/Flags.java	53c431937a72ea7f1ff7392833d037c08452d9fe2848288644bd4cbf2ffac03d	53c431937a72ea7f1ff7392833d037c08452d9fe2848288644bd4cbf2ffac03d	6443ad0e07a2affb993f2fd37bf3bf0f60a380356ce87aefc48bdff4266f99fa	0	false
bundles/org.eclipse.swt.tools/JNI Generation/org/eclipse/swt/tools/internal/JNIClass.java	926f4d17f81bbe682cc098116515d4330d23ebe2daa7cb04d39efa52769e54e1	926f4d17f81bbe682cc098116515d4330d23ebe2daa7cb04d39efa52769e54e1	87399aec29db611e2c744213e701575b537484784796c518d21c98d97ec0f1d5	0	false
bundles/org.eclipse.swt.tools/JNI Generation/org/eclipse/swt/tools/internal/JNIField.java	f964e2031d79a8d210a3c1651fb39249d71b1be0139b2538c17719213e200f62	f964e2031d79a8d210a3c1651fb39249d71b1be0139b2538c17719213e200f62	29721854ae420acdb65e2fdf8f6e6d3546ca1822391cff20ad2830bf05f0139b	0	false
bundles/org.eclipse.swt.tools/JNI Generation/org/eclipse/swt/tools/internal/JNIGenerator.java	59e66fe324529299178f3c14685102d4f82e559120140ec32a6375fd520f68f8	ea926fde9e51dfd4baff235c4bff5dc60bb1c55e22730375028ec9740c9cd4bb	846ba35e759084820bc3d68973f6e829bcac333321d86a23e5520271d424b652	271	true
bundles/org.eclipse.swt.tools/JNI Generation/org/eclipse/swt/tools/internal/JNIGeneratorApp.java	a47a2b208a0d231e62766783ca074b8171a0ba22ecdc38ef09eefa7139ee2248	98147e7cdfcd41eebb3ce5fb56ee4969c0b449e4245cd2fc58754d6b959e2998	a9da12be1843a14dd8140d81002f27c70fbbf4b024fc4f7e8d3cc653aef1fcd7	481	true
bundles/org.eclipse.swt.tools/JNI Generation/org/eclipse/swt/tools/internal/JNIGeneratorAppUI.java	769af49c6165a327fc349b755a296155077f36306e29a369348d4a30e988a977	dd1854a6e77d2527f948821d84ffd7028230c725f8494be8263d785320dde4ad	ed66679112ac273f069fd44b417a844e78654d80c3074da1c0d889c1f36143d1	1033	true
bundles/org.eclipse.swt.tools/JNI Generation/org/eclipse/swt/tools/internal/JNIItem.java	347056b07d45fe06c56099657c034eb5ddafb28e41263954b76f97886e8687fe	347056b07d45fe06c56099657c034eb5ddafb28e41263954b76f97886e8687fe	9adba33415881e29f5ff881bcc7c63c892415c23ce2f8b169e5dc338ac625eb9	0	false
bundles/org.eclipse.swt.tools/JNI Generation/org/eclipse/swt/tools/internal/JNIMethod.java	80b4b8b306fdcaee3edfe97380e29b371fd85a470d0ec6f958a08779c6465ea4	80b4b8b306fdcaee3edfe97380e29b371fd85a470d0ec6f958a08779c6465ea4	b642743beeab79bda6c32dc15d0c840e28a417920ba94cfa3e91c35a8aa2543a	0	false
bundles/org.eclipse.swt.tools/JNI Generation/org/eclipse/swt/tools/internal/JNIParameter.java	1e74893d0440e235a690f1dc2523d1ee0618a0fb998905c3ea20820c835ddb76	1e74893d0440e235a690f1dc2523d1ee0618a0fb998905c3ea20820c835ddb76	d95e6f1f540018db156a64a27169c892ede251394cec36877a24d61acddaad5c	0	false
bundles/org.eclipse.swt.tools/JNI Generation/org/eclipse/swt/tools/internal/JNIType.java	8abdd31c8693943d5d6adf3e2b9c22bbca669b782d5034139092a4c2bcc79d2f	8abdd31c8693943d5d6adf3e2b9c22bbca669b782d5034139092a4c2bcc79d2f	3cdef93bbf8554d691cd42df3017539bcbf1d76614222d5e0fc8bb0875160bbf	0	false
bundles/org.eclipse.swt.tools/JNI Generation/org/eclipse/swt/tools/internal/LockGenerator.java	aa141461234fde287e66c98a7aac1f9d8cc293d0db319bad8bcc18e40bcf07a0	b8987169726d646a1ed7cc94b443bd5b392520bd2395165dba49449106866efc	c84b93d054f422d743731c4e6c651c2af815065fbf706dbcf986edb8778fc834	127	true
bundles/org.eclipse.swt.tools/JNI Generation/org/eclipse/swt/tools/internal/MetaData.java	23cee3bd07c96faf14d82c68b5291507374bb76c1f3d36f2ead94a7cda14d624	6ff6b9397230b75afe46f1bef857983d2e4391db0032e8733f1e84f4730f9137	777b479c2ab1225c12c561204abd4849db16607f43af2b66799f192ae567396c	41	true
bundles/org.eclipse.swt.tools/JNI Generation/org/eclipse/swt/tools/internal/MetaDataGenerator.java	dcdad58d3356043700c0eabe7f13e116a644a9f9690e107fd55cf8a35cf7f2ba	d123438b60a16a4eef9dda2d595272c92fb15e6de67e237d85c6402454be4ef2	9490a18344f4ec3e2d9c8398ea1477f4e89e48aa05f10fcef4bb49248dc306f5	77	true
bundles/org.eclipse.swt.tools/JNI Generation/org/eclipse/swt/tools/internal/NativesGenerator.java	5f9efa381be0df2ba79a5eff72ffa88626f1c430ba0f315e9887b7377a087593	2866a7c8f8aabde38da5a9f082399eb0395e90000d3b7bc05eb6f3d6f78c8a5d	a3bc8c635362e1a663911b41099f4cd0ebb64b713cecc5955552bd6efcb80a53	1016	true
bundles/org.eclipse.swt.tools/JNI Generation/org/eclipse/swt/tools/internal/ProgressMonitor.java	2d2e93304fd44323cb6113c68cdb000e03033678d5ad234638768b0d0b313586	2d2e93304fd44323cb6113c68cdb000e03033678d5ad234638768b0d0b313586	6763d58f1611000a25d8ab876b7877b1dbd747df4efddd1abe90710ac82354dd	0	false
bundles/org.eclipse.swt.tools/JNI Generation/org/eclipse/swt/tools/internal/ReflectClass.java	fcff49a652050acfd6b7fe55cc88ed339a10bde0b45d2a511cc40a3f3b8947fd	cf942bffca3681dc91a7143c17460943e70db5461d1dd42678c5110641223d20	ad655fd52ba9e31420b6d4023d152699139c93d4404785d5349757722a11e1f0	70	true
bundles/org.eclipse.swt.tools/JNI Generation/org/eclipse/swt/tools/internal/ReflectField.java	737f249560aa79ed90e3857d17f235333d78b500afbd29d11d89ab67c1ba964f	83cf2900bfd0f7ec88dadc35a8f575e5af809cbdf1d1dc8c9b8f57450fb0a30b	dbe9d11437a446971947ff83a5b6207eef0a85691ebd1446975e5287d89d1470	51	true
bundles/org.eclipse.swt.tools/JNI Generation/org/eclipse/swt/tools/internal/ReflectItem.java	1af7eef2d52076a5733731286425b7777a84fcdea2825ca2afb6951ec0bd0861	1af7eef2d52076a5733731286425b7777a84fcdea2825ca2afb6951ec0bd0861	5caad70846da79817b80d59a3ae702b92b7aed3f6e33adf592b77b4073a3ca16	26	false
bundles/org.eclipse.swt.tools/JNI Generation/org/eclipse/swt/tools/internal/ReflectMethod.java	f6b9bf32435e678182be3dd3a3d709b66fe8e7f7fc691aea0691bd375522e8a5	90265a82624c22401f22ccc949c88437cf14a87f12efeb4c93c2be1549ec3d1e	473e8c2b975336cdcabc25748a143b156bd3485d7ed366d5c6549a7e37924266	106	true
bundles/org.eclipse.swt.tools/JNI Generation/org/eclipse/swt/tools/internal/ReflectParameter.java	7cd0669ac62ef2aa005c7aa7cde681254a30db404624024ab7315d0950223a47	f4713e5a620ac3ee02fb008fa21016889bae38baea56bd01cf23f44cc8f18676	92c10dd0087b1d0d7917bfac7c7309f670608d4cfedf0ecbcc63740b32c8288c	72	true
bundles/org.eclipse.swt.tools/JNI Generation/org/eclipse/swt/tools/internal/ReflectType.java	a085e080b660e1329eeded8e4cab73b507fb6424b7ff9a3497100ab73f967700	6a936130a513c2a4f2d127d6328e4c7e8c87616f3b2ca0ade53673a2a9923b52	c593b081693fe1c59db95e4883ca2742f3b6fc3267fd86bdfc9ac03999fbec8a	206	true
bundles/org.eclipse.swt.tools/JNI Generation/org/eclipse/swt/tools/internal/SizeofGenerator.java	c179e5b2dbb18c986ea39f6b728f538d7fff59d09a32cdc3c9145b6be2c1c7f0	6e5feda99adc35b67a231a1429eb2dc852228c8f33d5f110f435e79f1eeb00d7	cc4e5c4f6cc1d04488c276803a6c639cfaa2d7c81736f6e2eb1c68a43100df9e	40	true
bundles/org.eclipse.swt.tools/JNI Generation/org/eclipse/swt/tools/internal/StatsGenerator.java	330cf9144d003d6e2b2103fb58088669d53a73ffdc1192b9331d36dc12672d98	c8bee586aa2278aa0cb6b08528f477412720aee39725be6304bb9e4a68df41d8	0e7842b374c45c37dfb9806b5db13672e440ba86bda88d3edd4f10d17e2497eb	101	true
bundles/org.eclipse.swt.tools/JNI Generation/org/eclipse/swt/tools/internal/StructsGenerator.java	d0428f8b672f6af7b17a2a952eb5c0ef169c13e93e649cf15f5c0f657387807d	65bfeb11144ce58ca95ef1ef66cf12becbdda408531a7eb946217ea7601c5b53	ab95ac72da5a42e45864ad094dfe7b47619071d0b4e5b5f7b45a4bb980a6b6d3	521	true
bundles/org.eclipse.swt.tools/JavadocBasher/org/eclipse/swt/tools/internal/JavadocBasher.java	be23dc7517686aac987483d798d8f6f3ba784aab981caae3f7cc2fdc8c725647	d3154ef2cd2a6bb14ff03e59348e73f910d6402b73d45017f68ff4565da7af5c	e534a48ae42dfbc9c729b6335b3f655246455ed983eaa41bef38237af085d63e	223	true
bundles/org.eclipse.swt.tools/Mac Generation/org/eclipse/swt/tools/internal/DOMWriter.java	149f7142161a2aed41df34db3fdde350bf5b8bb860bf842fc19cc68e847933bb	ca8baef0926d63877a04add312fb3c8f9d01f891492c2c4341ab36c1539dd6bb	e9a1d2695cf4d87bc7c66fef654b142e4ac34ef4a68cc6666ee09146d44eb8d0	176	true
bundles/org.eclipse.swt.tools/Mac Generation/org/eclipse/swt/tools/internal/MacGenerator.java	6e061f387f07835779ae5034e3940aafd3cfd6f73d5ea0eb62d4c3ba5630f94f	16416c924995e4e989ae513edf14dd98191ca8bc50520b6df162ee621598ae27	61fc10dfd5baff1b8350c549231495ca01354935b7c6b42c9c6e07b52bc3e07a	1961	true
bundles/org.eclipse.swt.tools/Mac Generation/org/eclipse/swt/tools/internal/MacGeneratorUI.java	e42167cac7e680570ae362dda393b0efbbe52c49d65bedf5e6a4cb42f5c66152	8e3556b3bd42b01e2c1b529ed92c3e8b1c7d1f9e924fb17eda97ed3e740ad6f6	2c28adb3434a0ca9af2a6b3c9360e8a4df1586424a60424113124d3f954f0bc1	564	true
bundles/org.eclipse.swt.tools/src/org/eclipse/swt/tools/builders/JNIBuilder.java	fe5a0571fc4462338ce85c4e41f15a04e44249868fe56108deebb47f1b9999fb	403298947d3b6313e78b9ed658e2e6ed6f25ae6c6062fc66177b4498f5a63e51	40675e4d657ffe2eadc7b3690ad0225712bf311b584c12e38b9903c80d3f83fa	52	true
bundles/org.eclipse.swt.tools/src/org/eclipse/swt/tools/views/MacGeneratorView.java	859e5a5b8387d01b07fb8498437805f0190dd6d0148850b9b11c4400ae6d42d8	8c4bb4e1774da8f0a14004755b666e2d00608e139d24dcb47aee93925cebff56	cab5f04d8a7d98b087d6a9cdecf24eb11ff09efed8e88eb56e7837a34fafbc87	124	true
bundles/org.eclipse.swt/Eclipse SWT AWT/cocoa/org/eclipse/swt/awt/SWT_AWT.java	6fda1a4da70897c96582063d9794803330814df5745a140c7ad55fd73bb1ee5c	40a79cd0210e95b4d811abbb494a9a77054ba82b3dcc05dcd18c44d729433ac1	66a92842448d9348f30731b42265f058aa0791f0a231306d113c3709b9bf4f41	197	true
bundles/org.eclipse.swt/Eclipse SWT AWT/gtk/org/eclipse/swt/awt/SWT_AWT.java	e19cadfd3544ea54c6a9f95cf3af9354a52e6b50b542176cc27d9897021ea522	8676624158bcd62b03f191e4cd0b9d8d637f625325f3cc1a3d92a86be606265c	865485f9df774ee5df6b28971aaf28d140e1067be2e9cb5c2fe61370f81fa341	165	true
bundles/org.eclipse.swt/Eclipse SWT AWT/win32/org/eclipse/swt/awt/SWT_AWT.java	042f3c454fb48a78be9b5b19cfc02ae59386a78ce16264b0aa0febe5c7c4a332	6dc31fa79e353e374fe1cadded92d080f4ec011b98911771115418359892fae4	1d1633c75631eff7ebe74328cafcb16f2f1ac12cf971ad24c05f2b49f55753c8	188	true
bundles/org.eclipse.swt/Eclipse SWT Accessibility/cocoa/org/eclipse/swt/accessibility/Accessible.java	c0a75340ddad7429f66de9e105aaacdbd8534320b89bcb96ced1483180fae7c1	a0cd87cf63e255fd76897870fa2d8576285a6df74465f0596b17450cccb0e5e1	6be7fdbc9c86c75f0bbe8d976df1eb37b694c1b3adec4be0344c477546b3983a	2772	true
bundles/org.eclipse.swt/Eclipse SWT Accessibility/cocoa/org/eclipse/swt/accessibility/AccessibleTableColumn.java	21d0ef8f4e151954f159fc414bfd2d096a14a8219f4e275820bdb34f541579f0	f033794744494302b821f905f2c330aea8d19bdd9a9365b4a833c3b29c10644c	1f10e0ef7f38d1bda2cb48465c6f83c3d08238d7928a8dd25e4463e85e9d4303	64	true
bundles/org.eclipse.swt/Eclipse SWT Accessibility/cocoa/org/eclipse/swt/accessibility/AccessibleTableHeader.java	934c60db65e0fb92d102cd89989054ace65b06a417e1a8805596a361726c92fe	d5928a4dcde1cbfbf36890e137c55d6ed40164675260efe8c1cf4981b1da0076	9ca3527c89e794b17b4a55d933d04a444a540a306f89b5cd152bf893cd7b83fc	69	true
bundles/org.eclipse.swt/Eclipse SWT Accessibility/cocoa/org/eclipse/swt/accessibility/AccessibleTableRow.java	572f548eafb0bb320f84e4a61c13b3201ce2f3d8ec5fa09e0cd304bdbf034639	de68b006a539bcaf185e74e42cecf67b32c832dc8def66fec786f63c29660b38	8d2f111ddadfeee2722fd3c1a651c4335af54f1c182743dd0a4660f32108db7d	134	true
bundles/org.eclipse.swt/Eclipse SWT Accessibility/cocoa/org/eclipse/swt/accessibility/Relation.java	41c85d78d745207f053a6a82cd542b03b1d45cfe87499f440dbfc20363dd35c4	386610278f1b8754194884bab7194d3e44c944b309e6527e92944fd116e4162d	ccd981e6206fc94bb841a345db570057f287d9542d542506c615368a12087537	64	true
bundles/org.eclipse.swt/Eclipse SWT Accessibility/cocoa/org/eclipse/swt/accessibility/SWTAccessibleDelegate.java	d981dce300a9cab775db38d70997129f6147265177140c12c979b00f1ebfa90d	eb81b7810df55a5d185c3888ff6b84dc06d652b3b4a4907ea4afe6da72b418a8	0de02e4ee749689e2f604c0949e15a824fe9e37dd57d3f4d02d79a2fbe2dd60f	183	true
bundles/org.eclipse.swt/Eclipse SWT Accessibility/cocoa/org/eclipse/swt/accessibility/TableAccessibleDelegate.java	0fe1dad6e5d97cf8f9714f1bcb4acb8b7f8981d7fbd7d1c3d045ee6c879a978b	64f04f2332004114f04af99e3a3a84b2f93cef4b3be0582d88bf8f3c21155a9a	ebe5e621bd60de442059a1e680941a0d775b005d72d3851c77330f246b600348	193	true
bundles/org.eclipse.swt/Eclipse SWT Accessibility/common/org/eclipse/swt/accessibility/ACC.java	fc683cd9561fe6f2539c7760db8faf546d09c940d14d3f2b1191889d38cdd386	fc683cd9561fe6f2539c7760db8faf546d09c940d14d3f2b1191889d38cdd386	1551195b283a66b5288b508d5c4f49d69963061a205f97aed8693f98e727937d	0	false
bundles/org.eclipse.swt/Eclipse SWT Accessibility/common/org/eclipse/swt/accessibility/AccessibleActionAdapter.java	032ca8ac1b5f2822b761a599b31f2ec00a82417616660d3a60eae7919276b886	032ca8ac1b5f2822b761a599b31f2ec00a82417616660d3a60eae7919276b886	4c332c0fcedb967806c65f349a7e5ae9b4eef8ab77f47df41b8e656004248785	5	false
bundles/org.eclipse.swt/Eclipse SWT Accessibility/common/org/eclipse/swt/accessibility/AccessibleActionEvent.java	96371b4eb53733a63faf4a73fd37ccc40b5fdc222a8c9f5af896cd2d36a6d105	96371b4eb53733a63faf4a73fd37ccc40b5fdc222a8c9f5af896cd2d36a6d105	160d79c4973e10d45cd0d677b4f6de15d3daf037260f174fa486061b298e3fbe	4	false
bundles/org.eclipse.swt/Eclipse SWT Accessibility/common/org/eclipse/swt/accessibility/AccessibleActionListener.java	b724049d0740034dd1aecf6226c849e7f9f544b999836476c74388402b5e1399	b724049d0740034dd1aecf6226c849e7f9f544b999836476c74388402b5e1399	f5109afe9caa0233022fa93ad6211d34fd76345da8b7a22e1705d24fa64c3af7	0	false
bundles/org.eclipse.swt/Eclipse SWT Accessibility/common/org/eclipse/swt/accessibility/AccessibleAdapter.java	5b4f932009556507ec1eb85b391a25217d0ed84a735242f9b76fec9d0c612d84	5b4f932009556507ec1eb85b391a25217d0ed84a735242f9b76fec9d0c612d84	a838def46185ddcc0ccdfbe3c262e7487a7697f4826ac67f3eba8ceee94a989c	4	false
bundles/org.eclipse.swt/Eclipse SWT Accessibility/common/org/eclipse/swt/accessibility/AccessibleAttributeAdapter.java	6b1217197687e260bb75b6fe678db50d54e80285cbc01f9a8b3fe10c71b0867b	6b1217197687e260bb75b6fe678db50d54e80285cbc01f9a8b3fe10c71b0867b	831e6f09f62825a98e4849b21aeedd633ece6b9d9908f92a5c9014cb67b853d7	2	false
bundles/org.eclipse.swt/Eclipse SWT Accessibility/common/org/eclipse/swt/accessibility/AccessibleAttributeEvent.java	2ff52c22b37a3cc35474c4f24b4d0a62e833157b9baf77bd79a9acf824c4c040	2ff52c22b37a3cc35474c4f24b4d0a62e833157b9baf77bd79a9acf824c4c040	49bad6236242bd4161e6029ced8032c3632abeed4dd3a6edd23fee724702360b	4	false
bundles/org.eclipse.swt/Eclipse SWT Accessibility/common/org/eclipse/swt/accessibility/AccessibleAttributeListener.java	b08823f9356b0eadf1c79d5dc6fb1af8a05ae750a9fb5aaf89c9b8a292bf8010	b08823f9356b0eadf1c79d5dc6fb1af8a05ae750a9fb5aaf89c9b8a292bf8010	73e4377f135448827b2c79e745dae3ab44c7206d69237afa5f9fd47b410bd019	0	false
bundles/org.eclipse.swt/Eclipse SWT Accessibility/common/org/eclipse/swt/accessibility/AccessibleControlAdapter.java	c10253a8634fd3ac92afcf3f565186054edfee12bcb452ff156ba39189fdeb89	c10253a8634fd3ac92afcf3f565186054edfee12bcb452ff156ba39189fdeb89	026e19c577e6cc755fe97266ceb7c2b3940b4f268e60eaaa6f5febeb8e667ff3	11	false
bundles/org.eclipse.swt/Eclipse SWT Accessibility/common/org/eclipse/swt/accessibility/AccessibleControlEvent.java	d354a804aaa710a0c13511a32d60b7d15e5fd7fb03fa83c47b462a9329fe2342	d354a804aaa710a0c13511a32d60b7d15e5fd7fb03fa83c47b462a9329fe2342	148a5c2eb5514192b5217467d163afbdb15afa9d4cdda641d8c892093c4e5a11	4	false
bundles/org.eclipse.swt/Eclipse SWT Accessibility/common/org/eclipse/swt/accessibility/AccessibleControlListener.java	971f94be21de90813a5182942a50c384138f7d53745c1263c03cdf93f52e6b48	971f94be21de90813a5182942a50c384138f7d53745c1263c03cdf93f52e6b48	605b33305d5738342cf8cc52edaaabb5c79b1efb8c8ae834da4ac9934418da66	0	false
bundles/org.eclipse.swt/Eclipse SWT Accessibility/common/org/eclipse/swt/accessibility/AccessibleEditableTextAdapter.java	c5912b0b9aefb765b8d946d7d41f63202be2e63c5e8a5f2ce510fd13ecedad13	c5912b0b9aefb765b8d946d7d41f63202be2e63c5e8a5f2ce510fd13ecedad13	f2c25924203c55716397dfd8f9b3529b5d9424e76615efc944d2cd3161f0a858	5	false
bundles/org.eclipse.swt/Eclipse SWT Accessibility/common/org/eclipse/swt/accessibility/AccessibleEditableTextEvent.java	e99b039f9de84718888f1c398a9becf610da3f609de41a57a5556c90abfd81f0	e99b039f9de84718888f1c398a9becf610da3f609de41a57a5556c90abfd81f0	0525b53e47088f6cf04f37674bc3b11d71bd3c5a5956327a55286de3dea9b8a2	4	false
bundles/org.eclipse.swt/Eclipse SWT Accessibility/common/org/eclipse/swt/accessibility/AccessibleEditableTextListener.java	50d2265c5da76eac74934c7a64b1890255874b487885b4c629621f9c77220c55	50d2265c5da76eac74934c7a64b1890255874b487885b4c629621f9c77220c55	2d90f39d81517eb6781b147f6d129fd7f2ed1bacd49790b0e17d506f89e0a283	0	false
bundles/org.eclipse.swt/Eclipse SWT Accessibility/common/org/eclipse/swt/accessibility/AccessibleEvent.java	430c855b03a241344e43cf683bc4874a2d60c88634f898cb637d05cd9c9105dd	430c855b03a241344e43cf683bc4874a2d60c88634f898cb637d05cd9c9105dd	0b19859c9b1942b982c53424a54197e2300748c4a476dee5f60769982aa8d0d0	4	false
bundles/org.eclipse.swt/Eclipse SWT Accessibility/common/org/eclipse/swt/accessibility/AccessibleHyperlinkAdapter.java	2625fe199b2a9d175558669526e23355080e269d5ea1a0a060f9fa1b53ef722c	2625fe199b2a9d175558669526e23355080e269d5ea1a0a060f9fa1b53ef722c	82309b56aeb5643e692172f3c70b582fa8b5dc45cc569867dded78f5b630febe	4	false
bundles/org.eclipse.swt/Eclipse SWT Accessibility/common/org/eclipse/swt/accessibility/AccessibleHyperlinkEvent.java	b350f49234cac40d32add4038d02b41e39e48c589dcdd29c836a2d403882a95b	b350f49234cac40d32add4038d02b41e39e48c589dcdd29c836a2d403882a95b	126e3fa1ab61f3cb1028a54406afb88381963d9caeac197b4e20164028337f05	4	false
bundles/org.eclipse.swt/Eclipse SWT Accessibility/common/org/eclipse/swt/accessibility/AccessibleHyperlinkListener.java	1c74d6e8263f4ec6216765864b96da2d1e5f9256311e81685e7c2e7e7defb577	1c74d6e8263f4ec6216765864b96da2d1e5f9256311e81685e7c2e7e7defb577	0525014d437244831533122c80102fb9d62a881d3735883bfc84fdab263eba09	0	false
bundles/org.eclipse.swt/Eclipse SWT Accessibility/common/org/eclipse/swt/accessibility/AccessibleListener.java	e24a6c85299969630919a8aa19b38579ae3a095b9976532646aa70f0466e52a3	e24a6c85299969630919a8aa19b38579ae3a095b9976532646aa70f0466e52a3	fd3c8411f7037b0cebea9678ab2541d7d8441708cb5cb59650d2fb1e9cc6a897	16	false
bundles/org.eclipse.swt/Eclipse SWT Accessibility/common/org/eclipse/swt/accessibility/AccessibleTableAdapter.java	a8e225a5ccec814be36de95e72be8333942f213bb55f6386624d5fbe067994f2	a8e225a5ccec814be36de95e72be8333942f213bb55f6386624d5fbe067994f2	cba4c3fd1e6f3ba9a74b2ea43d520df4933740f33eb8ad0fe3b75355c11682cc	31	false
bundles/org.eclipse.swt/Eclipse SWT Accessibility/common/org/eclipse/swt/accessibility/AccessibleTableCellAdapter.java	79ea37af4fd38696e1970fd550de54a00d6a07df6582d3cc17e4fdc2144da4b0	79ea37af4fd38696e1970fd550de54a00d6a07df6582d3cc17e4fdc2144da4b0	ac90b78a064742eaaa395d480fd72cae03cdbd3121c2e96061251b6738bebc6b	8	false
bundles/org.eclipse.swt/Eclipse SWT Accessibility/common/org/eclipse/swt/accessibility/AccessibleTableCellEvent.java	c0493311fe161e4e8786e0e145959662061d2ab8075fc52779ded9f3f6fc00f7	c0493311fe161e4e8786e0e145959662061d2ab8075fc52779ded9f3f6fc00f7	10a963c22330da74a234884838ae7071419c4d6f22969e1610a6d355b248ee91	4	false
bundles/org.eclipse.swt/Eclipse SWT Accessibility/common/org/eclipse/swt/accessibility/AccessibleTableCellListener.java	4a5df3dbece3da8ebe734b76a5609aab3c63dd7901711bf3a1b4662b9dd68a9c	4a5df3dbece3da8ebe734b76a5609aab3c63dd7901711bf3a1b4662b9dd68a9c	bbccf2fdef2fc0a4e0e1db93a8b2476c4c8b1fdd8722fa3d888053540c9b85a6	0	false
bundles/org.eclipse.swt/Eclipse SWT Accessibility/common/org/eclipse/swt/accessibility/AccessibleTableEvent.java	041295e336d47d2784a384bec27fbaddd364e17398fefad4879fda293aea4aba	041295e336d47d2784a384bec27fbaddd364e17398fefad4879fda293aea4aba	dd34d450efce1bc888a1765961bf0e2f6b06c0acbb2385a7d4902a34edd4390f	4	false
bundles/org.eclipse.swt/Eclipse SWT Accessibility/common/org/eclipse/swt/accessibility/AccessibleTableListener.java	d8aac36a2df973bf2e083d13599f5409a1495548550c384fe967edf2bbdabdd6	d8aac36a2df973bf2e083d13599f5409a1495548550c384fe967edf2bbdabdd6	857d504b58c080041bc451c05fd258b9ba6cddc6ae687e160f854f7715fde64b	0	false
bundles/org.eclipse.swt/Eclipse SWT Accessibility/common/org/eclipse/swt/accessibility/AccessibleTextAdapter.java	112763eef166f8029225fa55372a6400b93d32170da27fe90b0b593bf910e2d0	112763eef166f8029225fa55372a6400b93d32170da27fe90b0b593bf910e2d0	2c659ba357253b7a12fa1e3e8552a2a542da57f225660bb4fe014db056776613	2	false
bundles/org.eclipse.swt/Eclipse SWT Accessibility/common/org/eclipse/swt/accessibility/AccessibleTextAttributeEvent.java	3870d33a0ce1f15de9cb6dd6e359bfb27f0d710d9e347d096517f11b0449ced4	ca0a38196ece68285b9cd1463e96cfd79d498e2081feb44cde9205b642c121c1	cd50b4564c9869ffb1206ae28a4c20c5de5972812f40fb9e1fce6e23ab93682a	16	true
bundles/org.eclipse.swt/Eclipse SWT Accessibility/common/org/eclipse/swt/accessibility/AccessibleTextEvent.java	6d3b7fff18b67b15a5548c682ba58ab92792e7de316b1681b53baa8c81bb7054	6d3b7fff18b67b15a5548c682ba58ab92792e7de316b1681b53baa8c81bb7054	e2afff23815afee337db050b03894344afc1e23c68f4d85ebacd5aec7a7ff847	4	false
bundles/org.eclipse.swt/Eclipse SWT Accessibility/common/org/eclipse/swt/accessibility/AccessibleTextExtendedAdapter.java	2adf9636061ab7d157d5e90f1527f0820a8ac1be46e524a8c4674b3c5169010e	2adf9636061ab7d157d5e90f1527f0820a8ac1be46e524a8c4674b3c5169010e	a20147a06104c26e378cb873e0d827f7d42057fb02362b538a56ba4e92d635f3	16	false
bundles/org.eclipse.swt/Eclipse SWT Accessibility/common/org/eclipse/swt/accessibility/AccessibleTextExtendedListener.java	a18e3c14928051a5339f92d81d873f351ae80188feb16e6776613a44dd13350e	a18e3c14928051a5339f92d81d873f351ae80188feb16e6776613a44dd13350e	03cd367b7e986df0d765a2b8bee76ccc7ac3d5d8659540405a5002112be77f8b	0	false
bundles/org.eclipse.swt/Eclipse SWT Accessibility/common/org/eclipse/swt/accessibility/AccessibleTextListener.java	dc610f95d5410116d8830802d5fd9787d25ebe47c65e82b12434ca1aaa9ac8fe	dc610f95d5410116d8830802d5fd9787d25ebe47c65e82b12434ca1aaa9ac8fe	67a4fa18e0fb21b67c918b0967fb8953331785c74aeca714f38f7b23392c4c45	0	false
bundles/org.eclipse.swt/Eclipse SWT Accessibility/common/org/eclipse/swt/accessibility/AccessibleValueAdapter.java	04d109762d50c39ac4a9a48d25095daa8618efc72ece3300d10bfaffa8345a4a	04d109762d50c39ac4a9a48d25095daa8618efc72ece3300d10bfaffa8345a4a	d520c0e5245377151648e84a76144fb9ad824dead283c7cc48b7c9ff7960bf07	4	false
bundles/org.eclipse.swt/Eclipse SWT Accessibility/common/org/eclipse/swt/accessibility/AccessibleValueEvent.java	519f0659e4bf57988ad38d95363c12741d96daed54ae03155836bb838d1b5f08	519f0659e4bf57988ad38d95363c12741d96daed54ae03155836bb838d1b5f08	94521e2496504f989af35a3098308887317d8327efe74fc425ac19e7c6c640ce	4	false
bundles/org.eclipse.swt/Eclipse SWT Accessibility/common/org/eclipse/swt/accessibility/AccessibleValueListener.java	a7bbb363ccbb3187eaaf7fcbdef3772d3a3ea1e42cbe8c7b8f86a15ca704fcd1	a7bbb363ccbb3187eaaf7fcbdef3772d3a3ea1e42cbe8c7b8f86a15ca704fcd1	0e536316d5060215fb3476dbed96b9b4fde38f18082cb1fe336d81458555c9a3	0	false
bundles/org.eclipse.swt/Eclipse SWT Accessibility/gtk/org/eclipse/swt/accessibility/Accessible.java	6f0a41269a8b88c6d83ba6ea30b296a032f8c3071480d164b3df2cab6a723768	cfac6d8a39ec9f5a2dbd045e8a42f36dec0fafcf1ae4cf74c2974ed8e7c98576	2ba79202d242f276e4bf6ae57dfa124ee75e3186baff0d644f08782969ba37eb	414	true
bundles/org.eclipse.swt/Eclipse SWT Accessibility/gtk/org/eclipse/swt/accessibility/AccessibleObject.java	77efcc077749b26b93944af2539819807b33816355821f3e1478ce3baaa3fba6	6f4e5dc4db75609ffce012077415dc5b5b9ee3b2657f65bc4c6c91c0f27cd6b7	56df0969d00c63b3e9564200782506eb26d6d94a7125fc9d9a71c01d5715f71a	4110	true
bundles/org.eclipse.swt/Eclipse SWT Accessibility/win32/org/eclipse/swt/accessibility/Accessible.java	9f98ef5111056fdbc81c8c72d899a36bf855028b9021748c3da6edb1fc2eede0	35a7b6b58b590323fa243707e3fbf7cabc6ca399d7d2b4619e15cd2a7866fa97	10cdfec8cbad7754c9182f810b9282df9e2fb9916bc6ccca1adf6b18c484d47f	5849	true
bundles/org.eclipse.swt/Eclipse SWT Accessibility/win32/org/eclipse/swt/accessibility/Relation.java	6867f2a1e143bfbde828436afb8e643f093f7540791f194119245c3539aefd55	8712960436be19a6f8558f1eb40bdbf005639d4668e7b7578389b378391e3bfe	d50a02ea04310d2dfc9a734bac2caf6ac85bc03b7e26cf4921435789a678e32f	110	true
bundles/org.eclipse.swt/Eclipse SWT Browser/cocoa/org/eclipse/swt/browser/BrowserFactory.java	c39360ab19a3246fdb187aebbbd234b1c9bca316c5b680c0d020c326458440b4	c39360ab19a3246fdb187aebbbd234b1c9bca316c5b680c0d020c326458440b4	bcd7dc8e7145a513f878b22a2bc573f719f390a3790782fd5763d576876bec2d	2	false
bundles/org.eclipse.swt/Eclipse SWT Browser/common/org/eclipse/swt/browser/AuthenticationEvent.java	9a146b389de4637a731788937c9ff2299d8614d53e7be66f0f09f38d21164bb6	9a146b389de4637a731788937c9ff2299d8614d53e7be66f0f09f38d21164bb6	cc1aba8b9970b9f2f7031a4243ce9a13e9f538bfb3d814a07eaf98c7c3ab5556	5	false
bundles/org.eclipse.swt/Eclipse SWT Browser/common/org/eclipse/swt/browser/AuthenticationListener.java	34a9458808b7d477c6f2887d94fb42001393e830c51338cf7e4001e2d964464d	34a9458808b7d477c6f2887d94fb42001393e830c51338cf7e4001e2d964464d	03f79ef8845c2f423366339ef6f6eabbc4c5b47c4f6f7f1ff2a6b2046fcbab73	0	false
bundles/org.eclipse.swt/Eclipse SWT Browser/common/org/eclipse/swt/browser/Browser.java	24c6d5e13717a58b104043a34257eb26b797ffbd71f462e63c1e4908a8bbe301	5f7a8e3a47f9e65b6a5fce8f079fa97856bc3c1294247548d554749f8326e53a	ea23eed561917e06893a87065118c7480df7c47f39697a96306c28a5acfd2201	342	true
bundles/org.eclipse.swt/Eclipse SWT Browser/common/org/eclipse/swt/browser/BrowserFunction.java	70cd5256edbc4b3bd5fa5b13e0b125c8137fcc78b2a3d9008ca565b7e85b860c	09d8ea943d6b9336dc90b0f85c237ea13678468e97a044c9d8767d176992c142	2d3cb3d9526ca3cd05d1c71f470e16526c8b8c9573541aaa13e007bce6dcd408	63	true
bundles/org.eclipse.swt/Eclipse SWT Browser/common/org/eclipse/swt/browser/CloseWindowListener.java	264b590e9467bfc0089e4429d9dbc8489cea5c96662bdec02367bda1ff4bc94b	264b590e9467bfc0089e4429d9dbc8489cea5c96662bdec02367bda1ff4bc94b	4da4b8d80da7ba3c0cac20ee87eff30c39e3d28690499c0cf2bb18b1588ce182	0	false
bundles/org.eclipse.swt/Eclipse SWT Browser/common/org/eclipse/swt/browser/JSON.java	dfd8adc346a32c65ba26bc3b5015e80a5d31b1dbe40b93784fe409c17f4487b1	9bc976a574fbb59e2a7b96bbae5a2dae03ef46d52ec6878b3c8d6f66de0812f3	52281ae6e3eedbc10a93b1cda5e1a4ed7b9187712686271b49c9e322aff9bfba	273	true
bundles/org.eclipse.swt/Eclipse SWT Browser/common/org/eclipse/swt/browser/LocationAdapter.java	4add6e952bced4cf30a4d5594f7734a645c8ba95040df68d2322c8d07284414a	4add6e952bced4cf30a4d5594f7734a645c8ba95040df68d2322c8d07284414a	e5a667a8248f03c65f307e5ffdfd746d4d35240890b245325f1fd1c1cd77cec2	2	false
bundles/org.eclipse.swt/Eclipse SWT Browser/common/org/eclipse/swt/browser/LocationEvent.java	7fecd684a97bdfdd6ef7394e25725998a7d343ca44d07d2585a07c45e330aa36	7fecd684a97bdfdd6ef7394e25725998a7d343ca44d07d2585a07c45e330aa36	7989943919ceda30a7dd0723feeb72cd8ee7bf02063f4825155a0902a243f922	5	false
bundles/org.eclipse.swt/Eclipse SWT Browser/common/org/eclipse/swt/browser/LocationListener.java	c41078de405ffddca4f54d32409157903c6311969b0a52ad76e777979abfe050	c41078de405ffddca4f54d32409157903c6311969b0a52ad76e777979abfe050	cfef121e246db6233bec58ddaaf212b4ddbe8c9bb2ffdbd87033851e2fb04ccb	8	false
bundles/org.eclipse.swt/Eclipse SWT Browser/common/org/eclipse/swt/browser/OpenWindowListener.java	a7e65e43a985af8907b469570a1403ca7e18c28456d1960c58315338a7812a27	a7e65e43a985af8907b469570a1403ca7e18c28456d1960c58315338a7812a27	6b32b17ccba5e3555bdaed3100a2c689bf9ff2b121356ad13f8c2b7e7289005a	0	false
bundles/org.eclipse.swt/Eclipse SWT Browser/common/org/eclipse/swt/browser/ProgressAdapter.java	fc63141550ff80116a50f7ed7a6bc09a2a74492c8ead7d59f1f02b43de31b21b	fc63141550ff80116a50f7ed7a6bc09a2a74492c8ead7d59f1f02b43de31b21b	ee891e28769e9c6472d1452b4cc1742e589d098f527a79113e9234292f71c5d8	2	false
bundles/org.eclipse.swt/Eclipse SWT Browser/common/org/eclipse/swt/browser/ProgressEvent.java	6d192d4ca5749530496f06373649f306d77a36c687a9690a6fdfbea9802ae497	6d192d4ca5749530496f06373649f306d77a36c687a9690a6fdfbea9802ae497	408d15a84bc269b554037267bc2bec02e87a302d1fd30f9bf887ff42ebdee45d	5	false
bundles/org.eclipse.swt/Eclipse SWT Browser/common/org/eclipse/swt/browser/ProgressListener.java	77043a79c200f77d229f7bea5ab717e9400ab5de82c15e0428b24564bd3ad334	77043a79c200f77d229f7bea5ab717e9400ab5de82c15e0428b24564bd3ad334	22284a77e2ca3c9b5c77fa4fa9578abfb4f5e3a684ed9f54f6a46b07f3ac8a24	8	false
bundles/org.eclipse.swt/Eclipse SWT Browser/common/org/eclipse/swt/browser/StatusTextEvent.java	1a7d3720941f52bb4809b9fe52c74b0ab21c630e10f57531cc21168428773f51	1a7d3720941f52bb4809b9fe52c74b0ab21c630e10f57531cc21168428773f51	70a33521a50df97ea7b62d8d370bf77bc8b7ceee22ebb9f95d61442825e1f7e7	5	false
bundles/org.eclipse.swt/Eclipse SWT Browser/common/org/eclipse/swt/browser/StatusTextListener.java	99fe42d4adf61440efada0977dcb4b8eadf5c8cde105fbd11d5f47229304733e	99fe42d4adf61440efada0977dcb4b8eadf5c8cde105fbd11d5f47229304733e	07cc76b02fb369e4c922cdec7888b9a6cdcda605a0ea135dc3f05f33329c2846	0	false
bundles/org.eclipse.swt/Eclipse SWT Browser/common/org/eclipse/swt/browser/TitleEvent.java	24c57a88c27ddd6cd8e4f88ae4407faebfe42172c01abbe9907325fee49fa66d	24c57a88c27ddd6cd8e4f88ae4407faebfe42172c01abbe9907325fee49fa66d	7bc0425c229e4044e5c13670b3ff8c814a823cbd57bcc36888694aae39770801	5	false
bundles/org.eclipse.swt/Eclipse SWT Browser/common/org/eclipse/swt/browser/TitleListener.java	947e4abb2f234c7e6ed867a52796bddc55a0695b6e45d5362561e12f0492252f	947e4abb2f234c7e6ed867a52796bddc55a0695b6e45d5362561e12f0492252f	43f93980e4331b208d4cbefde3d00a213e086a81e56e402f3c90d03c11c33dd2	0	false
bundles/org.eclipse.swt/Eclipse SWT Browser/common/org/eclipse/swt/browser/VisibilityWindowAdapter.java	9900ecbdf062bee28685fb6243a2335835fb732720e41ad942c80008e7053e48	9900ecbdf062bee28685fb6243a2335835fb732720e41ad942c80008e7053e48	735f525122a84947e5dec9e78d20a5ebbe4fdd5290144096b1d50518e3866ca6	2	false
bundles/org.eclipse.swt/Eclipse SWT Browser/common/org/eclipse/swt/browser/VisibilityWindowListener.java	10701a70195277a2737d8d595a69946e5b33ce9398fe2afc0713c9e567341803	10701a70195277a2737d8d595a69946e5b33ce9398fe2afc0713c9e567341803	fa91511449e5fd0ae5cfb0cba021b7dd2516fa01e17ee0b5aaa7aca5cd4d9548	8	false
bundles/org.eclipse.swt/Eclipse SWT Browser/common/org/eclipse/swt/browser/WebBrowser.java	fece797d59ba10c36c801e2a8cf23e0c5d3b80334ae92bfcb911c0eb1386fddf	0c098157ef9007b1eb1d6c4277a7f1d6c9945019f8da203fa155b73b776d1408	263cea6810bdd44763f5c773485ad087d801a7a9def8964fd7e799e40e0d285e	480	true
bundles/org.eclipse.swt/Eclipse SWT Browser/common/org/eclipse/swt/browser/WindowEvent.java	aa5eed708f004ac349a813cb5bdbbee6f81ad51d527577313f09764b8799598a	aa5eed708f004ac349a813cb5bdbbee6f81ad51d527577313f09764b8799598a	dbb2b804a7e02c95b1035b0ec205ebd501776916ba806de12d9d99232e59d451	5	false
bundles/org.eclipse.swt/Eclipse SWT Browser/gtk/org/eclipse/swt/browser/BrowserFactory.java	7909a262d55f7fdc746be1d5b7fed272f35718130682b78981fa752c8f8b18ab	98d9b90a0528429de1d44e4fd87082acbd99e0884f82b6fe8cbf403def42a09a	81c2aa5a7867d43d74ae971b73df279697a7b5294889cda5c6cac9846abb7e38	8	true
bundles/org.eclipse.swt/Eclipse SWT Browser/win32/org/eclipse/swt/browser/BrowserFactory.java	b28703711e3253c4d4817c376daa1cd19f7e4905fa6da4016c8d3c94cf0877a5	b28703711e3253c4d4817c376daa1cd19f7e4905fa6da4016c8d3c94cf0877a5	5d2d3829d5ae01b49258af0c1bb663f7090788d0175a92789cb40d925a785c43	9	false
bundles/org.eclipse.swt/Eclipse SWT Browser/win32/org/eclipse/swt/browser/Edge.java	c263665a0e94e3c9d4f00be394822026b281aeee437c3666b5265f5929304955	693e22a05a53080ba7475e3c0bb40a512e9fea94308b46239a68b36644809108	81e9ad221536f512db6f9966167d052081d33c8cb4ff0029cfbc2ec1e2467a66	1393	true
bundles/org.eclipse.swt/Eclipse SWT Browser/win32/org/eclipse/swt/browser/IE.java	a6306c62b5025449452e4ccf6bb2fb9e10d42ff9c367601c69bc2815ee43aad5	b49e8077ad90909551496cdfcdd00c15eb9e9898222275f148427bd92877a2c6	2eccd90ee511bb7bc42aecf649876214691bb51f50aef2cbe8afb1596760443d	1520	true
bundles/org.eclipse.swt/Eclipse SWT Browser/win32/org/eclipse/swt/browser/WebSite.java	31d7396e5451f1e079b32e5e1e47d23caa808b2b52674be3f0b9954139c10155	d79bd49989fe9b9e8a4be4d2dcd556390d93ac26572fb5167e4e5672d06b7a9c	eef4dd8b036d0ba9b3e2a2b3ee96c6cc8aa50daad60cec28d0100070986ff74d	789	true
bundles/org.eclipse.swt/Eclipse SWT Custom Widgets/common/org/eclipse/swt/custom/AnimatedProgress.java	3550684027bd0f22bf905fcf0aac00b9ffa85df55d89eca3ee8a8b0520c999ed	059d6d4d4991e9bb75c7f80b438d82087eb92c3db1283d3bb548ff199c26b31a	1053bb82758fd3a99e6fc9e02c066a0e3f94190622f1434a31d8a0fdeacc110b	108	true
bundles/org.eclipse.swt/Eclipse SWT Custom Widgets/common/org/eclipse/swt/custom/BidiSegmentEvent.java	5bdbb5edf66cb48ac3e22aa552c7b2af3e204970c1b73eecc09acddf23bdfadf	5bdbb5edf66cb48ac3e22aa552c7b2af3e204970c1b73eecc09acddf23bdfadf	f02c26797288a17dcbe9a2cbc5f34a376a8f044ece2101f8a2e0ec0cf4bb96c4	2	false
bundles/org.eclipse.swt/Eclipse SWT Custom Widgets/common/org/eclipse/swt/custom/BidiSegmentListener.java	2a3bb392469848a389e25a7ca4552db0110122c28d41446afdab51a69e288994	2a3bb392469848a389e25a7ca4552db0110122c28d41446afdab51a69e288994	41840b918a8d7401493950e6c294095180f69b9016e07caefb2b4af68d722e3a	0	false
bundles/org.eclipse.swt/Eclipse SWT Custom Widgets/common/org/eclipse/swt/custom/Bullet.java	9e9db831c8203cd93544b2a5c6e845da676fd4e384983665b82ff01ef0f93c69	117bc71fd756fd8809106c1c20457843643a5e3c94783469ebbbfb0e615d7554	a90511f0ab76dd7ddcae4e45162ff040c735298cee3309db370aca25b51637f3	103	true
bundles/org.eclipse.swt/Eclipse SWT Custom Widgets/common/org/eclipse/swt/custom/BusyIndicator.java	341dfb8eee2af081ffb375556a397147b8c18b643d4ca51f9ecfb618b920fe14	3f958b2417efc53dbd83f792723cff039731caf8d15b442303a928534424f3f6	da1820b957a5d452b24e92997813f4ff1617414ec27e158ab325fa324017c868	132	true
bundles/org.eclipse.swt/Eclipse SWT Custom Widgets/common/org/eclipse/swt/custom/CBanner.java	100ac9151aea879313adbb64a91923c977a9544674a9aaf06efe66e19a659dc0	e546f5997253830b50a02ffb68949e3450c107cc9a498fcea2c1eacad32929c2	db634566b4603c6e9b9d065b7a16be0079cd6edf5919613b1701aa2e9362a6b5	262	true
bundles/org.eclipse.swt/Eclipse SWT Custom Widgets/common/org/eclipse/swt/custom/CBannerLayout.java	e49f7ba8f19e577033aefe6dea86cd859b175021e81c78b8cc07e1cb1e7b1abc	80bb62ffbf38ece81b1a9c735fe9a37a82def2724b812eae961959e96fc014ea	6c3a5a48c747a5c7c9051970d4a6f459885efb7135f0a0397b13a8cd86a1e6f0	160	true
bundles/org.eclipse.swt/Eclipse SWT Custom Widgets/common/org/eclipse/swt/custom/CCombo.java	f4c57043fbb6af4e944a18d1fbe916bb3db187d4d4f18fec05820e117e8af2f2	42234e01ec4f3e04b58c65f55756b75533e9846d79dda407fcc81646955e1329	cc8ed7afb3317c134bd69e49d6c5f2e5eea994a1d7dc0b2b60fbf1c22091f0ec	1252	true
bundles/org.eclipse.swt/Eclipse SWT Custom Widgets/common/org/eclipse/swt/custom/CLabel.java	441306cb7bbd266f474c6380193dffd10686c98e17bbf68c807bd33ea210f17f	0974d85b822ed6e97c7f50c7a9d1d778dca27f582eba161496d9b32144d3271f	2265916bf209c48df872ff5fc69bcfb679da1654fb49c4e853a74634dc3407e7	597	true
bundles/org.eclipse.swt/Eclipse SWT Custom Widgets/common/org/eclipse/swt/custom/CLayoutData.java	5c597c6ee594b1437570a3dbee57aac3b7dd03720028eac6c77b6aec476ee9f0	ed8e2f9bd60a781268b0209ba1df5baa7bfb387a4f92c5589b102a6fddebc94d	0f4b9f12f120e4fcdd781613ac45d326aeff29fbd026f211eb1aa868958faae1	23	true
bundles/org.eclipse.swt/Eclipse SWT Custom Widgets/common/org/eclipse/swt/custom/CTabFolder.java	b7985e057b93011221ec4417b222a72e270786f02d761054778f9d57d0f33c50	009236f4863815af1424d57e9c77fc0021acf583f3fa2539c5e8459bb1725e01	48ba478b24caa97182ba1dd13527e7efa0085fa414cf1ceb2b7b76e142b65680	2974	true
bundles/org.eclipse.swt/Eclipse SWT Custom Widgets/common/org/eclipse/swt/custom/CTabFolder2Adapter.java	56515193450f8b3df197f75acb17475fd6a40669764f6e4d5095c6145d04d20c	56515193450f8b3df197f75acb17475fd6a40669764f6e4d5095c6145d04d20c	ce2524de446b8511842146919a4eb1dc0a2026751dcf574c95b466d36e55494b	5	false
bundles/org.eclipse.swt/Eclipse SWT Custom Widgets/common/org/eclipse/swt/custom/CTabFolder2Listener.java	200218ae4cbecff45eec8a1b42d087bb4e2436c581f54f6140391bdb06c6bcf5	200218ae4cbecff45eec8a1b42d087bb4e2436c581f54f6140391bdb06c6bcf5	0e7e14dd4f68a1ea2b4c04f979ec73e869cf3cd12ebe567b97a7c3efc9f8a0be	25	false
bundles/org.eclipse.swt/Eclipse SWT Custom Widgets/common/org/eclipse/swt/custom/CTabFolderAdapter.java	2ace4c145b654af2d9ed9e0f1d7901c794a841f352210d1193d40184ee3c716d	2ace4c145b654af2d9ed9e0f1d7901c794a841f352210d1193d40184ee3c716d	0d6916a073e6f5c4b1b988fd4bd4f17cdeba358978ef31ce793f190728a9bed1	1	false
bundles/org.eclipse.swt/Eclipse SWT Custom Widgets/common/org/eclipse/swt/custom/CTabFolderEvent.java	47c066ecaa2baea8517763573c587eb8b073845fc7f9039c71cceac6cacc697c	47c066ecaa2baea8517763573c587eb8b073845fc7f9039c71cceac6cacc697c	be08efb5d81bb7cd7d0f6f90b992b189cd7be0cc76fee18286a7d6b2658af605	6	false
bundles/org.eclipse.swt/Eclipse SWT Custom Widgets/common/org/eclipse/swt/custom/CTabFolderLayout.java	dbaccde203c5bb19caf8993d816d1b9213e7fdc460d2264385267be55740907e	57f127647d532fe1c2e1917de993477f9c019025087c493da1a8df599beaf586	491048dfe16a89bb5faf1ca0c8c942edc4bc571c3a651e318dacb5b746b7b2fc	104	true
bundles/org.eclipse.swt/Eclipse SWT Custom Widgets/common/org/eclipse/swt/custom/CTabFolderListener.java	5ee9a366ab13b516cdcfb8f77965830b6516b0b99f9a19f21985dd0d5e763ef6	5ee9a366ab13b516cdcfb8f77965830b6516b0b99f9a19f21985dd0d5e763ef6	1ca4233e235cbfeb591234414ce467306106c18920e44164c9404abf82b1dd28	0	false
bundles/org.eclipse.swt/Eclipse SWT Custom Widgets/common/org/eclipse/swt/custom/CTabFolderRenderer.java	c5bc4df914ae5bd897d5db0b8fd68b752d55b64543f597ceb58131bddd72d54c	f76ab3019ebb14967f25421fee2f60275efb19087b56c24688043c7e1ea58e79	d2cacd8c6fbe2adcb22333d583b87236f596574416e5816251378f0ffab62445	1041	true
bundles/org.eclipse.swt/Eclipse SWT Custom Widgets/common/org/eclipse/swt/custom/CTabItem.java	e8a9e2dc079b60eb3f2ff008ab13018ce1927f5a0d75844cdd0a6bdcd7a33287	39ce76f453efdc060f62ad72fa9345100453da9771b008ab84c364342a3bdac8	155868b53027bf34ad8dcff64cb21c7d31e8ac22a2946bd150a9e482770b56cb	182	true
bundles/org.eclipse.swt/Eclipse SWT Custom Widgets/common/org/eclipse/swt/custom/CaretEvent.java	c1b883be9c9f0613cb5cab08d8b21124b29496eee924c592d06400a1116f3ab1	c1b883be9c9f0613cb5cab08d8b21124b29496eee924c592d06400a1116f3ab1	f54df2e139995220202fd6b8144de1889820e35dc50389f598dbad829dddcfae	3	false
bundles/org.eclipse.swt/Eclipse SWT Custom Widgets/common/org/eclipse/swt/custom/CaretListener.java	c07da3239ee245d3f4432b7bcc005f067c1acad49e5dfb189aec88f712021c5e	c07da3239ee245d3f4432b7bcc005f067c1acad49e5dfb189aec88f712021c5e	36c7f6cec49b284703d7f1de64dbfdc4261491e3ea44fdeb7e7ded66c35d1aac	0	false
bundles/org.eclipse.swt/Eclipse SWT Custom Widgets/common/org/eclipse/swt/custom/ControlEditor.java	37a93247f58266378c7893f71287ee68bd8aa732b374d788a3137e9c199998a6	5c9062a45f94714ccfdaa32924f62683b791ab89801f6e5e54647ee8a03ee3ae	7ead68007f43b8415c6d059244fc73e113db1a9404a165b24472126c202bfbd6	94	true
bundles/org.eclipse.swt/Eclipse SWT Custom Widgets/common/org/eclipse/swt/custom/DefaultContent.java	4353cd9f258cdcb83e456994cd7c1d38d6afa81c0c42999ba0044611def8df98	fb2c8954a640216f0ef18f139a5f8f1ab2c857e23c034309f87ea48302353825	fa08ce903fa6dfe2f56712664652d2ebf74648368ac45baa3ea845e7fbb493d9	542	true
bundles/org.eclipse.swt/Eclipse SWT Custom Widgets/common/org/eclipse/swt/custom/ExtendedModifyEvent.java	6fcf453cbb2e07adf764650fc965013f6276b739ba9d7b04d688b33465621e2d	6fcf453cbb2e07adf764650fc965013f6276b739ba9d7b04d688b33465621e2d	2e364d8e8de805b15705f6ab4e08841131dcc1644103c069cc5f3daa5206f3d2	5	false
bundles/org.eclipse.swt/Eclipse SWT Custom Widgets/common/org/eclipse/swt/custom/ExtendedModifyListener.java	a9eda3e0311995331c88199e9255cf0d4d676f617be6d05839363e74cf507446	a9eda3e0311995331c88199e9255cf0d4d676f617be6d05839363e74cf507446	bd75bce185990896aab42b99abfee69752c325bab335c3b89a0f6efbe9607311	0	false
bundles/org.eclipse.swt/Eclipse SWT Custom Widgets/common/org/eclipse/swt/custom/HTMLWriter.java	e9e574648c49de03c32e030aabf4763c675b48d58b4d5babc30e6810742fbbf2	e9e574648c49de03c32e030aabf4763c675b48d58b4d5babc30e6810742fbbf2	e8b92c1739a40a546d689b1b74ec63c77b0f222ca3a01bef2f0c90d583d3fd44	226	false
bundles/org.eclipse.swt/Eclipse SWT Custom Widgets/common/org/eclipse/swt/custom/LineBackgroundEvent.java	59ac51352886fb7d2361cd29f73729ff875b5fea49b8b676bb9d50e302a7f849	59ac51352886fb7d2361cd29f73729ff875b5fea49b8b676bb9d50e302a7f849	5102f0527a3995a6b119f39ace582bdeb51651915a403c692a9ce5ea92691bfe	5	false
bundles/org.eclipse.swt/Eclipse SWT Custom Widgets/common/org/eclipse/swt/custom/LineBackgroundListener.java	786ebea6246f79013e34ec1e9886f74b74a046166ce2bd28239f1ddc5bc50030	786ebea6246f79013e34ec1e9886f74b74a046166ce2bd28239f1ddc5bc50030	be290641cee919f2fc1409d4175e3d6a15542fb222f9988f2fbf8509281cef6a	0	false
bundles/org.eclipse.swt/Eclipse SWT Custom Widgets/common/org/eclipse/swt/custom/LineStyleEvent.java	2d2d4f0dac06012a2dc9e8d09699cb76096a0eb3dd635063aa5c0f744dc3ed39	2d2d4f0dac06012a2dc9e8d09699cb76096a0eb3dd635063aa5c0f744dc3ed39	202fc37cd070541af2d4f58e33f8faca35914173d549e27180733f7a19c9f22d	14	false
bundles/org.eclipse.swt/Eclipse SWT Custom Widgets/common/org/eclipse/swt/custom/LineStyleListener.java	01733728d683d8df5f8b817f75103578aa540e1cd6dba0389f32cc2584dcae20	01733728d683d8df5f8b817f75103578aa540e1cd6dba0389f32cc2584dcae20	bd97178827f418662db6f0f1565a2905529a52cf53f27b90be701a8024df080f	0	false
bundles/org.eclipse.swt/Eclipse SWT Custom Widgets/common/org/eclipse/swt/custom/MouseNavigator.java	9562dbe40bf7a047cedf333cee0023a2ac4147a815f2e39cf3ba9ede39aa37ac	9562dbe40bf7a047cedf333cee0023a2ac4147a815f2e39cf3ba9ede39aa37ac	c4aca9d5b6048447b89fb60cfa790c4b4f626d737aa7abfd0730ebe7dd04ffe4	193	false
bundles/org.eclipse.swt/Eclipse SWT Custom Widgets/common/org/eclipse/swt/custom/MovementEvent.java	cde0f75b5b766c386ed48f0287d8880a0b090c8f64ceeea7b8b54e25a1a0ec0a	cde0f75b5b766c386ed48f0287d8880a0b090c8f64ceeea7b8b54e25a1a0ec0a	37f0a843dc69676fa422fca5b5881c45f92b5adb63c5ba28bd4134029fb617e2	7	false
bundles/org.eclipse.swt/Eclipse SWT Custom Widgets/common/org/eclipse/swt/custom/MovementListener.java	6194ead58660d3496cb169dfb0e9a6fd691d4fed9420b07ddf2dec6b2fe6e8cc	6194ead58660d3496cb169dfb0e9a6fd691d4fed9420b07ddf2dec6b2fe6e8cc	0e64ae00f222f90da79505f84ebfd46dd5cbb0020adafb76d122e8a2342ecf32	0	false
bundles/org.eclipse.swt/Eclipse SWT Custom Widgets/common/org/eclipse/swt/custom/PaintObjectEvent.java	62666eb5ba63a89d028067d531237d8a95ad4fe0688d71d6db4bf15509a4382a	62666eb5ba63a89d028067d531237d8a95ad4fe0688d71d6db4bf15509a4382a	8865cf062d2147a6d88c435654b1b3a32c6d5f5bdf52ac8c2ab8cb2177ac7889	10	false
bundles/org.eclipse.swt/Eclipse SWT Custom Widgets/common/org/eclipse/swt/custom/PaintObjectListener.java	47f91084489cce62d7f0531084e8c43916c51bfa6b956d911e008412bfffa548	47f91084489cce62d7f0531084e8c43916c51bfa6b956d911e008412bfffa548	58c67a0fa4d1f4e58b7f29d1ec1eb1f62a2ae414662ddfa5f80b27580366af71	0	false
bundles/org.eclipse.swt/Eclipse SWT Custom Widgets/common/org/eclipse/swt/custom/PopupList.java	9ae8a385ad65809a6171832bffbb1ced7c257c684eaf1a18e5e4567d05b6df4a	e98b838c2e76f15140f742f1b084829b598f6c491b16acd865e8296852a596d2	a962547b9d04d419ec72a1a27bf98472a6898f8f20cb89e770a509e1c11eea67	97	true
bundles/org.eclipse.swt/Eclipse SWT Custom Widgets/common/org/eclipse/swt/custom/RTFWriter.java	daa5bf5f2b6cd3212d8b88213bd20f29ee38f05445ccdc48ac7d13cfa69b274a	936ec757b4923ff9f8628cf60ed195f515a669c69343c9a29867e8e58063d281	9b31265755a95fa7d546c540b3ded9080ad6a4077c4a4efe707e6a1bb349ea8f	161	true
bundles/org.eclipse.swt/Eclipse SWT Custom Widgets/common/org/eclipse/swt/custom/ST.java	dd5577ea1b2f35f6d168c0330a2eba9149978f6a4437be497c95526e126cfa53	dd5577ea1b2f35f6d168c0330a2eba9149978f6a4437be497c95526e126cfa53	803d0d0372fa08c502812da88a2a952abe78a70a3aad38aae837b7007a1f6bd1	0	false
bundles/org.eclipse.swt/Eclipse SWT Custom Widgets/common/org/eclipse/swt/custom/SashForm.java	bd157d1f503aab3b76bc93a4743f6ea8e83a95c672db28da8bc567c49395b59e	6ca4fc6307f7008e53f6569c8f5dd44df365c76f9346d2f02c43588d96f022e8	8a0ec9f9739f7f0aa2f903feab15ca413622f1522369f41ae53b8ab42c27bbfb	249	true
bundles/org.eclipse.swt/Eclipse SWT Custom Widgets/common/org/eclipse/swt/custom/SashFormData.java	8755408156d66875b342544fae68019181a28fe4f68bce73883804ade4ea98b3	3f4e7a56deb4bd5e1bda416b26a5b7fc64c326096899b8e1f71908fea7a2c6f9	66caa0a1402d44e45f45497efb8fbf183c51cbe886519bab7f237c68f07bf48c	9	true
bundles/org.eclipse.swt/Eclipse SWT Custom Widgets/common/org/eclipse/swt/custom/SashFormLayout.java	4ccaebdaa10979e10c15e9918916c7f88725dc9ff4247ef0e85512d91dec9bca	0da2f2515c12eadee8e1b26acea12b5e5897c8e6802f9b25eb657554f2751a3f	6418f6014768136d29b26c00e7b8303c8e4034e536da6cc8e089183383471ae6	180	true
bundles/org.eclipse.swt/Eclipse SWT Custom Widgets/common/org/eclipse/swt/custom/ScrolledComposite.java	20c47c48601e8795fdccc1368775d013ccfef195508cd9706e5b48c2365edc91	94457c64f3cf2b9a448c9747ef91ea187ff3b5dea6416fc71053a441b6e1a2fa	02052463be944b3a09120336c8b463683958482e9501d34ecc47635f188e6e56	318	true
bundles/org.eclipse.swt/Eclipse SWT Custom Widgets/common/org/eclipse/swt/custom/ScrolledCompositeLayout.java	96f3b3195220524ee03b31c7d9eb743d039c6b1a9636902d3d10ec6492c78b44	be37bb6d0a098dac69316bc462f56896fdda57542e9b4d0ca43b8ec234fec5d2	78a9088b07ccd591a5a141b6645cadc0c792ca63d89c07f7f7a72f577725a106	91	true
bundles/org.eclipse.swt/Eclipse SWT Custom Widgets/common/org/eclipse/swt/custom/StackLayout.java	ff93dec5e2611aa343dfc6ea36b1e53c5af33ec640db010711337f9eefea19af	dfd233c1dc8545b38d849116b1bf5cc4e9325d422a45627c0891f2b357fe3e86	48af4f757dfea85671c907b6f7c1ae4ead921ef10543bc314881b0033b5e54ab	50	true
bundles/org.eclipse.swt/Eclipse SWT Custom Widgets/common/org/eclipse/swt/custom/StyleRange.java	3885683b709c9442c5cf33f656b6c646d87c2c6b93275cdf5742919b25857115	262068139571c3ae09b0ee4bb5d6a7f03fea58d1e7645ee7ebeb37775e8f0d29	c37942c6c6c8ccc5792705fdd9188259511f13a2dcd70bb41baa6306a9d2c6cf	99	true
bundles/org.eclipse.swt/Eclipse SWT Custom Widgets/common/org/eclipse/swt/custom/StyledText.java	3000f1241bc1e847197f25a93218078ba3cd1e9ea97db663f49206dc89d85dbd	0103f88bf886101524da630b9bb5fd0c1652f48a8164ae8bf639bbd84dcf949b	9301bd03c60df82322c53af77d83afa8af8e70de5caf8aafa1d41b64d4a63220	6974	true
bundles/org.eclipse.swt/Eclipse SWT Custom Widgets/common/org/eclipse/swt/custom/StyledTextContent.java	687c605c777d5189c502ac8552e69137cb0bf14652c69f007a811efacbf59a31	687c605c777d5189c502ac8552e69137cb0bf14652c69f007a811efacbf59a31	e15b347ef4b8c6d4627aeb8dff64ba41a3eb5795cedd4a46cbb40ec531da37bf	0	false
bundles/org.eclipse.swt/Eclipse SWT Custom Widgets/common/org/eclipse/swt/custom/StyledTextDropTargetEffect.java	33146e18549505a254ff36f91a48cd185f6ddef7164870f8fbef7ee81f15ce5a	33146e18549505a254ff36f91a48cd185f6ddef7164870f8fbef7ee81f15ce5a	66c294eecf6dcceca9f08d900283e1c77c9e9fa58c01a1eae1f3693eed8a4c1f	102	false
bundles/org.eclipse.swt/Eclipse SWT Custom Widgets/common/org/eclipse/swt/custom/StyledTextEvent.java	5c45d6193299929b7379d82302aae7948963bb81c896f68900bb1d4cf2d24f01	5c45d6193299929b7379d82302aae7948963bb81c896f68900bb1d4cf2d24f01	e153a0e4d77bf468cdf91188086922781caa06f0a134775cbe9c45ad1b2ac6bb	3	false
bundles/org.eclipse.swt/Eclipse SWT Custom Widgets/common/org/eclipse/swt/custom/StyledTextLineSpacingProvider.java	d326c1160d261019786798d86217bec3a6db701f5f01d97c37f00ab227cacf3d	d326c1160d261019786798d86217bec3a6db701f5f01d97c37f00ab227cacf3d	807a46a84111c7c2c953e34cf8a6e1a27bf64059ef44c53809a90ae2c6bd64f4	0	false
bundles/org.eclipse.swt/Eclipse SWT Custom Widgets/common/org/eclipse/swt/custom/StyledTextListener.java	27cca41ded8c706db8b374f75ad3f4dcecf314ecc5c73532c5913d079e31e7e6	27cca41ded8c706db8b374f75ad3f4dcecf314ecc5c73532c5913d079e31e7e6	854d6a8a8a34cdbc4c5048f519c49e05a9eed509ed81dad6bddde0295aae1a20	75	false
bundles/org.eclipse.swt/Eclipse SWT Custom Widgets/common/org/eclipse/swt/custom/StyledTextPrintOptions.java	f3ac2a7687857bfc10b675de605ed6003e1bfc33cb4d24ecab6f5040aba213be	f3ac2a7687857bfc10b675de605ed6003e1bfc33cb4d24ecab6f5040aba213be	384567f860378d603821eb42b0ad7565cd884421e73a0a7f9058b48cba417303	0	false
bundles/org.eclipse.swt/Eclipse SWT Custom Widgets/common/org/eclipse/swt/custom/StyledTextRenderer.java	11119ff05cb0a205b03a7bed601cdd6996d24ef87706b7d2e28f72ae79294e34	ff312c3398469f599e04da58cdad964a7e6ef18f194f9d29ecc394adda8832b6	1fbd471cf74aed31b1b87fc7a08b5b4118a3493e2070817535344b286a750999	2056	true
bundles/org.eclipse.swt/Eclipse SWT Custom Widgets/common/org/eclipse/swt/custom/StyledTextWriterBase.java	aaa59ba0ffaf9b5888eebff927026d717d071d48d53b2457d642a47ad1c12338	aaa59ba0ffaf9b5888eebff927026d717d071d48d53b2457d642a47ad1c12338	f1da6c78c75bb55124a2567f385d3f6e34b8f76481c2fdfdc4e94c6cd437f002	97	false
bundles/org.eclipse.swt/Eclipse SWT Custom Widgets/common/org/eclipse/swt/custom/TableCursor.java	8d9bab2010311b93aa75bd3b83f642ad043b0262f6b21351dfb8aa3526d75ef6	6d8ad45a342bf55fbbeda489ec42b43a5d64309bd5118ceed5075f6ffd5eedc0	6195703febf364633410b19a48ddb759a341ba0065ad59f502e96cdd15b52410	433	true
bundles/org.eclipse.swt/Eclipse SWT Custom Widgets/common/org/eclipse/swt/custom/TableEditor.java	533308c25afba8731eaba8e1c5dc1db9e688481fa902ed1ebfaaf36a958f1889	f304e7716ae963d68d506d1496eb95d04b0119baa62faf68e62d661a0c9cd1f9	794ad5b58c4c731759209af48fed9f8545d99e51d052c545e939b0491d0033d8	117	true
bundles/org.eclipse.swt/Eclipse SWT Custom Widgets/common/org/eclipse/swt/custom/TextChangeListener.java	70247842e4630b7bce5c379735e2a0690e5f05dd1bdc2d66110b1886b669b26f	70247842e4630b7bce5c379735e2a0690e5f05dd1bdc2d66110b1886b669b26f	b331d8de8fba80c15615a7927deacabe79b06925c8534f6e1af1e197870cae76	0	false
bundles/org.eclipse.swt/Eclipse SWT Custom Widgets/common/org/eclipse/swt/custom/TextChangedEvent.java	41a456cfadd3e4e41744342a77c19827772df995584290ba6c7f13b233da4834	41a456cfadd3e4e41744342a77c19827772df995584290ba6c7f13b233da4834	12856a539ce868af69fb0f862c834338a33a7ce5f754d1d9e8167bad79ce666c	2	false
bundles/org.eclipse.swt/Eclipse SWT Custom Widgets/common/org/eclipse/swt/custom/TextChangingEvent.java	101734c559cb5d13ed0aa0b85c0d701f74e5ed15cc0a5bc9675a952c618ea0c6	101734c559cb5d13ed0aa0b85c0d701f74e5ed15cc0a5bc9675a952c618ea0c6	54d858370fd7e5ecc5165e625f3e914104a1a6c9762d6bd0558de904c58e92e5	10	false
bundles/org.eclipse.swt/Eclipse SWT Custom Widgets/common/org/eclipse/swt/custom/TextWriter.java	011603a96b16ba4a93f91a457b66531295b952a99402197674ff7081d8a9e497	011603a96b16ba4a93f91a457b66531295b952a99402197674ff7081d8a9e497	37bc31295f3b966ccca6b6aed65b2d3537fdbd2764254774a241746a7b991012	51	false
bundles/org.eclipse.swt/Eclipse SWT Custom Widgets/common/org/eclipse/swt/custom/TreeCursor.java	6c805f07f80ca09c8d5bcbe709cc5d0a59f659641c6dd3b0eb370119909e25d7	9278359f1d4c3969b2be622f597a489559ea0c98dc6132cec9cb26b46890b84d	5a774d1af2d82d9c32989f5bcd0164e068ef88bb1cb988dfc577d72990d52f41	732	true
bundles/org.eclipse.swt/Eclipse SWT Custom Widgets/common/org/eclipse/swt/custom/TreeEditor.java	b0b3e07817da08f572f62d8fb157e925838d20e1e060ddab899ef432184007de	c082518b3f4ea9028ccb2310ee86429d8b59220be9d879fd8638a94a9f70da10	2a1ca954629c1fd9b3970b6d8ff0bd8beff3f54facd783806108358f1b7fd84b	148	true
bundles/org.eclipse.swt/Eclipse SWT Custom Widgets/common/org/eclipse/swt/custom/VerifyKeyListener.java	20176bea85a1924426fe9fda760e3c3b593dcd5f12aec63ea9c1d3f194d7665e	20176bea85a1924426fe9fda760e3c3b593dcd5f12aec63ea9c1d3f194d7665e	fbe2569629a6164ab716f33af3b4fd389b413df574989541a99ed48cd0184ed4	0	false
bundles/org.eclipse.swt/Eclipse SWT Custom Widgets/common/org/eclipse/swt/custom/ViewForm.java	6d8b9594aa1fe39cf8b8627b6be6bbd202d20e1a30546df7ab4b722c4aa79f1d	5df22fbce7b495998c10871689523ba44815a05b80cc76d4e3cebefe1ad87f6b	50da0f3d0d307cc8a90fcd54124b5320ac2de8f7a631a5342bf8cc560e3fff96	179	true
bundles/org.eclipse.swt/Eclipse SWT Custom Widgets/common/org/eclipse/swt/custom/ViewFormLayout.java	bd643374fdff7b33d0d78cb94d211f3bbd43ee35454a47f55eb6c9f0b8987d93	3f614564738acec7d975df7094313008e78b97ac5ee4bd5b1ca9f934a075f866	a30f0f8ed3cbf2f1e480af5268ac34d766481b02c31dad95ebe5f2f0662981ce	204	true
bundles/org.eclipse.swt/Eclipse SWT Drag and Drop/cocoa/org/eclipse/swt/dnd/ByteArrayTransfer.java	2f866f55d2560258544ea2ae23fb129d967e3c1d231bc41dbe9e79b583c2f2f6	51c7bc1c5da24de6370845e6fd3fb9595c2bbe852c55d5ac83f94a9c2ffcebda	9466b7b76f77daae14dbfc38498fb54536b3754ecf57015963e5ff424f31ffbb	46	true
bundles/org.eclipse.swt/Eclipse SWT Drag and Drop/cocoa/org/eclipse/swt/dnd/Clipboard.java	d79c61d9a81e2d3accd62e3db3ecb4d123005a7230cfca9a5e9939fb6531f934	068e2672a00f40eb8dfbe83cf35b0bb0417df1ee693865f076a4ba672d6f4a22	83833e0c500c65fa4c3e86618b93c23aed8c961a30c2a5ba74a76451b17d805d	190	true
bundles/org.eclipse.swt/Eclipse SWT Drag and Drop/cocoa/org/eclipse/swt/dnd/DragSource.java	992a7ce3eea65bfadb4de428816609fcdff931ebf7e58b48f7767e6f30fa6bce	691b35a3207a805040d1d5db7574cbec39492276ff89a2c727869a1020f83ae7	6a20ece37606b74234bfe9685c26c45395b50f3249bb25e7318cd90e9730312a	493	true
bundles/org.eclipse.swt/Eclipse SWT Drag and Drop/cocoa/org/eclipse/swt/dnd/DropTarget.java	484da51639006e15a8b44413e73695e944c4d752dafffa3a7b6e860ec69c058b	02f5f6cb567d12081c77b3080f6798e4ccd3c361144392696384825be9815951	d6319cfe612efd8c87dd6e0bab212e343f93524a81bca79b1fdbeafd44637587	666	true
bundles/org.eclipse.swt/Eclipse SWT Drag and Drop/cocoa/org/eclipse/swt/dnd/FileTransfer.java	ec11140c46ffb0d8e69a08f7c58f1876e1f67e542c405a93365ae9bd62721d2a	98a8453c769aa51bf31c958b52bdfe59c74d72d7ac5e9f2bc7c9351543ff2b7d	2869f07b40900b699366fc9c7df0e53c2aeaffdfd25437d84723b37202680120	53	true
bundles/org.eclipse.swt/Eclipse SWT Drag and Drop/cocoa/org/eclipse/swt/dnd/HTMLTransfer.java	860ec0607cc7694223e579d1169ead8ff01c0ee9fcc37ad3dcde8b2206e06bef	13a764955b95dd5b44c2e11a8314a63fe54ab8f65c28f280aa574a0cec4956a8	6df394bd8487330b0c3e25e9f6d109f917147afeb38815f4c4c8646dacf54496	22	true
bundles/org.eclipse.swt/Eclipse SWT Drag and Drop/cocoa/org/eclipse/swt/dnd/ImageTransfer.java	bf7fde562e9bff203454ae53dce216fa1dadbb1bb91cbd2a3d9ddb619fb7458c	b041bc2a1dbb454d7d0258e8da563bc91ebea6f2fc5fa77f4f22199f02d54507	1ca7ae1cbb3a47ce1cbae28599504a6a6aff8b028b3e89a37c406d94bf781dc4	52	true
bundles/org.eclipse.swt/Eclipse SWT Drag and Drop/cocoa/org/eclipse/swt/dnd/RTFTransfer.java	c260f94140571d010b9fb5a6bf3daa0adc6aeeefb9ad5e3bb0ed165ae2ae8671	fa6b5e026cd1aae10f436faffa4c86c14d9d284fc59caf70c03a365ce2966856	0355517387e6f64ad1758419252fcda120bb9f08c776ab8423c011bb0f06618f	22	true
bundles/org.eclipse.swt/Eclipse SWT Drag and Drop/cocoa/org/eclipse/swt/dnd/TableDragSourceEffect.java	f761cd96d3f43f9dc7fafc2fa885288e3ea54161716b58565ac2d1d3983fc11c	094cc9400a71983535098b8168503318eee015a86e1d82db3fa2ebca2e8c2405	efe5ba5498d28c854d486a7a643eeec2c31c4cb08415f9935277cf06e15520a0	31	true
bundles/org.eclipse.swt/Eclipse SWT Drag and Drop/cocoa/org/eclipse/swt/dnd/TableDropTargetEffect.java	23c12d4c754da90f22dd3a0da3afd7bca904c287a92e4c1b5a8a53f25ddb9abe	41d9b36b3deda5d7201f8515bde37876412c84ef6f12eebc5c91afd8ce532a07	cf3cc2c030f71cf46add1c76023f69536811f28521501b274362f4799ef521fd	26	true
bundles/org.eclipse.swt/Eclipse SWT Drag and Drop/cocoa/org/eclipse/swt/dnd/TextTransfer.java	642a34458126e87f433c6265eaecbf04bd9a56b6f8418a2c0c7927eff1a57430	24af329fad91f1584f604bc9feb736fa0533262a19a4b1a975dbd9a39a17b25e	55b888f17d79450bd00fe9ab8bc70fa66f6591c6a497f7b8e72e27f75972939a	22	true
bundles/org.eclipse.swt/Eclipse SWT Drag and Drop/cocoa/org/eclipse/swt/dnd/Transfer.java	b19ccb50f92fe62566f3ba533be50fd0f449d32abb0cf2a33170cae3015dcad7	b19ccb50f92fe62566f3ba533be50fd0f449d32abb0cf2a33170cae3015dcad7	f4f5bd1c3b512fd357b07f34fb70c8665447f26588a102b91e33491149bfc5dd	18	false
bundles/org.eclipse.swt/Eclipse SWT Drag and Drop/cocoa/org/eclipse/swt/dnd/TransferData.java	3363063093e7eb3152cbd3ac1be07e526ba8429ec69b2cba03f4d84fe7aeefc0	3363063093e7eb3152cbd3ac1be07e526ba8429ec69b2cba03f4d84fe7aeefc0	492ad14f17bd8174f5778aee60ed1644216f1450eb9cb242c79fcbd8151fb587	0	false
bundles/org.eclipse.swt/Eclipse SWT Drag and Drop/cocoa/org/eclipse/swt/dnd/TreeDragSourceEffect.java	7051ccfc0f7954de709c8bf0d0a2221ed78f79cacf9346ff8e98597e621708ed	bf14c8254cb62a3a586041aa5b2f862df9209ead878e36cf59af1c8040141e00	d914b3f284a8c19c1c31850b023163fe8d5c4b6d6464deffa12d6469e5fe7fc7	28	true
bundles/org.eclipse.swt/Eclipse SWT Drag and Drop/cocoa/org/eclipse/swt/dnd/TreeDropTargetEffect.java	73c5404ce2e6b22c4bfa67a014713fa79eebf0ae824c0ef4b31270b848ea15c4	7dfc9abc047b05cd8bf3d0ec0a6396cd220c33fc29051efddc91883ee236d843	4eac03b75028002b31104fb356f5f3178b329ba79fe184780a8ea3dbba6ee349	28	true
bundles/org.eclipse.swt/Eclipse SWT Drag and Drop/cocoa/org/eclipse/swt/dnd/URLTransfer.java	40537b74d7bf2dd0f1f0d24caa9b5b59b223a0b7ec95856667d0c76e255a8f20	a18ad93d7a9b6d1ec19334eaeff568dd13b3eb0bff808e005e0674c24b39585c	98a4be77a09a0b9d3999b104e8ba6dea5a5ebafabadbf8fb240ed9565afea19d	27	true
bundles/org.eclipse.swt/Eclipse SWT Drag and Drop/common/org/eclipse/swt/dnd/DND.java	12a0d6288c7f11f8086c3490fbf1a35b3b6a169b576c56b5b6e535d2d5f278eb	236b5a53d892d25c2179edafad86cd47ba5f92483ddc93579615fee75695caaa	b2d5bc809170188cdf45588736482483a0fa9519e9de9eff35ffdf634e925a0a	34	true
bundles/org.eclipse.swt/Eclipse SWT Drag and Drop/common/org/eclipse/swt/dnd/DNDEvent.java	c90bf9d8adb0cf3d1c581be740cd2e1a6a3364fbcdcde9b32c3d01d1ac5791f9	c90bf9d8adb0cf3d1c581be740cd2e1a6a3364fbcdcde9b32c3d01d1ac5791f9	8e93f7d08b032efb431d5ff34f04aa8104ec299fa04eeec7709e81613d974225	0	false
bundles/org.eclipse.swt/Eclipse SWT Drag and Drop/common/org/eclipse/swt/dnd/DNDListener.java	2ff847f403d8b08c0e51d8eda94c1b17cfd44c1f5a5db73f7c330e017021959f	2ff847f403d8b08c0e51d8eda94c1b17cfd44c1f5a5db73f7c330e017021959f	8c6bcd4ecae0413400a6e928a41dfb9ffe95b6f52ac3ed4db7d1d2fc1cc815b5	96	false
bundles/org.eclipse.swt/Eclipse SWT Drag and Drop/common/org/eclipse/swt/dnd/DragSourceAdapter.java	4b7f708cd015b396f557ca9a39a45b74fdb8f5716fa8fd0ad0b4f2044cd0063f	4b7f708cd015b396f557ca9a39a45b74fdb8f5716fa8fd0ad0b4f2044cd0063f	55e7bc835b4218ebb7c27b1025a1552c8a457d625cf7520f13223e60e9b3a92b	3	false
bundles/org.eclipse.swt/Eclipse SWT Drag and Drop/common/org/eclipse/swt/dnd/DragSourceEffect.java	e1ac64ff814096e0e8048782e87cfbdf06155017744ac8ccb388e8fdfa0e0f86	2b3311a0c46ec280ca90863706d04ef0689f617ba86ba0db849cbdd45f34147c	19504edf7a0dbc617a4c94a693ca9aca9d5b53565a1c3313b5f7572212181a46	7	true
bundles/org.eclipse.swt/Eclipse SWT Drag and Drop/common/org/eclipse/swt/dnd/DragSourceEvent.java	a339613141d2c0e10fb2a4d801c18927dd39a7e3ce0dea914de891891b66ba13	a339613141d2c0e10fb2a4d801c18927dd39a7e3ce0dea914de891891b66ba13	7cbc59e3076aa76b12f550270d01c8023175247ef856700ef313be81a5351c34	26	false
bundles/org.eclipse.swt/Eclipse SWT Drag and Drop/common/org/eclipse/swt/dnd/DragSourceListener.java	2fd4084191d4c05ec2b6e3cbee3d124655a6a67078ae3c9ad15a43dfacbc2c70	2fd4084191d4c05ec2b6e3cbee3d124655a6a67078ae3c9ad15a43dfacbc2c70	081c625d5f608ca9aa40617407502e01a42a03db040f1036629112ee977de2b3	0	false
bundles/org.eclipse.swt/Eclipse SWT Drag and Drop/common/org/eclipse/swt/dnd/DropTargetAdapter.java	70b1120909a8c3c0857b4885f61dde2047c84e26a576e1fadff2014fe7116949	70b1120909a8c3c0857b4885f61dde2047c84e26a576e1fadff2014fe7116949	d42a7130fbefdf0b1db74144807668e7ee00ce4ef8c0750aa702b56aec3836fc	6	false
bundles/org.eclipse.swt/Eclipse SWT Drag and Drop/common/org/eclipse/swt/dnd/DropTargetEffect.java	0e961dce450f254715f8b191793f0c0efcca16c36b8c029350458b2e5bae8ce9	1a9df6a87d50cb0f7c8238846e1abd4e66c41b5fc25014b261a8ecb3eb7167ee	2ab81304b8949e07b19af6e5a8772698e549e8c01ce8fba4fee13b1add57db12	102	true
bundles/org.eclipse.swt/Eclipse SWT Drag and Drop/common/org/eclipse/swt/dnd/DropTargetEvent.java	60ff8e5c0275a7444c3c4ff7d94f6be85cf819a4b274f3b75ba2ff1d820ae867	60ff8e5c0275a7444c3c4ff7d94f6be85cf819a4b274f3b75ba2ff1d820ae867	786a804299e3d3d29db0d8baa3ea69e0fd1e4861fedaea2157200bc8135740fb	51	false
bundles/org.eclipse.swt/Eclipse SWT Drag and Drop/common/org/eclipse/swt/dnd/DropTargetListener.java	297a16c28a44d494024bf3e61ae513ab416f39950a08c7445eb81f845ce27b80	297a16c28a44d494024bf3e61ae513ab416f39950a08c7445eb81f845ce27b80	651fc2a502f64a109d4d03c8c331bb480f947e9aacc1ee6fe55f8a093a41eaf2	0	false
bundles/org.eclipse.swt/Eclipse SWT Drag and Drop/gtk/org/eclipse/swt/dnd/ByteArrayTransfer.java	708f543d49380fac6a65cdc226502549ec8c4c85b70803a9ca9a237bd9891138	7b9fdec0c24754ec8bb6ae7fcb89b6ca0e3841c199cfcbe7a0404813c91b692a	dd3343b6ee77d0a5fcc2a126dcb9a7fc7a3da8d3afdce4d3d9b25cecfe8a98fe	54	true
bundles/org.eclipse.swt/Eclipse SWT Drag and Drop/gtk/org/eclipse/swt/dnd/Clipboard.java	7907a0bb5571beb855f0b3114034cfec50cc084ff936331876e2db128c7794f4	4385351afacef91ae785fcc54e99f7b556d42d42f94dc7c43e6ebb0bce1d5a86	f8618cee8453e0c3931aa389540b1a868165d3ba1ab50ee86f96d0810bf92efc	317	true
bundles/org.eclipse.swt/Eclipse SWT Drag and Drop/gtk/org/eclipse/swt/dnd/ClipboardProxy.java	1499fa82e904e9e33a04a5d337fe4a740459a7d15d1c8d186e83e25fb44a5191	702e953cc53174f0900a6209e6da731eac5229b171c731591da43157cdd673b5	ac8215c44a31d7af191592585d99379bda9f383df25b4b6d5d21c16d1ead21cc	178	true
bundles/org.eclipse.swt/Eclipse SWT Drag and Drop/gtk/org/eclipse/swt/dnd/ClipboardProxyGTK4.java	1f2974e4971e3d7929517c41323e1f78276bd5d9a5c452d6d11e1cb7ca54098d	f43a2ef7a079e4330b658152287db61a307cab8b4393ca9478aecef02bd8a41f	ae9152e3196a468c58670108f1daf10e2bf62c6014800526a043850348f6ac7e	88	true
bundles/org.eclipse.swt/Eclipse SWT Drag and Drop/gtk/org/eclipse/swt/dnd/ContentProviders.java	3f93582c6938d8df6232c63323a6c8fbc8cfd89d08fc51d67b006a6b20009f4a	c3e6eca6a5e8e860c134c4c3ce71e1c4ab23681cd3327683815a67e860a73ad6	fbe307c95c662650bf005554fa4020188f23597eb3b51adc58af6347e77e4784	184	true
bundles/org.eclipse.swt/Eclipse SWT Drag and Drop/gtk/org/eclipse/swt/dnd/DragSource.java	aa30abbcd1de7634b68af0d3f2f605f4cd499dccbe658ab1c5cd595952f400ab	c2fcc42c3bca5a723c6c148a801e8f18d54d701d292591430a27acc1775b3538	f332b0cfe305d85c4e68a44ff5221b1b361661c2f225e83d1c1d83719c00628a	450	true
bundles/org.eclipse.swt/Eclipse SWT Drag and Drop/gtk/org/eclipse/swt/dnd/DropTarget.java	e3b86704962ad883c4297f1dce8808ed6a4c36e4be89c2be3f6a3d8d9f5f023c	a05a99140f4b080b4647f3555d5523812c2c33f3e8611ef1e5a9607dc79a2dc5	a4050f4123834661d69c24bab1188f402fa2537ca8ee1d889bbbed3be6f9738a	808	true
bundles/org.eclipse.swt/Eclipse SWT Drag and Drop/gtk/org/eclipse/swt/dnd/FileTransfer.java	fae2eacb843e5e0544790075fff1d6c4490d590902af2a9594399b8171c5e58d	45b2702bad03c2b013aac4bf3e244728c1c77507908e946fe59081292c4e92a2	c5ef428f3b819a6aa9a89ee27b78bb0c3f4a5db03fac5a25cafae753dd7db61e	172	true
bundles/org.eclipse.swt/Eclipse SWT Drag and Drop/gtk/org/eclipse/swt/dnd/GdkContentDeserializer.java	2d64a58a84d9e1b320998bcb8d2facea7d8f3aba3527ff32681cd7689a721a47	2d64a58a84d9e1b320998bcb8d2facea7d8f3aba3527ff32681cd7689a721a47	8485424028af26abfc7222883e8f116cf52d824beb6630d3ae29efdabff122a6	22	false
bundles/org.eclipse.swt/Eclipse SWT Drag and Drop/gtk/org/eclipse/swt/dnd/GdkContentSerializer.java	7ad88b823b572bd5cb9ac0eb7e2b5ec2cb9441cef3591e2bdb06443c902021d7	7ad88b823b572bd5cb9ac0eb7e2b5ec2cb9441cef3591e2bdb06443c902021d7	0b7ced35a259f186075f46b87a0c7fe10d32eaae4c9db44649a4dd46575eae74	22	false
bundles/org.eclipse.swt/Eclipse SWT Drag and Drop/gtk/org/eclipse/swt/dnd/HTMLTransfer.java	00e0000c94b7359adf5365cc9fc7a908deac9488f267a8556ea671a1d092e058	9912982494112f856f1ed78a28ddbe507706173a782f66a20b3e62170a6bdec8	3718455157554dfad9ddfaad4e080b29a0bb117397bd274775760d13afaa8b33	54	true
bundles/org.eclipse.swt/Eclipse SWT Drag and Drop/gtk/org/eclipse/swt/dnd/ImageTransfer.java	2c6fdc6ccb61cdd1cbe56e42f57383f2b4037bbb0c5d0de3ead0186d36f46ea0	9b704313dd4eda455f5047dd4dc1fe7f97df503a9639b1c17a58f257341dcbea	12797ab7bce35f213d93bf1ce723147ec9153cf0cf7eb083a92c7ff7553c476c	91	true
bundles/org.eclipse.swt/Eclipse SWT Drag and Drop/gtk/org/eclipse/swt/dnd/RTFTransfer.java	e7978c4aefe3c8c0fdb0e7ff81b7cef17f3c303b383b159e1897b0bbc7deafc0	22460a4a9bd389a66c262466a8e5d7ecb0c80c5a4776f428ca2882d30f73636e	ae87ee67deba762da2af350152795dd007ce06e3bc8211bca59ed2141150108c	59	true
bundles/org.eclipse.swt/Eclipse SWT Drag and Drop/gtk/org/eclipse/swt/dnd/TableDragSourceEffect.java	e6b5f7dc34c5522e2c5bcd1e802935cd96f054f017a06d38eeff9ef1ff0b1c4a	0c7c942d47bc43c809e532d1e031a8570a39fc1657fac57ca78e2f72980c3c0c	6c0b38b33620df493157070a715a507f61d841eebf96cd419da1de77f736d9c4	15	true
bundles/org.eclipse.swt/Eclipse SWT Drag and Drop/gtk/org/eclipse/swt/dnd/TableDropTargetEffect.java	b372ccfafe133965df12250d7d00896235635c1d12b00df578c932df4ac0aeaf	1dac2bdcf94f0df9ef7c3bd2836eb801551e5f46b08f145671e589dd49362e03	7965a4313724bada231b83ceb4872f31bd56a1d27e6f187888d09ff5ce70d614	82	true
bundles/org.eclipse.swt/Eclipse SWT Drag and Drop/gtk/org/eclipse/swt/dnd/TextTransfer.java	6256956b632899e43ebd389c4f08581609044847b213c50c2fed9ef8c2210c7c	d4bd34438cf0d833f6c2f2e5eb448e4ced004bba67a7670629889e24c2b25c22	828daa7ec9fcb401d0e61aa8da20d2a94429813d9854ae40c6b2d9f306584613	104	true
bundles/org.eclipse.swt/Eclipse SWT Drag and Drop/gtk/org/eclipse/swt/dnd/Transfer.java	102080c171e43a815e9b9a08eab2a99056aff298cbd059697f8ba9205f4a9094	d2fb21a67a30bd5a52d6932b1984815f039e38b9c72e8f9e88d4bca0b10c973b	5a15ed6cd7b3c26be52bea2f484db8cb183ad4d29e99cd68bbd852f6db6464ed	13	true
bundles/org.eclipse.swt/Eclipse SWT Drag and Drop/gtk/org/eclipse/swt/dnd/TransferData.java	4ae87f0f6d80408fbd21e4916a487f5d4f28a417ee59ebb329fce69dade98d3a	4ae87f0f6d80408fbd21e4916a487f5d4f28a417ee59ebb329fce69dade98d3a	af1cffddfe3550e69acfb123b995179ffc388e54a448be084b67fd40e303e9f9	0	false
bundles/org.eclipse.swt/Eclipse SWT Drag and Drop/gtk/org/eclipse/swt/dnd/TreeDragSourceEffect.java	af5fb14381e88de1bfc11fec56ab52b60de1d57864e560c030035e68fad2f87f	c301728f9681cb651eed691e6e15314d9ba34665d5cda4bcae27217076677599	b9965766e819f605c89c5e13d22b5885c637f111fbe5a36a6ca7d42bd91497d6	15	true
bundles/org.eclipse.swt/Eclipse SWT Drag and Drop/gtk/org/eclipse/swt/dnd/TreeDropTargetEffect.java	a5bc91a07dd327567357af3aa8ca1b535c3c42d1b5275a8ccaf43bb4985698b9	7805656d2b8869071d91c8c6a6b4f5cc0afcb7219f9d50eae1c25d7b02a14bc7	06251a46104c443c4d4f64768a8792a3fc022469a64998277d9f4343d3d7402b	112	true
bundles/org.eclipse.swt/Eclipse SWT Drag and Drop/gtk/org/eclipse/swt/dnd/TreeTableCommon.java	6ddcf22c8f4dc8ec688572572a2c83ca0c5296f8acbd8a595ec5ff8d0d273e0a	563052782287e866f81b8417a0ee145ad048ae17b236efee7f5e8b86be51908c	27c02318ce67e0d8799c86fc5b535b5ab6dcdc56a813daa5afdb50002d0fbc5c	71	true
bundles/org.eclipse.swt/Eclipse SWT Drag and Drop/gtk/org/eclipse/swt/dnd/URLTransfer.java	18dd7b9332433aef6fd527445e23afbf684dceca21ed8604448d644b2f7de8c0	e484ac20cf91cc5c95d039d8c5a15dd8878d4cedb6f0fa4e1040bd4dd53d62bd	773ff49a0f227195282d6779492b9817c18587554782154d16a6cff403bc2af6	43	true
bundles/org.eclipse.swt/Eclipse SWT Drag and Drop/gtk/org/eclipse/swt/internal/dnd/gtk/ListDragSourceEffect.java	bf7c5db273a3a2df54ea8c35fbf3608c6ab12d0c1cfbd47a845fb3dc3c2542a6	65c5ea301da6adccb68c5d15999a2ce0aac2bc3257d662417837cbf6cca7cdcf	cd0e2b09faea14ade344483f3f9c1a90b7a27745d092e30f3da1994550cd6907	84	true
bundles/org.eclipse.swt/Eclipse SWT Drag and Drop/win32/org/eclipse/swt/dnd/ByteArrayTransfer.java	0aa9ae50d782fc2c3fbee07ba158c41849eeff9f288f364c85f6eb436220dcc6	e809a96cbf5dbd0f1306c898635dfc648d567fbc7c5aea634b248889b3c35697	18a4a644c6b3db29fee468bc0857f5ad7e539b61ebf7157465dbab3a6fdbd184	63	true
bundles/org.eclipse.swt/Eclipse SWT Drag and Drop/win32/org/eclipse/swt/dnd/Clipboard.java	86bcafe2af6e9f1df579343e68c71a91d797a2537e6e173fe06636a60940493f	8bbc22773e3388ecdf3859aac6277794401b87e6c05d2e739b3e893b80b453fd	e0bc51815ce92d6a60ea5fb279127ca7358b35a86199249a647687a135ccb524	391	true
bundles/org.eclipse.swt/Eclipse SWT Drag and Drop/win32/org/eclipse/swt/dnd/DragSource.java	6d113bbdd36ed98b37ebc1b264c59384623d9ad0ad54bdfa1bfbbdc7f4acdcb0	4ebcb7b9aacf7723545761f5a519a8d3a650a21a8de8220c74f1cc95604c5f6d	18072824fb6cd1f96b5b383650f6fc49becee711ae8e08caeadb92e5f470fc8c	421	true
bundles/org.eclipse.swt/Eclipse SWT Drag and Drop/win32/org/eclipse/swt/dnd/DropTarget.java	af5e1aabdaf1de608605499648277170331ff8507eb9ccee70678affc5acc75c	5e3924e79e6c51feae21102ba8e0e2d4377d5b39eb61a831df3bdab4c2521f44	c9560caf9cbf40277ee2dfa1f2745d5d7e367527f956aeadede2abd4f1d27921	483	true
bundles/org.eclipse.swt/Eclipse SWT Drag and Drop/win32/org/eclipse/swt/dnd/FileTransfer.java	1b96f0038a2d71c07760f7b29dbf3dd3497f2c79ae7003d20c9bb849b6ba9278	f53e81de4c03f6d3cb44d701c620d37cf8850c3c694edb6b6287ce5050fb12ed	18003fc469c03111c26c250316eddf4684ba6f4a8def65f844ef7edea0932e12	139	true
bundles/org.eclipse.swt/Eclipse SWT Drag and Drop/win32/org/eclipse/swt/dnd/HTMLTransfer.java	a74176b297014ba905aa77201240786e2c0ef943b81f1cd67be6b3a5ec7da18f	97417f92c89fb97075e4d21ac07407639467e812f5a382ce668b7091799314b0	24e1bcc542ad7ba2b6ec27d2313c055842280482b4c690d3dfae59448b9d269a	130	true
bundles/org.eclipse.swt/Eclipse SWT Drag and Drop/win32/org/eclipse/swt/dnd/ImageTransfer.java	5231e7958e5aef4b211bc651a2bb1f2360defe46634dd2a2847c4db9cdac8eca	f02830ded2c1ced5d941e0696f9473bf048ee838a134059f6c50b8587b9284a9	6c98c01f8e967555dc0f8df14d0c23fa8a4af52d1d7ddd69cfedc6e60c75dd88	141	true
bundles/org.eclipse.swt/Eclipse SWT Drag and Drop/win32/org/eclipse/swt/dnd/OleEnumFORMATETC.java	1af7ba172e71482c3a2ac82f4eac24da660cac4929ac030a5e6231244bf9547c	83d48229b553fca5d0798740bbc533fb66c23ad4964e74d00ff65f2357802050	60cc9dfc4fb3a7d750a2f6c5a055302df98280298e5dfc855009d6623e23ea85	110	true
bundles/org.eclipse.swt/Eclipse SWT Drag and Drop/win32/org/eclipse/swt/dnd/RTFTransfer.java	bce2b5035673cf83dbcba71117397cd35cbe6eff7ee47077acd1a96d140f6302	66c3a86aa50d88548a6393812203352c7cd747ea5bbbf9ee262914dfb73f6d5b	70109c46fe433d15bc0a2a056d2e98bd634fe35c3ae85d93424eac0264b9bcc0	69	true
bundles/org.eclipse.swt/Eclipse SWT Drag and Drop/win32/org/eclipse/swt/dnd/TableDragSourceEffect.java	446c7bd9e5b837124add49a8f14162d08d590208b3cd33246d71defb8bd72d0b	8a50018af66a59522071b1e30ac15c9a69244c661da5a1671de263b88ea1b10d	902f1155169a829335abc74fee72f84c0d5115da24c7e4f8eb5d87d8143c5ceb	88	true
bundles/org.eclipse.swt/Eclipse SWT Drag and Drop/win32/org/eclipse/swt/dnd/TableDropTargetEffect.java	303e46d3b03eb3863d26580853c89b0fb98e0ddeb5a2e523d04cab2e60d463a0	c92ca670ee54e9cb22cc1e3943563b4d1ff982f6120eb23c7975fba4c45a2d47	58a9f04e6ef0c523043d90e2e6b30f11764357ac0ec3bad5145822d594a4a9d3	119	true
bundles/org.eclipse.swt/Eclipse SWT Drag and Drop/win32/org/eclipse/swt/dnd/TextTransfer.java	028f3c239d9678105a6df5d77fbd5a0a524ac8afc167b2465302ff93cc79b273	dc0d328d9cad6ecb647c9e67f61b4bfce30a0a90b4e6e49d4190b29b02af7636	a7d677617730b6b2b7dfbfe099fbe6162ee45c6095349bed24618d8b6c03a7de	120	true
bundles/org.eclipse.swt/Eclipse SWT Drag and Drop/win32/org/eclipse/swt/dnd/Transfer.java	5f296523fae3e7391672814dbc8acb4bbe72fc7e6b0c8a529a11906b86b070f6	b9a26e7a5df675f20d63122ac8da4229ac6603a5edb16836af45932fe3643efc	a64677d0cfa744aad5c226c978bf18eba8598539b6067e854e992aafae26dc10	25	true
bundles/org.eclipse.swt/Eclipse SWT Drag and Drop/win32/org/eclipse/swt/dnd/TransferData.java	7edb67db918891f19092121e73114373a7393b8a44649eae4fb9ca7e80d1632c	9f61a9165d69878023600e06579c1da35bdbcfedabaa8c9d887f1839e0e9a7e3	f4858e5bb7b0fe7f9e3dc8049961f2e9dceec40442664e55e7967c08c3593c0b	8	true
bundles/org.eclipse.swt/Eclipse SWT Drag and Drop/win32/org/eclipse/swt/dnd/TreeDragSourceEffect.java	f3aef76ccfa25195c626c15d11215b3c98b4dacf14a5a9486c211e0b6866df50	0793f7547e6922d3da6e76ba84cf465ea1a2d99b342a370d9cc238f393be15f3	916712d04b6636f2cdc44c57ab70b1f1a678f4face14f7b243ad88716b580cab	95	true
bundles/org.eclipse.swt/Eclipse SWT Drag and Drop/win32/org/eclipse/swt/dnd/TreeDropTargetEffect.java	442da551503bd046b5b9155279965e289a18d1607d7b4dcb559c4acb478d6829	60ceba20f1c4dea740e3bf35ee7bb99148de6ea84c29610f32b75b253064c2b5	defa164ab25522b0ecec1c91e30d9d1de88362c89acefeedd3a8c40107b71583	150	true
bundles/org.eclipse.swt/Eclipse SWT Drag and Drop/win32/org/eclipse/swt/dnd/URLTransfer.java	2abc501f5cf0ba0e1fc1d805596a7a58ae54732d9746e95bbdf2e0adeeebb8cb	bb298db063eb2047305b3039ab3dc98e6341497cf4915775123079fbbf8fc728	25c600ba79b6cd3d33df9d24283a29d86ec79234c1dfbce9a4bab592649b8ece	113	true
bundles/org.eclipse.swt/Eclipse SWT OLE Win32/win32/org/eclipse/swt/internal/ole/win32/COMObject.java	4c463a70060f631e65b0b4ae575534526db458b3c5571bec47e6f5da4424d3a9	401a299479023dfb1236f3bcfba46f4b3f012fdb9f8e2512346ca5c976236c62	f38defa12045cfdafe5ddd9efec517a2d96e69c320914eef35303de1660e1e6f	913	true
bundles/org.eclipse.swt/Eclipse SWT OLE Win32/win32/org/eclipse/swt/ole/win32/OLE.java	329108a75bc50ac2f702b0be77d6aa368f5f2e83e294f10ddc009116cd568ed7	25f736e9fe4c5c58380f8e7a402d83a7ba30c7883aeb4a0d5c6109e6a4c1a2b1	e809af706c2e6d886a9430ba2e0f4454712bf02d5ea5a7fc9df7b39c85437edb	150	true
bundles/org.eclipse.swt/Eclipse SWT OLE Win32/win32/org/eclipse/swt/ole/win32/OleAutomation.java	de73b1ec6b5130fa3ee21c642c8b562bece3545da591fd5fbb5aa6ea01ee3030	4693d8a420c8976ea68ba0eb0da548887715268955ee6db294c4b88fdebb3081	dfd7ee8a1faf5d85f5c26a0763c8f284861e2578d12da43ce468c8d96dcddf0f	391	true
bundles/org.eclipse.swt/Eclipse SWT OLE Win32/win32/org/eclipse/swt/ole/win32/OleClientSite.java	c086f01dee4a2564effb743e61e89bc9bc72789847d31ef62f524c318c80a20a	1ba0b32e131e30d23e1495fb6348964ffc39287b12c73564799a510e75141624	c9bcea518b0eceec03af62535785113442653ff8a533ae23a1445b6e3777fa10	1085	true
bundles/org.eclipse.swt/Eclipse SWT OLE Win32/win32/org/eclipse/swt/ole/win32/OleControlSite.java	ff71f73563cdae9f78d0f242473fba7608fcae7642664589daf045edc40d041c	23c1c853cb9eaa5e09067b6f3d63a76e8ede698e9865f07a0c3cc105a4133754	03e411a8efbc1484fef1b32a83f7ed94fd2798ee788594d471bf1e248daa33f3	650	true
bundles/org.eclipse.swt/Eclipse SWT OLE Win32/win32/org/eclipse/swt/ole/win32/OleEvent.java	f25e5d2711f540fb8ce10cf339ea722e6fd7aa57b98f5ba6d68d57cea4462c35	f25e5d2711f540fb8ce10cf339ea722e6fd7aa57b98f5ba6d68d57cea4462c35	8bf9b0f27327dbc9f1715cfa752fbb13f626bb6aeb46b719597e09c7f151d0f0	0	false
bundles/org.eclipse.swt/Eclipse SWT OLE Win32/win32/org/eclipse/swt/ole/win32/OleEventSink.java	6875b10e5a39c87fda2507b1e453076cda0e8797dd830f3fcbe1c3d83080e9ca	c70fa8912c1eead7dc1734e9340a26572ecbeb8b6ef0a71f31b1cc5bcb25a342	bcd6ab34cd279a615f0c376bd1213058a8fa9aaeb7996b4d042d56d2bd7ea848	128	true
bundles/org.eclipse.swt/Eclipse SWT OLE Win32/win32/org/eclipse/swt/ole/win32/OleEventTable.java	c1374bfca441436cb168b2fe8ce94dd0bebf7de4e2880b00414b4494b7de0ea5	9681d0313e2ca99b44290f165aa70762ebcf6a8a0ebf1dc15c2af761d7fa9d69	eb0d3e6e30591324d92af790e88805fe4086ce02365fdb951b75932da94bdc92	69	true
bundles/org.eclipse.swt/Eclipse SWT OLE Win32/win32/org/eclipse/swt/ole/win32/OleFrame.java	f9151f0679e311a7b9843a5e46c7445000b7265dc4cfca918ad0bfd9f2ff9dfa	ea99ec8d924759e1104f920083a68deeb321e4f8ce6d07a3c53f498b495b0542	5a4d276571d5adb3da1db6847b846442785cc57d4c7b387a20042b95e9ba1d66	547	true
bundles/org.eclipse.swt/Eclipse SWT OLE Win32/win32/org/eclipse/swt/ole/win32/OleFunctionDescription.java	452e3398c1373da5f19d422cb205682f40a2c979adf463a98e7072efbf21127f	452e3398c1373da5f19d422cb205682f40a2c979adf463a98e7072efbf21127f	ceaaff21b523c28d20b06ba866d06681262bda7357adab34b425145132959b4d	0	false
bundles/org.eclipse.swt/Eclipse SWT OLE Win32/win32/org/eclipse/swt/ole/win32/OleListener.java	383f81b8e4a25b30b219d1c6b93afdafe8fc4dfd4d5c9835a1eebb50f7e97d39	383f81b8e4a25b30b219d1c6b93afdafe8fc4dfd4d5c9835a1eebb50f7e97d39	ffd0ca5f7e190494f6033282808938b4c1fab12d05fa973b22c3341d5b24e138	0	false
bundles/org.eclipse.swt/Eclipse SWT OLE Win32/win32/org/eclipse/swt/ole/win32/OleParameterDescription.java	16cb51b60b1afd5acd7ebaad04c1fe626e4cd8194ebe332f5625a17311ffa33c	16cb51b60b1afd5acd7ebaad04c1fe626e4cd8194ebe332f5625a17311ffa33c	a54cd1deff2ece09980867f2e95997923ca5b3862875a556a08adb035e05487c	0	false
bundles/org.eclipse.swt/Eclipse SWT OLE Win32/win32/org/eclipse/swt/ole/win32/OlePropertyChangeSink.java	86e5a9b838c0d997a2dcfbbed63343d1fe2bf4c84be42a35cfe394ec8424f877	526b6e40e37dff9b41c8304bbbee353b4bb5209986f79bee8a073bf28e44d71b	7b8abbfe358092a32c7568086cadc158de3273a402b5f45016a47d2f5b4df05e	114	true
bundles/org.eclipse.swt/Eclipse SWT OLE Win32/win32/org/eclipse/swt/ole/win32/OlePropertyDescription.java	b37214e6ec962b3373b214e3c9177a949ef29a26deb14c7452dff59d9dbbc160	b37214e6ec962b3373b214e3c9177a949ef29a26deb14c7452dff59d9dbbc160	4822534bb3fcefcfd7ec4c8f91951e2f7781a8eafd5996923bdc404d793dd708	0	false
bundles/org.eclipse.swt/Eclipse SWT OLE Win32/win32/org/eclipse/swt/ole/win32/Variant.java	2c8daaee4af5d8ff64cda5cfd3b43491199f1ef0f3746242036526c1e66a70c5	2582158eaa1d1e749976e8520da7ecf8c179d6f2ba928ffe84d4cb7ea47284dd	080e2c0709f2400fa25b4e6daa752e1065e8f3da5c68acf475d8467fc9cdfe46	583	true
bundles/org.eclipse.swt/Eclipse SWT OpenGL/cocoa/org/eclipse/swt/opengl/GLCanvas.java	2e22ffd6de817dddf2853d53a5969724a88c35fd88af5ab9784c25e10a4c854d	de89f0f3f72190b22187023698eb50ef03f10caa650ba26501a165de957bedf9	89c32e3c82b3c44fe2b65af2d7be128069e0ab692f6516f55579b6fad19e6524	116	true
bundles/org.eclipse.swt/Eclipse SWT OpenGL/common/org/eclipse/swt/opengl/GLData.java	fd4bde37310e245783977a932a48eaf2ad06d90d470397a5bf6bf5d310f1d2fc	fd4bde37310e245783977a932a48eaf2ad06d90d470397a5bf6bf5d310f1d2fc	020860f239e2092394924f2008d6fcf610ca6af79bb524a361d3804e63fb11aa	2	false
bundles/org.eclipse.swt/Eclipse SWT OpenGL/glx/org/eclipse/swt/internal/opengl/glx/GLX.java	d0f796ad6291c803396a7c2e064081e57c13ff8495327e7ccde7443d01166439	d0f796ad6291c803396a7c2e064081e57c13ff8495327e7ccde7443d01166439	197b257427148efbcd2e68174c81ab94ea3da53ca322138636c39c4ddb50ba39	2	false
bundles/org.eclipse.swt/Eclipse SWT OpenGL/glx/org/eclipse/swt/internal/opengl/glx/XVisualInfo.java	07d526a1f362a1d98d2ec9d56fb8733bcb6379268cefddfc1afc5afc6b2f6f97	07d526a1f362a1d98d2ec9d56fb8733bcb6379268cefddfc1afc5afc6b2f6f97	8937838499be4dcbe44db839190f554b23d9ffefa0db8516dac8b82045c0b46c	0	false
bundles/org.eclipse.swt/Eclipse SWT OpenGL/gtk/org/eclipse/swt/opengl/GLCanvas.java	977fc86f4e7690ec1e1b16f95aee4567760909580296a54826b574080a06ba55	51389f87bc4c166a392399a465072382993f913f54937d5ea1339a4bc9abd180	f74f714335c203048f76f59b5e8c5d5ed0a84602a3cbb56e33477d78a67c1b82	181	true
bundles/org.eclipse.swt/Eclipse SWT OpenGL/win32/org/eclipse/swt/internal/opengl/win32/PIXELFORMATDESCRIPTOR.java	549cda36a6ede70920b8e769f8db49529bba8704dc1d0eeb2ba3bb420eb6d444	549cda36a6ede70920b8e769f8db49529bba8704dc1d0eeb2ba3bb420eb6d444	649ebb8fc5a027780ac921b23c88369dd4a6e76f5e01e28663a6ad002f43b1ff	0	false
bundles/org.eclipse.swt/Eclipse SWT OpenGL/win32/org/eclipse/swt/internal/opengl/win32/WGL.java	676834299a49110a20fcfbf24fad1bbcb7d183332e152d55060b01ae70daa75a	676834299a49110a20fcfbf24fad1bbcb7d183332e152d55060b01ae70daa75a	738ca68648db96d0d944828c99794cd40d18271fd980efe4b9c1c5b8484b483a	2	false
bundles/org.eclipse.swt/Eclipse SWT OpenGL/win32/org/eclipse/swt/opengl/GLCanvas.java	cb6190a21fe1fa4c868e652de9ada0df6eea443543c007196d8e889f41fa0474	358f1d88e18c5786338da1f183cc7c06c8d19bb1a9c95a7e1e410c89f9a6beb0	407bd3af5d982c79fbf2c28b37e09646e3e97629b4f7353e9f53ed6348de60b1	96	true
bundles/org.eclipse.swt/Eclipse SWT PI/cairo/org/eclipse/swt/internal/cairo/Cairo.java	9f6ffd2b18cb385eadfa3de01e36cfa5a48e3bb2fdb5b34a5366cd0732cc0949	9f6ffd2b18cb385eadfa3de01e36cfa5a48e3bb2fdb5b34a5366cd0732cc0949	7030283d61bbfbd24b6da643a83961bed0126f7299f74a4b31ddcd67418f8164	2	false
bundles/org.eclipse.swt/Eclipse SWT PI/cairo/org/eclipse/swt/internal/cairo/cairo_path_data_t.java	6e460db4105b949c19884e1fb073a72a07505141a7e708273d03ba62985bd205	6e460db4105b949c19884e1fb073a72a07505141a7e708273d03ba62985bd205	45f18a662548294eb0d8fae1d9017a55b0b39b26e041040c9956a94f6da64fc7	0	false
bundles/org.eclipse.swt/Eclipse SWT PI/cairo/org/eclipse/swt/internal/cairo/cairo_path_t.java	67c6ff4c43083f4bc775d2c69011d02e492020cdf13b58f85798701875a4409d	67c6ff4c43083f4bc775d2c69011d02e492020cdf13b58f85798701875a4409d	e28d5b6c4c62cfbc1f803695545ad467c49e588b070cb75317fd61898c7e75ef	0	false
bundles/org.eclipse.swt/Eclipse SWT PI/cairo/org/eclipse/swt/internal/cairo/cairo_rectangle_int_t.java	343b74551d89f519c241c659e8aacc1ae9dee383ffca9d825d1668cd7d317f6c	343b74551d89f519c241c659e8aacc1ae9dee383ffca9d825d1668cd7d317f6c	9f6bff19f2481240dba5fafb4aded87aebbac8774885a444748120df70f1070b	10	false
bundles/org.eclipse.swt/Eclipse SWT PI/cocoa/org/eclipse/swt/internal/Platform.java	0fb21fcf6f68bf03defbb0ce28b5bda3e79f660ef2095f85e63c1e7b39a22f11	0fb21fcf6f68bf03defbb0ce28b5bda3e79f660ef2095f85e63c1e7b39a22f11	5382e1dea055873d163dad64cba79c8f4595c28e377c4bca7f2c9dc635137b14	7	false
bundles/org.eclipse.swt/Eclipse SWT PI/cocoa/org/eclipse/swt/internal/cocoa/CALayer.java	ff48cfbb8e122d4da58bc29f34c2bca3bfd63db3407ea72af57bffa5aa07d1e0	ff48cfbb8e122d4da58bc29f34c2bca3bfd63db3407ea72af57bffa5aa07d1e0	2651a795326128f5e9a6fafd7c65908990eb46ba8da736ee7bcbee7658030db4	8	false
bundles/org.eclipse.swt/Eclipse SWT PI/cocoa/org/eclipse/swt/internal/cocoa/CGAffineTransform.java	62e724a4fdabef1f24a847857c20b7b0583c441c715e75651b62acfb5d7a5a25	62e724a4fdabef1f24a847857c20b7b0583c441c715e75651b62acfb5d7a5a25	1cea741c53c93862f50d1358dffe83a66515e60e30b943a472ca4c0d5f7d0c19	0	false
bundles/org.eclipse.swt/Eclipse SWT PI/cocoa/org/eclipse/swt/internal/cocoa/CGPathElement.java	db39cbe4032c63c7ce4dbb87914052450804ad31a52d61f9ca4a74618a4bbfa1	db39cbe4032c63c7ce4dbb87914052450804ad31a52d61f9ca4a74618a4bbfa1	db080f2bbbf7c6c850db8b0e8104c9e4d3e8a509111a7b539eb333cd6c51cca8	0	false
bundles/org.eclipse.swt/Eclipse SWT PI/cocoa/org/eclipse/swt/internal/cocoa/CGPoint.java	bef29e343c119dfb6dfe733f27e089e4777153f003912f2b3171ac58d0c940af	bef29e343c119dfb6dfe733f27e089e4777153f003912f2b3171ac58d0c940af	fcffb6c4dbcfbf15285c4e298fad7af69aa375a1c7e291c4f45217906ed0749c	0	false
bundles/org.eclipse.swt/Eclipse SWT PI/cocoa/org/eclipse/swt/internal/cocoa/CGRect.java	6d3940da36f2bcbf3e8027a47264e0b8533b66ea0902d80795cc77c3b3866285	6d3940da36f2bcbf3e8027a47264e0b8533b66ea0902d80795cc77c3b3866285	fa24b81e7aec69ade679e4b1703f191db4e8d75cef322bf49c2332f1aae5b1de	0	false
bundles/org.eclipse.swt/Eclipse SWT PI/cocoa/org/eclipse/swt/internal/cocoa/CGSize.java	33dc7a48deb693e6dbdb0166645cd65b13d3265c6845f665da952734fba82492	33dc7a48deb693e6dbdb0166645cd65b13d3265c6845f665da952734fba82492	7478cb7cd38a19135a5b21e5dd8d5cbd470cbffeb4e69a15446cd4facf34c585	0	false
bundles/org.eclipse.swt/Eclipse SWT PI/cocoa/org/eclipse/swt/internal/cocoa/DOMDocument.java	7297c8b3a0f07b31028265cb3898b612c02c2a1f87ee6b40d647f325081e2222	7297c8b3a0f07b31028265cb3898b612c02c2a1f87ee6b40d647f325081e2222	1f2c82e93728a6fb36b59562210edc196ab8c5669fb5c6abcd707d837764baf3	9	false
bundles/org.eclipse.swt/Eclipse SWT PI/cocoa/org/eclipse/swt/internal/cocoa/DOMEvent.java	fece972a1cb4595cae10fb3997ccfcb9304ced000d57df90dd73de6066fdf422	fece972a1cb4595cae10fb3997ccfcb9304ced000d57df90dd73de6066fdf422	d901b2245dbd51084b9204a6065b82ce47ed4c21a3b1f23239f29e7737f4a44e	8	false
bundles/org.eclipse.swt/Eclipse SWT PI/cocoa/org/eclipse/swt/internal/cocoa/DOMKeyboardEvent.java	13ae93e1216a4c6cb1e6c5349e825583532c941775c2825c3f079df4343d7dde	13ae93e1216a4c6cb1e6c5349e825583532c941775c2825c3f079df4343d7dde	c40c40dc526491259dc2b9ea2c4f8f64dd764c23c5bb8382a9239e3e11076499	18	false
bundles/org.eclipse.swt/Eclipse SWT PI/cocoa/org/eclipse/swt/internal/cocoa/DOMMouseEvent.java	22c881e9ecb8cf82780e579dbc443cb91a40ae038edefd0ff6d1343fc27d87c2	22c881e9ecb8cf82780e579dbc443cb91a40ae038edefd0ff6d1343fc27d87c2	caa0378a1c1aebba35447f3beae0e8c21c1c775eeb628e7da3c10cc85862d7a0	20	false
bundles/org.eclipse.swt/Eclipse SWT PI/cocoa/org/eclipse/swt/internal/cocoa/DOMUIEvent.java	f80c5a3dbcc1f75478c127eb385b1169796af091bd9fb1b252a99b8bf5a11a19	f80c5a3dbcc1f75478c127eb385b1169796af091bd9fb1b252a99b8bf5a11a19	9d1191d7a52b4c0fdb2c11ac0599f1c9dc0b5a2dece81e7f5cda39920f8338f4	8	false
bundles/org.eclipse.swt/Eclipse SWT PI/cocoa/org/eclipse/swt/internal/cocoa/DOMWheelEvent.java	399a95674070c46ea43459cd69ed47230cac21ed5925e66fbfe62e3ae1be9f11	399a95674070c46ea43459cd69ed47230cac21ed5925e66fbfe62e3ae1be9f11	86307b28138899029e67826d1f351f8434db7be75f3d19e698a314571e0cc04d	12	false
bundles/org.eclipse.swt/Eclipse SWT PI/cocoa/org/eclipse/swt/internal/cocoa/NSActionCell.java	416c1452e02fed51fc8223849c9875e615f4839aed60292eaaf6c090cda97aca	416c1452e02fed51fc8223849c9875e615f4839aed60292eaaf6c090cda97aca	96cf97d6fa661fdf540358e8392dae4911f1dd703d95038789cff20e0f4add77	15	false
bundles/org.eclipse.swt/Eclipse SWT PI/cocoa/org/eclipse/swt/internal/cocoa/NSAffineTransform.java	85979a62690d57e1a9b7395558542bf4936be7912220b67285d3c9634fc3e123	85979a62690d57e1a9b7395558542bf4936be7912220b67285d3c9634fc3e123	f321304af589fd7e45b2289e0c34df60b008d800b44bf3bd0e515e7eafe3c786	40	false
bundles/org.eclipse.swt/Eclipse SWT PI/cocoa/org/eclipse/swt/internal/cocoa/NSAffineTransformStruct.java	672ee5c7989aef5540c9ecdd09dc74ce1e6c12b6f1ac7682f0f174fa7571c7ef	672ee5c7989aef5540c9ecdd09dc74ce1e6c12b6f1ac7682f0f174fa7571c7ef	8dde5c75bd01ec0acd46db002bea772dda8d5dc5a72a52e3abf6cabdcb7690bc	0	false
bundles/org.eclipse.swt/Eclipse SWT PI/cocoa/org/eclipse/swt/internal/cocoa/NSAlert.java	9b8488ca723437324093b39ee2d105c651cd91c45bae35a713e2f778e1582903	9b8488ca723437324093b39ee2d105c651cd91c45bae35a713e2f778e1582903	51cb6dc57dae5ad40c7a025b457de4661e6773f96434b5c8c1f15395dc8bc11c	22	false
bundles/org.eclipse.swt/Eclipse SWT PI/cocoa/org/eclipse/swt/internal/cocoa/NSAppearance.java	3a1c442dd525fbdac3e1e060d0f52f3f5c15204cc90218204f69c3a0f5a65eea	3a1c442dd525fbdac3e1e060d0f52f3f5c15204cc90218204f69c3a0f5a65eea	487aeacd0b41587992a4a72cf8f703f740a749db340e4eb8a5a987ae010436c5	15	false
bundles/org.eclipse.swt/Eclipse SWT PI/cocoa/org/eclipse/swt/internal/cocoa/NSAppleEventDescriptor.java	ca1b7dca0db8ea58b65885fa47d29d653e307f17627cb8a958b6eb29bbeaaaa8	ca1b7dca0db8ea58b65885fa47d29d653e307f17627cb8a958b6eb29bbeaaaa8	4c37319e5d48d87764a077a8370e8e2a2a5fe37a0f23d3f383d812355f0db839	9	false
bundles/org.eclipse.swt/Eclipse SWT PI/cocoa/org/eclipse/swt/internal/cocoa/NSApplication.java	eabedcc1777098d39246611c270c26909090aebd83495def966247a924e636c6	eabedcc1777098d39246611c270c26909090aebd83495def966247a924e636c6	91d6a3e72a9917141c8195efe16531e784f1d92ebbff9c6d6dd168febeb8196e	83	false
bundles/org.eclipse.swt/Eclipse SWT PI/cocoa/org/eclipse/swt/internal/cocoa/NSArray.java	1f8b67b1d89c17a85674c7cf2b0a485071349fd57e8753b304fb3fb592363c94	1f8b67b1d89c17a85674c7cf2b0a485071349fd57e8753b304fb3fb592363c94	ceaba772fc2db8046f0ff08ed761cede1a48de869da54db41d6ba947d89bae9e	21	false
bundles/org.eclipse.swt/Eclipse SWT PI/cocoa/org/eclipse/swt/internal/cocoa/NSAttributedString.java	31e02a16e4521e7a9d8716e25b80fa7d388c9512b12e9bdffbc583549a65fce9	31e02a16e4521e7a9d8716e25b80fa7d388c9512b12e9bdffbc583549a65fce9	f40278c077d8afe9bf690a0f42137fbb8d250ae8aadf4563ce33398c12ee47ea	38	false
bundles/org.eclipse.swt/Eclipse SWT PI/cocoa/org/eclipse/swt/internal/cocoa/NSAutoreleasePool.java	9b73b438d3426941957633dc37c7fdb62970a858ab5c944f0efd4115fc777d76	9b73b438d3426941957633dc37c7fdb62970a858ab5c944f0efd4115fc777d76	1b03317c896f48dbe7308251c77b0d863f546e6fccfb3524e6504b2c2ab0b87e	6	false
bundles/org.eclipse.swt/Eclipse SWT PI/cocoa/org/eclipse/swt/internal/cocoa/NSBezierPath.java	d9cb8e13e605195f1c2ffed2f2c176175143cbcdcbdd9049306d64434ec05c46	d9cb8e13e605195f1c2ffed2f2c176175143cbcdcbdd9049306d64434ec05c46	95dd78e3959041d229d75a39674c2519a73ec5cf5c32a83aa9a21cb9e2f1ac5b	90	false
bundles/org.eclipse.swt/Eclipse SWT PI/cocoa/org/eclipse/swt/internal/cocoa/NSBitmapImageRep.java	78da0ed319789f74e7e7262b0f80696516573d70d2f6a62cf83181be9060777b	78da0ed319789f74e7e7262b0f80696516573d70d2f6a62cf83181be9060777b	6ae1953cdeb9cb5999ba2e133c307d91049b8b7b4aba289d53eb3bb21f046f80	30	false
bundles/org.eclipse.swt/Eclipse SWT PI/cocoa/org/eclipse/swt/internal/cocoa/NSBox.java	79f8a23ff6e33f8e137108f50f68c65f577fb55fe6bbe257e64246ad7eaa3b50	79f8a23ff6e33f8e137108f50f68c65f577fb55fe6bbe257e64246ad7eaa3b50	5b35ba2c5add52d215e45e62766ebb22674753ed16360e0639716cae19605527	41	false
bundles/org.eclipse.swt/Eclipse SWT PI/cocoa/org/eclipse/swt/internal/cocoa/NSBundle.java	224903574e3b3fc35ee21ed6f4025774a95a75abbc831b5b7b0dac4f613431af	224903574e3b3fc35ee21ed6f4025774a95a75abbc831b5b7b0dac4f613431af	cda9550f7a5bf24acc2670f5f3553a302021b5d889dc5b10783ae88aec335b54	35	false
bundles/org.eclipse.swt/Eclipse SWT PI/cocoa/org/eclipse/swt/internal/cocoa/NSButton.java	dd8805c357cb63f690dd6e77d051abf69de64c61fbb43e82eda8a8bda37cc65d	dd8805c357cb63f690dd6e77d051abf69de64c61fbb43e82eda8a8bda37cc65d	27d9fd1ab07d47d7f7c5423ff3d6df00828fc52b0b8fa678d50ecd82208694a1	37	false
bundles/org.eclipse.swt/Eclipse SWT PI/cocoa/org/eclipse/swt/internal/cocoa/NSButtonCell.java	769aa227a278e5bd013f8d0053dcaa9fb9b62ce28cd16c4adc60f9a79638341b	769aa227a278e5bd013f8d0053dcaa9fb9b62ce28cd16c4adc60f9a79638341b	8d6ef1587d197ca5cc44dfdf7deee4ff2568ce00255a81c878520433a5ccac0d	25	false
bundles/org.eclipse.swt/Eclipse SWT PI/cocoa/org/eclipse/swt/internal/cocoa/NSCalendarDate.java	e771b2b7ec4954da539b2d1e3dd364085da63625e346aa810aa167732184e0ae	e771b2b7ec4954da539b2d1e3dd364085da63625e346aa810aa167732184e0ae	8ce45fcd3cc72e4dfa9a7f80e9ed6f7e0f193f0a72d4796311342f0e4285d7ca	33	false
bundles/org.eclipse.swt/Eclipse SWT PI/cocoa/org/eclipse/swt/internal/cocoa/NSCell.java	076e856b8a4d0310edc9fa1b29729e97c43e9ccd921dcc05950c6cc892b6906e	076e856b8a4d0310edc9fa1b29729e97c43e9ccd921dcc05950c6cc892b6906e	a10f22a8aa27df4d0a8ef6bb05d9af5297d7e5f67a116dafc16b5d94208c16a7	94	false
bundles/org.eclipse.swt/Eclipse SWT PI/cocoa/org/eclipse/swt/internal/cocoa/NSClipView.java	17e5c262188a7275e0e1dbfdf7ecbb6104000b5ec35844e2d54e63f8a3a7e11b	17e5c262188a7275e0e1dbfdf7ecbb6104000b5ec35844e2d54e63f8a3a7e11b	4da9e2de921657ff916d2d33429c8124aef51732d3404528830310105753d72b	14	false
bundles/org.eclipse.swt/Eclipse SWT PI/cocoa/org/eclipse/swt/internal/cocoa/NSCoder.java	b1462711f9eb61bb35f2b9404b2c120b5724b1590f52a1055471d81e55c28f67	b1462711f9eb61bb35f2b9404b2c120b5724b1590f52a1055471d81e55c28f67	a3cf4d93adeb8303bd3b5ea11ad74fbee6027922b2acf63dae59bdc31e68d361	8	false
bundles/org.eclipse.swt/Eclipse SWT PI/cocoa/org/eclipse/swt/internal/cocoa/NSColor.java	6bd383269326265a94d3330c314841f516249e7c355d7e581fed892fc672614f	6bd383269326265a94d3330c314841f516249e7c355d7e581fed892fc672614f	30addd4a3aae817c62a1052a7fd07434c3c18995e7bacae3e619f62fb2127a0d	96	false
bundles/org.eclipse.swt/Eclipse SWT PI/cocoa/org/eclipse/swt/internal/cocoa/NSColorList.java	fe610bbeee06874876b837cbbbddc520ebf0ab5ce31181d1ebe2b84bb3f07b88	fe610bbeee06874876b837cbbbddc520ebf0ab5ce31181d1ebe2b84bb3f07b88	12d48247ae419d7555bca1f93e3a8c1642a7443b8402444706013c20af57c75c	22	false
bundles/org.eclipse.swt/Eclipse SWT PI/cocoa/org/eclipse/swt/internal/cocoa/NSColorPanel.java	2a7c0e1113681399fd12435f5b033a8c7294a63da29dd2bdfec302eef349349b	2a7c0e1113681399fd12435f5b033a8c7294a63da29dd2bdfec302eef349349b	1fc9ff393db4460f063ae721265e1e70db230de2e0719b2c709ad4a9eeca3766	20	false
bundles/org.eclipse.swt/Eclipse SWT PI/cocoa/org/eclipse/swt/internal/cocoa/NSColorSpace.java	b002bc4af5717df1ee04d0e5d72d50e894659f9e59201dcda2b6fe59696684fd	b002bc4af5717df1ee04d0e5d72d50e894659f9e59201dcda2b6fe59696684fd	7a38044fc912ea7fd8fd9acc62f7d440b45a651dabb386f51b4d25d28c2c069b	8	false
bundles/org.eclipse.swt/Eclipse SWT PI/cocoa/org/eclipse/swt/internal/cocoa/NSComboBox.java	2d6157fd7f41f2d65c5d53685eab8d9ccec8e936c936506015ccd3ce25474cd0	2d6157fd7f41f2d65c5d53685eab8d9ccec8e936c936506015ccd3ce25474cd0	62a95a8a04233c9e53289eef14ae6f7290aa95c957cad5f84386da6daf1391d1	35	false
bundles/org.eclipse.swt/Eclipse SWT PI/cocoa/org/eclipse/swt/internal/cocoa/NSComboBoxCell.java	a5ea488a17dea2bb252a53617bcbc8946e4a9e2f1c6e4aaa415a650d5a8815e1	a5ea488a17dea2bb252a53617bcbc8946e4a9e2f1c6e4aaa415a650d5a8815e1	428892e5a44383d3ef1b8c6952f93789eb3823a6d69e6d2611bd37a99abc8640	9	false
bundles/org.eclipse.swt/Eclipse SWT PI/cocoa/org/eclipse/swt/internal/cocoa/NSControl.java	7c62fc054380d05ac8915601d72b2ebe1bc3b96db4c86e94b7132100a5c825a1	7c62fc054380d05ac8915601d72b2ebe1bc3b96db4c86e94b7132100a5c825a1	315a1c032dfa3f07675de8caa339baaae14f9422fa72148396b4ad101bb0317b	59	false
bundles/org.eclipse.swt/Eclipse SWT PI/cocoa/org/eclipse/swt/internal/cocoa/NSCursor.java	06f8e3ae92e089b02bda63ac2c8a1f573fc157de79b27a548c826617766611ef	06f8e3ae92e089b02bda63ac2c8a1f573fc157de79b27a548c826617766611ef	2f77115f44aa27bf06fa81b13130005f714e10da47aa48c444e210fdf551be4b	55	false
bundles/org.eclipse.swt/Eclipse SWT PI/cocoa/org/eclipse/swt/internal/cocoa/NSData.java	74ba59793612dce5ecc5f497c1a8d80a82d4e0d2e50dab32f920c1057487e272	74ba59793612dce5ecc5f497c1a8d80a82d4e0d2e50dab32f920c1057487e272	463492200a643db8c35ae723cff7f2205fa44038373d1279e818089be2924b19	15	false
bundles/org.eclipse.swt/Eclipse SWT PI/cocoa/org/eclipse/swt/internal/cocoa/NSDate.java	047ce0f0d1e626af25a1c52cd904a35437f1091d5b1321f62403c8f4305f94ec	047ce0f0d1e626af25a1c52cd904a35437f1091d5b1321f62403c8f4305f94ec	87e6cdeea3811c97f1a5585cf68e3200e9f2c37ce7a0142350e116c48ad929de	15	false
bundles/org.eclipse.swt/Eclipse SWT PI/cocoa/org/eclipse/swt/internal/cocoa/NSDatePicker.java	e78575079eca0d1eb6ddb60c2363719463aea1e0e4a24c7672e466cc853bfaca	e78575079eca0d1eb6ddb60c2363719463aea1e0e4a24c7672e466cc853bfaca	81de492b1c0acc1fe03856a04a136cf17550eda307f8e75b7e30be5bea47ecac	29	false
bundles/org.eclipse.swt/Eclipse SWT PI/cocoa/org/eclipse/swt/internal/cocoa/NSDictionary.java	898e1e01a3caf39be07a35572550aab62e2d78aa4c731688ad33d06be4d75644	898e1e01a3caf39be07a35572550aab62e2d78aa4c731688ad33d06be4d75644	e2c4ae1195ef1eff93211f0796cbfc7180b1ad74065666e5566cd33a85f146a5	23	false
bundles/org.eclipse.swt/Eclipse SWT PI/cocoa/org/eclipse/swt/internal/cocoa/NSDirectoryEnumerator.java	6b0acd3357f16f85bd0357e70db0900b81937189101983fec6deb0f35ec59f05	6b0acd3357f16f85bd0357e70db0900b81937189101983fec6deb0f35ec59f05	577976b3052cfd146f8c624a68609a79708e4125f6dc7baba10bf12f71b5f4b6	8	false
bundles/org.eclipse.swt/Eclipse SWT PI/cocoa/org/eclipse/swt/internal/cocoa/NSDockTile.java	38bec0011d1980742bdb6849ed3e3771c70e974780a229a93b0b6befbcb46a3b	38bec0011d1980742bdb6849ed3e3771c70e974780a229a93b0b6befbcb46a3b	deeab6cc66ecea3059994593cbb9d3d70b3b9d3004c7fc2f210490508bd8d343	11	false
bundles/org.eclipse.swt/Eclipse SWT PI/cocoa/org/eclipse/swt/internal/cocoa/NSEnumerator.java	259b91da36a93e6ab6b221086d47baae9507aa779a783088ac9ecc29f40660cf	259b91da36a93e6ab6b221086d47baae9507aa779a783088ac9ecc29f40660cf	5781edb6c0fa07f31cd72a6efdd323aa2426c1cc9c8bc259c16372069af9901b	9	false
bundles/org.eclipse.swt/Eclipse SWT PI/cocoa/org/eclipse/swt/internal/cocoa/NSError.java	6bb231f05ba0d7e9cfbaeb3c015903220b34aa046e08651249799b6164f00d7c	6bb231f05ba0d7e9cfbaeb3c015903220b34aa046e08651249799b6164f00d7c	146be27802ddaa9ac8161dcb94cbdf22b140eff669c838616a5f524f1da4e509	14	false
bundles/org.eclipse.swt/Eclipse SWT PI/cocoa/org/eclipse/swt/internal/cocoa/NSEvent.java	227a59f177065a76046a1f43971398e5cac639c45373cd30cae36a1578f94042	227a59f177065a76046a1f43971398e5cac639c45373cd30cae36a1578f94042	7e0f6fd18e4cb9c02e99298b6c0ad9d00adbd08df42a4286f8419600cee56b43	60	false
bundles/org.eclipse.swt/Eclipse SWT PI/cocoa/org/eclipse/swt/internal/cocoa/NSFileManager.java	103ca9b308cd4f8b6ed48141c4230efc91d68a49fb4ce3223767c7d6b70c6101	103ca9b308cd4f8b6ed48141c4230efc91d68a49fb4ce3223767c7d6b70c6101	0c39232bb5f1fc019d65a31f0896244558d8d280e34cbeeef1f640daa3f3a89c	18	false
bundles/org.eclipse.swt/Eclipse SWT PI/cocoa/org/eclipse/swt/internal/cocoa/NSFileWrapper.java	ed20bc52ce8c43ecaa21341fb906b258d1be3354b0ce89bcbf1dd310473115e5	ed20bc52ce8c43ecaa21341fb906b258d1be3354b0ce89bcbf1dd310473115e5	06bb89e985494ce7a9614d545ac925762434a9314f20c55f1683626f2a56cad9	8	false
bundles/org.eclipse.swt/Eclipse SWT PI/cocoa/org/eclipse/swt/internal/cocoa/NSFont.java	441b8a3ea44fb026c222d7c249bb7507b419c4765e6837f187ac543cb8231b4f	441b8a3ea44fb026c222d7c249bb7507b419c4765e6837f187ac543cb8231b4f	b6cd2d7deb6751060743054e00e7ab53cb2272e975b410cc760a894eb897e3e1	41	false
bundles/org.eclipse.swt/Eclipse SWT PI/cocoa/org/eclipse/swt/internal/cocoa/NSFontManager.java	baeda014647ed5d4af2b7e96855f103cff560440346bafb5a5ca24888687a65f	baeda014647ed5d4af2b7e96855f103cff560440346bafb5a5ca24888687a65f	5315f00002ecab6d893543137d095f0d06fef98c3d13466d327b364c8087e3e5	20	false
bundles/org.eclipse.swt/Eclipse SWT PI/cocoa/org/eclipse/swt/internal/cocoa/NSFontPanel.java	38c3903cbc630b6c204f4f61f4ac24ef0dc483434fb650904514435f217d4382	38c3903cbc630b6c204f4f61f4ac24ef0dc483434fb650904514435f217d4382	a2420a78a7a4866a47480ca48f5ed72c205a976f721e43a4c0272ac109a0d170	18	false
bundles/org.eclipse.swt/Eclipse SWT PI/cocoa/org/eclipse/swt/internal/cocoa/NSFormatter.java	4ca08e7a9a4d414c144618bbc5230bb79796089364872185a98fcb994e4806c0	4ca08e7a9a4d414c144618bbc5230bb79796089364872185a98fcb994e4806c0	80551a4bb1c4c84f8e9895b3a1af52fc136c3301a4490b8e8e8327aac4b355da	9	false
bundles/org.eclipse.swt/Eclipse SWT PI/cocoa/org/eclipse/swt/internal/cocoa/NSGradient.java	79b2f9a8c8bbde188fa96e797979a60dedbb60b236706a3344e76d99bdb45775	79b2f9a8c8bbde188fa96e797979a60dedbb60b236706a3344e76d99bdb45775	b9f28a24e0fd5dbd4596ee787273fe66c5123a813e10d1d170b99164075abf7f	18	false
bundles/org.eclipse.swt/Eclipse SWT PI/cocoa/org/eclipse/swt/internal/cocoa/NSGraphicsContext.java	b94dfdb68b0372134e1892896a7547aaf3efea159d52f4680db4c9ceef1d798b	b94dfdb68b0372134e1892896a7547aaf3efea159d52f4680db4c9ceef1d798b	b463be011fe23b6936e281ce416b7081d7e2174ba7ab8fc50fc94f01dd68d113	48	false
bundles/org.eclipse.swt/Eclipse SWT PI/cocoa/org/eclipse/swt/internal/cocoa/NSHTTPCookie.java	51e14052f092e1d825e971e3c1a2e06539d00e97855816725a703082e6855177	51e14052f092e1d825e971e3c1a2e06539d00e97855816725a703082e6855177	a382322f85eb488caa7ff754d1d75e0c77f337c235f9648d452fd692aeea6257	17	false
bundles/org.eclipse.swt/Eclipse SWT PI/cocoa/org/eclipse/swt/internal/cocoa/NSHTTPCookieStorage.java	7ef4de09daa8fe0c6f7a3c59168b0665621622ea5b65549ea5297290a7bfc6bb	7ef4de09daa8fe0c6f7a3c59168b0665621622ea5b65549ea5297290a7bfc6bb	6ca59bcf155c261c3d94e3c065a26fc3a6cbaab1e76aed5fe47f127662a22b56	19	false
bundles/org.eclipse.swt/Eclipse SWT PI/cocoa/org/eclipse/swt/internal/cocoa/NSImage.java	74371f6ab1623927ffae8f09757eb710c4ed68a4489263e5c55cb50f79dc4ce2	74371f6ab1623927ffae8f09757eb710c4ed68a4489263e5c55cb50f79dc4ce2	95a7fdfb43c53fa4d6220be681ea7f400e6cf956c50af63d952b6882e1e7f763	53	false
bundles/org.eclipse.swt/Eclipse SWT PI/cocoa/org/eclipse/swt/internal/cocoa/NSImageRep.java	f76f30557aa2f126e4ace727a63051be5497a83b26aabd16dcad16abfe3f53f5	f76f30557aa2f126e4ace727a63051be5497a83b26aabd16dcad16abfe3f53f5	5f330fc2dc1fd59262b7f6c8d73d9cff666f4910a7a2c38d345fc9d6cc6b981d	23	false
bundles/org.eclipse.swt/Eclipse SWT PI/cocoa/org/eclipse/swt/internal/cocoa/NSImageView.java	64fb328e647d0625cf1c8e7db893439d5611f1c23ae010f86a8dfe9981c21a80	64fb328e647d0625cf1c8e7db893439d5611f1c23ae010f86a8dfe9981c21a80	1ec89f52a00ead1774cd787983cf771530fb0587906ee6c194de367ef45d24d5	19	false
bundles/org.eclipse.swt/Eclipse SWT PI/cocoa/org/eclipse/swt/internal/cocoa/NSIndexSet.java	6f8a77c7d8e2051b2c44d55e64e6026bffe77dd6dd1d2f15c20a900ac8978993	6f8a77c7d8e2051b2c44d55e64e6026bffe77dd6dd1d2f15c20a900ac8978993	e519e8611a70b01d1fd4d7a10e4239435b2887ee49b0358b4c38690769a3fd6c	18	false
bundles/org.eclipse.swt/Eclipse SWT PI/cocoa/org/eclipse/swt/internal/cocoa/NSInputManager.java	22a9c1e8ec493e9725c2627f8f2d4a261e8bd529eea5c358abfb4494748120e3	22a9c1e8ec493e9725c2627f8f2d4a261e8bd529eea5c358abfb4494748120e3	8eec78db6ac97764d9afd03cfafbe39a19906438fb1875a1bc49da29a07d66ba	13	false
bundles/org.eclipse.swt/Eclipse SWT PI/cocoa/org/eclipse/swt/internal/cocoa/NSKeyedArchiver.java	dc2157af26da9d524a32e5cfa3565bb2c21f7324dde45b469d565be1540305b5	dc2157af26da9d524a32e5cfa3565bb2c21f7324dde45b469d565be1540305b5	20c7aa0c1ec256251d6732f133e87ddfb96ee6d9f7c74db6d715777e259cb86b	9	false
bundles/org.eclipse.swt/Eclipse SWT PI/cocoa/org/eclipse/swt/internal/cocoa/NSKeyedUnarchiver.java	83da4fb7887bd85eaaa7e2fd748661d911f8bdc352b32bf31f7eb9ee8f2af24c	83da4fb7887bd85eaaa7e2fd748661d911f8bdc352b32bf31f7eb9ee8f2af24c	d778e03d0db716e3ba86e27b0d327a834f16863140420665e75f264c4273f457	9	false
bundles/org.eclipse.swt/Eclipse SWT PI/cocoa/org/eclipse/swt/internal/cocoa/NSLayoutManager.java	089633986692e28f22d8b4d43fb71af997f119a84b8866513a43b8bd1bb87b6a	089633986692e28f22d8b4d43fb71af997f119a84b8866513a43b8bd1bb87b6a	f6ee9f47f1c5c177323d09a2edf3f63cb666c280987c8f75d4d01835686f93c4	73	false
bundles/org.eclipse.swt/Eclipse SWT PI/cocoa/org/eclipse/swt/internal/cocoa/NSLocale.java	8c8f31383a985fde5432e83336e8165ac688108fa8849547de24abc0ac7b6283	8c8f31383a985fde5432e83336e8165ac688108fa8849547de24abc0ac7b6283	4f1a8ed985de9cf42bee91b4f40334bf28df40d9d37b9d347b394c7387927f45	12	false
bundles/org.eclipse.swt/Eclipse SWT PI/cocoa/org/eclipse/swt/internal/cocoa/NSMenu.java	9cea12a364ba16a3f16289ffdf60281e072e6a68eb5e45b114011e15599a2915	9cea12a364ba16a3f16289ffdf60281e072e6a68eb5e45b114011e15599a2915	09381a034aa111b7a397073acaceea94c0c37cf1da2bd453da16c3db2b914c9c	50	false
bundles/org.eclipse.swt/Eclipse SWT PI/cocoa/org/eclipse/swt/internal/cocoa/NSMenuItem.java	068f5f9f55628e1d823e631f054ecc5d5a7ddf78dac7920cca82d2a541400888	068f5f9f55628e1d823e631f054ecc5d5a7ddf78dac7920cca82d2a541400888	b010900e51647c7b3b10fb6f089ce9cf56b8177ce8a8a0bc963d531142093dfa	70	false
bundles/org.eclipse.swt/Eclipse SWT PI/cocoa/org/eclipse/swt/internal/cocoa/NSMutableArray.java	00a67974300a640545df6306292c43ec26ad77cedfb90bcc89317cbe56cb0634	00a67974300a640545df6306292c43ec26ad77cedfb90bcc89317cbe56cb0634	55fa26f68e30c85fd93621708308711b187ad972cf2480935c8cd14d68dc34cd	32	false
bundles/org.eclipse.swt/Eclipse SWT PI/cocoa/org/eclipse/swt/internal/cocoa/NSMutableAttributedString.java	0c06607cf6334a87dd971c1fd27a412fe67c97042d3d7cd7a8d74498baca271c	0c06607cf6334a87dd971c1fd27a412fe67c97042d3d7cd7a8d74498baca271c	87bac05698a297eb9bfb0ce9814868ffbfc9b8d0c755b49b08ddf544e3bfb59b	20	false
bundles/org.eclipse.swt/Eclipse SWT PI/cocoa/org/eclipse/swt/internal/cocoa/NSMutableDictionary.java	95b5f3fad139d01087a994608e59ce70b04c37234b9270f18e280d48dc5e48bd	95b5f3fad139d01087a994608e59ce70b04c37234b9270f18e280d48dc5e48bd	7e9ccfc5cd064a2f0b30a9a63bb77da9d251444aa247e35ca90726dcd9135408	23	false
bundles/org.eclipse.swt/Eclipse SWT PI/cocoa/org/eclipse/swt/internal/cocoa/NSMutableIndexSet.java	0484329449f6cd9106d5c5b9c1877f23f2e94bb4f8109f4a3fe2fc177d634dc7	0484329449f6cd9106d5c5b9c1877f23f2e94bb4f8109f4a3fe2fc177d634dc7	47b105e61c33213c37d36f8ff56e0946fe90048d1cd535972c42ce68799f8863	8	false
bundles/org.eclipse.swt/Eclipse SWT PI/cocoa/org/eclipse/swt/internal/cocoa/NSMutableParagraphStyle.java	9e8eaa144f3ecda239fcbe59b90cc84bd543e001e2dad474b441f055a5261936	9e8eaa144f3ecda239fcbe59b90cc84bd543e001e2dad474b441f055a5261936	0a5e7527db5fdfb2348882e54e60f2a430f502d7cf9ab63a33e3dd8f523b33cb	24	false
bundles/org.eclipse.swt/Eclipse SWT PI/cocoa/org/eclipse/swt/internal/cocoa/NSMutableSet.java	52a9dee1c3fb4d1e4fc83f7f687c8874f5557c07cc2eea7e892422e86b795a63	52a9dee1c3fb4d1e4fc83f7f687c8874f5557c07cc2eea7e892422e86b795a63	9581505db3b67e8b4ba4c37ef0e7ad061b674689dd2f46baaaf7b46c8535621f	11	false
bundles/org.eclipse.swt/Eclipse SWT PI/cocoa/org/eclipse/swt/internal/cocoa/NSMutableString.java	c82b24f557b11d35be3cecaf2e5a8551f68229ba376dcc71c0ce644b8b92f5fc	c82b24f557b11d35be3cecaf2e5a8551f68229ba376dcc71c0ce644b8b92f5fc	60439de24118053ceec0c985ac68ffd346090f637a93009c12d90d055fbc5faa	21	false
bundles/org.eclipse.swt/Eclipse SWT PI/cocoa/org/eclipse/swt/internal/cocoa/NSMutableURLRequest.java	5bc84725b421af0307ef09cee660762d7930a946c4e069f76e4d42b381ce6f8b	5bc84725b421af0307ef09cee660762d7930a946c4e069f76e4d42b381ce6f8b	c34eedf76ea11825afcd2e993ae7d3d1fe0e8ccb2d4aea92558b75ac782aeeb6	19	false
bundles/org.eclipse.swt/Eclipse SWT PI/cocoa/org/eclipse/swt/internal/cocoa/NSNotification.java	c65c8cd54b4cf54cba1c917ab097f931fcc57b56db6f8390c6718a7c303b430c	c65c8cd54b4cf54cba1c917ab097f931fcc57b56db6f8390c6718a7c303b430c	03be9866c1f4aa191598879fd624941d9b351db14cdc358b8163f1eeb7b6aa3f	12	false
bundles/org.eclipse.swt/Eclipse SWT PI/cocoa/org/eclipse/swt/internal/cocoa/NSNotificationCenter.java	6155850f39179d8e79cde7d9bc714bf1e0404cd487c430bbd5600309702a307d	6155850f39179d8e79cde7d9bc714bf1e0404cd487c430bbd5600309702a307d	32e54bb8b394e01272cb727bf9f66c85693e031d5424eeab03e5c22a18377e4e	13	false
bundles/org.eclipse.swt/Eclipse SWT PI/cocoa/org/eclipse/swt/internal/cocoa/NSNumber.java	99b044e20e451e4c129d22c11459583ff356bf42a5051ed06f3618fb0308da45	99b044e20e451e4c129d22c11459583ff356bf42a5051ed06f3618fb0308da45	73b91ecd4376879a9ccd77baf2ac2801e0ba8c974634c273352ed2064250ccfa	40	false
bundles/org.eclipse.swt/Eclipse SWT PI/cocoa/org/eclipse/swt/internal/cocoa/NSNumberFormatter.java	c05c0604f9aa16cfb589fb4d7a39b91d2141fd6d4344cf97e85e448a94360fe0	c05c0604f9aa16cfb589fb4d7a39b91d2141fd6d4344cf97e85e448a94360fe0	b9fc87d70e0a29310bb1b071400ffdfbfd8528c77924fa48fe6ca1a5489d9a69	27	false
bundles/org.eclipse.swt/Eclipse SWT PI/cocoa/org/eclipse/swt/internal/cocoa/NSObject.java	c505fce27d3867ea8386796c8f81c4d8b3d722ccbd2468be3010d3e3c08a8287	c505fce27d3867ea8386796c8f81c4d8b3d722ccbd2468be3010d3e3c08a8287	331d6fcfe9c37e3c901b5bd0d1f32e0a08591fdbf7890b66989f07a25c11f5d0	94	false
bundles/org.eclipse.swt/Eclipse SWT PI/cocoa/org/eclipse/swt/internal/cocoa/NSOpenGLContext.java	0e4b70bb625832373783ae97803cabbdc4e5e2afb9ef50e3815588a482880699	0e4b70bb625832373783ae97803cabbdc4e5e2afb9ef50e3815588a482880699	6e6ab0e2b943c05ca008fb91cc2cbd3b18b6ad33fc0bb285b852f144f9dd4f65	27	false
bundles/org.eclipse.swt/Eclipse SWT PI/cocoa/org/eclipse/swt/internal/cocoa/NSOpenGLPixelFormat.java	567675700bb5a42cddf2342beadacbf534998bd2dabb7299ab2c18bde0140fa1	567675700bb5a42cddf2342beadacbf534998bd2dabb7299ab2c18bde0140fa1	14004c7a238a75140d00aedf63ec405fb1c87cdf053833e913becef287cbc47c	11	false
bundles/org.eclipse.swt/Eclipse SWT PI/cocoa/org/eclipse/swt/internal/cocoa/NSOpenPanel.java	b0eb1bd0dac617ce42392b89796670beced925a7081b86a11631aec06331d287	b0eb1bd0dac617ce42392b89796670beced925a7081b86a11631aec06331d287	a348c530286bc9944a5e3c5f8b6319a783f7a7857c08f8202cc52f4b3ab5ec08	27	false
bundles/org.eclipse.swt/Eclipse SWT PI/cocoa/org/eclipse/swt/internal/cocoa/NSOperatingSystemVersion.java	c66059dc4ab187189f0578ad649f5e611a1511f61169dfbbe85bac7ee306fca9	c66059dc4ab187189f0578ad649f5e611a1511f61169dfbbe85bac7ee306fca9	f886ab99d6756f92d5e30f658059befa4293e49c540d446c1bc3686888b5e20b	0	false
bundles/org.eclipse.swt/Eclipse SWT PI/cocoa/org/eclipse/swt/internal/cocoa/NSOutlineView.java	9c74d06663a744a4c98c576ec561228ff41f9abc2b0354705f2afd3bac397bad	9c74d06663a744a4c98c576ec561228ff41f9abc2b0354705f2afd3bac397bad	7229334445f8b01d5a726e3011036d3af068e2e6fe7b8c5b7560d78fc1da2d23	43	false
bundles/org.eclipse.swt/Eclipse SWT PI/cocoa/org/eclipse/swt/internal/cocoa/NSPanel.java	9bba187c6996fbd399bf2e0efd9e2b6603496e8a7187fe6fa96168ebed5ecca3	9bba187c6996fbd399bf2e0efd9e2b6603496e8a7187fe6fa96168ebed5ecca3	65f04505962013b415d86f7aad383958804fa8634934035a5f51fdc74c87668d	16	false
bundles/org.eclipse.swt/Eclipse SWT PI/cocoa/org/eclipse/swt/internal/cocoa/NSParagraphStyle.java	c09c2b72affb3c217b6e97581bfe0b18134c66242ca8b4f86f5cd49476bfcea5	c09c2b72affb3c217b6e97581bfe0b18134c66242ca8b4f86f5cd49476bfcea5	4ddeb030ff2464d69663022527857c6e55c62903ecd33cedc0ea1ea50215a2f1	8	false
bundles/org.eclipse.swt/Eclipse SWT PI/cocoa/org/eclipse/swt/internal/cocoa/NSPasteboard.java	3ba59177b3be08e885ab84b61e0390c1c28343e9b0f89037e836201178d19b70	3ba59177b3be08e885ab84b61e0390c1c28343e9b0f89037e836201178d19b70	9f7228b9fdd5b3705be29b221ed38fcb423f1a4f9f8f1a1490e9a1af080327aa	39	false
bundles/org.eclipse.swt/Eclipse SWT PI/cocoa/org/eclipse/swt/internal/cocoa/NSPoint.java	967d4eebaf729c4b6ea795e7f9a73ff8dcab06f084c3bbaac477ad7a0a693151	967d4eebaf729c4b6ea795e7f9a73ff8dcab06f084c3bbaac477ad7a0a693151	2e37dc740882e3b093fa40738f1b01943883a38e7603c80ec6c85dc37f93588f	2	false
bundles/org.eclipse.swt/Eclipse SWT PI/cocoa/org/eclipse/swt/internal/cocoa/NSPopUpButton.java	45eb6e2dd453181aeed742640322df5820ef56797069ce6bfb2304da035c5012	45eb6e2dd453181aeed742640322df5820ef56797069ce6bfb2304da035c5012	4abf5b9819c03538076534055c43990f935198c8881899d125de7fbba28e2134	41	false
bundles/org.eclipse.swt/Eclipse SWT PI/cocoa/org/eclipse/swt/internal/cocoa/NSPrintInfo.java	5a3608732a524981a7e5f729e4ea6314b572954f25a8d2dd116c0a18568f8a2a	5a3608732a524981a7e5f729e4ea6314b572954f25a8d2dd116c0a18568f8a2a	4dc0483784da06d80c88d90badcdea793dde0218b3bf61756e1da67719c4f8ad	45	false
bundles/org.eclipse.swt/Eclipse SWT PI/cocoa/org/eclipse/swt/internal/cocoa/NSPrintOperation.java	cd0349463a57cce41d4934387d3c83b7a66815f148ad1d76df8e9440f69da28b	cd0349463a57cce41d4934387d3c83b7a66815f148ad1d76df8e9440f69da28b	74df6a2342686d92e743ca23daac2de315b3ab060333ae1df8bc932eae646c22	31	false
bundles/org.eclipse.swt/Eclipse SWT PI/cocoa/org/eclipse/swt/internal/cocoa/NSPrintPanel.java	fb74ba6546ff53828c7459f0cbd5000a376cf31ce57ca3c95860314f09c4b6ec	fb74ba6546ff53828c7459f0cbd5000a376cf31ce57ca3c95860314f09c4b6ec	aef0743ea53baedbabcf0e9d0e5a95f46120835f0e776044c18865b6cd28d4c1	17	false
bundles/org.eclipse.swt/Eclipse SWT PI/cocoa/org/eclipse/swt/internal/cocoa/NSPrinter.java	6a1ab184a0bd55e7507559b932a7442b71ebe1b8d65b694ac45c0bbb2236c9b1	6a1ab184a0bd55e7507559b932a7442b71ebe1b8d65b694ac45c0bbb2236c9b1	5a4e3bb53e30bf7988eb8ce4dcf5ede571da5ae1acde57113a55bcaeb1358314	15	false
bundles/org.eclipse.swt/Eclipse SWT PI/cocoa/org/eclipse/swt/internal/cocoa/NSProcessInfo.java	60719e09f7af89e1af827938aac1ad95cac3b738aa647edbc031f6fc1d8db4ef	60719e09f7af89e1af827938aac1ad95cac3b738aa647edbc031f6fc1d8db4ef	adf7e882381fb7ff75eb70329ea011fb829124c0bc63aeae33029fe0055be554	13	false
bundles/org.eclipse.swt/Eclipse SWT PI/cocoa/org/eclipse/swt/internal/cocoa/NSProgressIndicator.java	3b883770b1bf1c4ce9190512d611f2d2b4551c208f81209637e36a10083f99c0	3b883770b1bf1c4ce9190512d611f2d2b4551c208f81209637e36a10083f99c0	1aad24c5f1786275d7cabdd9afbac5fc06537047ad9c59e2bcf00c82905a60c4	28	false
bundles/org.eclipse.swt/Eclipse SWT PI/cocoa/org/eclipse/swt/internal/cocoa/NSRange.java	edca8f147db32921c87486568f7c5bbe2a116292c205eef08063230e6c51fd1c	edca8f147db32921c87486568f7c5bbe2a116292c205eef08063230e6c51fd1c	dbf5dde1dfdab973caaebdd1963b9bddc4243dee2a9d13e6af37b592ef3d700e	0	false
bundles/org.eclipse.swt/Eclipse SWT PI/cocoa/org/eclipse/swt/internal/cocoa/NSRect.java	90a13eadbcbcfc3366ccc04bfcaea2cb336e9fd038f635715e716b9d918f60ba	90a13eadbcbcfc3366ccc04bfcaea2cb336e9fd038f635715e716b9d918f60ba	fb0f994b77aaf04a77f616844eac415251a767aca067817ee82571479d078439	2	false
bundles/org.eclipse.swt/Eclipse SWT PI/cocoa/org/eclipse/swt/internal/cocoa/NSResponder.java	18e520bccb3813ff7484770205e769ae4162c8512d2815541b1f3703566fb07a	18e520bccb3813ff7484770205e769ae4162c8512d2815541b1f3703566fb07a	503d0c2092354ae83309c2b78cc712bcde074081f4c7a758b7a6e0ed029dec27	82	false
bundles/org.eclipse.swt/Eclipse SWT PI/cocoa/org/eclipse/swt/internal/cocoa/NSRunLoop.java	de40341b5e6bb86711b3ec46e9426abc8244aa89be0f32052e5f43e4fd337a31	de40341b5e6bb86711b3ec46e9426abc8244aa89be0f32052e5f43e4fd337a31	f409b3bdc4a70cd480c54a1733d5a11414568f118df57629d056e07af87bf294	13	false
bundles/org.eclipse.swt/Eclipse SWT PI/cocoa/org/eclipse/swt/internal/cocoa/NSSavePanel.java	52aa9d6d583ccc8da623032ccf5dc147c07a933de42df1e36d2cdba3f170008b	52aa9d6d583ccc8da623032ccf5dc147c07a933de42df1e36d2cdba3f170008b	7604331684c72c1c93b48f0531e95e67386f13f149850597102b30fe9fe81339	45	false
bundles/org.eclipse.swt/Eclipse SWT PI/cocoa/org/eclipse/swt/internal/cocoa/NSScreen.java	b593619775c6f9fe279fa6c6a561a306740a8b39eea96fcc17acd244e046f8f9	b593619775c6f9fe279fa6c6a561a306740a8b39eea96fcc17acd244e046f8f9	227b935bd91bdb0ea64d9e24d2c8d85616948b648f1e9e017ad604dc63e666ba	27	false
bundles/org.eclipse.swt/Eclipse SWT PI/cocoa/org/eclipse/swt/internal/cocoa/NSScrollView.java	48b2ec5aee53aa04c145db2e3522683a9495eeeca1c69e1725d69f42d66819e8	48b2ec5aee53aa04c145db2e3522683a9495eeeca1c69e1725d69f42d66819e8	cc86093d201123b0f6dba93b3518754709539fa54c7f1860c6660ef497be518e	58	false
bundles/org.eclipse.swt/Eclipse SWT PI/cocoa/org/eclipse/swt/internal/cocoa/NSScroller.java	db740d373931457640e7bc27e5e7ec91534a319e52f3ac8ea565b6b6596f1fb5	db740d373931457640e7bc27e5e7ec91534a319e52f3ac8ea565b6b6596f1fb5	876927e8f4354296b4423bd6a24bafde21b78a098e199f6789eac0b8fc4302ea	30	false
bundles/org.eclipse.swt/Eclipse SWT PI/cocoa/org/eclipse/swt/internal/cocoa/NSSearchField.java	18a59574df363aefe7240b107dd5aa9b23d49e6c15ed01d7a98f75d4e0cdd5fa	18a59574df363aefe7240b107dd5aa9b23d49e6c15ed01d7a98f75d4e0cdd5fa	9c0e8ed5b91f5a4a3a5d26b53cd078567b01db4770dad4976cab4a70aab59477	13	false
bundles/org.eclipse.swt/Eclipse SWT PI/cocoa/org/eclipse/swt/internal/cocoa/NSSearchFieldCell.java	bb12401e94a0a0a20b31bf18dc2d6c173e24db41e628684b9e72d17efa7c60a7	bb12401e94a0a0a20b31bf18dc2d6c173e24db41e628684b9e72d17efa7c60a7	b0fa6d44e283a3fd3fbf086302b73aef6282cbf826f02e76bdd998c5b35e6008	28	false
bundles/org.eclipse.swt/Eclipse SWT PI/cocoa/org/eclipse/swt/internal/cocoa/NSSecureTextField.java	25d0a93d53ad11467d96f914f38d33b2c40b5f923b8cef1e633cf254a5333d4b	25d0a93d53ad11467d96f914f38d33b2c40b5f923b8cef1e633cf254a5333d4b	30a3428a7561c5598f8edb2bdac0e17eed381930d2a17a4a134e015ad98133b5	10	false
bundles/org.eclipse.swt/Eclipse SWT PI/cocoa/org/eclipse/swt/internal/cocoa/NSSet.java	5cae1b0cdf0c22d4e1ffe3b12e625af0a166d12a4868d97fec84a5337a3e278c	5cae1b0cdf0c22d4e1ffe3b12e625af0a166d12a4868d97fec84a5337a3e278c	7a6eb3fa101683439c82588bdce232eff2443c60cf70ca05b48162314e0065a7	17	false
bundles/org.eclipse.swt/Eclipse SWT PI/cocoa/org/eclipse/swt/internal/cocoa/NSSize.java	a21787fbf74c9f664ecd4d7f9ac9263da3347e3324cef7c96db70f2f696a70df	a21787fbf74c9f664ecd4d7f9ac9263da3347e3324cef7c96db70f2f696a70df	6c6dece8e57fbf6048a24b886d3671714810ba5f8460c0ce2d0d19652aceaeb2	2	false
bundles/org.eclipse.swt/Eclipse SWT PI/cocoa/org/eclipse/swt/internal/cocoa/NSSlider.java	5573ee8ffd29dff9fdad6d5f61265cc18a03fd66f12423bdf90ee6696c9ca369	5573ee8ffd29dff9fdad6d5f61265cc18a03fd66f12423bdf90ee6696c9ca369	84951867f7931fb53a1529a48e5efcca2c3851313644c653effe648391b04ae0	20	false
bundles/org.eclipse.swt/Eclipse SWT PI/cocoa/org/eclipse/swt/internal/cocoa/NSStatusBar.java	ea6f4f6f340e1f99a3db90769aed24886fef80183fe3152af51b0885b830e282	ea6f4f6f340e1f99a3db90769aed24886fef80183fe3152af51b0885b830e282	533c996814ea9b0aa29412be809b331417029b4d3e08333478a4ebfb020eea3f	16	false
bundles/org.eclipse.swt/Eclipse SWT PI/cocoa/org/eclipse/swt/internal/cocoa/NSStatusItem.java	2344c128d1929735edea0861958d52e7ace83382d732558b67b133dbe73706d8	2344c128d1929735edea0861958d52e7ace83382d732558b67b133dbe73706d8	520d1a1250acd0cd1ae40f1e44143cc1ffb542a779acaff9ee567be83f3a53bf	16	false
bundles/org.eclipse.swt/Eclipse SWT PI/cocoa/org/eclipse/swt/internal/cocoa/NSStepper.java	2fff75af749d8f4f4704452f698d5cfc12639af6a72227b12d48ab0e51d6fc7e	2fff75af749d8f4f4704452f698d5cfc12639af6a72227b12d48ab0e51d6fc7e	261c804d3c828a3a4a2148ad9b33a718d0362c127f54b860fc3665c6d3b1a03e	24	false
bundles/org.eclipse.swt/Eclipse SWT PI/cocoa/org/eclipse/swt/internal/cocoa/NSString.java	1a881b7be97e291047e2271c4859f441cf39638d0119002573b908339f438216	1a881b7be97e291047e2271c4859f441cf39638d0119002573b908339f438216	b253a4d144c71b3512d472af32446f9c4c9c7ab7ea032a3ad7d0c4f3782f0626	77	false
bundles/org.eclipse.swt/Eclipse SWT PI/cocoa/org/eclipse/swt/internal/cocoa/NSTabView.java	46ce54f3c61be36e0c6cf623418f0f79dc045b19396e379756cb92b7cf55889b	46ce54f3c61be36e0c6cf623418f0f79dc045b19396e379756cb92b7cf55889b	fa720f74537bc44ec0b051569c66ad86e09e4f56d6665dda8fe98a92777e53db	34	false
bundles/org.eclipse.swt/Eclipse SWT PI/cocoa/org/eclipse/swt/internal/cocoa/NSTabViewItem.java	6651fd2a075c9e4fb7fc664b89464c6012ce397a7161eb8aa963455bc22280d1	6651fd2a075c9e4fb7fc664b89464c6012ce397a7161eb8aa963455bc22280d1	4a9ce08a0f7e6aaa0e95d8b7545125ab90d204e0268323b19d2cfeeae07b562d	19	false
bundles/org.eclipse.swt/Eclipse SWT PI/cocoa/org/eclipse/swt/internal/cocoa/NSTableColumn.java	27711a7f5bbfd846fe8f97e16f6c40d0e31f602c29b9c8aba5d9a179546b1633	27711a7f5bbfd846fe8f97e16f6c40d0e31f602c29b9c8aba5d9a179546b1633	a617e66d1fbe4112962a3a13884cb8a8c0177f0917305bda5c01688d9ca6b10a	33	false
bundles/org.eclipse.swt/Eclipse SWT PI/cocoa/org/eclipse/swt/internal/cocoa/NSTableHeaderCell.java	d341d4af787a2718207c51906aa28458d4124a5becf816685dca1aec6d7cd782	d341d4af787a2718207c51906aa28458d4124a5becf816685dca1aec6d7cd782	17091a348ab8009eef22d1cc463b5e5b1785652ea55cbdb6c3a3f7feec6aa119	12	false
bundles/org.eclipse.swt/Eclipse SWT PI/cocoa/org/eclipse/swt/internal/cocoa/NSTableHeaderView.java	3dd0a64c48682d387aad277cfd5a8f40f01cd347e134df4aa56227b50c3566e1	3dd0a64c48682d387aad277cfd5a8f40f01cd347e134df4aa56227b50c3566e1	48cbbfc9f80b2bd039b70aabf66bdede1d185573faec7ef0253fb9acf95c1fa1	12	false
bundles/org.eclipse.swt/Eclipse SWT PI/cocoa/org/eclipse/swt/internal/cocoa/NSTableView.java	719d55f31e3f2349dc26017dd2d06683645b2c923f2f42e5cd21f7515b4f51a2	719d55f31e3f2349dc26017dd2d06683645b2c923f2f42e5cd21f7515b4f51a2	805c58ef47a5fc5499da7b32f114c8db610bf1a7d040044b9573c6f7198d417e	123	false
bundles/org.eclipse.swt/Eclipse SWT PI/cocoa/org/eclipse/swt/internal/cocoa/NSText.java	419e3cbe2342b6266051d66ebe4c31d9ff5ee94ecb298078f12c16cd88bcea0c	419e3cbe2342b6266051d66ebe4c31d9ff5ee94ecb298078f12c16cd88bcea0c	b9514cd1fd5303ea64dc5b5060a5da1152ca86944fddb5dd81f90c2ee9c2841a	55	false
bundles/org.eclipse.swt/Eclipse SWT PI/cocoa/org/eclipse/swt/internal/cocoa/NSTextAttachment.java	3b1df8c101a1d6054feab48e4933e601289095b7f719b9dbfc929942eb8829bc	3b1df8c101a1d6054feab48e4933e601289095b7f719b9dbfc929942eb8829bc	d183a257ca633b5da8fda39caa927efb524dad263d077eba98811a187b205669	11	false
bundles/org.eclipse.swt/Eclipse SWT PI/cocoa/org/eclipse/swt/internal/cocoa/NSTextContainer.java	9e9dda136e735c52fae5e7f90987fe71cfabfa6c8ec2bb1693f6fc07632a9916	9e9dda136e735c52fae5e7f90987fe71cfabfa6c8ec2bb1693f6fc07632a9916	a1ab15af32f9778a4ed3ba810a640bb75b1d41f851ce7dadb52163e888236424	15	false
bundles/org.eclipse.swt/Eclipse SWT PI/cocoa/org/eclipse/swt/internal/cocoa/NSTextField.java	70beedeb3e9c4159477268a2c47e72c5e36ae70c6237588bdb2a9b9069453b87	70beedeb3e9c4159477268a2c47e72c5e36ae70c6237588bdb2a9b9069453b87	c47fc4a77a92bbffa0a9b1958c7fe8115f1be693376ec1086c1bae08a95709cb	26	false
bundles/org.eclipse.swt/Eclipse SWT PI/cocoa/org/eclipse/swt/internal/cocoa/NSTextFieldCell.java	7f15bf7e1771908e874910a667342ff3df29bda7284be4ed35e2f4d6aea81e97	7f15bf7e1771908e874910a667342ff3df29bda7284be4ed35e2f4d6aea81e97	d5b5db621432ace6ae2b8fa2bfbbef4095e70dcfbe1f350d61c5cb6c7a080fc2	10	false
bundles/org.eclipse.swt/Eclipse SWT PI/cocoa/org/eclipse/swt/internal/cocoa/NSTextStorage.java	dc7ff9b23d77425183226356319d681c95bd2903f8284cdead30865be2be2cee	dc7ff9b23d77425183226356319d681c95bd2903f8284cdead30865be2be2cee	219e446edc4471a507db9fd8099667926e9ae48d40221511da1f1c84d250d58f	11	false
bundles/org.eclipse.swt/Eclipse SWT PI/cocoa/org/eclipse/swt/internal/cocoa/NSTextTab.java	5a7686f28b69a62de2bdbc4b9bf884bcf5c40bd80fcb81fdbea03c705090c105	5a7686f28b69a62de2bdbc4b9bf884bcf5c40bd80fcb81fdbea03c705090c105	1eab350b40a8d6d5be6b90a7ea210b6be4f170abb508039ef9cffa84151ae411	9	false
bundles/org.eclipse.swt/Eclipse SWT PI/cocoa/org/eclipse/swt/internal/cocoa/NSTextView.java	3f2f02c6eb139cbce136a6653bebcdfc532cd012b59d2a0e1f9d97ec18b82d57	3f2f02c6eb139cbce136a6653bebcdfc532cd012b59d2a0e1f9d97ec18b82d57	8c1dad9ebce0f19fa8ccecf5c157498006009e662d6e9cb4158fdaa0b243170f	51	false
bundles/org.eclipse.swt/Eclipse SWT PI/cocoa/org/eclipse/swt/internal/cocoa/NSThread.java	369b42d10d7dc7d16ea29ebe2137fb79607f87b6c12b952c8ff9a870c64cb130	369b42d10d7dc7d16ea29ebe2137fb79607f87b6c12b952c8ff9a870c64cb130	57a82827cf9a46e761d74d11563208632269b5daa079c32a1bec623ff548f675	14	false
bundles/org.eclipse.swt/Eclipse SWT PI/cocoa/org/eclipse/swt/internal/cocoa/NSTimeZone.java	240ea146ef60e3059f4ff66bc42dc7a28bffcd7a77b7ba7ee192d8029ba1b654	240ea146ef60e3059f4ff66bc42dc7a28bffcd7a77b7ba7ee192d8029ba1b654	6b8b6b804dba64e2acb3a6a0806fb168ed408bd698195613669cb262c9f521e3	9	false
bundles/org.eclipse.swt/Eclipse SWT PI/cocoa/org/eclipse/swt/internal/cocoa/NSTimer.java	960e128a4484dafd1918aee47721a6c3dbfe6b441ac4bdbbb1fa419559432708	960e128a4484dafd1918aee47721a6c3dbfe6b441ac4bdbbb1fa419559432708	305176456cec9da9562ef6a67fdbe7ee1381ba3064c30a220dcf2e0f3c1efcb0	16	false
bundles/org.eclipse.swt/Eclipse SWT PI/cocoa/org/eclipse/swt/internal/cocoa/NSToolbar.java	15999c91e6303a09bedaff665c4ec883c409bc08c429a4bf2f0ab65734983de1	15999c91e6303a09bedaff665c4ec883c409bc08c429a4bf2f0ab65734983de1	0f5ccda0410c0c04e9fcb5ccf6e64289a5b1cc80ff2f1582343c5c7126df17f9	25	false
bundles/org.eclipse.swt/Eclipse SWT PI/cocoa/org/eclipse/swt/internal/cocoa/NSToolbarItem.java	cb785f6e092309765f3847745483d197aefeca698b16c4f56dbeb215fe7507b1	cb785f6e092309765f3847745483d197aefeca698b16c4f56dbeb215fe7507b1	42acf4bc023d74124d690e23c27aa81a78b0de5d38b103d63004406b4c99ecdb	34	false
bundles/org.eclipse.swt/Eclipse SWT PI/cocoa/org/eclipse/swt/internal/cocoa/NSTouch.java	4a5154404ca4f17fd72a87872858e30e826a69056579d820462c158e1a250da2	4a5154404ca4f17fd72a87872858e30e826a69056579d820462c158e1a250da2	0091779ab2a30811a43413d6eacfdc7f49bab84d7820ef16e8b3018f3acaea29	21	false
bundles/org.eclipse.swt/Eclipse SWT PI/cocoa/org/eclipse/swt/internal/cocoa/NSTrackingArea.java	f2621eaef72ecb613747d181b1566700f8645cc870b15d08550c256000663932	f2621eaef72ecb613747d181b1566700f8645cc870b15d08550c256000663932	759525f01aa63d971a54b3b8041781273dec6abd8dc0d1ae43d5bec27fab76e0	12	false
bundles/org.eclipse.swt/Eclipse SWT PI/cocoa/org/eclipse/swt/internal/cocoa/NSTypesetter.java	b03bbc8d1ebbdba8457c37eaa95410461bbca270a9ffc1891a85715cd7701f91	b03bbc8d1ebbdba8457c37eaa95410461bbca270a9ffc1891a85715cd7701f91	a4ba0f3408c9460b07128228e1fde13cbf42e9941be74697434bb2539bbef5d4	8	false
bundles/org.eclipse.swt/Eclipse SWT PI/cocoa/org/eclipse/swt/internal/cocoa/NSURL.java	0f388bbc081697fba6db22f6df9bad33bf307bb8507db583786c55adc87cb354	0f388bbc081697fba6db22f6df9bad33bf307bb8507db583786c55adc87cb354	6edefcaad61fbcf91fc177134da3566816e4756ff4f6827b7aecd817b286786b	26	false
bundles/org.eclipse.swt/Eclipse SWT PI/cocoa/org/eclipse/swt/internal/cocoa/NSURLAuthenticationChallenge.java	db347f8451a89eaf3cbcd42eb63699e8f87cb56d6505cdc8f84435fc8fa5fb35	db347f8451a89eaf3cbcd42eb63699e8f87cb56d6505cdc8f84435fc8fa5fb35	bd647fdfdc48166d45e9d02a29dc9fa2340c6b143b10504ba030100bbfbea02c	17	false
bundles/org.eclipse.swt/Eclipse SWT PI/cocoa/org/eclipse/swt/internal/cocoa/NSURLCredential.java	59b7a7aa437adf9663261b49edebf865b4462fe23f190398971b68687d4a1e2c	59b7a7aa437adf9663261b49edebf865b4462fe23f190398971b68687d4a1e2c	7c9975176efdb8a4f369f55c0fed1cc95b863131ebf38610d85abef0ca5d8660	17	false
bundles/org.eclipse.swt/Eclipse SWT PI/cocoa/org/eclipse/swt/internal/cocoa/NSURLDownload.java	b274e17fb3b54ed6d9773ed5f2ec8c739547b1afd7c59bd09bb475779e2af518	b274e17fb3b54ed6d9773ed5f2ec8c739547b1afd7c59bd09bb475779e2af518	57d18e31f5fa9990a53dce580b50fdf111dea26da9e82e08c7102c605c41e2e9	10	false
bundles/org.eclipse.swt/Eclipse SWT PI/cocoa/org/eclipse/swt/internal/cocoa/NSURLProtectionSpace.java	c81fe463e94829a0daa079202e3aae7b28ab6a1ceb270f27a955110c043ef37a	c81fe463e94829a0daa079202e3aae7b28ab6a1ceb270f27a955110c043ef37a	518bb930b7816dfd9fba28e15fbcb41288c7aafb30aba025768653ebcfb21e5f	14	false
bundles/org.eclipse.swt/Eclipse SWT PI/cocoa/org/eclipse/swt/internal/cocoa/NSURLRequest.java	6e84c6e088fe97637d5495fe5e35a42ebeca6c154d4ebb21e62af0b011d64eb7	6e84c6e088fe97637d5495fe5e35a42ebeca6c154d4ebb21e62af0b011d64eb7	625dd3af845ccb2a8c204d5b7794ba16d030aff274954d4d9daaf460080d3a4c	12	false
bundles/org.eclipse.swt/Eclipse SWT PI/cocoa/org/eclipse/swt/internal/cocoa/NSUndoManager.java	dcb41d9d3418372e5034a59e4ae12214e727e397520583b5ab3dd15d02f5be7a	dcb41d9d3418372e5034a59e4ae12214e727e397520583b5ab3dd15d02f5be7a	98e83f24de409ddd7d3cdd124cdd1018a2768606a05fbc9be7348e9e6b0912d2	18	false
bundles/org.eclipse.swt/Eclipse SWT PI/cocoa/org/eclipse/swt/internal/cocoa/NSUserDefaults.java	98a2a468545131b10bfdd286fd0281df6abcf172f9e073682d43d78f629497e1	98a2a468545131b10bfdd286fd0281df6abcf172f9e073682d43d78f629497e1	58c2750dfa4698225a9ccb24a00e10779cbf3ff58a85dd82599a2a6e8b527c9e	19	false
bundles/org.eclipse.swt/Eclipse SWT PI/cocoa/org/eclipse/swt/internal/cocoa/NSValue.java	e225176c3416b677e0248ebdf7928db2b48a22fd9701b507e870a3aef99e5271	e225176c3416b677e0248ebdf7928db2b48a22fd9701b507e870a3aef99e5271	f085cdbbac3cb666cd69882c71d14735f028d57296d38069804971d1968e3712	36	false
bundles/org.eclipse.swt/Eclipse SWT PI/cocoa/org/eclipse/swt/internal/cocoa/NSView.java	28c4e072d99d1b1b8795db3481162c4bb234169cdf86746cd463ffcf0760dbe9	28c4e072d99d1b1b8795db3481162c4bb234169cdf86746cd463ffcf0760dbe9	00bbb1788623acf63809a7d78867cbe4b0f15f52f4962e100d095ea704fa02c8	169	false
bundles/org.eclipse.swt/Eclipse SWT PI/cocoa/org/eclipse/swt/internal/cocoa/NSWindow.java	4a8654eca29abc5459cc75a7038078fda027d1124d8c407fb5308c65122a64bf	4a8654eca29abc5459cc75a7038078fda027d1124d8c407fb5308c65122a64bf	7dc48ab67e71f6da8b99d419a2f1b0ab8829621d4e5e22afe5d48d45ce2cbceb	199	false
bundles/org.eclipse.swt/Eclipse SWT PI/cocoa/org/eclipse/swt/internal/cocoa/NSWorkspace.java	21f49ec93202efd19f997d8847f90ebe3d95e156e960658f5486a369ceb0e351	21f49ec93202efd19f997d8847f90ebe3d95e156e960658f5486a369ceb0e351	c9ccac15ed3ce5ee3590c410f58314e2df55b0f4c93a496500a27767183049e4	32	false
bundles/org.eclipse.swt/Eclipse SWT PI/cocoa/org/eclipse/swt/internal/cocoa/OS.java	917ae5bc19dfe27266865b941b58cb526474208ce8507146ea4fc3508939afcf	917ae5bc19dfe27266865b941b58cb526474208ce8507146ea4fc3508939afcf	f798b5f4546fd2e8aeab6e36a7228330d1b620d84731f0fc96341f0776564b9d	27	false
bundles/org.eclipse.swt/Eclipse SWT PI/cocoa/org/eclipse/swt/internal/cocoa/PMResolution.java	09a08e1ed16cb247007237205f6b174ecef236ac1a731c40428a7c40a3975cb0	09a08e1ed16cb247007237205f6b174ecef236ac1a731c40428a7c40a3975cb0	c1f5f2b5b77e596159a4889ac6bc4642f2f1da854a65fdc271d02fcaa7a3c951	0	false
bundles/org.eclipse.swt/Eclipse SWT PI/cocoa/org/eclipse/swt/internal/cocoa/Protocol.java	bd5bf577abaca2f8841659b1b7eef25de671b7051e2872d8b32adc3eefddbcf4	bd5bf577abaca2f8841659b1b7eef25de671b7051e2872d8b32adc3eefddbcf4	38a3465f1572f18a032fc01fd007fee0dae1419ae81deaa91fc2c331f605b6b1	6	false
bundles/org.eclipse.swt/Eclipse SWT PI/cocoa/org/eclipse/swt/internal/cocoa/SFCertificatePanel.java	c4ee6193aed4c437d5a3bc4e1db03417de4bd890706284d364d24c8cbdf51238	c4ee6193aed4c437d5a3bc4e1db03417de4bd890706284d364d24c8cbdf51238	2d8bad69c252bc282645b5480239bf53bf4b8f6208e2955db51daa001d62da85	14	false
bundles/org.eclipse.swt/Eclipse SWT PI/cocoa/org/eclipse/swt/internal/cocoa/SFCertificateTrustPanel.java	8a3a343598635e41e93f870b5f081118eb052b1de13518f44c40232c70039c01	8a3a343598635e41e93f870b5f081118eb052b1de13518f44c40232c70039c01	373be8b832f988b40cec99ff0de7efa6c9c760e0c7fa00888f4eaf15b6201244	15	false
bundles/org.eclipse.swt/Eclipse SWT PI/cocoa/org/eclipse/swt/internal/cocoa/SWTApplicationDelegate.java	a78f751045c9668a03e38800aeff37589b1293a40f6698595264bd53002ff9ce	a78f751045c9668a03e38800aeff37589b1293a40f6698595264bd53002ff9ce	d4eb04b40f394f5b5acecbd53c11a98c7545a52440719bb10a0fb8e27642ff3b	4	false
bundles/org.eclipse.swt/Eclipse SWT PI/cocoa/org/eclipse/swt/internal/cocoa/SWTBox.java	9ea36f2a08243e73d597259db2bec150107d9d2ded7e218402e7f97e825964d2	9ea36f2a08243e73d597259db2bec150107d9d2ded7e218402e7f97e825964d2	e48bcf3b681934d811ecf4c7190ff659b85cac17f82a576fc06f8d7d3314e8d4	0	false
bundles/org.eclipse.swt/Eclipse SWT PI/cocoa/org/eclipse/swt/internal/cocoa/SWTButton.java	e7af0f5813ff0f71b3dbe987f422b127a926376452da54c16181701770ee23d8	e7af0f5813ff0f71b3dbe987f422b127a926376452da54c16181701770ee23d8	3ea56a947b7aca26a966e64ae3ae0ae0bb13458237b178891355f77551a7f969	0	false
bundles/org.eclipse.swt/Eclipse SWT PI/cocoa/org/eclipse/swt/internal/cocoa/SWTButtonCell.java	b9f7c510b3b4e795df85522ebafb1e050a01870626c8222c3007cade848c2b8b	b9f7c510b3b4e795df85522ebafb1e050a01870626c8222c3007cade848c2b8b	67968dd9cd27bff18e85a1d4ab323e9ae901cc5dbf342980f86e04ddfb209d3a	0	false
bundles/org.eclipse.swt/Eclipse SWT PI/cocoa/org/eclipse/swt/internal/cocoa/SWTCanvasView.java	8b225070e3ab384b4a1eb735befad39fe801e2d66cbe85fdc1ed6121a38ed9b6	8b225070e3ab384b4a1eb735befad39fe801e2d66cbe85fdc1ed6121a38ed9b6	654d49a09aa918bf6ee576c889476ecefd574e49d63578978d4d913d0837ac13	4	false
bundles/org.eclipse.swt/Eclipse SWT PI/cocoa/org/eclipse/swt/internal/cocoa/SWTComboBox.java	a0d420650cd924d4aa40f5155550adf5fc417bba68df6128c2e1784dba0c9ad6	a0d420650cd924d4aa40f5155550adf5fc417bba68df6128c2e1784dba0c9ad6	0aaf07ec90581df898db0e5b37f6d20f69730d059251a03354cade0856205ae0	0	false
bundles/org.eclipse.swt/Eclipse SWT PI/cocoa/org/eclipse/swt/internal/cocoa/SWTDatePicker.java	8b6cf72a1fa6b8715158f4dc15e91b15822c52cbd36c89391e704b7041665c2a	8b6cf72a1fa6b8715158f4dc15e91b15822c52cbd36c89391e704b7041665c2a	887cd1e9aec66b3d842d55c43c6db25bcde74ba5d4544d2f48d8db3880a422ce	0	false
bundles/org.eclipse.swt/Eclipse SWT PI/cocoa/org/eclipse/swt/internal/cocoa/SWTDragSourceDelegate.java	c3942c07103525492abb602af4b0450896f07bd0fb614ee2cf9b70da214cd0c2	c3942c07103525492abb602af4b0450896f07bd0fb614ee2cf9b70da214cd0c2	1fae77a1413039eec4b55f12cbc5eda8d1fb65449624a344e310e3f62701f5ba	4	false
bundles/org.eclipse.swt/Eclipse SWT PI/cocoa/org/eclipse/swt/internal/cocoa/SWTImageTextCell.java	d11399aa0865fa978703d4b601c2e8ea40d5236f710eaea76b98e3c8f6093bb6	d11399aa0865fa978703d4b601c2e8ea40d5236f710eaea76b98e3c8f6093bb6	2d08170f3dd0ee4ec69e91f720bc0d2b79e61c7881e539dd070c40945af65967	0	false
bundles/org.eclipse.swt/Eclipse SWT PI/cocoa/org/eclipse/swt/internal/cocoa/SWTImageView.java	38789b9173f4bf59dc8d3c760594ca0aa4ed1347cfbdedcaf2e00dc590d03dfa	38789b9173f4bf59dc8d3c760594ca0aa4ed1347cfbdedcaf2e00dc590d03dfa	f6d38c8ddae33d8267fc4e829a9626456216195de2baa5da55d991c35136cc3e	0	false
bundles/org.eclipse.swt/Eclipse SWT PI/cocoa/org/eclipse/swt/internal/cocoa/SWTMenu.java	48a650c7929068f2e2a6fd2dde2eaf9d28a11cc646fced07f67b902827117a35	48a650c7929068f2e2a6fd2dde2eaf9d28a11cc646fced07f67b902827117a35	70115c29185ab649a618687ae46055011f20efd903b35bfed861772622546a49	0	false
bundles/org.eclipse.swt/Eclipse SWT PI/cocoa/org/eclipse/swt/internal/cocoa/SWTMenuItem.java	ed604c5b6fa4f06937f3a8f0f74c43e23dad5671e520109936ccd3182731b7f9	ed604c5b6fa4f06937f3a8f0f74c43e23dad5671e520109936ccd3182731b7f9	d9afbfcfa35f51accbbd5ff1925087eda174841a86b129e57a285b7500f1bb49	0	false
bundles/org.eclipse.swt/Eclipse SWT PI/cocoa/org/eclipse/swt/internal/cocoa/SWTOpenSavePanelDelegate.java	decdb8620b4629ca251a020f3ef1aff40bdc4d3d501e3235a0f4508e5afa11e6	decdb8620b4629ca251a020f3ef1aff40bdc4d3d501e3235a0f4508e5afa11e6	5c4eb792d3ff64e80fa58f499ded8a4e9d7c9048d4a508f7143c65be9b9c1d6e	4	false
bundles/org.eclipse.swt/Eclipse SWT PI/cocoa/org/eclipse/swt/internal/cocoa/SWTOutlineView.java	ff9a1f06a97fdbf75f16245a038b61ad6e6de3d8edfe55dd9f7a7f7c58db6b97	ff9a1f06a97fdbf75f16245a038b61ad6e6de3d8edfe55dd9f7a7f7c58db6b97	3968db5e6e299c50012db63899b54e3745fd31d577047c4502205d3a8e96936a	0	false
bundles/org.eclipse.swt/Eclipse SWT PI/cocoa/org/eclipse/swt/internal/cocoa/SWTPanel.java	de09a2dd499204657022cf45dd42fdf5066eed6d3a861f85ecaa6431ff4bee0f	de09a2dd499204657022cf45dd42fdf5066eed6d3a861f85ecaa6431ff4bee0f	cf57f4b2b7ae014fac95b0669339cc3d661e42521fdd7f786e7bd7eef3b6a67d	0	false
bundles/org.eclipse.swt/Eclipse SWT PI/cocoa/org/eclipse/swt/internal/cocoa/SWTPanelDelegate.java	23198f7db9a54a3ba4bb3dca6a0046a2f7dd1a3815dda09912c7ba53678fd26c	23198f7db9a54a3ba4bb3dca6a0046a2f7dd1a3815dda09912c7ba53678fd26c	bd1e14a5fbf80fb019d1827107136e4b25425c00f04ebb4444c7d0092264b6a9	4	false
bundles/org.eclipse.swt/Eclipse SWT PI/cocoa/org/eclipse/swt/internal/cocoa/SWTPopUpButton.java	84b9e1d6fbdae497a5a4b90660aae37e63c0d928b80fc785a4d70cf4eb404a96	84b9e1d6fbdae497a5a4b90660aae37e63c0d928b80fc785a4d70cf4eb404a96	a4e8b096389f6f50101a48347f50025983fb30ebef5eae1a3b4a2d3ab37fac6d	0	false
bundles/org.eclipse.swt/Eclipse SWT PI/cocoa/org/eclipse/swt/internal/cocoa/SWTPrintPanelDelegate.java	be1a8d67d872ff98e787f1cb558a93337416adc957557f5cd82539dafa719ad9	be1a8d67d872ff98e787f1cb558a93337416adc957557f5cd82539dafa719ad9	426b709bed42c239dc282aee57ecc6c14ed2ba2150691c775931b3f42cc3bcd4	4	false
bundles/org.eclipse.swt/Eclipse SWT PI/cocoa/org/eclipse/swt/internal/cocoa/SWTPrinterView.java	d56a0c8eb3d893c9ee2e288951883cdf4edcc6e0471bd593a206d586753ad670	d56a0c8eb3d893c9ee2e288951883cdf4edcc6e0471bd593a206d586753ad670	3fa28bb6397344e9d50adaf19d205786cbaed90cebf8237a79bca8de93ac0724	0	false
bundles/org.eclipse.swt/Eclipse SWT PI/cocoa/org/eclipse/swt/internal/cocoa/SWTProgressIndicator.java	8d1c3af7968834c00682fbf9fc25b719eb6c370b2dea8eba152a090d445086a0	8d1c3af7968834c00682fbf9fc25b719eb6c370b2dea8eba152a090d445086a0	9146a6e9f50a40cb328c0409cb2a80b5eb7febd36ef4a6c3abd34df670bf1578	0	false
bundles/org.eclipse.swt/Eclipse SWT PI/cocoa/org/eclipse/swt/internal/cocoa/SWTScrollView.java	dba352943e8a0f9c5373fac442b1120bafabb2d2918dfbea12988dc8a015ba0a	dba352943e8a0f9c5373fac442b1120bafabb2d2918dfbea12988dc8a015ba0a	a10953f856142fd58ed3e407d10cb7534124762278bf9c7f57c681b453015ec6	4	false
bundles/org.eclipse.swt/Eclipse SWT PI/cocoa/org/eclipse/swt/internal/cocoa/SWTScroller.java	a639bbdd4941354c5bf44a46616de3427eb474d8cafb7690eff3525b6bb8ed46	a639bbdd4941354c5bf44a46616de3427eb474d8cafb7690eff3525b6bb8ed46	e323f301f5a6fb7aa7083f217aeb21336e0e0bbc0366adab1a820a7bc143e2dd	0	false
bundles/org.eclipse.swt/Eclipse SWT PI/cocoa/org/eclipse/swt/internal/cocoa/SWTSearchField.java	499c13860aec405f9cdd8fd2362d602f7510098a67f8f56da9d786a57b4df292	499c13860aec405f9cdd8fd2362d602f7510098a67f8f56da9d786a57b4df292	5c08531e97cbd8f1e8d7465be1f035a8c1f226d89b2a9722e3fb77143eb6fd22	0	false
bundles/org.eclipse.swt/Eclipse SWT PI/cocoa/org/eclipse/swt/internal/cocoa/SWTSearchFieldCell.java	cec4b0966d7ced99908f4bac93b5c4b9ffe3dbbacac79b7fe85ef0dabecb4471	cec4b0966d7ced99908f4bac93b5c4b9ffe3dbbacac79b7fe85ef0dabecb4471	e5ddcca853ca25bd39a137656d44eb2e158d12bfb05ff5d1c6c78381c26804e5	6	false
bundles/org.eclipse.swt/Eclipse SWT PI/cocoa/org/eclipse/swt/internal/cocoa/SWTSecureTextField.java	765a32a306344812a5161f7fe611ad52ed71c5a3c150ba41f3ed8bfbf819a1bd	765a32a306344812a5161f7fe611ad52ed71c5a3c150ba41f3ed8bfbf819a1bd	0cb2acde8cf8afa84e09b3eeb04ad6ebc61e05330c766fc965ac951d523f749c	0	false
bundles/org.eclipse.swt/Eclipse SWT PI/cocoa/org/eclipse/swt/internal/cocoa/SWTSlider.java	93f9798dc0533651a201a33a49c64cf7624ad6b42e304163d7b4bc5b29b2c9d3	93f9798dc0533651a201a33a49c64cf7624ad6b42e304163d7b4bc5b29b2c9d3	82e381f7d3c69e7e72d9b0a4dab2af4512153d42f525daa31344b796df39874f	0	false
bundles/org.eclipse.swt/Eclipse SWT PI/cocoa/org/eclipse/swt/internal/cocoa/SWTStepper.java	fb9c95b126b2bd09a075b6d87969f28b1e959d8ee5f5ecc5221ac33d6a6fbcc8	fb9c95b126b2bd09a075b6d87969f28b1e959d8ee5f5ecc5221ac33d6a6fbcc8	9468933424fb5e59aea787ef47c578120632585aa55760824a54b3acb66084f1	0	false
bundles/org.eclipse.swt/Eclipse SWT PI/cocoa/org/eclipse/swt/internal/cocoa/SWTTabView.java	4ce4c0046e96adfb544e9aacb3fb0b7d55639d20ed150555ff762d888230a82a	4ce4c0046e96adfb544e9aacb3fb0b7d55639d20ed150555ff762d888230a82a	7eb0ae9e38c8d9eedd055e039baafb116d96c4313b701331c83a5ca6c43ddb16	4	false
bundles/org.eclipse.swt/Eclipse SWT PI/cocoa/org/eclipse/swt/internal/cocoa/SWTTabViewItem.java	89ba485526eb4585d35de24e0ca63c601b3d80e69a2436eb839f37f69af5cc02	89ba485526eb4585d35de24e0ca63c601b3d80e69a2436eb839f37f69af5cc02	00b9d04e87ea086b1ab84e96123685d86dd905beb0ef0e8ab03e9e34346bc543	0	false
bundles/org.eclipse.swt/Eclipse SWT PI/cocoa/org/eclipse/swt/internal/cocoa/SWTTableHeaderCell.java	80ccdac3b710047e8e8dbd09f8ef89e66b15f914128d7901a481bd5d2809f02c	80ccdac3b710047e8e8dbd09f8ef89e66b15f914128d7901a481bd5d2809f02c	fb88ddec1147380b419a4ee8490801671ab5c05a4cc5b55574efbd2c6de08260	0	false
bundles/org.eclipse.swt/Eclipse SWT PI/cocoa/org/eclipse/swt/internal/cocoa/SWTTableHeaderView.java	42f1537eca3330807b49e00aa74992fed3e201730d97f2d6ebcbf1ed06c2b4d3	42f1537eca3330807b49e00aa74992fed3e201730d97f2d6ebcbf1ed06c2b4d3	e6a5a56e755a86d696fd84fa9612f46251f5d8966220102b9b4864f7b6b49f85	0	false
bundles/org.eclipse.swt/Eclipse SWT PI/cocoa/org/eclipse/swt/internal/cocoa/SWTTableView.java	4726ac65eded7f043f496cec03d7f3e3e0042177c285bcef9685cdf875681f98	4726ac65eded7f043f496cec03d7f3e3e0042177c285bcef9685cdf875681f98	6e923790ae31bac3bda3020b604ae3324e7585a63e406665e473a613e3836db7	0	false
bundles/org.eclipse.swt/Eclipse SWT PI/cocoa/org/eclipse/swt/internal/cocoa/SWTTextAttachmentCell.java	253db884dcc56dbea7414c207eade18745c5260ac0e104367c13f5b9ab0bffef	253db884dcc56dbea7414c207eade18745c5260ac0e104367c13f5b9ab0bffef	1d220357e26e1ad9f38c02a8b702f4eb437447c2692af89e63d7b7aa14a758d0	0	false
bundles/org.eclipse.swt/Eclipse SWT PI/cocoa/org/eclipse/swt/internal/cocoa/SWTTextField.java	20b649402a9a4d397e660a9b8957252ae378d623f5ed0a9a56e47cad78e9e6f9	20b649402a9a4d397e660a9b8957252ae378d623f5ed0a9a56e47cad78e9e6f9	b9f714dbd5c6218a4daffa8f619070ca8b0ce18f0788126248a861b8ed9237bb	0	false
bundles/org.eclipse.swt/Eclipse SWT PI/cocoa/org/eclipse/swt/internal/cocoa/SWTTextView.java	537b8f63f634ba3be16d01f764f8135ebf1392cf82aa276057a87c92d207c347	537b8f63f634ba3be16d01f764f8135ebf1392cf82aa276057a87c92d207c347	c4b766e2a1722d25eb76678cd0f443a31d3a6ef551fc0be0a5c6b0232482a069	4	false
bundles/org.eclipse.swt/Eclipse SWT PI/cocoa/org/eclipse/swt/internal/cocoa/SWTToolbar.java	6b28175036da01830ca067a2d6ddc415a4dfc5c1f8c6daed62028359a06d3828	6b28175036da01830ca067a2d6ddc415a4dfc5c1f8c6daed62028359a06d3828	f2e579952c9f2a76d19254e861d9c4f03906788045ef5302c6db811087d04060	0	false
bundles/org.eclipse.swt/Eclipse SWT PI/cocoa/org/eclipse/swt/internal/cocoa/SWTTreeItem.java	25b07fb28f25a4e6e5a84c0c8e289747978c48b6bead0bd7021455c484081a0c	25b07fb28f25a4e6e5a84c0c8e289747978c48b6bead0bd7021455c484081a0c	34c21a707650ae838e5bd08f4223d9ca5f2c5fe82f06480a4a09cb99bc6b5fff	0	false
bundles/org.eclipse.swt/Eclipse SWT PI/cocoa/org/eclipse/swt/internal/cocoa/SWTView.java	e67c50b01e51d5b950e54e4a4535c4e1717c52ee2df8b995755e962302cfee58	e67c50b01e51d5b950e54e4a4535c4e1717c52ee2df8b995755e962302cfee58	5f23fd239689ea6df9760994bc698be46d9e60db70687a91be2a7b58ef194312	4	false
bundles/org.eclipse.swt/Eclipse SWT PI/cocoa/org/eclipse/swt/internal/cocoa/SWTWebViewDelegate.java	f16e77423ab6b95e451bebf91ae38530b49c32a935865cfb713d1cde25b24503	f16e77423ab6b95e451bebf91ae38530b49c32a935865cfb713d1cde25b24503	e8b21f3940fc562a6d30e56db2aba3b6fd558540f90807fa048c0f5d958d8ebc	0	false
bundles/org.eclipse.swt/Eclipse SWT PI/cocoa/org/eclipse/swt/internal/cocoa/SWTWindow.java	61d16b418eb0e41063c7386b94d573763bd70e23bb6946b86b439f2c90f57c6e	61d16b418eb0e41063c7386b94d573763bd70e23bb6946b86b439f2c90f57c6e	e504af8510c4d7eeddca85a3142b8c46d3be46ae5c78a03d6178d69e3ff62272	0	false
bundles/org.eclipse.swt/Eclipse SWT PI/cocoa/org/eclipse/swt/internal/cocoa/SWTWindowDelegate.java	14a4ded1346de73c757ad3e4b1c85295d980e181aef287f310de0ff6379e2c04	14a4ded1346de73c757ad3e4b1c85295d980e181aef287f310de0ff6379e2c04	8d2a672ee54b3154b09d37013914668a0020edc308327f035bfbe01876fc34d2	4	false
bundles/org.eclipse.swt/Eclipse SWT PI/cocoa/org/eclipse/swt/internal/cocoa/Selector.java	19b8b54e7356fe563ddb9d0e990f396d4bfa20dfb22113285d185d52f3e7284e	19b8b54e7356fe563ddb9d0e990f396d4bfa20dfb22113285d185d52f3e7284e	647da2731bc49e0e8864487fa80551a5b0a120696eeb50061d4b43f9861d4009	6	false
bundles/org.eclipse.swt/Eclipse SWT PI/cocoa/org/eclipse/swt/internal/cocoa/UTType.java	1b8cfce36b1a201a851f1b52b7314eedcda1dda8507f8970b1641ca71f8e7590	1b8cfce36b1a201a851f1b52b7314eedcda1dda8507f8970b1641ca71f8e7590	d9d60d6787560ae006bb64117ddbb3fe6332a614eee34f04ebce826cdb79a472	9	false
bundles/org.eclipse.swt/Eclipse SWT PI/cocoa/org/eclipse/swt/internal/cocoa/WebDataSource.java	5b42bfcc822885d704fb51dad0f7d8a8916a4309540514c6174abd062fa1299b	5b42bfcc822885d704fb51dad0f7d8a8916a4309540514c6174abd062fa1299b	e1b60fa5c23ee147ad8531293cabfbad3b4784757cace5ce6ca5c6dcb91468b0	18	false
bundles/org.eclipse.swt/Eclipse SWT PI/cocoa/org/eclipse/swt/internal/cocoa/WebDocumentRepresentation.java	3c8508ece7c018a4064ffbf03d574b3903c60953d55928267346d99807d09fce	3c8508ece7c018a4064ffbf03d574b3903c60953d55928267346d99807d09fce	4ce76c13faf98780a8218da2bb65e8f52bc36d187394b1f456a70df599a27c06	9	false
bundles/org.eclipse.swt/Eclipse SWT PI/cocoa/org/eclipse/swt/internal/cocoa/WebFrame.java	f9866f59fbea2901537a8fbe95d75981e3845adce435b944ad1c99dbb949c382	f9866f59fbea2901537a8fbe95d75981e3845adce435b944ad1c99dbb949c382	b4a9793c307dd27a497fc9d16e870f408f8ba5c33d236841086e9bd5aebeed7d	18	false
bundles/org.eclipse.swt/Eclipse SWT PI/cocoa/org/eclipse/swt/internal/cocoa/WebFrameView.java	634ab4963bf2fec17bdf693acf0e8569de23b437118a1ca249efb7309841e2d6	634ab4963bf2fec17bdf693acf0e8569de23b437118a1ca249efb7309841e2d6	918bfa87398dd9c03d22b90d9719deba247eb3e5e5c71fd0a16c6b1552228ca2	13	false
bundles/org.eclipse.swt/Eclipse SWT PI/cocoa/org/eclipse/swt/internal/cocoa/WebOpenPanelResultListener.java	7093147cc0b69d077b5ab76a331f7bccc4daaeb45afba4e79ee037ef929193c2	7093147cc0b69d077b5ab76a331f7bccc4daaeb45afba4e79ee037ef929193c2	15112b8025981722f9b909f9aaa23e5525c61e921cd90016e9a23a5dcdeb5ac2	10	false
bundles/org.eclipse.swt/Eclipse SWT PI/cocoa/org/eclipse/swt/internal/cocoa/WebPolicyDecisionListener.java	eac3496b15f655d72b298c1043f7da25b7fef962ffb228bcb5879d51f3c25173	eac3496b15f655d72b298c1043f7da25b7fef962ffb228bcb5879d51f3c25173	7b97583939c2976fedd725c9f1671e7685ce963962908044eaf5e108f7e69857	12	false
bundles/org.eclipse.swt/Eclipse SWT PI/cocoa/org/eclipse/swt/internal/cocoa/WebPreferences.java	674eca08317aead8b216411d105d4ad82207d074655a079837488f6e3232a329	674eca08317aead8b216411d105d4ad82207d074655a079837488f6e3232a329	2c29bd00daae967b2c0ef7d7dd434518f1923a7ee70daeb2d15b07cfa429f18b	13	false
bundles/org.eclipse.swt/Eclipse SWT PI/cocoa/org/eclipse/swt/internal/cocoa/WebScriptObject.java	dffcc0d08b0128942f90ed808c64e163adbc4e78bce040c9c6a17843b32e43ec	dffcc0d08b0128942f90ed808c64e163adbc4e78bce040c9c6a17843b32e43ec	888f66667d9e4c6ad60515ec39d8f973132f979a518fa84a3d936ac3125b01de	9	false
bundles/org.eclipse.swt/Eclipse SWT PI/cocoa/org/eclipse/swt/internal/cocoa/WebUndefined.java	4f9f816e1d0b498f2cb971e4cce8d060f7833a631eaf8d02e0ff3bc4e76bd6e9	4f9f816e1d0b498f2cb971e4cce8d060f7833a631eaf8d02e0ff3bc4e76bd6e9	183d9af050b03bbc2f721066c31bfedcc05183f8ecf66de95801d087eec38300	9	false
bundles/org.eclipse.swt/Eclipse SWT PI/cocoa/org/eclipse/swt/internal/cocoa/WebView.java	bb33ee1bad1f0963f0ae8792aa44f646e972e95e1d48ad95e282375483176a35	bb33ee1bad1f0963f0ae8792aa44f646e972e95e1d48ad95e282375483176a35	3bb20bf23b860e76e37c88f3960da446e933fbdf6796dff4833a377ae0e57a72	52	false
bundles/org.eclipse.swt/Eclipse SWT PI/cocoa/org/eclipse/swt/internal/cocoa/id.java	895c1deaaff222338e800b5f0d2d15549b66c858b712bc45facef2d6e2139957	404de87e8562d098a9c7aadc5af2722bd5df4e5eb39679b87ce421ee18e0b659	6d99a8983d28507f5d068a145e57868a70fba438bb1452136e11da58a7a833c5	18	true
bundles/org.eclipse.swt/Eclipse SWT PI/cocoa/org/eclipse/swt/internal/cocoa/objc_super.java	d33048b04b62cb72fdfea26a620e6510a74d45d5c987703860a62c887189a2e3	d33048b04b62cb72fdfea26a620e6510a74d45d5c987703860a62c887189a2e3	493b52ce44f0ffe97d18e41e271bb6e499087ae80e74e6ab6b6d77eef2d50f15	0	false
bundles/org.eclipse.swt/Eclipse SWT PI/common/org/eclipse/swt/internal/C.java	abbbb2a26f0fa52f5ff285f68cab470b3bb6db960725528d59d4b8fec92c45eb	abbbb2a26f0fa52f5ff285f68cab470b3bb6db960725528d59d4b8fec92c45eb	65ae3b757c449f5310fd4ad9a872e4e5704799d58ef18f1558fdfa04a8bcea44	3	false
bundles/org.eclipse.swt/Eclipse SWT PI/common/org/eclipse/swt/internal/LONG.java	55cc2b78217dbd6d2d1c0683c7acf1652a8194f89fbc5b078765871a314896f5	1b3af0628ce47b1c0175dbe59764b63cfec27606390a4167c0dd86da24df0bf7	aea5f34add3fb5922d052d302a9facb86a44be55e2569793752ffc25cc56827d	12	true
bundles/org.eclipse.swt/Eclipse SWT PI/common/org/eclipse/swt/internal/Library.java	da40ab91f6f6473e154bc6f4d8fc0c34d2f54bafa92615974697f3fcb3465dd8	9c6803981f6ef85289c51e1bd392edb11e7c4082409bb3f4be5d030dc540ce44	de284244bb75b2f2cd483b462d0f7c0f462574cda20a38f52279b48726b86454	269	true
bundles/org.eclipse.swt/Eclipse SWT PI/gtk/org/eclipse/swt/internal/Platform.java	07bbd29d05da3ec2c5804a2cc121733aabe18258e51ae98abdecab820e2291d7	07bbd29d05da3ec2c5804a2cc121733aabe18258e51ae98abdecab820e2291d7	faab40e03797940257c42f93438fffbdbdc639a79099d6a74f752c0ad8586c18	7	false
bundles/org.eclipse.swt/Eclipse SWT PI/gtk/org/eclipse/swt/internal/accessibility/gtk/ATK.java	99efe01c11ca5618f431cbe1431373d65f11dc25b3206531d5cebc517f2bd158	99efe01c11ca5618f431cbe1431373d65f11dc25b3206531d5cebc517f2bd158	4e633cbd427617ee9b51005fb203414b01362b4fae81f87e9502941a8f114f57	2	false
bundles/org.eclipse.swt/Eclipse SWT PI/gtk/org/eclipse/swt/internal/accessibility/gtk/AtkActionIface.java	90ba4c004b88f83fd392bac27bb4da2921209fc3968f8a6b5f00a8f1a1b1fc5d	90ba4c004b88f83fd392bac27bb4da2921209fc3968f8a6b5f00a8f1a1b1fc5d	f2dad971eae4e1e24854203980f52175c9ae0061bc42561108e87500679f8ed7	0	false
bundles/org.eclipse.swt/Eclipse SWT PI/gtk/org/eclipse/swt/internal/accessibility/gtk/AtkAttribute.java	03ab6df77eee25f8801aa96199528b4ba1074ab68ccf304fddc772d012316356	03ab6df77eee25f8801aa96199528b4ba1074ab68ccf304fddc772d012316356	6f7fe44f26013918e345c0fac35b8eb52529ff8dc1841326d038273730f2b00e	0	false
bundles/org.eclipse.swt/Eclipse SWT PI/gtk/org/eclipse/swt/internal/accessibility/gtk/AtkComponentIface.java	fe6568fbcb211a04b526285051cb2ffb50fada618619ac9759f7ad2a586b9e2a	fe6568fbcb211a04b526285051cb2ffb50fada618619ac9759f7ad2a586b9e2a	f5a72c0a1e1e19a436d5353ac8eaf44bd04226859035cd4ffcbf86fbbb26044b	0	false
bundles/org.eclipse.swt/Eclipse SWT PI/gtk/org/eclipse/swt/internal/accessibility/gtk/AtkEditableTextIface.java	f5b3310f4078ae7a5a1a2838a3266de67662eb857873a0bf3d7ec98d54015440	f5b3310f4078ae7a5a1a2838a3266de67662eb857873a0bf3d7ec98d54015440	7d40d2a985de4fdcc8a5b5175d8efccdaa6279ecdfd2fdcb38c43899ec0664e6	0	false
bundles/org.eclipse.swt/Eclipse SWT PI/gtk/org/eclipse/swt/internal/accessibility/gtk/AtkHypertextIface.java	f4f34424b6def25a23983e2af02af517a2f88a1a43403a971fbf02a629894913	f4f34424b6def25a23983e2af02af517a2f88a1a43403a971fbf02a629894913	4c34c695441542000abbb8fa11d6c7fbd850a0c74fdf66211eb57f29037e8018	0	false
bundles/org.eclipse.swt/Eclipse SWT PI/gtk/org/eclipse/swt/internal/accessibility/gtk/AtkObjectClass.java	1aa59d55f2e483541315f8599950129a70736896f63155765b02d4cb2654ba7e	1aa59d55f2e483541315f8599950129a70736896f63155765b02d4cb2654ba7e	82fc741f858b06859fd167c86496c2d98b58529c2e47460db5c39fede84802dd	0	false
bundles/org.eclipse.swt/Eclipse SWT PI/gtk/org/eclipse/swt/internal/accessibility/gtk/AtkSelectionIface.java	bf621de1d6ffd278e2696c6d78cd7b663165c5423190877a7cc5539a279e84c3	bf621de1d6ffd278e2696c6d78cd7b663165c5423190877a7cc5539a279e84c3	0f05c9234e65b69f5b256f490b9782b923c52b7ad42579b1234e01b4c1b5e910	0	false
bundles/org.eclipse.swt/Eclipse SWT PI/gtk/org/eclipse/swt/internal/accessibility/gtk/AtkTableIface.java	57ab5a661658169ce8bc1e97178f283987c21d6946a094740920a6ee473ab81a	57ab5a661658169ce8bc1e97178f283987c21d6946a094740920a6ee473ab81a	ba33f0684be00b6e4a953ade9e38a859c840f1d7982a339ff84a682a146c80c6	0	false
bundles/org.eclipse.swt/Eclipse SWT PI/gtk/org/eclipse/swt/internal/accessibility/gtk/AtkTextIface.java	5d10a383d711c04b4e58df5b1d3c65b89bf8606470bb2dcd4586c19680675d76	5d10a383d711c04b4e58df5b1d3c65b89bf8606470bb2dcd4586c19680675d76	4a53ba0f30fbfe033ea18ee0ad3cd37d484e67b0fd8e335dba3c9a7a67909b7e	0	false
bundles/org.eclipse.swt/Eclipse SWT PI/gtk/org/eclipse/swt/internal/accessibility/gtk/AtkTextRange.java	ca71bb45cfc8f373a41ba0262ba7069d1225cf705975a3adf8deb0f7682e7689	ca71bb45cfc8f373a41ba0262ba7069d1225cf705975a3adf8deb0f7682e7689	707b3375ac9d3581b602f820b17dd3c3012b730c8108087821f656c642a13246	0	false
bundles/org.eclipse.swt/Eclipse SWT PI/gtk/org/eclipse/swt/internal/accessibility/gtk/AtkTextRectangle.java	24f855206aea851cffff7d899e4880f10cf8a55e7da1b626a3c6fc2165c07c50	24f855206aea851cffff7d899e4880f10cf8a55e7da1b626a3c6fc2165c07c50	04cbe9caf259a8c195d488021ad1c98722b4303c02647f93f23f45c83303a7d3	0	false
bundles/org.eclipse.swt/Eclipse SWT PI/gtk/org/eclipse/swt/internal/accessibility/gtk/AtkValueIface.java	5c92fb4f0b6a8ab7b2a5da16ef8376fdf388dac6a4875282555c8b579f3864c1	5c92fb4f0b6a8ab7b2a5da16ef8376fdf388dac6a4875282555c8b579f3864c1	de667e04055f9f3ddd9fcdd193a7efb903a0ec732809a08a5a0a5fab3bc76570	0	false
bundles/org.eclipse.swt/Eclipse SWT PI/gtk/org/eclipse/swt/internal/gtk/GDK.java	5782cccfb32497e1fa1f27feeabf5593a88a92872770a3020663b1c8ec99c961	5782cccfb32497e1fa1f27feeabf5593a88a92872770a3020663b1c8ec99c961	750be83bc36588b369a9b6743c6fac2def341cd96adfc7a9e1980d367a94146e	3	false
bundles/org.eclipse.swt/Eclipse SWT PI/gtk/org/eclipse/swt/internal/gtk/GObjectClass.java	8b89ba27cfb2efb784369a5b6232ecd0137cc1e12f4e49a405f46a1ce1279239	8b89ba27cfb2efb784369a5b6232ecd0137cc1e12f4e49a405f46a1ce1279239	5f1f27f70cd7a942210b4deff8d1127e6265934975762a9e13bf65292a9b8db4	0	false
bundles/org.eclipse.swt/Eclipse SWT PI/gtk/org/eclipse/swt/internal/gtk/GTK.java	ac650442bce717384e2d19e62d07501a04f30a59dfcc8f70b81e37d57df51a57	ac650442bce717384e2d19e62d07501a04f30a59dfcc8f70b81e37d57df51a57	9c51853e68e6d6d396816a9f3077655434a10c697892141623794f2047052ad5	0	false
bundles/org.eclipse.swt/Eclipse SWT PI/gtk/org/eclipse/swt/internal/gtk/GTypeInfo.java	de0ed57ea0da86cd11fd598beea4a7a6fa0b9c2b9d941afbf0cf7f8f5ae94602	de0ed57ea0da86cd11fd598beea4a7a6fa0b9c2b9d941afbf0cf7f8f5ae94602	19ecec4eb593c99fc0f68d6aede12cb615830e5f4f8f85a78e84b4643e672c5a	0	false
bundles/org.eclipse.swt/Eclipse SWT PI/gtk/org/eclipse/swt/internal/gtk/GdkKeymapKey.java	e5c7878cf1f5a11801ad4524351e3d5ecbc6a6cf19c52c307df8c1d2f6ee87ef	e5c7878cf1f5a11801ad4524351e3d5ecbc6a6cf19c52c307df8c1d2f6ee87ef	e1d310ab26d7d5a703a35cbcc556aa8b78d7a6ad0975fb02b736e5372193b621	0	false
bundles/org.eclipse.swt/Eclipse SWT PI/gtk/org/eclipse/swt/internal/gtk/GdkRGBA.java	a5e6b8316cb1bf0ac5f255c13e85a6555c1823f61f3220ef563036224f21de2c	a5e6b8316cb1bf0ac5f255c13e85a6555c1823f61f3220ef563036224f21de2c	b11ef69ba91ebb888589b16f2e5cfcd7ff54cd959458f3f788b0678473fcd529	2	false
bundles/org.eclipse.swt/Eclipse SWT PI/gtk/org/eclipse/swt/internal/gtk/GdkRectangle.java	d3dc1156fbde33cf9cbf9ee96e5a24e9342c4116985e6c7d78cbd645953e133a	d3dc1156fbde33cf9cbf9ee96e5a24e9342c4116985e6c7d78cbd645953e133a	fe3d9166730c1f52ad0af07933bd466746a87aebcf8e067991231f6ffe764bf4	4	false
bundles/org.eclipse.swt/Eclipse SWT PI/gtk/org/eclipse/swt/internal/gtk/GeometryInterface.java	02de57a18ec2f321fda5cb76147d55f72ed75dd8e0bdabd5e4d8fe3211842167	02de57a18ec2f321fda5cb76147d55f72ed75dd8e0bdabd5e4d8fe3211842167	ae6f9a12c983af19cc134fcf784963ab11fe153796d3fd768a0a1c47e0c11042	0	false
bundles/org.eclipse.swt/Eclipse SWT PI/gtk/org/eclipse/swt/internal/gtk/Graphene.java	e274058cf85ee98db26edaa18aaaaf66bb9d7531c66b65ea6eddfe7fd1bbcb46	e274058cf85ee98db26edaa18aaaaf66bb9d7531c66b65ea6eddfe7fd1bbcb46	7b2659af9ef6b4d40caa58b5485e8d433c9bd2e2efd7c92a3d2a66736ad07e79	0	false
bundles/org.eclipse.swt/Eclipse SWT PI/gtk/org/eclipse/swt/internal/gtk/GtkAdjustment.java	c9dd80f72cedabe831374dc18f455991954c6f6598cfa6ddeb721c01aa1637aa	c9dd80f72cedabe831374dc18f455991954c6f6598cfa6ddeb721c01aa1637aa	a0ddeabb1923b5abe3bad4a8b325111f6c7e3e29ed98b364113222d34e3cbb4a	0	false
bundles/org.eclipse.swt/Eclipse SWT PI/gtk/org/eclipse/swt/internal/gtk/GtkAllocation.java	a9b4ef1d835cf11866b041274ea0282faccf9201e512d1ddcc6374f269097fd9	a9b4ef1d835cf11866b041274ea0282faccf9201e512d1ddcc6374f269097fd9	f0982547dd3ae3bb567572828c27bba698dc2491c58afab48b1323054b550990	2	false
bundles/org.eclipse.swt/Eclipse SWT PI/gtk/org/eclipse/swt/internal/gtk/GtkBorder.java	2571818e9ea50f2379345df99a074023bcd58d9f9e4aedbf9d36bb8789a554c8	2571818e9ea50f2379345df99a074023bcd58d9f9e4aedbf9d36bb8789a554c8	bbe237b375bc70636ceb4ac1062c29c36e108f3c78123c6d8c961b35ad91e40c	0	false
bundles/org.eclipse.swt/Eclipse SWT PI/gtk/org/eclipse/swt/internal/gtk/GtkCellRendererClass.java	ef60a9193d3b0d55fce47bd178df8fe164dd60c5a8fddd0d10ae6224897ea369	ef60a9193d3b0d55fce47bd178df8fe164dd60c5a8fddd0d10ae6224897ea369	4906d96c8b85a720e7ed92840f76c2aaf070dd949dccad5394a179a5306ee4a2	0	false
bundles/org.eclipse.swt/Eclipse SWT PI/gtk/org/eclipse/swt/internal/gtk/GtkRequisition.java	747a5eade1dcb1a6b8cd08a28e03c46bc8d684e4af9ec7cad8ce765fc564630e	747a5eade1dcb1a6b8cd08a28e03c46bc8d684e4af9ec7cad8ce765fc564630e	161a5c4c5ef6f5f763c529eddb1c50dccd579a7618c3145e633be5ac0b72d1a0	2	false
bundles/org.eclipse.swt/Eclipse SWT PI/gtk/org/eclipse/swt/internal/gtk/GtkWidgetClass.java	68829676852350378f29d7216920693675eabbc286ced49c5462c66a9f8b445e	68829676852350378f29d7216920693675eabbc286ced49c5462c66a9f8b445e	8f8d3846679a859e2e1257754cbed303def8ef82e8568ff0249c94374f952046	0	false
bundles/org.eclipse.swt/Eclipse SWT PI/gtk/org/eclipse/swt/internal/gtk/OS.java	d748f0e9ce9fde904eef4d83b0512577562a2a18f07c51e1d58c6811554daead	edf1a91eaad7c194fecb67997f6baf8d95c7a2bff0d18272cfb9417555c48979	b501a13a3425142d80773b1f99b688fe1461819409dfd9a6077b5d0c1b8403c1	173	true
bundles/org.eclipse.swt/Eclipse SWT PI/gtk/org/eclipse/swt/internal/gtk/PangoAttrColor.java	92bb4d6be8758d558a6c3209cb78dc18982a3b5dfb0b32117157e71c4f7134f2	92bb4d6be8758d558a6c3209cb78dc18982a3b5dfb0b32117157e71c4f7134f2	b287ef6d74335247798d740d616588b9bf62be47e9b55be754769cb5512c7e8c	0	false
bundles/org.eclipse.swt/Eclipse SWT PI/gtk/org/eclipse/swt/internal/gtk/PangoAttrInt.java	b2bf60e1bdce02caff2fa342928aba8a52c4fffaaf737418e13be0786d2524d8	b2bf60e1bdce02caff2fa342928aba8a52c4fffaaf737418e13be0786d2524d8	9bf6cf64b6da2a199be6c3ce773320e40f34c59e4782c9a9fb7b10e447b0796f	0	false
bundles/org.eclipse.swt/Eclipse SWT PI/gtk/org/eclipse/swt/internal/gtk/PangoAttribute.java	4b677a2cb1efc2a950b04fbcd679281dd0df9adf66ac6df1341c82693e5e6b5f	4b677a2cb1efc2a950b04fbcd679281dd0df9adf66ac6df1341c82693e5e6b5f	749fdcab5dd84436b71e30c8b88e84b5a5234b4305b1e9c574d1fc513544376c	0	false
bundles/org.eclipse.swt/Eclipse SWT PI/gtk/org/eclipse/swt/internal/gtk/PangoItem.java	7ccd60a8f4b50f24bb635c88d6891218203c95bd427e2be7a4245e11ca734cf0	7ccd60a8f4b50f24bb635c88d6891218203c95bd427e2be7a4245e11ca734cf0	afd601b73067c07931caaf4044b800f64c4db76572e6ea0d1e1dea7252aa1cc6	0	false
bundles/org.eclipse.swt/Eclipse SWT PI/gtk/org/eclipse/swt/internal/gtk/PangoLayoutLine.java	d83e09864895c6318135de2b0bc517086103db94b9c1570dbeb3299fc29e56fa	d83e09864895c6318135de2b0bc517086103db94b9c1570dbeb3299fc29e56fa	53237de06b09aa057ceb0a0a6579c69c9c8a049388092c8688d4935b2b98ba8c	0	false
bundles/org.eclipse.swt/Eclipse SWT PI/gtk/org/eclipse/swt/internal/gtk/PangoLayoutRun.java	1b9703b9f5d25f594b103ac73058819f954b84cb26d872eac30286fd4809d66f	1b9703b9f5d25f594b103ac73058819f954b84cb26d872eac30286fd4809d66f	0fe3309297df1318951472ab95281d3bbd6f03b582542efd31b31d78559013ed	0	false
bundles/org.eclipse.swt/Eclipse SWT PI/gtk/org/eclipse/swt/internal/gtk/PangoLogAttr.java	c6aaaf597161722b21c98d001724fe3195ccf348e68b365cd6bd9632de7baaa8	c6aaaf597161722b21c98d001724fe3195ccf348e68b365cd6bd9632de7baaa8	3f5fb86bd48d69880d928d9829a50b16ee33a19433ea5bcce0c67bd504f8cea9	0	false
bundles/org.eclipse.swt/Eclipse SWT PI/gtk/org/eclipse/swt/internal/gtk/PangoRectangle.java	58c04c8037acc8c9529e06f6c466a0a8afed34a0cb56c6f341fafcfae36aa27e	58c04c8037acc8c9529e06f6c466a0a8afed34a0cb56c6f341fafcfae36aa27e	2ce8533cd5a7f1c117ffa6153e0b8076684a6300784536bd1b152daeac72f169	0	false
bundles/org.eclipse.swt/Eclipse SWT PI/gtk/org/eclipse/swt/internal/gtk/XAnyEvent.java	08e0278140b613ac935e823bcecf8dfb050f0470c6cf9a35fc4b20925d3f705e	08e0278140b613ac935e823bcecf8dfb050f0470c6cf9a35fc4b20925d3f705e	48221c3770ab8ca7b7f5656eca50a548e9e2bd08c80f0dbb2b0cd65acb8b28e8	0	false
bundles/org.eclipse.swt/Eclipse SWT PI/gtk/org/eclipse/swt/internal/gtk/XEvent.java	aab56c41d826f7dac824887b619fc79dae709253b9f2a0dafd050b1232f85701	aab56c41d826f7dac824887b619fc79dae709253b9f2a0dafd050b1232f85701	f6823de24c1f54bc64db9dc019e8df90b36e65a3166e647125c42ec324660b45	0	false
bundles/org.eclipse.swt/Eclipse SWT PI/gtk/org/eclipse/swt/internal/gtk/XExposeEvent.java	dd44d308b02b61f31e34786c6e2b548e32e6430d2987a5dacff69992ad32dca3	dd44d308b02b61f31e34786c6e2b548e32e6430d2987a5dacff69992ad32dca3	fe8fdcd90d7744c30285f701df869d6f7af25bf783fbf70e84314b076db260df	0	false
bundles/org.eclipse.swt/Eclipse SWT PI/gtk/org/eclipse/swt/internal/gtk/XFocusChangeEvent.java	4bd9954df1d44d406ab9513083104f8e3ec8077d6e802795642f0632a992017c	4bd9954df1d44d406ab9513083104f8e3ec8077d6e802795642f0632a992017c	602d129210b5750a7aec0d74b64ec8aebafa9a20efd56c1ec8fbdd5a8a7649e9	0	false
bundles/org.eclipse.swt/Eclipse SWT PI/gtk/org/eclipse/swt/internal/gtk3/GTK3.java	4b032e8444f29e529c3639daabd96be99d0b8136d7a73dc67322ce14e4c3a150	4b032e8444f29e529c3639daabd96be99d0b8136d7a73dc67322ce14e4c3a150	b2090683b74647650c405ada208606b94b0c63c89408411f32565adfba664c53	0	false
bundles/org.eclipse.swt/Eclipse SWT PI/gtk/org/eclipse/swt/internal/gtk3/GdkEvent.java	5fb42f990ca27578cc5a73ba06f30242288c55653d799dad86356b1ed07d5d98	5fb42f990ca27578cc5a73ba06f30242288c55653d799dad86356b1ed07d5d98	bdcf55db89c31c58adb1364dad4d8fae2977693da5dde877a40cbab2516daf4e	0	false
bundles/org.eclipse.swt/Eclipse SWT PI/gtk/org/eclipse/swt/internal/gtk3/GdkEventButton.java	670e14f2ee8a66825999364119136531fa2970bf64a93ea1d0b942a8f8cdcab8	670e14f2ee8a66825999364119136531fa2970bf64a93ea1d0b942a8f8cdcab8	0038952764d03738db0d66cb447e134723742cd0fa5e48aff422d695cbdaabc1	0	false
bundles/org.eclipse.swt/Eclipse SWT PI/gtk/org/eclipse/swt/internal/gtk3/GdkEventCrossing.java	2b5be4a9f7f3bf901d99b3bde76efe0970f1ada19469bdf7fb8f347847c8bdaf	2b5be4a9f7f3bf901d99b3bde76efe0970f1ada19469bdf7fb8f347847c8bdaf	d9ec169c6495aab4ed82f06839fae288d0a8a1494abe0e0650a4df6b924f2be1	0	false
bundles/org.eclipse.swt/Eclipse SWT PI/gtk/org/eclipse/swt/internal/gtk3/GdkEventFocus.java	c89af8498d56368eeab2e5fc97341d896941286c54731b23eb336d1d2ac9b88c	c89af8498d56368eeab2e5fc97341d896941286c54731b23eb336d1d2ac9b88c	17bd6fc55be85d069e5c03cc349823bcd14162781b74eac5aee53211c46846cb	0	false
bundles/org.eclipse.swt/Eclipse SWT PI/gtk/org/eclipse/swt/internal/gtk3/GdkEventKey.java	85f5f36a3ad606e982910fc2b5a02ffda4982b0825ae92fb64b080b84e866165	85f5f36a3ad606e982910fc2b5a02ffda4982b0825ae92fb64b080b84e866165	948194e28a1956bc78257ffe6d6c143fdf8da89e06d1e76679ef490ed6f0b48c	0	false
bundles/org.eclipse.swt/Eclipse SWT PI/gtk/org/eclipse/swt/internal/gtk3/GdkEventMotion.java	3b65ae82746328fc070a27a6209d15eb8cc9de4989db3bb72c5905577e2fba50	3b65ae82746328fc070a27a6209d15eb8cc9de4989db3bb72c5905577e2fba50	cf8af8955de1f3b07f9dbf468560ac28392adc80e170c343b2bc440e100f1bad	0	false
bundles/org.eclipse.swt/Eclipse SWT PI/gtk/org/eclipse/swt/internal/gtk3/GdkEventWindowState.java	edff60766cb037ba930a45d34b12d5c61b7f83457fe02152439f9b196bb1b7cf	edff60766cb037ba930a45d34b12d5c61b7f83457fe02152439f9b196bb1b7cf	8557bf08887c867323da05808b9e985f8a827db289e97ef9a3963441ca236ed1	0	false
bundles/org.eclipse.swt/Eclipse SWT PI/gtk/org/eclipse/swt/internal/gtk3/GdkGeometry.java	15d4618b77ff962c5bf1444138323be5d0af8cf5e80067410be5f851b247dd79	15d4618b77ff962c5bf1444138323be5d0af8cf5e80067410be5f851b247dd79	b00737bc55ec88a6b52b999f67a2d4f9091a55bf4434661333bb57faad44244c	28	false
bundles/org.eclipse.swt/Eclipse SWT PI/gtk/org/eclipse/swt/internal/gtk3/GdkWindowAttr.java	20974b2032172c91fbfd99be9e367e6eb644fde62d9d24f3e6c504caf4967793	20974b2032172c91fbfd99be9e367e6eb644fde62d9d24f3e6c504caf4967793	7087629f1134c5a7a0412a090501fbfc1d5e570e8eefe0821f4eb3a3bb732d3c	0	false
bundles/org.eclipse.swt/Eclipse SWT PI/gtk/org/eclipse/swt/internal/gtk3/GtkTargetEntry.java	9f5f7046ae34fd6a7d2ff013fbf55cbd0e845d113d2ad4bcb19141e4a730af6a	9f5f7046ae34fd6a7d2ff013fbf55cbd0e845d113d2ad4bcb19141e4a730af6a	1ea13085e1bb1404897cdb1b9c632ddf0a68782106b3de4d8836382ef87bb386	0	false
bundles/org.eclipse.swt/Eclipse SWT PI/gtk/org/eclipse/swt/internal/gtk4/GTK4.java	b981acc6dc019eae7c287b20ebb9f3d1139e38597712a9e2bc27c509e46ef272	b981acc6dc019eae7c287b20ebb9f3d1139e38597712a9e2bc27c509e46ef272	3a86cd5193a7756aa3907f4b44dcce8bffbfcf254a82bc76c4a8ed1965a879a7	0	false
bundles/org.eclipse.swt/Eclipse SWT PI/win32/org/eclipse/swt/internal/Platform.java	fb779028406fe5ae35c27727912922de5f083f84cbbabefdab36dd52ae70fec3	fb779028406fe5ae35c27727912922de5f083f84cbbabefdab36dd52ae70fec3	f5397fb3fc68e842958b79983bb6197d27a32a29f6451a6d67b70429dfdf5b02	8	false
bundles/org.eclipse.swt/Eclipse SWT PI/win32/org/eclipse/swt/internal/gdip/BitmapData.java	ef94ba3a21d3d80d1e8aec7fa4463bb3a76914d509cc5cab4ceb0603ad5f13fd	ef94ba3a21d3d80d1e8aec7fa4463bb3a76914d509cc5cab4ceb0603ad5f13fd	91d8f49336374b2538ad50e70d9d7f31bb29c8b3ceaecd16341c188650c61b71	0	false
bundles/org.eclipse.swt/Eclipse SWT PI/win32/org/eclipse/swt/internal/gdip/ColorPalette.java	e754013c5185e461fd9ebca549bc7eeab7cd16231d02c0f781d6c9a6dad9e8fa	e754013c5185e461fd9ebca549bc7eeab7cd16231d02c0f781d6c9a6dad9e8fa	ceaad9e07a0ddb297313a8c8df2cfd54ecfb037a6934562374f86cdff1e51e52	0	false
bundles/org.eclipse.swt/Eclipse SWT PI/win32/org/eclipse/swt/internal/gdip/Gdip.java	2b5e9a9509e24fc8c1093e1e64607c93784d85667997a7572d50cb6b133732ba	2b5e9a9509e24fc8c1093e1e64607c93784d85667997a7572d50cb6b133732ba	d8b35ddf251b084fd6a5a4df09d08453a41d554bbee36ba6bc9d82b631c04e88	2	false
bundles/org.eclipse.swt/Eclipse SWT PI/win32/org/eclipse/swt/internal/gdip/GdiplusStartupInput.java	3c07696ef9fa43a89654c4c04f54fe90655650e8da987aa630848a5815c35d24	3c07696ef9fa43a89654c4c04f54fe90655650e8da987aa630848a5815c35d24	1ce0a0960b82b363d26373b272e84d8879efdf3537880d22ecfb5a7fffd54a8a	0	false
bundles/org.eclipse.swt/Eclipse SWT PI/win32/org/eclipse/swt/internal/gdip/PointF.java	337dd0c52285074642eb6a6d41f3a77d8dade01709a82dc7f63328ca38e45e28	337dd0c52285074642eb6a6d41f3a77d8dade01709a82dc7f63328ca38e45e28	78295b1b6caf23cc33b2a449c267c93d8ab30a3e5d993a642d62ee5411b9f6db	0	false
bundles/org.eclipse.swt/Eclipse SWT PI/win32/org/eclipse/swt/internal/gdip/Rect.java	a423b80d71fc2ffdf16e282f8f79bf3955c456e6bc823bb2b7aaa1ea1264d794	a423b80d71fc2ffdf16e282f8f79bf3955c456e6bc823bb2b7aaa1ea1264d794	7bf541c7af3866f7a05406792a53200998866b10eb6cf08d03b9dda966b8fe8c	0	false
bundles/org.eclipse.swt/Eclipse SWT PI/win32/org/eclipse/swt/internal/gdip/RectF.java	5829f8141fbbfbed1bfbb51693b3caa39d2d471624bf9658d47a01a92580a546	5829f8141fbbfbed1bfbb51693b3caa39d2d471624bf9658d47a01a92580a546	0f539deccdbda912ebc3d6ff0a65740e70b1025820f4017aaa4d1ff4c660f8a1	0	false
bundles/org.eclipse.swt/Eclipse SWT PI/win32/org/eclipse/swt/internal/ole/win32/CAUUID.java	d5a1477735555ae918f95204801031ad30777575fc1f57760ed34d67f2eccaab	d5a1477735555ae918f95204801031ad30777575fc1f57760ed34d67f2eccaab	f7d7aea70876018fe974fc16cd9b6ec2be76fe862d4d49d25596cccc34b3b7e3	0	false
bundles/org.eclipse.swt/Eclipse SWT PI/win32/org/eclipse/swt/internal/ole/win32/COM.java	aea877c9ee19046cb0df0f7558c0e9fb33f6a7b53b8d4bb4457c31bdd504afd4	07a06f2cfe9ad13d2de8ad269a29ec5fe417490dc6557758a9c5d0e81162b72b	b3ad32305a975d422e2c9052267791227b353875c48f1cec0d5c6e9ad36b20ee	9	true
bundles/org.eclipse.swt/Eclipse SWT PI/win32/org/eclipse/swt/internal/ole/win32/CONTROLINFO.java	4bd4ae2e91888ee272e4f11e58bfea2906ec0b2c921ff19fe8856e8a9c050d29	4bd4ae2e91888ee272e4f11e58bfea2906ec0b2c921ff19fe8856e8a9c050d29	da81a4e69e7602f4798a6a4484888312918e6ce7ee28d3d36eeda3215b0da846	0	false
bundles/org.eclipse.swt/Eclipse SWT PI/win32/org/eclipse/swt/internal/ole/win32/DISPPARAMS.java	9aa90bf035c0b9b95fed484d07fc105d53c2ea612027d499de85b4662b20b930	9aa90bf035c0b9b95fed484d07fc105d53c2ea612027d499de85b4662b20b930	8334c98420aaef136adfed2a7321f6c58751ff4e115e6497eeafb210344d22a8	0	false
bundles/org.eclipse.swt/Eclipse SWT PI/win32/org/eclipse/swt/internal/ole/win32/EXCEPINFO.java	c9f6ca2add0dd5051c754686ba101f62d599cfbd0bb49ae6f4a852ca763eeffa	c9f6ca2add0dd5051c754686ba101f62d599cfbd0bb49ae6f4a852ca763eeffa	457e7aff78aba0c61193b57270cff029c142b0ba705419b4bd805ca541cdaa78	0	false
bundles/org.eclipse.swt/Eclipse SWT PI/win32/org/eclipse/swt/internal/ole/win32/FORMATETC.java	bbb4e4ff48b34654a9533b0fa70e040f5aefae20d7fcf5a32c2fdf84ff9a9c21	bbb4e4ff48b34654a9533b0fa70e040f5aefae20d7fcf5a32c2fdf84ff9a9c21	a21945bf6cd1ff3b847d1c742dd6b22c00a634ea153750cde7ee7e84df0fc69d	0	false
bundles/org.eclipse.swt/Eclipse SWT PI/win32/org/eclipse/swt/internal/ole/win32/FUNCDESC.java	69a76aa931fc26d1c0755c9885d649fb3b0f867f78417b7cd562d947c3051d8f	69a76aa931fc26d1c0755c9885d649fb3b0f867f78417b7cd562d947c3051d8f	b49409df0547a9909f8343a9c6ac56ef8559de6fcf58dd2e962262cd791eb7c7	0	false
bundles/org.eclipse.swt/Eclipse SWT PI/win32/org/eclipse/swt/internal/ole/win32/GUID.java	07b2e1f558eaa5849fc6a52381a3aac367a025e120ec52ae5fe3996f286b3f76	07b2e1f558eaa5849fc6a52381a3aac367a025e120ec52ae5fe3996f286b3f76	2d0940427628a9f9b827da14cbee52b976c20c00db0f02fd1d938413136e9a52	9	false
bundles/org.eclipse.swt/Eclipse SWT PI/win32/org/eclipse/swt/internal/ole/win32/IAccessible.java	9b02adb9da360684dc88dc5097e2200bf4ed6ff528b09eb8c2cfba32f8e36ef4	9b02adb9da360684dc88dc5097e2200bf4ed6ff528b09eb8c2cfba32f8e36ef4	d046d0eafd22a405127406409b3b63f1247d7275a340e3cf6b08456fa784a4d6	44	false
bundles/org.eclipse.swt/Eclipse SWT PI/win32/org/eclipse/swt/internal/ole/win32/IClassFactory2.java	a8600fd08ab75d4134dab476dd708129fd617e92ccef41995cfca02cb29086fd	a8600fd08ab75d4134dab476dd708129fd617e92ccef41995cfca02cb29086fd	242b14fc589b445ae58900ecd97a2dabb15f245a66b282581cfaf0da439dec8a	8	false
bundles/org.eclipse.swt/Eclipse SWT PI/win32/org/eclipse/swt/internal/ole/win32/IConnectionPoint.java	97fb5135f819b813ad6998e2c5f39e70670c42e5c2e6cacba07adeeeeadfe8ea	97fb5135f819b813ad6998e2c5f39e70670c42e5c2e6cacba07adeeeeadfe8ea	8845c1b537ed69b3c3e4e74089ed413f881f1d300ec360995a232e388122b472	6	false
bundles/org.eclipse.swt/Eclipse SWT PI/win32/org/eclipse/swt/internal/ole/win32/IConnectionPointContainer.java	5d3885c01d620c22db4c0b56cbf61c8616e92ffba09d55c73422e15e0cb546ca	5d3885c01d620c22db4c0b56cbf61c8616e92ffba09d55c73422e15e0cb546ca	f98a5cbedfb44e908dce0cd331340792d30ebbd5f4247886ee3f5fb15f5631b8	4	false
bundles/org.eclipse.swt/Eclipse SWT PI/win32/org/eclipse/swt/internal/ole/win32/ICoreWebView2.java	9b0100028b6dc5cd1034c7ebfbb4c6a820131def9a4ded92b0845b24f1bd7858	9b0100028b6dc5cd1034c7ebfbb4c6a820131def9a4ded92b0845b24f1bd7858	9bda269af1ba2e362682262a9dad1745ff3c4a90f19acc0dc3a929f3f815c14c	60	false
bundles/org.eclipse.swt/Eclipse SWT PI/win32/org/eclipse/swt/internal/ole/win32/ICoreWebView2AcceleratorKeyPressedEventArgs.java	9196c2558230638de351dc7de24724c9eb53e837946f0d4cfc62ca812229d5ba	9196c2558230638de351dc7de24724c9eb53e837946f0d4cfc62ca812229d5ba	7ee0e5d033fef358c24846e61a89ac8a4796505708dec41219b73605f280a073	14	false
bundles/org.eclipse.swt/Eclipse SWT PI/win32/org/eclipse/swt/internal/ole/win32/ICoreWebView2BasicAuthenticationRequestedEventArgs.java	778fd055e9b6e258e355c7310d56b6e8dfe9e2fb70aef2ef631ea5a076cb34e0	778fd055e9b6e258e355c7310d56b6e8dfe9e2fb70aef2ef631ea5a076cb34e0	95d16faeefe6e51ef6b30e5c3f05f674c5dbff739217287c715a9348e915edc1	12	false
bundles/org.eclipse.swt/Eclipse SWT PI/win32/org/eclipse/swt/internal/ole/win32/ICoreWebView2BasicAuthenticationResponse.java	b9cc8a4d4e3a8f44495c9850ad52a0db8a20094a5fcd94b4c075b076a00311bd	b9cc8a4d4e3a8f44495c9850ad52a0db8a20094a5fcd94b4c075b076a00311bd	e89da1cdc2650862e6f637192d4120bc2360df04437a79dcbfe19f9ab2ff77f1	10	false
bundles/org.eclipse.swt/Eclipse SWT PI/win32/org/eclipse/swt/internal/ole/win32/ICoreWebView2ContextMenuRequestedEventArgs.java	49e9deab480f5ded559a9e3e62e3af1ee5a0b62d6e76ee39a0e2778a5f16557e	49e9deab480f5ded559a9e3e62e3af1ee5a0b62d6e76ee39a0e2778a5f16557e	ff26b06fffecd1100b83efa7fbe170fa026621f98d7ab462b29029cd38544796	8	false
bundles/org.eclipse.swt/Eclipse SWT PI/win32/org/eclipse/swt/internal/ole/win32/ICoreWebView2Controller.java	b1eaae2a4c774959d016be62d3b871b089bd54b5182e23be7bd4b311111659c7	b1eaae2a4c774959d016be62d3b871b089bd54b5182e23be7bd4b311111659c7	3ff0768d162e4877bb8bcf4c25561c7ab48ef64f5a41a3ec5667b9031f418dc4	22	false
bundles/org.eclipse.swt/Eclipse SWT PI/win32/org/eclipse/swt/internal/ole/win32/ICoreWebView2Cookie.java	83a9e3e4e2d963d409df9a171405d9b30a39424adcf9a0190eeb722cd120ae84	83a9e3e4e2d963d409df9a171405d9b30a39424adcf9a0190eeb722cd120ae84	35bf300d901c44465640dbcf721c93e33392f94942c024c63ee4311f45c65129	16	false
bundles/org.eclipse.swt/Eclipse SWT PI/win32/org/eclipse/swt/internal/ole/win32/ICoreWebView2CookieList.java	51995e8d281d3d97803bee95f7f232fa2cfa7663c5e17eb2bd0e89a874d5dc26	51995e8d281d3d97803bee95f7f232fa2cfa7663c5e17eb2bd0e89a874d5dc26	fd6045a79dfb0d69485bebd29d0c1b339528dc194d9d434879c0a2a5004fe599	6	false
bundles/org.eclipse.swt/Eclipse SWT PI/win32/org/eclipse/swt/internal/ole/win32/ICoreWebView2CookieManager.java	7b71dd349b2fad9b3e694eff70acab72ddd356799f00aa5a831b2b6b1af0bb2f	7b71dd349b2fad9b3e694eff70acab72ddd356799f00aa5a831b2b6b1af0bb2f	4f40697ab3feef9941ee54a0378e626266908cb6fbffb63879fa5efd152b0012	10	false
bundles/org.eclipse.swt/Eclipse SWT PI/win32/org/eclipse/swt/internal/ole/win32/ICoreWebView2DOMContentLoadedEventArgs.java	9e12e0d9cf73c742caa0a0ed05fba419e56d74c9c7ca211596b95f81b96a84dd	9e12e0d9cf73c742caa0a0ed05fba419e56d74c9c7ca211596b95f81b96a84dd	6a05b500442fceb0bf06d0c37816260bcaf0b46268c7170f4f1266e6a6f4c4f6	4	false
bundles/org.eclipse.swt/Eclipse SWT PI/win32/org/eclipse/swt/internal/ole/win32/ICoreWebView2Deferral.java	e7daa715d7f263fea7a87264c7268652affda23d8e984b1ef55889a98a73d2b6	e7daa715d7f263fea7a87264c7268652affda23d8e984b1ef55889a98a73d2b6	6e4cada40deb6ca2280c9cc58c9d1edd8aaf4ce85efdaab22feaba8d9a9b3dc7	4	false
bundles/org.eclipse.swt/Eclipse SWT PI/win32/org/eclipse/swt/internal/ole/win32/ICoreWebView2Environment.java	8beff27bac00c8162431ed21dfc1ee3f48ea3756288fe3414b38a5189e702fbc	8beff27bac00c8162431ed21dfc1ee3f48ea3756288fe3414b38a5189e702fbc	b156fb6cbbba2f57fa1e48168f8623528cdf356b4485741e6a687913ea42cc43	6	false
bundles/org.eclipse.swt/Eclipse SWT PI/win32/org/eclipse/swt/internal/ole/win32/ICoreWebView2Environment2.java	582a6bc2710a05c3e72ee2b8d0be7a63ff938455ed82ee32410f8bb0f8ef313b	582a6bc2710a05c3e72ee2b8d0be7a63ff938455ed82ee32410f8bb0f8ef313b	5ab0615ff37cf3181f5035bc8acd207d7d4371cd344d5e41f430e893e6042605	4	false
bundles/org.eclipse.swt/Eclipse SWT PI/win32/org/eclipse/swt/internal/ole/win32/ICoreWebView2EnvironmentOptions.java	301ce916c0eaf7cb262c812b76c73f9325ad7dc826a0aac5d3df7bf1dcd10fa2	301ce916c0eaf7cb262c812b76c73f9325ad7dc826a0aac5d3df7bf1dcd10fa2	c6bcca0e3c22ced5be75bb437af4683823237b35914491c87182563a9472c8b5	10	false
bundles/org.eclipse.swt/Eclipse SWT PI/win32/org/eclipse/swt/internal/ole/win32/ICoreWebView2MoveFocusRequestedEventArgs.java	7db82aed00309a6c58619cae2857a8d39ad1ff28249e85523f9d83b0d83e276d	7db82aed00309a6c58619cae2857a8d39ad1ff28249e85523f9d83b0d83e276d	7d59a9185a01a30dfcc011b1e710e548ab91b53d1ab6bc6aac5bb8f0fcb04ffc	6	false
bundles/org.eclipse.swt/Eclipse SWT PI/win32/org/eclipse/swt/internal/ole/win32/ICoreWebView2NavigationCompletedEventArgs.java	c6286ec09a92cbdee20835068e1e9cdae52ff6186d01c1c4a2ce94a0fb799335	c6286ec09a92cbdee20835068e1e9cdae52ff6186d01c1c4a2ce94a0fb799335	df75665eef581e1257dade48755dd35d2467d70e1714322b6c8b5cb1bcb10be5	8	false
bundles/org.eclipse.swt/Eclipse SWT PI/win32/org/eclipse/swt/internal/ole/win32/ICoreWebView2NavigationStartingEventArgs.java	005e8c929afceac139bcf310ecf03090f3a203db47fa38e01824bdd6330e6af5	005e8c929afceac139bcf310ecf03090f3a203db47fa38e01824bdd6330e6af5	29809bd43ee7e5fb21b1c76d52d26bb4235152b6d3d56b51d1fc183fe2bfe900	16	false
bundles/org.eclipse.swt/Eclipse SWT PI/win32/org/eclipse/swt/internal/ole/win32/ICoreWebView2NewWindowRequestedEventArgs.java	0a5fb0abd1b24a90e533e6050cfc82aa80080db267351ae2bd927bc04e7038ad	0a5fb0abd1b24a90e533e6050cfc82aa80080db267351ae2bd927bc04e7038ad	e1b36ae8a64885532382b6b84e23e0717b17d8f96ea5bc58528e89e117593fcb	18	false
bundles/org.eclipse.swt/Eclipse SWT PI/win32/org/eclipse/swt/internal/ole/win32/ICoreWebView2Profile.java	e0e6d69e6e5d81cf90f9435cb31d0554e74b136e775dd45f3559e3263869aca6	e0e6d69e6e5d81cf90f9435cb31d0554e74b136e775dd45f3559e3263869aca6	b4de9d0f1957430a5035eb1fef18db02f711799554316bb6cf70352393855973	16	false
bundles/org.eclipse.swt/Eclipse SWT PI/win32/org/eclipse/swt/internal/ole/win32/ICoreWebView2Settings.java	c7292353846556cfbabf424385ae5bee4d66f8d052c87b203b171ce43e34def1	c7292353846556cfbabf424385ae5bee4d66f8d052c87b203b171ce43e34def1	de4d5a5a005070f1da97894c5ae7dcf19297a24604ec4232bf98d04b3816f01f	38	false
bundles/org.eclipse.swt/Eclipse SWT PI/win32/org/eclipse/swt/internal/ole/win32/ICoreWebView2SourceChangedEventArgs.java	500c40679da22d78917203933de13e7dec56cb9f704af38b1a3119292f2e6e81	500c40679da22d78917203933de13e7dec56cb9f704af38b1a3119292f2e6e81	de2172b61d06a90e046593eff1bc1a04851b908b8cbe0f361e93a35d3da2386c	4	false
bundles/org.eclipse.swt/Eclipse SWT PI/win32/org/eclipse/swt/internal/ole/win32/ICoreWebView2SwtCallback.java	aa254f405e987879110eff94a4093d4752d3e07b361ef5aca2adbb930191afec	aa254f405e987879110eff94a4093d4752d3e07b361ef5aca2adbb930191afec	e9459e6a17b92d552753aa1a75ce3a14ff12afcac1251f547a95fae114483011	0	false
bundles/org.eclipse.swt/Eclipse SWT PI/win32/org/eclipse/swt/internal/ole/win32/ICoreWebView2SwtHost.java	f57a101d38ffb9d8fe78d802d5238e31bd83a63d864ce424afe47556e4f35c64	f57a101d38ffb9d8fe78d802d5238e31bd83a63d864ce424afe47556e4f35c64	cb9033b43ef242f91a7a217d4cae5ab15a8ac5f177a689fc15f854bbe7581115	0	false
bundles/org.eclipse.swt/Eclipse SWT PI/win32/org/eclipse/swt/internal/ole/win32/ICoreWebView2WebMessageReceivedEventArgs.java	121ee54604dd5b4a26fca8f3e676df2d8ab089f31291239748939cb5cb26b39e	121ee54604dd5b4a26fca8f3e676df2d8ab089f31291239748939cb5cb26b39e	ef9119bf34260d7af46d671830b212a95899b045f19620b2828862c83bcbd2a0	6	false
bundles/org.eclipse.swt/Eclipse SWT PI/win32/org/eclipse/swt/internal/ole/win32/ICoreWebView2WindowFeatures.java	f003142557b946915fbdbc4f5900eca8fc7ac8c4a854b4f758d154c59c12e454	f003142557b946915fbdbc4f5900eca8fc7ac8c4a854b4f758d154c59c12e454	14e3563df41a9e7cb7e99180b2ae7096d90facaeb3ada6d2abefcb511ae65757	22	false
bundles/org.eclipse.swt/Eclipse SWT PI/win32/org/eclipse/swt/internal/ole/win32/ICoreWebView2_10.java	e4a233bc54ff429f062373f732ae0020e6eaedde019a4bb9a31351692e40a0c6	e4a233bc54ff429f062373f732ae0020e6eaedde019a4bb9a31351692e40a0c6	b47afd3b92132b5dd5ad52fbba496f9405b30965e851f8d1ae5327d46d2752d2	6	false
bundles/org.eclipse.swt/Eclipse SWT PI/win32/org/eclipse/swt/internal/ole/win32/ICoreWebView2_11.java	fd0c1da06d47184ae261853e91f79f169f8a7d101ced8995964f7936b8b9ee00	fd0c1da06d47184ae261853e91f79f169f8a7d101ced8995964f7936b8b9ee00	71f62b6ca32fb70af0f07fac3cfc2cc54dbaac8f7b074c622f01be7973a62ed3	6	false
bundles/org.eclipse.swt/Eclipse SWT PI/win32/org/eclipse/swt/internal/ole/win32/ICoreWebView2_12.java	47329d192f892ff9aa2ac868443bd08ad77c85a38f4d17fd58fb3cf441de54fd	47329d192f892ff9aa2ac868443bd08ad77c85a38f4d17fd58fb3cf441de54fd	54b53e8ee0d4953c761144418b3b35c985ae1470f691c4fc64a982e952e9ed89	8	false
bundles/org.eclipse.swt/Eclipse SWT PI/win32/org/eclipse/swt/internal/ole/win32/ICoreWebView2_13.java	8a0ad5d390fb1649059a8ee8c59e72a0376885dbc3b34b80de27f58a2a004113	8a0ad5d390fb1649059a8ee8c59e72a0376885dbc3b34b80de27f58a2a004113	9f9cc938ec905bd73ce5ff8df79f31c370ce1914d3207b014b0b2ef94948c75b	4	false
bundles/org.eclipse.swt/Eclipse SWT PI/win32/org/eclipse/swt/internal/ole/win32/ICoreWebView2_2.java	e76ff8a85c3f873070aeb15d1246d5e4ce46fb49713a6edee8b7d819a3f42797	e76ff8a85c3f873070aeb15d1246d5e4ce46fb49713a6edee8b7d819a3f42797	102864b74c98ce742fb98b62d494e7446d0531a521bf023e2fcb057e9f994dcb	8	false
bundles/org.eclipse.swt/Eclipse SWT PI/win32/org/eclipse/swt/internal/ole/win32/ICustomDestinationList.java	cfb546a801b5a4d0becc269d32bad767ad9fee7121d4d9e7911dee03a4e71bb5	cfb546a801b5a4d0becc269d32bad767ad9fee7121d4d9e7911dee03a4e71bb5	fd27a9a09e93058065062dd0b170867b2d10a49e8aeaaf726f19c98a4837e858	14	false
bundles/org.eclipse.swt/Eclipse SWT PI/win32/org/eclipse/swt/internal/ole/win32/IDataObject.java	03df894d9535543e189712d65309d60e78b327e24d04c8c00c3f99bf8ff2f006	03df894d9535543e189712d65309d60e78b327e24d04c8c00c3f99bf8ff2f006	282d456e01f58051293209aac63b608fd127b5cf21fdcaf1cd4bf4701d1f9415	8	false
bundles/org.eclipse.swt/Eclipse SWT PI/win32/org/eclipse/swt/internal/ole/win32/IDispatch.java	6409dcedd5a167bed366729e67cd1b814d15af154468538dc47e344f5f65d027	6409dcedd5a167bed366729e67cd1b814d15af154468538dc47e344f5f65d027	bd229e86719215b372088542a4636c9cd8e57a2dd36fcc306863df232b4ccaa4	31	false
bundles/org.eclipse.swt/Eclipse SWT PI/win32/org/eclipse/swt/internal/ole/win32/IDispatchEx.java	a4e8b053b0daa45737950695043b3435616af5522d4e00be2ff3d5a8ec50affd	a4e8b053b0daa45737950695043b3435616af5522d4e00be2ff3d5a8ec50affd	382a8a5d45f87256a286171704ecdc41e0769c9ce44d70cdcb88f61db5bf47ae	4	false
bundles/org.eclipse.swt/Eclipse SWT PI/win32/org/eclipse/swt/internal/ole/win32/IEnum.java	1920a0908b1c10f36bdbf22607bd96be31681f364529c940b869fde034dc7969	1920a0908b1c10f36bdbf22607bd96be31681f364529c940b869fde034dc7969	95fb7cd69b94d2db2d0cab848bc68914180110e1bd8c38d9d1089cf59d1b0add	10	false
bundles/org.eclipse.swt/Eclipse SWT PI/win32/org/eclipse/swt/internal/ole/win32/IEnumFORMATETC.java	f1ef2aa25b508b1ff8633a95e871ad4b86469d8f8903f0a786743e9583a136a2	f1ef2aa25b508b1ff8633a95e871ad4b86469d8f8903f0a786743e9583a136a2	b646693a056af4c89e9a20e57e7df5339df7689770d6b7422078f0da1ac943d1	2	false
bundles/org.eclipse.swt/Eclipse SWT PI/win32/org/eclipse/swt/internal/ole/win32/IEnumTfDisplayAttributeInfo.java	786868ca92ac3ac3f41dc35eeed459246d69ea7dd08eb092611c1c61460a7e5a	786868ca92ac3ac3f41dc35eeed459246d69ea7dd08eb092611c1c61460a7e5a	55331190a8035ac53b861e85c5ac1617eff43fae3e2086f752051255139688a1	4	false
bundles/org.eclipse.swt/Eclipse SWT PI/win32/org/eclipse/swt/internal/ole/win32/IEnumVARIANT.java	3af014f2e968a57894354470fe069bf83a99e876a1fe9d76abeb6f8660f4b6a2	3af014f2e968a57894354470fe069bf83a99e876a1fe9d76abeb6f8660f4b6a2	04a7dac7fd1d7df6a63504182c2dc033f051e7c04e57b35826f61d72d0556ebf	2	false
bundles/org.eclipse.swt/Eclipse SWT PI/win32/org/eclipse/swt/internal/ole/win32/IFileDialog.java	079ca6057b3203ba2cf2c6b93a08720c361f760cea9bb8a355fa301def5459a7	079ca6057b3203ba2cf2c6b93a08720c361f760cea9bb8a355fa301def5459a7	54dc7c4b138c3b726e44b89e9a0beedb6fe0e437ef20b3cfbfb2d0ae4005dab3	30	false
bundles/org.eclipse.swt/Eclipse SWT PI/win32/org/eclipse/swt/internal/ole/win32/IMLangFontLink2.java	36383add09ca959a84014e14284c13abff0b0f80b2227d2e04ed3dbb00f89402	36383add09ca959a84014e14284c13abff0b0f80b2227d2e04ed3dbb00f89402	4c441b1c7041691f0160b06fbcebd1365ba7b52db0196758aa67ec8685ecdbaa	8	false
bundles/org.eclipse.swt/Eclipse SWT PI/win32/org/eclipse/swt/internal/ole/win32/IObjectArray.java	8fe33355689f1d52d9fa2f66970e69b68195e5310ff282b9f0846e2caff0fe88	8fe33355689f1d52d9fa2f66970e69b68195e5310ff282b9f0846e2caff0fe88	ad2600d32a81a7a24085edfb79414a6edf48d5b113d7fe948d3ea37562b84ad0	4	false
bundles/org.eclipse.swt/Eclipse SWT PI/win32/org/eclipse/swt/internal/ole/win32/IObjectCollection.java	cc17e49d1eab29467c86c24c54a3e37723c5d092d41fb775c14ef9622fc3f30c	cc17e49d1eab29467c86c24c54a3e37723c5d092d41fb775c14ef9622fc3f30c	b5f41c65d7730c3bdd1653d2306ca85c22d0cb94fb9cadc7270b87455ff0df15	4	false
bundles/org.eclipse.swt/Eclipse SWT PI/win32/org/eclipse/swt/internal/ole/win32/IOleCommandTarget.java	531ac358853434977e8132430a5016ce1cf526f9d61302fce2d0571d079f958a	c2979b8b735eef688329e9da5d6dba4bd10c8ebd3524c2178081a1d6923b303f	2236c99fb318d57e90f42a9a33ad30733b6f34bb20851a85a13de9a48cdb0aaf	9	true
bundles/org.eclipse.swt/Eclipse SWT PI/win32/org/eclipse/swt/internal/ole/win32/IOleControl.java	b3647691aa09e5612d86e0d791cf5ee681cc9baea382e3fea3810e62166b75f3	b3647691aa09e5612d86e0d791cf5ee681cc9baea382e3fea3810e62166b75f3	18aa999f8a7ba5e33a34e2ed78638dc534b3289a88aaf6ad0a492565b9e15fd1	4	false
bundles/org.eclipse.swt/Eclipse SWT PI/win32/org/eclipse/swt/internal/ole/win32/IOleDocument.java	3c7209e8eb5d87234471c86ee01e192c564d01ad37b4761ccaa562dbd65265b8	3c7209e8eb5d87234471c86ee01e192c564d01ad37b4761ccaa562dbd65265b8	f7a6de037190a3b59fb45af42e2edf18c1777d03a26a4cc025281cb78ffbcacd	4	false
bundles/org.eclipse.swt/Eclipse SWT PI/win32/org/eclipse/swt/internal/ole/win32/IOleDocumentView.java	580e77ae3bd437ad0456467495f099ce224a2fe30fb832ba08e5ed90da8f4c57	580e77ae3bd437ad0456467495f099ce224a2fe30fb832ba08e5ed90da8f4c57	d8fe3b65092c2dfc861ca23ee44ca73f9526e99fe66c0f182b3c427a7acb7247	10	false
bundles/org.eclipse.swt/Eclipse SWT PI/win32/org/eclipse/swt/internal/ole/win32/IOleInPlaceActiveObject.java	4b645f64aefea77bb6909adc97f93bdb550b19e0b46f760ae3640028807b3068	4b645f64aefea77bb6909adc97f93bdb550b19e0b46f760ae3640028807b3068	dacbb2fb4e2154a10fd9fcb1e27864531f3cd69c3f8fc55c2c4c798f262b899e	8	false
bundles/org.eclipse.swt/Eclipse SWT PI/win32/org/eclipse/swt/internal/ole/win32/IOleInPlaceObject.java	cbc1f0333265df4957cb2d4d184365e8c79479070c02519caa46a1306b0e1868	cbc1f0333265df4957cb2d4d184365e8c79479070c02519caa46a1306b0e1868	f7fb6badfeb4d0489746fa84e7330680010ac2bb2bfb106182e4a06fc52b39a8	8	false
bundles/org.eclipse.swt/Eclipse SWT PI/win32/org/eclipse/swt/internal/ole/win32/IOleLink.java	d739a26264ee00e500720057d89aea5ffca56bf15730e73a57590071fb64fc86	d739a26264ee00e500720057d89aea5ffca56bf15730e73a57590071fb64fc86	1c1620809b38e93626f4cc715b26145bc50ebfe8c23fa6e0bce52efad56bd7cf	6	false
bundles/org.eclipse.swt/Eclipse SWT PI/win32/org/eclipse/swt/internal/ole/win32/IOleObject.java	f817d18dea5e1734857dc78dc4d2aebb776be1424dffd32a894bae1c60293d2e	f817d18dea5e1734857dc78dc4d2aebb776be1424dffd32a894bae1c60293d2e	93bc1ffa87bb941a7487a30011c2369d2fb132af45599f03cc1d7fef523b20da	34	false
bundles/org.eclipse.swt/Eclipse SWT PI/win32/org/eclipse/swt/internal/ole/win32/IOleWindow.java	1c48527fe50b647769d9233393f8cd5fe16bf7556d7849e7e9aedda98884653c	1c48527fe50b647769d9233393f8cd5fe16bf7556d7849e7e9aedda98884653c	7b5fa61291b3f9b5bfc86580b7d5e20574b9d47b7d5b6dd77a3d5eee9d413de3	4	false
bundles/org.eclipse.swt/Eclipse SWT PI/win32/org/eclipse/swt/internal/ole/win32/IPersist.java	ffd34fea1459be41770ed0505d43b60602516c27c9eb10c1fa100c82b94e99b3	ffd34fea1459be41770ed0505d43b60602516c27c9eb10c1fa100c82b94e99b3	628e09452bc7b92618cd7a14b9c00082df0328733abf4d9bd89e921652b00201	4	false
bundles/org.eclipse.swt/Eclipse SWT PI/win32/org/eclipse/swt/internal/ole/win32/IPersistFile.java	51ffd733a6b68c8bcbc8ba93b07fa1e7a9c107aa1da5eb94b56be6342f62d3b5	51ffd733a6b68c8bcbc8ba93b07fa1e7a9c107aa1da5eb94b56be6342f62d3b5	16a143484bc720873784956523eeeaee29a18c2992759f99ace4ea995856ce42	4	false
bundles/org.eclipse.swt/Eclipse SWT PI/win32/org/eclipse/swt/internal/ole/win32/IPersistStorage.java	97b79492577f45db8d8568ac45e603b6ded65f221bc43d6042e5d4881358ffd9	97b79492577f45db8d8568ac45e603b6ded65f221bc43d6042e5d4881358ffd9	ac32fda2ec5d27907583f88781a147b391c87ebb8a56b7cafa3be2f67d90b034	12	false
bundles/org.eclipse.swt/Eclipse SWT PI/win32/org/eclipse/swt/internal/ole/win32/IPersistStreamInit.java	e3dc2ef160a86d03f625952dd4987bdc139b1eda4bcc9e58d35357d85c1f881b	e3dc2ef160a86d03f625952dd4987bdc139b1eda4bcc9e58d35357d85c1f881b	96233743be00f2060aa3121205b078e3c2c61f43847142345a6cb002d9ed1ce8	6	false
bundles/org.eclipse.swt/Eclipse SWT PI/win32/org/eclipse/swt/internal/ole/win32/IPropertyStore.java	d1a3758caca12702d8b6bc594167792299e062b6d7275a7607fde3770e357b37	d1a3758caca12702d8b6bc594167792299e062b6d7275a7607fde3770e357b37	0d03713516894d9cb25c92a6d25837f19f30ff9d8df12ac815adbc63a668a476	6	false
bundles/org.eclipse.swt/Eclipse SWT PI/win32/org/eclipse/swt/internal/ole/win32/IProvideClassInfo.java	33a622127b6a0c6865036149607955b2b8aebad96107124d9b246e0177047eb4	33a622127b6a0c6865036149607955b2b8aebad96107124d9b246e0177047eb4	5683e2535116776a3511755853a577fdbdbda6999069d72a3ce26cfac2b4a34b	4	false
bundles/org.eclipse.swt/Eclipse SWT PI/win32/org/eclipse/swt/internal/ole/win32/IProvideClassInfo2.java	446781a5ed7b6b131d5121a44c6f8b8985f1ed8d222549f9460b05697457f2e6	446781a5ed7b6b131d5121a44c6f8b8985f1ed8d222549f9460b05697457f2e6	2c31a05781c2b09adbcd745ab1130716df3bff1a6fed83882b474b0d48276113	4	false
bundles/org.eclipse.swt/Eclipse SWT PI/win32/org/eclipse/swt/internal/ole/win32/IServiceProvider.java	4220399f90a78f8cce62ee439dea1eb171218898456b56aae90d189118ba6cb0	4220399f90a78f8cce62ee439dea1eb171218898456b56aae90d189118ba6cb0	385c0060b665a92e859294a2c8d409afcc1313ebda54af97f217e567c035121c	4	false
bundles/org.eclipse.swt/Eclipse SWT PI/win32/org/eclipse/swt/internal/ole/win32/IShellItem.java	13f2abc56cf4a13021475780dbccef3f20f63c14c7a0a6901ff2a272361b46bd	13f2abc56cf4a13021475780dbccef3f20f63c14c7a0a6901ff2a272361b46bd	e871e5c1509e30011c23f72144e2c7d08725e9bab7e2cb46c9d991dd347a8b70	4	false
bundles/org.eclipse.swt/Eclipse SWT PI/win32/org/eclipse/swt/internal/ole/win32/IShellItemArray.java	d29a5bf17f030f860ab369f28a2fb911d71e6d7895a94d3a5eefa24a07a3847d	d29a5bf17f030f860ab369f28a2fb911d71e6d7895a94d3a5eefa24a07a3847d	4da64aa18829c7bda783d2a3e21c54db974f4be7e018ae077faddb562eb11d46	6	false
bundles/org.eclipse.swt/Eclipse SWT PI/win32/org/eclipse/swt/internal/ole/win32/IShellLink.java	606c21c7f237f01d893155242a678e6babd2fb08447fb61e58bad8428d57692a	606c21c7f237f01d893155242a678e6babd2fb08447fb61e58bad8428d57692a	313991bf8459b06a0ae930d28c6a7c73bf5b06cce047201e488b64c3f4b351c8	10	false
bundles/org.eclipse.swt/Eclipse SWT PI/win32/org/eclipse/swt/internal/ole/win32/ISpecifyPropertyPages.java	47674e28512acb27e6179baa8030a484a3d3d7d9b249af9b62cecc286d4df399	47674e28512acb27e6179baa8030a484a3d3d7d9b249af9b62cecc286d4df399	494dfe6e95c49ed7c3371d529ab6ecb1e59378848dffa856b10250aeea0ac366	4	false
bundles/org.eclipse.swt/Eclipse SWT PI/win32/org/eclipse/swt/internal/ole/win32/IStorage.java	7353f2937b8c3b64cd0ef51e1192e7def86bdac5d20f8662abfa91693ab7923e	7353f2937b8c3b64cd0ef51e1192e7def86bdac5d20f8662abfa91693ab7923e	8020ba637c1c78ec5c501a6287560e5793af4e1689d37b1ce8d279cd4f379bb2	21	false
bundles/org.eclipse.swt/Eclipse SWT PI/win32/org/eclipse/swt/internal/ole/win32/IStream.java	ab4eb947bb48ac51065fb7bea6c4c1f058ec3796445d8b9af824e158ce9091f3	ab4eb947bb48ac51065fb7bea6c4c1f058ec3796445d8b9af824e158ce9091f3	306f679671255a99a2bea0bd269b1318d7a29470826ee6edb10e780dec8d8aa9	8	false
bundles/org.eclipse.swt/Eclipse SWT PI/win32/org/eclipse/swt/internal/ole/win32/ITaskbarList3.java	7e472a336aafb30f102a98052d031218200d3c5924035b08945c63e2a5ffbc8f	7e472a336aafb30f102a98052d031218200d3c5924035b08945c63e2a5ffbc8f	c79ce97fe4840dc5970d528076c49a6265d144f6363532fa0f42fece116df8ab	8	false
bundles/org.eclipse.swt/Eclipse SWT PI/win32/org/eclipse/swt/internal/ole/win32/ITfDisplayAttributeInfo.java	e08e275d3a494d9aa0a62cbb555d0ab61c49fe8f117df9878734838d916213c2	e08e275d3a494d9aa0a62cbb555d0ab61c49fe8f117df9878734838d916213c2	e4b02532749a8fd09a78c7f14c1e3d587cd07be2f9fd5b59cc865a503097180d	4	false
bundles/org.eclipse.swt/Eclipse SWT PI/win32/org/eclipse/swt/internal/ole/win32/ITfDisplayAttributeProvider.java	0960d4ca76ae06cea8082472260a5e0180af53fe3ebc41f6a518aea292b140ba	0960d4ca76ae06cea8082472260a5e0180af53fe3ebc41f6a518aea292b140ba	be3a0de51edbad97fc33503331fdc475cf39462eaea8de14d3e46892d4705ad5	4	false
bundles/org.eclipse.swt/Eclipse SWT PI/win32/org/eclipse/swt/internal/ole/win32/ITfInputProcessorProfiles.java	abc6e3f7a351c00d9e6efb016246075e495a51aca57a3b91b062b43f7fadd459	abc6e3f7a351c00d9e6efb016246075e495a51aca57a3b91b062b43f7fadd459	954a7c32bf59d660bdafbff9db378ad10dfa45628036954a71fc2ad0fcb07c2d	4	false
bundles/org.eclipse.swt/Eclipse SWT PI/win32/org/eclipse/swt/internal/ole/win32/ITypeInfo.java	3d6bf5ae74b59a60352b193735f086bf2c466673f5b12448821d383d8a2c6d67	a73d424190855cd08c270200085ccbe9e3ba24c22b25278c73b55fcc11246dea	7fc7bcdf67571f424bf041470169cc39920a13f7ba18e632112907f6581a0e6b	96	true
bundles/org.eclipse.swt/Eclipse SWT PI/win32/org/eclipse/swt/internal/ole/win32/IUnknown.java	b7b8a4823cf5abcef0abeae5fe44556513e74d455703c04540ec2c9d15ae5591	b7b8a4823cf5abcef0abeae5fe44556513e74d455703c04540ec2c9d15ae5591	f4deb7cfb8d7821f7cfc2bdaea7217976e907b3111e69e919c481f120a233932	10	false
bundles/org.eclipse.swt/Eclipse SWT PI/win32/org/eclipse/swt/internal/ole/win32/IViewObject2.java	52c3ee075e63a6ccc273d44abccd02c699c662293fbf5785b8772f359003dc87	52c3ee075e63a6ccc273d44abccd02c699c662293fbf5785b8772f359003dc87	56d723bdc0bfc392d7e32f21333e633a1a43b8e117449cdc8706a798eeb5c3e7	6	false
bundles/org.eclipse.swt/Eclipse SWT PI/win32/org/eclipse/swt/internal/ole/win32/LICINFO.java	9d0a7e5f3c1c51050f16c8ce5cdb0eb41c30798110142ea630d34f49fd30ad30	9d0a7e5f3c1c51050f16c8ce5cdb0eb41c30798110142ea630d34f49fd30ad30	db9d4b450ad1b0f3f0ff78c3cf3bd18788ba0f7e4e5d771939ddfed4374dc7e5	0	false
bundles/org.eclipse.swt/Eclipse SWT PI/win32/org/eclipse/swt/internal/ole/win32/OLECMD.java	8f3c76698af5c21b9b89225890353467049767fe63494965d8e0a42079cc43bb	8f3c76698af5c21b9b89225890353467049767fe63494965d8e0a42079cc43bb	824590bc71b81aef50d932d82ddacd44541d141d2cf7ce296c351c0244fba1a8	0	false
bundles/org.eclipse.swt/Eclipse SWT PI/win32/org/eclipse/swt/internal/ole/win32/OLEINPLACEFRAMEINFO.java	ca8bc501c75ec7a6657b7b0e0778491d9d8a89545691cedb6c8463c00275ec53	ca8bc501c75ec7a6657b7b0e0778491d9d8a89545691cedb6c8463c00275ec53	a716b110367d3553fea785d2fb2ab53f20ff4e38d2fddd3167e2b529d7fb29f0	0	false
bundles/org.eclipse.swt/Eclipse SWT PI/win32/org/eclipse/swt/internal/ole/win32/STGMEDIUM.java	4103d3b8f5161db86c828a382cb04f67a08e207d690e4d9d4cab28882779f131	4103d3b8f5161db86c828a382cb04f67a08e207d690e4d9d4cab28882779f131	b4426471f205fe8a07d598f9b22235a5f18495e594e8e578fa112326586388aa	0	false
bundles/org.eclipse.swt/Eclipse SWT PI/win32/org/eclipse/swt/internal/ole/win32/TYPEATTR.java	f988929b8f98a2da999df8c80d2fbe59d333efb86181a6cb11c1b4eb5db08025	f988929b8f98a2da999df8c80d2fbe59d333efb86181a6cb11c1b4eb5db08025	628b051adfe7933f031f049b14033c45aa3a4924f4a1afbae8f065a6504ffa29	0	false
bundles/org.eclipse.swt/Eclipse SWT PI/win32/org/eclipse/swt/internal/ole/win32/VARDESC.java	15b90520a61a192ffc39c6e8333f6f090b5392177b804274e5e57fc56d4b267b	15b90520a61a192ffc39c6e8333f6f090b5392177b804274e5e57fc56d4b267b	0aa54fb33cc8a915df76882bb35ec8db05513c02cacbb5e4475e7a43b3417b8f	0	false
bundles/org.eclipse.swt/Eclipse SWT PI/win32/org/eclipse/swt/internal/ole/win32/VARIANT.java	5e638ff706778083efedc636b929b4c19ad35e0b7d34d2baaf6115aca59ea0ca	5e638ff706778083efedc636b929b4c19ad35e0b7d34d2baaf6115aca59ea0ca	a7654b116aa4723bfd1c6c77f65e04ce61938d80439f57251ad91dc9aecc8258	0	false
bundles/org.eclipse.swt/Eclipse SWT PI/win32/org/eclipse/swt/internal/win32/ACCEL.java	b069802ed44ff558588d45b727c293950c96745594c4c11bfaa571606e39057c	b069802ed44ff558588d45b727c293950c96745594c4c11bfaa571606e39057c	163958bc26eb45f831ed752c911b2ccaf683044d0863f569e76028ec51d0180e	0	false
bundles/org.eclipse.swt/Eclipse SWT PI/win32/org/eclipse/swt/internal/win32/ACTCTX.java	f410914976757a2d0fb0b5949ef3366e4a4ff6c4511e1b5ffe7f727cd8181d1d	f410914976757a2d0fb0b5949ef3366e4a4ff6c4511e1b5ffe7f727cd8181d1d	64a87e8c8c8cc6cdbf59169e12fb952ad73db3a70b2d374f305e4a8cf60f2f28	0	false
bundles/org.eclipse.swt/Eclipse SWT PI/win32/org/eclipse/swt/internal/win32/BITMAP.java	dd5030376db03ee1ac48f00291391369de0ac3d353c0c1c918fe0f1de5e21372	dd5030376db03ee1ac48f00291391369de0ac3d353c0c1c918fe0f1de5e21372	b4d4425eeb95c7ffcbed1be70bbb741f0b8c5420471f63c727732d4cbaacdffe	0	false
bundles/org.eclipse.swt/Eclipse SWT PI/win32/org/eclipse/swt/internal/win32/BITMAPINFOHEADER.java	884f2a5e083fbfd4f2a113cce5f4b48c5098a8ecea920f5f244019be37316ea9	884f2a5e083fbfd4f2a113cce5f4b48c5098a8ecea920f5f244019be37316ea9	c493ebde86da54d0100f44986c71e82a024d128902be7b44384888c7b625314a	0	false
bundles/org.eclipse.swt/Eclipse SWT PI/win32/org/eclipse/swt/internal/win32/BLENDFUNCTION.java	a2face19beb7de61cb243847f3ba9f424a671c7c6e6c8d1afba2f9c88e26b791	a2face19beb7de61cb243847f3ba9f424a671c7c6e6c8d1afba2f9c88e26b791	71aa7f8f5aec6b878003cb8c90b5cebd68c4c12cb9f9670aaf585dc1140b1b7f	0	false
bundles/org.eclipse.swt/Eclipse SWT PI/win32/org/eclipse/swt/internal/win32/BP_PAINTPARAMS.java	f4d3aa5b49338f8f329eeb8cc0265edd6ea277f3cb082ca110eed6b52fe024f1	f4d3aa5b49338f8f329eeb8cc0265edd6ea277f3cb082ca110eed6b52fe024f1	49ff1581ed5719affe9b1044e6df465b91426d7dbaf3487aedf43900c752a845	0	false
bundles/org.eclipse.swt/Eclipse SWT PI/win32/org/eclipse/swt/internal/win32/BUTTON_IMAGELIST.java	1d5b10d85c98dd0a83040f21a5cbb934f86353b5dae7efdd5bc13d1564d80f15	1d5b10d85c98dd0a83040f21a5cbb934f86353b5dae7efdd5bc13d1564d80f15	044f6fb63f148e334ea6bb0cbd57a623bec92dbb07cdf8686a0dfd8f0d0f77ea	0	false
bundles/org.eclipse.swt/Eclipse SWT PI/win32/org/eclipse/swt/internal/win32/CANDIDATEFORM.java	c9edc65026e3a0b77630a7fe7c2bbbf300897d2f8c4e7fd700b2d40f590a8f57	c9edc65026e3a0b77630a7fe7c2bbbf300897d2f8c4e7fd700b2d40f590a8f57	f02740b140ed11ee4bb6decd46e4c7011df36fbe5b3f57ea00f4b9b2c10fb54f	0	false
bundles/org.eclipse.swt/Eclipse SWT PI/win32/org/eclipse/swt/internal/win32/CHOOSECOLOR.java	fc349817257d5174aeca969b3537d5e87d9e40b351c88f32ef3acec4eb6243da	fc349817257d5174aeca969b3537d5e87d9e40b351c88f32ef3acec4eb6243da	8c2c145aacfbc5719b2e6ce6c35e08da182d03f258a33ea8870ec6af9a4484fa	0	false
bundles/org.eclipse.swt/Eclipse SWT PI/win32/org/eclipse/swt/internal/win32/CHOOSEFONT.java	07f0055fb0706552ae2f1d5e54d7b49f5c84bf8340d65bba2659c95eb6534e96	07f0055fb0706552ae2f1d5e54d7b49f5c84bf8340d65bba2659c95eb6534e96	d2c329d65320a6c4022d5009005d3fdd8639c0d0e3aed630247131d3445fbc0a	0	false
bundles/org.eclipse.swt/Eclipse SWT PI/win32/org/eclipse/swt/internal/win32/CIDA.java	26761a47a49a2cd1b06d06a49b049556a9387589d914e91edd1feb9ddc94b303	26761a47a49a2cd1b06d06a49b049556a9387589d914e91edd1feb9ddc94b303	7a793f83ce0e1a136b6e0601ba9195823e5ba0f775342c439413dac24ebffe80	0	false
bundles/org.eclipse.swt/Eclipse SWT PI/win32/org/eclipse/swt/internal/win32/COMBOBOXINFO.java	643f62daf01e35ea0fae7319336041a46cdbcc098f88f7ecd9b237eb292f5b0a	643f62daf01e35ea0fae7319336041a46cdbcc098f88f7ecd9b237eb292f5b0a	6470df6fe26a84dd33b73395fb3624bbed6f2a50ddfc0f9f7191894c211d810f	0	false
bundles/org.eclipse.swt/Eclipse SWT PI/win32/org/eclipse/swt/internal/win32/COMPOSITIONFORM.java	ca7823082b24da85640d49e92b589403e23917d8d9c60caad6bde4e0ff0613dc	ca7823082b24da85640d49e92b589403e23917d8d9c60caad6bde4e0ff0613dc	b2524ea8fcd9f35801a7899934e922eb2a565a47f6d93265becf63642c2269a3	0	false
bundles/org.eclipse.swt/Eclipse SWT PI/win32/org/eclipse/swt/internal/win32/CREATESTRUCT.java	b648554e4966ffaa0b46fc1f58598e8fd95afb19401afbf56238ec04d40b4428	b648554e4966ffaa0b46fc1f58598e8fd95afb19401afbf56238ec04d40b4428	f92b638bcc87ff1cb701d7bce02c2c29781ba8eb0b387e2aad54530d51c6e051	0	false
bundles/org.eclipse.swt/Eclipse SWT PI/win32/org/eclipse/swt/internal/win32/DEVMODE.java	0b4b11f5f7dbb73a66ab5c89fdbaf5448abc102b1eed04842bb8601d134306c7	0b4b11f5f7dbb73a66ab5c89fdbaf5448abc102b1eed04842bb8601d134306c7	9ca678cc42ff1425d1696f4bd2b1534276d564e6b5983c89dfdc2cc516bf4f9c	0	false
bundles/org.eclipse.swt/Eclipse SWT PI/win32/org/eclipse/swt/internal/win32/DIBSECTION.java	81cfd3c78f57404f26e28c1ae4525080df74cb5de3bb1b703b82cd9d85029f12	81cfd3c78f57404f26e28c1ae4525080df74cb5de3bb1b703b82cd9d85029f12	a0529c45b7efaedf20b241803f8c3b9b33248a70a8bd466bb410764ddeb9bd4a	0	false
bundles/org.eclipse.swt/Eclipse SWT PI/win32/org/eclipse/swt/internal/win32/DOCHOSTUIINFO.java	5ea6fa50b756b8df09870da8f615e12c18dfec86cce14dde8d7cbb9948e3b39e	5ea6fa50b756b8df09870da8f615e12c18dfec86cce14dde8d7cbb9948e3b39e	9c919d2c783d2c91a73abb16a01870703274d0707d2ede303ed8d4a2c9d79b18	0	false
bundles/org.eclipse.swt/Eclipse SWT PI/win32/org/eclipse/swt/internal/win32/DOCINFO.java	c081abc612c3aac31e8f760ddca237e45920c20185399cad6f86c438096a7638	c081abc612c3aac31e8f760ddca237e45920c20185399cad6f86c438096a7638	1e311529fe472450a49a398f46b443cdea05240c2b2d66ebd53a15bc57e32222	0	false
bundles/org.eclipse.swt/Eclipse SWT PI/win32/org/eclipse/swt/internal/win32/DRAWITEMSTRUCT.java	792dc6801d41ac297a167e42b32971a48f528af53b23529533fb98e3243091b4	792dc6801d41ac297a167e42b32971a48f528af53b23529533fb98e3243091b4	4a7f03c0a97689ccbd2034bd36a02e40483082616025a02ba866c062e90de391	0	false
bundles/org.eclipse.swt/Eclipse SWT PI/win32/org/eclipse/swt/internal/win32/DROPFILES.java	5c66eef4a8adcd6df46505f7a12b036c4d292d2ec612879d96b428ee8b48bffe	5c66eef4a8adcd6df46505f7a12b036c4d292d2ec612879d96b428ee8b48bffe	a2f1d7c03921d4f2ece770cf849e33e2458be1c89ebdbc43f556045c49341a54	0	false
bundles/org.eclipse.swt/Eclipse SWT PI/win32/org/eclipse/swt/internal/win32/EMR.java	9ca50f711797b6b5be7894c4644c4a4e2f1a0d49366fcc7c686704d33e340de1	9ca50f711797b6b5be7894c4644c4a4e2f1a0d49366fcc7c686704d33e340de1	05f0eb3e376e0214698b3f3a9647863bfd08b674c1feb6f9d862973fecec18bb	0	false
bundles/org.eclipse.swt/Eclipse SWT PI/win32/org/eclipse/swt/internal/win32/EMREXTCREATEFONTINDIRECTW.java	2ff63413309c37c4355ca6dfa7d565b788c1983c33f278f1869708f73403585c	2ff63413309c37c4355ca6dfa7d565b788c1983c33f278f1869708f73403585c	86c7f52533a4332cb4e5dc29208e0b995bfdbff87282c90d441ca550228160fc	0	false
bundles/org.eclipse.swt/Eclipse SWT PI/win32/org/eclipse/swt/internal/win32/EXTLOGFONTW.java	04ee6fc931f88459bfbba51337c52cdc11c4406eaa45b136afee1ec0ceb46824	04ee6fc931f88459bfbba51337c52cdc11c4406eaa45b136afee1ec0ceb46824	9b7fe6d29cb7dc6905f737c6b79a412c63c1271ff32f07f25bcb4f9df3e30ebd	0	false
bundles/org.eclipse.swt/Eclipse SWT PI/win32/org/eclipse/swt/internal/win32/FLICK_DATA.java	3ad5e183288d3499f5d2dec2fd639f8e0bb7aeb87df804dfbbda32250ae4e49e	3ad5e183288d3499f5d2dec2fd639f8e0bb7aeb87df804dfbbda32250ae4e49e	f2f5ced38e46f0c62d0eb64155c0885e835b4c9a3df64c3534f4ef857b2f7963	0	false
bundles/org.eclipse.swt/Eclipse SWT PI/win32/org/eclipse/swt/internal/win32/FLICK_POINT.java	f3ac00e0608e5a8a34957ea8a54a3f713951900953dcc8e25cdb7fb69b07aea5	f3ac00e0608e5a8a34957ea8a54a3f713951900953dcc8e25cdb7fb69b07aea5	01619cb38b7c8918b4787c2a8324a002c17fbb6fc6fce0065429338c7f39961a	0	false
bundles/org.eclipse.swt/Eclipse SWT PI/win32/org/eclipse/swt/internal/win32/GCP_RESULTS.java	1fc80d739d7e8fc2e403eddcd2b47d152cc6531c2a68933953fb1766546027eb	1fc80d739d7e8fc2e403eddcd2b47d152cc6531c2a68933953fb1766546027eb	2d21ca623125949b68ead0b83c1888ef47607104e95c8b628d00a6308234c6e8	0	false
bundles/org.eclipse.swt/Eclipse SWT PI/win32/org/eclipse/swt/internal/win32/GESTURECONFIG.java	99b7f2e0e3aeffcb04d39bc8f1cf3cff180d32b3dd50691e803eaf3847183f55	99b7f2e0e3aeffcb04d39bc8f1cf3cff180d32b3dd50691e803eaf3847183f55	ef03edc07a1af1929aeecc8eba4a7ef1f940e6efc3505b1dabaf2274de03ef02	0	false
bundles/org.eclipse.swt/Eclipse SWT PI/win32/org/eclipse/swt/internal/win32/GESTUREINFO.java	98ce842f6ba1f262c531f8d2d3781df1450c1848aa6f388213a9d8c1e4118253	98ce842f6ba1f262c531f8d2d3781df1450c1848aa6f388213a9d8c1e4118253	e60b79a567e810e1a9113ac8d2e6318bdbb1d29f721f68148a09ab43a91a261f	0	false
bundles/org.eclipse.swt/Eclipse SWT PI/win32/org/eclipse/swt/internal/win32/GRADIENT_RECT.java	6fde354c81b34dba1208d72e769b2f52472ba7c7bff40cd2feef68b5b6dc0300	6fde354c81b34dba1208d72e769b2f52472ba7c7bff40cd2feef68b5b6dc0300	de21fcbdd4b7a8af5397a899a497addb8ef4534241d5e26360525e7d7d559942	0	false
bundles/org.eclipse.swt/Eclipse SWT PI/win32/org/eclipse/swt/internal/win32/GUITHREADINFO.java	5ec4d6e9e8690a1d4ee13f7a5621e0138b715075352abbfa79096afa21da39c5	5ec4d6e9e8690a1d4ee13f7a5621e0138b715075352abbfa79096afa21da39c5	d7faaf371e0cb1c9ec7ceb1eaaceb00385599efed4b2797a013f69dcec985f42	0	false
bundles/org.eclipse.swt/Eclipse SWT PI/win32/org/eclipse/swt/internal/win32/HDHITTESTINFO.java	b0a5d3aa763b00e92183c4b57af69e0a2b7ac1f37f11b296ea498ceb15fcee22	b0a5d3aa763b00e92183c4b57af69e0a2b7ac1f37f11b296ea498ceb15fcee22	ab49070959009d609043afad6d65b5877ba41c7709f5a486599ac394d5b951f4	0	false
bundles/org.eclipse.swt/Eclipse SWT PI/win32/org/eclipse/swt/internal/win32/HDITEM.java	4ef3352ee9ad925f948b13e8bbfe3351145b0d828135b5dca91bc8511569c491	4ef3352ee9ad925f948b13e8bbfe3351145b0d828135b5dca91bc8511569c491	e52bde08b52815a769b91ac45c60331f24a837dad9273878b37049c5f5add405	0	false
bundles/org.eclipse.swt/Eclipse SWT PI/win32/org/eclipse/swt/internal/win32/HDLAYOUT.java	a507a1b3354bc5057294495a2c0854fd554b28625798f187643593e5cf19f120	a507a1b3354bc5057294495a2c0854fd554b28625798f187643593e5cf19f120	4241fdf8a341d6665c4ccf91117aced2ceec589e312086d9e8dfadc3bc00d3e5	0	false
bundles/org.eclipse.swt/Eclipse SWT PI/win32/org/eclipse/swt/internal/win32/HELPINFO.java	710d084c1df1fbf6be07a7720bbce2e6a37b896083e473c186cce14de1fd4584	710d084c1df1fbf6be07a7720bbce2e6a37b896083e473c186cce14de1fd4584	4c87759cc829382907bb23de0b99bbe048b5acf62037a131b46f48cfe1603f73	0	false
bundles/org.eclipse.swt/Eclipse SWT PI/win32/org/eclipse/swt/internal/win32/HIGHCONTRAST.java	4406abc18187f8015a95a5858d2252747333c7320158b28b7ea9f0eb99cf3ca9	4406abc18187f8015a95a5858d2252747333c7320158b28b7ea9f0eb99cf3ca9	135bc8ff1842ac0cf7f90a3bf4cd6dbc2ceb4a7801996ee275411e0fa44c9977	0	false
bundles/org.eclipse.swt/Eclipse SWT PI/win32/org/eclipse/swt/internal/win32/ICONINFO.java	ba3ffed3631edda342c276750fc9cb2788a0fa15495bce54fc3bc6cb699d0892	ba3ffed3631edda342c276750fc9cb2788a0fa15495bce54fc3bc6cb699d0892	d820c3a2de939637af5b2a9820dc98f4b8fa134803da74b1e54dbbb189229cf0	0	false
bundles/org.eclipse.swt/Eclipse SWT PI/win32/org/eclipse/swt/internal/win32/INITCOMMONCONTROLSEX.java	51dbed5be21262e70b86a5d5a86f06df1e38b04a2475d2f11ef9da3c6238a459	51dbed5be21262e70b86a5d5a86f06df1e38b04a2475d2f11ef9da3c6238a459	20c51738e73a33e02a0de6f8fd7fd507e631488f1b274a03ae971a9338e3b2a5	0	false
bundles/org.eclipse.swt/Eclipse SWT PI/win32/org/eclipse/swt/internal/win32/INPUT.java	d25e9be5f74a6577ddd0986e791dc2cdeef85b362214d624562babfc2f77ff70	d25e9be5f74a6577ddd0986e791dc2cdeef85b362214d624562babfc2f77ff70	842f18dceb19c474dd70fb91645844a565d597afeb37e5cb651f6ed01c6b83fe	0	false
bundles/org.eclipse.swt/Eclipse SWT PI/win32/org/eclipse/swt/internal/win32/KEYBDINPUT.java	3b9e4df9d0d638cf80ac92259532ec19f68ad21469a42d2a8feb140ceae28d5f	3b9e4df9d0d638cf80ac92259532ec19f68ad21469a42d2a8feb140ceae28d5f	01243dca0ffbf5d2f9228abd1549632ae4473530c387b99ac9b63126be2b1694	0	false
bundles/org.eclipse.swt/Eclipse SWT PI/win32/org/eclipse/swt/internal/win32/LITEM.java	5da6edb4b38b83b636a8f24a977d0979d7d6bcef18c2fd05fa2cd3219a225815	5da6edb4b38b83b636a8f24a977d0979d7d6bcef18c2fd05fa2cd3219a225815	5a2f341d5ca54501d794d4fc3ab647acf32e56a8a40b299e0ecb10e4f44d26e7	0	false
bundles/org.eclipse.swt/Eclipse SWT PI/win32/org/eclipse/swt/internal/win32/LOGBRUSH.java	6b1ca13a9f0903310228d1cc5b8fde6241f73b7a1c7032420c110e89aac408ff	6b1ca13a9f0903310228d1cc5b8fde6241f73b7a1c7032420c110e89aac408ff	5f45dc4d87d0fc637b31eaa11931f3162e35ad6862b8fb7c1eff7a90da29fabb	0	false
bundles/org.eclipse.swt/Eclipse SWT PI/win32/org/eclipse/swt/internal/win32/LOGFONT.java	5cb2100e04f69acda56d8ed2e098f9d29fa70e1566cd9c3623f3ad85b45a4d7d	5cb2100e04f69acda56d8ed2e098f9d29fa70e1566cd9c3623f3ad85b45a4d7d	8d8e1145049cbb2324bdf3b004b95923b754f2008e66844320c0bdef594ce0f6	0	false
bundles/org.eclipse.swt/Eclipse SWT PI/win32/org/eclipse/swt/internal/win32/LRESULT.java	805b415728783d018329dc8f942e1984da5a48ce9df0774ee4af3c379155c404	805b415728783d018329dc8f942e1984da5a48ce9df0774ee4af3c379155c404	e218736f4f84a516d162e240f84cc9acc4862ab56bc5397e0a53dbf45b07bdcc	2	false
bundles/org.eclipse.swt/Eclipse SWT PI/win32/org/eclipse/swt/internal/win32/LVCOLUMN.java	93247ef50d6f3505d1b71d3d1b7734c2df6fe887033891848a1c4cbcbd72bf9d	93247ef50d6f3505d1b71d3d1b7734c2df6fe887033891848a1c4cbcbd72bf9d	93409eab3593accd0629c62caafdd04746cc33d8eab7321c5221839bf980a859	0	false
bundles/org.eclipse.swt/Eclipse SWT PI/win32/org/eclipse/swt/internal/win32/LVHITTESTINFO.java	bba0e9010265534626ab11a56e0b36732f32debe5cef599027f0c3309ce79b56	bba0e9010265534626ab11a56e0b36732f32debe5cef599027f0c3309ce79b56	30bc03597c8e8f92362cde2f9c3cf2a6273fab533b669977e81f03ab55cc2fd0	0	false
bundles/org.eclipse.swt/Eclipse SWT PI/win32/org/eclipse/swt/internal/win32/LVINSERTMARK.java	7c9fd4253ae189df5f9376aca471d989aa6dc87a19d655c1e5992f98d5a24118	7c9fd4253ae189df5f9376aca471d989aa6dc87a19d655c1e5992f98d5a24118	ab7de69d3d858a949c67b14f6012bcb9aa7eb4ce802342e592604c8581505b55	0	false
bundles/org.eclipse.swt/Eclipse SWT PI/win32/org/eclipse/swt/internal/win32/LVITEM.java	850ad1a970d0f0ba6ba0368a02d241b4d9bddae37aa8e1fd3408295ddf34cfac	850ad1a970d0f0ba6ba0368a02d241b4d9bddae37aa8e1fd3408295ddf34cfac	eae8db9656a6b8482f68986b714795cc04afcfb2763f67f598493fa19057ebbf	0	false
bundles/org.eclipse.swt/Eclipse SWT PI/win32/org/eclipse/swt/internal/win32/MARGINS.java	68735286d23cea005ffb30048fa433a33c2e3807156918d8be9d1dbb6b8cdc22	68735286d23cea005ffb30048fa433a33c2e3807156918d8be9d1dbb6b8cdc22	128723d717ba144d4f5daf9d4b1d19522d01329cbd6f59eca1bff7be5f2b1397	0	false
bundles/org.eclipse.swt/Eclipse SWT PI/win32/org/eclipse/swt/internal/win32/MCHITTESTINFO.java	0b35139eab3df05b86638ff7c8115e5c983df69aedd936cabf14565b46ffd75f	0b35139eab3df05b86638ff7c8115e5c983df69aedd936cabf14565b46ffd75f	ef279ae01c2e874f1f7dbf671859a8aa29761a35383396999eaf3c3130ede22a	0	false
bundles/org.eclipse.swt/Eclipse SWT PI/win32/org/eclipse/swt/internal/win32/MEASUREITEMSTRUCT.java	c945e39566558317a401796029db6fc764afb4871c33882f043daa75a1816912	c945e39566558317a401796029db6fc764afb4871c33882f043daa75a1816912	7434a0245cd311d29976b406bd1cec986d06b3c77dbe2883b043b2a70edafd83	0	false
bundles/org.eclipse.swt/Eclipse SWT PI/win32/org/eclipse/swt/internal/win32/MENUBARINFO.java	0cef5c57ef46c4e3c7c1188e345c1d654351c75893adaab1c4f0d27dc5a1f9aa	0cef5c57ef46c4e3c7c1188e345c1d654351c75893adaab1c4f0d27dc5a1f9aa	2b95333e5cfaabdac1aa62b0479cd0800b32bd763264419b3ca8d32893b61ac3	0	false
bundles/org.eclipse.swt/Eclipse SWT PI/win32/org/eclipse/swt/internal/win32/MENUINFO.java	c0bcacf1866a9e7ba9b12fa3e94da7d210ded07c85e1194cdf79d30ccfaa215d	c0bcacf1866a9e7ba9b12fa3e94da7d210ded07c85e1194cdf79d30ccfaa215d	db87faba3d26879e82abeaac5521979c1cdc01a517a515263e752429c856b561	0	false
bundles/org.eclipse.swt/Eclipse SWT PI/win32/org/eclipse/swt/internal/win32/MENUITEMINFO.java	156fa36362144c7a01398c53a100a4b2f598c255d8ade3c201a9d6ec16813026	156fa36362144c7a01398c53a100a4b2f598c255d8ade3c201a9d6ec16813026	a75e9faa00a1b9c2c3a17aec5f1b7c5b34eda4511582171844b37812c283b1cc	0	false
bundles/org.eclipse.swt/Eclipse SWT PI/win32/org/eclipse/swt/internal/win32/MINMAXINFO.java	ae48503b3a21b60b03c30549dd5f4d13bf50d171606485d856292bc54ba52781	ae48503b3a21b60b03c30549dd5f4d13bf50d171606485d856292bc54ba52781	88298adc4a827790771cf24d71b8b3f2e67ad0c2282be381ff6d958a38ea62d6	0	false
bundles/org.eclipse.swt/Eclipse SWT PI/win32/org/eclipse/swt/internal/win32/MONITORINFO.java	75d549411fd13836ad64590d47b9039be95e35a299e956492e2a99be6c6e1594	75d549411fd13836ad64590d47b9039be95e35a299e956492e2a99be6c6e1594	f80646a811d1e8f14b02d76b55cd931161e7e1b3100020d89fcf0ed0e951e16c	0	false
bundles/org.eclipse.swt/Eclipse SWT PI/win32/org/eclipse/swt/internal/win32/MOUSEINPUT.java	4664a27fa57be78780ef26cc3f96a3a855aab2e296c1a4506ada387ceb0b1484	4664a27fa57be78780ef26cc3f96a3a855aab2e296c1a4506ada387ceb0b1484	8cab05ef0d79e0fc04d4f82b6cea1e64000f6c00313a94f5a439d2201804f595	0	false
bundles/org.eclipse.swt/Eclipse SWT PI/win32/org/eclipse/swt/internal/win32/MSG.java	35fba81a5e0f97e6e2394ee4869025c6a7616fb1e5df869c5854f09f0812274e	35fba81a5e0f97e6e2394ee4869025c6a7616fb1e5df869c5854f09f0812274e	fde877cbe7c63ceb9d0c0b47738c18d852e46055e392d1a04252e7c84eb0a7e1	0	false
bundles/org.eclipse.swt/Eclipse SWT PI/win32/org/eclipse/swt/internal/win32/NMCUSTOMDRAW.java	a296575b15c6d129ec8e8f41f4a9dd73e58bfa0027bb70151dbc63b61371a3bb	a296575b15c6d129ec8e8f41f4a9dd73e58bfa0027bb70151dbc63b61371a3bb	117ac5a342f1ba361a6635eb9929347b8fbaf266c7f9cb52c147fd62edcb2603	0	false
bundles/org.eclipse.swt/Eclipse SWT PI/win32/org/eclipse/swt/internal/win32/NMHDR.java	04ff05e9f6152e10c9d751e6f3ce1a7ccf9889b867a0d02a14915b7e3634b0db	04ff05e9f6152e10c9d751e6f3ce1a7ccf9889b867a0d02a14915b7e3634b0db	8d490dca0f5b11b9d41dcf15b018a46c7b419fed6d0c1d3f2c2ca4aea0ccf10a	0	false
bundles/org.eclipse.swt/Eclipse SWT PI/win32/org/eclipse/swt/internal/win32/NMHEADER.java	59c48f19264473ef485b06f5600b3ef1a3eb10c364b43941a51cff24465de8d3	59c48f19264473ef485b06f5600b3ef1a3eb10c364b43941a51cff24465de8d3	6e3db76612daff9827b7ee845fe63776a3853aad76910cbe13be1d1de701b058	0	false
bundles/org.eclipse.swt/Eclipse SWT PI/win32/org/eclipse/swt/internal/win32/NMLINK.java	92266cceca4086226b29052ec68f9a3ac35dcdf3ca436f26eedee58a446747bf	92266cceca4086226b29052ec68f9a3ac35dcdf3ca436f26eedee58a446747bf	3c9a8b1c38be72f8c044d02d94a4884f2863964d9ef391962ef0dea26fc5593b	0	false
bundles/org.eclipse.swt/Eclipse SWT PI/win32/org/eclipse/swt/internal/win32/NMLISTVIEW.java	f73564643a432452e474a8da312bd1926585fda42bec09e61709dc224a53472a	f73564643a432452e474a8da312bd1926585fda42bec09e61709dc224a53472a	e375c79bc54183f12334ad1804116512aa3eb8335d8d550052e348d589e5745c	0	false
bundles/org.eclipse.swt/Eclipse SWT PI/win32/org/eclipse/swt/internal/win32/NMLVCUSTOMDRAW.java	7b66d11377958c799bb0db61c60d8fa72479c972b1bf73ccb72078c3f220aee8	7b66d11377958c799bb0db61c60d8fa72479c972b1bf73ccb72078c3f220aee8	d3db76423daa5ae756c29bfbf4c3c3d104c90b6fff063bcf97000bee6f7921ea	0	false
bundles/org.eclipse.swt/Eclipse SWT PI/win32/org/eclipse/swt/internal/win32/NMLVDISPINFO.java	ccaeaca6989be6f798bca4df880071fc9003bd9c339dc23e59ffc5d9eb25f00d	ccaeaca6989be6f798bca4df880071fc9003bd9c339dc23e59ffc5d9eb25f00d	b5476b8bec819f5c823003000a51489b0f9e098416b0627057bfe75bb6b6b84e	0	false
bundles/org.eclipse.swt/Eclipse SWT PI/win32/org/eclipse/swt/internal/win32/NMLVFINDITEM.java	f6a4bf173a5740278551d7468838d8dae0f9462faced0f2ffe71e3337c764d8c	f6a4bf173a5740278551d7468838d8dae0f9462faced0f2ffe71e3337c764d8c	0aac1e0a7a7937f57483dbe1e81b7cc3c422e32d5961977073a7590795e8bba7	0	false
bundles/org.eclipse.swt/Eclipse SWT PI/win32/org/eclipse/swt/internal/win32/NMLVODSTATECHANGE.java	7b36ee8eb46d932115d231bef17c7fd1b988d0202e0a682a69bcbca295bc17ec	7b36ee8eb46d932115d231bef17c7fd1b988d0202e0a682a69bcbca295bc17ec	e00500cd29ed6734923f85c5fc3e2efd3d95194067ec2cf5421b98fa37f2366c	0	false
bundles/org.eclipse.swt/Eclipse SWT PI/win32/org/eclipse/swt/internal/win32/NMREBARCHEVRON.java	2c4e78ed64d7a16ea4646e0fbd72ded6c6cc4eaf92369bc9a143ca6e14fb12db	2c4e78ed64d7a16ea4646e0fbd72ded6c6cc4eaf92369bc9a143ca6e14fb12db	6b230d0f27778ed84384b4455147eb427b47cdba4268e4b55ad0af53f4372741	0	false
bundles/org.eclipse.swt/Eclipse SWT PI/win32/org/eclipse/swt/internal/win32/NMREBARCHILDSIZE.java	cdb4cf3c3a218c02d02ad698840765c82863e80f6a1618a850e347a6ff4c8eec	cdb4cf3c3a218c02d02ad698840765c82863e80f6a1618a850e347a6ff4c8eec	e47c3fa6c1fa114ba171b66015b4121783e9e60f504ba7ef44f164605a69ff00	0	false
bundles/org.eclipse.swt/Eclipse SWT PI/win32/org/eclipse/swt/internal/win32/NMTBCUSTOMDRAW.java	ab075f11f12d6a62eaa63d9f73b31fd733fb4a2838b2403b931c0fa064c10cef	ab075f11f12d6a62eaa63d9f73b31fd733fb4a2838b2403b931c0fa064c10cef	8563daffc6c4fe7bf1ada804eba151d75e6d3add21d30040ad60f98ab1f02231	0	false
bundles/org.eclipse.swt/Eclipse SWT PI/win32/org/eclipse/swt/internal/win32/NMTBHOTITEM.java	df3e7b51b7de529f613aa90be14b0ff7375b9834f7f7bec9216c25b7f43f3a4d	df3e7b51b7de529f613aa90be14b0ff7375b9834f7f7bec9216c25b7f43f3a4d	ea697347cf5471f82de8fd91b8d3b58cd1e1482aff51440734fa71c0b204e330	0	false
bundles/org.eclipse.swt/Eclipse SWT PI/win32/org/eclipse/swt/internal/win32/NMTOOLBAR.java	2f5a4b0839a95c74f4fdba85fede9f44055789a949c793b10824a0d06f43a49e	2f5a4b0839a95c74f4fdba85fede9f44055789a949c793b10824a0d06f43a49e	1ffd60717134631beae66e8200ae78a5d778f1678165a52a9f63b7558a672927	0	false
bundles/org.eclipse.swt/Eclipse SWT PI/win32/org/eclipse/swt/internal/win32/NMTREEVIEW.java	57dec97369a352f005e817ba4ade25c0690d88359ad0dfb419f0110020769a75	57dec97369a352f005e817ba4ade25c0690d88359ad0dfb419f0110020769a75	0d22816592ae45a560ed374c012596757d1a2821a8bb2d19f724b1af8596ecc5	0	false
bundles/org.eclipse.swt/Eclipse SWT PI/win32/org/eclipse/swt/internal/win32/NMTTCUSTOMDRAW.java	feca7f2e49f2830bfd8c25389fbaa98f38cc3ce91b21579f1c2fbc61d87ada92	feca7f2e49f2830bfd8c25389fbaa98f38cc3ce91b21579f1c2fbc61d87ada92	bcd9e69cf2958ecafd94ca89f1cd5a5a454c892c61c83770db0ec55d6a87ff8c	0	false
bundles/org.eclipse.swt/Eclipse SWT PI/win32/org/eclipse/swt/internal/win32/NMTTDISPINFO.java	8ad3ac4135973467ed8ef710c33af504cc6346d37822b50b17c249c0efa1e852	8ad3ac4135973467ed8ef710c33af504cc6346d37822b50b17c249c0efa1e852	03a47b7189e030d942585f29b9e401a11654aa5bb8060c894e46543ed81bdb34	0	false
bundles/org.eclipse.swt/Eclipse SWT PI/win32/org/eclipse/swt/internal/win32/NMTVCUSTOMDRAW.java	b6f3b94abb95be51881440c3875b2b7958a498fb99d683f80de428220554097b	b6f3b94abb95be51881440c3875b2b7958a498fb99d683f80de428220554097b	f1c8a9e977c5ccdcc3ac9b20a95c624084d13c7d0d13408d6d9959fb363aa467	0	false
bundles/org.eclipse.swt/Eclipse SWT PI/win32/org/eclipse/swt/internal/win32/NMTVDISPINFO.java	88f3b57d0e380906aff3a52a6c63679f4cfcbb13088ad977c9d1da96bd5c50a3	88f3b57d0e380906aff3a52a6c63679f4cfcbb13088ad977c9d1da96bd5c50a3	5f64989c26d648a14d8c8e522b1d008d058157a19b8e8ff5c6b0637bb7ba8097	0	false
bundles/org.eclipse.swt/Eclipse SWT PI/win32/org/eclipse/swt/internal/win32/NMTVITEMCHANGE.java	f8c931cdfcd66e9a9bc7dd56d2d7962edf66794952d2b477af3e866d51f0263d	f8c931cdfcd66e9a9bc7dd56d2d7962edf66794952d2b477af3e866d51f0263d	6e49dff6328b4c4adcedaf39daaf3a8036e3e08ab79b08ad522e1e5fbb57bab8	0	false
bundles/org.eclipse.swt/Eclipse SWT PI/win32/org/eclipse/swt/internal/win32/NMUPDOWN.java	c842d4cb7feefd238c121481693ab744817b3bc55237e5477fb2634dbfcd88a0	c842d4cb7feefd238c121481693ab744817b3bc55237e5477fb2634dbfcd88a0	66791cfeacaee178daf79fef2c86cbc3ac43aa7c91aede8bd7f324e4700d1cb4	0	false
bundles/org.eclipse.swt/Eclipse SWT PI/win32/org/eclipse/swt/internal/win32/NONCLIENTMETRICS.java	a5db57aa2829da76c6821fcd4852d6fb49150558ab13c9df5991774c3519f73a	a5db57aa2829da76c6821fcd4852d6fb49150558ab13c9df5991774c3519f73a	ab5e8ebca8c0771816f598961340a8b3b48b54c97e08478de6fa2e86a03dd5b4	0	false
bundles/org.eclipse.swt/Eclipse SWT PI/win32/org/eclipse/swt/internal/win32/NOTIFYICONDATA.java	864147c92e1e91aca15c72dbd219ff76a4c507b77b50a91ff6040827d4953bb3	864147c92e1e91aca15c72dbd219ff76a4c507b77b50a91ff6040827d4953bb3	e4d4d0680a4f817ab8099672ccd15b5c8334ccfc755b88c115dbc4ee472d9113	0	false
bundles/org.eclipse.swt/Eclipse SWT PI/win32/org/eclipse/swt/internal/win32/OS.java	39252ab419c7d4dc13e87034ef3e73cc75e8bb445cc711823a218978f81d44de	fe016985d9df0286e7216b00c48b80a763ab9d113364cc15c458e2d5cc0e052d	d91e560b1d492c95107a78d11e8f9b86a9f24fcf4cdc8626a6230eee773e0ec2	227	true
bundles/org.eclipse.swt/Eclipse SWT PI/win32/org/eclipse/swt/internal/win32/OUTLINETEXTMETRIC.java	839606a019a81ff063af99c2c0493d5ea10036748a80f9b9c7e04e17510f1214	839606a019a81ff063af99c2c0493d5ea10036748a80f9b9c7e04e17510f1214	46568c3cc63c8160b4ccea7b471010685e9184d1bbdd403b3869dce42a9ac96d	0	false
bundles/org.eclipse.swt/Eclipse SWT PI/win32/org/eclipse/swt/internal/win32/PAINTSTRUCT.java	0e3793f627c273e6b0d381b48b3bd4634f6f17a01b7aaed7e16819dacc9a6aa0	0e3793f627c273e6b0d381b48b3bd4634f6f17a01b7aaed7e16819dacc9a6aa0	8203aaeb6a5cd3d370028311912edafdba68608f28e6447259f16538d1564faf	0	false
bundles/org.eclipse.swt/Eclipse SWT PI/win32/org/eclipse/swt/internal/win32/POINT.java	2d6ccfe44749e33d1f27d8a6f69670734402d0748901e11b9d8699cd75501215	2d6ccfe44749e33d1f27d8a6f69670734402d0748901e11b9d8699cd75501215	45763de7107bc0d70dcddc1d9d123790ce638bf28ce3027e5ef88ae9ad35111d	0	false
bundles/org.eclipse.swt/Eclipse SWT PI/win32/org/eclipse/swt/internal/win32/PRINTDLG.java	46c55dd0896ec88bf4c15904b284b426fca28a5bb66f2552ebeb3f30bc87e928	46c55dd0896ec88bf4c15904b284b426fca28a5bb66f2552ebeb3f30bc87e928	eee9415e60778a073027271f63594935c7a2eaf2ef0e883d0954814c91584bdc	0	false
bundles/org.eclipse.swt/Eclipse SWT PI/win32/org/eclipse/swt/internal/win32/PROCESS_INFORMATION.java	fa87e8bd40c193c2e8a3a3277b5e0585cf3d2382c4a612aa751dcc3669629ab4	fa87e8bd40c193c2e8a3a3277b5e0585cf3d2382c4a612aa751dcc3669629ab4	f60f64168d46f8d8b7320090cc6c1458edfd2663126e3d8affddf57d03520f02	0	false
bundles/org.eclipse.swt/Eclipse SWT PI/win32/org/eclipse/swt/internal/win32/PROPERTYKEY.java	9a59cd246346c62fabb50997130c5fad052e0bf74a2228f680cbc9b82d2f31be	9a59cd246346c62fabb50997130c5fad052e0bf74a2228f680cbc9b82d2f31be	759a28b68372ebd4c7e2d7b00f7550d6d683b6b5e66a75058fd6121f5c576ddc	0	false
bundles/org.eclipse.swt/Eclipse SWT PI/win32/org/eclipse/swt/internal/win32/REBARBANDINFO.java	1b279a20c043a6cd146c03a35944320afe0ad637b463dddc40f5839f46c015f5	1b279a20c043a6cd146c03a35944320afe0ad637b463dddc40f5839f46c015f5	b48d5733f0e21232fe82cc3a98ba51529990c3a486c4f03d366c07891b7ec5f8	0	false
bundles/org.eclipse.swt/Eclipse SWT PI/win32/org/eclipse/swt/internal/win32/RECT.java	5bd6251b9875895951e5179f33b4bfc352bf8105a05c1f5922ef1b6d921a9143	5bd6251b9875895951e5179f33b4bfc352bf8105a05c1f5922ef1b6d921a9143	1cd4fd7a5cdbec16e246e7f86f46180ec1bceb5038c72a971ff0f4d2413c4de1	6	false
bundles/org.eclipse.swt/Eclipse SWT PI/win32/org/eclipse/swt/internal/win32/SAFEARRAY.java	eefb94112c79aa05f2f86eba88b7be27811ea717f017ac13b78a0b39b57301cf	eefb94112c79aa05f2f86eba88b7be27811ea717f017ac13b78a0b39b57301cf	93b48237b3289d546cad7e419e89ab433c3dc3855b71fcfc05c0ab63a97dc4af	0	false
bundles/org.eclipse.swt/Eclipse SWT PI/win32/org/eclipse/swt/internal/win32/SAFEARRAYBOUND.java	1387c1eb45df14b9902a6f8654f2e0272d1e1157464d2f754ee65230d0fd1fad	1387c1eb45df14b9902a6f8654f2e0272d1e1157464d2f754ee65230d0fd1fad	01e6598d5f83092cdf2654d3bb40383028c735b2d6df0899b73ee593ff5b2ab0	0	false
bundles/org.eclipse.swt/Eclipse SWT PI/win32/org/eclipse/swt/internal/win32/SCRIPT_ANALYSIS.java	e84476567d5fcfac7014f88114d3f58239e98ed4a891727c56bf2574c3665673	e84476567d5fcfac7014f88114d3f58239e98ed4a891727c56bf2574c3665673	9f2d398c34b3e38d1bb9deceb276548ca0001fa3bbb0d250df3fbdf69d06f8f3	0	false
bundles/org.eclipse.swt/Eclipse SWT PI/win32/org/eclipse/swt/internal/win32/SCRIPT_CONTROL.java	884abd4504d48029a449c39caa502ede1c8bb9984419f383a362b0df284dc1f4	884abd4504d48029a449c39caa502ede1c8bb9984419f383a362b0df284dc1f4	20394fcc264afc002d043511628e48dd93cfe85a0302d8a242db0794d4c58b07	0	false
bundles/org.eclipse.swt/Eclipse SWT PI/win32/org/eclipse/swt/internal/win32/SCRIPT_FONTPROPERTIES.java	1e49aeff5b5b00c412e3931111aa6a806cd1a8d047a9691edbe743a277b0eb2d	1e49aeff5b5b00c412e3931111aa6a806cd1a8d047a9691edbe743a277b0eb2d	0e8500dedecd4393311a8e5fb7de8481999d86a0d57b2939cdf53a1502a2d13b	0	false
bundles/org.eclipse.swt/Eclipse SWT PI/win32/org/eclipse/swt/internal/win32/SCRIPT_ITEM.java	12f631eee748af487dbe4fff2854106a64650847d315143038df88b72186c20d	12f631eee748af487dbe4fff2854106a64650847d315143038df88b72186c20d	10180534fba9b0fb917521a57d78e5eb476bbdf88790773aa71ad492e988eb59	0	false
bundles/org.eclipse.swt/Eclipse SWT PI/win32/org/eclipse/swt/internal/win32/SCRIPT_LOGATTR.java	317cbcbb604d8884f6f83c2bd52a91e94c4162063e9fca15b377d34f04821494	317cbcbb604d8884f6f83c2bd52a91e94c4162063e9fca15b377d34f04821494	e74d3a35f0c8eb4b97968ca8420b9822972e0f2e19b1104a4e5d552e61657319	0	false
bundles/org.eclipse.swt/Eclipse SWT PI/win32/org/eclipse/swt/internal/win32/SCRIPT_PROPERTIES.java	ecdd8c6c0880ea8d106d4388f3f4ba896bd17223fc6fb33ab3afb89c2556858a	ecdd8c6c0880ea8d106d4388f3f4ba896bd17223fc6fb33ab3afb89c2556858a	83e8155170da5732c72641fddbc98cae596f4323939d7cdcebad5b2ed36102a4	0	false
bundles/org.eclipse.swt/Eclipse SWT PI/win32/org/eclipse/swt/internal/win32/SCRIPT_STATE.java	bd1f385847d5b7905202565b1f8c0f038bae7fac7a63e6c1f7835ae26af876f4	bd1f385847d5b7905202565b1f8c0f038bae7fac7a63e6c1f7835ae26af876f4	27467bf32ecbdb09a9a00504f5ce73f7e54fc6f0d4bee96be56096372b8c7c8b	0	false
bundles/org.eclipse.swt/Eclipse SWT PI/win32/org/eclipse/swt/internal/win32/SCROLLBARINFO.java	e1add944fe37b7c9bad7f354e73abda45a4b6f90cb3a63a7b1bb11fb537b669b	e1add944fe37b7c9bad7f354e73abda45a4b6f90cb3a63a7b1bb11fb537b669b	7ff1e1b6a2e575365117556694603c1aecfa2b3bc247b87ea182360b8ade6d71	0	false
bundles/org.eclipse.swt/Eclipse SWT PI/win32/org/eclipse/swt/internal/win32/SCROLLINFO.java	70d841e0a4d97e7400af8154e7ccd6725cc55695f4014523012301d58cbe185a	70d841e0a4d97e7400af8154e7ccd6725cc55695f4014523012301d58cbe185a	ed3d4b35ddcc747836c1845d25959a1d8e30ce59bd64325a925359720949a34f	0	false
bundles/org.eclipse.swt/Eclipse SWT PI/win32/org/eclipse/swt/internal/win32/SHDRAGIMAGE.java	0655764bfd5a3d9df777dde40ed180e5340e2678c32508d61e6703c207316e38	0655764bfd5a3d9df777dde40ed180e5340e2678c32508d61e6703c207316e38	4a15750279770327ad78a90eaf7eefdef6137e27e9e0c139a196555e186913d4	0	false
bundles/org.eclipse.swt/Eclipse SWT PI/win32/org/eclipse/swt/internal/win32/SHELLEXECUTEINFO.java	c63100eb93f5ed52805301867787b97c3f038cb9de7c37d7c3cf6354fbdca6c9	c63100eb93f5ed52805301867787b97c3f038cb9de7c37d7c3cf6354fbdca6c9	84b3920b4686c1e212b7f58c5f9009f8c3aef3b8ed1e2c56f561caa3baeb8dbb	0	false
bundles/org.eclipse.swt/Eclipse SWT PI/win32/org/eclipse/swt/internal/win32/SHFILEINFO.java	cfbac06716842936de4249fa2f56fba5fbca65c6677c4ba7eb030c858c93eea1	cfbac06716842936de4249fa2f56fba5fbca65c6677c4ba7eb030c858c93eea1	60699a98ff8906495feff14e10a7899d083b2187f1623148ad32ea410c03ff3a	0	false
bundles/org.eclipse.swt/Eclipse SWT PI/win32/org/eclipse/swt/internal/win32/SIZE.java	6449224483583631cf706cbc0166457f7bf4f579a366a935cf0ea1001a4a814d	6449224483583631cf706cbc0166457f7bf4f579a366a935cf0ea1001a4a814d	82f5675e8d79cd1bb0409bb3e478be195bdd6ad3167ce278049c8bb522b35ba6	0	false
bundles/org.eclipse.swt/Eclipse SWT PI/win32/org/eclipse/swt/internal/win32/STARTUPINFO.java	4b8821c58adc037e46079d61b256c16bbbb4caedc8aa15e439927f5eed84d095	4b8821c58adc037e46079d61b256c16bbbb4caedc8aa15e439927f5eed84d095	d5d231b6bb35a8542af1da616f27b45261ff6382b10f58f4408ad88a0ca25353	0	false
bundles/org.eclipse.swt/Eclipse SWT PI/win32/org/eclipse/swt/internal/win32/SYSTEMTIME.java	a705c02dadf9b1f6e636072c00e9c8afb1c3248781ca2543452e2d2d00b8e9e2	a705c02dadf9b1f6e636072c00e9c8afb1c3248781ca2543452e2d2d00b8e9e2	9d3212bc3292a5049f3d92b470b996d2a05a3f594bf9389eb254d3dd9a7962c1	0	false
bundles/org.eclipse.swt/Eclipse SWT PI/win32/org/eclipse/swt/internal/win32/TBBUTTON.java	f6c52aa3ae12fc0b6b5a39e2823073311c10275e7b1fcdc2321d45cc4ee47f3d	f6c52aa3ae12fc0b6b5a39e2823073311c10275e7b1fcdc2321d45cc4ee47f3d	411a6d0c734d628420fbba60ae019c71ac07dc7c74fe274267897a704f7ccef6	0	false
bundles/org.eclipse.swt/Eclipse SWT PI/win32/org/eclipse/swt/internal/win32/TBBUTTONINFO.java	9e7954a4c93a5a924e78b570fe995784ca5e850ef168fe0bc7b55cd2ebbb123b	9e7954a4c93a5a924e78b570fe995784ca5e850ef168fe0bc7b55cd2ebbb123b	e12e3b36c93b18c5434008def8c6222a250b87fcdc072edfaa8f68159edfb485	0	false
bundles/org.eclipse.swt/Eclipse SWT PI/win32/org/eclipse/swt/internal/win32/TCHAR.java	e5d248c19fc34870e98265baeffd31056fd23abd1d4c7376b82e2e55b72fda3c	554eb55803070396bdf5949c45ecb1447d03b85fa287606763c4c6b69e9d8be0	9d268330c7966b2079ed08a4e2a078f7f15c40312ddce9f93df21409e4934b10	40	true
bundles/org.eclipse.swt/Eclipse SWT PI/win32/org/eclipse/swt/internal/win32/TCHITTESTINFO.java	385bff88fd70aedaee7804a9c9afbbebcfee284e029eafd2be47352926d101b3	385bff88fd70aedaee7804a9c9afbbebcfee284e029eafd2be47352926d101b3	c59a15100cc9742d72a8a0e9cc499ae52d797495d8cf8abb26a6f8cc2518fe3f	0	false
bundles/org.eclipse.swt/Eclipse SWT PI/win32/org/eclipse/swt/internal/win32/TCITEM.java	55b9fb1414c871c862e07f11b7ca8da80141e9ed426ed6cae24dadb87005f7ff	55b9fb1414c871c862e07f11b7ca8da80141e9ed426ed6cae24dadb87005f7ff	7ef7dda64791f2c15c372198b72f8c21447dc307e47d219513365f9ba7f71f18	0	false
bundles/org.eclipse.swt/Eclipse SWT PI/win32/org/eclipse/swt/internal/win32/TEXTMETRIC.java	d463303c60dad868aba56152f1deaa22644a19eaabbfc1c35176cfa1c17eed8d	d463303c60dad868aba56152f1deaa22644a19eaabbfc1c35176cfa1c17eed8d	aabe9289f66ac85637055da9c5a3e61bc07dfa7d39b6bc0d2be41b4d202810e4	0	false
bundles/org.eclipse.swt/Eclipse SWT PI/win32/org/eclipse/swt/internal/win32/TF_DA_COLOR.java	1a49c2c8707bd57bda1b5bb4c098ff4855a2805f5a4a4dec973972f11370a43f	1a49c2c8707bd57bda1b5bb4c098ff4855a2805f5a4a4dec973972f11370a43f	536d54e04a5d9b602402fab1e5f37a2efa6f17f4dd2ad2772cc6c07f58b0c41c	0	false
bundles/org.eclipse.swt/Eclipse SWT PI/win32/org/eclipse/swt/internal/win32/TF_DISPLAYATTRIBUTE.java	625b4f45c710c3d10be867c39bbfd1384a08d6a1512cd199f0ab8468f22dae81	625b4f45c710c3d10be867c39bbfd1384a08d6a1512cd199f0ab8468f22dae81	ba82064bc7d476a2bd738706572b620f8246c7d5365af91b14f05f2bc418655e	0	false
bundles/org.eclipse.swt/Eclipse SWT PI/win32/org/eclipse/swt/internal/win32/TOOLINFO.java	2731be402137303becfa1d580d42a25f0f1426ae2da62634e613c07fd07a1649	2731be402137303becfa1d580d42a25f0f1426ae2da62634e613c07fd07a1649	dd0dbe7cec7aa85eeaa84fa3f95ce0ff188cf22d38131e5d6beb7068da6f4bd9	0	false
bundles/org.eclipse.swt/Eclipse SWT PI/win32/org/eclipse/swt/internal/win32/TOUCHINPUT.java	83199543f1757b61862335e9fa951df3f8341c5db8d72e04b19f712f6ddb921f	83199543f1757b61862335e9fa951df3f8341c5db8d72e04b19f712f6ddb921f	1bad2f85df0afdb4f7fb110bd828d2a08b857428928b7c581cca37005713e702	0	false
bundles/org.eclipse.swt/Eclipse SWT PI/win32/org/eclipse/swt/internal/win32/TRACKMOUSEEVENT.java	4469d0d0a4d3bd95ecb205cc453291f6d0fa85094d01407cf1999f29bd53b0c4	4469d0d0a4d3bd95ecb205cc453291f6d0fa85094d01407cf1999f29bd53b0c4	baf2ef0ce4c24f002534ce9ac9b831f854b8b243c4fa30dd0ae16cde07157b0d	0	false
bundles/org.eclipse.swt/Eclipse SWT PI/win32/org/eclipse/swt/internal/win32/TRIVERTEX.java	1f07075bbd7de6d1717840a4603108e6570fd84085a987f263931050a6e98725	1f07075bbd7de6d1717840a4603108e6570fd84085a987f263931050a6e98725	62e3b628a7006f640c3b466d835edacfad6eeeab804c236e24198cbabb611686	0	false
bundles/org.eclipse.swt/Eclipse SWT PI/win32/org/eclipse/swt/internal/win32/TVHITTESTINFO.java	393312399b84cfa457d01787546fcc76a476da876dfcfd2241d74850db1875bd	393312399b84cfa457d01787546fcc76a476da876dfcfd2241d74850db1875bd	837cf7f1189897297646a037ffb89c220c912d2e3a62d47379d6b5cc1576ef22	0	false
bundles/org.eclipse.swt/Eclipse SWT PI/win32/org/eclipse/swt/internal/win32/TVINSERTSTRUCT.java	c7c4e34d51b36e716fc5115516ab00ac40056259513e986e2ed4e73edbf0bdac	c7c4e34d51b36e716fc5115516ab00ac40056259513e986e2ed4e73edbf0bdac	c2b6855f3619ec5e102ecc9ba3eed1abb0e53058be29d36b4d186a112b4a6944	0	false
bundles/org.eclipse.swt/Eclipse SWT PI/win32/org/eclipse/swt/internal/win32/TVITEM.java	1333e8c36e302a8fe85bd056df2b1af52ff06212061d75d2e9d69e145109ef3b	1333e8c36e302a8fe85bd056df2b1af52ff06212061d75d2e9d69e145109ef3b	567a4d65e94ff9bc5869f66f4d448fb94b42a762622eaad4c1f035a1bb6f0bf3	0	false
bundles/org.eclipse.swt/Eclipse SWT PI/win32/org/eclipse/swt/internal/win32/TVSORTCB.java	8827aa208ede51d64a3275b8dbea7507569b980883c83616cbf9ef9b7783777e	8827aa208ede51d64a3275b8dbea7507569b980883c83616cbf9ef9b7783777e	d6dbb70422b8be5fe87220589f6fea9fe818e0279cacda64c1837d2c7108d85b	0	false
bundles/org.eclipse.swt/Eclipse SWT PI/win32/org/eclipse/swt/internal/win32/UDACCEL.java	5e78dcc5e6214fec416c1c009f64dd7e7fd0870ab00e9bc10cd8ae0374c9d72a	5e78dcc5e6214fec416c1c009f64dd7e7fd0870ab00e9bc10cd8ae0374c9d72a	17610c4db6c3ac7b3de94c0cbc3756e906cd8e346f416d8d6a500c5f104ea681	0	false
bundles/org.eclipse.swt/Eclipse SWT PI/win32/org/eclipse/swt/internal/win32/WINDOWPLACEMENT.java	7b6fd80eb4b9976e97c8c800e68e9976a7c07877c61bbab6e03e8f3e35395661	7b6fd80eb4b9976e97c8c800e68e9976a7c07877c61bbab6e03e8f3e35395661	2446692b222ae2802c54ed663b5c3a8a8479be4b9a5cbd915f391122226b00a1	0	false
bundles/org.eclipse.swt/Eclipse SWT PI/win32/org/eclipse/swt/internal/win32/WINDOWPOS.java	9497464d2ec0747933bc70368ea6ec519d0ac6aaeff3e5a33905798be449cce4	9497464d2ec0747933bc70368ea6ec519d0ac6aaeff3e5a33905798be449cce4	a43f45df3944d8f71328cf6648f865dc45f542c1b1b4377292a4e94ab7c8c5d7	0	false
bundles/org.eclipse.swt/Eclipse SWT PI/win32/org/eclipse/swt/internal/win32/WNDCLASS.java	c47a6adc56a36088d6ac90ed396eebc3d185310529aaa844384271681fc8093d	c47a6adc56a36088d6ac90ed396eebc3d185310529aaa844384271681fc8093d	5310ad6a8906567cd7ae1e3f959580bde64ec5da48c0c2f65bdeece977239626	0	false
bundles/org.eclipse.swt/Eclipse SWT PI/win32/org/eclipse/swt/internal/win32/version/OSVERSIONINFOEX.java	3d4b71291288d5b6072395d70bc8aa76052bd48c9a52c76b3db965c8695f4258	3d4b71291288d5b6072395d70bc8aa76052bd48c9a52c76b3db965c8695f4258	81176ff3bff1ab3c9c842478264ad65a8eb144eb070543b5fd1ab118d5cbccc1	0	false
bundles/org.eclipse.swt/Eclipse SWT PI/win32/org/eclipse/swt/internal/win32/version/OsVersion.java	43e48a003a72b81428af2f2b875060c24ea45f079931c4c0d3957ae8d7ef1ab2	43e48a003a72b81428af2f2b875060c24ea45f079931c4c0d3957ae8d7ef1ab2	d11ed0355c0179486ce7ce95f19dec88d786a5afd1f950edda5265a8c3693796	18	false
bundles/org.eclipse.swt/Eclipse SWT Printing/cocoa/org/eclipse/swt/printing/PDFDocument.java	8d49287a47234762666255ae716cb6332edc306dfd5a68b227fee68e37ca84d1	57df2aa2ab3d1f57b19c3b7d658a30c80ee8fbb56433b1459754f25293ca04f7	4d36f92e49463097503c47e8a5dce76cf184ffac5a701df0ebcc5ede760c5e2c	178	true
bundles/org.eclipse.swt/Eclipse SWT Printing/cocoa/org/eclipse/swt/printing/PrintDialog.java	a7c50328263471b6cf7879e2b802f9a555d7b221344a9733fef26b322f2fa55b	d310b206bbe7f80bc9bd1bfc86a275a98ee8dc33ce44754b995f63d2e1518099	a6a19450ab3ac949ee5dc31f1d691660c2a68d956190a341dfbb2169a8631b69	179	true
bundles/org.eclipse.swt/Eclipse SWT Printing/cocoa/org/eclipse/swt/printing/Printer.java	39eecd6e26d626906d410fbdb3e014226a86a942b12b283944bb6333eb59c259	242388c27873eb901229010a67d564c5a495b63fe7184e5ce585c5588761693b	593076e7aac0ed78aa99e8f00b47872cddd4f6daac92452fd7c536f9d43ef1ea	411	true
bundles/org.eclipse.swt/Eclipse SWT Printing/common/org/eclipse/swt/printing/PageSize.java	5b5c479ddb62ff90f9a6b849e69dcd8700bfd696fdd7ec828cf06dbe031c9513	5b5c479ddb62ff90f9a6b849e69dcd8700bfd696fdd7ec828cf06dbe031c9513	1b99d03dc311bddbd34fb865e750ee744f51138afa8b15bd5b446484cd989b5e	0	false
bundles/org.eclipse.swt/Eclipse SWT Printing/common/org/eclipse/swt/printing/PrinterData.java	869974e9b2ed7d482c7a7fff09ea2f0da0d03a52fdcf6ad62fe4c86d5e41eeab	869974e9b2ed7d482c7a7fff09ea2f0da0d03a52fdcf6ad62fe4c86d5e41eeab	6586cb7e537c8483e828b7d5a239968dd8bd76559878598f85f7f406d9a925dc	6	false
bundles/org.eclipse.swt/Eclipse SWT Printing/common/org/eclipse/swt/printing/StyleBits.java	923a7f4f4e6a611e3e90f396c8d81bbd0415486fa48ab2ae8a0b220dcf208355	e120f0eff98719064a4a45e4c7b232ad23c5c7101483562965d008da56c29b17	bd93a2bba50f74db2f4ac02b3f15524f9f0977bc3920ce93297bde6d7a7a3f24	25	true
bundles/org.eclipse.swt/Eclipse SWT Printing/gtk/org/eclipse/swt/printing/PDFDocument.java	255d51d8b674aeb295d95606ad89283caf5dc5cbf59ab731a4818e3b24ae815e	60f5a9e5080a61534878c2ba8dd3ce5cfca5e7740958ae5da4483fede1ef3024	0054a99b6620d74e2aa804df7aa24d1fb36bef267949ba25c53994afd6f54553	97	true
bundles/org.eclipse.swt/Eclipse SWT Printing/gtk/org/eclipse/swt/printing/PrintDialog.java	425b62fbc1a9128115e781b2f8544a1490cf7ab4105e65e3c720a4f76a3fcf7a	9f658f6e90fce77b2388a79810a8282f74f0cafc5db6d55c21d9a5172cfa81e9	f942fbb38860bc9ac2c0b6a37960fb1ec87d27c43614867f1aff64fdfc9f4d90	261	true
bundles/org.eclipse.swt/Eclipse SWT Printing/gtk/org/eclipse/swt/printing/Printer.java	fe0795d85942d17101d707a9d180beb67f0ee07a54a5ea3494069cd7b082a9f7	f65db2e45d040a306a0255678103ed64b78abd4610ca86f3eec66c835e83ddb1	dd1daa5ff6b44bbd50f0925e9d200887e7df7435dabe9c7fcc4b8d3572c47805	410	true
bundles/org.eclipse.swt/Eclipse SWT Printing/win32/org/eclipse/swt/printing/PDFDocument.java	3706859a1cbf28165460ba7673934085bdd3021915b9b64043c7cb6be3239329	1647a3bb19fa062c1be6d4dd0953eb0b77d8ceebb93430506e0d4c490524a09d	e2330590fe0226e341aed8d77e5adf47399941c285730a48a05f6672862461c6	212	true
bundles/org.eclipse.swt/Eclipse SWT Printing/win32/org/eclipse/swt/printing/PrintDialog.java	d357288020a406faaa895b669a0a13bb96452b1e56ba1497000a4f55b7f2b607	0ccd56f5bcbe163fae9968821076486bac328ed479cb331452f5ade3f30db1fa	7e41c06ba695ef38879727e3bf58ed4849f928e62e2ba1e6345b4b05daa0739b	298	true
bundles/org.eclipse.swt/Eclipse SWT Printing/win32/org/eclipse/swt/printing/Printer.java	5778c0f74716f5d79f16d66efe6a7045002aa4a68666f6772221bf2aff55ca84	70977b9d9b4c9ab2b3df25973d2be7a46312ceed0f4bb2f29ff489852d1d547f	16504693dd11cd9a20f6fa20cc0ef29b7df1cf0a0bf25b64d34e7d3297c52d68	271	true
bundles/org.eclipse.swt/Eclipse SWT Program/cocoa/org/eclipse/swt/program/Program.java	b1b50fe8a9ec1128638d9bc18ae051aeca90dc369607866176410f00b9cb8a46	dc6940bbde3262e5590e3e5129062d35226cf4d2f9470953c97b3e6bafcd0d93	0e8eb0cb7954d4135593217fa9f58f38521eafc6652f06bee8dfe80949f8027d	272	true
bundles/org.eclipse.swt/Eclipse SWT Program/gtk/org/eclipse/swt/program/Program.java	955126d86a76e1633f0ef233e17224572ffa59c762eb2c82e10d5d44e87ceb03	d77fcbb3f6c605d46482a02c1bb118dcb8f1024b9f8ace1713e060301e52f329	20e2c2a65baa669d354ff4a7ac5391fc0365a8720180b1e4052be2c23de9d16e	368	true
bundles/org.eclipse.swt/Eclipse SWT Program/win32/org/eclipse/swt/program/Program.java	676e9a7a532a513fc525d58c2d455e5fa26a61221f746ae94b3f5ec2c133e72f	44dd4ba9c33d879357667279b6b86c63f4771bb4a4d37f0d7a7d334f3aeda800	0d0a58742cf595cd80cf638bde8def8be7a8a837b09b1faa58d487d122e8443c	307	true
bundles/org.eclipse.swt/Eclipse SWT Tests/win32/org/eclipse/swt/browser/EdgeTests.java	b4d463b9a8e7e22e7173f8e6fb4775c528edb76c1aac01e00aa3bdec1c9ea583	b4d463b9a8e7e22e7173f8e6fb4775c528edb76c1aac01e00aa3bdec1c9ea583	5effef64a36af2441818cb25d364e362bf00aed987f8c5c44da6ba4dc4341f12	25	false
bundles/org.eclipse.swt/Eclipse SWT Tests/win32/org/eclipse/swt/graphics/CursorWin32Tests.java	7f4e9c47cd9486b0f5e3c1c826766c36d65f9a8195525e2588e33bbb503a762d	7f4e9c47cd9486b0f5e3c1c826766c36d65f9a8195525e2588e33bbb503a762d	cb4ec71103a26203b6e45c8761e0d71107029076ca7018b0679cf2e64e4b20ec	43	false
bundles/org.eclipse.swt/Eclipse SWT Tests/win32/org/eclipse/swt/graphics/GCWin32Tests.java	86980677d5f2de35b7a09d8225c32a78a165793c9f07ad2ba616ab69bb301942	5f57d3ec85910935070637df68f7260e4dfaad124e439f6a82b1d743e6ccd5d8	10c16dec2b03af2b1d05eb139d31b442184c9b787fcb6e383afd48dc9e0d0467	331	true
bundles/org.eclipse.swt/Eclipse SWT Tests/win32/org/eclipse/swt/graphics/ImagesWin32Tests.java	8ff2c2b62cd6e60d802b5bed4bcaf0f76192e50bb0b0c23a63532866ce17f807	8ff2c2b62cd6e60d802b5bed4bcaf0f76192e50bb0b0c23a63532866ce17f807	d16f122f07a52e7de33b40e994132e35e6b0ffe3b8db4648f2ac1e385667b8ba	98	false
bundles/org.eclipse.swt/Eclipse SWT Tests/win32/org/eclipse/swt/graphics/PathWin32Tests.java	ec5a6aefdeb541fc76ae2e1596785aecf795f7889bef09675b56322aaf69741e	ec5a6aefdeb541fc76ae2e1596785aecf795f7889bef09675b56322aaf69741e	5165d08ada35461684bb771fd95b716b2c3530a478b0284b407a3088e4526c54	45	false
bundles/org.eclipse.swt/Eclipse SWT Tests/win32/org/eclipse/swt/graphics/RegionWin32Tests.java	6e0bb686ea352bc549802e6d5843a2e5e6c1fefe91d9df4096a9f633782009b5	6e0bb686ea352bc549802e6d5843a2e5e6c1fefe91d9df4096a9f633782009b5	b362a72aad9958d59d54d5132c6af7dd31953765ab8f7f3638b80d967b7ddccd	49	false
bundles/org.eclipse.swt/Eclipse SWT Tests/win32/org/eclipse/swt/graphics/TextLayoutWin32Tests.java	3c25db536b97ca21d74bd48ff369987d5b700ab4409dfc0f9e5386568ede03bb	3c25db536b97ca21d74bd48ff369987d5b700ab4409dfc0f9e5386568ede03bb	3990772cd65f14a3d6afb6866f8d4328ceaf0979d03d383c88a2344351942a82	32	false
bundles/org.eclipse.swt/Eclipse SWT Tests/win32/org/eclipse/swt/graphics/TransformWin32Tests.java	e928c6671b81689e4cc4dd2622b1203c2df5e67bd8823017f47c129d0e0aca36	e928c6671b81689e4cc4dd2622b1203c2df5e67bd8823017f47c129d0e0aca36	885f23ae6849e7c3d96c5492524a1576db582af894f289d3ea7f428c5d3bc1f6	23	false
bundles/org.eclipse.swt/Eclipse SWT Tests/win32/org/eclipse/swt/internal/ImageListTests.java	3cdf699e38d5617d1d50ac1c9d606f6270c5d8b54ff8d5c6e5d5144dc2588de7	3cdf699e38d5617d1d50ac1c9d606f6270c5d8b54ff8d5c6e5d5144dc2588de7	372b43b507fed11cfdd4a424f4f01b341daf0fa84ea307ade10ea9d64c9b15be	194	false
bundles/org.eclipse.swt/Eclipse SWT Tests/win32/org/eclipse/swt/internal/LegacySWTFontRegistryTests.java	9ccf93c41d8fbf16bb6e33c561c367cbff9b6bb4e747aa184be065ac752255a1	9ccf93c41d8fbf16bb6e33c561c367cbff9b6bb4e747aa184be065ac752255a1	8bab6566ea4eb25e8f9a22fa89194009b94998bf8276b6c26634da249919cd07	44	false
bundles/org.eclipse.swt/Eclipse SWT Tests/win32/org/eclipse/swt/internal/PlatformSpecificExecutionExtension.java	1872a603afb360f030e5cdef9db92ba0fa64d6d95a152aa8e8dadc60fc21f627	1872a603afb360f030e5cdef9db92ba0fa64d6d95a152aa8e8dadc60fc21f627	3ba458306ec85ef5926d941959284b15e965bab18fed9157e76df4b3a362e631	11	false
bundles/org.eclipse.swt/Eclipse SWT Tests/win32/org/eclipse/swt/internal/ResetMonitorSpecificScalingExtension.java	6c572fd158e92a789cb4656a55a2a77c64e36c532df892be6c64fb3525966f43	6c572fd158e92a789cb4656a55a2a77c64e36c532df892be6c64fb3525966f43	d8e7bd40f9864f0e3c3c5e6498491b0f46980fa8b60ef5418357d9b9d80f7b0e	8	false
bundles/org.eclipse.swt/Eclipse SWT Tests/win32/org/eclipse/swt/internal/ScalingSWTFontRegistryTests.java	5cd3d7e34bc7ad97706ca945da14e28127a90c6a813f5e4ea98070b1af495838	5cd3d7e34bc7ad97706ca945da14e28127a90c6a813f5e4ea98070b1af495838	85c7691c3cfc5e7cd6193db360d0a507368146e5f784eb67ac5c10e89a06f76f	39	false
bundles/org.eclipse.swt/Eclipse SWT Tests/win32/org/eclipse/swt/internal/WithMonitorSpecificScalingExtension.java	fe3c7d2cb30ef9346dd711b9e9628faea0c9f73346987416a635b41175344050	fe3c7d2cb30ef9346dd711b9e9628faea0c9f73346987416a635b41175344050	5e09e9c080df185e9e4148ee100b8cccf9ec2f3a693cfa2514431b8529572e65	5	false
bundles/org.eclipse.swt/Eclipse SWT Tests/win32/org/eclipse/swt/widgets/ControlWin32Tests.java	e50b8aeab0a1bbf7e966585c79a4ef8436898c388fe0089b96473226618e9ca9	e50b8aeab0a1bbf7e966585c79a4ef8436898c388fe0089b96473226618e9ca9	3431f7a0e0046ed93ca4b5de72c2669e4d61bd4ca113d763ccffb65efeb36e5d	235	false
bundles/org.eclipse.swt/Eclipse SWT Tests/win32/org/eclipse/swt/widgets/CoordinateSystemMapperTests.java	5fecb9e435a7e051067687eda538e9fd690151f82f8c2df8bcf14d3962ea371f	5fecb9e435a7e051067687eda538e9fd690151f82f8c2df8bcf14d3962ea371f	bcece9be26c12475aafd191f8cdb255d3e55c174deea71814ed94e58a0ce3878	173	false
bundles/org.eclipse.swt/Eclipse SWT Tests/win32/org/eclipse/swt/widgets/DPITestUtil.java	a465f45f2feb57ee5270f201fdb424097642ed6e77cf32695458fa23642521be	a465f45f2feb57ee5270f201fdb424097642ed6e77cf32695458fa23642521be	b7923252c7bcbd5bb4d0f29c75e0e00fa50a2ca0edf385fae2c18d1a8fc30ee9	19	false
bundles/org.eclipse.swt/Eclipse SWT Tests/win32/org/eclipse/swt/widgets/DisplayWin32Test.java	9a4eb8773408d7075fb8ee925e379eb7f0dd48749299c702cd31cbe8389f88e1	9a4eb8773408d7075fb8ee925e379eb7f0dd48749299c702cd31cbe8389f88e1	81003d690aa466d7fe0ca48f5948e9ee6b740e307cf96ef35d6cf49670bfcaf0	73	false
bundles/org.eclipse.swt/Eclipse SWT Tests/win32/org/eclipse/swt/widgets/ToolBarWin32Tests.java	27002af02b218df20bebd69fc85ab5cf622f7d6d6d29ff8e79b37202fa1853ed	ae08463d729a7178ce1d148b4157d2ac08a865b206d948858bc6915e113c4724	09b7734cc7f3d08203c7d5ed96dafaa5336fb690baa31e2c6821e335aae44ed1	229	true
bundles/org.eclipse.swt/Eclipse SWT Tests/win32/org/eclipse/swt/widgets/WidgetWin32Tests.java	7da1db68ef8b78e36179114160f351a58486a321b9aeffa564960829eecbf3a9	7da1db68ef8b78e36179114160f351a58486a321b9aeffa564960829eecbf3a9	428a07d16707e35b474e1e32e0524ac4dffafbef831c2de362877f657563546f	221	false
bundles/org.eclipse.swt/Eclipse SWT WebKit/cocoa/org/eclipse/swt/browser/WebKit.java	aeacb63ca2394768690235065adc56a5c5af70d1b9726ace4f10141572d5054e	e9f0d5a09569f3223e4994b2eeed689c516563246d57ea22e1828a0ee49d98b1	1a249324580dd90050e6c513e893ef4d88cb4611a07904687622cd2f4e30cbde	1506	true
bundles/org.eclipse.swt/Eclipse SWT WebKit/gtk/org/eclipse/swt/browser/WebKit.java	abc90345260786b3c92b44dfe99f28e292aebc7dae86442231de899aa100cd56	268a3600ed9d47c9504c3d99bd7ca97d1e9058c59dbcbbfd076d9642ef48c94b	3fbc97495b144c603b95b74d51ef304fd19ee5b72b26854d8d9e4306deb299f9	2068	true
bundles/org.eclipse.swt/Eclipse SWT WebKit/gtk/org/eclipse/swt/internal/webkit/GdkRectangle.java	e56ba9eab4165f7910b12ba86519686fa8be3dab099ffa85f278db2edbf474b9	e56ba9eab4165f7910b12ba86519686fa8be3dab099ffa85f278db2edbf474b9	db06be89891e43a8233e2848dc5590f8800d5facac940c1c11e1c9ceb7baa0c8	0	false
bundles/org.eclipse.swt/Eclipse SWT WebKit/gtk/org/eclipse/swt/internal/webkit/WebKitGTK.java	243d1a006e7cc88020aff1467a4511279b284a90b8777e6f3e8a2e65b4dba335	243d1a006e7cc88020aff1467a4511279b284a90b8777e6f3e8a2e65b4dba335	f72298d75480a9cdcbccf70bc2aec30c6c76663088cc61a72d97517a1fc9f73e	21	false
bundles/org.eclipse.swt/Eclipse SWT/cairo/org/eclipse/swt/graphics/Path.java	ee8140c8c8627af6e80a8f6633d4df71ab4b24559dbec4f39e19957f7e0dfc5a	10d4eda9ad7bc2c4b1a3b6e7752a0ef8dd268f3f5e1cb786b3b16b4b580aca6b	57ec74fafb99b4cdf7510c8ec42c35c4d95c9c443d0103859da75062f47f61d5	396	true
bundles/org.eclipse.swt/Eclipse SWT/cairo/org/eclipse/swt/graphics/Pattern.java	8a15dde2aff5d35ed33ddd9a2f2abb1bdd3422b8f3c240b700d7a4b8e4c8b58a	96b091dd0357a8efa4dbfb032b4aa29f94ec55b75a181db396416ebd1c0b5e0c	529963734d5c453cce33d49c44d0f8b3fed75300caffcc17d3e7b12af306f529	49	true
bundles/org.eclipse.swt/Eclipse SWT/cairo/org/eclipse/swt/graphics/Transform.java	351cf4956dafd0ec7125eb27974ee83436c7577a1858a1c1e2f2dfb3cb91d1c3	b94ec884b91d09f02ad6bf6883566ee5d6b28c4bad7569914bef7f788344ba67	a7727468042eaa38a3366235e6c6d9a10ae4b7620aeda9b0a40a9c6454893fb5	122	true
bundles/org.eclipse.swt/Eclipse SWT/cocoa/org/eclipse/swt/graphics/Color.java	6f7a6f140b8f6fc23d749e20c20a382ea0eca0d140c3fcc3df50310c367595ed	999f972795b7ee32f479f4c4a459f61db376bb91b11e6c2c72a47fdd16144d78	73960c8fba2f2cf69350a2f10e8088472b9975889403593f05d72284a3d3cf7f	144	true
bundles/org.eclipse.swt/Eclipse SWT/cocoa/org/eclipse/swt/graphics/Cursor.java	f65d32545583e590ff5d073c72481964415e7154243641c947a4f28414d5d680	b4945d0f79c1ced2d3879d3f1964fbe2ed0f189299dd3a9cddac177cab6d43e9	75777e8ab06297b9eeed5392644b49f5026e67c70d5618c64bb2ae4c87f66013	295	true
bundles/org.eclipse.swt/Eclipse SWT/cocoa/org/eclipse/swt/graphics/Device.java	f2cf19dfeccd0d93f9d6d203bfed6802c0089bc54e341346634bf68f8f7811ec	100c8c716353b053c0d50b83ef21a763754f43d4caaccbde5add9566f325334a	8022cf631fe6b38069d46d54695619721142926ca6ba05acb3f6a62d4fa45d6a	458	true
bundles/org.eclipse.swt/Eclipse SWT/cocoa/org/eclipse/swt/graphics/DeviceData.java	5295c2ec27c00c5203806af6f4de8b13a70e6fb00c30f2d4b2545daa02d4b33e	5295c2ec27c00c5203806af6f4de8b13a70e6fb00c30f2d4b2545daa02d4b33e	161d04a951bf0e923fb25b2f5162ba64a41d31a86cea17aed630667600b83aa9	0	false
bundles/org.eclipse.swt/Eclipse SWT/cocoa/org/eclipse/swt/graphics/Font.java	1c660b7e693b214663f314b517ba0b179dac442c4bcb5b2a94c59acfefc744ef	3b654d738fa089a8a6de980a16e57b6bd9337b7a7d64c9ca6fb723b54318bdc0	677d9aab9fe210f29566b3e1b479353fbad57e11d01df264d2c695785437ff0a	179	true
bundles/org.eclipse.swt/Eclipse SWT/cocoa/org/eclipse/swt/graphics/FontData.java	8d3b694e2e20ab4c24df65b0d90ce058cbb3a8f43a08d7a3ca73edb10138f48b	d8f6cae4f8591be8757d590025f362534aa3dc72bb7cde85579a57829d4313f3	64e03cb39d788ab8a0191be590390e3223d07b53c1acd295b48c24542660b998	186	true
bundles/org.eclipse.swt/Eclipse SWT/cocoa/org/eclipse/swt/graphics/FontMetrics.java	3718b48eaea97b5506df95313d1a2b96457fec972895bbac4417f6b8845a1c2a	09c1a0dd0a9ceb714c7a21a90bcc89bf5789c45fbbd51e16df9fa2d54f66181b	4cb710ac5798ffbfcbedd551c16cb566c10c94addadbcde7602072ed7fce0e99	56	true
bundles/org.eclipse.swt/Eclipse SWT/cocoa/org/eclipse/swt/graphics/GC.java	d715dc03b2be570841aa1a968c2c20ad2ba60b99815d16fb19c6be871f9ed0af	43661e877935ccf264372d76835bdd34223106048465350956d91cac8e8c5c1d	91fc5f4e4b0804e2d3177546f88f82277a8db15924ff28a43804c8836d610b99	2720	true
bundles/org.eclipse.swt/Eclipse SWT/cocoa/org/eclipse/swt/graphics/GCData.java	424be41b4bbbe509e7dc7c8a9a0f36ec5fb632dec4b3e983c305b7b8cb85f9cf	424be41b4bbbe509e7dc7c8a9a0f36ec5fb632dec4b3e983c305b7b8cb85f9cf	56b4f8faa8d960e4418d6afc468eb61c218c2c1c0995a85197ded512db00de28	0	false
bundles/org.eclipse.swt/Eclipse SWT/cocoa/org/eclipse/swt/graphics/Image.java	e2dd7dc242dbe00d7ace486a9ac2c5a6c980796f643fd1719b5b243acf662d30	eee0061ca76d313c1c783bf311d5b3f27034db6f369b18e44ea6474f05ca2e3f	f493ded51a10fa0e14f979f8c10b4a1b28e1ae0bf71d9c2e8636a259e2115f03	1195	true
bundles/org.eclipse.swt/Eclipse SWT/cocoa/org/eclipse/swt/graphics/Path.java	ed77cf5da0871e2e316a425bc4597afaa25eca7442edd4aa1782ec3501ff57a5	9ae6edde7a792034b4c90f7646739951b1df0d9b32228996484fe9e9cad185dc	ce891ab37b1e75e7a3fcd98a787b3cbb1a8643717fc94e06fd327f5096d4b1de	582	true
bundles/org.eclipse.swt/Eclipse SWT/cocoa/org/eclipse/swt/graphics/Pattern.java	da3313c6f2b80af5fb72b416aa6b204dd212f5c49667e0e1637ec7bb0dc70385	d3b3c490de8ab29a63174e47756845062004ebcb4c876cac2e45c899912e0f8c	fe18169032f5047cfcf1b2c0ddcb963cd140ec2d7ade4b4be46a626e56e75c9b	80	true
bundles/org.eclipse.swt/Eclipse SWT/cocoa/org/eclipse/swt/graphics/Region.java	b91157a522650a9468b37fdca2defc1737433f54d7bad879efb53b88a8c83a14	3c20b05131438d93e7e2227e5f98100441261ba855135c652e367fe3afea9109	ec07a993b7b29f0a47db5df56b169b8a08cddb9835e4f5f955e5d91cfd607f28	536	true
bundles/org.eclipse.swt/Eclipse SWT/cocoa/org/eclipse/swt/graphics/TextLayout.java	af0cc7b1aff55509048d3f670b258aa64957c4bec378f1d42a7ee32b2b7d5ea2	6f245c3ee767fc677a117f784cae9d84f927ff6bc7c53d56dd1e6e3b2330837a	9d78471b3c83dd5cf6cc312bfd93488bf402bf1cf05c22516eee810fb0b9b58f	1788	true
bundles/org.eclipse.swt/Eclipse SWT/cocoa/org/eclipse/swt/graphics/Transform.java	6e440a150a45c211bd2d6b880d4e4e37c9a4e9ba095fb7d0043dd83a5f297220	89363bc13a1508268a9357e27490e4ba9fa67a88e531658c5fb9c2615e0b6ecb	f1c9a9b455efbccf13593ac677bc3e053439515a1c67f605ea9e0129bb1092d8	262	true
bundles/org.eclipse.swt/Eclipse SWT/cocoa/org/eclipse/swt/internal/NativeImageLoader.java	2da612fac5ece9b425ca1d6ccad02d544a4941db4555a08c9aa592e97c40ae37	2da612fac5ece9b425ca1d6ccad02d544a4941db4555a08c9aa592e97c40ae37	36f9fb3adc9e91bf17af085e0ca1becacc54ece31dc90381dc6b6eaebdca8a61	6	false
bundles/org.eclipse.swt/Eclipse SWT/cocoa/org/eclipse/swt/internal/graphics/ImageUtil.java	d4a3ed968cba7fd156cdced2960abbaa1310d82b2ce4466c7c714b6dd794483f	d4a3ed968cba7fd156cdced2960abbaa1310d82b2ce4466c7c714b6dd794483f	dc99be1ab3a47326f3ff55ed17fab593fdda632416534b2aa980925e2ce9320b	20	false
bundles/org.eclipse.swt/Eclipse SWT/cocoa/org/eclipse/swt/widgets/Button.java	9c01e31a286baa94f1cb6fdcad7c4c3f0c14936a3f6724d2c9abdfd0aa60f681	70e77416d1f491f9570f566eaad7d817a9b00c28c0eae1af4dd8688030d711ab	7848bcc0e0024cb4555de1b351a66605917ce4a9320c3f695f4d7b77aaa29731	629	true
bundles/org.eclipse.swt/Eclipse SWT/cocoa/org/eclipse/swt/widgets/Canvas.java	ddcfc1b5361b05c743ea8b2eeb9497bdb77fd9820c4e9f386ea3dd0e5c9fcb66	350442ce6174a2bde65b1d08bdd79ee52cc6427060e1fbb2f124fe0e570a55cc	d3d36f8d088776da09863c61b6d0d8bbd5c23e7be6148b39e62fa5146a59aef2	473	true
bundles/org.eclipse.swt/Eclipse SWT/cocoa/org/eclipse/swt/widgets/Caret.java	b7dc8b047f457644e4d7189f8167a5adcd6a33c11fdaa64f11461c5dd092f1d8	7b13370bf501e814982db54de38f0ab9a6fef726e32ea4dec2c2064046723e9e	6ff4ab570960b22a26438244e52d434035e01c899dc826075d9d39988ed49b45	208	true
bundles/org.eclipse.swt/Eclipse SWT/cocoa/org/eclipse/swt/widgets/ColorDialog.java	a0791d50f2c2b9c0b6060e98c2c5e59b3cf3b65ffc6c5ec4afd89c459c284894	0e0f6d3698be6559c20001a1d9b04dcb1bf007361dfd01262b8ac0de23da1d76	9106d61177e2a3784bba65ec92d7cbd73fa394856a501f6a53074cb0175a68bb	94	true
bundles/org.eclipse.swt/Eclipse SWT/cocoa/org/eclipse/swt/widgets/Combo.java	582fe10cfd576a5da4d484ca0b3b51056eda858177585b6b91b340a4e2adbddd	e3c97da463f7dc9d83887791855110edd3fa849ca639f1246cee1d68c6d3ff51	289bb963d7cfd4a7eb2de858b635c12c17133d52c02ebcea98cbb3635c0b6ebc	945	true
bundles/org.eclipse.swt/Eclipse SWT/cocoa/org/eclipse/swt/widgets/Composite.java	f32a1ff414512892ba9d4815c79680ca4508a7d375dfcb390dbefe511a69a90f	225838b200252b8227ff044a067fe688833ea60535a286dfcbed748233d7ab1f	0e3500512ee2c3fbf0cf2ce7aad9fbf58a1034b7e789423bec1de47919bd02ff	813	true
bundles/org.eclipse.swt/Eclipse SWT/cocoa/org/eclipse/swt/widgets/Control.java	0e81f2e7b845210c4d48ebdb663bb1b2a63183769c1be9eb6e6bffe9dd520715	80cd5d67163de1037e159b7746a7f83b82ddb1b8391be66544d06e4268dd5e97	759e9066c8a40a04b23e81cc574463cff296a2d3203ad7c00550788ad6779b3d	2928	true
bundles/org.eclipse.swt/Eclipse SWT/cocoa/org/eclipse/swt/widgets/DateTime.java	529bd59d80addac23d75273ccd75a24c1b5337a90950ecc2b6050e385ddfad1f	314fe7fd74a6ad4ae4ed7bd1e78ca96628c84d925f385b7f04b7220cc1a97c04	05ec832f799718caedf8ffa25e33072564fad4fb9ab61395a7fec9a2ae93b1f9	406	true
bundles/org.eclipse.swt/Eclipse SWT/cocoa/org/eclipse/swt/widgets/Decorations.java	10710b2d092524efd06138dd701bfa0217ea77e46c225493541ee9c76337522c	eeb760e7336b66b6c4394807f0e18154a1ff925565b598f9c63f40cc39e545ec	dbde5afa910f650dc57cb079b0d5266d03672c3a8f8b2944ba23ec3554efda0b	299	true
bundles/org.eclipse.swt/Eclipse SWT/cocoa/org/eclipse/swt/widgets/DirectoryDialog.java	31f0eb2d4d4aa538281888094e9afe032a45e11bd03898591eb00566d382da05	61719dd38a5b248d6fa42eff8c06d6b246f1bfe05964d7888d5201d4c44cbf75	8ce30f4370ca6547c06abc1f0fdbe2954dafe6a862cf6ff9ffc7dda296b26b88	102	true
bundles/org.eclipse.swt/Eclipse SWT/cocoa/org/eclipse/swt/widgets/Display.java	519eef531a0a2f6f01ad0159f70d12286a7e6bd0f604ae2972313e5431a48a51	2196e08802dd82c2e37af3e9988513b2d3ca1cf73f8b3714d5d91805adfcfaed	5e0cb4a51aaf8393b2368087343d6d0330469ce3884420d67a5b7b234b540cd0	4749	true
bundles/org.eclipse.swt/Eclipse SWT/cocoa/org/eclipse/swt/widgets/FileDialog.java	74e0951450f7e8e4c55755f2a0cfda8118564ca1853ee3588d4c3a0000b4e91b	de422af702f2a416cf4d5360be5dc225da74d52dd3ed2bf12816087478233ae7	0700048615767b53a872bd7b205802e083bf515d2391dbbd83d4b0d36d298678	368	true
bundles/org.eclipse.swt/Eclipse SWT/cocoa/org/eclipse/swt/widgets/FontDialog.java	42adc5cf741ff7a2730005078cfecceb6205ab9e52d55ffc28047f843aa9b8af	7c70c2d6919a2cf11f4f9f7a2afc132523d316855d17a555596999ab0ff5e9cb	f354e483eb2764f2435ac4e3d84cb479e0d8a4612b0b3f924160683e0d5264a2	82	true
bundles/org.eclipse.swt/Eclipse SWT/cocoa/org/eclipse/swt/widgets/Group.java	e424082ba97ff5e56d11e767e97fce8151f266a2115f9d757a2a5219d93dd9f1	0c9b6212d35fa8b78bba327d901cc87b3124bd82f8b333039e6e2064cfd6a47f	ef4dd996d6eb615c37ebbcacc1807289de4ebf3d4ac3e5f134fa2a18a90bc859	114	true
bundles/org.eclipse.swt/Eclipse SWT/cocoa/org/eclipse/swt/widgets/IME.java	97ee7d59112ed6bd72a1affe386d5232e19f2d487eb96c26532be658f1940449	2291b4630e90304cb8ab9be42a180fda63a41e22bf1b61db8798b019fd9ebaae	b3106c6706cb05aef1534ee866e23093b52264bc8f05e25b29f5be59834230e4	297	true
bundles/org.eclipse.swt/Eclipse SWT/cocoa/org/eclipse/swt/widgets/Label.java	b67f98bb6f24e3a5deafce19d777b295d74002026ca7e1f7ccbb1436f84e45d1	2d7083320f615c056ee1b33fd1ba3d15945e0a3381ad42c3bff8b91bc0e02c43	1c7f8da9e812ddf0e06a703525da5d0f9318ffdbd2ecb5b8cba3ab6c01eab4dc	309	true
bundles/org.eclipse.swt/Eclipse SWT/cocoa/org/eclipse/swt/widgets/Link.java	91655c60fb77c027e515f9499ca69cf69e9f6188ac5b4e76375f9bb1853909f5	3dad2dfbd532f7b8704c4bad97640b84950baee70e30ba6133f98f2885d89d27	59e985265d27c263e8a969b7f08657e873f211ab2de69fe12a1e3aebe85e2a42	585	true
bundles/org.eclipse.swt/Eclipse SWT/cocoa/org/eclipse/swt/widgets/List.java	6b307505da531f40986deac2e905c78696a8c311cb8a6671de65cf8b99d82d3c	ff5f64cc72ae1d188560e2065494ec86d08756824653cd41fa77fdcf78aa99db	dd6d507207a6bc4d3238e31c7ce96716fd8ad883c0c40e850df38da2b9ceeeba	824	true
bundles/org.eclipse.swt/Eclipse SWT/cocoa/org/eclipse/swt/widgets/Menu.java	b0c7ec84c44fd48d6719b391b74d4572f46513dee7ab3780bd327885194cf799	c23d3924f06514e0444e0917f659a42c081033cd6b5231fc7062b5e0a581c824	95b798d3d8d7ba58cbac04afd497cd93f435fb4657467b5c6cfdba9e541f0fa3	566	true
bundles/org.eclipse.swt/Eclipse SWT/cocoa/org/eclipse/swt/widgets/MenuItem.java	275917b18d8262aaf291087f034a164aefec92691b7fa43088618f5ea1ad33dd	931806384a6f827eccd5cfaa13142d4c860b1f5a2677b4d9ef2d0b93828b4700	f2311b44450d5764d919e1ff42f78454aef18b06185e7b0c563635dd92e2d1de	541	true
bundles/org.eclipse.swt/Eclipse SWT/cocoa/org/eclipse/swt/widgets/MessageBox.java	f791c70dbf80e1f99ece3b76e76ca7a1e0eebee54945a37a1e63fb8745c64e2f	6e941c33cecf374550fcef3bb9d36e57d4142b1d06331734f644766c05617387	f44dc561ebeaca9d6c9c5b98df10e2df2efb93f63ae00db0b384d447ded6ff92	227	true
bundles/org.eclipse.swt/Eclipse SWT/cocoa/org/eclipse/swt/widgets/ProgressBar.java	853de8b889536a45ac6e7fbc3164f768ba396d1f5f6a4220f76ca54c7d8e5b28	9a4e26106723ea227173f2ca8ed4f5c95d83589af3be7d961834fbc22174ac6a	21107eeafcf69efebb4d17998c0ee9350e02b7204b65611cc43efdc11133acf9	112	true
bundles/org.eclipse.swt/Eclipse SWT/cocoa/org/eclipse/swt/widgets/Sash.java	9893e7d0886887d00568b38dbbdeb0649df665491c4cdb6f5776438cadcde041	b7bded1f96d297183cf0a30490384aeae92d02304e2f3c4a08c9e572a9f2d734	bc5ee822c86e836ad10be1cbece56399f964082981d32f3eae8e6624d8976335	352	true
bundles/org.eclipse.swt/Eclipse SWT/cocoa/org/eclipse/swt/widgets/Scale.java	3d9d8296d80faa30a7fe3e7778c09cab9069660ddba02fa75a31cdc5454de79d	d64455626499190ee322e668f16c84cd86011198d1a7058110cd7d063a639252	60bf6a84c0f8d26ae69498aee0cc9a1df6f58e9cfb4f719c4dcc68b015f026b5	103	true
bundles/org.eclipse.swt/Eclipse SWT/cocoa/org/eclipse/swt/widgets/ScrollBar.java	c355f85b65834ecc509817f0cdc659e5e3c992ea2552686a30c4256f6cad4ad9	50d2473fbb26236111519eb05be75ea7330ea26f33427df98605958ec033a850	ef5dabbae72f32438e17af86bc2209248d64ab4e31334bd6ed21f45fdd9d35dc	244	true
bundles/org.eclipse.swt/Eclipse SWT/cocoa/org/eclipse/swt/widgets/Scrollable.java	41a54c5a51d3ce695671315f3cc8d2793e1b9dcb922fa2b68e737db5910b257d	ae32a191ac204158bf8cd23c58c96f86b39d68dbca7856e39991f4c44c01502a	c282c9e6659c0043f9102189aeedf32f446cd5925729e688ec398ef1d4fc864c	230	true
bundles/org.eclipse.swt/Eclipse SWT/cocoa/org/eclipse/swt/widgets/Shell.java	eaa02e7cbc463e69042d8371b9bbc2262e097fcfbbff7094fd44fbbb64550371	44330f406a91482516fb0e635cbc8863d46dcf34e21be9b629fb50a00b14f789	367e0add9ae86492f407a5444eb04960b94d387d884b4219cb3cd7011bf61ad3	1618	true
bundles/org.eclipse.swt/Eclipse SWT/cocoa/org/eclipse/swt/widgets/Slider.java	b3bddc0623e3193a2fde3da6cac727f9a4289cd8308e4aae5378fd0e4506034c	fbe98113f4bca5f734678950651acf7166bac10bf04033418ee0189ff076e814	ccd7daafa97f0e2473bc681da2c9e6aaf24c399d65cbdaee5535743c923ff9b7	187	true
bundles/org.eclipse.swt/Eclipse SWT/cocoa/org/eclipse/swt/widgets/Spinner.java	4c895a8268fb1849d72c56c61d1462cc6c20b86d6d5822ee67dbd63aa5399881	49d111e03cd6a18ef1b186ae04271f52b4ab12c444df1a28fe36f8e594d64ef6	432735d86d1777a475344f840d7778024919ceb67544ea872370ee13700d83c6	607	true
bundles/org.eclipse.swt/Eclipse SWT/cocoa/org/eclipse/swt/widgets/TabFolder.java	bbabdd2ffd762d23b82fe316a5380d11ab6f7d9364361ea23381e5fcfdd406f8	17f48383d7f0321fe7242447571d40102f402d679f12e2403a70b242a5c128ce	5efd0d81f8b05e6f4bae5d4880cf2f80473dcd03f05de446c0f6e25428a8f1ae	400	true
bundles/org.eclipse.swt/Eclipse SWT/cocoa/org/eclipse/swt/widgets/TabItem.java	885f2ac5cdba0542846d173a0f9bd5d89b2e29fb689047a203c05b48c4c4cdd5	2b575f917e12df18bbde211c32bc77802469fd6c0f8032a51ee68c9c70f9df3e	19ce83e9e175eb476655fbe4d9700fbc18700596a5d5eb5767e6221b71dfaa01	214	true
bundles/org.eclipse.swt/Eclipse SWT/cocoa/org/eclipse/swt/widgets/Table.java	6f5b157cb61564bd2de48d0a4301847b3cdd198578c9c109f6d6c2f897d24251	0fcfa4b10908805bab65b77ea9f56ceaf711b0a33ee4035185c0c8e4841e3828	3bd622c31b5a96edffcede20b4ef6539a2531b3ddf29c257220555ba440fc308	2644	true
bundles/org.eclipse.swt/Eclipse SWT/cocoa/org/eclipse/swt/widgets/TableColumn.java	6c3c922fe6762d75fc487289b41bf7dcdb96bde4dbd5ec8d4d30382da17415c3	07bd8a47afda03bb3107c5c0529ad85a6ef8915aa58d0ea264651660b9adac8e	9a7f08c891fbc6212b42ed7c06afc8b7757f8bdf0bfcef17a36dd9919f5a4b4a	341	true
bundles/org.eclipse.swt/Eclipse SWT/cocoa/org/eclipse/swt/widgets/TableItem.java	ead46f3df97be928e9c3bb2cf5b7c80bebfa88061982bf18a0f4c6363957e9a0	28440ba8f4613e3c6f2728fff2343daf274c05ff5f7315a72585289c6589a485	9d0f24aa9fff535b9816dc93fb25e7a96a28cc727d5df636f783f23222800023	689	true
bundles/org.eclipse.swt/Eclipse SWT/cocoa/org/eclipse/swt/widgets/TaskBar.java	fb0c85ec149166af9050b9df7a6835ae180f06cc56ad5dd10d182f54b4de270e	eda1a58ecc4e997f4ceb1a6b110c7b2402b914d886edb282cebf624c6efc835a	00d3ff170bb349ba036c3eaaf5da085e97daa54bc0bc2c51cb2eb11c9f2f8040	103	true
bundles/org.eclipse.swt/Eclipse SWT/cocoa/org/eclipse/swt/widgets/TaskItem.java	3c1dcd5c20efa3bd84ad371a03fe45f7b70895a34ec1858e9f259c7d430bafd9	a6c14a9011a3c733a68088950028820c290272c7e721626d0e5c3701390266ce	23c826f5b6cedde0f7b9074e321ebeab3f1d0a9dd46ac92e42eb79aaa039fa38	169	true
bundles/org.eclipse.swt/Eclipse SWT/cocoa/org/eclipse/swt/widgets/Text.java	e6b6b51f631d42bcf731d7e7cd1088ac60e107d4058794c3314c86452a6081bc	198bb9ebe3bc5783fd216b7cff1eb083db4b464f43931581d4bbe3683671d76c	426191474482099cb9483d4a510344f2f534ee5fbf15e17e9bd4917de546d8d2	1400	true
bundles/org.eclipse.swt/Eclipse SWT/cocoa/org/eclipse/swt/widgets/ToolBar.java	c9efd4fa17a5d823c95ce9e70dba080b8be150145ddec7cd7b65b62fef7e1ae6	c99184ebcb45c5af0db0560fb29fa3b21a814ead5b309502417b9451c04348e4	b46e1f07513b132eb0c4f96131f9b5a3ccf5b89e207b1b51642262f70c35fc05	649	true
bundles/org.eclipse.swt/Eclipse SWT/cocoa/org/eclipse/swt/widgets/ToolItem.java	9155fa8bc1ab00bb433008bcde520ff48e2c91ba2e6a90ce2b7f5d9e7de344cf	3ea61dccab7090718e8282790f0013420fb1ca9b14a7abee507106a303cfd536	f3588cef38859638c1d8c9cff532a549a27744822af190dfab57f0314493bffc	810	true
bundles/org.eclipse.swt/Eclipse SWT/cocoa/org/eclipse/swt/widgets/Tracker.java	b11b5d4b916dbca3584920709ae047b1d9d0ab1f214e76d8f2d30be5229d0516	18bac67ade9581725b0608e2788deb0b160ba5621280fa43c1d7331c6530cba4	21c6640651843d9d63ef46eee383e5123b483007308850465f05c8dff76030b9	879	true
bundles/org.eclipse.swt/Eclipse SWT/cocoa/org/eclipse/swt/widgets/TrayItem.java	c9cca51b7eb59aed46adad3e52aea05fe6a5bb1b04148a258dbe13bf0a0ba8dc	b4e52117478a033e6c784ffa8f2111e3a488ff6981326fc540c6c24926f1947b	203bda91e3775a6bc5a2482799c7e7a3f2a781593d9a9ba3f0a2cc86cde7568e	259	true
bundles/org.eclipse.swt/Eclipse SWT/cocoa/org/eclipse/swt/widgets/Tree.java	393d2a6ce723a71865ce70eff42a676b5326c8be89c6ce6a26867a0fcb9b08a7	feef243e8f27be2e3d7e0dcbd66053766f2d0a71d5b1f727c4629ceac6c6f5ad	4147d0b3d5f50f9ae7ef860faee5d8520363fd7c832ec048eaedaf826a06ffd2	2538	true
bundles/org.eclipse.swt/Eclipse SWT/cocoa/org/eclipse/swt/widgets/TreeColumn.java	77da9c0f7b190b6423ab73e912bda0a3aaa596c01af6627872d4d64d2100f95c	4be4a79d586ec413d0489603ccb7a1f97c65a1c9b00e6e05b4fe8c748e6e50a0	519b9cb36e6098a0f50212f4d5f58c7dc041ee1b93d3bc3ada735340683f396c	340	true
bundles/org.eclipse.swt/Eclipse SWT/cocoa/org/eclipse/swt/widgets/TreeItem.java	5f2506bfe1ad3cbb4419c71554d10c14f753774692d37650cad42ef133f8e4c2	0b8131bc10319dc15293c5ab10d7466b24626a333a6dbcfa68b7b3c40c33ad92	fc049d926ef74e17ba0ebd7a6f950398900d13a05a99520ff8497c94d9bf87bf	912	true
bundles/org.eclipse.swt/Eclipse SWT/cocoa/org/eclipse/swt/widgets/Widget.java	a11fd63af93df23c9800e6609861d63ce4a337cf0aa7b0ccb0081e7f02dbe0f8	2c9788175bd2a9f725f910312c5b654043015d61566a5ab2244abdb4738a21e1	97232bb04aded130b1897cd27dd78beb6eef46f17bd44ac678441bd8f9e48b50	1224	true
bundles/org.eclipse.swt/Eclipse SWT/common/org/eclipse/swt/SWT.java	9c0b15cc7e4bd38d4f106678b452914b2e1f1212fb567e77b657b83fcf977404	62ffee905e7076ad51f207a942c0b8985ab3d736a06fae04266dc61b6f5550eb	04b0635b95c1fc498c8a33abb255eb0855b76de1389935ef8dc192c3fd130bf1	189	true
bundles/org.eclipse.swt/Eclipse SWT/common/org/eclipse/swt/SWTError.java	e9e99389fc5b4ed7b9f33e8db102609662041baf787ab3a3574ac34e59d35ce9	8208b1d55e1554b9e11d574294ed57c2e1db7bad1401d6130367c91ae8627958	db0a069561101b598c12bbff0a4a16dc7c8f3fd87e77daea4127ea310dd36ca7	18	true
bundles/org.eclipse.swt/Eclipse SWT/common/org/eclipse/swt/SWTException.java	cc21b04e9e66159f69af5ebe05814e5215b9c49f7e6e27e1a71963c056b6c1c1	c2c23359ecc6c57ec931e34ba494eb0d96617deb9f3640d3bad1b10fe18985e5	a43a823da9ddd4010ff2029a3d3982b7f353f11ba02128736a7e2bbbdd7e7f7e	18	true
bundles/org.eclipse.swt/Eclipse SWT/common/org/eclipse/swt/SwtCallable.java	ea9768bf779b06485dd6bd4a4a7a258b77b019b0bfe3d02c5147500aeef2ff11	ea9768bf779b06485dd6bd4a4a7a258b77b019b0bfe3d02c5147500aeef2ff11	1d9c7822c6d95948809fc8ac8703505fcd2c3b3e11d5c390a8aaf282254e3558	0	false
bundles/org.eclipse.swt/Eclipse SWT/common/org/eclipse/swt/SwtRunnable.java	8e80612ffd6c33602e189735b7ae990b354c3710ebd4c0cd7d13e8e097ba1243	8e80612ffd6c33602e189735b7ae990b354c3710ebd4c0cd7d13e8e097ba1243	3a0bbb6bd6d66ebb0fc7ef838c33dc7f23c3371337957886653e93ddd6d7ad90	0	false
bundles/org.eclipse.swt/Eclipse SWT/common/org/eclipse/swt/custom/StylePolicy.java	c1a5d1036960831282c2ffdf9dc4907fb8497e20c69dcf8bdc7aa5a4905c8f95	18188f6732d4aa30c583968541b0f1f0c887724f8d3edeb8867b141d6a11c94c	3845c0e6b6d8ca574d4168306b4643a17c020cd888c0da695987816f76a516a1	35	true
bundles/org.eclipse.swt/Eclipse SWT/common/org/eclipse/swt/dnd/StylePolicy.java	ee49ec03b8f951f3ef2fbcf81878f2b19fe9b9a0a83bec52bfd8f03b9e4b94b9	a153bc17bad125cedaca83bdfce4c1ae6054dbbb8c29bae7848fea67a28baa83	162b43cb760e0c89d2beaabd4121b0e530d7aafaec68c472cb5c4619e5eae7f2	6	true
bundles/org.eclipse.swt/Eclipse SWT/common/org/eclipse/swt/events/ArmEvent.java	f6c577421a222905090c48340a442029891acc8c6dad5532268bcf1e99980374	f6c577421a222905090c48340a442029891acc8c6dad5532268bcf1e99980374	75d1e96bfcbc2a49196a15148859b110951e419388c4efe7af99c2ee9fe0b77d	2	false
bundles/org.eclipse.swt/Eclipse SWT/common/org/eclipse/swt/events/ArmListener.java	a5aaf0d00f61cdc8b00c8c40a05822770910b305d4d29270b69817f2dc23b8ae	a5aaf0d00f61cdc8b00c8c40a05822770910b305d4d29270b69817f2dc23b8ae	6e1834fb1534e879748db46075afa366232acd02cc3acd540f54c56a8986c8bb	0	false
bundles/org.eclipse.swt/Eclipse SWT/common/org/eclipse/swt/events/ControlAdapter.java	7cf47c0b8bf1061911a0306336dbd969c114cc4ca3b59d7986c9f584929c714a	7cf47c0b8bf1061911a0306336dbd969c114cc4ca3b59d7986c9f584929c714a	c172eea76b7b9e630b7ca7390c1e4bac25660b564ceb2cf1c3bd6e030c2855b6	2	false
bundles/org.eclipse.swt/Eclipse SWT/common/org/eclipse/swt/events/ControlEvent.java	6c481cf79924d840e9ed6e3a563c911b29561e3050dcfb6438a6dcc1e1ba681b	6c481cf79924d840e9ed6e3a563c911b29561e3050dcfb6438a6dcc1e1ba681b	20369df37766965b05673468b0cd86a01fc2436f265fe073b92641852ee53568	2	false
bundles/org.eclipse.swt/Eclipse SWT/common/org/eclipse/swt/events/ControlListener.java	7f4f6bf71e77dcebf20f6962da7df56ab5f86c689717c75be0b63885c39364c2	7f4f6bf71e77dcebf20f6962da7df56ab5f86c689717c75be0b63885c39364c2	387c2ba3aeff21171d6305e039f4738f67780cec8b9b1626bc7333ed7031671a	8	false
bundles/org.eclipse.swt/Eclipse SWT/common/org/eclipse/swt/events/DisposeEvent.java	fc122741064d529808eef86e6321ef199d00980c43ba5bacd808b3c400d27b3f	fc122741064d529808eef86e6321ef199d00980c43ba5bacd808b3c400d27b3f	5cf09ab041bc9e5cc3698ca08d5a19a6569894a885006413a0619e4f43919246	2	false
bundles/org.eclipse.swt/Eclipse SWT/common/org/eclipse/swt/events/DisposeListener.java	0d68ff2f7024989365690bab24e3539d0a102a2a9855acdba35681b41412f7c6	0d68ff2f7024989365690bab24e3539d0a102a2a9855acdba35681b41412f7c6	6404c364bb2316de57dd70a3073d06942728e5070d755e461cca5e55e48a7815	0	false
bundles/org.eclipse.swt/Eclipse SWT/common/org/eclipse/swt/events/DragDetectEvent.java	95b14db08f31891f53ef32adca1299b362dab0fc791737d1699eeefe55f30072	95b14db08f31891f53ef32adca1299b362dab0fc791737d1699eeefe55f30072	51880163a1582c4836adc20f056b2ca5e7065409a2e6e2fb686f6f75bc7bd9a0	2	false
bundles/org.eclipse.swt/Eclipse SWT/common/org/eclipse/swt/events/DragDetectListener.java	8febed8e47bbc72f0705dc48998c6432b30871fd3b21e9ad7038866f74cb9ff5	8febed8e47bbc72f0705dc48998c6432b30871fd3b21e9ad7038866f74cb9ff5	261745115955afc2e9d9fd2509b69af75e3b6d4a81fdf0a4b0880391db10fade	0	false
bundles/org.eclipse.swt/Eclipse SWT/common/org/eclipse/swt/events/ExpandAdapter.java	d2f9b93bf2a1f5ce84c98372b121f3ee03b6efe1be40d65c648c7f787c9cd425	d2f9b93bf2a1f5ce84c98372b121f3ee03b6efe1be40d65c648c7f787c9cd425	30e6fd15661b2efbe3316d0f26f1c28ba1070a7bc84eb7e332cc3e0be623369b	2	false
bundles/org.eclipse.swt/Eclipse SWT/common/org/eclipse/swt/events/ExpandEvent.java	62948e53bb2187ea138ad77dff9920edd364d68dec74baec8f255c30734c249e	62948e53bb2187ea138ad77dff9920edd364d68dec74baec8f255c30734c249e	4249860557bc7467683676a0d7df6ed0200c3eab00d831d4bd3e3986ad9af05c	2	false
bundles/org.eclipse.swt/Eclipse SWT/common/org/eclipse/swt/events/ExpandListener.java	0d9bc77cf272ae26b1a81f2edc0d5fa7f4043aaeb4d93fe27923fbd8c92fdc5d	0d9bc77cf272ae26b1a81f2edc0d5fa7f4043aaeb4d93fe27923fbd8c92fdc5d	a7e6fcc0e7c892e7aa3c05437e69f191cd973591779aef1e51210261b0de0767	8	false
bundles/org.eclipse.swt/Eclipse SWT/common/org/eclipse/swt/events/FocusAdapter.java	d39a2836bffdf3b668f35d3953635a7f81db7a2c872c0227fa0a55f410894850	d39a2836bffdf3b668f35d3953635a7f81db7a2c872c0227fa0a55f410894850	e532a401c07927ada0148ec4e85ba495cc457693678b48bf1d952f1198a99387	2	false
bundles/org.eclipse.swt/Eclipse SWT/common/org/eclipse/swt/events/FocusEvent.java	999fa40d6d4cd85bd98a5015f33b05d0dbff3b019142fe3352f4da564cab0355	999fa40d6d4cd85bd98a5015f33b05d0dbff3b019142fe3352f4da564cab0355	5f02d50ed5d900e192e6e3ed9c5492a9584aeb248a56714522c9f05402e4bb40	2	false
bundles/org.eclipse.swt/Eclipse SWT/common/org/eclipse/swt/events/FocusListener.java	25f792bf82aea19206050eed8b98b62b0f2ac6c74aa36e8c8372170883d860e9	25f792bf82aea19206050eed8b98b62b0f2ac6c74aa36e8c8372170883d860e9	435f7de9674633f99cd9ed6b7d18262964e4bae2fe3a0b14e9cb06c769b1cef8	8	false
bundles/org.eclipse.swt/Eclipse SWT/common/org/eclipse/swt/events/GestureEvent.java	21005b220752269de2ddbb8e4e56e56d0cd80e4343d09113011fada8a94d2318	21005b220752269de2ddbb8e4e56e56d0cd80e4343d09113011fada8a94d2318	e967ea75bad1678ecf5633a5017b7c7a832dc931583ed54dbb23a736aea7957d	14	false
bundles/org.eclipse.swt/Eclipse SWT/common/org/eclipse/swt/events/GestureListener.java	19824bad1eff57efebd0be9c3ed7276435d78086d315cd96e527106837b2d74d	19824bad1eff57efebd0be9c3ed7276435d78086d315cd96e527106837b2d74d	3cb8b6329dbc7c9556f22ec6c175fbfdff1e91222f56260a8311df36e6d56dcb	0	false
bundles/org.eclipse.swt/Eclipse SWT/common/org/eclipse/swt/events/HelpEvent.java	71dcd8e6cba04e968e7718f4bf61c26a7afe09986bc07b68fe83b0ba3fb44cba	71dcd8e6cba04e968e7718f4bf61c26a7afe09986bc07b68fe83b0ba3fb44cba	7b41220c15d3350b5b3538624e8dfead01b35cafa336094f3fae382db473eba9	2	false
bundles/org.eclipse.swt/Eclipse SWT/common/org/eclipse/swt/events/HelpListener.java	ae9e68cee1eb3e4a05835eda7629b053ecad2d9833e7c17aa91956e380f5869d	ae9e68cee1eb3e4a05835eda7629b053ecad2d9833e7c17aa91956e380f5869d	a893913c605ba73cb0daeaf0725c37cfac7748e35fa7f79c3481a68869ccf9be	0	false
bundles/org.eclipse.swt/Eclipse SWT/common/org/eclipse/swt/events/KeyAdapter.java	90dc3a0c25fd6d54c1e1e597059c09f83de6bc3b8a644bc3c1c8c920100cd5d8	90dc3a0c25fd6d54c1e1e597059c09f83de6bc3b8a644bc3c1c8c920100cd5d8	833a690d0ef004ddc6b4036d12ef2b4fabc5710dc961d647063535b83b84fd0b	2	false
bundles/org.eclipse.swt/Eclipse SWT/common/org/eclipse/swt/events/KeyEvent.java	5899b3713f60d4ff2332293bb7e66c221246f1b40fdb5f504437bfbe3e35a181	5899b3713f60d4ff2332293bb7e66c221246f1b40fdb5f504437bfbe3e35a181	7a38203fb8671a747dd82c7e01ff404d9f58c1cd140aca813dfa9e603779f7b2	10	false
bundles/org.eclipse.swt/Eclipse SWT/common/org/eclipse/swt/events/KeyListener.java	f0026d0b08cbb1a450f5113411229e5a443ba2f6788f836aa516bd2fe25d9bbc	f0026d0b08cbb1a450f5113411229e5a443ba2f6788f836aa516bd2fe25d9bbc	5f34f05ef44a9c86f5d30867f2ec054d1e31859880a4edeec58473b20f763d90	8	false
bundles/org.eclipse.swt/Eclipse SWT/common/org/eclipse/swt/events/MenuAdapter.java	e3426a1e5c98ab90c24ffa9ba1c4dba427ed427c87eb6556922d280e96335783	e3426a1e5c98ab90c24ffa9ba1c4dba427ed427c87eb6556922d280e96335783	c0128595ebd378877f4265ae1c821b5ba0967bc62aa1debd1b132f8754a2dad8	2	false
bundles/org.eclipse.swt/Eclipse SWT/common/org/eclipse/swt/events/MenuDetectEvent.java	9c13654933580b2504d7ce3cef5dfdf6be1b1cf9da0f7ca4a925aca396c5f1bd	9c13654933580b2504d7ce3cef5dfdf6be1b1cf9da0f7ca4a925aca396c5f1bd	0c54db91c210f2c96b04a1d2443d9e0976933a5bb128d1f79ce211835b8c9fea	9	false
bundles/org.eclipse.swt/Eclipse SWT/common/org/eclipse/swt/events/MenuDetectListener.java	8b4b45753bb26151d0fe4ab25636c4bac9d95081719ffeaa9570e8c8abb33f71	8b4b45753bb26151d0fe4ab25636c4bac9d95081719ffeaa9570e8c8abb33f71	f0098a37e5382a0c3222ebb7846b5fae81132169842908c9a393ae94bbf02940	0	false
bundles/org.eclipse.swt/Eclipse SWT/common/org/eclipse/swt/events/MenuEvent.java	ed371706d9053235bf927469ab935adb9b4bfcba189c3d8387b4c3ccaa40eb0d	ed371706d9053235bf927469ab935adb9b4bfcba189c3d8387b4c3ccaa40eb0d	04770e33108810a2b4117d3c34372ff74de8cc6dfe197f99f96b88691a7f16f8	2	false
bundles/org.eclipse.swt/Eclipse SWT/common/org/eclipse/swt/events/MenuListener.java	c5c0b0e3830400d57c9fccfbaf62212ebac86fa4a1d4625d927d544a3fad415f	c5c0b0e3830400d57c9fccfbaf62212ebac86fa4a1d4625d927d544a3fad415f	432337e0a8259c2c35b73e96d997b8172bcf8531eb6296438a90143e9c751051	8	false
bundles/org.eclipse.swt/Eclipse SWT/common/org/eclipse/swt/events/ModifyEvent.java	5c839110d0e77a6a6ecc3d18fb212264dfd1c19d2f4c8987b4c912c923cfa32e	5c839110d0e77a6a6ecc3d18fb212264dfd1c19d2f4c8987b4c912c923cfa32e	832b484bb856b5e6b716c1def7be225a689ac95f5ad6553d7bcbb4635f779430	2	false
bundles/org.eclipse.swt/Eclipse SWT/common/org/eclipse/swt/events/ModifyListener.java	ac98dfb096cb81b4ff259482b4314c03f27865ba1af4e5a41faf1d6f0ae71d28	ac98dfb096cb81b4ff259482b4314c03f27865ba1af4e5a41faf1d6f0ae71d28	49050d39c8b1c616cb9f40de4f159d2d4e30f7bc08d80f78bc576f424d972da4	0	false
bundles/org.eclipse.swt/Eclipse SWT/common/org/eclipse/swt/events/MouseAdapter.java	2dc8dc739c1be586b8911177cdba951060f9a036d01d65c000f0ed6aa7457a04	2dc8dc739c1be586b8911177cdba951060f9a036d01d65c000f0ed6aa7457a04	d9234481f4495fba582709ef4faf2d42bb6d13eda8fdf7dbf4d551f4fb6639e8	3	false
bundles/org.eclipse.swt/Eclipse SWT/common/org/eclipse/swt/events/MouseEvent.java	16a7fd3ea2e85941dcc54d1a64c23e3f7fe1440f47337e796bbd79fc76527f1a	16a7fd3ea2e85941dcc54d1a64c23e3f7fe1440f47337e796bbd79fc76527f1a	e3b351992ea740922447f9a22552e5d93740989e60df673cd12d6268cba82178	10	false
bundles/org.eclipse.swt/Eclipse SWT/common/org/eclipse/swt/events/MouseListener.java	6e277014531c777bb594326ab79aafec9df0707ec095e1949257a353d5952e76	6e277014531c777bb594326ab79aafec9df0707ec095e1949257a353d5952e76	0434d89729c0c4e51478e48c3cc060e9a0c59bf6115a40e0a79f3f986f047b00	12	false
bundles/org.eclipse.swt/Eclipse SWT/common/org/eclipse/swt/events/MouseMoveListener.java	6f1e625b21ded6e4b5727512ea7c04ac01341355915a583fff15b27fb759643d	6f1e625b21ded6e4b5727512ea7c04ac01341355915a583fff15b27fb759643d	4002142ad7677d98576a422013f6032715d8216cdaccd056dfbccbf29fbacdfa	0	false
bundles/org.eclipse.swt/Eclipse SWT/common/org/eclipse/swt/events/MouseTrackAdapter.java	c8e0738c8d836b86b31f1fbddc4ba160d5ddfe8a74229df4d4b96c5bfce6fd7d	c8e0738c8d836b86b31f1fbddc4ba160d5ddfe8a74229df4d4b96c5bfce6fd7d	4984c28122dd8bfdddcf0dbff1f52bbea1cf7822de643ea256c17fa916202c75	3	false
bundles/org.eclipse.swt/Eclipse SWT/common/org/eclipse/swt/events/MouseTrackListener.java	362183e1cacec9ff4f90b3ee9b4fb274887088276b6abce2944564a7968f8677	362183e1cacec9ff4f90b3ee9b4fb274887088276b6abce2944564a7968f8677	fee1524a8610b93e07269d940a1ae6c16295238de43ab17e08511ebfdb6f8358	12	false
bundles/org.eclipse.swt/Eclipse SWT/common/org/eclipse/swt/events/MouseWheelListener.java	ac35f5fe458008344bf8aba72fc419df651a2931c8222d6a9dca8a73d603f179	ac35f5fe458008344bf8aba72fc419df651a2931c8222d6a9dca8a73d603f179	e2f41fdd9a98af73f59537b9bdd8b36d7510c4af3e9e70e399f3dc559d9ccfe8	0	false
bundles/org.eclipse.swt/Eclipse SWT/common/org/eclipse/swt/events/PaintEvent.java	9053665b4927c416cac56dd0460c52c7a73935ceae2d62077cfbde8a1984c2d5	9053665b4927c416cac56dd0460c52c7a73935ceae2d62077cfbde8a1984c2d5	9183f73d88ad54345d54dc31562e006c743700b7ab8506d1f8a3f02a83125fbc	11	false
bundles/org.eclipse.swt/Eclipse SWT/common/org/eclipse/swt/events/PaintListener.java	6f6b0e9d43a9c6f7e77340609a0d9aa44ae5f331ebeda0c36240b856689c67e0	6f6b0e9d43a9c6f7e77340609a0d9aa44ae5f331ebeda0c36240b856689c67e0	988d6076f99f245e2aecca6489b1148a8b95adbd81178a49bee6670fa0db2206	0	false
bundles/org.eclipse.swt/Eclipse SWT/common/org/eclipse/swt/events/SegmentEvent.java	f36f6708b66865bca1ce511bc6d47b6797d70d8e1918d3efeb6eebfcc9cfd76b	f36f6708b66865bca1ce511bc6d47b6797d70d8e1918d3efeb6eebfcc9cfd76b	0e1a909c4cbd755993863e4f8ed9f4c9d885329ea7714a7b855828afc505079b	4	false
bundles/org.eclipse.swt/Eclipse SWT/common/org/eclipse/swt/events/SegmentListener.java	17710d00ba9505a118eb05e9add0372eaca9a8a14fd4b776141e9e58ed15a0b9	17710d00ba9505a118eb05e9add0372eaca9a8a14fd4b776141e9e58ed15a0b9	cd8117b99bce5302dae367329524c49e670e49941a7506bf7a04abe2626a02f5	0	false
bundles/org.eclipse.swt/Eclipse SWT/common/org/eclipse/swt/events/SelectionAdapter.java	983368946363317643a301af307fd8cea8cf326e86ba5e08ff409c719e3b116d	983368946363317643a301af307fd8cea8cf326e86ba5e08ff409c719e3b116d	e903ad489ce98471734f61d8175e36c82d9c53ecaba6048c825c95689dfa593f	2	false
bundles/org.eclipse.swt/Eclipse SWT/common/org/eclipse/swt/events/SelectionEvent.java	f11e83d678309130fe3eda48a1c21cf330d645695b48df8f93c2cf611babaaa2	f11e83d678309130fe3eda48a1c21cf330d645695b48df8f93c2cf611babaaa2	85d98e1a4c9850fc9b7fae847ebf1d00c5afc92f53129ac2b221e0ce9fbf306c	14	false
bundles/org.eclipse.swt/Eclipse SWT/common/org/eclipse/swt/events/SelectionListener.java	06077b6fb90a41f6e7041ba887440e6e60039c04e7c3d98babf3cf58b636da78	06077b6fb90a41f6e7041ba887440e6e60039c04e7c3d98babf3cf58b636da78	8c1c6d5e96d26b85f784ef57c62468a522f0ad645ffd1fb3d83ba7e4570bac58	8	false
bundles/org.eclipse.swt/Eclipse SWT/common/org/eclipse/swt/events/ShellAdapter.java	286d843d062e1c788b87bd5fa0b7d204a8e3a44a245ed76274896123f09ef148	286d843d062e1c788b87bd5fa0b7d204a8e3a44a245ed76274896123f09ef148	90227d687aef781e433794c2ad41887f60c31eb56c5f9aab4e5227b15aa790d5	5	false
bundles/org.eclipse.swt/Eclipse SWT/common/org/eclipse/swt/events/ShellEvent.java	0dfb005d2b46e592b8a8b6c813302bd429f0eea4b7c65a29b72fde0d28652816	0dfb005d2b46e592b8a8b6c813302bd429f0eea4b7c65a29b72fde0d28652816	4d98e99d36b8357677966e31395ec77beb62b7ccb983d1a058281e120aae59ea	6	false
bundles/org.eclipse.swt/Eclipse SWT/common/org/eclipse/swt/events/ShellListener.java	be22fa3fbd8d4e6f6134d22b4f97bc5cd467618c2565370711d6ec9204543761	be22fa3fbd8d4e6f6134d22b4f97bc5cd467618c2565370711d6ec9204543761	6849d65c74ca54b3e657752d77dab193241942b2d078ce8c11b4413e6051e831	20	false
bundles/org.eclipse.swt/Eclipse SWT/common/org/eclipse/swt/events/TouchEvent.java	62aa40b8b595605699bbb1ccd0afc3d5055a7c22055a5aee3a1e893913eaeafb	62aa40b8b595605699bbb1ccd0afc3d5055a7c22055a5aee3a1e893913eaeafb	1b810d009a6c7152207a419bc3ed021bbcc5433a9f156921eff3c690be2b9b8a	18	false
bundles/org.eclipse.swt/Eclipse SWT/common/org/eclipse/swt/events/TouchListener.java	18be3bd1c57bc8d770e74852b0ea0de1f01ee094079aeb8fa389f3089822e6ed	18be3bd1c57bc8d770e74852b0ea0de1f01ee094079aeb8fa389f3089822e6ed	6dcfd7aa7af0362b1b646ddb161485e48e4a573001524a088f87d0e852305198	0	false
bundles/org.eclipse.swt/Eclipse SWT/common/org/eclipse/swt/events/TraverseEvent.java	83f55a8699f0a916981be3fc069497978a19a15ab785eaff39e6c675a7e525a2	83f55a8699f0a916981be3fc069497978a19a15ab785eaff39e6c675a7e525a2	497c2058cf683a4a5cacb7a4d7284988085e9dec71d1c6e38d677f32a3111d12	6	false
bundles/org.eclipse.swt/Eclipse SWT/common/org/eclipse/swt/events/TraverseListener.java	55be94dfaba185e0bfa2094bf28dcf0db08e4aca32b61f427a60331183fa3e2c	55be94dfaba185e0bfa2094bf28dcf0db08e4aca32b61f427a60331183fa3e2c	b7ddc33a432502aeb79a6dd376a5f6e4f01af6a63b95ab44b2d7accf3f974ce5	0	false
bundles/org.eclipse.swt/Eclipse SWT/common/org/eclipse/swt/events/TreeAdapter.java	400fb9f1793f5f5f108370c6187741ec797bc62a64d6bdd511fc4231aef63850	400fb9f1793f5f5f108370c6187741ec797bc62a64d6bdd511fc4231aef63850	9de1f0e80277c3782df43c8fd0a82750d8db1fe4973a1ad2bb03f756e032ea4d	2	false
bundles/org.eclipse.swt/Eclipse SWT/common/org/eclipse/swt/events/TreeEvent.java	7adff1c634a6a873d245f783fc5b4f4b8825662da42e94bf0d3c9430112b2704	7adff1c634a6a873d245f783fc5b4f4b8825662da42e94bf0d3c9430112b2704	531677e0298d65273ac3bd052dfc0f9fbf0d7141aa8e2073557e8ca693cf354a	2	false
bundles/org.eclipse.swt/Eclipse SWT/common/org/eclipse/swt/events/TreeListener.java	00e48f05c0c0a9e0f3882fb363fc04335fdaa79e58a7be58fb2bd129575706d4	00e48f05c0c0a9e0f3882fb363fc04335fdaa79e58a7be58fb2bd129575706d4	331681ede9c78f4f50ee9d9b37f0deb2b8427822eb5578de3e91206d518e060b	8	false
bundles/org.eclipse.swt/Eclipse SWT/common/org/eclipse/swt/events/TypedEvent.java	ec6145fc87b6f07221a1f31fd63f930ff390fb76806ff39cd0a2c519cbe8ace7	ad6b40072dcc4b00bb32c085692448634ea37211b61110a250974d3c893425fb	b9e2a9d73177c32e99b0a17060966665e21705ca0f8203eb6291c5942cdfeac2	17	true
bundles/org.eclipse.swt/Eclipse SWT/common/org/eclipse/swt/events/VerifyEvent.java	6ba41be0e374e862293ddafd2215f47cc5bbf31d1aca447560fd2494669880ee	6ba41be0e374e862293ddafd2215f47cc5bbf31d1aca447560fd2494669880ee	c38c30daeffe1784b01aec9700d9721990e6a28d88d6adfcc6cc452e2136b827	8	false
bundles/org.eclipse.swt/Eclipse SWT/common/org/eclipse/swt/events/VerifyListener.java	524a28d3b23fce52e0360ccac198d2bfb6a5deb1c03be17564232784e7fd1dfd	524a28d3b23fce52e0360ccac198d2bfb6a5deb1c03be17564232784e7fd1dfd	b30e8b6976cf13538640264cec8086f708ec8fb9c1105053094f6aeef99e4872	0	false
bundles/org.eclipse.swt/Eclipse SWT/common/org/eclipse/swt/graphics/AutoscalingMode.java	057e1a1654a78a67f80f703761e7cbdbe787d022990f41eefa84448c663297d2	057e1a1654a78a67f80f703761e7cbdbe787d022990f41eefa84448c663297d2	23f784429b70a165fb8a27fd41a1ad396dfad549a82c279ac8a601011b47ca4f	0	false
bundles/org.eclipse.swt/Eclipse SWT/common/org/eclipse/swt/graphics/Drawable.java	cb459127eb10de06376ffefd2dd9780613c4b006ebf36d074121116e777b231a	cb459127eb10de06376ffefd2dd9780613c4b006ebf36d074121116e777b231a	e7bfeec3e206aaf5953177817f148857b90b930c8b61f513974a62e0955dd060	2	false
bundles/org.eclipse.swt/Eclipse SWT/common/org/eclipse/swt/graphics/GCStylePolicy.java	d64e7551511a7c5f5a6c5675ca186656a7e3640ba6224875070c1c05171981cc	c620951f991a6a9c45ef2ad1550fb97e21565ad39c3f68b8b4125068810db6da	d1d70f28fab0e2e388a3ecf9f30c9c317dc5954f794f0773e819445d5f60e5e2	6	true
bundles/org.eclipse.swt/Eclipse SWT/common/org/eclipse/swt/graphics/GlyphMetrics.java	9199c4df5467a7c6f82caaee162d2907acb5bc99723abf3a6bee97e3cde516f3	a12e4238d0c24678e1c0084781022b6da61e2ca533c9c901d14cbfdec60abc43	70704a65834920d357dacee2806e2bdc9b597cee796ac14c13140bac53d604f4	19	true
bundles/org.eclipse.swt/Eclipse SWT/common/org/eclipse/swt/graphics/ImageData.java	af3f375de7982e8f576352df1f5de88bdd1d5b34aa026d4bf189b7fb7a81b187	dc6327ad9419c99f867c27b41ca45515f79fdb6711d39053704807e5228d93b7	af575b7981c8ac462a209653da858861b7550f9edee22675af57233acea81839	1925	true
bundles/org.eclipse.swt/Eclipse SWT/common/org/eclipse/swt/graphics/ImageDataAtSizeProvider.java	6d6849cb21b92b01b549acd2d613b351a71261f5189477329c77cfaa073a39c8	6d6849cb21b92b01b549acd2d613b351a71261f5189477329c77cfaa073a39c8	9f40e3003d494a60e02e5cbcdfdd3e392e7674909901d66009f702d5bb5bc476	11	false
bundles/org.eclipse.swt/Eclipse SWT/common/org/eclipse/swt/graphics/ImageDataLoader.java	7ea744f2626dc16c36327f5761aad877bcdb63c6b81afb6b5c61097d9e1d147c	0b5760fa5638eea330a639b944133f629f611ae21772cdb38db4c242e793a841	0e9010df04dcf95c3d45c75981e4b7acf239fb46286996905a53b37894b0c500	36	true
bundles/org.eclipse.swt/Eclipse SWT/common/org/eclipse/swt/graphics/ImageDataProvider.java	d4ab1ea27815ebcacd37177b86d5f5a69fc0321f759fec95c07baea55645ddb1	d4ab1ea27815ebcacd37177b86d5f5a69fc0321f759fec95c07baea55645ddb1	a0d6a797b43f4b3e4df56e300a2acdc007aa2218297680c5778cad650f78c43f	0	false
bundles/org.eclipse.swt/Eclipse SWT/common/org/eclipse/swt/graphics/ImageFileNameProvider.java	a577d6a8ebb1425528daa0cbf5d61f8e5a17ac42794e05aa039e2b9d66474056	a577d6a8ebb1425528daa0cbf5d61f8e5a17ac42794e05aa039e2b9d66474056	0b9b6a834e31ff15058dc0a0736ce0b7cfe5bda8bcdf8043bf02bca91c87121c	0	false
bundles/org.eclipse.swt/Eclipse SWT/common/org/eclipse/swt/graphics/ImageGcDrawer.java	23e1726f276aa815aef31180f4fdd692591f901419a7c9aa27f8274cc64b4b53	23e1726f276aa815aef31180f4fdd692591f901419a7c9aa27f8274cc64b4b53	d6de421e47f53cd6ee85797688a06a54b22d7f474efb2eb340454bf0591ba939	3	false
bundles/org.eclipse.swt/Eclipse SWT/common/org/eclipse/swt/graphics/ImageLoader.java	018c494775c5ede388533757cb5e56c151b5ac3f5a36f328f54527780cad5356	c60be7b82e253a597bb8576ed7b753f34b4bb1db526efb0fe92db142de622220	2f48fe050845464bd5ea855d8258d64eb7e3327be6fa939885727b2c8e6067c1	101	true
bundles/org.eclipse.swt/Eclipse SWT/common/org/eclipse/swt/graphics/ImageLoaderEvent.java	d91173c15c4f739e3b2554fe83957a1b8d48de0e48ed9969fd220b1927d2cc65	d91173c15c4f739e3b2554fe83957a1b8d48de0e48ed9969fd220b1927d2cc65	4f24326eaf9b9b8fb5800784825f4faaf26449cfd4fa85e006eded8862d3ac96	7	false
bundles/org.eclipse.swt/Eclipse SWT/common/org/eclipse/swt/graphics/ImageLoaderListener.java	76a6917d3c5439c839fab7ac16ebe0ec3ffac646de1592e0a1792d00bd94937c	76a6917d3c5439c839fab7ac16ebe0ec3ffac646de1592e0a1792d00bd94937c	4a808eb2145406d0234eb01e487d8f6b906d9f6846bf543c30289be54657c355	0	false
bundles/org.eclipse.swt/Eclipse SWT/common/org/eclipse/swt/graphics/LineAttributes.java	3b700c5c215ca91dcda2832a6476ecd665f1f6592de93d8f00dbfa639dd61248	1877af872205edfdc78581a49d81c7549a037fcd81b9ec78d565cb5384574497	7c9dc336bd2957435122b3ed2d72adc926a0acee987ecf47c88da14f0429c6ff	67	true
bundles/org.eclipse.swt/Eclipse SWT/common/org/eclipse/swt/graphics/PaletteData.java	61701ea0513823f225c6a08df2306544329ac7a4919ff4147d0b70dd4596ff5c	267820ae702752de5cf399f3062beda28dfd364ace9e7b6ed6d9807913f31ecd	7296feff6abadc6b3ab9bba02b6f41b730162841fe11ccf0dbe1e4962999016c	61	true
bundles/org.eclipse.swt/Eclipse SWT/common/org/eclipse/swt/graphics/PathData.java	9faf0aa393153176f5cba4516979088a136e39ee00e3d24903291474b3e24fa2	9faf0aa393153176f5cba4516979088a136e39ee00e3d24903291474b3e24fa2	ac195654659d05795f4d4f944aa36bdc389b5354a81ed55755c123356b8c4a0c	0	false
bundles/org.eclipse.swt/Eclipse SWT/common/org/eclipse/swt/graphics/Point.java	1408b41e65726d45f9c5eb7a900864432abc659adfee015a2eecb960f17340fa	1408b41e65726d45f9c5eb7a900864432abc659adfee015a2eecb960f17340fa	2999e115ab4b8339f92c746249dd82da7b3cac02b72ef2a00fe5310a5dcd6be3	57	false
bundles/org.eclipse.swt/Eclipse SWT/common/org/eclipse/swt/graphics/RGB.java	7884b51a0a049931f86a45206337432d301dfd982354e83f2b485c28a5424a4f	83a569433ce8bec1c6209be58750592c52c3942f83370f646f55692b306daadb	fc6596c1b9cf25bbfa8a7d5ee48237064d100887703b9597c8dbfa7f3540eca6	103	true
bundles/org.eclipse.swt/Eclipse SWT/common/org/eclipse/swt/graphics/RGBA.java	ba69139e8f9688fea72c0b28c54c5c4a8734b925764ef9367ef9308f06100480	1bcc1af15f92a1c27036658eff0c1a15c59b6152b6d5c3f408c5d5ea3824b84f	66bc352ce33c2e7dc6221bb21b153acb0f71c610c279512f4cea58e35d252889	27	true
bundles/org.eclipse.swt/Eclipse SWT/common/org/eclipse/swt/graphics/Rectangle.java	e01619589b011a555988a2fd7eb58cc654adc34c28eef5493d045988533fca05	c15099c4983c0b5d80e0b768e594fdb8015ad36e2c5aaaeb5a97d3ce600a019d	41d5c3c0a9a66bf16a0998dbfa165d2f03428fb809277c33422ff00c0045e3e9	171	true
bundles/org.eclipse.swt/Eclipse SWT/common/org/eclipse/swt/graphics/Resource.java	da7d8a7d6fd2e3f91737bcc7451b2243a69ba5171bec86d95cc4c95d1de2db5b	9fd840fc60c4cb679de93e274b8488a89b81f46e935abf32b0129dc90039dbe2	cbc2a800539861ca4a4c63a549259b5de0fe5a50628a417ff284aaeef025cfce	94	true
bundles/org.eclipse.swt/Eclipse SWT/common/org/eclipse/swt/graphics/RoundingMode.java	fb31bca581cf0269dac82fd960802677d6da00bfd529035f0aebe57239a9d88d	fb31bca581cf0269dac82fd960802677d6da00bfd529035f0aebe57239a9d88d	847351404286b5492ca04ff8fb8b116e988eaf2850cc19e5ae4201e6eb87e6b1	11	false
bundles/org.eclipse.swt/Eclipse SWT/common/org/eclipse/swt/graphics/TextStyle.java	37e3bc8cfe9f55e3604d92a7f40c41259cd3575a7a621e35ad095541ce0be849	54d58a48363d1c910553e41c65066e81057a00e8cbb14339066578dfaac4103d	5fc9058da28c32a5f0b4e961c0953343b400f12d78b52e36e41c354a41630629	341	true
bundles/org.eclipse.swt/Eclipse SWT/common/org/eclipse/swt/internal/AutoScaleCalculation.java	a426d6251f6faf7d851fd88b8330b524d76da761d25883d4bd050cb7fd8508af	a426d6251f6faf7d851fd88b8330b524d76da761d25883d4bd050cb7fd8508af	d8f8cdc08861472cf767aec398a2329a232cb5fce90d9824e9a52704ef5b747b	66	false
bundles/org.eclipse.swt/Eclipse SWT/common/org/eclipse/swt/internal/Callback.java	b497efc46285ed495da817382134b3f40a7c5d3fc0c0ef791b6d4123c81b3a9e	42c99d5ca2928112d8f5b07ffb1b24ed46d59bc3a96e75368f4d885d44332e4b	080dc313f74716a270b0cabbb1a70ddb4e219873cc1035977cf8df067f4ddd5d	105	true
bundles/org.eclipse.swt/Eclipse SWT/common/org/eclipse/swt/internal/Compatibility.java	d6f10be8ec1bb223593131d5f020c4927342e9b91e187e29f4043a39f16b556f	d57d5220222aeb5ccab02e52910f9ebbed967ff768a914e1ca5891df1564c198	af4e99286210ea5f9d142f891428e4c504f8440f7ff97ef983f72dedc60450a2	54	true
bundles/org.eclipse.swt/Eclipse SWT/common/org/eclipse/swt/internal/DPIUtil.java	0a60517f53d70080dbf9deec476239e9b0f7b61cd524947a2bf76d3c80f90412	51d5ec77e5e2d0a0ab0c74e405c1179ee7a627428d8ed304094821403d14f422	7dce65fc86617d137f659c78e7961122fe6df19f6a2791c833677ca0867438d8	219	true
bundles/org.eclipse.swt/Eclipse SWT/common/org/eclipse/swt/internal/DefaultExceptionHandler.java	47b7c0259270c686a24ef7c84a3c5d47096574452d81af6d991a29b5fa12adda	47b7c0259270c686a24ef7c84a3c5d47096574452d81af6d991a29b5fa12adda	8880b4c9bed9a6632fe0e65152d446202a0d1f500051ae9215522a626d4c3854	4	false
bundles/org.eclipse.swt/Eclipse SWT/common/org/eclipse/swt/internal/ExceptionStash.java	ce4bd4d77d841bf0c016f8a0cd6f2f6f6d02c3e1373c31e16cc76c2596f58efd	6282b651c73508a3d0b8b36365921617be3aaf9b69844a18bd10249bff6126e5	068d5d575e2f4f92c50135873a4f6fbdf22a44f9d672cb3bfa86623c3f99b7f5	33	true
bundles/org.eclipse.swt/Eclipse SWT/common/org/eclipse/swt/internal/SWTEventListener.java	161b2e5cf40f454026eea39f009fec70e27d630d662a12523d99e1707710ab10	161b2e5cf40f454026eea39f009fec70e27d630d662a12523d99e1707710ab10	06b5eeeda655369a5ceaf93c144870bc0ddfa6163e63932091940bf8e5ae2925	0	false
bundles/org.eclipse.swt/Eclipse SWT/common/org/eclipse/swt/internal/StrictChecks.java	2ff4a4dcc7b2d38cfee2bc04124a35880b9344c64db6e0c06d3ad504e211e7c3	2ff4a4dcc7b2d38cfee2bc04124a35880b9344c64db6e0c06d3ad504e211e7c3	19b585ec8c7cd348a0efa67d40389873d97c75b84d4a1a3300462c03b086485e	12	false
bundles/org.eclipse.swt/Eclipse SWT/common/org/eclipse/swt/internal/TransparencyColorImageGcDrawer.java	a1e21905f0b9c453ee6a4b858d95b83eb93fe9324f5c6f5d76ea83c076d09860	a1e21905f0b9c453ee6a4b858d95b83eb93fe9324f5c6f5d76ea83c076d09860	7426550d091b272ad6607d3d5206c8b6a44e32f3ae853606010a212a6f9ac1ce	4	false
bundles/org.eclipse.swt/Eclipse SWT/common/org/eclipse/swt/internal/ViewportPaintGraph.java	d128801f60b85f63e2809cfd97977aa04b9bc56d5cecc6523167fb9800deefde	475eb20b34b9562778c66de7e93078f2b1d17eb31dcbf00fb3edf95e18df50a4	a06002f43254deaac3f02e37ff302227f9ab8fdab550d4ef20a983c973e9b594	829	true
bundles/org.eclipse.swt/Eclipse SWT/common/org/eclipse/swt/internal/ViewportRuntime.java	d7948708158dae9ea77f3f9a4a8c8b3f7c4dad61a57bab926d0969dd4f368787	77d47a37f919e354c89b972de0fdb67ca43de134798243c18f3d26c523684b5d	6ac3950465529e5b72cd76a8e568b743715c970c715df45aa792a0e760122d1a	125	true
bundles/org.eclipse.swt/Eclipse SWT/common/org/eclipse/swt/internal/WidgetSpy.java	e6e22cbc0ce1fdd096dcbdda3a16a4750c00f1bdd8609fc18e1c438e5bb962c9	e6e22cbc0ce1fdd096dcbdda3a16a4750c00f1bdd8609fc18e1c438e5bb962c9	1500634c4858671219bef6b2c34d54eab9c6462a93ba6b731e220eca3b3895b2	62	false
bundles/org.eclipse.swt/Eclipse SWT/common/org/eclipse/swt/internal/image/FileFormat.java	c95402e04a9ba141395328999ae7c08a251ae7b8279c576b0757315fc5b4cad6	d3f22c2dc2513c12097a36f0a70dc4ed0516b1fa680cf1af70633afd425db243	ee9e9e27a652baa1c9635385d388caa24fc3fbe509b9ad8b7ad5e48628e7f175	137	true
bundles/org.eclipse.swt/Eclipse SWT/common/org/eclipse/swt/internal/image/GIFFileFormat.java	4c9051eb00e510494c551e188a52733ad53388f459ec07779aafa679cf647fd0	d1d243ba3c74cd48f173c98e6a4767f914c7034dba8344033ab0d89c1cd88f4d	341e6d620e5400ef671efd8198d3f0a11c8a5af3c071288be13e81faf51fcffc	402	true
bundles/org.eclipse.swt/Eclipse SWT/common/org/eclipse/swt/internal/image/ImageColorTransformer.java	a4b54277b2bf96cc57c09102d6885aa4a82f185a0e7d4ae09adb11b8943b7356	a4b54277b2bf96cc57c09102d6885aa4a82f185a0e7d4ae09adb11b8943b7356	a08d55c920a501319cf1e9f3dd7f0186fe86b246e8c4922e61d65c4afebfa7f0	38	false
bundles/org.eclipse.swt/Eclipse SWT/common/org/eclipse/swt/internal/image/JPEGAppn.java	747a3084e7a25f61b66f07e29a8a22d5262d67b8728363ebc26a58eb2a2bfdcf	747a3084e7a25f61b66f07e29a8a22d5262d67b8728363ebc26a58eb2a2bfdcf	58f45d51aedfaf42f7514b7714141fcdb3c151695beb4300c69e2675df09010a	7	false
bundles/org.eclipse.swt/Eclipse SWT/common/org/eclipse/swt/internal/image/JPEGArithmeticConditioningTable.java	fd6d3a98665a0bc88aafb610c9fc9ad28ce4fc212de65254f0d83dfa790dcb3c	fd6d3a98665a0bc88aafb610c9fc9ad28ce4fc212de65254f0d83dfa790dcb3c	fd30c410fd79b8c8f896b4c410b53946bc855894d946d807fabe3957d6ede316	4	false
bundles/org.eclipse.swt/Eclipse SWT/common/org/eclipse/swt/internal/image/JPEGComment.java	33f78a29c6dd86a99bbf672bc50fecb6cdf1f9844bd01a9ef25b83f69f4d5064	33f78a29c6dd86a99bbf672bc50fecb6cdf1f9844bd01a9ef25b83f69f4d5064	4878beadaa4e0bb5d7b02e1c19ce9c302a302a8d994aa9e1553ec98ce9d7253e	6	false
bundles/org.eclipse.swt/Eclipse SWT/common/org/eclipse/swt/internal/image/JPEGDecoder.java	ce8d7092a1144be3a021e467fa2868e83fecf470f0ee227346a6fe367cc8e4d6	a7dc5380624d4599d0edf885b95bf556f8f6877c2704d1a02499ed0dcb30697a	a36bab0432c3b7d4dd731630edad86f117c4a19a2598a8ad79d2653f3848ce4b	3773	true
bundles/org.eclipse.swt/Eclipse SWT/common/org/eclipse/swt/internal/image/JPEGEndOfImage.java	5913d02fcdd9e0d47a53d30f40400f190e49a131bcd23492e870540e10cce435	5913d02fcdd9e0d47a53d30f40400f190e49a131bcd23492e870540e10cce435	9f14eb1c7541d5c52ced039bfa5f8cad546c6c72dc4edd7c972243f7673ac19d	8	false
bundles/org.eclipse.swt/Eclipse SWT/common/org/eclipse/swt/internal/image/JPEGFileFormat.java	483b957e51a9b7c608076119114ed341f95d8da49f76297480ff0d957fd96aff	cfd96a9970c31c5b1955e3f0c7ba136c5680b30eb893f1f4125079c132c0cf86	ad1db8063f473d23cf92ffa29482bdfb3338777cf1f66b625369ac2f77fa43c2	1698	true
bundles/org.eclipse.swt/Eclipse SWT/common/org/eclipse/swt/internal/image/JPEGFixedSizeSegment.java	6092ebbd108f1b15dcf5d40f3a9a89820265ec9c1857433ad2a89edfd6f58c6b	6092ebbd108f1b15dcf5d40f3a9a89820265ec9c1857433ad2a89edfd6f58c6b	34c296ce4d892d35d828f527b354b48b23cd2180910b2cc03acc22735734eca3	15	false
bundles/org.eclipse.swt/Eclipse SWT/common/org/eclipse/swt/internal/image/JPEGFrameHeader.java	b4635821d85820c4e4c46b069428559dda9e32821087a9d085605042f25a1a55	99453fb7aea66c9a0db7dd53e719322418bfa2ec1aa24c9c2c1912d0d131d997	5f078c5ee765b68d9474ba9ffb348bd672ba8efc093326592b3122d9e5b3fdeb	139	true
bundles/org.eclipse.swt/Eclipse SWT/common/org/eclipse/swt/internal/image/JPEGHuffmanTable.java	28a37653188879ff758fab9a90eefe60df33cbb0447082061d4a0a05c3c02682	28a37653188879ff758fab9a90eefe60df33cbb0447082061d4a0a05c3c02682	ed1fe08c93ffad891b3a130811611c3747c8b1440d094f80bc1df0532eba9233	152	false
bundles/org.eclipse.swt/Eclipse SWT/common/org/eclipse/swt/internal/image/JPEGQuantizationTable.java	e4e790de94a74e6b11bf85bc5db3c9794ab1e2367b6f6f892ff2d43ac59741e7	5a81c066193f3914b672de8e223928a38bf7d2e563faf0401b620274bc5009c1	4fa11d9ffe9af53e6845d4d42a7e9431987172b3037a5de3f98cc2908f3963b1	127	true
bundles/org.eclipse.swt/Eclipse SWT/common/org/eclipse/swt/internal/image/JPEGRestartInterval.java	ba907f8872ee7da821b07874febda3080555f8806cb3ae200630687f6f288217	ba907f8872ee7da821b07874febda3080555f8806cb3ae200630687f6f288217	ca9a89ddca70bcc3d20e25071fe7e725ecba985c0f29392b2ff6a44a38487185	8	false
bundles/org.eclipse.swt/Eclipse SWT/common/org/eclipse/swt/internal/image/JPEGScanHeader.java	0e25951ad78463cb1c7c12c32c8010dd5c0cdaab328e26ffa355b8c9bcfc9890	0e25951ad78463cb1c7c12c32c8010dd5c0cdaab328e26ffa355b8c9bcfc9890	910e6ce6802876195b4f1f35be3487404ac58513dabca2922493bc7599b05057	72	false
bundles/org.eclipse.swt/Eclipse SWT/common/org/eclipse/swt/internal/image/JPEGSegment.java	80668d9911131c0b587405038090a41af402da0e34b580b5735820719711ca69	80668d9911131c0b587405038090a41af402da0e34b580b5735820719711ca69	ace51b910a29172cf25c1c7dbd62c27773c56ea78f0d8faad248638dae0a1df9	24	false
bundles/org.eclipse.swt/Eclipse SWT/common/org/eclipse/swt/internal/image/JPEGStartOfImage.java	f7724be8a4deb51dbebeccca556acbbdca31ac3d80cbb26b040348da79123f40	f7724be8a4deb51dbebeccca556acbbdca31ac3d80cbb26b040348da79123f40	60d17c336cdc2fb5c528a947815ea484a4bd335dbcb52f3757685c75a8001ef5	10	false
bundles/org.eclipse.swt/Eclipse SWT/common/org/eclipse/swt/internal/image/JPEGVariableSizeSegment.java	90ca6f5df57a133887c74fa1ce4d15e8878fe063e39b6a8ad2c3e121472a670c	90ca6f5df57a133887c74fa1ce4d15e8878fe063e39b6a8ad2c3e121472a670c	be63b087a1e7b61b1c6f98a031cb7c2d289e917e13674d41b92744f8b228864f	17	false
bundles/org.eclipse.swt/Eclipse SWT/common/org/eclipse/swt/internal/image/LEDataInputStream.java	27f5bd42d7a8f64567bce7895e4d4cbcd1721e976c46536ceeed26e3b61e75dc	0a349f5a2437320344d1457e6f9c545621f608a533529e0fdcc6eb1953cacd8a	1c4c8daf70359f1ea89b7998ef4f8f5367ddf6fdfcdc584ee9ebf3fd1500b4ce	90	true
bundles/org.eclipse.swt/Eclipse SWT/common/org/eclipse/swt/internal/image/LEDataOutputStream.java	9f7642d7f5ea8965434128cdb8bf45a33be2dac6d6d2475d2b2679510ed152e2	9f7642d7f5ea8965434128cdb8bf45a33be2dac6d6d2475d2b2679510ed152e2	b0043ac5a0f19f78d42746d937e5d6946b813ec897523ac8a822c148b1a08a4e	16	false
bundles/org.eclipse.swt/Eclipse SWT/common/org/eclipse/swt/internal/image/LZWCodec.java	6316dfa8dc47225f3ed4326548a09e890dcf3b88c6cf1df289f081c2e1ee8ccf	b288af4d2cfcaa6a20cab866e13ccdad2e0e67a383c6feae16d5225ceb2199f4	e616753066a294a0bd42bb8dfb9c2696d3a865c0607a9dbccb7670969990971c	386	true
bundles/org.eclipse.swt/Eclipse SWT/common/org/eclipse/swt/internal/image/LZWNode.java	d370527dd627397752f37d53a3b5bc657a74678700d7d66d323d7de046d6988d	d370527dd627397752f37d53a3b5bc657a74678700d7d66d323d7de046d6988d	4d9faee1a5ab29ed70d0fa92d5ae08eadf85658aec5becce856149753383c02f	0	false
bundles/org.eclipse.swt/Eclipse SWT/common/org/eclipse/swt/internal/image/OS2BMPFileFormat.java	bff82cf7b7836ff7f50e8f3250e29abb070e762b2ac9a4a9ed3f20ff3b1b43c1	76c7852d2dcfa5ecc8e930694f0c46b837dc12c2bff581fbbaab13ef52424bed	bd09c6c23e144cf0784440393e00cdbebd56e7a7c2de9ab9ffd3bc3f50a782db	239	true
bundles/org.eclipse.swt/Eclipse SWT/common/org/eclipse/swt/internal/image/PNGFileFormat.java	1afa42e08d8e1c026bb1c2e0b5b2e32e47a8563ec034ddfff363d9f12b5c0676	c6a0bf06535a827ec5e69407505b3e3a8de9539ff6c5efd71072f19c16c5914f	37f27f58b5d7e34f921ae6b653393c8124f3e1be13e5f7619f36416e16c95510	418	true
bundles/org.eclipse.swt/Eclipse SWT/common/org/eclipse/swt/internal/image/PngChunk.java	7af084b694bd0b9bd6905b11ee4dc8b6d31f6cb141db0f0a50363b4fbc7099c6	82760ba5dcb9092ebabf73c1b2ea38ec140db336ac1dcc9d29c306a1bf80b07d	dea78ed1318d0ad6e585bba13fd6ca7455380ffaa89ae99924b4ed10622b0b5f	189	true
bundles/org.eclipse.swt/Eclipse SWT/common/org/eclipse/swt/internal/image/PngChunkReader.java	2b936715c95e9bfc00749952d977a00f45c775c6377391c8727bd4acea96d11b	85951a7ae2b368889e7e76a65dec325e20ffc08f9a293c6c9fbaed8a2aa5b52c	483d21c32bdacccee1f5436f20d61bf0a2cf2fb6063e61950ee35b09c03c4fae	45	true
bundles/org.eclipse.swt/Eclipse SWT/common/org/eclipse/swt/internal/image/PngDecodingDataStream.java	1dc44df8122de724edfa5c8f553b9805becf49f2617eb1bf53b88bf79ba991b5	57d431aaed72d292e76f5dc740c609e0e0565fb7a1fc8bdf53082c8ea193fcb7	4b359c46e6dadd480e29b4e90a53a84112deec6e39e00ba361bb6e78af5c8ba9	81	true
bundles/org.eclipse.swt/Eclipse SWT/common/org/eclipse/swt/internal/image/PngEncoder.java	d81fcef97b5b51492abd0d2523a12ebe61d588926377366287ef531f603f15cb	2b0cbefe03449f9a3162d40259edb44840ad079c4183c4ba7a9d875196380b9c	4171b5273aa844777b4938ced9fdf2cf130813b0e0a0866ff38ec035bef4ad03	201	true
bundles/org.eclipse.swt/Eclipse SWT/common/org/eclipse/swt/internal/image/PngFileReadState.java	c5a80fed0029b6caff7ddef58b745553b2cf0591ae707d2ce7ff46a6a0ee87c5	c5a80fed0029b6caff7ddef58b745553b2cf0591ae707d2ce7ff46a6a0ee87c5	c274dc4da020982b645a1ac0d1325b88502ed4e11b1ea02b6dc2b66de5e5b3a1	0	false
bundles/org.eclipse.swt/Eclipse SWT/common/org/eclipse/swt/internal/image/PngHuffmanTable.java	5e702a44569aebfec643d84e0ade01b90a542ac6f76c289b34d295e81e212548	7e9d7b053e2cbd474f27160fffca5248498defce0d031ba66f9070709dd198a1	2f69b528d8b45d45f823c213a09aa2e5c99b0f25ac0baab913e223355877e087	82	true
bundles/org.eclipse.swt/Eclipse SWT/common/org/eclipse/swt/internal/image/PngHuffmanTables.java	e784ec2d6a1c4cc1cd689244a0864444ff5ec0bea5184d3739c7fb8a40dd36df	e784ec2d6a1c4cc1cd689244a0864444ff5ec0bea5184d3739c7fb8a40dd36df	f1968801e8c6fe6671452d72579d82f15ae7ac011486e9da90c34e945244e3da	79	false
bundles/org.eclipse.swt/Eclipse SWT/common/org/eclipse/swt/internal/image/PngIdatChunk.java	78fc2010cbc68dc88872b6c65143290ea8786675f935b558762632d947359512	78fc2010cbc68dc88872b6c65143290ea8786675f935b558762632d947359512	ed21831988ae65694cdaac9a1ea0f6eabea1dc7d96ced30cdef31506ea2d9a7b	19	false
bundles/org.eclipse.swt/Eclipse SWT/common/org/eclipse/swt/internal/image/PngIendChunk.java	43bdff28719ceaf3a0cca5c59388f4ac82011c93773d99f0670523eead6ed494	9e5c68569c7affc059f9b48cc53a72312f173f0be914ae256d8620ead98ef717	80e765033274a47c79ae4b945d814c68bb57b8ed977f891de728672a6a8d5ecf	18	true
bundles/org.eclipse.swt/Eclipse SWT/common/org/eclipse/swt/internal/image/PngIhdrChunk.java	21416b277d1a9b88791759bf1d1fdf86812b8c801454b8ad94c5a7905c6ae1bd	f4d2e8577788b3ba5f603613b84ee5954f9ba727a32e0b007f09e9d399a1e357	30cb2a22c1dc695f063609e9defe16520c67767b2eba5a065af85e74b091d4d1	193	true
bundles/org.eclipse.swt/Eclipse SWT/common/org/eclipse/swt/internal/image/PngInputStream.java	bdb5835bf199eddc28e24097d6577bd439c90074ce308d2cb7388ed586a6fdec	e42c48694d821b6cdc936e21368aecf650837f8b02b35cd5026459b67a3d07f2	8ed708f432bb8738d0320b0895b1a440b0e641a19e2f8782e092e66267cd5674	44	true
bundles/org.eclipse.swt/Eclipse SWT/common/org/eclipse/swt/internal/image/PngLzBlockReader.java	c30e381843a22db567b51b7b7753e02236edc8af72a4340ccf3e9eae053a5939	a130b8b96c14f70f00a5754343df5a7c690a517ceaad47a0bf7a7f797f8d53cc	2f965d8ee021588cff2699c51b88f9353123a97bf31259b0c7a190f30f4fb58c	105	true
bundles/org.eclipse.swt/Eclipse SWT/common/org/eclipse/swt/internal/image/PngPlteChunk.java	b67a4551824e3135006c08f63c0c21eb71f327f50dbb0aea3de68521b140cad5	0ed5fbfebba807ea970d297efc5a5a5f4c3d42b0414d8a049f8f4f9d1a903971	f263506cf72db6abc6f626026b3471b77819f2d5a71c954c3310540039c4082d	54	true
bundles/org.eclipse.swt/Eclipse SWT/common/org/eclipse/swt/internal/image/PngTrnsChunk.java	b0ca2a66ef041443734b61d13d296bfee5c5bf15c3ade71725b011c41c87abfc	b0ca2a66ef041443734b61d13d296bfee5c5bf15c3ade71725b011c41c87abfc	7c9556b2f6007fe05775de67c23639ba43aba36d938b74a9b16ced9a3b31eaf7	75	false
bundles/org.eclipse.swt/Eclipse SWT/common/org/eclipse/swt/internal/image/SVGFileFormat.java	1c300e0e1d83102a2b95d8c75aa4f71e942d37e2768db36782420fa59e48a4be	1c300e0e1d83102a2b95d8c75aa4f71e942d37e2768db36782420fa59e48a4be	d8235ae5691eed3234c4a5d44dd90a7175b8a10d1b4921982026444aade059b0	33	false
bundles/org.eclipse.swt/Eclipse SWT/common/org/eclipse/swt/internal/image/SVGRasterizer.java	35fb8e2fb2f2c6dead26ac3c6ee0442de825919f1a5a738e3f6b6a009eac8bea	35fb8e2fb2f2c6dead26ac3c6ee0442de825919f1a5a738e3f6b6a009eac8bea	1b2c6937e8964836811c39ad97ce555b1c04847464f7c7691edd6ebc71117491	0	false
bundles/org.eclipse.swt/Eclipse SWT/common/org/eclipse/swt/internal/image/TIFFDirectory.java	fca842e0ff19e1114a02057614882cb0bf6955fc96157cadf45b90e7f7a18156	2dc7214fe8c051ccd9ffd5fd2470fe58be59d3bd83682aad4ee2be974e7b32e5	a6fcb7db0c6a8b29e43057a4798e1f4fd54aaf8ba51a23b6a7e0a20c0d83e614	518	true
bundles/org.eclipse.swt/Eclipse SWT/common/org/eclipse/swt/internal/image/TIFFFileFormat.java	bccaf0d2f430d07ac010891cfdc93e796e9c6083fea7ae59cd64a6cf9ce1db1c	094e9fa9e0f566a73ffbaf429a63f6069262bcdda4c7f6cd5f490d6086875f78	a79e1740911dd9bc16091afbb65fa13896dce0e73a5445f69d3117a3174f5e96	49	true
bundles/org.eclipse.swt/Eclipse SWT/common/org/eclipse/swt/internal/image/TIFFModifiedHuffmanCodec.java	6a442283d44f90d85633fc81d59d9cb74ae91bbc363b7eae04f2ac9ef62ce437	c844209b72b2dc508aaf3f1cf2f7d34eeb15765aaa6c952a16d53282ffbdac0e	204839744db0582d79b54d074fd236f1765adf5407112315786b1192c8edde8a	101	true
bundles/org.eclipse.swt/Eclipse SWT/common/org/eclipse/swt/internal/image/TIFFRandomFileAccess.java	80d7ad354dd08a23d83de1c93d3988dfb2bdfc40a4a96b7aaf6c16a2726c5292	6287b5ff54e95fd63e14774c1665b319a5ceb577574c2cf8516c92c4a496ed58	e2f2b7b0d24e2ac5b2d4b2c4e5e7d09a319542db4542b745729822a9b10a3cba	71	true
bundles/org.eclipse.swt/Eclipse SWT/common/org/eclipse/swt/internal/image/WinBMPFileFormat.java	7d12f56225648a388c00822df48a84f72e9202f09fa718c121c4c3c6efad0994	4552be4e84ca9ef1d9d41f8d6879a5a10a2ef9a61d6f82def2e7a77af73c9533	1524aaf5877c955ce79caf664723d4423d195518999cdd983385980d6101a558	766	true
bundles/org.eclipse.swt/Eclipse SWT/common/org/eclipse/swt/internal/image/WinICOFileFormat.java	501fa4c337f26d861be6f075d1dc90f71a0950b28cd0d32962ba6d541bbe9c0f	c5720c4f140e3386b23c9be925fee05ad18d7e7ff2aa3da672a913adc3f68726	1264ac57a42d0a247fe489e80f4302844ef1f085a194fa34fd69993ffeecc3be	284	true
bundles/org.eclipse.swt/Eclipse SWT/common/org/eclipse/swt/layout/BorderData.java	8f5df38be78b83c8573da0bd3fa9a33bbaf88a6863f896406fe93b4ff8cfc42a	8f5df38be78b83c8573da0bd3fa9a33bbaf88a6863f896406fe93b4ff8cfc42a	04b400f07e1e2723db2fb9487d5a29dbafc01a8d97524a9d3a8d92650cddbd5f	38	false
bundles/org.eclipse.swt/Eclipse SWT/common/org/eclipse/swt/layout/BorderLayout.java	33d83f02a95d6eb498c7cda1dc62206a07564de1b556737ee8b509dfce851904	33d83f02a95d6eb498c7cda1dc62206a07564de1b556737ee8b509dfce851904	ffd7a2a8ca85fe12a4d2cc1e9a2591dc3a64c8be374ddebf4b61d429ae5dfd3f	251	false
bundles/org.eclipse.swt/Eclipse SWT/common/org/eclipse/swt/layout/FillData.java	b53c30ffe161c99d96bc7e2d9c590e52c3715949b628c90ba5c789e91d3828c0	41a5d78b597da7f4552b5b619689266ea6b32c786d6ab3dd8150a95e86de2033	d3e4c7fea116af0ae115d408395c4ceab5e9a6a55c71f3d136a9a118e8946fdd	23	true
bundles/org.eclipse.swt/Eclipse SWT/common/org/eclipse/swt/layout/FillLayout.java	6015675f343d5b6204a56d20b9c3eae1c2a4913a9d72d10e50eca92c1702fec6	61532480880c7f429db1f70738c5291fe3838a05993c4c18532b8469b4e761e8	e4ddf2b2b5bd7c85e3a8fcef9245b6b9859ab8312edddd63b276382779157fdd	152	true
bundles/org.eclipse.swt/Eclipse SWT/common/org/eclipse/swt/layout/FormAttachment.java	a8f64940d42a5da5213c6afe4d55a6f24ef90166d22f62c3617474b17bcb280a	d0768d2313f783a472c36ccef3fadfcc93c90c4c440d9dbbddb8c48674a1e9a2	a6b9049db83dcb710e665621df7ca6fceabc8e30158a82663a8f8b823dd9d40b	72	true
bundles/org.eclipse.swt/Eclipse SWT/common/org/eclipse/swt/layout/FormData.java	459232606d2ae4da8ecfa8e6f2d52f7eb056b8dd845367b7a86ddd51df03cfed	3a44a9761e805d78d7094340fb183384887b57607adae95b42e7bff1b4616c1b	70bdb2053a88b8b76738392c6b120a262d55eeaec91bed4fb22841c65148e25d	257	true
bundles/org.eclipse.swt/Eclipse SWT/common/org/eclipse/swt/layout/FormLayout.java	1401f813ebfc21b286aa56bce854bfec9f503ab6ea9b7b1a65d6903dd06d9477	b6133aba548fe4454bf0166316a3965199df3f7b355c9cacf78ac2be6973737e	544fdc771da67b3b8453532327864afac7136a4d26426aadb4cce2c907a70f36	183	true
bundles/org.eclipse.swt/Eclipse SWT/common/org/eclipse/swt/layout/GridData.java	0f8d2637de56d0482fb392666faf8633071c0d7af4ea92d8e077f347ba6b11f5	708e50c531fd07c4261fcaee79949adce0a0705149aee7a79220912a60e01dbf	e77441e749553110e9d5020967a88945a89445ef21db0d1ba7a3425d6ed06c48	144	true
bundles/org.eclipse.swt/Eclipse SWT/common/org/eclipse/swt/layout/GridLayout.java	bd29dbf7b12e0e2377906f95468125760bf8992ea3a227a861858bec6018be3d	3ae15a8fd1926496a9d60baa4b22d430d2f1a4b0647bf359cfc017695c293eb4	1eb8b8949e08da22165c6cff89e50ad829f82e541e130f72f8407e9e2d3c14dd	712	true
bundles/org.eclipse.swt/Eclipse SWT/common/org/eclipse/swt/layout/RowData.java	0abe742d0e3e7c6b1d2bfdd598e22624df06181592f4c8e9f8f6a83ef72895c4	e9979c7e8aefe47b900d754a132a4388a444996b3a3c8c2477eed62279541382	8cf45369597dbd0c5110767a832b48681d17c7544944602cf875a2886862e6bf	27	true
bundles/org.eclipse.swt/Eclipse SWT/common/org/eclipse/swt/layout/RowLayout.java	5c2b6b1cb56433ecdbb414e588c661f7be975738ac93db3426c32d322a9df9e0	4f644ed1ef3f528b791feb8360b8383824500a0523180f91941e39e6bf16ae21	d0798dcfc8622e9240ac8c70c75a1e49a72efe1ec03e90e095dba7f80d1b7ac4	370	true
bundles/org.eclipse.swt/Eclipse SWT/common/org/eclipse/swt/layout/TabFolderLayout.java	0fe547e2b72bdd5920d7475484cf2bc65ad277aa4ff1b9e356da51e2c0556da9	5adbaa314cc79f5738b2f1b33b0d3ccd5725670f48d00298a20d3bf71487006b	8cc135a9e70d86dc0334cac0fd7abe35ec4791a09148a2bf79a1ab860c2d15ad	28	true
bundles/org.eclipse.swt/Eclipse SWT/common/org/eclipse/swt/widgets/Dialog.java	0f1280ef954e16d22ea72ea24df1d001356cccde1cd95793e349f2455d8f9bf5	700f35dd46400b63bf19d931f70e3ea39868e2fa0dd38a91bb1cbbf511212f56	79dde8585c15d28f2f9b458713b0c9937a06d741ecc8d9f506f1b1e063077fa7	54	true
bundles/org.eclipse.swt/Eclipse SWT/common/org/eclipse/swt/widgets/Event.java	1d084ae3c5904b62676b9f9a8a934e8d11b3eeec800c652654dfecf9f41c53c7	1d084ae3c5904b62676b9f9a8a934e8d11b3eeec800c652654dfecf9f41c53c7	3a622d0f04265e5c8b06319a8d6abb8c69cadbe9369a2bf07342a6450cb2e87b	14	false
bundles/org.eclipse.swt/Eclipse SWT/common/org/eclipse/swt/widgets/EventTable.java	75e032208a9858bb48f309e44919ff72591ca934a16bf5dee2a055b5f1185567	dd4c0c31385024cfc8d652a562a07a81aefea8e8b291f6e473e1d53d6d7403ce	28a9f4e1342253fa5badf412b836f54ca2c0774aa514355161a6587334b06e49	155	true
bundles/org.eclipse.swt/Eclipse SWT/common/org/eclipse/swt/widgets/Item.java	cec14d74b741a5e8071ee43713971d03fe6e1b9897c77b8a6ab256cc89f827f5	e54236db1775fd20677e5821b34fb3e76d55cbb4f06adaefbcf24a5e57621143	8546ac84e80d8e7883d09e9868772adf84be5b34c5de7ca4368d050cbd497951	54	true
bundles/org.eclipse.swt/Eclipse SWT/common/org/eclipse/swt/widgets/Layout.java	d7387ffd12949b6b16671c2df2f6a9f14f51faad6c86a7599f6318b783c90c14	d7387ffd12949b6b16671c2df2f6a9f14f51faad6c86a7599f6318b783c90c14	8cba83cd763451a796acb9af9f8244a39dc093b89a5481c028eb7e7c7ffbb046	2	false
bundles/org.eclipse.swt/Eclipse SWT/common/org/eclipse/swt/widgets/Listener.java	493ee2f8e6902e802beeb87b2a248cd9ba2eea65c022dfeec3774ad667be77be	493ee2f8e6902e802beeb87b2a248cd9ba2eea65c022dfeec3774ad667be77be	5e486b618d7b93b3c38c7f7903a058405d4bfb098fae35d2cf2f861434deeaac	0	false
bundles/org.eclipse.swt/Eclipse SWT/common/org/eclipse/swt/widgets/Monitor.java	19f23b9a50c93b563d8ab044d3919863ae884a8018219afc3274118fc8ca866c	5ff9c6590de829ed08995fc58faf1745b234f49a99323b1eeb47aa9a310cba2c	bb2e8b86d7cce6550389050f924e07468f8fc6e315e0ccb75f4ab74b08616a7a	27	true
bundles/org.eclipse.swt/Eclipse SWT/common/org/eclipse/swt/widgets/RunnableLock.java	41d2d597459dab67d53aeabd3a460555d032e2de79c4d048e813c3dea8c098ab	41d2d597459dab67d53aeabd3a460555d032e2de79c4d048e813c3dea8c098ab	d940e9c60c6aa4cc6e2416d9cb45bb63d7b11ae047a5df07ec9fea53d17a2bb9	15	false
bundles/org.eclipse.swt/Eclipse SWT/common/org/eclipse/swt/widgets/StyleBits.java	f6b3943226fc22787e95a8d11614841dd4af11d37067192cb2f35eb1ce1dd155	a7458d503a44ea27bf75728f9c3917ecc3e4d248f61b8c35ab017b59a081979d	47c00ad857e52cc34e9e315a238907ab3f5078552de229e79fff59ffcc9a40bb	25	true
bundles/org.eclipse.swt/Eclipse SWT/common/org/eclipse/swt/widgets/Synchronizer.java	94451a87c72b91bae27265649c006221b3db3bbbbb0267996858cc4808d72bb8	18827f3f503ae7f31f11564a29bb82d5d0e360c31adaae08c32e0befd1a5f404	4cd40e519751e6127e26db0a051b64f156edbe69764f05bc8cc36589565cdedf	105	true
bundles/org.eclipse.swt/Eclipse SWT/common/org/eclipse/swt/widgets/Touch.java	e4f89634cf7f4bf307b70580482a4d3bb75fadb3ad1bb0672d9678ee733a5f21	e4f89634cf7f4bf307b70580482a4d3bb75fadb3ad1bb0672d9678ee733a5f21	f0c6637a420d47741c2b5f6e15d750a14728b45a3a474c29349c637fcb376712	9	false
bundles/org.eclipse.swt/Eclipse SWT/common/org/eclipse/swt/widgets/TouchSource.java	0988c579dbf7725290ef54ef2fcb83f908fb8c01bd63f56c2049993b429ed2ea	0988c579dbf7725290ef54ef2fcb83f908fb8c01bd63f56c2049993b429ed2ea	385e87bfbd1506da2f64c1488c620a923f1fe01ef05cdd999eea93614f4e2522	10	false
bundles/org.eclipse.swt/Eclipse SWT/common/org/eclipse/swt/widgets/Tray.java	400684581b6908e1354168afd81cff6d8a77341581d179f6157efe7e8d2748fe	41de06cae74aa2847405f2df9ed40ce10bbb7a2593dfbc75c1c83faa37fea134	61406c2ec545354d4a68fca9b3d88a5079634ce62eccdf8a1f03de1b6721a10e	65	true
bundles/org.eclipse.swt/Eclipse SWT/common/org/eclipse/swt/widgets/TreeExpansionModel.java	749cea1714f0bbdd56cb906d40ca2b7d8148d04b72413f8c2badbc69b6589b1e	8dd89646771bed3ad00d49478489250f3256b46ec2ce893f6b706946b126a705	a6d804b2d7ca43b8065148f1860ec1a28ce6112776eb0967b3bbf2fabb0afa50	121	true
bundles/org.eclipse.swt/Eclipse SWT/common/org/eclipse/swt/widgets/TypedListener.java	8db4daf3258c695d9a5d65f788db2533bb9de60e81e0cd90467b8ee247eca006	8db4daf3258c695d9a5d65f788db2533bb9de60e81e0cd90467b8ee247eca006	fc097c622ae3bf4f9385b289aa05f0bee5993ef9c796e657be790f42c012b06d	193	false
bundles/org.eclipse.swt/Eclipse SWT/common/org/eclipse/swt/widgets/ViewportAffineTransform.java	052743e0869528034f9a3c1587e6e193a7c081dbdbe7e98f3468506830b911e4	dd5b37a99793c5cf89ccd2b030cfdad7820cb1bbcc11241226a80ab51d856aaa	56a0ba164e796b85ead9a7119208090390d92c0169d27b2c7835231100dd93c2	49	true
bundles/org.eclipse.swt/Eclipse SWT/common/org/eclipse/swt/widgets/ViewportLayerState.java	23833c98a7569677328cba791fc0814912ccd71764e756084b54dd551320a597	23833c98a7569677328cba791fc0814912ccd71764e756084b54dd551320a597	c2c37c4cb136d0bd60c04f0ad25c7334a7866ac21b15c6a81c586e66dc6930f4	8	false
bundles/org.eclipse.swt/Eclipse SWT/common/org/eclipse/swt/widgets/ViewportPaintGraph.java	20a6087de0f427527c6984c7f6efa6e1b97747b71b2a57a52f23be8b65811aef	fbfd24c27bb22a42ab32ad573179cd8ce63fa588f94bb6f0b6c1504466d0e429	58a9efa58429e1e45d64b1cee1bcb3ea52d56657f6e4163263ee9a7ed3ed1747	181	true
bundles/org.eclipse.swt/Eclipse SWT/common/org/eclipse/swt/widgets/ViewportScrollLayout.java	f1561f8178bbf694d1f238d062ca48074b7411baa153ea213b528149380b8e71	f1561f8178bbf694d1f238d062ca48074b7411baa153ea213b528149380b8e71	e62539d1fa69de96f2b05a23de77e366dda5ca16489f857c42cd81962b201052	4	false
bundles/org.eclipse.swt/Eclipse SWT/common/org/eclipse/swt/widgets/VirtualItemState.java	be24830f3abf067434b0eb594086ada8817c96cb05c0a3395980136ba63da4e2	be24830f3abf067434b0eb594086ada8817c96cb05c0a3395980136ba63da4e2	a55721e3b46781fb9b4b377ab2136003ba221f3f25b0a025ca65cdc3bf987237	1	false
bundles/org.eclipse.swt/Eclipse SWT/common/org/eclipse/swt/widgets/VirtualItemStorage.java	778ebeb9fba9e95d11d33e1e9821e9d49102b161ef8905db6f1da2f1ea8b40be	f3ddbbdec2ba679b331587e11332d98977d6f9d27b84b10f0445163378607906	622a940c00fbfe5deb43582b4a85a8c9069fbb3e6dac56e28f19a3bf1bbe7c1f	206	true
bundles/org.eclipse.swt/Eclipse SWT/common/org/eclipse/swt/widgets/VirtualScrollMetrics.java	b899ffec63c152472ba5f7ca139c771ccbea27131acd92be6efafde2f01339ae	894f27c3f66733cf2d17b16b90a7ced59c92a640589a21c28cdbd10d893cf238	158965196415780fcc96a42ca0343674f802daf0bb39f680b712206bfcf16e0f	80	true
bundles/org.eclipse.swt/Eclipse SWT/common/org/eclipse/swt/widgets/VirtualSelectionModel.java	3f4d15e78af74ab7dbaba8afce14568f017a45960c1ab32acc747e7c326b7939	82ff65948c00fbf90b73c6936237160f0f7f2bb925204ba0c1ff032e622ca4dd	83a276c6774f86628affc372bee456ef41ef58ee8f5fb21f712d2f522a42cbcc	242	true
bundles/org.eclipse.swt/Eclipse SWT/common/org/eclipse/swt/widgets/VirtualTreeTopology.java	cd7a98f726f08bd7eeafcaad871558d83a3570e3094658a2ac78af6244cd066f	d257dbfe16ff6b06f5f22a7d4bb0d3f9fe635272ab2e0cb4391930646cbd81b3	c0cb9f947ca7bebad6c945fd1b22a33a186a5a6a7c36ba3e3f43aec05cea2533	378	true
bundles/org.eclipse.swt/Eclipse SWT/common/org/eclipse/swt/widgets/VirtualTreeViewport.java	ce984b7205d696672ae5448e0aa7902b2992b755a1a67f07a04293ae31d7ca6f	4d99e7759c41db53c64d8d534ffcd969f52ed9ab1650145b270ca0b60680f405	3a7cb64f92bd920c92717f5154c58ef8307805caeed56404621d7ffef7cbd541	88	true
bundles/org.eclipse.swt/Eclipse SWT/common/org/eclipse/swt/widgets/VirtualTreeVisibleProjection.java	1d47854ebc3396b403f610acdd890301056d68b5985a7083802a0e8e886e78cc	52347358e4ddc8f34e3b7990b3957ca595ab1141e8cd29b49dada3aa06d6dcab	53f22993f144c8c671e4f35d79eab75a4442ebf8f8c11704ec7f3f0b87cbd991	110	true
bundles/org.eclipse.swt/Eclipse SWT/common/org/eclipse/swt/widgets/VirtualViewportPlanner.java	6e300063c8b7cfc6cc3ec091d62ccd9fecc80070d5b0b78ab06cdbd8894a4125	94bf465f7c084917f3f5ad25cbd9b953912e7a7b50a3aa7c75b357be0f6f0290	4fd05ad54cc125467c620668943f92c95ebf51bc6bd4e87eb85dc93a47fdf946	105	true
bundles/org.eclipse.swt/Eclipse SWT/common/org/eclipse/swt/widgets/WidgetStylePolicy.java	ff14c3bb5c809e2cdb20b5cc185e72893fe288721af99ea5fbe56decfacae922	9f37dbcc9f49573eb81b9ad4b2b0e2f7d533df738739a9e547345a025d9b4ad2	cc8f5295ca0f09ef1308285a7779cfb4065f64baf151d7ca0251a290240cfd79	226	true
bundles/org.eclipse.swt/Eclipse SWT/emulated/bidi/org/eclipse/swt/internal/BidiUtil.java	e5f0926a1398cf46bafb74f65c9014823a42c510c8f4ef5f94dfaf3c96f9496a	e5f0926a1398cf46bafb74f65c9014823a42c510c8f4ef5f94dfaf3c96f9496a	467243eb0640b82758657956b3e711ddcfa23cbce564f6db8ecaf8eb85edb05b	23	false
bundles/org.eclipse.swt/Eclipse SWT/emulated/coolbar/org/eclipse/swt/widgets/CoolBar.java	7ab56f3fcfcf5e80d228e50bd48db67a8ad00f45f013a7d0411e2228efd06b0b	4f02aef54e8fc345d124035b847336074ad42aef63094f1912634b22b2dbdc26	bb2e1b75443c78577be9fd9c1de1c7f9e1fa7cbfc021d189cd3f02eac624ba7b	1035	true
bundles/org.eclipse.swt/Eclipse SWT/emulated/coolbar/org/eclipse/swt/widgets/CoolItem.java	6f53bf777de652870377e71780f8bb910eebaf1d4c7690e7e0522817326a737c	4204af86655e4034edb4b809523396d1fa799bfc68b0e8bcd337d523e220a8c0	63229889b2d92d368886702fefe4caeab875abfa365d2f831bff12e15c62fc11	266	true
bundles/org.eclipse.swt/Eclipse SWT/emulated/expand/org/eclipse/swt/widgets/ExpandBar.java	4ab1a1963cdc9aac5b4959553c253034973491104516903029cf443435ba59ee	fb1959f39c97fa8f81736c51323eac043163b09763c003e01ffc21a1b5614c3c	af8751017b85b3658449a5163de4a9c44261b997bd18e3298181b1f3cc98d5be	403	true
bundles/org.eclipse.swt/Eclipse SWT/emulated/expand/org/eclipse/swt/widgets/ExpandItem.java	f5d191b6aa9c0c400797bed05386816d51a2badfd849ea22560ac2516fd403bf	e679505ecd5d5ddd82c519057b6a149441a5de56fde7d7b98f2ff4a6375a97d0	d0440ce7bb1a94d8dbd994f925f822450185a7323ec3e3888f2682e6be499cac	171	true
bundles/org.eclipse.swt/Eclipse SWT/emulated/taskbar/org/eclipse/swt/widgets/TaskBar.java	3b68bf45c144e117dc2af45fc75129ca5233f3814ce48dd772017e60fc9fdab1	550f37a678e9a4e76607c31b50c010f93278bffbfcb96dab71b7faeaee019d5a	b4f8d0101873c7c35f96c3257c84b3c08a02bc5fc7a9c47e6b28036c9217e613	79	true
bundles/org.eclipse.swt/Eclipse SWT/emulated/taskbar/org/eclipse/swt/widgets/TaskItem.java	f55ddb11e56c7497f3da0dad94f61fe24af00bb653998cc96c7cd11915f53461	264787155d02c21211a65e7402138c31e52396c940fb32d513e6055afc7868fb	f7b28bca95ec88b6519d51280763b69cf3d7ec61f4fe769458e5d25c4901273e	72	true
bundles/org.eclipse.swt/Eclipse SWT/emulated/tooltip/org/eclipse/swt/widgets/ToolTip.java	a65bbc7a366cbd3202c9f2ccdade4cd10a0b5cedaa5fa599d54c78f5a2dab3ac	2ef504f0cd1ab4f2ca2663bfc57385d4eaaf0c5cfd5039ea7d261f02079f8fe0	5f065d54b6892b78591c837853ba1cff00e8aa3bd093eb30bdd3edbb7b9c6b09	284	true
bundles/org.eclipse.swt/Eclipse SWT/gtk/org/eclipse/swt/graphics/Color.java	b1758d3f0551d0e89e0e0f4acc551c06054445029d61a904a043b50cf20a6663	e903bf141c54456a24d313393bd8f9bfe341d260e15642ec61454c5617ca5773	76f80c7406854b64208719e6888f280dcdac9c12eb04b6bb8b3a34508bd8bc76	160	true
bundles/org.eclipse.swt/Eclipse SWT/gtk/org/eclipse/swt/graphics/Cursor.java	be5cc3ff739ec40fdc59e0831bfc7226340b406b1752462ee64643759c18efb1	e9a9b0eeb04ce5d3a45842d7e75c8d7433b910003289ea13eeb55b1c32a0d843	daca1475cb9f2bbfa9cf20a02203347858b5c18897cdc45634348f3878bd0204	323	true
bundles/org.eclipse.swt/Eclipse SWT/gtk/org/eclipse/swt/graphics/Device.java	d144cb2708c6ad1c3baf6ce62835534b5e25795cf9cdfed571f68fecb2ba2ed5	3b76e77740efef716ab7d6ed146aa109d37defe14b7c2a00924e5f0a3c16bbbc	100ae3097df9007f0847c925f73f94c2bb4ece7a69fd201a5e5bdfd0bc404c0a	620	true
bundles/org.eclipse.swt/Eclipse SWT/gtk/org/eclipse/swt/graphics/DeviceData.java	9fc28669738c9627500b5a6be572e2884eb849c2ef2ffa9ba693e284ca1d3e52	9fc28669738c9627500b5a6be572e2884eb849c2ef2ffa9ba693e284ca1d3e52	8950140e12c59cae8bf7b05df801ea4ad5d6c1645e2552beece98d56ddff73eb	0	false
bundles/org.eclipse.swt/Eclipse SWT/gtk/org/eclipse/swt/graphics/Font.java	2934f64f1486607f2a6172c25fa025b597a1b4efef932829b2ca24c65a349f38	4ea31ffba38ce7b3e1d2acd17fe1a94c08174f244da777f36a876c065fe7f06f	9c6e9bcf27893e522573d4dbd790c8999ddd84af7f7451a57a1766ce15e6c77e	127	true
bundles/org.eclipse.swt/Eclipse SWT/gtk/org/eclipse/swt/graphics/FontData.java	18399e694894b8a24064da8b5edec6e78e37b2103567ef37d0fc282f19c35f1a	19288b024224712f41c85257c441a389b818303e760aac8457842685870d094a	b4421fd41b6ab944f446bb3fd5b3a611d80da7a07b31f701f3a9620b446e2753	185	true
bundles/org.eclipse.swt/Eclipse SWT/gtk/org/eclipse/swt/graphics/FontMetrics.java	d94e7c4b5dd6440d6ef855ce93acbfa3d2c8662a13baff496f65d9d5684dc97e	71e314a3f722c03b29a505a4bec05902b34c0c1eed0e7216457c7d8b5305a0de	b76c8ec060710ee87b085af966fdcf53d902a3d51943b2da71714a9d5f1de8b6	24	true
bundles/org.eclipse.swt/Eclipse SWT/gtk/org/eclipse/swt/graphics/GC.java	e30b733622bb8b727b82182d7d78f36e69df8a856ce5e870c2a2a5a356ffa34b	218ff891aef6dcaa08b4972550e2fc94d5bc502e6f4e487af2b22b5e089ca493	36e9a5ebcf3a829497c02f7914903762aa70f050bb77b42cdaec77bd78b31a68	2187	true
bundles/org.eclipse.swt/Eclipse SWT/gtk/org/eclipse/swt/graphics/GCData.java	bb88f3baf0afc3f8f1f7792f3b93c552ac7fb716a3740ed80410b38ca7e2399f	bb88f3baf0afc3f8f1f7792f3b93c552ac7fb716a3740ed80410b38ca7e2399f	df15c10c262aa65183fc72e8e4987a64bc0f974bbf34b080703e21eeda0e9a9f	0	false
bundles/org.eclipse.swt/Eclipse SWT/gtk/org/eclipse/swt/graphics/Image.java	16c41811e9650691472c7b3f78d14b3ebdfa37436296070f1846f983dd59d611	ba0531cc62a132161a2c32e75809ebbcd9d55bfbbd4cf93dc620a178c0da1062	05056d8fe393c8dbe4715584b18e612a8a349bc2ae3884611c17c06f1ca95493	915	true
bundles/org.eclipse.swt/Eclipse SWT/gtk/org/eclipse/swt/graphics/Region.java	ae8146a6a953a442b250f2964933abc0635c14195233ccc1026455b40d51ad76	004af4c69488892e57b074aea5c545f84cd1e27238fc9791b1305272a6432a3c	f8b0e791ee5d31ee1820f42be838a35f4c0c47d5a75dc8b51f62ec37d34f425b	266	true
bundles/org.eclipse.swt/Eclipse SWT/gtk/org/eclipse/swt/graphics/TextLayout.java	a2560317dc42d4df3cd654624f67e56bf39d008cb4804ba7313e32f9717e711d	7aba824bdf7d82659924fc6acefe1c3b6bd08264ca5bfd4a2d81b53a88df5dc4	a45f9306e9e5646351cfdcfc684ad33b82fffc8413432e087e8b69afb24714ad	1611	true
bundles/org.eclipse.swt/Eclipse SWT/gtk/org/eclipse/swt/internal/AsyncReadyCallback.java	2f5aff6d23a25b704803ff5df5aa3e422a3d908130c3af4cd6d2bf83b64c8aa3	2f5aff6d23a25b704803ff5df5aa3e422a3d908130c3af4cd6d2bf83b64c8aa3	da3561ae7ce31660abb91a3251aaa70991ebb80c7dec24b5d1cbaaa8d80cfc44	0	false
bundles/org.eclipse.swt/Eclipse SWT/gtk/org/eclipse/swt/internal/Converter.java	462d23a31523e6626d77620df0d1fed6d75dce3521f881111f6544f8dbbabe70	2b0af5162103b241a1c72f30a847a2051640130b17dd10df1fcb9352b1d98471	cb3a0c069e18fe3c6c8978fddf2cb89f594f511f460158a66c698a894f17f349	123	true
bundles/org.eclipse.swt/Eclipse SWT/gtk/org/eclipse/swt/internal/GAsyncReadyCallbackHelper.java	689e08c0696247a0b9a2a0622a07fb6b7707186490171ccf07aa76bbb58cfc46	689e08c0696247a0b9a2a0622a07fb6b7707186490171ccf07aa76bbb58cfc46	6a5f26aa7c58d21054d5a10217e6337f5795aac2c0491076f63437651d860ec5	11	false
bundles/org.eclipse.swt/Eclipse SWT/gtk/org/eclipse/swt/internal/GDBus.java	107c8fb83380adc650b575a293b800ce4561251c987083eb9896e06819ca79db	cbbaf1fff037acf781f309e301727827e2def1502fe8b8a53a38044f32bc3450	b9ce404fa63d8e4f2c8407f995d2cab778953000cb60c15c471aae8758fcb403	167	true
bundles/org.eclipse.swt/Eclipse SWT/gtk/org/eclipse/swt/internal/GTK4GlibFuture.java	f073082ac0d6934e0e78de5df6a30f0e2cc1a84ca6e1e7d16b9fca98e45d705d	f073082ac0d6934e0e78de5df6a30f0e2cc1a84ca6e1e7d16b9fca98e45d705d	405938d4b02014cb3cd79752c57de174321a8ba5df36790d87106b6a22ba3a73	50	false
bundles/org.eclipse.swt/Eclipse SWT/gtk/org/eclipse/swt/internal/ImageList.java	518cd72f0ecd57d8f3ae8689ab6f6a798495ae17f4127caee46b88b3c869aae1	ab65963035e6408c4fe55473eb78735f67c52fb97a6db1ecec30ef6f9081fda6	84e31c30272334fd4429031b2521392732075319fa8f3e849dee1846ae24f9b4	344	true
bundles/org.eclipse.swt/Eclipse SWT/gtk/org/eclipse/swt/internal/NativeImageLoader.java	877da2a65cf7f048e4076ad97a1761e28fd90c1fcb3ac1a34e91b717e5c045b2	877da2a65cf7f048e4076ad97a1761e28fd90c1fcb3ac1a34e91b717e5c045b2	0cc35424189dc1b63a168fe17c2a68c52cbfee00ff8bbb0116f2d9f567e016f6	291	false
bundles/org.eclipse.swt/Eclipse SWT/gtk/org/eclipse/swt/internal/SWTGeometry.java	aca9f123cd55370b0250205e82e6ad0f49d35eb9d9c2343d8879de81e4136f09	aca9f123cd55370b0250205e82e6ad0f49d35eb9d9c2343d8879de81e4136f09	710a5b36b6a48c351086fd1322723dfd30880ad15f213f53302f41651827e0e5	32	false
bundles/org.eclipse.swt/Eclipse SWT/gtk/org/eclipse/swt/internal/SessionManagerDBus.java	e4056094e6b9d57c0f329a5971f0bd0da5ad5fe4aaad65aea79090570079aa19	0ef3712a9dbd2b6cb363cc027333b2515341e07f9af9b8646d5729b6301cf034	f439c1f34b61df6539e3e0fab6c99c5868c384bca836663d306e806967423945	225	true
bundles/org.eclipse.swt/Eclipse SWT/gtk/org/eclipse/swt/internal/SyncDialogUtil.java	1834b7a552854ad183314ec9c1efd930639daccf59b744ef857d80bef2c2a6ab	1834b7a552854ad183314ec9c1efd930639daccf59b744ef857d80bef2c2a6ab	1483b21aa7ac5bc843ab3c21c68c4d57282941afb8bfebddb868a2b330bb51c2	48	false
bundles/org.eclipse.swt/Eclipse SWT/gtk/org/eclipse/swt/widgets/Button.java	f769042ce6119c61587afa9772df35a6e06c8f127e2826ce73c8c20cba0a77be	3def724b1ae5ff223deed0a728ee3234d5a0825d5d3c2aac36b659942f6389f3	428a6b67d0c27b9ee07b16ff6d67487e7b1f7ece65c2a0f618352ceff43a5cee	939	true
bundles/org.eclipse.swt/Eclipse SWT/gtk/org/eclipse/swt/widgets/Canvas.java	8c9960522b8e146cf2a855813c6acaf72d35036c3b440c661d081ef511c39635	ba93a17f1198617c7a66740ab324a8c3b03c41935749c2bf4b35d906f268760a	7fc50f16daf214fc82834d3ce96e669353f8475cfe9b6715ae43693a90336d81	365	true
bundles/org.eclipse.swt/Eclipse SWT/gtk/org/eclipse/swt/widgets/Caret.java	8aa8e169f77803a8a31d3fe9f3995fe23577d14e11ea7bd82d1be7c90f321f8c	be4ad6becf9868d9ac8d8f2bf4e07c3e856e02c76a4d27090049d673731fe9c4	4c6320a050db2be6db92ae84bfea6c7a1686a6a296c69af39f9f5276ac27fbcc	218	true
bundles/org.eclipse.swt/Eclipse SWT/gtk/org/eclipse/swt/widgets/ColorDialog.java	99dbe98b3bf2b1e414f4f541e10d7f7abe37b92bb0a69425517f4f8c4aa19c18	11d2435cdad63d667e25cf32d7ef217a8d1ee66d5d38c316f82869e9b9bbd519	1abbe45206c8939f363d7006240641ee69ccacadf2efa61b76b0fb5d62236918	151	true
bundles/org.eclipse.swt/Eclipse SWT/gtk/org/eclipse/swt/widgets/Combo.java	c25bb772debe77b8061aa26cedefcded172930e7a8201b77649cb29b4db2ab0a	77e25b8f75038b595dff485d2c641db692d9adb3bb8431948889f84e82968fde	8847dea395d923d97728223f21076d9e2dc66a7aa3d3125e9ad6600d79ca9f02	1490	true
bundles/org.eclipse.swt/Eclipse SWT/gtk/org/eclipse/swt/widgets/Composite.java	ac82d8f12e1888df86a69d14d09d459b4fcf26c45f6f1ced0c0716420a5ef6e0	2c5c5c8c428ecc10b6ec2a12744b0744fa93f9d626eab1ccaa945846a31e53f5	eb9312bd26b07e0c10ce4580b7ec14218e1c1a620374a724f06601294e2172ba	1154	true
bundles/org.eclipse.swt/Eclipse SWT/gtk/org/eclipse/swt/widgets/Control.java	49cb0a043609d90ff025edcff66905f00ab1e8f90c173e36df7caae8b39b8391	58eb533c8a7417b1930ebba1eea844ec0e53782e0ac4f02876f974c2a8e2ad09	555d71230bd6be62735916bc0bfc6b566d17d3dfebef979f9e0110dea945e056	3965	true
bundles/org.eclipse.swt/Eclipse SWT/gtk/org/eclipse/swt/widgets/DateTime.java	b743ec892f81ff8b2ec2272585cb6a5a83e758b44c11785a72c53a18b3e9a2bc	24e6d475b9bfab529d57ec4aca535b92b6d0036a5a8fa06476b73e01a613bd7f	f8d217028b99dd3b42ac67dd91de1bc8606ec77fabc5f0f4bff0732099363b10	1647	true
bundles/org.eclipse.swt/Eclipse SWT/gtk/org/eclipse/swt/widgets/Decorations.java	980473cb67392226a3c4ddea81549d12ba7b9d836251ea4705c41b5b6cc32e03	322bb40c718b7b80bb9412e4a3d6625b8455775908d1ee9778a1728d829b74e9	8eb3631c715c5c169a8119a2a07f941af040ad8c46ae99a1016d922a93fd859e	384	true
bundles/org.eclipse.swt/Eclipse SWT/gtk/org/eclipse/swt/widgets/DirectoryDialog.java	03219f2c7a79769b2a381f452749b80e91ddec59fe38c9efd3167e79735dbd81	683261c3ae680ed98bf1b4c47c3180468d08a4a52e93fe4f1d36cfba883871ea	dd6052515d2f3e9c4bea12d3445a993798993ff1cbd82463eb3c92994210825d	160	true
bundles/org.eclipse.swt/Eclipse SWT/gtk/org/eclipse/swt/widgets/Display.java	a37cc79f5bd80db276357b45004f4c56f147c10abed8e4948ba9f0c59d14e126	2b65c1c131376b749c8b75160969c784ac322615f28612ed89415748a7ac210e	fb6c2334c8fac542d48dcb73c4df08741b30dc92a6e210ab5297c62dbb0e1534	3775	true
bundles/org.eclipse.swt/Eclipse SWT/gtk/org/eclipse/swt/widgets/ExpandBar.java	90853a5bd3350b4885c41a7899be4678fd0adddfa553736cfb39759266761e73	c091baedde7d2fc1cd8d32f786a23bae0e1466a1db6d8020e27f6952a5b3393b	655193255b0a12c07046e441783273a5c6b35cb3c9c8e465de9560935a0cb3ad	293	true
bundles/org.eclipse.swt/Eclipse SWT/gtk/org/eclipse/swt/widgets/ExpandItem.java	0e6f8d02c55c8e8c664e5a0dbd3230db4899aeaaf1a62f746dc45f0fc8396634	0d5ac2fd404f90330e756a98f709b68a83832dffda6a70cf9ffdf35881110c7c	e3ce23ea769ef5b76ebfe99fb646b9a9dcc7531cad6efc4871b00eb305d949d6	303	true
bundles/org.eclipse.swt/Eclipse SWT/gtk/org/eclipse/swt/widgets/FileDialog.java	8d3dca36d93231f44eb652674e7a83d8049a350d830ae3fd29fb6cec561438c5	a2391a04c9b76a955f6ba8e6500a71a89900cbf05bbc19932becfbf6ff8baed7	f4be040d4bb4f36ae7d0fca65fce1219ef08c6cca13b23fd526c811ef475f282	479	true
bundles/org.eclipse.swt/Eclipse SWT/gtk/org/eclipse/swt/widgets/FontDialog.java	dd230d91f5651f65c15310881355daf6c5d9a536b3c6073085986bd4e227b0ba	4a23e67e12251bc1abcf84d4c08479f7bdff877c3fb9322a6dc563fb61c684ca	9aab93417041e1f9bde6d6888f238269f2e2c321f1305b407d61a777188d7496	126	true
bundles/org.eclipse.swt/Eclipse SWT/gtk/org/eclipse/swt/widgets/Group.java	a08519d778933e06808df493ec5582782012973e85cb13b1cdc2cc57084a9e98	f15de3bf3e192653ffd1cdfe59cac7a06aaa95c967f83db002c4c344a2b1a8e2	a415dcb48d666efcf8d5bef2e6536a230cc9456e5e6e4941395c967dfbbab662	205	true
bundles/org.eclipse.swt/Eclipse SWT/gtk/org/eclipse/swt/widgets/IME.java	95adef9444166dd30e01ada05ccc10af37154632930615f60fa58f28bf023830	807f0f2a1e3ca59653cf70ed44b950e425ed041ebcb6b9df4d77498f4cecd653	e7876ed96374a05797051b3ee9729cac7024eb05b15f0fe92c97c29f37fb650a	224	true
bundles/org.eclipse.swt/Eclipse SWT/gtk/org/eclipse/swt/widgets/Label.java	24a7e96dd277c2fee5a4fbfac1ffcd652ae4fd61f81c5a2f9a6caa52c43e8862	4812e9a9c2a18a79c3cb3af05f0f80e65e8e2324ff8aafd244652774fdbc7154	465e4f747140c8e0b45e2717c139d2fcb4823fcf813aba0dc3b6e721e6e14d7f	494	true
bundles/org.eclipse.swt/Eclipse SWT/gtk/org/eclipse/swt/widgets/Link.java	3f56e0112998521fd721f32e7b1865a397bda0efb46848aa8a18aa8845f0f54a	2689527a3cf0aa36f416fc3c97e7461aa13a346b4f2d35d880da70fab125572c	50e64754c7520fdf11cda4a72552704693b3ac29c04b3eb52b13402a5b731b8d	700	true
bundles/org.eclipse.swt/Eclipse SWT/gtk/org/eclipse/swt/widgets/List.java	950c424d5dae029d25bc2c0aca71c54ba4d28e0ea1101dd42c39b32beaf73475	51b1692ce8b33202a4bef47ec9f867b49c5fb6e7992294319fec26e68d481c92	b96e93ba6f177fcb1133429cef000d392cdabbe90b0f2dfa46025edb0699215a	949	true
bundles/org.eclipse.swt/Eclipse SWT/gtk/org/eclipse/swt/widgets/Menu.java	d8bc38f58c20fa4d1dee7a47687e3a1bb6dffca59e962aaa3547d7ab69029448	ce0aa1712c9ad63e27c8f328966e62b20b41834f5e1961741179b563540e8036	a0622fb4de4bcc41d97658a55e10dfca76389d9581f5e12e8249afcfaf8da280	1204	true
bundles/org.eclipse.swt/Eclipse SWT/gtk/org/eclipse/swt/widgets/MenuItem.java	fb98f1d986ea80b59fc2ff330d908c4f9acc9c4c3ce8955f78a4512fcc53e8f6	8581e185ec000c0a3d8b7e938c872d09db9de2b8c5ad738e8554dc3e8739a609	07d1a2d308eaf6f102a4d400f68438b9688c376e368eb00c6b6b6b42aa04f12b	1212	true
bundles/org.eclipse.swt/Eclipse SWT/gtk/org/eclipse/swt/widgets/MessageBox.java	09d6362b842fa3f4870e7f152f31a94cc6d23827bfee4c2ee0a20dd80f65c45f	00eda8e470a51c46b11e33082c75521668229a0b2cc70010c448676c6ca7efc3	53f04dd92e5d023046deb89d849a6e1cc071a146c1aeae4908d6e8a4b05af7f7	146	true
bundles/org.eclipse.swt/Eclipse SWT/gtk/org/eclipse/swt/widgets/ProgressBar.java	e4129ac943c94db1c8efccb22a02a11bbaf30e6e48bc71f8d24f39d84d8f3375	ac06165e0c6be1d95b64f88456162d729bdea1a9d7860e7bdc21b0cc5f289df2	aee1b2bcd5c1e4e931b58fea4f63e0d9ec01b20232b529331e5c4b5b6f4ccbec	99	true
bundles/org.eclipse.swt/Eclipse SWT/gtk/org/eclipse/swt/widgets/Sash.java	34abdafeb4ce956bb7f5b13b98bfa414874bd9ff4226d79b08c02495bf41a294	6d40788762a3e449537dbb64b15c3a2a49fd34cf33206488faeca9308213e755	748b898f970b67517b0c2d2f0342235a6e4c141659d473aad046cd77e4417e86	519	true
bundles/org.eclipse.swt/Eclipse SWT/gtk/org/eclipse/swt/widgets/Scale.java	8196f68eb99e0251663223092e6c52cfba3768945a7d2a7b9357a26bec0cee12	1d49a9724c3dd6aca683e80735024e536b07ad1303be73d050d3c97fe94fb271	24e7428300054f1f3ee1ace78093636b22371f519e970500bf44bfaa83cd752c	143	true
bundles/org.eclipse.swt/Eclipse SWT/gtk/org/eclipse/swt/widgets/ScrollBar.java	7f75f181fb26a2bbfcfa20527c11dbff97f5f819059d1c13fb2ec6eedf73c553	966855c88fbe0fa13c25b5df89ec62ddbead1850bc94ef935d27f9d2c83f15ca	ef2b96b17888ff9048c8eee11db9d247ba3763d1c47485af7768921850ce6e06	438	true
bundles/org.eclipse.swt/Eclipse SWT/gtk/org/eclipse/swt/widgets/Scrollable.java	60f51e907c0687da4e1fb235e2fc7d4770215e266899d32edc345d7a7b7b784f	009c1f28265c303b6115c6239456147171c88db4c882767456785dea412da4d3	1f99930c82123234882c0f8553174dd7f1fa00c9beb41cdc628fd2c53733045a	381	true
bundles/org.eclipse.swt/Eclipse SWT/gtk/org/eclipse/swt/widgets/Shell.java	9a930e20fe39544667fa2355ca41ed24f7c7c1af6f6755abf49eaac1e213053e	099c81f629f132f17fe042d7e44d813a3ab1cd843c60a9ee11c0af1f21099523	9903019a18e4752c333ef841a4cc41551966fb4076e0dbb684f9ec0c78c1a0ab	2430	true
bundles/org.eclipse.swt/Eclipse SWT/gtk/org/eclipse/swt/widgets/Slider.java	cc749368fb2e2e3362db65fa228a6e82a63e9bfb44ca49e4835c287cc594647c	93e5045a3976169f6931f8fc793c99e5af251ea6c8dffc88afb7b5653f0eb66c	371d8aa9d819dca044f24b61ea41a1a1da4fc525f43d7d8d299c9bbc66be66a5	269	true
bundles/org.eclipse.swt/Eclipse SWT/gtk/org/eclipse/swt/widgets/Spinner.java	2556be2a7a35ef123c9d56bd1a49e15bfb7340a36ab7946198cde7b94cafa2cc	24448f07d48deb7a5fa34e251c5e25a6c11e227661d1449af41d216f824fd544	d809a3e75d16c5a1c8f659b60b2aa0b07585bfa79172a0dd0b8510cdcac04a29	797	true
bundles/org.eclipse.swt/Eclipse SWT/gtk/org/eclipse/swt/widgets/TabFolder.java	dfb7c9ed68b125d4e1aad344a21470e468f14971a82c89b5a59093e4e08600ea	f8293097de16a019af8d5d6cb314189bebb5b69c3a4ad8cdb2c8183d0bd95f3f	e426f5ce61ed3af97cac643e176ad3ce85b25b12ca3319db0f70a2677400c8c7	577	true
bundles/org.eclipse.swt/Eclipse SWT/gtk/org/eclipse/swt/widgets/TabItem.java	6cdf45eba0632fc02419ff20cd56f4e7966ca073cbd3cda5315ca538a04d5702	a7d2ed1d3ca451e667c439ebfe55ad0bf9415b5f843d1d75a914cc8e3de38fb1	870a03d2661ac10e1d549c3ecb1017d33ed500444e64a92750cb4103b3a85256	241	true
bundles/org.eclipse.swt/Eclipse SWT/gtk/org/eclipse/swt/widgets/Table.java	ea5e8661e05d0f9ceb10fd89d51f6299940ee1476ca7adc3b71990bb58a9d146	ea5e8661e05d0f9ceb10fd89d51f6299940ee1476ca7adc3b71990bb58a9d146	2d277f4d689679c1d655c0e0a4bca7ddca1843bf6c9b58c17b1d7236c0333b2d	3369	false
bundles/org.eclipse.swt/Eclipse SWT/gtk/org/eclipse/swt/widgets/TableColumn.java	fdb064403648c7bdc5fc0272e9125d6358fa94b8c641e19e4a71644258396e8a	73a0e789db425a07c8f3a8b022331917ef6f5779ab3c836bf7541136f303a09b	05d70a251151e847295c8f49cfc2a039f16f67a09470c33e83d7284bd563da38	382	true
bundles/org.eclipse.swt/Eclipse SWT/gtk/org/eclipse/swt/widgets/TableItem.java	fe75ce5e65142de3870526ce9fec1fee2b7df1d07c9385b6f96c9f4eac80d61c	9005081e3ae938ba08975957cab807123abb2bcd45700973336cc6cb008407e8	e19b9b378c128cf9ed551b2911bad17d57601b0c11c6b9d89c1328e10cdc8e13	1106	true
bundles/org.eclipse.swt/Eclipse SWT/gtk/org/eclipse/swt/widgets/Text.java	0b5bf3166fb841fb598049e7e4c4a2d77b48851009409783deb1964865eaf31d	5178c671d5de7cd2d24468cec3d5957c2033b2086cb5d5ee2631dc19680dfdf0	b2a4889cadb4581015546c8c55badab5dede5c35e5b14e7e92c53db644623431	1738	true
bundles/org.eclipse.swt/Eclipse SWT/gtk/org/eclipse/swt/widgets/ToolBar.java	5050c8eb7c10859461918b64c24901782d29dc43faa8e69f64113f1e633f8f6a	95ce91b3034fef9b2ad762d8292ffb9611854b50cd9c6b110adfa947a5d84888	cfdba7975f94a535f1d8159054bc568f7fa7407adf2461f71c150771ba655caa	475	true
bundles/org.eclipse.swt/Eclipse SWT/gtk/org/eclipse/swt/widgets/ToolItem.java	327ca8a32dc211aff95f50735f5e82c0aa4f60720f3b4d0050c1d8e201b7832c	6af6077345010314baffb98e90ed1d6dbd39f2040e35f2ca2228112ab0a3403c	48437dd3923c2dacc9b8ab5bee4d3108c5d7ce5d251b07a3d1ee74c9c8fd6aa7	1013	true
bundles/org.eclipse.swt/Eclipse SWT/gtk/org/eclipse/swt/widgets/ToolTip.java	3a236ea5e8411626c34ad8de77d9df714a183f5ab52de6f3a3cfded09a39c343	2e2ef4a3c5d80961248747b2de2822691aa62c5d6e440663e16f1c771b8609ac	53d99972d5df6a89bf12edb9b7a2ae9a3eca43fe6137ee23a8c8bb95f2795871	473	true
bundles/org.eclipse.swt/Eclipse SWT/gtk/org/eclipse/swt/widgets/Tracker.java	2e014b5aeab82f03fe67e660a211e002827b5e2245133d41cfe5c51eee716519	669ffbe914e57a99b71b22180f8037de9ac8bd09bd111f31aaeaae3c908e697d	2721c3d29327393e45755c51bf99af344118c2bad11bbf260768e35155edddfd	807	true
bundles/org.eclipse.swt/Eclipse SWT/gtk/org/eclipse/swt/widgets/TrayItem.java	8d1e342b22f9dec2b56a6e6e59edacd95209f027970da39b0f33bf0248f18f08	3c5aa1fdd2573d29e91679a719cfc24cfc594e8703f1aab5886c8157dc231aa5	7e38d6423901d69552978ca3f29f1f9851aaa9571648ac29153b4f4f83b763c5	211	true
bundles/org.eclipse.swt/Eclipse SWT/gtk/org/eclipse/swt/widgets/Tree.java	950f7547ee281ec39ea2655ca2cdd07bd6f7dcc07762dd4412b302ef21ac180e	4759f0e133e0e58799b9ec2c6572af8233d9460ae22264e49c7facbbc9781b25	7909a6b54e1a688956e2b7d186136857ac0399d7649ef7b1392bf123928fe2b2	3364	true
bundles/org.eclipse.swt/Eclipse SWT/gtk/org/eclipse/swt/widgets/TreeColumn.java	700b0fc85af82914de66b2ff1209727becfac31939eae50b7c83ada06ed754ab	2cdb8f1669431474418ab109fe890f38c2137c4a7ff4af25c3a15a94eb0ac507	4b033b3af15aa1a7371b185124e5eeb511aa28c01d8a49cc3de6a08fbeb8e46a	349	true
bundles/org.eclipse.swt/Eclipse SWT/gtk/org/eclipse/swt/widgets/TreeItem.java	36d6ae22f808de4d0c7298bd34539e1dd3e4a983175903060fca46aea236dff1	dfbad30a687258be5f1c6f41f395f562efa7795686339a189653e70b1b39b56c	bfc06534bf0caf29d52cf27647f3797447ab7a74c99e5574d9ac690da2bb62cd	996	true
bundles/org.eclipse.swt/Eclipse SWT/gtk/org/eclipse/swt/widgets/Widget.java	bdef33b75c9dc67ca978db20002736e5580b3fb933a5c83d109e5b07c1f99ce9	686376f09bfe0d025200e078d647bdd216f00d1b445f334ecac8b63f04bc6512	53bb4a51ae238c98fbfe39ff0d8688f0f2d93b200a83a9418702d5e7be92f703	1443	true
bundles/org.eclipse.swt/Eclipse SWT/win32/org/eclipse/swt/graphics/Color.java	f81f84f8d3555e5c34e37c399c34a3ddc743c1b35f5b604175a8df3f347301ba	81eda26dac35cb1cc8c3e190a15fd28d1cccda5e55bfdbf4fae6916bb091ee58	e5f05f9588115a22943334884300c66f26ddd69e3c81ca50a1e6391bdfeb0614	130	true
bundles/org.eclipse.swt/Eclipse SWT/win32/org/eclipse/swt/graphics/Cursor.java	98942b5948bf97dbd80b231d2d4af9ef585bc2c8757986cf209f5a5781bc6159	204b8277cf0e12b0873910be3378472bc22fb652a94d1a487b2dd59a8875f08d	2ac7b7635ef0a20f0c86f39985546a340fa4051c910701a6e4aa6135a49552f3	303	true
bundles/org.eclipse.swt/Eclipse SWT/win32/org/eclipse/swt/graphics/Device.java	b34203b2edaef8fa11b0eb7fbf5b1caa6fd521a63912f418ca4fee65af2908ad	9eca65ce30df44663f42866458325bbcf67b9b8df4889effc49783feb2725c49	6690817551524b27686c04b5d25c39f7e5a0e2ea33740c4766d11008798853f8	592	true
bundles/org.eclipse.swt/Eclipse SWT/win32/org/eclipse/swt/graphics/DeviceData.java	5295c2ec27c00c5203806af6f4de8b13a70e6fb00c30f2d4b2545daa02d4b33e	5295c2ec27c00c5203806af6f4de8b13a70e6fb00c30f2d4b2545daa02d4b33e	1c9e534673f35fc27544df9f9904f4bf8c3ae2b171b53827475778aa98b7f3ca	0	false
bundles/org.eclipse.swt/Eclipse SWT/win32/org/eclipse/swt/graphics/Font.java	08f7d7e7c4963476c8d4e1ec73518a3c9604a5bca148a25e524c7de576ff30df	c7775f84ae8645ae695a8637a6164554eb31db7c2d24f75b5d222d051227538a	6c4f7f4405b59255dd1875c98f3fd9db6befc126cf869a6d63e26b287f855164	114	true
bundles/org.eclipse.swt/Eclipse SWT/win32/org/eclipse/swt/graphics/FontData.java	684e921c59fdaf2696b81a17ea8df075f571870e99290cac4ce4ebfbb5d49b8f	8d879101f4bcde34f4a1fe62f4810920716b29af20c02a936db559aeed9d07b1	c66d20b5c3a15536033060a72dba979f1812142127455d6995d6f02082d5328e	401	true
bundles/org.eclipse.swt/Eclipse SWT/win32/org/eclipse/swt/graphics/FontMetrics.java	a5beff7f1e06306d21c7d11a1511b8643dcaab4297b8a0e66996e142e0b73828	d8896a05ba045380c8d34b1b828016f27b17d429c0a8cdb332a618378233c728	1a7071e4a966dc195128195cff0bf0441d0d7af94656ca5e6d47919ceba30593	31	true
bundles/org.eclipse.swt/Eclipse SWT/win32/org/eclipse/swt/graphics/GC.java	23cb37930b78be6285ca37461be5d9464f38501dd4ca5faa4ab1248b1622f251	6102aadc9b30b1f2dd1de40a31de43cc115444ece9851dec0511434d8fc030f1	28bb66409d43b734ab456fe7c9199553c0dfc28bd336cd17393ab2c060ccd2c8	3802	true
bundles/org.eclipse.swt/Eclipse SWT/win32/org/eclipse/swt/graphics/GCData.java	6af0af015ab664da5972d2d714b03021b70835b5fd25c5a2a40e6bdf7c75a1b5	6af0af015ab664da5972d2d714b03021b70835b5fd25c5a2a40e6bdf7c75a1b5	5c810ea4a5083f3ff5f7419b9d114245747a9d80941baa220f68abafb8125146	14	false
bundles/org.eclipse.swt/Eclipse SWT/win32/org/eclipse/swt/graphics/Image.java	86485cca64ba3ee5ddf7a63263fb8fcf8a954ae848b0498315e0e77cd2c9911e	bc67b793ccd0378555c30cdd5f200dc4830859ec8b04d8cc63bd7648b45343e1	897e496b99a22fafd0df0d2c2db38493b820a55d715feb770572cc05e01ff2c0	2158	true
bundles/org.eclipse.swt/Eclipse SWT/win32/org/eclipse/swt/graphics/Path.java	cdbe157f8309e26a36ee44dd3a36decdda19721c98f609642b856eecffdb8c73	51e548222c5f9da8d2d9b8a065995d53b89e234f26668395a370ccd7465f4d86	d98903f6b66544a553c6b48452ae19fdd4eac19d90468f3404d69974e00a0c8a	496	true
bundles/org.eclipse.swt/Eclipse SWT/win32/org/eclipse/swt/graphics/Pattern.java	5b44bd1a86041ff5b1c59498c8dcb288e8e28968d4cdb8172cf260a7b033511b	21790bc551f065ecc00b0165ae8d3be81d640ae77049031ba1363bf1d197244a	d14e3260c32da90cb85346d64a1599dc18737abf7dfb18615c2bd35f72bb2e69	152	true
bundles/org.eclipse.swt/Eclipse SWT/win32/org/eclipse/swt/graphics/Region.java	3a4f05ee8649ec0a86c18ebcd816f5baad77ba794588305f7a6f56159e9fd44c	545e2f81accadf8a2affa4a87bc74102260ddaffa4ea2bf144e3ef54319d3e7b	803b258f04e23cb98251036d2b564b5ca0d17fce4a90958f2d8ae1e69aeb6b5a	382	true
bundles/org.eclipse.swt/Eclipse SWT/win32/org/eclipse/swt/graphics/TextLayout.java	7637faede0a52966a7cb812cad4dfc85a1dac91200a8b1f7cee8d8c5a0524f0f	05986ef37947ce9de6090a7dbc31b9c36ed8e1a0c326ba40bf646ea13e71f7af	97bea4350614eded37b7d103d43acc5e1987660784a2109cae867fbfdd404d42	3102	true
bundles/org.eclipse.swt/Eclipse SWT/win32/org/eclipse/swt/graphics/Transform.java	684c3c098a9443cbb99441f2d6d6b39070a32325a6b852d3d93b73d5f688a202	6862cf90158627e010b9dcbeceb3e9f85a32a01399c34a5e87307999d9e8af4f	95c36c8fc087fccf8a13e883f368a640d2c748d9557bb404b8bb91a6b9188e14	189	true
bundles/org.eclipse.swt/Eclipse SWT/win32/org/eclipse/swt/internal/BidiUtil.java	55609d0a85ec669a3b9eaa7f10d5b81628e876392a692b7a20ba92ad1ddb2cfc	e9a3be9faa3b71763d1a4a5718247934183d14f59fc1ae249374bf65201124ab	ae9bd38966e314a7b2bb4919a41a287777f41954c9d96bf4ff040c9769b16447	119	true
bundles/org.eclipse.swt/Eclipse SWT/win32/org/eclipse/swt/internal/ImageList.java	8fd5137da2d54d7590dab21cdfc0a431d902fcabb44809f89bb0e23e7cd071a4	b7d76ff966200fb7070bb238f20f72d503b40e4f8a1a0ee94b8449790b98046e	15b543b87ea8c871ee5e1eb96b5ab3fb890faeba7493b7195ce8460728f72c75	413	true
bundles/org.eclipse.swt/Eclipse SWT/win32/org/eclipse/swt/internal/LegacySWTFontRegistry.java	830283eb1a6f7f102178f8dc08805b40807f21cadcbc374d3bc761f56084909c	0aa2cfcaf75d15738fea041583a2e5de8fa4884496ac874b858c254231df4b15	85be09ccd9334dc90b3991dbe452e2080c4130c1cd07bc6b209127f98e240e12	46	true
bundles/org.eclipse.swt/Eclipse SWT/win32/org/eclipse/swt/internal/NativeImageLoader.java	2da612fac5ece9b425ca1d6ccad02d544a4941db4555a08c9aa592e97c40ae37	2da612fac5ece9b425ca1d6ccad02d544a4941db4555a08c9aa592e97c40ae37	737cff723e16496d64d6a6d247249cedaca9ebb315509dec1bc369aa61d5efd5	6	false
bundles/org.eclipse.swt/Eclipse SWT/win32/org/eclipse/swt/internal/SWTFontProvider.java	a70fe4c705d06139151167dee28acaf09c46f88dc62f74ca2ffbf0559d5c94f4	a70fe4c705d06139151167dee28acaf09c46f88dc62f74ca2ffbf0559d5c94f4	10aaf5e44f8717d6cf20138c5ee98826804c0850a6662cc7b95e6088494f5a3c	30	false
bundles/org.eclipse.swt/Eclipse SWT/win32/org/eclipse/swt/internal/SWTFontRegistry.java	3170216935d0bf5a0e5fdd0983d3485b8c426526652c47499560a049a2f9d1f2	3170216935d0bf5a0e5fdd0983d3485b8c426526652c47499560a049a2f9d1f2	9056ad46ca36281cbe8bfcfbc1a52d44bf531f0a65461049393afdafcd65a17d	0	false
bundles/org.eclipse.swt/Eclipse SWT/win32/org/eclipse/swt/internal/ScalingSWTFontRegistry.java	cd8c80db605d68be1c8ed66a795e7b50e217eaddac07589cda132c67ff9a64c0	06a54023f5d80233f8b9b3ecbdabda6c2e29c64604b434e6650939165ab9c7ac	5a2309cf78209d2b09af56c235feee8027caa69c39d9331298c2c85163ed139d	68	true
bundles/org.eclipse.swt/Eclipse SWT/win32/org/eclipse/swt/internal/Win32DPIUtils.java	240bed46ae49403ea903d3c7a46af8c225912b641b389742d80598fa6c0db5ce	a8415f0f701a0a0e8877be14c578aba9ded2469c507035e6411f9b3b7126f1df	2616513f7c009b9f79f7ec0da02d44693ebb59c5dd86104f628e48f7659f7ac9	277	true
bundles/org.eclipse.swt/Eclipse SWT/win32/org/eclipse/swt/widgets/Button.java	4d30b5ba070a05438b37817c87a9434b1adf99ce6dd73479ed933673c9b33c8d	6d1698c388cdd3afa7a32a4e6604b364731dccb3c97c5788cc369d6c97aa561f	3990b79762cb6616cde710f6d54519f9f14270ea26bd184486bd3f52cfd1fad7	982	true
bundles/org.eclipse.swt/Eclipse SWT/win32/org/eclipse/swt/widgets/Canvas.java	f7bd9eb33fb0c8bda36a47dcee844bc7a8438b81b66175fa76220d092058ff87	6d5be1a9e051d3a565ad84a04fbc218d2399334b45871bed72ad11287cd72e56	9d84c2c5c039fa2d9dcd58aba8ed7de3f3eae6df51e7078b1b2968577c226af5	236	true
bundles/org.eclipse.swt/Eclipse SWT/win32/org/eclipse/swt/widgets/Caret.java	7b8c1cac117d1ddf1e081bb60a21a41f370f842875c08c43beba5c1a79f1687f	8fe1363ff5bd701800b6a465d62e164b7e6f36ce7d3007a8068a1e240f8c6a65	d84278fc7cda109ec8e0972d57985293b60cfa037248fb40e0632081e02d1420	344	true
bundles/org.eclipse.swt/Eclipse SWT/win32/org/eclipse/swt/widgets/ColorDialog.java	99e5439dd05c397979de8b5c846ee3f54c20eaf55bc8ff5287ce2c6b2c524461	8744249704025dc3cfdc2c0a6458495073315e7595079b99f8867408dc0d7f36	7556053647189896594a1e4aed723ea40001de8d3f6594572b3a9b72bc9b75d1	154	true
bundles/org.eclipse.swt/Eclipse SWT/win32/org/eclipse/swt/widgets/Combo.java	8ca260f8e57fa650e84fab5129acad6c63fbdaa502903a7ef9ad4186d7caecad	778c56c444674d691e77f94ae6ece28f9ed7a3cf1f6ba98c26154203f21a134c	1fd6beaa70871e57a7f9ea8055755cc50de735ba8cfcdf77274ecccb0fe0cc67	2246	true
bundles/org.eclipse.swt/Eclipse SWT/win32/org/eclipse/swt/widgets/Composite.java	2ee7b4cc863507c531c6b9fbc4e123f213ba9a98d95c8fa43b6915113cfcbffa	5461f8b28da23775b6af7030958473ab5cd6ec4d9563311b42d15b1df2f2ea7c	d959d5339d2f8cbc84d02bdcc71ab4ecae50aed960c11166be575abb16a6db46	1251	true
bundles/org.eclipse.swt/Eclipse SWT/win32/org/eclipse/swt/widgets/Control.java	e6200dbf1602691d9c7378e32fb9260afd645c8062f2670c6a44973e03e47f10	b97aadf0605aa20af9be25fa57700a2efe80ec86a414adfcc20d08aaf3df09d9	10fe30177e2af4777d6854376b53248677f6b0146fbc9fa7b6300e534907c9ec	3585	true
bundles/org.eclipse.swt/Eclipse SWT/win32/org/eclipse/swt/widgets/CoolBar.java	5601376ff15610592874eec87c1ac01875a8d5ecb625ba2f62fcf303a1e2db00	2251846fafd8a4a4d2f950a159049ff5e1e77afb3c004f7266032588fb01d56a	1e93e4b54c9899373f09780f8434d31909c5a3b47e73686d3f72aeb20c8224ab	732	true
bundles/org.eclipse.swt/Eclipse SWT/win32/org/eclipse/swt/widgets/CoolItem.java	3362585faf5ae3425652b1e521e3acb4d7861a633f1394143cb42f706d05a4f3	5a1cba560f40a37427096e5ae1a0126cac8dca1517838506ebbd3b56fba3ef3a	d01709985901d1fa6d912e2adc936665c510ded33a7399cf5295f49b3e4a20fb	359	true
bundles/org.eclipse.swt/Eclipse SWT/win32/org/eclipse/swt/widgets/CoordinateSystemMapper.java	aa8da530d895fa8015937198d8adfc756313de43e4b84bf9719c3359fcc21c43	aa8da530d895fa8015937198d8adfc756313de43e4b84bf9719c3359fcc21c43	560d4d483550791592848a7db62835ce09650ec3ae530308f09276f33309a0de	0	false
bundles/org.eclipse.swt/Eclipse SWT/win32/org/eclipse/swt/widgets/DateTime.java	b2dccaf66841351469023855ac076312841039ddccf6bcb08eee18812f2e7fb2	e00aecaf132cfed8dba0007ff46e4f8c326371ebdaeecad3820a590d7669b1d9	6997fb0baf38b62e5ae75b409e8fd8e7e75e12e2ba7d0e37b21839143fd0774d	401	true
bundles/org.eclipse.swt/Eclipse SWT/win32/org/eclipse/swt/widgets/Decorations.java	c9adaad2a509dc0c9259f694655f34d197b186dcd29d3ff58a64478758a2e0cb	48d4ea554e822e1df7c3078367df69f536b7c4a20070963058bd02c65c507443	1c322fee0f3a0adf0061e17fda54171bcbb01baa8483dacbeb0e572157c2d1c6	1194	true
bundles/org.eclipse.swt/Eclipse SWT/win32/org/eclipse/swt/widgets/DirectoryDialog.java	d92720fe29281ab72edcc7e424c2b7e2b4c05fbaebb913f33e6ad330c897ac05	61504393261f6d37b2641532a92bb64bf43b0f08186f113ded3e0bfe9a6b8af2	8abcbd15c5a946593d25dfa209c8e23811d1f9e0d16fea2e41130f5b8962884b	83	true
bundles/org.eclipse.swt/Eclipse SWT/win32/org/eclipse/swt/widgets/Display.java	ac27373ebfac246c794a55553e484f679bb7373a12d65fe6f63af0ee502f0d36	941d7d3703eb5e473c0e189350135b5faaeb1c96503402948c4def34053fddb3	aab540c268482eb5f853aa675f7ea68eadf902ad270b97361c856cc7fb9c47d2	3220	true
bundles/org.eclipse.swt/Eclipse SWT/win32/org/eclipse/swt/widgets/ExpandBar.java	6c389276ed6db5cdd88f35b81e75d08b7a6421eb0777c0ce871509501d2b2c76	1ce7b071cfa24643816bb2cdc98c66aebf16d7968007bbb34db6614c4d077870	79baa256623260d0541894be2a2d4a7a144cf20551915c6030f26fa22c352420	657	true
bundles/org.eclipse.swt/Eclipse SWT/win32/org/eclipse/swt/widgets/ExpandItem.java	0d7e34a8fbea2daee7a1068595dbf1f4a43d5f6ae36a4b4587e16d559f000761	a9b903351cada0e0c54c912311324260497988c29510454242e5ebf7684dfb99	31cbeb25ffaa5b830d13ffb3375a744990b1f0d29db6e5eca3491422e39b0e16	285	true
bundles/org.eclipse.swt/Eclipse SWT/win32/org/eclipse/swt/widgets/FileDialog.java	6d82d549a07f9a81dd37a298556e9454cc7059d84c829ab9caf5b090a56edb7b	10cc75ab8c6e7d73b6890628d6a181c67d105c1d23db15b368628b4edde22559	ae52766b2f7dc4b77c621ac10133853815f8d051fd58f473140b65821565784e	201	true
bundles/org.eclipse.swt/Eclipse SWT/win32/org/eclipse/swt/widgets/FontDialog.java	be8b8c223967cf9616d4081d1604d16c8c1a9120e39b8e3047687ad78c5cdd2a	fa36d16953859efb00dbaafc8087db3c287e2fb40078f63d564a93b33ba762f8	3a04ac18fe6f3bc17a60552bb21bf185d442e28d7f04d600a57b346e35ebb123	137	true
bundles/org.eclipse.swt/Eclipse SWT/win32/org/eclipse/swt/widgets/Group.java	4290c848c9f71e6b00b368f87aeb6862890e7c9a0729d858b6da8dd8832e6731	ad261620e53c8cac932ba67a0b88f3bb82d5c6714c6a065d74a5b2a9ca16cdb4	ca3e47d3dda29159310fa0c5094e7acfae710e98278e426d13cbc8a0e46fdb2b	337	true
bundles/org.eclipse.swt/Eclipse SWT/win32/org/eclipse/swt/widgets/IME.java	b45e64da973833318d9b5ba5ee86d37173519b4b13df3c4abff8e17756769e60	b1daca35ac23eaec67815238869aecfb822aad192559b7d527362cd2baaa6e64	4ef9abf42f2bbe5e0606d131fcc9ee0d3b4b4e8bdbedbb313549b5b2ea15a3a0	356	true
bundles/org.eclipse.swt/Eclipse SWT/win32/org/eclipse/swt/widgets/Label.java	3c3cfc3c14a8ca169585d1b0d9de25b5031164804eed2d1af6f31216ae9acb0e	461a238ad2ba068b2a9bf8f41b308ef704774a8c958684e68f4a43dbdb48b34d	91f922d6fa15870553b37d7659b6c133312b56f2439ebf29a34808593fe22f01	392	true
bundles/org.eclipse.swt/Eclipse SWT/win32/org/eclipse/swt/widgets/Link.java	449497893c602310326c977466e8b7605762385dbc39c225c7a07cd2e0808042	df732b1b7a0abe29bf169158a919f21f9076ab7b5abde41e356d1e6a33edb543	ca30b4b6e44549ab4c04943bacd3d51adbee051996a766579deec2e322fa4f32	435	true
bundles/org.eclipse.swt/Eclipse SWT/win32/org/eclipse/swt/widgets/List.java	28b674c5b2a5639d9680af44335cdc34cd304a92dbbb16e5ba877a173767c6ae	4ecd16d3b27fa5144eca684bdf9484f11459ed952b4a3260ee40fae134381b33	9aa0174be6963819c62549ca98de0b9b65d19739e477249f60ac84f8f30e4c8e	1245	true
bundles/org.eclipse.swt/Eclipse SWT/win32/org/eclipse/swt/widgets/Menu.java	a2a49050e8e0cd12f7e888e28944c9507d46f9c1d3172c52614aae655b3d7dc3	a16a244e9944130c64117fb4adb807acd55bf1fcd2507d8af922c750f64ef279	d5033dc7bbfdbc49de8465723eed6a2ea76dc674459f1a2c05666d920167325a	612	true
bundles/org.eclipse.swt/Eclipse SWT/win32/org/eclipse/swt/widgets/MenuItem.java	a3d8bc97a34ad14e9dd66ecd84bc7d3fed49e1b356f60b47f6d0e79c59f81424	556dc2ac7f1d2ceee27e95a6cb3a8c54fb75376b8573a0ff65db0c2a90bd9bbe	2a213e29867a79ae7c99ab503f10ef643d98b379801c29adf9f06a90beb9a6fb	776	true
bundles/org.eclipse.swt/Eclipse SWT/win32/org/eclipse/swt/widgets/MessageBox.java	d20edf0a786155c4690f23fa24d98ae890ea4f4afcc4ec2af33d551e995c9095	e3972d42aca93a52735df4a79ae9c87db1972adf5d38f64e3a8eb9df817293b4	56d32ba264fdc53f39d7a8555814d7dc2fc4aa5e3743465eb92892f3722bba05	179	true
bundles/org.eclipse.swt/Eclipse SWT/win32/org/eclipse/swt/widgets/MultiZoomCoordinateSystemMapper.java	6f24c1e60879ef7bedae12de860cc1c70b020c5436d7bc84ddeba78b9b2bff07	1a5b5a8d2cdbf7b8a54bd3237c8401af7eb03b0c3bd73724ad2e425af867f727	917a45d5ce0db361b98668ad1054302486296b618ebad518bbdf3496e041b76f	183	true
bundles/org.eclipse.swt/Eclipse SWT/win32/org/eclipse/swt/widgets/ProgressBar.java	aa266d3d66d21278a72ae831ddeac328808182925d1055d6250b92f1044e4a72	45249923d6b96fd2f852e96380db86a6b4caa1c36c3f849120bf68bfe5fc1d47	f0cfcbc39fe519c949f7a0085766114e800d05e9f256299094df7064478e35dd	171	true
bundles/org.eclipse.swt/Eclipse SWT/win32/org/eclipse/swt/widgets/Sash.java	4659810733521e07f23463a89bc52f2c1e7ed214868942eec1a8588915918732	4041281ac836b2f21eb67a4dd1746c6e573d421452bc3f74b6170ce5e19dcf40	782b7ebf336828be42d0c28ad88081a79f46502eb10602e39a5dec43eb86b336	279	true
bundles/org.eclipse.swt/Eclipse SWT/win32/org/eclipse/swt/widgets/Scale.java	f0a9a750680f6c1a3a7a8e978151e217d86cf588d62e0956776898213bf3074d	b59cfa893da55a9a04a8867c230a807d0764edbaff19e9b1807e7d8b3804992b	71ffb0d96b20bb305df3f1b4f8fb2a40cd64503f358f07607a45413239891e01	203	true
bundles/org.eclipse.swt/Eclipse SWT/win32/org/eclipse/swt/widgets/ScrollBar.java	64cddb3d318125aa3bff6abad87e60fd2dbcb40970fc79b9efb6b6df0514afe1	0c39189e092c2dc568659ffb335d9486b6d44f4c7a82f5cce89fa1b761c2a30e	46babcbd30acaa10ec8366f3ee97b7c349f6ec6f13c0f6859c2cdb3af668179d	412	true
bundles/org.eclipse.swt/Eclipse SWT/win32/org/eclipse/swt/widgets/Scrollable.java	bb0c9676eef11868beacbc6643139c675c3d25f66448c7dfab0d2c3a6bfd7554	628867e4293698d2f3c431d3e1fe59b1ac9bf4b118c84dea03007d62ab57b989	f3462878f89341695cbd6a9b4be705291c52d8706ac9a18f2d99e4b74d1df9fa	263	true
bundles/org.eclipse.swt/Eclipse SWT/win32/org/eclipse/swt/widgets/Shell.java	4cbc0d939f2ff8a69b5fefd68ba840750697b3bae96a0fbb594b6d3fdd410189	ec7d55bb1875e4cb32389565d5cd1b582252cd1b9764e8e91cb0997ab8f2c2b6	011ffb4d170b539b42c6fcf295b40f0842ec6a1f6e0ea5f0911b0fd465823ec4	1666	true
bundles/org.eclipse.swt/Eclipse SWT/win32/org/eclipse/swt/widgets/SingleZoomCoordinateSystemMapper.java	c65c5acea4a52e6eb498277090908ad7e1cebf3eaad5bdcaa5857f71404d164b	c65c5acea4a52e6eb498277090908ad7e1cebf3eaad5bdcaa5857f71404d164b	6495c68a1d03e7197ff024cfff9e647c34bb5d6eb4ec8fc736ae7954e249457e	60	false
bundles/org.eclipse.swt/Eclipse SWT/win32/org/eclipse/swt/widgets/Slider.java	ee143f43d88beeb36f6b29ed132f0e3dfd43737c52b728da269c35f2a31836c0	962739bb908e4359bc284bf9528b9ab020c390a52cf7e3ddd9e5eb9c0393815e	b55ee908bd009e29c5acb2e19d5b9f8aca9bfb1d24f10c0ce0e8c2c0654dfe8f	357	true
bundles/org.eclipse.swt/Eclipse SWT/win32/org/eclipse/swt/widgets/Spinner.java	0355ec0b925faf3868dbcb5b480e6235f4e4f294a6a9fed2265116d2e957b53c	eab1f5e1bd79449b0e79ec7f9861dde1b2e3ecbbb8b5567372034e6641505f2a	5cf6d1ebd572a451e7e73c637809be96382cd173fec61fff752b0cdf7965314b	964	true
bundles/org.eclipse.swt/Eclipse SWT/win32/org/eclipse/swt/widgets/TabFolder.java	256c3b03c3312484dd7e37dde6d11df063a1a2f175be43074c9dd0eb2abb484c	a363ea7cd5d4203855b9a5dce93f9ac5aae3d1db48a09b696585c9805e1c970b	96e784fac4fcca44b3375f5924df8c0d4bfbca820f50c65f35b0204f2e37ab77	679	true
bundles/org.eclipse.swt/Eclipse SWT/win32/org/eclipse/swt/widgets/TabItem.java	edab737ab0c32b1daa0cbdf95b8d3a6a52c79dbcf013c36f387aef75eb913d82	2134ed5e7ba551c780b69b57497e06e7397e6651174f7849baa028d0a86fe431	41ac3a6c0182e379335b315e224f9fe919e1b4b78d77984a5cc36052dae27377	164	true
bundles/org.eclipse.swt/Eclipse SWT/win32/org/eclipse/swt/widgets/Table.java	fc7726add4328b32fafd74d8687199e3b7c2326d79dd39216ac9c656328121e7	1db7468428bd3b309b6c14f4ae266c2fbe81bd15d034829670f3f279dff354ec	53341dd3fde5039e6bf205fdaed0668a32ae67b15f0fc9f3adf6ce1bc539b488	5103	true
bundles/org.eclipse.swt/Eclipse SWT/win32/org/eclipse/swt/widgets/TableColumn.java	ad05112b4efcd69e0ceaa6e70c52f5941ad95b000166056d0dff91482357f17f	e512aea4af391f2850371c152729c1d99c2fdd3aca3b5f5f06d1cdfca7ded1a7	5bd663e93e34bc3cd42d4a9a45bf9c23eebb8bf79029b2750049f51be560925c	441	true
bundles/org.eclipse.swt/Eclipse SWT/win32/org/eclipse/swt/widgets/TableItem.java	ed5167a5eec1b73c4bd2bd572b942bb26d2714e73ecef4db29e0f45b23c27d04	86a21f4a09255f634fa377fd908ce1be75c5483f6705121a5e95c1000bec3949	b341cde0e31919cc2d438e51835985d246ad69b2468cbb768a1641b029589faa	865	true
bundles/org.eclipse.swt/Eclipse SWT/win32/org/eclipse/swt/widgets/TaskBar.java	52d37b87784254c102dadb681a04a2602c8bf70af3b06cfef2e0d2ca9b4a5e40	8e7ee68d7c31b5e86ff37c315e4b9e3371e4c89382e121c0cc387236de7a25c7	e0d2d08099d78059632ad1a0dcbe155f13a75f672ca2f62d21eed573ea41147c	336	true
bundles/org.eclipse.swt/Eclipse SWT/win32/org/eclipse/swt/widgets/TaskItem.java	a538dfeb947e84822621fa50afbabcfafbad117dea3ad6ebfd6dc763e762258a	481314e42f18a64c0bb269babe8a4bd84f96821b14c27e91ea895c91cbd019d5	b7b00f9f19c454b02c266fb103b2e24d9640706e5f6d5cfa728e3cf67ae628fc	264	true
bundles/org.eclipse.swt/Eclipse SWT/win32/org/eclipse/swt/widgets/Text.java	9cc76cf7f5e42f55d5cd81424344061793e560b4e1d8b27a44b2e461d6c667e5	05e0366e567e32e46c8e7176f20e6070ca5799d7deeb9564fcd07a9c8bc00478	3ec4248b32f9b8681e06fbb2ffe299f10be46daa674fef542a3438ae78b84cd9	1802	true
bundles/org.eclipse.swt/Eclipse SWT/win32/org/eclipse/swt/widgets/ToolBar.java	ac054f0c3f98392c243584a2b4f89a69301cfc2d1c3ca66c55a45c0b044e0825	5933f6df3e2d9df48537285a3c909b38f3d588c0c95c7698378bd543636712f0	9c7c105054ce5f456787070adebc0939fe5ed4f5c8cef7f50aa211fd0fc9cf43	1130	true
bundles/org.eclipse.swt/Eclipse SWT/win32/org/eclipse/swt/widgets/ToolBarImageLists.java	af1f541dc8a3bec74d2c3735f8e0715334c832290d0b746b7a23f9fcea27d469	af1f541dc8a3bec74d2c3735f8e0715334c832290d0b746b7a23f9fcea27d469	ea23da046c3e00ecc1df57b8c9ec6483533469149173f9c3595496a314341fc4	41	false
bundles/org.eclipse.swt/Eclipse SWT/win32/org/eclipse/swt/widgets/ToolItem.java	9b75764327f37597238dd4811378999085ec43d407d6a165282ea3ba85198a12	825fa5ee5b4065533bf550791635ce93c5c302f85a76dace806ca263aaade63d	547f2f033bf40575b36f11198b568ff5987a0e522a6b14bca78b374bd95c2df9	541	true
bundles/org.eclipse.swt/Eclipse SWT/win32/org/eclipse/swt/widgets/ToolTip.java	8c22475adc80130dd10ea4be476ce34c2bc9322356dee9105602e7d66e088960	e31c9d53e2171973135e7841d043b2d98b736e78ebf8ca226afa8818c4fd7165	7e9504ef091967302b3f52061712fa2f769b5c5bf1354d85f2f0b732c18f8bc1	222	true
bundles/org.eclipse.swt/Eclipse SWT/win32/org/eclipse/swt/widgets/Tracker.java	3af9378746a65cc348e949895196da04ded5eb45a7055116e2275d71cf31111c	1122f20b100ec8234c4031314e69301f6f3d88f9491805b4acfec90760109168	b8d050250cc68577d902340d7ea7a9d3f69e0d98a5c86dd38caf92b595ed76f2	854	true
bundles/org.eclipse.swt/Eclipse SWT/win32/org/eclipse/swt/widgets/TrayItem.java	af4c91dad87b40d012521d78423290256fd7a41d71db8f02782a55138608c9b5	7facc8c1533b0f64be5714eb6c1fe8fb06ea19c2dc8f2824b936b6569fcaa7d2	5e338c435953f7f2f8263f128a152102a454212d9377d407e2c286a13adce6ea	241	true
bundles/org.eclipse.swt/Eclipse SWT/win32/org/eclipse/swt/widgets/Tree.java	4b8ad35463c8321994b3dac27e3edf95fbcca1f1c527db00a4d1cf98126e19b0	4b8ad35463c8321994b3dac27e3edf95fbcca1f1c527db00a4d1cf98126e19b0	6252f6a6c0010a51a39f9bd675d5f4c430cdc8b75e14b8557977bbeda554d532	6887	false
bundles/org.eclipse.swt/Eclipse SWT/win32/org/eclipse/swt/widgets/TreeColumn.java	7b65d495cfe21a1826d89048978c47699763c3b664cdc5e422976d125abf648c	7f51b99b1dcacc3e0659e0a17757426c0be539128d7346083f2f3669c14a5dc9	42c8096da875d54cdfe444d5b4e6c3794fa6379e4ad20bb11f4ff103c75ac40d	392	true
bundles/org.eclipse.swt/Eclipse SWT/win32/org/eclipse/swt/widgets/TreeItem.java	03b1fc6aa554c7bf0d913541efe453f7a53f75254e185deff3f69c18f7f1fe22	ac11666fff1f3be6b7822b6b2a69503a73c36cb1c6ee59dadab884cc17cbcbf2	7d3ecf212d41de5ca4760fb452cf43dc6133e0251e26dcced544bb000112100d	1209	true
bundles/org.eclipse.swt/Eclipse SWT/win32/org/eclipse/swt/widgets/Widget.java	1ae170deb1a13b5422a1c4e2a7964aeda7535ccd56bb4d1f6eb176926e498996	e2f1c99608816a8c8cffc688cfeb440190396aead46a554a82cb4346cb7ec10d	43c6ed361124a20bf3dc4064cb85e4741126c8add16ed1489d80c0cd68ed1b46	1338	true
bundles/org.eclipse.swt/build-scripts/CollectSources.java	ce7486c9d7061b0021f451bbac194785b624b7455ac1f3517f452e0acf095773	ce7486c9d7061b0021f451bbac194785b624b7455ac1f3517f452e0acf095773	885889633f5d9becfac0ac60d230faded121bbbe2b9c3a1ce38cf9c9a95267ff	49	false
examples/org.eclipse.swt.examples.browser.demos/src/org/eclipse/swt/examples/browser/demos/BrowserDemoPlugin.java	d3a3354a36531079662cb8b2138a7b9c107f6725654846a081c060be377a07a9	d3a3354a36531079662cb8b2138a7b9c107f6725654846a081c060be377a07a9	abdbaaf188e6c6136eaca0f6945102beb866ace92128293d00380688dba99fad	3	false
examples/org.eclipse.swt.examples.browser.demos/src/org/eclipse/swt/examples/browser/demos/Pawns.java	4fb4700832efa15c35fa8280631c412131fcdcceb3896947eaa097955665f668	4a947fe08e8298cbaed3a0b7ee300664088a3579163ee0a945f47c3a16bea3af	cdc8f8f22592f763a0ba4edc969d857e08295ff88d4dc9872df83ac1241cfbc7	229	true
examples/org.eclipse.swt.examples.browser.demos/src/org/eclipse/swt/examples/browser/demos/views/BrowserDemoView.java	d8a48a28f110e1da9e50391ff66096f27b9b551758c245879c4991dcdb7b51f6	d8a48a28f110e1da9e50391ff66096f27b9b551758c245879c4991dcdb7b51f6	d17b2be9afec71f4649ec432424e7aa8934bc891d433aa4bcf2596729966545b	19	false
examples/org.eclipse.swt.examples.browser.demos/src/org/eclipse/swt/examples/browser/demos/views/EditorTab.java	fdf4ba4724ceffd8c6eade097fc67e1800528be8dd0e8e0596bf07a21321d6cc	ab144bfd5e928d2416451c1687f816a86bd38af949c390f67e897634762c746a	e3bd976aad7316df91f7433e5076048c51d1c2cfe7fba752cbb946b32a4c3139	91	true
examples/org.eclipse.swt.examples.browser.demos/src/org/eclipse/swt/examples/browser/demos/views/PawnTab.java	acca944013e8a087bc648f443f33ff41a683c3817a87841901e4c520d8d03996	71c388fb32642e64ee5beb1320bd6e9845af9d675f42ae2d7be71377a4f6e503	2bec43cf8e37087ba478c99d7c333259622d163029780d7db44e29a917982caa	328	true
examples/org.eclipse.swt.examples.launcher/src/org/eclipse/swt/examples/launcher/ItemDescriptor.java	26eeb02540f5444a0b17c23ecb93d6a6ebd2dd0c47de6f446a6dc54b8b3a187c	c7fcf39b3d91fb80393410986c6e5fcf52a45abf6c8341c814489feea2f89118	4159ec9ce50437a644e1b92f8e679da3eebea8b0b5f08448ea2523a65f787baa	38	true
examples/org.eclipse.swt.examples.launcher/src/org/eclipse/swt/examples/launcher/ItemTreeNode.java	b521303c75e65b7e29194de9dada9c98cca29ea3201ea7c4b75e2b2eb7c6559d	c2ea32f4ee4bde254749fd96390604212a463c3248f039c3326836ab5d4e7d15	75b4129599dd78ff951dbfc5f4e73e86cafb2d6137f2f3c44598718e3b772646	28	true
examples/org.eclipse.swt.examples.launcher/src/org/eclipse/swt/examples/launcher/LauncherPlugin.java	93e7571b4b18d002fa9238639f6c15bee5bd729afe87e243cd3710256bb4dfba	96c4b2e26abc25501ec7ce35828215f904913d6f21c46525ac6e5d39d1604d51	715a5b377cd8d29460c0013c915e906db94d96fe0f7769bed2cce5a15a3053a8	192	true
examples/org.eclipse.swt.examples.launcher/src/org/eclipse/swt/examples/launcher/LauncherView.java	2d79fe9aec87eeb3e200e2435a36400e856cb5f27b6c500e32c90b2009aa00c7	ea9356af6f35803bcd92a08fd7e6061cc4b98af08089530d6bf8f0d9965cef49	b44a7d1f0cb956c3ac7223736eb6374db7cb5fa1c0cebaacde0b1e93f6110c81	148	true
examples/org.eclipse.swt.examples.launcher/src/org/eclipse/swt/examples/launcher/SplitLayout.java	9dc4d3a90efe17c3a4c5ba1e71885ca07864e61e6b9ad477968bcfc16b9c9df0	9dc4d3a90efe17c3a4c5ba1e71885ca07864e61e6b9ad477968bcfc16b9c9df0	ceaa2cf168c54ca68ac1508a411fb52d82dadb24fbeba7af7b38d46c01ae3efb	75	false
examples/org.eclipse.swt.examples.ole.win32/src/org/eclipse/swt/examples/ole/win32/OLEExample.java	b33c0a6a92da236c2d0d629c48bd8e23f792141afd7d45c10938fb59286f7246	b490f9a3c234627e681feed668427ab5048a217e5ec6815570900f02d8a853ba	1c168e5c315d1e44b4fdbbbde886f9a37a4a4ddf681c472a91244b8b6298c269	214	true
examples/org.eclipse.swt.examples.ole.win32/src/org/eclipse/swt/examples/ole/win32/OleBrowserView.java	9f08b90bae9305adfde4867a78b38c2fc961049faad8c1438fac2fa9ca2f34ee	e3caf23b8ff84f3a2768ef9d8746e68fb80cbce56287112773f5b3747ff2a03f	8bf1da7fb62b21d0bc77f5ad751f2a4e24435d4d4b61f5fb08edc5d67c80e137	227	true
examples/org.eclipse.swt.examples.ole.win32/src/org/eclipse/swt/examples/ole/win32/OlePlugin.java	756e2d158ddb672e268d3ef30d3fc12bb466644ad80a4cc31ffde5aff4af7f67	2a59374f750a9eb93d03aaace1c1bd1a27aca85868c46d819ab31fc2c5152983	6bf4cdabed7f7365c6ef371e3363eb21fc542bcf26977490ce9f349fa2e113f1	77	true
examples/org.eclipse.swt.examples.ole.win32/src/org/eclipse/swt/examples/ole/win32/OleWebBrowser.java	ccf6c55658a2f37b933aa153c8d3b4e549de5a4a70f855af5cc34f6b06eeb6b2	a73fb74c704a775ccdca17d2b1140e030dbf64e29f84a1e0bb843ca6978809c6	b7c0e229cae21bf48e81443f47312cdfd0ee3b08a952ee80950a91e7a934af32	63	true
examples/org.eclipse.swt.examples.views/src/org/eclipse/swt/examples/browserexample/BrowserView.java	73963a07f78e1ed649075f6f0a8e9095dca0b3e0fe9428c54d820f2badf30cb2	73963a07f78e1ed649075f6f0a8e9095dca0b3e0fe9428c54d820f2badf30cb2	b84ce26771d8fb3ffabfa0752ad2cb79526c7b98baac51cf0b5f61929d4e7582	8	false
examples/org.eclipse.swt.examples.views/src/org/eclipse/swt/examples/controls/ControlView.java	c28906aea45bafb5661a4efe096b89190be09e40131c5612b5715f4a8b7a8730	c28906aea45bafb5661a4efe096b89190be09e40131c5612b5715f4a8b7a8730	b4beee2009cb8669fc8de8e44beb63b598544e094bfca385fa51d1cc7d3da334	8	false
examples/org.eclipse.swt.examples.views/src/org/eclipse/swt/examples/controls/CustomControlView.java	ba153b49222470b06bbeb2e5026f22d0797aa1337b391a55438b49825466242d	ba153b49222470b06bbeb2e5026f22d0797aa1337b391a55438b49825466242d	285eab4887e10220492c8fdb485b5ca8b02f29266d91bd85d77914e0ec56505b	2	false
examples/org.eclipse.swt.examples.views/src/org/eclipse/swt/examples/layouts/LayoutView.java	1005633fa9734c6a8c07652f3d4b729097e6bab21f1d244f023d9d40279951a1	1005633fa9734c6a8c07652f3d4b729097e6bab21f1d244f023d9d40279951a1	f9b91430cb0d2c9b4b4ef2c4921bf55403cb6d7124c8e82a32bc0174e3d32809	8	false
examples/org.eclipse.swt.examples.views/src/org/eclipse/swt/examples/paint/PaintView.java	44cdf1564890ada43e530fcc1ab6ce9aba75f882f01f25490105768c77e2f237	44cdf1564890ada43e530fcc1ab6ce9aba75f882f01f25490105768c77e2f237	3780cdfc588bdf902ee2c04a2da01f5c9c91ebbd9ba3fd0b9898fead8dbde532	48	false
examples/org.eclipse.swt.examples.watchdog/src/org/eclipse/swt/examples/watchdog/TimedEventWatchdog.java	3bf8d1a68db0dc82ddb4734265ec270c3223392258b246d4db379ece23e1511c	b2de2b75d0a218dcffd0afe5697c769b921e6ba3dbeb1a2b979cce2187f5778c	2b4187550861a2e64093e0891b9749b8ab510923a7edc0c546376b804826e6c2	125	true
examples/org.eclipse.swt.examples.watchdog/src/org/eclipse/swt/examples/watchdog/WatchdogPlugin.java	3af088fd91bb81e169e67aa7cf359d65f727f84c92a3eae3cddd26014b9d3652	3af088fd91bb81e169e67aa7cf359d65f727f84c92a3eae3cddd26014b9d3652	77f008b88b9ed06a50acd32c7443b468bad1e334dec2098d453339309448f61e	29	false
examples/org.eclipse.swt.examples/src/org/eclipse/swt/examples/accessibility/AccessibleActionExample.java	f9a34e0a69e028104bfa0e32a2c40bfb17f8855f87697e07d9978434c023019a	b60124e15a26a6e14019af41954efd02aca0ced859ce39b11c5dc5407fd28f52	ec242730f025275472f0db271680bc426f287ee5e0e9cc22120a84db4caa20d3	95	true
examples/org.eclipse.swt.examples/src/org/eclipse/swt/examples/accessibility/AccessibleBarChartExample.java	007c734eab11ef7cd88255ea6150b68ef731a9aef070c453d730d8eaff7d23f6	731c1445f9aa07c2c865b39ab979eed71b0319a276bb46b7495b269eac88f2b5	bec958f2546a28e6a10d0e32b5b0402f17edd3f6456233760a3e6b8a124751f2	29	true
examples/org.eclipse.swt.examples/src/org/eclipse/swt/examples/accessibility/AccessibleNameExample.java	4d1fe3ca8dce38005b6fa195801cb2b39ea9c7fa52324837e351c870e44627cc	802765eb3541977157dbc701b83cf8dbba1b480221dcb48918b3b4b9ba7ed775	1a76efe415fda3c410802f4abb08a7e7fe68a478f44b8e0cfea0dc321871e94d	22	true
examples/org.eclipse.swt.examples/src/org/eclipse/swt/examples/accessibility/AccessibleShapesExample.java	86e74b2a4643a3f86003383feddf52deeff0a23b9c597732eeb0c5e6ed5b8576	9eeab3fd07a1485130dc9e15a9d491684e64a8ab453a76a0ed470f134a89ee40	e14bbdafd4085c547df07923512108b505ef41ec53aff52d964bb87af3b7fd38	21	true
examples/org.eclipse.swt.examples/src/org/eclipse/swt/examples/accessibility/AccessibleTableExample.java	70881491369ad2df56e3407f10bf498378e6aa1168e741f9b659ecb9f6e67e53	29c86e040c7b5e48add95c226603879d6486f62054bf7edfead4863fb43e718f	5519713a1efc8f28c7cbe592da5f706d7a6661b9b090498806876c4a1253d668	99	true
examples/org.eclipse.swt.examples/src/org/eclipse/swt/examples/accessibility/AccessibleValueExample.java	746c23857226c5abcecb4becb77aa8ea3b2407455dfdae73579e5218612adbdc	6df8152211a30e6515f5189c5e65a3f64bdf0ff7391866b462914c3e6876e488	1305daabb60bd5be07e992d1841f6d8253c598790c4cbbc90c314de231d4dce4	39	true
examples/org.eclipse.swt.examples/src/org/eclipse/swt/examples/accessibility/BarChart.java	40ad6531af3375c7e9bebc78f8e10416ea1b8a2821d49fe7090c21b95161960e	ce5c576fb3895db5e29dd9ea9892fc9c087ffab3ac9ab1e268dee24b974cdd48	b6388350b4ca7594aea1ea99bcd2f0b4b4351f8034837cd8c761a3d49099ed5c	281	true
examples/org.eclipse.swt.examples/src/org/eclipse/swt/examples/accessibility/CTable.java	5abed56c5f18e84dad8690954eb1c49fc26915bf2f4c9c2eebc6111ffc8058d9	88ca53f1794021d88636310057d64b19f4db50524f69150698def7c8fb7b8063	159dec829b27af60b83394087fd5edbbfe6ac3ba1d3ff8b242a2a7bb59b09c9d	3444	true
examples/org.eclipse.swt.examples/src/org/eclipse/swt/examples/accessibility/CTableColumn.java	a75c1cb921aba8ce0c678489f444e14115b1788fa44bed4d999fc57d0d9d2e58	ccd53ab118cb8e8e409ee16d10d0e872f8ec42d4ce4953ec652dc5de546c0a6b	25a8671ac5fd6ce1e06ae531062e6dabeabe4b1cb5ab63a2031c60a060061eb0	423	true
examples/org.eclipse.swt.examples/src/org/eclipse/swt/examples/accessibility/CTableItem.java	57f5cfba034b036881eb4f59168df50adbf9d3fd785ae8b1681042f3afe8a0a8	1293385d09734d597ceb0425d10492b19875433a6b0e7c9da77e17c368082f9c	e6cd3f1f1779896bcc6dc9b836380006b01937ef8e8dad82dfb11d3b106dad89	1517	true
examples/org.eclipse.swt.examples/src/org/eclipse/swt/examples/accessibility/ControlsWithAccessibleNamesExample.java	fe6b5b211f70e561d95a57be891d4569dfd9eeff2369e4dee32786dd5379dc3e	029ab2a1589a738c520de1a2bc49aa3bb418893cdc850d9517bfa261d0151cb5	d0a4275ff17ce5ec5bd5a96ac0f2e3ab7c08742bd0304769452baa9d40c2104e	487	true
examples/org.eclipse.swt.examples/src/org/eclipse/swt/examples/accessibility/ControlsWithLabelsExample.java	298c06ab73f3d2f9a2a24103b1293b4b96d6a430171868e6747ae9208e44017f	43a63644461d7b7ab5556b1bd6e48bab8d1af837033238e4b4aac20243a95155	771138cf43dbf753d298a3060b0c4145d9f0e9b2368a16b7d92616e2f0a18f25	203	true
examples/org.eclipse.swt.examples/src/org/eclipse/swt/examples/accessibility/Shape.java	3bbf721ebf6932915d408b9c1878ca5573562b5b0d5b9c684ed78d1172bfb61b	fbc98eaec4bf0dcc50800a8119218d55eba5c324d6356e2e28aa8e1eca65293a	fd011624fd77a8478f13f2fd5665490cca6239b8895d93cdf09ffd7c47149023	63	true
examples/org.eclipse.swt.examples/src/org/eclipse/swt/examples/addressbook/AddressBook.java	12ed4c1f03d9e64018c4676c067236be35a27fa4912ce2b782c2ec6f96ecc9a1	a04870dcdfc8032d9d317d9582561c2385465d384c3d9cb97db060f8b1433640	5ddc48bbe1b9adb45786700885a61ae8efa57cffa6cfe9124f6bd056da51e69d	547	true
examples/org.eclipse.swt.examples/src/org/eclipse/swt/examples/addressbook/DataEntryDialog.java	5bdde9cadc5bfd84cb4de5e2e02825475a80d48a4272090d8ffb1c8706074d7d	34d835ef4658a9e7caaf2c8e40af6cd5cede52b6eeef87866c55c86863897c73	14e6c95aa3e3c6bb1e845078eb839692366a6fea9b02cea80629210f93ea841a	82	true
examples/org.eclipse.swt.examples/src/org/eclipse/swt/examples/addressbook/FindListener.java	1136f979ba3954aded345fe9d759b61af0a1c2ea0eedc90f5b6735e89fa059a0	1136f979ba3954aded345fe9d759b61af0a1c2ea0eedc90f5b6735e89fa059a0	6b5e064837990985fa9ab6c86ee7c6de08eda09a9123351e15297f8d7ba487c9	0	false
examples/org.eclipse.swt.examples/src/org/eclipse/swt/examples/addressbook/SearchDialog.java	578eab530853912168ad0cfe5df83b3e7391878df7493ee483a875e7de3c0686	578eab530853912168ad0cfe5df83b3e7391878df7493ee483a875e7de3c0686	b5804d65822aaa60cd73c7e88fcb6f96ab30859954b928d142ddd89d9e468f09	114	false
examples/org.eclipse.swt.examples/src/org/eclipse/swt/examples/browserexample/BrowserExample.java	a17827e87f4cd8278926efafbe23b7dd88fa807366afbcbcbdfae017612e48dc	3742694ab53ebf2b863be415ccf1956ca9eec54553ec0ee2a2ff3809b0074cbe	0f4314e17e2839af99eb120047781a3a220d76a782a3a4958c3c40205f8932e4	278	true
examples/org.eclipse.swt.examples/src/org/eclipse/swt/examples/clipboard/ClipboardExample.java	06f9179009a4bb197aad008d3ce263df9be29835ba871ff4acd66b3be7003f1b	ea556e86da4d7d888b19e01f1ab8024e1dcb1abe33a4fbc5817aa0aa63a57ae2	3420ec55c383e85dad7a4ac83052b757827459d40439baa62081480d1b320e3a	591	true
examples/org.eclipse.swt.examples/src/org/eclipse/swt/examples/clipboard/MyType.java	9ce9d3c379e11537a9c60a95c2bea7e404c7dd44f0e0f47ed76311f298816b23	9ce9d3c379e11537a9c60a95c2bea7e404c7dd44f0e0f47ed76311f298816b23	df333a76b4f22794c2a5ad05689bdd053136e4d1ce33bda1a8f6348a2801e694	0	false
examples/org.eclipse.swt.examples/src/org/eclipse/swt/examples/clipboard/MyTypeTransfer.java	86cc6fba3c0e84619494c85ea4805be47f6cf7d550437e3ffdea6a51a9858069	48ccc1d5dd8ed0942d9c2f78c1e447a6c4cc9369fc292d20e28dd748344550b1	497303ba120433e981dae91dabff9ec356c4afc59c9047378659d45c92604d04	71	true
examples/org.eclipse.swt.examples/src/org/eclipse/swt/examples/controlexample/AlignableTab.java	c038334eb5ff71e7713711f7e362a76448f51ec2773a470ea9be87abef61a0e7	624412432a9f00e4fcf65bd602a81aa7598550d60d64e62e09b30da99586ac1f	ae5dfa5dcfec85b362c4b91cb1972e2f1a4a1bbbfba4637e720dff89c607ad5f	31	true
examples/org.eclipse.swt.examples/src/org/eclipse/swt/examples/controlexample/BrowserTab.java	b09c22f31d0358f1b6920ea9f2f8f2ae5a7eb27a11e2e9f79dd6b6ea323fe826	307d8182787b4253e95bbf81c865d550138efd46d6bea21275c179d32cb1e1f5	8bc9986cb5da1542c5a99c82c5c180a9b3094492a97b642298ccad08a61b57c3	152	true
examples/org.eclipse.swt.examples/src/org/eclipse/swt/examples/controlexample/ButtonTab.java	00fec5b4f2fb5135b38968ca42710d0d6cf6b16dff187a2189ecd8efe55d8f66	2b0d53534800629921394b4c2a9faf269ad08154ac27dceee390752c46a41fe4	c381ea419952e62ca50fa4028052e02f9467a981c201831fc74ee68ef85e440b	178	true
examples/org.eclipse.swt.examples/src/org/eclipse/swt/examples/controlexample/CComboTab.java	ff5ef73841fa965177b3825df66b0e43713031e87fc87384143907e3df6927ae	82fd2b921cdb55c0839a782a3976c6951acda49c0a54e8b763f452d3219190a3	791e41fbbd5cb32d391c2d864e2649059e3647b1c179ea4d16080f25166b6c37	67	true
examples/org.eclipse.swt.examples/src/org/eclipse/swt/examples/controlexample/CLabelTab.java	5c20755d579ed52f474ca11d620875135203b0ffd2b80a80f1e7d2fa9e9095fb	12ff3e8b201b7aa75c28875a19017823e22eba9382a0f243a44e98ba2831f445	72bc35d6dc53e0774229b10394dc8c8d72a54905a0dc2efd35c329909b3d0475	73	true
examples/org.eclipse.swt.examples/src/org/eclipse/swt/examples/controlexample/CTabFolderTab.java	7e04b1ebdd48994d267c2f0262b3b5cbceeab858f9b8fc9619b367a10b70064e	2a47bce31116ddc61c553cbeb1a306fadfd348838ffc743bcd6574862ad5ddc5	777e5c88d16d19654d0d83d72686af18a87e49827f4b7db14dc6fb71c27da85d	398	true
examples/org.eclipse.swt.examples/src/org/eclipse/swt/examples/controlexample/CanvasTab.java	a2b7a2cb7f962be35235e4e99462e2685e83a028de7f75a2c351ff9047da969a	76bb9dd45a83a6015a5cd153f57a9e1028cc0e9b2e5a59d8364bd5349d93ae27	07ce8676b03320a810dc665e75a2de4de9af7d707a97568a40f18d0a728c6b8b	166	true
examples/org.eclipse.swt.examples/src/org/eclipse/swt/examples/controlexample/ComboTab.java	392624d0acfe14c6e000c8ff5fc5576f473ee991767cf53efae48304c572c1b0	bebcf62d73926129d81d3d59b09c96d5f5fb4ffc318cafa3a97fa3c31fa7f5ed	52a653e1927cf3740d01a3fba0d6d0c924b8972ead11aac6b84cfb625fc800e4	48	true
examples/org.eclipse.swt.examples/src/org/eclipse/swt/examples/controlexample/ControlExample.java	7d1353a38cab914d13549287039762575cc79c73c8a53d51cb9c54993f2bc13e	acdc7e2b41a62f72260bd664ac0452e77a37c8dd28a63aca855d312df18d01ea	988cfb69594db82e16b678510b989aed2e8887a5626159e6953d77d0c1026684	108	true
examples/org.eclipse.swt.examples/src/org/eclipse/swt/examples/controlexample/CoolBarTab.java	ea0621cc4986c14690d542c16f3ef887bdc21a11509937adea0759f2e2e74142	030511fa527348f70ec57976df590654096ae2085df5d765576fc469267a131a	cb9ab5264f891fd74bf7636d2292da683ec45f765c027fd35ac7a029a21ab812	291	true
examples/org.eclipse.swt.examples/src/org/eclipse/swt/examples/controlexample/CustomControlExample.java	f4aa42ca149f63bc05c8284dae89f1ee3458a9d37d4fa4a4a53504455877e387	289e1d4c6ec2c3f273fdc7047a2468d76dc9f3efa9f39002b6dce1f957d988c5	b16398d942db6fe6cb8b444fe3a3ad470f85e8425f1b9185c60d03d2da57533e	18	true
examples/org.eclipse.swt.examples/src/org/eclipse/swt/examples/controlexample/DateTimeTab.java	2c54a2c5eb634e59e30ad3dbc9f865b2d2e03867ec568876792c6823c1da80dc	350a0039a3421f044a0bfb7b57d2377cc7e6690d8085ab1a52f33bb0c3ed99a2	64389b1847599b43246d6da45be55328fe1f4c62aeee5e31a785caeb2ae0a1e0	90	true
examples/org.eclipse.swt.examples/src/org/eclipse/swt/examples/controlexample/DialogTab.java	c6c058c65400c032d4d3838397166ebf4d9bda8b1e24513b7c4ea1a2062117c5	e0ff20678aa4be3cb97e5ed1a7788e9063ebe767c9c76d9f82fe713163babfac	b4cb85aeb198abe8864ebb4ff69a78384f94f87d714edfe456b3faf77b4a1088	393	true
examples/org.eclipse.swt.examples/src/org/eclipse/swt/examples/controlexample/ExpandBarTab.java	e70558bd1d2574a9a933e007dc981e141b7f343e08f379ad0d46bb49ff8eaf02	35a9274a2e8fa4a478bac4691a7a449a3432f22b0edf0bc80e448b6dc9355d36	43040770880cb525ce47535eea31d12bdc4d6da43ee3aa3d02b86b2d71985238	66	true
examples/org.eclipse.swt.examples/src/org/eclipse/swt/examples/controlexample/GroupTab.java	f18e228756b7fbfd67ae8080d7289b5d3293147fecb7f6444b74589d7d68be1d	f652e4b87043d017ce60c1cb59c64669b4e8b4c61eb165529875809a2028d817	366c58e549bfecc01d9a109b0edf3bc1f05336b3e8fc6a11b0746e77df3aca82	73	true
examples/org.eclipse.swt.examples/src/org/eclipse/swt/examples/controlexample/LabelTab.java	833edbcca8dc4686bb4d23b49ea3b945bb0d2e8d7b81cb622dd5a96031e7e321	d68db73e73986f29b7a9573411d15ba45aaf9b7f3230d4ca8a48d164a6de3028	426330e84b34ef7963442dacdaafcfd04d1aff23b2f5dda4ce14908556101512	131	true
examples/org.eclipse.swt.examples/src/org/eclipse/swt/examples/controlexample/LinkTab.java	54286debfa06e404db02ff7f8c9defe046ff1bbff1de13a1eaeac134ed897604	f2e6438ebfe55e595785adb8f44060bce786190ec54c03e83a4c1fff9add471d	47fc2822cfbbcb90502b572503e8c3bed9b0a11f7db0af384ac53b7b780d295c	70	true
examples/org.eclipse.swt.examples/src/org/eclipse/swt/examples/controlexample/ListTab.java	991721f192a109ca335e5db42693c2ff7e4d53afa307f4d384ec3ee3b33fd964	2fda021a0a82053f2c2776da1d97b4644a36cd84138d104852110abacc7f8262	452bd0263daa48f5db983ab36ec10ce70cae12983e3d41a703f1ea0f247f9853	33	true
examples/org.eclipse.swt.examples/src/org/eclipse/swt/examples/controlexample/MenuTab.java	2fd3eec26afe7b47c81abcac6022496fa2f74293f47d079a8536d96d7df0bd3c	97e6009ca661bce71b283bf76ab02f49fe4b071fe31fd25170230f57f29c94b5	85663b2ea2cea12f47864b11d4c0e7fc1f32a14fafa0545fcb2c309cef1630b6	236	true
examples/org.eclipse.swt.examples/src/org/eclipse/swt/examples/controlexample/ProgressBarTab.java	3b4834937dc0d1dd699c918984691586bf1177420bd27b218ce2941342f6aace	7bce346f780a6087900b713cb25cfc879ff723632b80f0b0eb21066124bea5e9	dff9e77d7bc91b911c728a94e2f25b196f8c6ac045e3f912f55640e7662eb2dd	76	true
examples/org.eclipse.swt.examples/src/org/eclipse/swt/examples/controlexample/RangeTab.java	5574135a71af51a40ca3c82af11239f9884f4bdc8902212cdbad9cfceeb9b679	5574135a71af51a40ca3c82af11239f9884f4bdc8902212cdbad9cfceeb9b679	4636cbb1f7e8f01f84277aa8081a2d2722d2bc317ecadb94a8acfa50b5185dc0	68	false
examples/org.eclipse.swt.examples/src/org/eclipse/swt/examples/controlexample/SashFormTab.java	fd89b9e0e6614b41c323d504efd207f3dfb3223c9be5d8971cc46e25aab060c2	2c76106d2709d42d31e1e31cd542b8a18db58a8d4f80681e50e35f92d013ea8a	28e46196e3dc99126221b9640e9da9e9edc793b6b009b22e578484a48742e481	47	true
examples/org.eclipse.swt.examples/src/org/eclipse/swt/examples/controlexample/SashTab.java	6f09546d2d5a430e1ffc9418f3d8cb28a842f9268f8e1cd8d5b5cde240895d5c	6f09546d2d5a430e1ffc9418f3d8cb28a842f9268f8e1cd8d5b5cde240895d5c	4f8143c1ee749e68c87628aa92a620b581c8a6afd873dcfc5a804509f3ff262c	76	false
examples/org.eclipse.swt.examples/src/org/eclipse/swt/examples/controlexample/ScaleTab.java	f1774ff1d0b739dbd73f148eb9e937ec1dcb0fcc579efe7f989bd98675b0db2d	e2db2a9e4faf14babee5e288e20871cc2e973dadb64885365a34fa7f0a5639bb	5b0bd39c5a1af82b50726c2e12a175998305d121901d6bd51ecb79d9fa0ea66c	80	true
examples/org.eclipse.swt.examples/src/org/eclipse/swt/examples/controlexample/ScrollableTab.java	aafc6e5f9b69c75eabfd41eeca379475133476679b603b101f62ef51fd40d355	aafc6e5f9b69c75eabfd41eeca379475133476679b603b101f62ef51fd40d355	850ab6d15f28922eb1fb7f8b87a4ad040677c71e75f1c889c7cc5490271cabf4	26	false
examples/org.eclipse.swt.examples/src/org/eclipse/swt/examples/controlexample/ShellTab.java	3cad829d4f984b1c8eff34208db68a94aa0e04df954a4eed0f0850307e5aed07	8af9412b03c2099c2ee5ce0122c6d502f404ce89cdea95233a22975b6bf5152b	3e81fd9de3b7bbb0207f5a0c448133f0a9eb461ceffafeba0be434d0d47bada2	244	true
examples/org.eclipse.swt.examples/src/org/eclipse/swt/examples/controlexample/SliderTab.java	6d663d8b8c586ee312053ac9d462a0abe57ea53fd6f1de4695dcd2b6a9ce4da4	0eed9a24b139faf6fd13ab652f11f509575d7aaa78f361637447d4b273eee5c7	dbe11cd11c1be6a9eaa90cce85b659233d1540b33b67c175e2d77710c471053d	98	true
examples/org.eclipse.swt.examples/src/org/eclipse/swt/examples/controlexample/SpinnerTab.java	e582e668e6a2a49622ebbe6103bec6ed89e34c06ef9f9833cf6f769ef8a7cb72	4d22c66c4d264d9d22159bd8014884ce5b4e8820c7ff89e6c563d271daac0b33	4e46853a2c4b8f73d110a0ab174469cedf0eb89cf5c408be894ace2d486e2b19	111	true
examples/org.eclipse.swt.examples/src/org/eclipse/swt/examples/controlexample/StyledTextTab.java	4a3b0d1c53fb1fab1c29c116689af1b5120cf7335d6d274235bb7ebeb2ffd2a9	dc84c4d328af1c516d669ab27bbd43e125904033a467e11a397180a16675c1fb	ce4889f01f059f6a12bc4077d715ecfeff733552ad0b62435a36bf7df55922f7	263	true
examples/org.eclipse.swt.examples/src/org/eclipse/swt/examples/controlexample/SystemTab.java	d5d2fc6569bf637df029455fccf40a2065f1e6eef3f8d9c5054bd6d3c70956a9	bc2000b857768cc3e723b3f1ff7e583407e7d5bfed4ff40b70f714b6ae59c142	5c46f43fc68e88da8e387eceda46484b41ef6202029addd4a4dd28f5bfc4f32a	217	true
examples/org.eclipse.swt.examples/src/org/eclipse/swt/examples/controlexample/Tab.java	10b395661cd19aae4a1313b0d438ceb89c52e73b1176e773f5d8c7861ce8b8eb	68e893add739e30e83475a84db37091231221f242bd341d1d1f58cf903d1f281	eac36b15190ad3fbf429f386b832dbd1e800fd4fff23f69dcc7857ebb2f50d65	1330	true
examples/org.eclipse.swt.examples/src/org/eclipse/swt/examples/controlexample/TabFolderTab.java	f6436504715dfdc944302388ada5fb4d0b6b7fb164fa36db666a7e8c17cf846c	28480e100b8c72919def17f0a5a6f9ebf231829eecd5aac803c7b3d8c4892100	03248c026b94a9700258f9a67e7b311a2c36cc4615f4aacded032f26742d1b12	84	true
examples/org.eclipse.swt.examples/src/org/eclipse/swt/examples/controlexample/TableTab.java	4984de7192fe0285fbe7f8f3d1504d0dccdf7af591e9cd6726213b6fb99fca89	9d0d5c5cab9bf1f3ae5b1e13773a1d9a0c72f1855b7dcc604478650ba2422e45	a9d960f187a91625e3d44287ba98885326e82f4daff9759ba0f92ad704ccc8c8	622	true
examples/org.eclipse.swt.examples/src/org/eclipse/swt/examples/controlexample/TextTab.java	f30aa3e82740903817ea36dfd5e984ed88a78a1fb7866b9e07a3e7d3f97650dd	6d327c45b6205982597d690c11630b08cf8de7db63185da6f32476d104650d9c	1ddaa439a30fd4699dbb15cecab12986023a95fa6f1d8e25ecdd9b1537ee5674	116	true
examples/org.eclipse.swt.examples/src/org/eclipse/swt/examples/controlexample/ToolBarTab.java	0ec925758c4ced690bba2ccb491727112c54cb79f2e6cc29c1782af8ebf16b66	b4e05a3c32fecd4e92aa81399338ac62a237f5b04e9270ae9926a7bb070ede8f	1234d65b1ad95734f3fb89140283bd98d03f50c8f23221d935b6aab85ce72c8f	226	true
examples/org.eclipse.swt.examples/src/org/eclipse/swt/examples/controlexample/ToolTipTab.java	c463ea1973394f889b93d1dcef218a86916367f950870a0216f659c93b73272c	8ec4be2f3b5b10953da2bfcdad8aa1c6e9faa9da9f7dd439e00aae0e8d75516c	69ef855a674ed5830f93bff388514c5d1dd0ed9eef0770991da58465878be875	105	true
examples/org.eclipse.swt.examples/src/org/eclipse/swt/examples/controlexample/TreeTab.java	6c9ee59cc3a4536e3f904492d83d2aa4578230268dc3fb7a66578c79e4f90831	d53541e0c38d2ac1b94db67806a4d25eda1a2024f4511bae21d6de4c14ab187c	bf83d31555ee5d9100a5e4582aa1105b8ecc788e601f74dff19bdf5a40537be3	700	true
examples/org.eclipse.swt.examples/src/org/eclipse/swt/examples/dnd/DNDExample.java	9a5aa67f6c75b4095db0b7c9418d03d1b300f2c4bc2b17020615a65e444a9949	984b693b58f10c3be0c2e0eebdeff21fec0dae312c157126a95eed23c1bea329	feed9911fb9347d9227af58d76483382278acd4b8fafeded6fe1bb79beb98de0	1187	true
examples/org.eclipse.swt.examples/src/org/eclipse/swt/examples/fileviewer/FileViewer.java	88976300fc1788795bab42d6b4bd6d46e821a80cb4f9b296d4f67aebce90165e	f4d011b94eab5af1f7916f041e2eb834bcb6d148edffa4e0831e7723a259df49	90ebfb035fdb608a649a900070c0ef9d2da79d0d2aa511ccdb3231bef36b929b	1113	true
examples/org.eclipse.swt.examples/src/org/eclipse/swt/examples/fileviewer/IconCache.java	d644d0781c7e934d6714c641a701d6a9c01fb7c6288d256506a2bf70392ba004	fb71d25eab7427b1d52a5b54118434ddd6daa764b5858544bb8ea27119fa3f92	a24a3519b37ea4eced1e8d36763ec60bab6a48f090b56e1cd2850accb0560bbe	56	true
examples/org.eclipse.swt.examples/src/org/eclipse/swt/examples/graphics/AdvancedGraphics.java	ab5111d4b150a02e9d32beb2b45b88608919e480fad77cd85c886b1f67100285	edb74bf86a17ded539621b16c01a4bc939277fc91eea880005b5953cd38d0307	47735e6f382b1b15a50eb85c451d76368c695c49780599c528e84fe9e8b49b0b	66	true
examples/org.eclipse.swt.examples/src/org/eclipse/swt/examples/graphics/AdvancedScrollTab.java	215df370ce782041239ed6f1035bbd689da5e036518f30549bd19e1afeda4292	215df370ce782041239ed6f1035bbd689da5e036518f30549bd19e1afeda4292	f30b3dffcfd18e62deb8260dee5fd543acbfcdde6779ef6018e52bddf57e9949	63	false
examples/org.eclipse.swt.examples/src/org/eclipse/swt/examples/graphics/AlphaTab.java	b184408034857773327de43fe3e2df613b51d0c1e474adcec44fdf56688415e1	3486abac8d0f08df78af89ba741f546e677dae153008efd5845124e3cb888ad7	4134269eee3bf3ac47a77fae12656f6e6d02603d23599e0910dd1a2fcd969beb	116	true
examples/org.eclipse.swt.examples/src/org/eclipse/swt/examples/graphics/AnimatedGraphicsTab.java	f6d0410e53c55ade6d31ff8f56e410aba292ac33b15ee4842b08cc910e9efdab	f6d0410e53c55ade6d31ff8f56e410aba292ac33b15ee4842b08cc910e9efdab	277df090850ca4eab7bd8a7d54d1b43f0984a383c6332974777f81779e6073eb	59	false
examples/org.eclipse.swt.examples/src/org/eclipse/swt/examples/graphics/BallTab.java	25948a89c79c93279108b024ef617ff83441d0db7e4fc2b8d552543bc6df0708	b4c5b6639e6aa45df81d92735da290dbae39851d22a2883c4c04a7ccdaf8f829	1a4f7f7c632e796d60247f328aac9d284c9e8578cfc49d7ad71d96a9f92b83c3	89	true
examples/org.eclipse.swt.examples/src/org/eclipse/swt/examples/graphics/BlackHoleTab.java	10e20eaa4c8e4235a998b095b9f304827b710a606d73fe52ae0e4b5a79f7c861	a50ccef2b5d77e98463a451c3197e6a52ebdf16331a82c9b067938c5d9d4a996	a8d7673f7003fc196c03a2349f9f3c4ab2b2a6327a31343316f73dbb39c27f83	16	true
examples/org.eclipse.swt.examples/src/org/eclipse/swt/examples/graphics/BlobTab.java	62e5fe1cf269cff91b3827c1d64c1b8378156e7e2a52d271f18711671dd1dedb	62e5fe1cf269cff91b3827c1d64c1b8378156e7e2a52d271f18711671dd1dedb	06c053a2d15491bc3efcb92812dbfb180407d31bd223eacd9be9f810cb263105	111	false
examples/org.eclipse.swt.examples/src/org/eclipse/swt/examples/graphics/BlockEffectTab.java	d33fe8121bea930d791e0eff91b6bfddd4f39d3d0421e3c9a781fd7545a9eb22	33b7d6a63620839a322047a887d5ff6226953148278c034dc7d3dd44a57f1cc4	d9763ec7ffd1a277fb09b229b481c48c7095cf4155fad6e23e1a7d27ec8707d5	141	true
examples/org.eclipse.swt.examples/src/org/eclipse/swt/examples/graphics/BumpMappingTab.java	28dfb55715a3ee6ffc02cee30995f909f63804b48d57a2f230da923c0a1b96ab	928aa3dd900be2448e79cbbab8ca920928e15f70524160e483642105b3e4de15	377ad3010eed8e7d80f3eebd8620d7c65b21ea79f61ccb329913b2f037274d08	95	true
examples/org.eclipse.swt.examples/src/org/eclipse/swt/examples/graphics/BurningSeaTab.java	06f6c8cd395d37117ccd4c5c0fa16b034c3ff4f1c0f3a8d6609819a961d8b3f6	06f6c8cd395d37117ccd4c5c0fa16b034c3ff4f1c0f3a8d6609819a961d8b3f6	acf5549492c2a12c31cde017e6c05a1c037edacacdc45ff2a21d8aef351ab109	178	false
examples/org.eclipse.swt.examples/src/org/eclipse/swt/examples/graphics/CardsTab.java	eafa4fafffab9d716c5c011a464d16391bdb1b7be178d61d19bd2a051be8eeae	a8130d589625594a7e2d56477559f5ea4af9195330dd5bbd6cd72d49c364df0d	b3f0e91fad1eb74b0bb03f5e2d328e9e3825df488c3ea8f2ad9c745f914e4ebb	106	true
examples/org.eclipse.swt.examples/src/org/eclipse/swt/examples/graphics/ColorListener.java	b068635966f3aa866a1497ab6f483d24f9e944a3083b94e06d45753f510de8f9	b068635966f3aa866a1497ab6f483d24f9e944a3083b94e06d45753f510de8f9	80a3f1cba70a0cb39d41a2772a59aa0d03c135d72704b30437dd859713c0b809	0	false
examples/org.eclipse.swt.examples/src/org/eclipse/swt/examples/graphics/ColorMenu.java	5159d75ad0ebe41b23ef60af2a4f52f2b3a77621cdb95e399bd95578324e2e0b	1d2977ce3448b6bed40ee03663fe527fb89222e470155a8cfb031ef058a4eba7	df15f28d42105fea351deff0784479d7a1bbcaa27e323934a936f58fe8440106	225	true
examples/org.eclipse.swt.examples/src/org/eclipse/swt/examples/graphics/CopperBarsTab.java	023562fc56539d89ef983f5e866af4eafe3e5c0cfdb5ef8ce71d5462a397cdad	023562fc56539d89ef983f5e866af4eafe3e5c0cfdb5ef8ce71d5462a397cdad	580cabb00e90446fadb9c0ddc82e4824763922984af38b80cec93850ec0b0d70	113	false
examples/org.eclipse.swt.examples/src/org/eclipse/swt/examples/graphics/CountDownTab.java	24910ee9497a53a3b563d5e44dcca0ded393c054132cf6d0fceb49fb3dd5eb85	dfa19ee2fb8d6c0c1b21891dd257427023f07feff343950e3825478e99f606a3	1901606119bc3d4fd01a3f9616a301e909bacc061f5509b2ab510bf57cf89a41	126	true
examples/org.eclipse.swt.examples/src/org/eclipse/swt/examples/graphics/CurvesSWTTab.java	6c5f7532caed5980754506e8683d53d1386a0cf2337339d162a142c6ed948f0e	103bfe3037a033eaa07e9080c2d66a28937387e7196062e3faec513a20d9a0d3	103693767ca29f9b969ef44d6980d0883356ae2b6cfd28ac452d788457a98dfe	264	true
examples/org.eclipse.swt.examples/src/org/eclipse/swt/examples/graphics/CurvesTab.java	f6d3afcac55b627836d5bef724cbb6c37dd27481093488da6a0a210c35c4e2ed	46404e1a5cfee703cb1db01eccb8acaa8584e190690eefc30a7c3a7a5a81b0b5	e540296518efe2a5a87ede42c286fdee7bcc8e5926e05508528336a8d318f441	185	true
examples/org.eclipse.swt.examples/src/org/eclipse/swt/examples/graphics/CustomAlphaTab.java	d59b743f7813774cbd9729eeb87063471071af0bcad0b1a396757dfd366151f6	c8df6798ebfb88e18c925501b1e8690541d6378c91f40965e9974e6b34d5ebbe	69666769bb459a9470f08edb6e567247414815a33799d1f8f409dca41fa644a5	84	true
examples/org.eclipse.swt.examples/src/org/eclipse/swt/examples/graphics/CustomFontTab.java	022d184f36c8fdad123f49560aef947cf084c3983ca3882b93149a999a89fffd	66d2f726158089481cd13bbf0f94ccbe19e699e94ebfbd8026938051d72dc8f3	87031f0a8ac27a7e340bc7633d8796be8098d74918ce549cfb266b9f4c7ca596	105	true
examples/org.eclipse.swt.examples/src/org/eclipse/swt/examples/graphics/DancingLightTab.java	1f481cf518290beded568dd9ec904a88557f8f3599b38bcb66ec3fe561c553b3	832145fea6c8323e92ce682e9705ba83c3e11a5e73fb5cfd909c0b8a9b7d1568	13aaf52f213714eddb006e3ce4555935a05b4bf8a7ab199eed9f31ed13b07556	142	true
examples/org.eclipse.swt.examples/src/org/eclipse/swt/examples/graphics/DancingTab.java	ce378d283ec26c937ec257232a1869d120aee18b1a3c8018d2b64742f5818c84	b4ad1c36562aa3bc14d5794ea6963c35d9061daa56d6aeba8959ee9d69e7dc6c	cf2152d888182e72c9c04510a2c35768c3f9cddd27fb6abf88afb2a8362ed406	89	true
examples/org.eclipse.swt.examples/src/org/eclipse/swt/examples/graphics/ExplosionTab.java	3c320322f40ba39347d4504bb9f3ef7032c2372f7c299c7b4911b712e6b7e9d0	3c320322f40ba39347d4504bb9f3ef7032c2372f7c299c7b4911b712e6b7e9d0	d8422889e34ab2ce778e8c4b0e956ff237f2cad0a549a07139a66f385f87cbef	137	false
examples/org.eclipse.swt.examples/src/org/eclipse/swt/examples/graphics/FireTab.java	dfcbae4b85139a6db7a1dce652a6d2d1d7b713d4a39ab6563b88afc8e3cf9bbf	dfcbae4b85139a6db7a1dce652a6d2d1d7b713d4a39ab6563b88afc8e3cf9bbf	0fba7e92392d720a85189825922fbd58585db5997914d0d5a55cf18982869fee	109	false
examples/org.eclipse.swt.examples/src/org/eclipse/swt/examples/graphics/FlatTextTab.java	74379fb81b60b55b7e86e19db8b9236056b83decd97d237ae8370ce8aaa89094	a25a57a69029e967299b2abb1163efdc1483836022262568c6c6678bf7b1cedb	b92a94c2046b17a5be387104687cb9e303d73f0b2d196bb961259d2aa3dfb778	73	true
examples/org.eclipse.swt.examples/src/org/eclipse/swt/examples/graphics/FontBounceTab.java	18de8135c1a9bc78d583832c76a8131588c1aa489a45bca21ed7c832af29fd1e	0adc70df872d60aa2e705955693c93009a35f4c9f924ab1cb8b8e9a9a46feacc	af4239e8a06cc2bd59c2e872e8e14cd16579c235df3358b5ba282a3495f0e98a	75	true
examples/org.eclipse.swt.examples/src/org/eclipse/swt/examples/graphics/GradientDialog.java	ca136f945fc75f616f19027a78cb37d069ec1b745bdbc6aa27ced4a326138d2c	095f0e9292db2ca88de5a30d595f0409b4f400c60979f386e07bd5debd0e9b9c	e82ad955fc9acd4dedbc58f159ff2073e14ce25b860835982e057240a12a8504	148	true
examples/org.eclipse.swt.examples/src/org/eclipse/swt/examples/graphics/GradientTab.java	742babcbe60efbcb50a97186804117a51d7f1f6da1e386efe3cd5760f60b3337	fbdbb71a36ae02e39c6f88a6a4f1d36bec3f556b48d8074076d954e53d7a1ae4	1935c80715627f3260f14ff29a9501510706e50f0ca8768a43d6c7bc98dcf08d	98	true
examples/org.eclipse.swt.examples/src/org/eclipse/swt/examples/graphics/GraphicAntialiasTab.java	8b777515a8d1e169c7532cf4528dc0c92cd3e834f4afa8b2be013a4141ff5e9a	070fc94442410dd0d25961e4a648a680a7e1dca6aac78c5af7b0ef2b9292340d	c1b331968d09d1496cd4fae67844cd36b1c51d98caf9a984b42076a6742589eb	63	true
examples/org.eclipse.swt.examples/src/org/eclipse/swt/examples/graphics/GraphicsBackground.java	ec7320bc52fa08aa9f7c9763a641a6ab14cadd41b981b975c400503d39bb1451	ec7320bc52fa08aa9f7c9763a641a6ab14cadd41b981b975c400503d39bb1451	395829d57581fa334a3dee3e75fe5eab503fd2a3c6fee675e5d639befab23604	21	false
examples/org.eclipse.swt.examples/src/org/eclipse/swt/examples/graphics/GraphicsExample.java	8625c08a3e887a2bb79a3673717ae1352fff6a7ac91ba4639a1a1441beebd515	1f11b0ac96157af23e719bf9ee36f74feee982084b5583060bbb8979363a2096	207418c75b3c39ad63874799471ec8ea1f2b81c190ac2fd8d8e4f4527243332c	419	true
examples/org.eclipse.swt.examples/src/org/eclipse/swt/examples/graphics/GraphicsTab.java	03f3350d8a87964012a97b756b6179d7535ed3cea53e530d5ba1dea01023f024	03f3350d8a87964012a97b756b6179d7535ed3cea53e530d5ba1dea01023f024	b78e08be88e1889c59b95e1051a9e099311cc7e50a0c17fc15e886d5b1273fa8	11	false
examples/org.eclipse.swt.examples/src/org/eclipse/swt/examples/graphics/ImageFlipTab.java	3d5f42a16102da107645eafa3811844dd6120578c2974c3b574ce195fccea7bc	3833c8acd8b33fae3cd96a815566486954ca8366a243fff674a75b102eca73fa	60d06a6bbd38571d70483947787353c13e04a862d3f3635e4913b8d76eb88b9e	51	true
examples/org.eclipse.swt.examples/src/org/eclipse/swt/examples/graphics/ImageScaleTab.java	f3600aca39aebd30928da1b91d2a20e91940c64752e871876bc1666ea149e7e4	f3600aca39aebd30928da1b91d2a20e91940c64752e871876bc1666ea149e7e4	f029831a6140464a74f20f6d9658a9cacb458aa4c38f3c90d40608c7467ce0df	14	false
examples/org.eclipse.swt.examples/src/org/eclipse/swt/examples/graphics/ImageTransformTab.java	a78f92ba0476b7fcb806e8dc551ecca47477aff9a060a259d541e38b2e32184f	783d125d618257356c6d3968b3ec7aa7fabe1dd76204c1765ba1742f71c82947	fe0c15eb90a93a6a0ba725f9af528760fce2f84ae479377db99aedcbfcfd3cea	91	true
examples/org.eclipse.swt.examples/src/org/eclipse/swt/examples/graphics/InterpolationTab.java	6a54939d806632caee4c0efa3cfb637e1847792cfff956ca6336f3486294e5e6	c519c66d316fcb28cf4c5d1fc4e0b5f8bfdf9cc34ed4389f90b0d28e7ee863e6	9324b16209e3b7e9d2e0102b03122a0bf88904f76f857b0eac8a3080ab717811	119	true
examples/org.eclipse.swt.examples/src/org/eclipse/swt/examples/graphics/IntroTab.java	e57f3f5d51b87b23f1c8dda3a0fecf737b6a90ebd16c0de760297cea59f4f45b	2296795b9a3f170cbc2a09f2404239734cfcdf5ecad98baa899bc31c97777a10	8dc7e2f194f9da2201e0dddcc876a489c75d5f09ba3d651441ed6711e711e2c8	60	true
examples/org.eclipse.swt.examples/src/org/eclipse/swt/examples/graphics/LakeTab.java	3a7d2784435668f678833c89d57bd2d50cb3e52bb5716947a7c50bee8ddc8248	72e67c5516dbf3a78b17c358c6a698664e4f1cb1db127e0b89c3e4666f73d263	bd2abe94e033c3aa2aa78fac12b4a3fda8d6d605f8bec113fe7ed4645c94b45c	128	true
examples/org.eclipse.swt.examples/src/org/eclipse/swt/examples/graphics/LensTab.java	b3de6e01aa4543e8e4ab6394f368f221e136a9b091ca07318ccf9fd848c25e69	c5599cec99287386dc1de5a01c5965708b058c8fac12553fe59d6471b96a6d6b	4c3c38e7dd5d6cd11589ece64d355f332d5ec698a95517259a294567e7ec2792	96	true
examples/org.eclipse.swt.examples/src/org/eclipse/swt/examples/graphics/LineCapTab.java	e70fb17db0483017711655f15b0830f94e5b1292874594e1f939ec2a957c9c4e	90f774ab89d1f1cf5fe5ac911549fd56b56cd99b427997bf1c7b7df31c5993ce	66564562d70560ce862ea9b448f13c121c3729f2afcdc278b39b921d62d519cb	83	true
examples/org.eclipse.swt.examples/src/org/eclipse/swt/examples/graphics/LineJoinTab.java	8e8efafb864f22b5de85f6aa03f7cbcc5db9b6be5c5f3bdc446b272ed127f225	79eb924d234677b8ac5068aa1eb543fd7e7f708005f30e9e1eeac7d86935c3ca	0a2339274b43bc195521ce57bca0b9fe7e0d80de51a3cca244f03ef8c50a2d88	75	true
examples/org.eclipse.swt.examples/src/org/eclipse/swt/examples/graphics/LineStyleTab.java	8ce43453a9eb923c8b8304656fb04b00be5c0673b5bd3698b0383411fbc28e8d	8ce43453a9eb923c8b8304656fb04b00be5c0673b5bd3698b0383411fbc28e8d	252aa90c40ace3d4bee0693e07efdf9d579a27cb1668073a038c4508d609d98e	92	false
examples/org.eclipse.swt.examples/src/org/eclipse/swt/examples/graphics/LineTab.java	72f1f37a7d8766e1451ec5bca830f02a6caabf0f01ea09a4587f8428946e1b61	72f1f37a7d8766e1451ec5bca830f02a6caabf0f01ea09a4587f8428946e1b61	0db9786910abbaedc9d160e3e441640d3f7da3403ec6175653aed0c5f6913254	11	false
examples/org.eclipse.swt.examples/src/org/eclipse/swt/examples/graphics/MandelbrotTab.java	3f44f45d72c618ccc9ca0ac50c163e92ccef2c8a745611991a65e1dfc6679416	3f44f45d72c618ccc9ca0ac50c163e92ccef2c8a745611991a65e1dfc6679416	50943a4939e4b7eff35198acfb93c4f0784d327ab99d8060eb75fc15d2ce6838	65	false
examples/org.eclipse.swt.examples/src/org/eclipse/swt/examples/graphics/MazeTab.java	635c873faded26e9d58a14cba010813dc8ca1d27e8aaff07f481e12d7a161cf8	635c873faded26e9d58a14cba010813dc8ca1d27e8aaff07f481e12d7a161cf8	f95366d32e602fcc7c198432910a87256fdbb0b944ac161ee2b4a7fb379db570	171	false
examples/org.eclipse.swt.examples/src/org/eclipse/swt/examples/graphics/MoireTab.java	3fa373d31a8858fa6957188e58acb789e1834902fb5aea519d32b7be975d14b7	3fa373d31a8858fa6957188e58acb789e1834902fb5aea519d32b7be975d14b7	2b94e871f222d6022998449993961ededbc5b08378d67425a272f7638897edd6	80	false
examples/org.eclipse.swt.examples/src/org/eclipse/swt/examples/graphics/PathClippingAnimTab.java	e3656b21d8d63903fb6aa1e9bea19405b166262e937fd221c663d2ec431138a0	6c2c64f3771dbebec1063bf14bda44e4fa56da0a98105871855c601330925227	1c6dc11e21cb3514a278088af648d6fccfb92ffce5f12bfd1814e3e367af8ec2	125	true
examples/org.eclipse.swt.examples/src/org/eclipse/swt/examples/graphics/PathClippingTab.java	1d31f95a25c775b01ea5b7751960f44816923b4b07451a2875f060936ac046db	14b7e762dafc539d2c1493f332115501fde1d0e3694829c7762f8e83b93c045e	d7d950c1439fb60b708a97f6ef0e9e60c3b11d3ef533d48ee0c152fc379c7308	173	true
examples/org.eclipse.swt.examples/src/org/eclipse/swt/examples/graphics/PathReuseTab.java	5e6d376d7ebfcaa0ad268f704627ab7f0151aa7e15291de37e8116d32078ea10	937905a5a37f5dabcf0e6d8eed66d89af93920c53cf64d6b1c50c31ff92dfb07	a0962fdb9883ffffd82b554eb8c4dbe1bb625429c544b63b164f8654f6b8adf9	95	true
examples/org.eclipse.swt.examples/src/org/eclipse/swt/examples/graphics/PathTab.java	e6c512f66d3f6de752ef92d6e5aa2f47d5bc1db6671d45951fd0fc25266e82ea	fd0b7dd8a471d5f35f2ddc27fd6c57207563392f9e2889f62e2aa3263ceb04f9	e2275adbfea4a4d6f82269d38b980e27855a9c4b95db5605d60a6174379e23a8	115	true
examples/org.eclipse.swt.examples/src/org/eclipse/swt/examples/graphics/PlasmaTab.java	13331fecb5fb5de751245121b21bec660af24452fb5e9baf62136dc3988ca403	13331fecb5fb5de751245121b21bec660af24452fb5e9baf62136dc3988ca403	2c30bc8ee41e042805f3cfe7947bf79f7c30ab6fa6140ee401bb45eec2498378	116	false
examples/org.eclipse.swt.examples/src/org/eclipse/swt/examples/graphics/RGBTab.java	8c40a44a66cea5215ad847d94c28a1fcb0ff9dc9abc6d58270ff7e97ba52d98b	7eb814bc77fb2e37d76c2a2483c965bfd948d97a69c22ac78ae8168a042bfac8	7c948b01abc1b3612d86a6ce9a502b836df9b3744a4580ab00bd777f959049ab	79	true
examples/org.eclipse.swt.examples/src/org/eclipse/swt/examples/graphics/RasterBarsTab.java	7fad20fef7ab8394af07ef861319447891501f4d7c971340e95d81ff46f75a2c	7fad20fef7ab8394af07ef861319447891501f4d7c971340e95d81ff46f75a2c	06aba87e5a65bdfaf86f0d9b445a91a8e9c5a057c1da7d89cbc339334eb47f12	147	false
examples/org.eclipse.swt.examples/src/org/eclipse/swt/examples/graphics/RegionClippingTab.java	432ea673e5123a063b4060ddda107dac6506c5ca8f5af7187635d7cce7aa59a3	c8423090990e5ba0b066875ae23794f6d67027448556fe5acf35294c88c53db6	3c9e27873c6b99282d2177a3c0c78e3c45fce5879699f3a15a6e75f360270100	111	true
examples/org.eclipse.swt.examples/src/org/eclipse/swt/examples/graphics/RippleTab.java	dd127233dfddfcb69c0bedffa7651874cf24496b8e1fe9c4ae39ad604a49590e	6d9d3d97e9b90ee5ce89646e442a62f5bedb17ade33dc840f787569d33ffc2ba	929b7cab435b4da9fe13d5a68a8821b2c40621e934b3285d140a200e8bc2a151	148	true
examples/org.eclipse.swt.examples/src/org/eclipse/swt/examples/graphics/RotoZoomTab.java	644f3b3aeebd433851ca9c78f230fd56ce4dc29dfc4dceef64e9bd5d478a6c2b	0001e78250fc1b74f1480b950179e713e2bb3558c8e1a901dd1526399dee86c1	f9f780b541e7b1bc02881de857920fe3a2fb89f5cf63db8ecf97d266fa3c7a32	88	true
examples/org.eclipse.swt.examples/src/org/eclipse/swt/examples/graphics/ShadeBobsTab.java	67f20df0986aff40c191a20d26b5ce32dc50b98ffccbd2c9bfacf076d852c489	67f20df0986aff40c191a20d26b5ce32dc50b98ffccbd2c9bfacf076d852c489	d98ae007ad5d2b72b540aa731c34306915da85155d147acf3e5f12beb3e2bfdf	120	false
examples/org.eclipse.swt.examples/src/org/eclipse/swt/examples/graphics/ShapesTab.java	a256867757d6876c263fb33eb2392e452c93b18ff8e1952707009975e00fbe7d	ff443e18f02c366b298ea97e3f1820660d4a86b76db7a719f86de8a60c8320db	544f9b8a5afece6cb0ac491f5a87c08352399e067e41a612f3e77d273a001288	96	true
examples/org.eclipse.swt.examples/src/org/eclipse/swt/examples/graphics/SimpleScrollTab.java	a4687db73115f0a95bc9d25059d01349a441eb0e832310afab30ed7d4a08cf5a	a4687db73115f0a95bc9d25059d01349a441eb0e832310afab30ed7d4a08cf5a	bf35afb8ec8f389e56dd5e7add279559fcbc167501c9fc76e283a07731edd80d	41	false
examples/org.eclipse.swt.examples/src/org/eclipse/swt/examples/graphics/SineScrollTab.java	e4374df036ffbca38baddf1523e782a03157b13bd9c3aeabe8224175cb53a56c	f7f57d629dec07efcd3db1b00f32d9327ce7e17f7cbd69c8ececb3f720936fe3	8b72a9d719d5af76a48c5413edfe95b48f091676aee154142d8ca8a70885cd4a	210	true
examples/org.eclipse.swt.examples/src/org/eclipse/swt/examples/graphics/SineWaveTab.java	0fa23557b90a96e38d67b4ffdefe79fa5b62249033ea5ee53bc03ee7f408c2ae	bc6d5afc1a7b70b9ac8eac81a08eaacf67bba1095e8991e51723e69878039ede	13e79141ce2716ef8d83c4ac3307277bfda7a1956b32d901c3b8853237ca1bd9	123	true
examples/org.eclipse.swt.examples/src/org/eclipse/swt/examples/graphics/SkyTab.java	4ac6c0634382d173c8b6bf81cf831918fbc23480ff1a17ed6f8e00daef0fa6a7	810f4e101b4bdbaefc3b2a2be3204a690cc7ca7d1a14c3ac81b3a4f34f00bbce	b3f2cf145b9496b3ca753550c75826faf863ea8a9b2feca062ee47096cb28d08	147	true
examples/org.eclipse.swt.examples/src/org/eclipse/swt/examples/graphics/SpiralTab.java	be1d868b1796de6f68d98333a7988ca3393854097452c7544cb345e4ee8acfe0	7186204c6c785c5fe4c80701bd59e1e49a70a093091e2c75dd518b77e1f53608	4eaf0d6eea01a3d7f86d149e49c7719929e6a17f17782eba7a36a082b8db864f	83	true
examples/org.eclipse.swt.examples/src/org/eclipse/swt/examples/graphics/StarPolyTab.java	550f1cfe1a3e06109e1381b60b7d5308b6c86158ed8c32095bb3dd179132a9fb	550f1cfe1a3e06109e1381b60b7d5308b6c86158ed8c32095bb3dd179132a9fb	7c4222ec2db2b39360d16e8c556c4d5abc8698fb32eb2b7961950833f364a23a	32	false
examples/org.eclipse.swt.examples/src/org/eclipse/swt/examples/graphics/StarWarsScrollTab.java	a40430ee6fc4ae13cf5b4965cb76e8fc076454f2c1253294c1829b32d7f52781	94206345c7e83a3eea08769c58833596ca4546381774bde5762b9e76842932dd	f5db737cf65a53363719c1937cc3a2ac4b67f286f6b184294b84e47b0dda53eb	109	true
examples/org.eclipse.swt.examples/src/org/eclipse/swt/examples/graphics/StarfieldTab.java	401781d6dbbd72c3a0c51407fbbd56fcd7f1f068fa8fd8607e4feab66396e480	bbc0b3d1f6b3258ed9834ee5200c5f6df0ea2ea9e55250a737be33a3797ba49e	a8b06588a2f1b5578ec1d0ae0743d83bc2f4a9edb432e5e03c1b9bdedfe8383b	59	true
examples/org.eclipse.swt.examples/src/org/eclipse/swt/examples/graphics/TextAntialiasTab.java	0ed01df198d13fadd6651cf8a107cb78b3c9c3b822b1ee06c5d658254a9e879a	7f72e968e79d07eabb7ac22ad35ca9678911f8e96cbe82b3ca2548415517b0f9	d2272c42df6ffaa5d0af874009aaffcb3ff80fb8a10b3b170822012e2c366b31	98	true
examples/org.eclipse.swt.examples/src/org/eclipse/swt/examples/graphics/TransformReuseTab.java	12581f6eac371b07545b7a024b88b1263dfe15ee48b1011af4ecf23de93a3092	2fa466ae770be54a7e9554c371fd50a88d6b015458596844a29fe4586fd7b499	42176044d3cc50e1cb6833fbf3a002a14cee34f172236d3083a29e7006e4aa10	60	true
examples/org.eclipse.swt.examples/src/org/eclipse/swt/examples/graphics/TunnelTab.java	ec9abf6f14d9b4ab07708653575aff991f4ea144c1e8c177755a2405c4ca3d6d	bcce9c2e56be0173a9686a8c77a6d9607f705b00d95b7a7af70934b05cc06964	ede7b988b5e997c077be4e84e25c821ea4558f249e6cabcc5a55df426f460128	82	true
examples/org.eclipse.swt.examples/src/org/eclipse/swt/examples/graphics/TwirlEffectTab.java	f3be7674a74e8afe0019a89787d6e35d5d8946171e4456d335407d650eb322b3	9e1d07c1a34bd18afbc61e5dfb1b530a4d93a95719c387cef131430c2861f34c	49aa9e7a0bfee51aba407b0f415f700908347419b65b94ca0611419c3af8c308	135	true
examples/org.eclipse.swt.examples/src/org/eclipse/swt/examples/graphics/TwisterTab.java	5efcb6162730201d42f33f21672dca9afb0d53ddf897fc3e78944b58f231bcb8	5efcb6162730201d42f33f21672dca9afb0d53ddf897fc3e78944b58f231bcb8	44dbe1634f59a257ca66e16b54b139ed710c7a37892995124b6d96efbe0c28e1	108	false
examples/org.eclipse.swt.examples/src/org/eclipse/swt/examples/graphics/UnlimitedBallsTab.java	a89fd34d626a403d8555ce8e86321337b9214bc59c874b6348ebdf9be68f1717	c34ce96f3a675d92aa818b08950e331ab829b0a55ba01155902be5d9a8ee1b7a	542e941307d4e9ad60743cce2d567fd170ddc870b9704f2046b6eb7ab0ca4cc4	125	true
examples/org.eclipse.swt.examples/src/org/eclipse/swt/examples/graphics/VoxelTab.java	26e5a7a7dda731e961e70b16db46e02c228a4ff9494cc93b8d748cec47b20748	3e90bf921f2a654b76a49d966baf988ac6b7791cbc853cb3d90b626370d862f5	6c3434446c5f430c726ca5a690f0c3dff742862658e0d17b473e58344bdb80cf	131	true
examples/org.eclipse.swt.examples/src/org/eclipse/swt/examples/graphics/WarpTab.java	1a5924a574723e0ef2fb26a10dfbb76066894fb5eee2730848b73130c20e5093	3b3dd9987d44ab1bdc05892391b420695204f91b2acd390510ae6a77e163a4cf	ff38fbeda1e69e29edbad704853e1612d7fe2424c6188730740af571d0c02f63	113	true
examples/org.eclipse.swt.examples/src/org/eclipse/swt/examples/graphics/WaveTab.java	5692cfc1ddc6913ab8d2016005989611db9b7af5b2e9df0b2dc858690b22836e	5692cfc1ddc6913ab8d2016005989611db9b7af5b2e9df0b2dc858690b22836e	ed80f9012a4d5d0a7bf47c294787f6635976ddf0439485fa6238dcc41d6dbc72	126	false
examples/org.eclipse.swt.examples/src/org/eclipse/swt/examples/graphics/WobbleTab.java	c83a8ecc8966d3e699122a7fddd36712773c944b711c41971aefede66121d598	8a71db3d30e625fb13ce7d73b03074ed75df60e90773ffb27aa130f7fd159f53	0162d7859907d1ef60b5196e8ee67b155ecd0ba308669f41ccfa2f857dc6b828	92	true
examples/org.eclipse.swt.examples/src/org/eclipse/swt/examples/graphics/WormholeTab.java	e07221d880a5743ba4dc5559768f61715bdddbbbab7e6074e1003972d575a8a7	5db544b4ea8e7cbf7667f665a967e4115d9bddacf023eeb46ede17649461c344	4b3fc2d4ca00ba899dd975af1da1250e85186dce04be2b6e8933827d68be8f87	171	true
examples/org.eclipse.swt.examples/src/org/eclipse/swt/examples/helloworld/HelloWorld1.java	472f1436b2ac0c6f24559cdc60e7e449935f41f0fb14398e09bd37d451c3a2bb	0ae0440217da49e11aecf04defd571b5d1123e48bbfd6b9227e5d0e9894085c9	aefd095b39d9e89b2cdc15fcc9f524507dac709cabb517cdab74693bd9affc26	13	true
examples/org.eclipse.swt.examples/src/org/eclipse/swt/examples/helloworld/HelloWorld2.java	a579eaa759a7bdef7f2e3e1d72d59a91e05be6eb4895499a524d51e5847fcf80	60ec4ef1b59b3cedebf26e37775940ca2d3821d3bd8eb91abaeb6051ece1f002	c75454e34ec6d4c388dcc497146257efdf22501ed2c939c9c71b67b20f557c68	16	true
examples/org.eclipse.swt.examples/src/org/eclipse/swt/examples/helloworld/HelloWorld3.java	0f7f0ade38547926578289e3f9200581fc9d20270812d8befaaa79a9e27476c0	5897beaff25ae6ced3c57198f2bba22c6d95868d0649c9b542b2cdc480ef993d	56f2df3dce81a1fa83e46633147b91910eee4bfaafd191b888b55298589872a3	18	true
examples/org.eclipse.swt.examples/src/org/eclipse/swt/examples/helloworld/HelloWorld4.java	3af697a93b9c49387ca4e467ed0ed5b9e667b42304e107c8a834e58fd3ac31f8	e9aefa9350f49041b99feac727652519412604f17791bdf7d9bd7f73ef449c0a	b5f128b628b3d9636960b63db13185f25ee7e6235045e0ef35bf9a9a2277f926	17	true
examples/org.eclipse.swt.examples/src/org/eclipse/swt/examples/helloworld/HelloWorld5.java	cb83bef6e45e1bbe227dc7be3ebdd9b39ff01f15a46a0c53602b2391f97689b1	fb2a70c49210c84932550cc64db5c3adebdd58961fa8e3a6e0780819368577ab	603c3f97874dd0f72d62315a2b724faf9394761631c7a9b0540e884e6e85fa8f	21	true
examples/org.eclipse.swt.examples/src/org/eclipse/swt/examples/hoverhelp/HoverHelp.java	8128305f8879701ef46cd60bae707a19b829a01568c7c42ae697db275cf9c1c7	133c072bfa4ab349fea64853cd1d9d95201865ab9190fdb113be4d457ac56edc	65103579539c7e1ffa2be24e3a1fefcdf0aee1584a6aace915515a57818e638e	214	true
examples/org.eclipse.swt.examples/src/org/eclipse/swt/examples/imageanalyzer/ImageAnalyzer.java	ba93d2d17f4c422965bebe7184708e623fc3c831f3df63ee5b4455aa37e05020	b6323cbe3bcf1c64b29d86fd2272cab8243568af46770900bc3708c480e76b53	33bfe4e7faa0fc68e062c8d9568207665c2c1b20e388fb39c27afd8c944eb8de	1736	true
examples/org.eclipse.swt.examples/src/org/eclipse/swt/examples/javaviewer/JavaLineStyler.java	6288647442ce595c6bd8e2c054da0cd069b7ae25f5fc0b9eed958c0987e90a1f	b910ac49ccd2574fb273e17751d15686c6f3ed07d8906462fa76441cee7a84ca	fdadceb616a791374ed9036ac2da65a8067915a6cde020e7aa8a17a79c2fcd6f	240	true
examples/org.eclipse.swt.examples/src/org/eclipse/swt/examples/javaviewer/JavaViewer.java	85aefaef4dc12e19eca8600d5ace7429bad34c9ceafc0b849a906a0c91f3a016	178d0e40acc1a87ec640362893a5d6d18926f9195ba1f1bd336f4385549218c7	578cc674c405eabf9d6921e2cc6f255094ae2dd5ae90a8a99d194201d1a4c8d9	94	true
examples/org.eclipse.swt.examples/src/org/eclipse/swt/examples/layoutexample/FillLayoutTab.java	cba26c203c66b1bfa909cbec9209e77921afb9d4450893e82bf6c23fe9055ae9	c67bd6d49b627e74c21958616f1c6a557fd14bb69dc306406cccb180140ed69a	3e0f84c765a52f3da2e2881a18a487cefe5fb666af50e53cd7be151789d45879	127	true
examples/org.eclipse.swt.examples/src/org/eclipse/swt/examples/layoutexample/FormLayoutTab.java	3fb098560b10cf07639f04dd4a2311402b0bd346403c31bc39406bd2a4d0307b	08f464967dce6a2db2632e070b7a616103aa948bcae37f6d32d921017a787a6e	9e717f4824af20ac8c1ddddf6ee9631be99da879d560721b4d0d90941c4d1708	591	true
examples/org.eclipse.swt.examples/src/org/eclipse/swt/examples/layoutexample/GridLayoutTab.java	c7b00a31ce9f2c27703b9ab382e4cf6f4ea69b4c2dfaabd265aac4333a70c145	7dde0e0ad05039f4cd070744277771e7826a5efead7b826e98ddd8c685e35ac7	0bd938cdb66830963714e9dccc43930e1304d65d92c7b6640088d8541e7dbb4d	506	true
examples/org.eclipse.swt.examples/src/org/eclipse/swt/examples/layoutexample/LayoutExample.java	df8442fcf34ae7ea66ec8755d0be60b560cfde9c11645d28451bd0f86a46dd58	6b4629f2a91356df117557c5b26222ec335b6c73dc2a0cd7636a022958b5e531	b182c9400d8f6a0526aef9f6948854839258cc96feccea6b2ab2ebfce9ad6ce3	48	true
examples/org.eclipse.swt.examples/src/org/eclipse/swt/examples/layoutexample/RowLayoutTab.java	dc4573f67e4e84d4113d6622574850e703abadd9002c364bb404a54adfedea01	7b1070c65379372776ed0ee19dc4cbfad19f752953016e8c9111bfe014351ff3	ee6bfc9c67fc27d6c1b4010c7f1219fa1c8a434df447c858768b5988febca86f	301	true
examples/org.eclipse.swt.examples/src/org/eclipse/swt/examples/layoutexample/StackLayoutTab.java	5b9fb752b63619d8acead5ff2c4108c4b72bd55dee5e3fac9805575470e404bb	9633d5adf7a0744814d781334524c72c5ec9bb00607727e9424fd134afc601d2	dd149ab55efa299dd58152fc35c7fd729dd7de292d832491a85d6ab402bbddae	136	true
examples/org.eclipse.swt.examples/src/org/eclipse/swt/examples/layoutexample/Tab.java	42685377f4b749431a2b798b31da3afc062abf16f38a3c63b6d126d28531037a	ab10d860117e4c9ac79bf0bef8eea025c42d9ca730d3e35540b564a251649328	f089722b330fd2e9a1f0cd7efe6d151969093fda1e813f5f6ef0ac441cb3be97	484	true
examples/org.eclipse.swt.examples/src/org/eclipse/swt/examples/paint/AirbrushTool.java	ff139fd1b6f9d8d2620bfcc62853ec616208a7157542bdc51813314370faf406	bc1438c13224e9832fdd931f66ce227d6e617521e41c95d3a80981ba00ffe60d	61b7a6ecd54024f1514f03f7b58c1d0f00c1d374c7f9a666ffd627ede39cee38	27	true
examples/org.eclipse.swt.examples/src/org/eclipse/swt/examples/paint/BasicPaintSession.java	51c15c81661aa5d8a7281ca284ea00394a8c2be47f19d53a1e3e3ad1f698dece	51c15c81661aa5d8a7281ca284ea00394a8c2be47f19d53a1e3e3ad1f698dece	b176d5ae6126a64cf6998e64795cbd7096bc37861e0574f99595d5c0af6c51c4	4	false
examples/org.eclipse.swt.examples/src/org/eclipse/swt/examples/paint/ContainerFigure.java	2e648ffe99cc33b9ba9b2d02f84c53c88fa76b97f41fc14f02ef0086e9d7d8fa	72f529bb64688f58c3808621e010ae01609f13fc2a6326101861041624fdefe2	f377a317f0b348d95997a26868bbda4ea646236a80d6f50c809e837cf2979846	31	true
examples/org.eclipse.swt.examples/src/org/eclipse/swt/examples/paint/ContinuousPaintSession.java	8425017b3cfcfe846f3e140b32d2476712291e25dc0c0bb564d20158137f68c9	86de01529b9662432d819ed208975a434d18b31bc483eaf4de1a3b0f560d7804	6031b6d9eb2b80db391a738177b388a896880c220399ee00d7b9016ac7e9f2fc	100	true
examples/org.eclipse.swt.examples/src/org/eclipse/swt/examples/paint/DragPaintSession.java	734e61247730fe6f6fdb55b08a5166efe703091066b5f100a7c686d87b5fb81b	2b1410d0765db0e71c6e75762baa1db7a22111672bbb459d513778aa4f2cc6dd	a9844d4699e6fe58b749649fb96d55e701f6952ae7108ab086e2569a5e7e82ca	46	true
examples/org.eclipse.swt.examples/src/org/eclipse/swt/examples/paint/EllipseFigure.java	64728720a603d49f6a17f376e38205eda41e8abc80cfece376e545c46a978645	64728720a603d49f6a17f376e38205eda41e8abc80cfece376e545c46a978645	06d5b6a97e006f680580cd99a9f7d3701d9890b0377b671109805ee76960839e	17	false
examples/org.eclipse.swt.examples/src/org/eclipse/swt/examples/paint/EllipseTool.java	c508dd06b34fa3fee166c49389f9e9dd245a407c4b166727ba9c07338aaa8b57	6da32136acb7a474dfad59d26010c2b4be26d0ba0d39f1cc187de08d3e97b26e	a23e7a21062540789daec2b2721cd1aa36e87da6ec814787f1849e9c9601d018	16	true
examples/org.eclipse.swt.examples/src/org/eclipse/swt/examples/paint/Figure.java	3abaecec0bb5da2b0278d52ab7e276c1c303912f453a280447427f19600155b2	3abaecec0bb5da2b0278d52ab7e276c1c303912f453a280447427f19600155b2	f5820a16007459ea0ed14e78167079a728805d8e7476018d0e412d95657c4f9d	0	false
examples/org.eclipse.swt.examples/src/org/eclipse/swt/examples/paint/FigureDrawContext.java	953d4e284c92696eb4486dfcb7eaf2b1fabf822fa9a69c9fa0c99a0468df8ede	953d4e284c92696eb4486dfcb7eaf2b1fabf822fa9a69c9fa0c99a0468df8ede	ebdedec19a37f522b7f20a83aa8231a5ea092372c4bf0c27b756ac26b2e749a9	4	false
examples/org.eclipse.swt.examples/src/org/eclipse/swt/examples/paint/LineFigure.java	842ba8286783c65ab38814277d029ff5a18351520a96fd981dabd765b4fb52b6	842ba8286783c65ab38814277d029ff5a18351520a96fd981dabd765b4fb52b6	becf4b6d86d854f708489cfea891a220bf924d8c40064dc0d89baabf18d87ff2	18	false
examples/org.eclipse.swt.examples/src/org/eclipse/swt/examples/paint/LineTool.java	f5188308b172be6668ff43f0b3f7249d61430d02159ee8a479fcd7687bfcca9c	f5188308b172be6668ff43f0b3f7249d61430d02159ee8a479fcd7687bfcca9c	3b17d523711f541309009c96d7f36b209e220a0b495de4ffafb733c671e3bdb3	9	false
examples/org.eclipse.swt.examples/src/org/eclipse/swt/examples/paint/PaintExample.java	f062872b03552b4bd83d0bd29356eb0f0a58ffdd17d85195493b052ddc130084	4fff52972b1517bd58e399f8e4345ccd9f0bee795e5abf55615f58e4168d8f0c	ac597c728102585582c32ae8190d1aa239e4efa3ff9dd2e783aaa5651cde4e9e	324	true
examples/org.eclipse.swt.examples/src/org/eclipse/swt/examples/paint/PaintSession.java	b22e9366a22ce845b67c2a2b32142117ffa2df4bdb73294a7a9b88b41aeffb70	b22e9366a22ce845b67c2a2b32142117ffa2df4bdb73294a7a9b88b41aeffb70	3aae08385a0dae52b75fa63cec3e73733a882e678bb30d09f90f11fa48a655f2	0	false
examples/org.eclipse.swt.examples/src/org/eclipse/swt/examples/paint/PaintSurface.java	27d38bc7e2211683a2f1ffe4d22256e52788af2a8e6eaab29ea01f2cf05720e9	a00a700e81c461474595d65c93a01f573364ec33d83b5f0d87cf24af12f3ffdb	878c28014c424eb4ddacb050bd1604066c17eb5f79bb774184b8694ac80e5bde	238	true
examples/org.eclipse.swt.examples/src/org/eclipse/swt/examples/paint/PaintTool.java	4d80211465528b3e8e8196c5abb3c1ab4c83cf4d63abe34c36ef3fcbec7a156f	4d80211465528b3e8e8196c5abb3c1ab4c83cf4d63abe34c36ef3fcbec7a156f	e52ef5cd28055090fc5f7e59eb964159d1ae48bb866af9a3045e6c4871320ed7	0	false
examples/org.eclipse.swt.examples/src/org/eclipse/swt/examples/paint/PencilTool.java	dea4d76f7bee4ffd75bb9c39ae08d4af6d67979a73b7c6fea5494303833fc6c9	dea4d76f7bee4ffd75bb9c39ae08d4af6d67979a73b7c6fea5494303833fc6c9	d8ce583211ab5a8600f42febc88f09c73a202521958c5838860892cf0d4f48ec	10	false
examples/org.eclipse.swt.examples/src/org/eclipse/swt/examples/paint/PointFigure.java	6ce6520d932dacb2efa0bbca9780856496f4e9f11569dfc05fb0998cc3388fb8	6ce6520d932dacb2efa0bbca9780856496f4e9f11569dfc05fb0998cc3388fb8	867972d2aad1c08db9061f10f57d662836bcdd9a3844e594d8619df9335777f4	10	false
examples/org.eclipse.swt.examples/src/org/eclipse/swt/examples/paint/PolyLineTool.java	c6545c686a2d894c8baf525eaf6d64582a0f6791af4eea1f5b68bad6241e4ef9	c6545c686a2d894c8baf525eaf6d64582a0f6791af4eea1f5b68bad6241e4ef9	bb2270b757457df33bd695f1385ec3483e4686d579058226631696b7c6d4425f	27	false
examples/org.eclipse.swt.examples/src/org/eclipse/swt/examples/paint/RectangleFigure.java	28735c3aa00d0ec8eecd56bfc0121c27a6ab59b1fe1ae28b0b72e50dd93b8fe1	28735c3aa00d0ec8eecd56bfc0121c27a6ab59b1fe1ae28b0b72e50dd93b8fe1	3cc39f09839a381d32465c6d460bce35c01308dcab2dd2db464f8f5f5e2a0a7d	17	false
examples/org.eclipse.swt.examples/src/org/eclipse/swt/examples/paint/RectangleTool.java	1bfb108c790d899ab275c0d40fa76ef75e92589728b359bb1a3bf728d0cb27a0	1bfb108c790d899ab275c0d40fa76ef75e92589728b359bb1a3bf728d0cb27a0	e35012128ab40ade409e05dbf88d09d05406a97541d7774cfa51a6eb2ad03a9a	21	false
examples/org.eclipse.swt.examples/src/org/eclipse/swt/examples/paint/RoundedRectangleFigure.java	24b9e86c77ab635d97af76349274c757271a8fc919cdee1824ba0da645e0835e	24b9e86c77ab635d97af76349274c757271a8fc919cdee1824ba0da645e0835e	a3cd1f950a5d07c5bff10460d5010bbad6ea4500b3833fc6c80bf381c9579bda	18	false
examples/org.eclipse.swt.examples/src/org/eclipse/swt/examples/paint/RoundedRectangleTool.java	61531d9cb54f98b095ff6cdcec2e99c1166b70c105cefb34d2f0c5d443ca771b	3fbea60f2e4a82101c23e497b1918bffd90d4fae44d671c7ca7652a88c72c48e	80972cf9b1ec83168697ceebb17b92d09f05fe0e5492776265d0325b06ed8a0e	16	true
examples/org.eclipse.swt.examples/src/org/eclipse/swt/examples/paint/SegmentedPaintSession.java	e5855ed6720e5a7c1a9beb79d10f8fe6f9bff8893b32fade309b3d2caa9e282f	8b665f170dc69f6e2c99697a2f728f7c489ef6d4c21d7409944182842a43090e	b2f158421b427d7de49a7c36e1e373624647e0017452a7c0c202bdc0df81fe14	60	true
examples/org.eclipse.swt.examples/src/org/eclipse/swt/examples/paint/SolidEllipseFigure.java	efd8048a8c4800701ec8d1a597fd266684896fdc555e73f47b8aad6e990ac2df	efd8048a8c4800701ec8d1a597fd266684896fdc555e73f47b8aad6e990ac2df	7c6e58e1fe1ddfa6aaa4124e3e303fa2ac0114c316f1c6043f80dfb6258c98f2	12	false
examples/org.eclipse.swt.examples/src/org/eclipse/swt/examples/paint/SolidPolygonFigure.java	667a101fe686e40783af9ac9ba1d4cd9b6ce4c89d3af9166af2226677b947a50	f4912ad5f708c656d2c77beb2cca11eae5596316dcb0c06202e9d73906dabef4	601c187190acfbd4513641be98eff481919bebc8386f4ba991022e460d66b402	39	true
examples/org.eclipse.swt.examples/src/org/eclipse/swt/examples/paint/SolidRectangleFigure.java	9c86779745145412efee049e1eaa2cfa9b7a5ed7041e5e1140b530b0422335b5	9c86779745145412efee049e1eaa2cfa9b7a5ed7041e5e1140b530b0422335b5	e35684ca411533fee43386c42a7428162e374223574d0c21a28afe23121abc60	12	false
examples/org.eclipse.swt.examples/src/org/eclipse/swt/examples/paint/SolidRoundedRectangleFigure.java	19c342a12bcb62fabc9d74d298fc4d2e1e2857748a6cfae74fda25da900769a8	19c342a12bcb62fabc9d74d298fc4d2e1e2857748a6cfae74fda25da900769a8	36e7f3a93b06353b5aa486e29456b866d7e0610cf0a1d30f5043fb9c4c1248d5	13	false
examples/org.eclipse.swt.examples/src/org/eclipse/swt/examples/paint/TextFigure.java	2dec816f2553e9928ee176737b1b05e01f3bf366e294ff51b5662a60698eba78	2dec816f2553e9928ee176737b1b05e01f3bf366e294ff51b5662a60698eba78	211cf8ff6034c37b68933eba3d37889f5e2ad97cd426a06c4649a0208583973c	17	false
examples/org.eclipse.swt.examples/src/org/eclipse/swt/examples/paint/TextTool.java	552c05a7f389e8c36e1f0634ffb605238c5adef07ae8da0854928b9ec96207fc	bffd23083526771fa3fc0143f9ddf470362082d6c8cea4049b18f168afa720d1	1c55bf2fc0f170bf1e820ae271e500c498d2f47cdb402a3e567a5bb4357d2875	61	true
examples/org.eclipse.swt.examples/src/org/eclipse/swt/examples/paint/Tool.java	bf9c4121e8038167a7ee394638411642aa01bb2da4bfbe111f17ad859e90372d	bf9c4121e8038167a7ee394638411642aa01bb2da4bfbe111f17ad859e90372d	10c51b91ea74167ffb4ace82c20bc74aeb61204887919a01caa9f9ee08757924	9	false
examples/org.eclipse.swt.examples/src/org/eclipse/swt/examples/paint/ToolSettings.java	ce0f3a04e847e7c83e2c9ec4b0ebaf4cff998cbb10cc792868c7d98e5b5c63c9	ce0f3a04e847e7c83e2c9ec4b0ebaf4cff998cbb10cc792868c7d98e5b5c63c9	695dc714d8e1ae3bd7b364f27edc30dcb933dbe6b6b8f8c17456e45c4bdcafcf	0	false
examples/org.eclipse.swt.examples/src/org/eclipse/swt/examples/texteditor/TextEditor.java	1d28d3c87241804759c5a3f439d9dbbd93ecc77127c7947efc550168d06e5bc5	7937af7763ab0a0de1720a55131fe8f741d1da84a65a8bfa970b6f899169119b	6eb5ed7d673f73a283edf2dfd3e1a37551724bdc562a78642dcb1f53a82cc6e8	1425	true
examples/org.eclipse.swt.opengl.examples/src/org/eclipse/swt/opengl/examples/AntialiasingTab.java	4c92959e7619318e011fe1f56a2dae3df352ab201e66f8b3f4de865e6166e18a	4c92959e7619318e011fe1f56a2dae3df352ab201e66f8b3f4de865e6166e18a	2978bb914c23864b45cf155259e8a7eea8c4453df2ffe66e6f35f23695ef43d4	78	false
examples/org.eclipse.swt.opengl.examples/src/org/eclipse/swt/opengl/examples/AreaTab.java	0a03317685ed4a19c52c5f9d65f0738d2d836b7c0155019c3f74f6da6c07e7d7	466fa23977212c5a548092b5962670c253bf574e72dd1242186be19640e4bcc4	867d9c038c921285727f585c9c1c7813fd3d372069dac079b1d49c1740d770f0	241	true
examples/org.eclipse.swt.opengl.examples/src/org/eclipse/swt/opengl/examples/ColorSelectionGroup.java	81901401d83998f5c1c5ac6a71e3fc1fdccab79c7b86a5e83e74bb24b6d9aab7	a14b64fa2becd01e3976ceb40bc6403c148c8f5196efae01a6ca5bc3c93c8b32	1b595e7538789b57c9121c701d57c822837646e3ea562438f1d0f94fbd523f6c	67	true
examples/org.eclipse.swt.opengl.examples/src/org/eclipse/swt/opengl/examples/FogTab.java	3fe372f859b421becc1ceff65ce968b650ac40b758a53f32d03d64a36b516876	3fe372f859b421becc1ceff65ce968b650ac40b758a53f32d03d64a36b516876	17d8840aebca4c322169a2ef9fae8e786f0f565623594cff53ed343c64e5109b	160	false
examples/org.eclipse.swt.opengl.examples/src/org/eclipse/swt/opengl/examples/GradientTab.java	44861a49be9b594c29347dba2272d06e980a0501d9a94b5803dc6f40c53317e0	44861a49be9b594c29347dba2272d06e980a0501d9a94b5803dc6f40c53317e0	34b9b4e0c6ba49937da0a67177a7f26a26c799d8ad0cc576d1215e3589639680	146	false
examples/org.eclipse.swt.opengl.examples/src/org/eclipse/swt/opengl/examples/IColorSelectionListener.java	098638366ee36f88c8a84abcc60f9cdd8ddb9ee71cad64bf7239697e83cc8958	098638366ee36f88c8a84abcc60f9cdd8ddb9ee71cad64bf7239697e83cc8958	d7639761f411335e7837e20525fc4fe81770f22d9cbf2eceda77f2b670edb806	0	false
examples/org.eclipse.swt.opengl.examples/src/org/eclipse/swt/opengl/examples/ImageDataUtil.java	91ef680db422a811a1391554614a7e0e26ba1193b2495f5230c505009af2da04	9e280ae88e48ca9b33ab0dbb32c074fafdab68f767734daa26af5ef72f91cacb	14fa9e2f51f8536b8de1d773159132f70e0da13779253d6cb02d6ee0c27ab058	439	true
examples/org.eclipse.swt.opengl.examples/src/org/eclipse/swt/opengl/examples/LWJGLExample.java	2842cc4588623434c63a2e4f1a929963275efe6985feca3bf01ec910cc2c3502	2842cc4588623434c63a2e4f1a929963275efe6985feca3bf01ec910cc2c3502	3090cf4b5460394c45ebc629dd3b48a61bf5cc445c19c409b365ca3db093a2d8	98	false
examples/org.eclipse.swt.opengl.examples/src/org/eclipse/swt/opengl/examples/LightTab.java	95ac80389384dddd30f49d521d34a1fd55e6df3e3cde7aea438dbd4e4821fdc8	95ac80389384dddd30f49d521d34a1fd55e6df3e3cde7aea438dbd4e4821fdc8	74bff6553e2043e74259b78d44eb6041badc06962920c6a5cc9229140b8afa33	197	false
examples/org.eclipse.swt.opengl.examples/src/org/eclipse/swt/opengl/examples/NurbTab.java	b916b70a16c44e396f0f4cccf9cffee8f3706c9ed2ef6da34b755e1113297544	b916b70a16c44e396f0f4cccf9cffee8f3706c9ed2ef6da34b755e1113297544	ab4c5482be4e2cc3578849ac16ec29a5fdfe27083eada60352e33e6cae6527a2	175	false
examples/org.eclipse.swt.opengl.examples/src/org/eclipse/swt/opengl/examples/ObjectsTab.java	40a9b2d4442e39202b63b415170081772ae7c4142d4cd553a0ae1d2006408d7a	40a9b2d4442e39202b63b415170081772ae7c4142d4cd553a0ae1d2006408d7a	10c60059858737c08e170bfd7262f3c3ec753df0517c23da9fde4a06670adbc5	220	false
examples/org.eclipse.swt.opengl.examples/src/org/eclipse/swt/opengl/examples/OpenGLExample.java	02a28fc94c067c00a714e877c82453316c295209aef7ef024af337b6ea74a3eb	fb398c1bdec74eab407988d408a234d8517d2b379a0028b4b4285db98373cc64	e7dd29491319090ad608e4fac1ba414197b5fbb86668725e13db7bb7e6f76f3f	70	true
examples/org.eclipse.swt.opengl.examples/src/org/eclipse/swt/opengl/examples/OpenGLTab.java	8995465a5ca65e5fbe3d5b1448d0b42dc50416fc557d4799edd8d8725fcadc54	8995465a5ca65e5fbe3d5b1448d0b42dc50416fc557d4799edd8d8725fcadc54	074130b5616f9dae19624937de396f310688f8ae8f9301b7b281174e06247f6d	79	false
examples/org.eclipse.swt.opengl.examples/src/org/eclipse/swt/opengl/examples/ReflectionTab.java	6d56d84ff1294df563b8dbd035ab792c9f1ebf92d165bc8b6142c3972c26a61b	9a0b22cbee7abfaeeae7ab23136a5317d1badd5b8d08cbdf04569d4ed2babafb	fc09a44340e5408bbbd9c5c398af93c59cb6cc083e01145b12b58103fe546045	400	true
examples/org.eclipse.swt.opengl.examples/src/org/eclipse/swt/opengl/examples/StencilTab.java	ef2c97076f9a4c1a2a3dda77a616614bdb94479bc2343ffca586ecc3b4fe38ba	7515283c9d84f5af5a6073d6ab5afd258d7905a6bb401e0d47ac52d2d3bf41da	63c7590a47fbc98f04e6962f705006458698bd7569d1e48c75d5c0af278f2fee	117	true
examples/org.eclipse.swt.opengl.examples/src/org/eclipse/swt/opengl/examples/TextureTab.java	18a9ff8c70afeafc395489b014ea7ec451c03590bc601e5655c38d9f9ed7be4e	18a9ff8c70afeafc395489b014ea7ec451c03590bc601e5655c38d9f9ed7be4e	8f1f45d1ca13247eedc22591a4af4d2b0eed03e0ed0dc4234649674ddd17aa82	107	false
examples/org.eclipse.swt.opengl.examples/src/org/eclipse/swt/opengl/examples/TransparencyTab.java	03a8da69d9d785634c09204212171312b634f9655f45af32ce4b2117e1ad05e9	6c560b76b7addc6bb0bb93174fd0888998db2bc0dadef0f88d5427b5117de2e2	47ec4e99082477402354aa1871a399e98d0f6c007feabe0b8401277a66a1850d	113	true
examples/org.eclipse.swt.snippets/src/org/eclipse/swt/snippets/Snippet1.java	e89e796b0ef990ddf698f2dcbd4b1d6e76b3e48eb163bf6756beedbbfaa1a290	3b7f69369e2236c0ee62400308f2863e7bdb809ea3244f397b48969b6b6e8a84	b889187aec180e4fa474b9fe6413ca112a1b96742a526e7662f7fbbf24400611	11	true
examples/org.eclipse.swt.snippets/src/org/eclipse/swt/snippets/Snippet10.java	837c6c3199878e7ef2fb5ebf04eec3518d4fb1fd527dc30467b6261015160187	09ad79659f9229eb4286be4422846f61d2e049ec71e859ec9655a59b10424b86	285da952debdbe3207acc633c8738b215c3564b214836a2e95930a4ba6bbdac0	39	true
examples/org.eclipse.swt.snippets/src/org/eclipse/swt/snippets/Snippet100.java	e97f0d3f88f98f4a55c281ce62a8198030fa907d874f00bda85c55485f8f9a49	88d449c24ee585fa9ffa464d714c6299562b7c97811852821081439cbf55f9e3	5618ac98c6221dc7d248c3a0bbc9efcbdeec533f257e4fa2005df18ee34f309c	23	true
examples/org.eclipse.swt.snippets/src/org/eclipse/swt/snippets/Snippet101.java	e1827e6068af9ce5857e4a44fcfcd2025394b338e2438c1614a5a43b019aecdf	0b4ac0eab0798699339ac1b88c0dbc46e93887cbea40572ff368f152134bc258	0273d5617fe4e37bdd51098bd2f4ea8cc3c6b98dabe1051440dfe96868bb86b8	23	true
examples/org.eclipse.swt.snippets/src/org/eclipse/swt/snippets/Snippet102.java	c262c6c2efdbfbbf34b1a9282c45b4cde2755a7753e2838f32cd88e8dee71f13	d69905cdb30668162fef83526e871235179b46611add380d29dfdcd89174f501	b01b03d43739cc349c237543a8e3e0abb0522d7db030b33c690a00f6624996d4	28	true
examples/org.eclipse.swt.snippets/src/org/eclipse/swt/snippets/Snippet103.java	bec82271ede13f2fdfdc641212638e28e96901565d8c8f9117a513957cbd3e34	d336c30cab878c648c345783a40d628944d3539d7c8953d03bf4dc4a6c9b2a58	2230c5221e716a267601e1d5468c00588d13e7f74dc96204720d56a1fb09a0aa	45	true
examples/org.eclipse.swt.snippets/src/org/eclipse/swt/snippets/Snippet104.java	8355da92885f44ddc19f5a48cb8802d2b9dc2c6a80c9d38c140bb059dd27b0dd	04bac15be9006403aad19b6c45ad6bc76d04e30ed9b2d65c1142008ab850821b	3cc1f2d38152636357d3636ecc200c36b505d76cbfb2086ca00c87e8aba086e3	61	true
examples/org.eclipse.swt.snippets/src/org/eclipse/swt/snippets/Snippet105.java	8458c3a738670368db62efef7d4711afefe20195393b355047f15e348da7909c	8458c3a738670368db62efef7d4711afefe20195393b355047f15e348da7909c	8576b382c72ea06a1cfe722752c4beb91ba8bcc7a9b80c238621fb00e6ecfae5	4	false
examples/org.eclipse.swt.snippets/src/org/eclipse/swt/snippets/Snippet106.java	51fb8d0ca15e704adf20bc5620864dfa9a98b2ca6abe7eca7121c8a0b1e6bfb3	63bdc0cd8ce5d4ef7aa89396008792ca2c0e580b2542e185dc0547430808de3f	b2aee065d8ae2450d8a6a793a7a19f4689f701ec0483503a933a7e0a18d3fe6b	49	true
examples/org.eclipse.swt.snippets/src/org/eclipse/swt/snippets/Snippet107.java	b3f64d8d11559c386c4f751e5bae665bbd99dd4ddd30d0baa2bd4b0cd9396f63	2d113095734661da81e4e64ddb9fbf86a1346b1731a002538ae91a613f6272f2	1ccef719fe91a13eff34f9d8a09351ba0a8633770a50698b57d76157e1ae30c4	47	true
examples/org.eclipse.swt.snippets/src/org/eclipse/swt/snippets/Snippet108.java	86e34ad5446dc5634e6f52a3d09cb86c7e77aa35779b3306be273c874b3c13b6	1370f6fc3cab768980767bd136800ce0760490cccce8eb97b997de6ed66eaf75	03d0471aac68317bc2fdf5718b0aab6c499eae2d12bf0f51c8dc62ab06115fd1	24	true
examples/org.eclipse.swt.snippets/src/org/eclipse/swt/snippets/Snippet109.java	236909527bf08b95bee553fbab4bbf0c4610f0033758895672a8a17951ff1c8c	0235ccfb244c71841e21c053c87d47179b84c85491b09df92feff0528e9fcfd1	645c9b3c5429309f3c81769801b1afbe93fde184fd71df12511bf1cfca655f72	24	true
examples/org.eclipse.swt.snippets/src/org/eclipse/swt/snippets/Snippet11.java	f92aeef962c5e91407cadbd0e8e156f8e74751fb9675e76a6338687d7e0031dd	efb976435bd330c63bb350443bd565c4e2764194a531f9bb1c3348c3fbf0b178	ee560c2048b6bc7864c4a074037523b8cbf3dbd5dc7bb5f76c01d39f87521351	23	true
examples/org.eclipse.swt.snippets/src/org/eclipse/swt/snippets/Snippet110.java	d0a4a045cc6cb42fa823fabf121538fa504485298fe4c025491a05f9d207ebb7	0dca0109ad6a30a50fea35cd6d0a1b37f56da38402c0f824ea565236c61ebc9a	7528f5082daba354461fa4dd3cf3e1e50caf0e28708b96e75f107ef9ec43074c	65	true
examples/org.eclipse.swt.snippets/src/org/eclipse/swt/snippets/Snippet111.java	71116892d773b14316e1209f1876483298c596400a22b809a58bed27b7339d2d	f6d9f6ca275cb1ab3cdc4722b7469281a2c5eec1a335f345341f8451d10f11e0	e25400a07d49eec115bef1465a4c36532d64118605fb589831aad34c0e5f1846	86	true
examples/org.eclipse.swt.snippets/src/org/eclipse/swt/snippets/Snippet112.java	6e377eeabe11c91665d0d42d4351df2591ee37d664bdd2b7867ce549bdbb46de	122857170efe38eeeb43d78e5c5d0e87736b4ac18f5b47cf9d151f82ae5bd0cb	8f1af066048a6b55204374f38d93a2358eeec25f231d376d910a87e24b6e857a	25	true
examples/org.eclipse.swt.snippets/src/org/eclipse/swt/snippets/Snippet113.java	137c32a8a2301ecc16a52f2b896fdea1c10ad0f9d6b40a654a990948908fedfe	9d55409f287b211493016dd9aa125e62dc49991c35a5ee849dad4bbdcd3135cf	b237b3a6cf6ce7fffbfac00651d31f1563ad592be528333507fdc4abd8a5e6ac	25	true
examples/org.eclipse.swt.snippets/src/org/eclipse/swt/snippets/Snippet114.java	27952acd7cfa4c1e066e091f01ad358d9e8429659146ddc8f4e6a46273eddf75	350632848c7870599e62ed94c7b7afae42f5180f81063bc3e72d869fe8b35e24	812d7bf9a2183cef4e59ede7a5cb1246cc5c3482abe18c8c65af33a8f19d89e3	25	true
examples/org.eclipse.swt.snippets/src/org/eclipse/swt/snippets/Snippet115.java	f58687a78933b9fdbe1e54d63d167571bdab77b8b44cf0ebb12eb9981f2e624b	9e408105c4a5e135f9dd2a12530212f62b3ffc4fd5cbfe19f68154feec58f645	ecb93f750935dfe12674fcc7294947a284b55eee1a67689c124e2ae3372cd3bd	46	true
examples/org.eclipse.swt.snippets/src/org/eclipse/swt/snippets/Snippet116.java	96351f50386747345e2f735cbcd01386c4f3ed9cc64dd24b0e54a16ab52b1dd8	979a2255b9e473f87bd11bda229dba20110575f152388e4123010816fd788806	9ff71af5f4f4059bc31480e26225b98e3af0a5a6927ed6f4553ba70c3d3ea859	27	true
examples/org.eclipse.swt.snippets/src/org/eclipse/swt/snippets/Snippet117.java	c9bd3410795df30c8f0b231d497fea40f717018e5813fad7b2ef2d050170248b	d8346d74adc726eb92ad0b83c8d808cfb5e0a55a9f2a1fb07c719ccffef5e614	4068f51936fcd67abc80dca46dbd4ae240d4352031c9be9382a534166648e117	25	true
examples/org.eclipse.swt.snippets/src/org/eclipse/swt/snippets/Snippet118.java	ad48a15da1060dd06d64a7c353de3f10428e572b9a362c9db786991dce6f509a	2e3c9355831dbe5e5f0ebc68b10f127e155e5c945ee4c38590f1e0a8df2fd8ab	bf0e1af1503ef14ccac72363804776a49dab64de45d5d50fe51e6f2e14093a65	35	true
examples/org.eclipse.swt.snippets/src/org/eclipse/swt/snippets/Snippet119.java	2d8dcf8341e6e2a35b204e48abe49138e276c4ae10f25f3dee6d3aa16c007660	904add0d26baf096df054aaa49f29d54e99055ed95ef79967db79a0010570f6a	13e06d663510de67f921c67db7e1d335730a3e639524b0eb0372282c1a58037c	44	true
examples/org.eclipse.swt.snippets/src/org/eclipse/swt/snippets/Snippet12.java	918c46da189253a590f3e34d40ca4789d6b910a0c6d6219e02dd003a743d690e	70a78654d585cb5759f1719c4dcf701b67b6bcdc76dabcd9b12c92a373aabdfa	a8e26e6e767a50f8272b02b8fb580417b917b1a5dc599c92e82de54339225c5b	25	true
examples/org.eclipse.swt.snippets/src/org/eclipse/swt/snippets/Snippet120.java	e2485b2ec8394caeebcff878e30fb1caf2f5a36b8ad028baf4d49fd8683feaec	08240c423537e9c19d1c0dadd968ec5f30fbcf84711dac696f62b0bd539e96b0	15977908a6a8d31634bbcad2bb8abc9620e32e8ab1de486f06389f7745697bbb	18	true
examples/org.eclipse.swt.snippets/src/org/eclipse/swt/snippets/Snippet121.java	bce542ff75411a58a380aa3c0fcd11c43bddfbd9dbc2d32f65f2b945240ecc57	b4ef419c5f15cb4b160b84522fa9741b045cb46b7a8d604c2a3bbead92e9dd21	c0b5c380ee1ed522498b06074f86909b672be2047563f0138b73af282d730e5e	15	true
examples/org.eclipse.swt.snippets/src/org/eclipse/swt/snippets/Snippet122.java	e6f70e35b6db1658d9d0ab1a571d5c66664aa9b1d13dc8b03d024594656019dd	3748950b7ff00173da6c914f6e783842933b4f9fe917d4a51fc2935b58309245	9ea88346601dddb2eb48ddcaa4c0269113d27e0f460129609a6cc200c0e113ea	49	true
examples/org.eclipse.swt.snippets/src/org/eclipse/swt/snippets/Snippet123.java	15c084bd5ff4b7efe3f467422126dea0d3c3341ea759d0bac5e1a326de8e1101	a26c2503c54f45a21cfe6ec56a0a87695382568ae0cd1fbb49c406f928bb877c	0bf0710064fc7c09615f90fe7a98e4192a7a84fd904249aa65525d3c083f48c0	150	true
examples/org.eclipse.swt.snippets/src/org/eclipse/swt/snippets/Snippet124.java	edfe149956cc9244fb2ae66fd7669e0e90bd6086b3840c38ae749dfcb8a8a1d0	56a5389f9692c5ba35c1f0cd6f5d0e54a0d256a31e2d50c20d743852cee11bf1	4909d54df2073a37041268574cd4389f4f120359901b23dee9c8a94065489087	79	true
examples/org.eclipse.swt.snippets/src/org/eclipse/swt/snippets/Snippet125.java	f666da82313c2fa2f70e200acc31452c05afbf689f66c3ba94a5c8fa52ecc242	ffce42590ecc054a3989afb9232201e0fee94bf240324e931ca4e3108a1c3a27	ecf4000e9f0d32cbe9e313e6634f9cd9c62c2a0c89d12746841727403192c87b	82	true
examples/org.eclipse.swt.snippets/src/org/eclipse/swt/snippets/Snippet126.java	138616703e3dd9d399ec0bdc80915e329dc066678443bd0c9a5514a15be839cf	d3fc7a0ff88f50b19531dac0b2c18994e45f62cce1bdca2ef00bf080d169114b	baac0bdf95f93ef0fc8e03ec4b59d58eb8a187fccc0c03ce8e0bc85e0c2ffb18	52	true
examples/org.eclipse.swt.snippets/src/org/eclipse/swt/snippets/Snippet127.java	726407cd4a61a5bc60885a5d5113abef70275c397d5b9181253750eb9a6a6dac	fe3eb041e180c6dda3f13fcbbfd114f413da4deed9625d983487a5134b50ba2d	2a760f291897b0e1932cb43320ad6ed5dd64e3f1587cb7d5de4bac8987252b9f	25	true
examples/org.eclipse.swt.snippets/src/org/eclipse/swt/snippets/Snippet128.java	6678648c867a7e1f495ac7fe5f9cfcd5fdafa1727246976aa523b8efb687f995	1e8058cfe0defb5053773797efc66fa56dfd0f941103a3ed886714bd1dbd0a2d	d4dc20214ffe3e1886c4ac9ad7c3384c37b599527819073589d4aa0af9684b83	100	true
examples/org.eclipse.swt.snippets/src/org/eclipse/swt/snippets/Snippet129.java	be6074e2e00858d0ec53c816cbe21108b987f5513f9b2dcca31564318c33bd05	367a48ee8c1bdd214fde994435c6eab0ab6509f0b27f06f2144d8a6da2f7dcde	0c757bffbfe67a10d76dda089d73574f8bf47f5522ac67328f5f26baab76ffd6	49	true
examples/org.eclipse.swt.snippets/src/org/eclipse/swt/snippets/Snippet13.java	af8b554fda9b393d211c9cb931c7596972ba014a621aab97a34657cfce2b57c1	a07a4bb0013781f1032e3ec98fed6c4e87b8d65bd16671e43fbc64c2e2286cab	dce4e0501072a00f5a9636037e541777db2d3ca6f7156ffeee0fb7b0317773a8	15	true
examples/org.eclipse.swt.snippets/src/org/eclipse/swt/snippets/Snippet130.java	13611a5c5ce7c8d444b5d10a72043175d52e82bf5da876852d29951d92fe4d0c	23ce60e1838ee1458523b0e9179474054b2688782add1a05d3a317ae54ce0128	1bf2ea3b740d3c1831b24be6b717400d72d220e2474026959154aef441391ad7	59	true
examples/org.eclipse.swt.snippets/src/org/eclipse/swt/snippets/Snippet131.java	c5d3365e59299febce2c53923aa5c1d427efb72ae5ae9138190a0b2e30cedac4	989243e1cf7a67535652dda237a9bc724d68ca29a5f705d82a426fededb934f6	c9b47924d053f9abd00e0a1eb529a7ccdbe41aebf78ebaa00eab4aeb4e02c1d9	28	true
examples/org.eclipse.swt.snippets/src/org/eclipse/swt/snippets/Snippet132.java	d79605e34d645093247535be47a52213c94df1cb98beece7c385beaa20f26509	e98d761f160dc5badc8cf21a796a9119cb918fdbc7d2a2831625b4b2802ca96d	a2716ebfad0b9767300db53c3e8c9f0350683bd6e36301aeb4878314c097c890	47	true
examples/org.eclipse.swt.snippets/src/org/eclipse/swt/snippets/Snippet133.java	f4a1e32fbf46e6b0a94313936b8656a2c1b85e8480665483176a450f35f85e44	96e45d1a01bfdb04522176de9ed6ff2e1fea62c39e92c4d2631b8f4cd55ea094	c31552dc9b57fe373295a92625fea6153660c87f6b662038593c3e0f4d8ff2ab	199	true
examples/org.eclipse.swt.snippets/src/org/eclipse/swt/snippets/Snippet134.java	b3e185489987502660769f4d3ac3451ab2d7d7d0c2ace1682e5b01e04883637f	2a2b3363ed196a20ffc2ccf08efc324d6baead1639c8ea26b9f2c0752d62949b	79ff061be01ab5a8f89827c58636264139fd1ca24d433a6a6ffecb9dbe6cd1ba	60	true
examples/org.eclipse.swt.snippets/src/org/eclipse/swt/snippets/Snippet135.java	31bfb25eb5e6214bafd389e9f14a9a44e3b43413f68e4ed5c94e701b83711ce0	42af3be3e7351ab9ab58472de4e2c777e5c08f123d17593111f22d780e56e40d	858a2cfae0820b0930f5a612576097526384f52c88a56d4ea708291bcd686d4d	228	true
examples/org.eclipse.swt.snippets/src/org/eclipse/swt/snippets/Snippet136.java	1daaaa2202ea7080a2c68efb8d5ca2e333a4b7035296ac7e41bb10ec02b27950	27c68c793a27c06be2bf422f9e8e6b3f600445dd95b3ad3ab750c5e19f26db47	8c16506a2ab6035dae7e9e641f2e0d1c1c8ea74382893ce5941f8af9f1121dc0	28	true
examples/org.eclipse.swt.snippets/src/org/eclipse/swt/snippets/Snippet137.java	0c8eb16f6601721fc8f776e224020a39eecf5edc00cf7139f43544f42b154e54	f8070a564c4ade7bd5270072928ea0e50347fc0e63b1bdb7932ceec129c17f61	019c75cb83c529bda0d6a3cc1bb2ee5cfe0aaa18e9b5564103aa0b5b3c58f550	22	true
examples/org.eclipse.swt.snippets/src/org/eclipse/swt/snippets/Snippet138.java	0ccf0d9ffbcc349f76aad09763b56ee9660dbc5a7b76c21fe0eea3655293d512	6c27973786d3be461ede960113ad57cdfe46625aea665cf933d636dc28d7010b	ec43df4487665b938769a20a379c66eb61ad9d94bddf685ac9465410792ba3bd	28	true
examples/org.eclipse.swt.snippets/src/org/eclipse/swt/snippets/Snippet139.java	c99c7ab939a8e863f1d94ff9e90f415bfad881459acc568e26f201dc28288f87	db39d491b7cd1174c2e77bbb98b0f414e3b07c4142daf0b2f702b9559cf0beab	4113d791389ae8b6cf8f69ccbdb8424465c8a5a9be5199027177d2e9af842f00	103	true
examples/org.eclipse.swt.snippets/src/org/eclipse/swt/snippets/Snippet14.java	a00f9f601995e6d30f1eadc901058776d8848bc2400456d6ae2782186c1d34a3	701468a5ac6406cd2524dd60a6c277108d2e1d3bbf6b02c3b8ddb9a8a384f5de	40ea32d33fe3bf2ee34d4f49d39b82a695b02615b67ce1447cb4a6d09cbfa8a0	15	true
examples/org.eclipse.swt.snippets/src/org/eclipse/swt/snippets/Snippet140.java	c668ff3eaa24e5d42b754dd4d4d4da6d116a1fbdd3f2fa5c7b96b31b1942cdaf	0e6421c49f5eea82c2937f09c65aec7abd8f91caf9fb7ad1db7ead11d23c89b0	3e2ca07441a36d3e26a26c495a6d3cb6d830d5a15a179d08977400c3f6cbb473	71	true
examples/org.eclipse.swt.snippets/src/org/eclipse/swt/snippets/Snippet141.java	c9c00d422ca99c4d23f531bb02992ad2ee6eeb74e2ed5ebb286b8d792231d93d	e9745f5802689431a0732d9d5af03f5e3bb3f35f8ab383f4b9b7344c58714ca3	b1cc3773567e4b67ea1ed6618325ceff2bee7c13913b3d367a6283c60169a9d3	98	true
examples/org.eclipse.swt.snippets/src/org/eclipse/swt/snippets/Snippet142.java	db1bd2d40c4e31d2d6b2163d76ce43fd95469a2e1c839c872157e8ba90ba32f7	4a9fa64c4f2464a200b691bc1b922f558df92615dd113f43f899783ab1040b70	1e3d802c5085b0a41b7afa9de69ff5c4b3b8f451a893932abe2f49a27e3c56d1	41	true
examples/org.eclipse.swt.snippets/src/org/eclipse/swt/snippets/Snippet143.java	80d31219b2d7084e26c941cc846a32ac4005f1450e758bb26c2bf57ee2cae96d	bd1a8e7d5d02eefab9234de0fa64ce3b692ae1c7500b9ad9e2a836d98392ef9e	8fd6f34d447c6f0b218b8f8929ffa261670b4fc44b551b908681f13908c74724	45	true
examples/org.eclipse.swt.snippets/src/org/eclipse/swt/snippets/Snippet144.java	50cd0718b2ee6fb14753ae9a3bc60accb32c32471b3caa73146557b856d36206	7b4121ad4ffa4a39f123be448fd3490c910dfcc29bf8d7fc4ab395dd827d424d	b527e22c9109880d4c8175a8c8bd5ff4b1cf5f9a341f81dc548c40ea47f15841	31	true
examples/org.eclipse.swt.snippets/src/org/eclipse/swt/snippets/Snippet145.java	2f7cf6b9bd776e46869df6eda73ac5bffd0e7c9e3e6cc90808e052f776966081	77479094e804328bdb11e5f52d5dd7a39a58cc487163e1e9b845a5104267b8ce	f598b8f91266ad5827f54ec9037f7e982c42268d738d578e559713b885c44530	32	true
examples/org.eclipse.swt.snippets/src/org/eclipse/swt/snippets/Snippet146.java	2cd6aa24024d00809e9cd3c2bd1e41e87e145f58ec44fccd5db54974ff047eb1	7129e2aa9d5eca047f72b62e178fa06894701b52a07ead774950a095f2f1ebd0	805214ea155ffadbb274e4a1f31a9d8536a7f222af61e3146ba86fe735ff4fed	54	true
examples/org.eclipse.swt.snippets/src/org/eclipse/swt/snippets/Snippet147.java	dd4397a926ed0a9c572f25f26fe9932af729cb26f093975e1a3dc439378ed587	bf008ca259acb8e2f0eb0d9cf19fe018c553d6a1a3b4914b446ccb2601cff29a	45d585ce09289519d882e8da5f464d3d78f86bcd4a1de47674848a5528cf3689	27	true
examples/org.eclipse.swt.snippets/src/org/eclipse/swt/snippets/Snippet148.java	3ea4e30bca169b1888a9644ced255d4738431d67686fd7803e771b67bb2197ea	a36e43a1af7da6988b48369f13a52410f1474f363440a1f136b81b3507dd33e1	bf3217daa4aeb22596ee0fbd7ceff52cfbaa72711e7698e7dc0e70f4d944b089	20	true
examples/org.eclipse.swt.snippets/src/org/eclipse/swt/snippets/Snippet149.java	17a9dd00c876882ca480f2aa887239e43914b0619e1c0ec74fbd03d1cb6f7b53	17a9dd00c876882ca480f2aa887239e43914b0619e1c0ec74fbd03d1cb6f7b53	e66b0da487ffdabfe28e7dd6a54aae74d3e0e3a40037cbd216d0d422b6e6b38c	38	false
examples/org.eclipse.swt.snippets/src/org/eclipse/swt/snippets/Snippet15.java	fd6cca8ad20c719b12949e3814a873c96188d8fa9303a0876f085ef24a935928	921d414e443fb236d18499c861a443e0e18b42f6df143963fb178148d69814aa	2e6baecec0d958bfad77be84b0e62d2c6604ea5acaf5f47ccac1b1f7d30bddc8	38	true
examples/org.eclipse.swt.snippets/src/org/eclipse/swt/snippets/Snippet150.java	1a2fcea9ffb703b01e4ea86a4c696044148c090a1077224af1900c956ce49a92	6bf17969d33d4bd10e4b814dd81de03ebb5bb72dabf14b4983ba8b0a9feca5f2	25d45daa92bb1098640ed3caefebf1aefe3716c84c11c30424d3cf135835f9f7	47	true
examples/org.eclipse.swt.snippets/src/org/eclipse/swt/snippets/Snippet151.java	367f24e5a9a3cf17ffe235ee1314f9964481f7d8e41873d46c1efb179d406193	86fa2084c9f3c81fd0d1699413366ed9c857b3d1744ccd290032315be0737cdf	e16f8dfa86f58dbc1e6ba9f99c825be6a952ccd54215ed7692ec294b78a31218	50	true
examples/org.eclipse.swt.snippets/src/org/eclipse/swt/snippets/Snippet152.java	16c6ffecb6f4e0f13ba7b382ecaf24e9407dfc584aa44cd95a5b6611873f7626	4bf7c0007649eb6dd7366af896c137db00e2924394f63d4df354f60c32a1c102	988fe27da4edf2f84d17ff31344f396cf230f01438734b0e4b72f82b36eae81d	64	true
examples/org.eclipse.swt.snippets/src/org/eclipse/swt/snippets/Snippet153.java	3c4a3dc754ef9054a032dbe30b76b335e4583bc26bc7c8aaae142eec2523c043	d0dc3e8df5886e36261fd5f42bc2265e018d3b20a32423382b298eb178475af9	a5ec8899bb86eeaeb3ab5395650370df5b8f53d3f1e802f21c8291196f633c56	54	true
examples/org.eclipse.swt.snippets/src/org/eclipse/swt/snippets/Snippet154.java	aa32a34a51b5910db2a7095cb7ec1b5b490297748e8ce142f046b1a425a09b1b	00a10cad2e0657b2d00994b3df4ad760b33156e69b46a4ad859ba1de51503fcc	267a1ac1e9d97e1056cba0c1a7d64cff61a1f11dc545116435f776332db3640a	50	true
examples/org.eclipse.swt.snippets/src/org/eclipse/swt/snippets/Snippet155.java	2b1d312a9f19b3b7ca8d483b76c01dde5d683e574d4678e10cf32550385e3487	1e67680ad25fdbbe7fde2a4b97648921942f199d6b0ac92a24e41852c833a749	c28bf48b6c41b4468afa6a4ca76fceedf898154b6a9b10f31047a1eebe559e78	20	true
examples/org.eclipse.swt.snippets/src/org/eclipse/swt/snippets/Snippet156.java	92defa7ff8dbb865147acaa17f32a8ab9aad96099f90b19a92321fcd4a1ed3bb	0c0faf0001b88be42cab91ac10b3805efc8b9d9cf23f3bead169944892d06689	8cae61d631f32aad8fb8eba55b35c930f24324071bc70c73bff5fc44aa40fb32	174	true
examples/org.eclipse.swt.snippets/src/org/eclipse/swt/snippets/Snippet159.java	90e85b85db9e95b180c7abe3ec6e690d5735f1be55be7ba0c2845b8f74b013f8	ebdf3630aefd407989859ab93c5b944dc9e8df5266f5dd2dc32ef41d0e808481	b48f2ace68fc12af12b89b788ddc9eecb9775bfce684b8c08656bdc89880bc93	32	true
examples/org.eclipse.swt.snippets/src/org/eclipse/swt/snippets/Snippet16.java	67ab365956d604e1eafd98fb17d958bf2af0072bd075664f43b28f370238a378	cabc987f0e98c0aca5cd13c94d623446b20c78303868ab89380b4da4f05456ab	50dc03251c7c196ec2d6fb84aa26594b5843918bb330b6412487806a85ce2c50	27	true
examples/org.eclipse.swt.snippets/src/org/eclipse/swt/snippets/Snippet160.java	677ca1f3cf30c37fff6248917be72eb253ecafab0bcf38a9ea838d052e2c6205	07cab00105e44f59574f97f7d069a479fc417c882a2a54d9f86dc9c69871697f	87dc5f390c5a110750b266d0c44d3a6992d7d1c9f3fe419046e00800305952ab	31	true
examples/org.eclipse.swt.snippets/src/org/eclipse/swt/snippets/Snippet161.java	dc665dd79528fdcb6421150cfee77707254b93c47d2044d81ccc0080690172ff	7b17960af807254cf1ead561811001ae1963e4355547dc2af5f59440fd509bd1	cd6a6ec14714301c2e3540fe245599384c08d4b676f12924d30a383f2f121f49	34	true
examples/org.eclipse.swt.snippets/src/org/eclipse/swt/snippets/Snippet162.java	00c5f3dc3b3103427f3568032015f4b4795568673c25ec5b3c2421ac019b5924	f5f370fd0daa154d7f35582c17c32055ae4c1ac382c065c1e9b038dc97a64830	f42960b284ea71f8b35a27dee3496f7070ffae0f8024948f1513a1bef35319ea	51	true
examples/org.eclipse.swt.snippets/src/org/eclipse/swt/snippets/Snippet163.java	6fc2e6340d3ea156d661739fdaa61039ae05d7f84926f15718b661ba100a9662	7355333cf4d89e0e572385f0fc0923a86a7c9b26c4e28191d5db06859a4930ee	b2babad623f3531bab47d5065a30ae1c2a2e80b91b332dd51cb3d2495c84961a	30	true
examples/org.eclipse.swt.snippets/src/org/eclipse/swt/snippets/Snippet164.java	2bab43f143057468fcfdbb903e55738a9945944611a8fa7b2b577f8661f4a6d4	a2023ca3404d24fe9f9774923d0f97bfb4f9c36cb7e8ce199931db114cdf62a7	14e7e841594dbe13306afc608e4d999d3899bf215747d945a75fa2782dc0474c	22	true
examples/org.eclipse.swt.snippets/src/org/eclipse/swt/snippets/Snippet165.java	0974a59510b3717f162a7415b33b5a2fca2d7ec20106e54609f497bba6888ee9	841675c605692e41ae51f9fcb638a861d1fdd11ad5312b8f191c06aacdcf10e2	3c9797ca5e3bd2818e4033d3f00c14ba751da6f56dec515071e5220b15f07b29	51	true
examples/org.eclipse.swt.snippets/src/org/eclipse/swt/snippets/Snippet166.java	f46b8cdd46b5fd3f7d50c8b85f1311cd9e1542fe80584d204fa4dd7a0e2079b6	78373114b146be407bd16d8e4c7d6755f11169fd9ede1c523475fdd70c57cc13	420ac314c37df333766203367f25f17dde5a4e6ddb8950232ff12a29bf96b5da	41	true
examples/org.eclipse.swt.snippets/src/org/eclipse/swt/snippets/Snippet167.java	70a0eed639ca0178a08b741b5e87620056c4a4d3dca52d614b7a70522790adc3	247f4d20ad95c3fcb1d27ae22dd9cf7bb1faf1e7f59d6ea9efa57c52d1a8c5ed	2c72a1c096ba3cd2d2e37438e7bc53568b53bf42ddf86a3ad8f86a69b7042f68	41	true
examples/org.eclipse.swt.snippets/src/org/eclipse/swt/snippets/Snippet168.java	845c1954114671f86d4f6fb03b2c1ed3ff6152d45608f4403c414f35700b4059	e15d1af4e3b3ccf6324936d4cfec01d392907f2428c8c2c68557ccd6ccd64eab	a33d9767ccedc3c5a625cadd18596ed24afa77facee6864f2cd9b192651f64dd	29	true
examples/org.eclipse.swt.snippets/src/org/eclipse/swt/snippets/Snippet169.java	67f44bfd313c2e1a2077f4c91346b92e5dc3e2d801523086e9d02a90d077e82e	405d2dc8e9d09ecfa803104a2ddd893cf5ef430cdf069233eda23dd2e12baad7	8ae5627f15c9a03f39d87c7c897d239df66fb84efb2b1a66c11dfd685c5442e3	32	true
examples/org.eclipse.swt.snippets/src/org/eclipse/swt/snippets/Snippet17.java	12ab0bff393cb1e77e5e87aeba97eb5b49f846a66a62d9438cc68994086660fe	0f7377ef88379e713539a758c7e543ba110fd3296725af354f250e774cfa2cba	e300d4a628f91f9fa6f74e0f2489862efb4b6a5f43db04a9c95d2d27ccfe52fe	41	true
examples/org.eclipse.swt.snippets/src/org/eclipse/swt/snippets/Snippet170.java	b6939ff33d64b616d1119763127bc893f329911ba033240638b15d0b832aaa09	b6939ff33d64b616d1119763127bc893f329911ba033240638b15d0b832aaa09	7fa5a15dfe9ce40fb6b82fd2b508e838f2502af8fbfe33230b6b8fe05b2af8e6	42	false
examples/org.eclipse.swt.snippets/src/org/eclipse/swt/snippets/Snippet171.java	591abaa8e34bf19a9a85c34560d532be870d3bbbb089fdde722613f79dfb0a9a	446329fdfe14a21b8e29b05d56eeb8d42ecd413ceb8b4a07876f684229e5bf8f	527ca6c053871a65590d40fb8827a2c27bb5c04886e509703f00cf781a94e2e2	173	true
examples/org.eclipse.swt.snippets/src/org/eclipse/swt/snippets/Snippet172.java	83a160023d648b75abc0e61ef4ac97c763b4ed6f924a9a9a12c874e5ecdbf91c	bfecfc6fdb60888b0908813865308ffae5e73825aedf55ec665cabba68ffafb0	bcab35dda06e9eccee77316fa5295db8bf3f747183b5c8da84f8f34bf1358202	61	true
examples/org.eclipse.swt.snippets/src/org/eclipse/swt/snippets/Snippet173.java	2b4211ca21bc35e53c6e5b34e62f02b8ad8d770acd6ea4dcc8fcc02f423a2ade	7f86e50ac42460ebcabadb6b58372d4bd2c3d1fd84336f931682a0d16a69270b	7051e0f9151599e24f8c1b917da4b5bc21a5dfe6155de134ff4c95fb92b7b694	58	true
examples/org.eclipse.swt.snippets/src/org/eclipse/swt/snippets/Snippet174.java	c672e66d9dbd3613f3a4322e91eef13d38cf03db5250fd76a6d4ab92822dde3b	8d34575f2b8c0b0c95eea5227275ef98b10ffdbe3c21198a1354d5a7772dcc81	65052fc2f8e5822de0d4d342419ce9a816367553b42fde51ea023ad504f18842	57	true
examples/org.eclipse.swt.snippets/src/org/eclipse/swt/snippets/Snippet175.java	8641f6660e87a02327f722e8e49d352ca5a9acf28643e7fc1808fbff869e188f	bc8577178885b0df8cbdb76445ecd15d1b8eec1a67cc7746822dfa1c1a908f96	a85d7a949a315397ffbe3068e7f399729fdeeb18fa1736acfd4926935f43beef	38	true
examples/org.eclipse.swt.snippets/src/org/eclipse/swt/snippets/Snippet176.java	2e82de696b4371a6901d65fefcd7c1fdabcf8d2ada119ab20769429b64bb9c6b	7b80a8672661e9184a9c7226ef0fa5942dd24f1b1f4925fbf4bba8f7eb2081c3	d30833272c8d67c4d7eb10c830ae880c1e3601a753526da68515a5c122aea56c	39	true
examples/org.eclipse.swt.snippets/src/org/eclipse/swt/snippets/Snippet177.java	eaed9542560613dd4428a4d0cb91016063c455d43dc8fe281c2351b88d36557d	402b95c757ad551bbb6288d962adf1acdeb0f827dbf18e7d9fac507cc2fe8428	07aaa16fabd69dc98fc75ccb0f71e7b3b9990c6ec92b9c18e207e6f9c0545e16	39	true
examples/org.eclipse.swt.snippets/src/org/eclipse/swt/snippets/Snippet179.java	3004c628726d6fbe9e6dbc4c2eda89668e5dfa319766b1e98b5ea89d5a382d88	8d20bdc020bdbb0e09597c4e11ef22dd3cdeb2f956e8b1a78e911944ce9b90b1	e7279078338d1611890342ac3a6d57461924f9de55d8b0248d71483ff3a55fdf	128	true
examples/org.eclipse.swt.snippets/src/org/eclipse/swt/snippets/Snippet18.java	dc5105584e82c13543b0109e84335035289edb03c5eec41355bd54fdd9ab6e04	2ebb7624e03448b36850748f1c6e8aba83b6900e4aaf5d41bdb169b3463a3c64	feefbbce34904e02d06d8e90306fd3fc2f4ee7fba1eabf5db738a9cba53decb5	21	true
examples/org.eclipse.swt.snippets/src/org/eclipse/swt/snippets/Snippet180.java	df04454231729a37cde2c9dc6316ededc1558315036dccf8a79f5096bdc395f2	3d38b420f5e454425a3c99535fa2542dbf8ca4ef068dbd3e04a6bf3400f1a77c	7a36b3d023292e38f32e58cd86ceb7f2611e4d8baeb818aec12a5922e095a6fe	36	true
examples/org.eclipse.swt.snippets/src/org/eclipse/swt/snippets/Snippet181.java	f53a840b984d234f7a8e07fca5dad633d92f40864cecf45e305074694f5f74a4	bf46fe5845718310fb9d6a9aa8960283b101567ab002bd4578a7397266aa8681	01aa3f834e89ce17112ea10a3b570cd950e111dabac1ea4575906c4c897d1d1b	52	true
examples/org.eclipse.swt.snippets/src/org/eclipse/swt/snippets/Snippet182.java	7484f9a60ebe199ea2f67036636df51c43560c6aa2d86bf8e7138c3506b425b9	a831a1912e999128045894e500c4a98430782f8bb161fbbfd2fc49dbf62c6592	4d0508bb2c686a0685d0d9e2f46f978352c5fcaaa925d1c40ace4aa23e491246	30	true
examples/org.eclipse.swt.snippets/src/org/eclipse/swt/snippets/Snippet183.java	20b15e105ef22053e05d52bef9eefa0daa9100d6cea7cb46a30173d6312476cd	d4b09581fcaac2338041be260877988717239c9a867c5ed09e8ed6b55f698fed	ca4d7f030cfad6374a278a7fa6cf8b63c306d912d4ff331f6a465bc098346467	18	true
examples/org.eclipse.swt.snippets/src/org/eclipse/swt/snippets/Snippet184.java	e9487099de9c174dece2ad1e8ddc8abf29b4d195d2011ff29b377f9e3ff65a18	efbb1a98c0d07bfc1bae9d7490e4e45c970afa81ef7d21706ac30303a9d1328c	b58e08d620ca1d958cff463e63ad3d4ce42a41b4e98ec4b0fb7e31bef61a35fb	21	true
examples/org.eclipse.swt.snippets/src/org/eclipse/swt/snippets/Snippet185.java	99bdb16fb8d6f48b67f4ce341948fc1bf3b1219d47fbe0e0c704800c47554ea3	745781487ed50581dd6962ed9f06a012122370a52200a7de86eb7189867ddeca	e467f690ecc29dff37936a1ab012fce0208d026b1730e84a21f7abba658c194b	101	true
examples/org.eclipse.swt.snippets/src/org/eclipse/swt/snippets/Snippet186.java	d9ba200958dcacb1bd286b585519a46bd7848212fdbd9a23a7f7dbd9fa6fe055	741a7d3d730b545e5934662ad7930e0e6d6d93baa5e70f26ad5957f347796a8e	bcf1e2b78afad8973bfb4c680484470f8f975aafe1812f9d0cd71a4bc2f256db	121	true
examples/org.eclipse.swt.snippets/src/org/eclipse/swt/snippets/Snippet187.java	1a2f29de446669f4b6a5642d333d93ff8ad9ad4d84d6369b2b565820bd9fbdd8	879ddd249a0eca3a8492c3e0b993d80d97864f29fd6f053ddae3a39717ef678c	b655362386509bee43f5d5b192f9348138762c3cf4446d2a387f1760078a1b66	72	true
examples/org.eclipse.swt.snippets/src/org/eclipse/swt/snippets/Snippet188.java	294d5eaabf3d39cfe1c7f5e0e41151b6ff2aac5dcc3a2d62234327cfb7c363f0	ef83fd28df1a27cd9e489acdcdfc3dec91db1fa27fcce9fab7973afd7f3cdc7b	da7993f21492942a5e9a94f1cf209a8d543f179b6c252c5ef3173f3cd860f082	28	true
examples/org.eclipse.swt.snippets/src/org/eclipse/swt/snippets/Snippet189.java	6dffea701c9eb53623ee85ed17d580051885dcb17029bfc12adb5e424ecacfdb	91dcb4f4240e467991b7e17027be60f00c53b754ddbe2468d427045219a2f715	f6d0c41fd66246edf1f754b049dfa6a0ce6168b429b9ff1426edba3866c19f15	31	true
examples/org.eclipse.swt.snippets/src/org/eclipse/swt/snippets/Snippet19.java	d240234116b55f85a44c77154076bc824ee0d1200c8df185447361c8a01fb2e2	069963c21d4135a54546d6740f6d1b5cfbc9619f65232029a30d7dc7dcd8bd35	c61adb36bd9a05a6bbf72f9ee3b9604dc8be391394013deebf6e60b065a727d8	19	true
examples/org.eclipse.swt.snippets/src/org/eclipse/swt/snippets/Snippet190.java	362e2b6bc2473fed847c747640d1eb054584b9368dbe98ec656277898a34527f	d861689c6b602a4acde079c9f91741505d0b16fb1783cd0e49209ac24ca641d9	6d168c1af1f0915a5e738f30d2ac1f8514d72fb0018642d84f2f8f29df9860c4	24	true
examples/org.eclipse.swt.snippets/src/org/eclipse/swt/snippets/Snippet191.java	36dd3db8669f78a3dd78b8a639441238d0cb982ee3ddc3b8cd0b115bd564c506	c545b151bb8c0ace7de5967e2145bef743ba25453fda2f984873e99ec0e3d7c4	5935cb7fdd30797d43344a3985371e2588bf7ed364d8a6ed57051fe73fc51ad9	43	true
examples/org.eclipse.swt.snippets/src/org/eclipse/swt/snippets/Snippet192.java	b37579f092e67c432965121ea2ee2c945d144c00fca9af65d42b8be884ece2e9	3a7053d01eaf877531eb94321055daeadc92cbbf32e012c926f18764be3a7ed7	390494ccad10175dcec63e96188243e80d20aa6f0720eed2dda7396c65d6c96d	65	true
examples/org.eclipse.swt.snippets/src/org/eclipse/swt/snippets/Snippet193.java	9291100cc412326bb436ce6d022da006960671df8e5e281669c5f6ea4457649c	1d64b692604ab41b40ae8822774aa4a440edd034a45ffd4fc1936460bc1a12db	2e79ddd675cda318bb869d68eb533506b61726f4e0fa043957645ab351b8a256	66	true
examples/org.eclipse.swt.snippets/src/org/eclipse/swt/snippets/Snippet194.java	bd37024e7430bf31b97eaa6426dfcdebd9413d5b92782ff8b3a61e193f82d1d3	ae5879614ee0a45eb9d28fdc04819f0dcf701f59c11dcf8b6cda86354209f019	5eedc0bbdcda4b1424478b9e19de920c56847747a9326aa49c002a09850414f4	53	true
examples/org.eclipse.swt.snippets/src/org/eclipse/swt/snippets/Snippet195.java	4a162ccaeb5787859dd8045fb9fc386dba6512bdc533234048bdb7bf61a80419	089e8c5c7521b50f0fb351ebd4ecbfdca564cd49bbed2b16a80e0f29f5b93df3	39d39abfc5a1d5eeb5620cbf3500f80ae47ff56fd1d3f6b745ab6e6afcaf4c8d	91	true
examples/org.eclipse.swt.snippets/src/org/eclipse/swt/snippets/Snippet196.java	9f98f7afe25bc8a3844646ebea34af569328a93251a5e6b6f4092c22718a25b3	c6c8d918c4861a0f74db04260de20d75663ee5a88fd9b1cfb78a95f86da6693c	7b2120c97adb5886559ac95220c533841c4e1ce75b08b17a03e85da403400e9a	112	true
examples/org.eclipse.swt.snippets/src/org/eclipse/swt/snippets/Snippet197.java	9093355571002ae3c499abd03d80d27f0e72c35d9167d85c55aeee15bd030e18	768f9cd2613399207ce5c3cfbbdaa359573d0136a6cc683ed9a266cc644eb07a	d129ea55be0371ffb96538e78e529c81537d7246814f519c54b2efa960c80f80	27	true
examples/org.eclipse.swt.snippets/src/org/eclipse/swt/snippets/Snippet198.java	879c66fc88cff7394803a9dc1974f1ee02c50ebc33d86992ac1d4437247ad881	17c356d53ba7a1ab8debf3e75b51b3e47aec0b6472653d6881be23d311c29baf	cb19da48d8bf41d97f512e97c16b7ca79133553323ab556bd63c54615b6f9f59	33	true
examples/org.eclipse.swt.snippets/src/org/eclipse/swt/snippets/Snippet199.java	260c6fe59ec3e4a10a760d8f90c77a09ef132194d751f17c96de9a6d3188e98b	ca9dbb102d4d3cde88b0e7e05d4c586759f1eeddf4c5232bda083ed619567199	fc0713aa4a613a0a7fe86e4056366210dfb0034c62ea2375c63320b94f6cfdea	38	true
examples/org.eclipse.swt.snippets/src/org/eclipse/swt/snippets/Snippet2.java	8b76ec81daa05b55dcb5f8feda61af392929a9b9a933da50cb751d38e101588c	9869b65d0b98b1e7fde38d46d1326a8bc2d7b3708d48797ac3f1019a15ff92ec	93d9b3e3a23fb7ccbb60733f07f9ae9f0320932825aebc91024b5410e38f3e22	56	true
examples/org.eclipse.swt.snippets/src/org/eclipse/swt/snippets/Snippet20.java	995627abe0cf57770f56797969b5468e4f68a9ddb7ee002e88363d12111961a0	5203a14082637d7c5899c69448588e34089c5140c3008933cce1cdf6a4babd43	64def19a28b42600a4165394325b554a1e5534cb9fea78ccbdbcd137a20950e3	25	true
examples/org.eclipse.swt.snippets/src/org/eclipse/swt/snippets/Snippet200.java	4bd48328540d28153a1e361779970cca5e9a8dd4f3f291ce225726beac29a40d	6b60d29c78c666e77f3b0ae09185795facd4d87af322a6c335b6164a3259e812	c520921d061c48e96a70f65eb54bcbbda1e5614352b371130a7c03eaba2f5c2a	45	true
examples/org.eclipse.swt.snippets/src/org/eclipse/swt/snippets/Snippet201.java	eab2f98e92c735904a178c75aeb445930cc24233913318664720cccca3ed6ce0	75b271543a604eb9b26749c2e2528309d5bd1447e89b7b516270e82b15e65fff	4d702d1ce18e863a56721d50581972067967d141eab4f7f31718d6680463ff6b	37	true
examples/org.eclipse.swt.snippets/src/org/eclipse/swt/snippets/Snippet202.java	e51de22b9407bc1b555e6031e11e423afda4df9b52dbe2fa35d2982ae7943579	0157058d1bdcaa647819897be238a2617b01807c5d46a8e578ee064eebbc2de5	638d650ee70c06ef4f4950008b9a0b38f8e5a819463389e3053c5d9f93b73c6c	27	true
examples/org.eclipse.swt.snippets/src/org/eclipse/swt/snippets/Snippet203.java	88ab40790d93b57af89e350d40ef83ea429a7d389fd9198272c3bc1aeeb72ed0	2c740593dd4cb00f3f711f4119acd450178aca0708385716bca1aaa213465f2a	2ea445c6a0864d8e3f0d588c22e026df1ca1381b378732aa77f47fed190fefe5	36	true
examples/org.eclipse.swt.snippets/src/org/eclipse/swt/snippets/Snippet204.java	cf92aefc23e04f4f498c65c07f1d64c7c9ed98f7776d50f1f0c22cdc47fe6a55	6138469f38e4b7ed2403e5a0b9a61ca98640447b1eb9f8831669bef0b7b60553	e051ab8be752e4a4fb5205df1082f9891a27b9bca437459b2e211193188edb80	69	true
examples/org.eclipse.swt.snippets/src/org/eclipse/swt/snippets/Snippet205.java	3152b9ff18b3b49cabf1ba813e9586dd1bf910ab41e574ac7e87dc825793b798	9676ffba9feaa6726d0fc2d870780d59dbc15f2006257b792b9c47cf224f2d19	de6bc824c2f9ace69c600bd27290144e9abe96693b62e01efa53cb6dbde8d149	69	true
examples/org.eclipse.swt.snippets/src/org/eclipse/swt/snippets/Snippet206.java	328c0835eb01987ddebc0d2754167c34216f406f1285c3456d22a3503b58ea94	f00aa0a944edd9a6ec3d689a59ecf30aefd9aa756b1210f562436403a069a60d	02e062598a1c49dae3110dc12a780f79e4649746ff95e531deca4d9194b7f8d7	17	true
examples/org.eclipse.swt.snippets/src/org/eclipse/swt/snippets/Snippet207.java	500c4dc814e9b89f5d15679daa7ecd01584a96f565a611f17710122f2f683b6d	06dbb664263915c81d83a1e639db805e00e9935a1a738d9892eb05d4f554ba97	b525ee0322636bebad1dd2d046a254ea52788a67acb76d1f16b5c6929caf8e19	64	true
examples/org.eclipse.swt.snippets/src/org/eclipse/swt/snippets/Snippet208.java	003a6586efb84b3e820cc360d7329e74558ea4ad66f8d4f5883be268fea59ba1	003a6586efb84b3e820cc360d7329e74558ea4ad66f8d4f5883be268fea59ba1	8411a6fb61f68ade38b60bd214e0d0397ccc29c11d45427ac829c721d9ac95fd	75	false
examples/org.eclipse.swt.snippets/src/org/eclipse/swt/snippets/Snippet209.java	adfdca791ec35323ec8d496d8768667d3b06113e817c21db26353622023d54d4	03f5600103856bd920252cbda2ef6c1667f0c7aae1784a58fbecb11910dc5b64	65f2bab80ec6bee0a94e9b77838ff575601747e89bbf70277a7c5ff6ffe7418b	95	true
examples/org.eclipse.swt.snippets/src/org/eclipse/swt/snippets/Snippet21.java	b60c43cb766e5deac5eed010453f27481a0f23cc6406bd0bb7905afb62490f48	0e13d7e7dfb9d51890de04f52dbee71ab1f7af36e202757134edeba67c5f1aa7	0cffc3f9a34c949d2da9894d876896d041882dd3512ef683e417016b784a50e4	41	true
examples/org.eclipse.swt.snippets/src/org/eclipse/swt/snippets/Snippet210.java	fb5c49b8b5fb5ce2134b83d3209de878ad11e0f3bd24c41a99f99e49f95d03e8	331ed073d48f4729ede5dc53ca69f251bafe883ae716415b705e446ba62d8f4f	6b9909e34dc4c0a00198b67c24fd98ffce21151dbe075793da506d5c65844658	43	true
examples/org.eclipse.swt.snippets/src/org/eclipse/swt/snippets/Snippet211.java	f763027fdd82abcbcea050d8bb5cc2a9320620ba9f44662c8e053968db600182	9820fd0e6e1cdb6c77e8265d891e1e3620e4f26142a19f431cfa4e7d3a519cfa	62cbbacc92dc7deb7532d4cb5811fd7a10a04e9113090356dec76112729ba5c6	49	true
examples/org.eclipse.swt.snippets/src/org/eclipse/swt/snippets/Snippet212.java	f153215c69fa7c1fb3e6902f4ec1382621e008a09be3f5ddad57c267b2952632	9b512e6b56a0b2521ad9705933a7d2926a888142920f1ef9c9da832b11309d90	d00a7beaf7f44e0c8af52609da731ffbeb3f4260e9bb03207c372503cc25f2c7	82	true
examples/org.eclipse.swt.snippets/src/org/eclipse/swt/snippets/Snippet213.java	4833a72a126e73c2be482f1dd36340234a944cdf3644eab5f2e863de9c366301	91c8f058a2131a57b1d7bbda51f87b0170450f45205390317308ff4f0b0787b7	ecd036f22edc1d35fcda2bf2b7a83d3b27f8c35474730033a7fdef00f00d2a4b	20	true
examples/org.eclipse.swt.snippets/src/org/eclipse/swt/snippets/Snippet214.java	c44568d6f21aebf367d13886a0d6d4a26196db6c8501e56b08ec97373fb48e63	e611985f23de5fd1553caf2f7aa8721e55aae408b453f4d4e86d8727a573aefe	ba5c3925b80250543d3be79c7496e5c2940574361b6669b74759d5ca3a1a57b6	49	true
examples/org.eclipse.swt.snippets/src/org/eclipse/swt/snippets/Snippet215.java	2c7e43c4c2ccea23c45908661af33cbd6e8fc148959a9f53e01d2aceb69d05d0	7c356d5db4c744def097e0d6beecce25b4f5b4e9b5648904e23c3ffc5555dae6	ea6cd56f261bd3204333a2ca3e333679b23ae5fee836bd6e9c1e18be447155f9	33	true
examples/org.eclipse.swt.snippets/src/org/eclipse/swt/snippets/Snippet216.java	54405966404b63627ef36b4e1f7a147a5f045f2fe98572e77f6958b7f2fd6545	f9e9cef06cca7132ce805f49ed86ba02036e42bf44ca5bfae0b2bdd3d5dcc50d	fe6964b7c2ebe7fd1b7355dc69886d486dbbdd1eebb04688a4a40ec6b7a6f4c6	45	true
examples/org.eclipse.swt.snippets/src/org/eclipse/swt/snippets/Snippet217.java	73872520c856068229680d229870472632797af92c87d0c9f1ac3e963cd04f56	e57ee47a6cf9aefab41395d2b1f25d1f154410f5dce8fd76d6530c7549832db5	320a98327efe36cb236241f85ab86e95e2208810f9829a7efdeeae383eabef70	66	true
examples/org.eclipse.swt.snippets/src/org/eclipse/swt/snippets/Snippet218.java	d83c068ecccf62da529e0dd071eb32b2334a7d50cdacdc03d09d6c2b89737a0a	f46d3f3171da4091ab83f7ac3905251e1f8289f7c243400bc67da059b31e928f	bb73b1de6fad727cc938bdf2192d53a176d0c178a326e4dc5b12897078c05323	37	true
examples/org.eclipse.swt.snippets/src/org/eclipse/swt/snippets/Snippet219.java	9bf045e4c7e9bf0245e608ed97c095892d53ab8a1e3e9cc3d711f136589d0fd7	1733336c4601de8486fd5bbb731fac3755d940d35c4f78bf1486b1b7eb3791e5	6f6054a9a8c672c3cfda6e330994a98dd12c421b6603e5e33855dd09dc18c7c2	73	true
examples/org.eclipse.swt.snippets/src/org/eclipse/swt/snippets/Snippet22.java	35cd643882a4299a5fe9507bd69978635c9f19506056ee366788bc43fb352050	2584d136a4e4f8532cb61516943457da3d7a065cd716fcb000e0c94f0b476cfd	566dfa5a31c1404a5cad3c7dd9d3d49909587f1520d9a1ddd9780693df996896	17	true
examples/org.eclipse.swt.snippets/src/org/eclipse/swt/snippets/Snippet220.java	a719349aa36c7ea0928bfa6a94c77ffd377cbd05aaf7df1b0f769b925ee976bd	f22a9cfe9b1db1df2e91be359a54f797ab2df192e9cc95522857d13a94c00ada	f9a1b49cde84f8ca206ecfd1b2c7ce00fe09dde6c410647a78fb16d0d956ccc6	54	true
examples/org.eclipse.swt.snippets/src/org/eclipse/swt/snippets/Snippet221.java	abb3cec29aa115d48459a5b9ac5456176d338a7cdfed20a7e941f6645bce4727	f0bc7fc9536b67fc8b16864f1e25f7f70358f659b27f6d9f6e2d6a2c63f400f5	ab3f5d1b69cb3436c456a5c3b4fa3b1875d2a8a4631226634b835b730a6202de	131	true
examples/org.eclipse.swt.snippets/src/org/eclipse/swt/snippets/Snippet222.java	9df0553a9f8ebb4b8c67223bc14eea3046f631645d4e81481698c0a0aedb0457	5f312ba46197130479aa4c127aaf135a7367b7065a6ad5b95cd0b687959c5b2c	bba9044320686429cfa009227876da45201201f5cd8f6134b8beb84feb6ec188	80	true
examples/org.eclipse.swt.snippets/src/org/eclipse/swt/snippets/Snippet223.java	0185c04b7c21d4232679d17bab7667ca8c5050bd54e5d3e1fbf3b1cf19e86031	0185c04b7c21d4232679d17bab7667ca8c5050bd54e5d3e1fbf3b1cf19e86031	2a60f9ecd4f2795849b30fe029ce345282cee148b9b13577e197054a22e45e54	81	false
examples/org.eclipse.swt.snippets/src/org/eclipse/swt/snippets/Snippet224.java	bad10b883d71434d94a2213cbadcc1e2004aedb5b44736435abe00de543b252e	04f53e4cadf9ffba5666058f703d957ac53b05eb393305b97790bed8065b18c4	99bd2371492195496736b8025bb1040b1168e0f60ecccb11e9c5b8efb563c3fd	34	true
examples/org.eclipse.swt.snippets/src/org/eclipse/swt/snippets/Snippet225.java	4fc0ca1be702838db25e2d912fb446c78a74059b6ae24b783d73eb4ea994d874	b898d7f6c91623d0015f761a45d830b7747c024c60db11ac2260b3b650af5d98	a05d0dcf5bd12ea0fc7655d20603707afe95b56e9f08ef25cadf792ea00e0fc1	35	true
examples/org.eclipse.swt.snippets/src/org/eclipse/swt/snippets/Snippet226.java	d563c279dc0c777463e62da7ae3ac5ecb2c611b4add7ed2792ae8364cbfba411	669d98df52230b76eaeac2d5e6d67172a93e85ace0fbf6b9ddb5863d43ecefca	dc830f6bbbaa4b056fd5610eebe57f5dc1bea5e839735e1b1e87acd4e4cb4ffc	94	true
examples/org.eclipse.swt.snippets/src/org/eclipse/swt/snippets/Snippet227.java	a02e00f58c8a8c247594e325f5d0d36e6fbb4cfaa1d04746608898cdc1b90977	a5d76be3f62de0df862c253b727ef888e9c34c7dcc8e4be6d9ebadff1744774a	7bcbf90bd00957211ebfc1b299f89591fcf68328083ee0388ceb12ff7c3f0ed2	98	true
examples/org.eclipse.swt.snippets/src/org/eclipse/swt/snippets/Snippet228.java	a8c6a80f9f1c1a1738f112ebc6d033b2e62d9c157bf9b70dae9c1980855d3471	bb018fb0deb51fc39b770c063a3a4c2ba259669805921f02abbbb18ee22815b0	a0f7fd76b86c14a2585c616871b70d67983ff2b394de3a315e1329bc25758965	50	true
examples/org.eclipse.swt.snippets/src/org/eclipse/swt/snippets/Snippet229.java	f6479f3eacd582080f13b04df81387bb1a4c33479e9c4c17cd2d27c55e906675	69e8405d522b33eee824683ba05bc65d94b0720c5f4698da0c29e5b32512bfae	4e239a7db44b8faafb8dcbdd690adfed21028ae00e3e3ba11de9ae8f6a8f0fa2	67	true
examples/org.eclipse.swt.snippets/src/org/eclipse/swt/snippets/Snippet23.java	7fc51e1c4a08ae86958179318a43b0bd90d380cf70b357bad58284f8dbc37fda	56a52e9bf331f7d893406376115f667dcb5630f7ec926fd9cfb80ee4724c30b1	70f8e145ee53b79486fb0f750d080afc1d8f801e2156a3fe1f4813417d54607b	16	true
examples/org.eclipse.swt.snippets/src/org/eclipse/swt/snippets/Snippet230.java	461e98754f9c48418132c43b1fb98ab02e75246d3137127891ce35926236f3a3	690ccf697f8cbe88088ccb772d17113bc7563b918908d247e2b367287f7b165b	bd2973bd5edab9479120564ee714ad1b6badff610f7cb1d8f85de3941e80e459	58	true
examples/org.eclipse.swt.snippets/src/org/eclipse/swt/snippets/Snippet231.java	5bd60814ce444e9d00ad6ca72b4be62227e1c7c9247457e4a3dc7e416fe1c233	7d0f9e8a3df9f1b4efa861173a52f36e9ae7a5e42e3599ebf86b29375c07dd53	36bcbe3067ae2f47096fd531522a1000808e0401fefa45c2e5ba28f8167fa78b	64	true
examples/org.eclipse.swt.snippets/src/org/eclipse/swt/snippets/Snippet232.java	578f0066d9a52605468b012a7d8d2c4d1522e9e21094cd44cab8da6ad667ed91	388ab9595adaace43ecc7547e19e5bc2298b3fd96c0c444ead4860714d18dd1f	86c818ae4e2ed8e1f20737141839fddf4fb9fdbe0c8e4e9f1642df289b6ba901	58	true
examples/org.eclipse.swt.snippets/src/org/eclipse/swt/snippets/Snippet233.java	6ba68675b444095c4a3bf8ae505770d1d1f829442ad50a6b882e5de382c53588	946a54527f2ac4fd6514656e423af4cd0b5c76b2350e31e8204b75a47684c01f	7a1cf8a802889c385b14f792eb936b464b4797e108450aa36f8a3852704f6257	20	true
examples/org.eclipse.swt.snippets/src/org/eclipse/swt/snippets/Snippet234.java	27fb4384a16913f10b11bca10732f8bc008e44c6cdd54698ad0fb39e4ac9c651	97be340e84a84dae3c6decca0c76a01dce15b7cc8af9de3288f79d2934c598fa	0f1e4cab9dae475218ec4c1948c5e3e1d9a9b5479bf8fbcbf0172110a7df30bc	73	true
examples/org.eclipse.swt.snippets/src/org/eclipse/swt/snippets/Snippet235.java	7beab72872eec9bd07de8a0ebf414b060756a70add727e266abc5552e7e55a01	8cce44640574bf5e29066c3ae80d5fc4c9b982fe2c2dfa20c8916ce19e091ff1	7ef530a27e0cc71170a4bb0452a6d6efe0fbb3824a8237d549d9f4c621678be2	46	true
examples/org.eclipse.swt.snippets/src/org/eclipse/swt/snippets/Snippet236.java	1763d8115e294a6693c831c1523837cc868e76b51b6714aadb887f2695a8f066	4bc65f37dc3ffab3346f39c1e7c38db4d27a2dc90e279518121591601e82b83c	d398e24f539294ea35abe8ce72b5fdda7371cf2ff3328a6482abe48c92f7ddc7	44	true
examples/org.eclipse.swt.snippets/src/org/eclipse/swt/snippets/Snippet237.java	115dcc1779dc3aa121e661282fd7eb3af059833f279e5d37db05d7972a7fb8d0	e74af34919ff92a13565792d46c2838b18f2b091cdd4628d5d2f40c05f76b08a	a0032e51266961286a1fb78d7617088cd037b69622a9b0ff524cbe265ccafb69	44	true
examples/org.eclipse.swt.snippets/src/org/eclipse/swt/snippets/Snippet238.java	d29c8a09819f9f366f6b3d5734d468cc64408d8396876d5e70fb133e22788ad4	dba8c2b164a09263b546e1ae1a4ebc0e5cf195c868985404b0eeedd3d44d8dd9	533d336cdef7e131391a3301cd3855224242ddc46f027cd75458bf2408cd9f62	28	true
examples/org.eclipse.swt.snippets/src/org/eclipse/swt/snippets/Snippet239.java	c83d5732b3e531a4caaf811433edf19a8f3723fb8c0a6520f7c87599f32ee255	5aa47d8841bfa37466de1c5936e7f367916047459f21a215115e69149cf5cc31	2199ed9baa2fa33009ca49243f8face607515f87480ef78d064519297ccc98d5	66	true
examples/org.eclipse.swt.snippets/src/org/eclipse/swt/snippets/Snippet24.java	9d976ad244502634e21544956c1299c5a11df59af9ad8f17775070198fa38d59	43ce8c927ed8595993156192c7f2ddc0c63188ed89c20edd47be6bd14763448c	52e374c381e58a634fcb47c18e42e6b8985bdc7f101919c40bed8bb884128fa8	19	true
examples/org.eclipse.swt.snippets/src/org/eclipse/swt/snippets/Snippet240.java	83b4b3de1cb0a6de32a1abaa45bfb0d6f345724f15aa77fa52eb7331df491397	a41c3ff356e1f150a91fa5556c0d6fb15867dfffafb28b77c19acee4bcd27d8f	9fe370db3cdbd38540c3e2ec67a36c2498837585586fc70d193234d163fc98b4	73	true
examples/org.eclipse.swt.snippets/src/org/eclipse/swt/snippets/Snippet241.java	8dd3f39595624bf0a288cf82d922dc182150953d5b7d5ded294d3939a2fe801a	5422b1e2650332ef0c6e83e3b8b09106dc01db1e44337856aa0bb96c3bf2ced5	0f60fd5d8c2620c52fed583fe03268c516e4a81e69d6f505245bc37ed267b660	24	true
examples/org.eclipse.swt.snippets/src/org/eclipse/swt/snippets/Snippet242.java	dc1ef57576a5ee472f5958636bdafb53b5f7378436ed54d33cebdf314c055297	311daeeade9c7d53d184c08078a83dc0cd5d518a57b71ca855f4e5f54177d19d	c15a25d99e8dc6a0abb68347657fcf3da3e91b2c5b9d0e437316186bbb8bdae3	23	true
examples/org.eclipse.swt.snippets/src/org/eclipse/swt/snippets/Snippet243.java	f1fa74b2dbf299c7d3f9e1684004833eff9fa9592b5b10b333949be7c5df1d2c	331ff078e466dda6c4dfa36b3c02e0cffa3a9dc3ed2c5da608ca9356e7f373ee	4562445007be8431a1f422bdaf52e61f7c4315461e726db1f08b13bd8e2fbd5b	20	true
examples/org.eclipse.swt.snippets/src/org/eclipse/swt/snippets/Snippet244.java	fcad483c627b215ba45289cf282a511284b5ca8d29d9bdce9cf2564cd50d9423	97943ec79b269011a53965e9bf9d8a842f9f8fad33bbf1a29f408decc366c1fe	1648783244f08ae212f512086f048ed72632abf53d5d793f848947be5358d9ea	25	true
examples/org.eclipse.swt.snippets/src/org/eclipse/swt/snippets/Snippet245.java	bfb67aaf620f02d4833e95a6f26a209ccefc8a36843e6c4620e35dcff73813c8	91be1d28474ece55711cd9f0472d13b9fef585d3e22face4a819d59572b0e48e	8b0e05754ffb5c69dde48421f634323c4f86449059237297043028ea03597a75	17	true
examples/org.eclipse.swt.snippets/src/org/eclipse/swt/snippets/Snippet246.java	d4d0d0de91cc4afdead18f5d81033e44e3131881c0e0514c0376ab0fe9900581	e2d5285e828abb6d2d41de749f78400bde8585b0915c24161364013171f3dd8d	3bebc05af62bfabb5de776e70154fce7104b9c2043b8000b57177114473026c9	37	true
examples/org.eclipse.swt.snippets/src/org/eclipse/swt/snippets/Snippet247.java	c83e7faa6be139a9e7fcb37b9437e8edbf0c36184d34cc41c139b897ccca3cf9	9b1da994fc4d4807c03d87e64243bb899b717e04e1e13b76935475a33495fc0d	11dcbf4d29485fd5a026988bc64fd79e6aca608455766e3bec581da4327a5cd5	29	true
examples/org.eclipse.swt.snippets/src/org/eclipse/swt/snippets/Snippet248.java	4b4975536cfe144d110ca2c32de38c83d548ca1a3c1edcb05a06d20e7ec163f6	54a66ed45680875918cec4644fbe7c95de85a0052cb64d2609b03c848cd10bad	3a6a1e10a7956373929962755efb14739696c7e00a9375986115905bea4d9a22	24	true
examples/org.eclipse.swt.snippets/src/org/eclipse/swt/snippets/Snippet249.java	15c183a3da64fc2fa4a0d952894776d10dfc024533260aa8d1b810de4e283529	eef4c12bb20f01a23f458d5e096e8f1618483af25779b2f8e9c988fa1fa19fc9	34816996163994b083c58824f6f9c05ef31870dfc0db9783fdc085ecfc866cf4	35	true
examples/org.eclipse.swt.snippets/src/org/eclipse/swt/snippets/Snippet25.java	ebdaace6a526b10a9e3fcd10bc96f747541e11e5e18de72df12ce7111e217704	95dd4ff360a5805158405a7d747126b4fb760460e50d8e4d58cee559289cc543	f4a7f3d86d0d123acfebe49cd6e65c953015467e01d51589876cba946174349f	191	true
examples/org.eclipse.swt.snippets/src/org/eclipse/swt/snippets/Snippet250.java	a2a68d06b0588d21655a7b023e997625401192a0764b389454324d280a2c4036	e8cf8d970a58a61a45cbe30a8be128e1e415c75771bf0aba2f9a35f9b8b90e2b	528ac451d59949354aed7f28a92ab5d17a8e9e5bcb0928955ec9b3f704d15b58	19	true
examples/org.eclipse.swt.snippets/src/org/eclipse/swt/snippets/Snippet251.java	319f94ee2991679353ca3e00c70adcc9ca612f7bb2107f784d65cf129463a432	bd311621860eb266528b5c4e317af7c164d4da264858c788cc2c041f0f48e39e	ee5c24a964c203a4521f7984e525a62c2e31b7c8cd3af0c073b4d4dee8379bd3	36	true
examples/org.eclipse.swt.snippets/src/org/eclipse/swt/snippets/Snippet252.java	0dcd8b2eaa2efccdd282edbf642a232961917156f1d7475705c4506d529d69de	aca2c146b5633ca06da96874b7979db0dee88a7ac2391b257ca7ae8755fa9657	b9b88dd56d96698fee0bf569f783c526aa510ad1d9f2fec4ebd8a2efe2fcc1d0	19	true
examples/org.eclipse.swt.snippets/src/org/eclipse/swt/snippets/Snippet253.java	8ca12ec3dc45faa1411ad2f1eabf5b062f5060d44b7a0414eff94368c584ab78	864ed3bdc824cc177bb14dd33f6ea3816e51cc5739a10f2f11fbaa36a16b2b76	52bade7906c189f11ce04bdc14c0dd4fbc29f258b96b5c42daa213142e67e848	30	true
examples/org.eclipse.swt.snippets/src/org/eclipse/swt/snippets/Snippet254.java	e4fc90a8efb0921c2b07159e100a951438be19a892557a3effa54797d1cc9d42	f7a614a5bfc1189aa7ec31da7ba60d8161520d89cc1ba031d1584c6e1d9c1436	756aed375d09929376564b5a67f073e42c6f8df271615ebe4fb9d84d7b3c44bb	81	true
examples/org.eclipse.swt.snippets/src/org/eclipse/swt/snippets/Snippet256.java	ce398b6eaee58ac24e2dad81b811f4af90315cc5cb8dc210d05bd6c6af586528	5dc8821c027ad566b8eeaa2f60ce2ac8d45efba1b30e3fd10a6a931fc3339774	634a2efc0435d47cf5d025f76c1f84cb814b82862fd5b2e691f991023e6d541e	32	true
examples/org.eclipse.swt.snippets/src/org/eclipse/swt/snippets/Snippet257.java	2e0f75a01625c67f3e3a13b1c35164a13bf5c67773b9846aebbe5d1cc9309a77	54e565491928690b2a21eb1cf475469f0525a73e83790ac9d3195d6b253e420c	3665d0791bcfad62bf238c523b309a378212eb522529b06e2f52b2269ba460c0	76	true
examples/org.eclipse.swt.snippets/src/org/eclipse/swt/snippets/Snippet258.java	6e0e3276f99bf6038b838a1b886c66c339c261aa318b11ba67f492de4cd185e8	b42a7b7050a9a11bc47622fd1200d577b20b41312ecb0cb45b3119d27149fe03	8ad87d5b4a9e4b9c0d86bd285593edb9088008fbb8cecc4e263d51ed6a5fb188	37	true
examples/org.eclipse.swt.snippets/src/org/eclipse/swt/snippets/Snippet259.java	9deb08daa46ec3a00378ad4a3579488f878e5af0e62793c0a0e8b5c4c102d976	fdcd1e5d29603ea378920ded8e7ddfbd7431d263e52822cab980e0cd6ed9cb68	dc1f4daa56bb615d9d79fe030e1621a7ef810311cfdced62442c0044b9597d3b	95	true
examples/org.eclipse.swt.snippets/src/org/eclipse/swt/snippets/Snippet26.java	cf7888115e14c294478f547a32be64c00e636515d5d197acb17ae7acfeafad2d	f0e1473d3d814048360ed92189e4f12403f971096412ca19529c181a2d556ae5	ff8d1570d1f818204e33dde8eda56da1bcc6850fb433620e97034bc6490a4972	16	true
examples/org.eclipse.swt.snippets/src/org/eclipse/swt/snippets/Snippet260.java	c072f04c1a08ae8fbe7dac5d10a753bbb6c51fc4b06290282f49695d5d0f43b9	aa57c87cf218e9791293a102428fabcfb0595cd9e73840a9b16caedf2538156a	58c70b02d5709068b80410e606ec2f8da49624880ab1ab8793338e73cc08d5d2	21	true
examples/org.eclipse.swt.snippets/src/org/eclipse/swt/snippets/Snippet261.java	e7b7b243c576fa017a0cb8af995dbaacbe8586ec587f0093074c76c6276ac479	b074f9f1dd9c499087c8e06e7bd1465d64da90f22e478f9804ac320890fa47cc	f3a10b2e335f925d4ff6a73d5a4c75def47133bead35751a3f80c8e2193821d4	34	true
examples/org.eclipse.swt.snippets/src/org/eclipse/swt/snippets/Snippet262.java	4039105f9cab5107748b0e497f8216e7a682668d18d326c137d37c5ede996fbd	e269730742864b136079753aebbf96c13fd5268a20d27845090a9151262913f5	a26755867b8d04a51c44ccc33cfb8f58401823e11be79e2525365c58532aca94	49	true
examples/org.eclipse.swt.snippets/src/org/eclipse/swt/snippets/Snippet263.java	63e3bd49a432d9ed48acdd778e84e4fed0f05195195889ca9f4a7d07247b6667	94f878d248b32f60b6340c6d9c15c684a916548bfde532970fc2f079c9482eb0	1aab1bd4de6723f4b633d6a384414eec688f1392c79b23d949b770d24d72fd24	34	true
examples/org.eclipse.swt.snippets/src/org/eclipse/swt/snippets/Snippet264.java	2dd3da5c479b31a342d21642811ed305cf1b36aa135a85fac468b233dfaa7b61	cd91e02c32a9bbebf8416f05660713622b230d42e7e5bd15f82d7b39b73b6cdb	31493d72510e40d5cfca4043de4b83a603324497e7565f451b253106e3a35e40	34	true
examples/org.eclipse.swt.snippets/src/org/eclipse/swt/snippets/Snippet265.java	bf33ce1d7cd42aa40d664c6f5a02eb0c1469ea5854e96d07c5084620fd3c1e77	27ac0a4ec0d477b3b165a36e462bb5f87938debdad22ffae79dd76f315b43f9f	4fea20a8834376ccc0946cfd6c7bfc1540858c23c5e8e64335621f585addfc65	54	true
examples/org.eclipse.swt.snippets/src/org/eclipse/swt/snippets/Snippet266.java	40f56f34f1211ecb36a107eea3464844fc862acb5d5616896be9cb8432bf14d0	0aaadbf4e9c71f5cec20ae3a245feafc40a7fbcdd6a401e85d72159092c3fcaf	9044d258fa88c2cd35f368d6e665987244817f1faf21e0f86c99f994f2a01a3b	49	true
examples/org.eclipse.swt.snippets/src/org/eclipse/swt/snippets/Snippet268.java	c01029ae4de871d1109cdbc5feb24d45a222309f7133720664a7d7a748669f23	8190d6dbc2837d30e32f9d57a5b6fc638851c9823cfc63df48decf30d48fd7eb	7aec04bd36b1f473df98713a0df8c35c647db5f2cba7f8e1fd987d9cda36a17e	46	true
examples/org.eclipse.swt.snippets/src/org/eclipse/swt/snippets/Snippet269.java	f9330ca582b3dc4cc70fdc994c47ff432cc78752a7f7bbcdc44051ad473956fd	aeac2ed01c5c8b449ddee1f475928479f703d608dde40ae724c9aed72cf75d63	8ce67817bf54800a1a362ceb0d56018657f3603e744ae61967ba8fdd136f6002	18	true
examples/org.eclipse.swt.snippets/src/org/eclipse/swt/snippets/Snippet27.java	5c2a9615af20a49c363e8b36e30208fd7d50cbb3cd0934093b29cb8de6419be4	52dd732bea8f48bfec898298cc6faa418bc699f8e79f0fd11fd4ca99fb6b9eb9	9657068cec5fd8a45b707ea980dcba6e8748b51b9f4be1c4b1b9158ba99ddaed	12	true
examples/org.eclipse.swt.snippets/src/org/eclipse/swt/snippets/Snippet270.java	56b1b1a26ed02e315c805fb93142c6a8728107d3643116b5de3ca2ba2dd3ea6b	fff7468e67cc8a936652c99c61b1edaaac62b6b3660907db21b3c8d9f0ac46b3	b222a87cd7322944614b522ddab92f5343348a1b036c1132b4f9690b09887006	55	true
examples/org.eclipse.swt.snippets/src/org/eclipse/swt/snippets/Snippet271.java	991cc464c2a9bc66f23aca14ae17035394864f375f2e3c2cb422ab1f8c7fc137	b85861309ced09dd45a0d88af80e58d6a2cc97b9b1b820d2098501f1f229a968	7c2390ce181f8cc2e71f58b82dc250f79493e8722950a781a963172c34f1cc02	25	true
examples/org.eclipse.swt.snippets/src/org/eclipse/swt/snippets/Snippet272.java	fccd90207c11dbe14a77669851afdcfcccc4a490b2e9d069340acc02ab3724f9	4e2029afaba180e974d1b8fc765734b8c319937dc0315321ee2e4c02081b5ccc	8baa72b05510ef90332262c5e626066dcf32a7c5d57b3ded671e39658f18a29b	30	true
examples/org.eclipse.swt.snippets/src/org/eclipse/swt/snippets/Snippet273.java	a2f6d8a6b2b2e6fff92b8478ef16bef183a83a7ffbf560dda1f7cca60fb5a9ed	ec6bc1bc3516c3c2eb5d2d36a39ec4d3497f139825066357ca5fb465bd46885f	ebbe09569790e1840cebfdf19fb9a766b1925064a9cc0628acd9dcbeaf906734	58	true
examples/org.eclipse.swt.snippets/src/org/eclipse/swt/snippets/Snippet274.java	989061079829e700acfa293d4af74d34a204c551d36d9353d0ce453f3be49f97	ddef25bcf4b2299ca09cfbb053ad3e69227508455526ba43db2a65b9102f04e0	918730c892720910cc7a7635e5d314e96a1a87ef0f4ea1b9d15022018d93cd09	68	true
examples/org.eclipse.swt.snippets/src/org/eclipse/swt/snippets/Snippet275.java	c3f5a0f0b4419e3984bf5566fddaf0681d0f4f7e7ef410f5d2ba38ebd38eddc0	826e181d3952e456938983222bffde6f95b105afd47160646e624e6aca9ad37b	ab902778913375fce7ce6cd851cb4877df84877ac639f83d8204cb720b546bb4	36	true
examples/org.eclipse.swt.snippets/src/org/eclipse/swt/snippets/Snippet276.java	1b0a7154688ffe512cf66b3574e1864b14557193358be00ca61bbaaa43780906	4b986ca3c248ba8926a14e8042590c4ef77d963e70d3f7782938a4305c4c9c0f	f4ec7d1cac40a74033f27705db33eaec12802348d8c16481fce42fc271974677	23	true
examples/org.eclipse.swt.snippets/src/org/eclipse/swt/snippets/Snippet278.java	97f537d0073f47f69285f8d4f65435f7e05866113e2203b24db7087011deaeed	126da91f6a81dba849943653982b4370d4547ce532c839752f08c7cc1a16b53f	02aea731ab2151ac0f79db06f54b11f0678fe803f66b5ad19395ec96152113f7	22	true
examples/org.eclipse.swt.snippets/src/org/eclipse/swt/snippets/Snippet279.java	182e4f9a0896c9dcaecdca9e47cd699137bf196b1c1cd8a85dc1da4a8566efa6	9304074fa95de67ffa91024896d86c3bfd8e4080966f4c8857926ed1e0406221	e5a8f42fd1d8503ad818eeeff671d61dc429943970916f82a5202e08941ad8e9	31	true
examples/org.eclipse.swt.snippets/src/org/eclipse/swt/snippets/Snippet28.java	81dac8aebd3217064c2a8a2f6c005c93bb2303cc2dec43921b7322288d65d962	db145eceedacc15b7a66dcebd0c728f085feafe0f38d49ac3cb385aeb75d32ca	fd0d7b56c8f860e78ad45440b5f024eb8bc749579b50cafc73f8c09d3bf12cef	12	true
examples/org.eclipse.swt.snippets/src/org/eclipse/swt/snippets/Snippet280.java	f184933370bde378b6a8c72f75b90ca54dd39e74fd947ffd1f8e4d2cde32feb0	9d78f2ae55c17885f2ab472f31676d85bbe281576abb7d5fc376009275903b64	46f336ffedccedf2df8332ea83ed26935e2eef087d203000aa164917cdc9f894	27	true
examples/org.eclipse.swt.snippets/src/org/eclipse/swt/snippets/Snippet281.java	fa8ecb58b83a13623ffd35e578958fb6e7801b2ac507b23e8fd62081e3a938c7	23e8fa8756d75c630cc4aa7d687c17a49679f4205464a41e4b7a44a309143a7f	a93a741c39d87622444a2f0296ba1103efd1d33abcf24c814000985f3f045c14	29	true
examples/org.eclipse.swt.snippets/src/org/eclipse/swt/snippets/Snippet282.java	91160d05b2a0bf2a796a04bc30ac5d2c154397ba753097cf8fd8d39d9560ac6a	d181109551440ed510fb6845c0fb62342d60517541a60d3d7c35ea0a43632333	328677fe4c8d11173cdffdc2fbf7820c3ce74cf90a218d9ca196eb41173eb5f4	87	true
examples/org.eclipse.swt.snippets/src/org/eclipse/swt/snippets/Snippet283.java	42df218393c344082c89f8ac40b61f91c9ead7bfd8ea8810156a68156bbc7362	7f6400c8b38da7d0da842364dac7938f100aa75c96cb4d4c02eef077d365b02d	0b92ce83792e361792d1cad77f4389c006f1e30d4df467ad491f31a085db109e	85	true
examples/org.eclipse.swt.snippets/src/org/eclipse/swt/snippets/Snippet284.java	43066412d3e18d8b54fe2c26491780b1d4959303f3c1446f842d5f91f537b78b	9fc41ef5e001027fa056c2a30423f0d3ae284540da23c68b8607b5301dfff3d6	d0bb5602d452d30965b37eb78759b42a3c1bfcaf2a3f477253c7f019065e8602	46	true
examples/org.eclipse.swt.snippets/src/org/eclipse/swt/snippets/Snippet285.java	2b2c8434b86303c779b1957cc9c65a5fea1f749bb3f7eb24156060da039ad441	908a96f10f8f732872b93459ec4b34b9b008a7d6b56260d648c191f4f9712a7c	ddca62dc28e2708eb3745f99225ebc14bcb831d84edffb64b0baa214dbc0fa25	90	true
examples/org.eclipse.swt.snippets/src/org/eclipse/swt/snippets/Snippet286.java	091f8ef276540e72bb93e1538d4e203e20dce59f7d801469901844bd5f265c94	6cab663bac37fad549dfa17af311ba4ab6cee40e49a36777913b8a82190aa603	2e2205efd043e595dff2872d00a79ec39c80184df136efa14838abfe56a6ef33	30	true
examples/org.eclipse.swt.snippets/src/org/eclipse/swt/snippets/Snippet287.java	5a5dbd1c4519f9d288f377905aa2c03b9095ac03a87e5eaa0012789413e0be0f	12cd67ec40351e2fc99287d272858d0f927db370f9d8656e06a83bcfb24a53e3	5e79293cb9f874b279bb82b60cdefcd471108831a27ba3eec6aaaa7e4e878472	83	true
examples/org.eclipse.swt.snippets/src/org/eclipse/swt/snippets/Snippet288.java	2865a4f54e1827905e9103a0a8bdadd56fe8c20a7a0d92ed7111c12db523be88	ead0c7f4570936d82e61a6dd58fde04cd349631696f621dac9ea974e3117dc88	2c3f63704b0f037494a4aa36d7e942c00f1e637d01d0f5cb006518123e5e512f	137	true
examples/org.eclipse.swt.snippets/src/org/eclipse/swt/snippets/Snippet289.java	da283c13693bbb175d9f91dd7a9cda5e514182c863e7d92dd5341e194a586248	17c1e77631d633fd9702c929fa0a2d6c0688083a0eb8a474d12cd7ffea7f632c	2fa8cb902cc1dcf408033ebe6768b27a7758a55eaeb885cd551683ed38ad99e7	40	true
examples/org.eclipse.swt.snippets/src/org/eclipse/swt/snippets/Snippet29.java	94f7ad385107c4d66213b00a2bf612b310d2a9ece5fcce3fffe5ddd3d25ac4f0	5e82a1b46575581cb447c761a0dc05ac94463af7a7da7d6247d3c599c38b6a78	07d12c96d844bf82d3e8d2c58dd8421815e762fb865ccae14242b8cc35146534	22	true
examples/org.eclipse.swt.snippets/src/org/eclipse/swt/snippets/Snippet290.java	2a1bf02446f42abdfc3c80329df293afb988140462a2b76ac0f87847f2fcbb49	593690b6270178e7552dac8f7f9f6e9e460803b43fba10b7eda983d1855561a0	8aa88a105bd1a4292d3dd5d401a6c149a354d6c21073bcc6de47cb3a22b8aaa8	19	true
examples/org.eclipse.swt.snippets/src/org/eclipse/swt/snippets/Snippet291.java	be9ee04d2ee5eb73d3aee2e7571e4c3fd55538d7e5e6fe0009bd115cbc49b506	2f3b3932e75671abe0a81c95b6b5e8aa06524c93c95da72341c6a1973e7b0943	b94050ce781d3a1024583d37dd889481a52ebecc4275095de0f38fc2b5c4424a	36	true
examples/org.eclipse.swt.snippets/src/org/eclipse/swt/snippets/Snippet292.java	35ba19e1fe03a7504d72fc73e2192c00fd51ae1e8a2c48dcc79ab8cd05d0ac93	3d0a6e30549235dbbe73ae78c9b3b43238ce4053359ae226715179957876e908	1a4e48e04246a72c0812fcbee5b0d3ca4a1133001ded1689d704a2cc0d3727ab	64	true
examples/org.eclipse.swt.snippets/src/org/eclipse/swt/snippets/Snippet293.java	dfdc6ae3ce4986fa2dec26872f0a2ab861b3e1e0a094b19ea16285bdc51cfe3f	763b1b443c7f0b4d18bc65055c32bf1a7eb581c2921d51f95d263b5754eeb7f9	74260b5b913a97192167c92a3e51726987b931ae0c73c0f7c8b3d4b4c8b77067	23	true
examples/org.eclipse.swt.snippets/src/org/eclipse/swt/snippets/Snippet294.java	cadb38287711ad62f049202a706e999a5aae3cda1f02e00bd31ea04a0852639e	226bb025296c5b44e1d876ce16e01230d3669920a3d1e02f2c598c9ff8f9ba90	f47acb61a44ca326e81e6fc6ffc2912bbbc6923e4a178117f7b1f4659e4fc035	37	true
examples/org.eclipse.swt.snippets/src/org/eclipse/swt/snippets/Snippet295.java	6772a493acf58bfa3b8d83e226753a9549b66e0991d7b02821d31ca6df485669	dd0d7b0d92f6224ed5d722495b4f1b4cecba2be24b36a4461ca9342d3702b737	f54e6f7385ba02980b4b577d29424d816f687f39c3440cac8c9f80c760f9b6e1	64	true
examples/org.eclipse.swt.snippets/src/org/eclipse/swt/snippets/Snippet296.java	def3170ff6424546f21bc0dba6d9675be254fcae73f022fc73691def55b6e317	91d180f3618cdcbfc4d32a2131071160d121505a94b902b4840d83eb8f73c097	399b5ff3196ad72dead6b38d9b49a8382b339557411394b932d8ac8588e990aa	61	true
examples/org.eclipse.swt.snippets/src/org/eclipse/swt/snippets/Snippet297.java	3dadd3a600b2633754c1d2c3c1b0bdd1021be5c579cba0c4caacb153e328c9e2	7b8927a93831af507d25eba165e3ab4da12e8e5ecf3894bf558d8f380f16ac08	1c5d2e816dca13980d5da1ad25f5926f13405b1f0915f5517ee8b60fb048f86a	44	true
examples/org.eclipse.swt.snippets/src/org/eclipse/swt/snippets/Snippet298.java	763bc50c039b178e032456475c3dd8fadf42f093229416f887b5b772fe91422f	c99b8c905971de73993db7b4435421ba80dd93cd33c9cd5f1be18abd38c0a2de	96b791cafae920f07cc0e4217d1feb9374581741bbbdb244a009de5ee5516045	29	true
examples/org.eclipse.swt.snippets/src/org/eclipse/swt/snippets/Snippet299.java	dfef42a4f1357ae2550122b6f96322c4d4fdfaf4a4fc2a8c3fd164da1e4b1595	cf69867853e12035a46ccc32966260ab14203d0df931e8355daa2098803c5622	e2e10ac937b86a98dbbaeffc26b4e4e6cb063ebcfc36977283e665351dd5b89a	25	true
examples/org.eclipse.swt.snippets/src/org/eclipse/swt/snippets/Snippet3.java	38ec6b7fd68d413dc8addd0d308eddb3419ff0e57c61e95d37936b33e18c0f94	843b4143fd1715d24c2de267ff80defe137ac210926225d12872b82d1aa61751	58e32a2f3cfabcc2a301a5a5e06cce86968b8b0f3059fceee5c419230e2bf949	57	true
examples/org.eclipse.swt.snippets/src/org/eclipse/swt/snippets/Snippet30.java	7be409c496d7b74d2c146fd6ff9975036e68b9634d7920c9d6de28980fbad634	a119aba19002a1e998c3784fd8b4c0825440e88de71f05d2a0ffd2179a05a3a3	cfc87b352e72b06a2bb0e2c6878a03f1a3993672c59662dfd60d258faaefa887	7	true
examples/org.eclipse.swt.snippets/src/org/eclipse/swt/snippets/Snippet300.java	57d5679f4c91b2f8a46dc89395c6e96ed5082b74d02c8f8bd7e2e02e341b0c1c	ee3c094403e7669999088e1f58f2c9f68b3d954aef6d2dfdbdc48b18c0e2dfa5	34b91c7b0815b5bd5bd13c00e7e5055acc8b85412a12047d5b03052e21a7931f	54	true
examples/org.eclipse.swt.snippets/src/org/eclipse/swt/snippets/Snippet301.java	a1c8f223264278fea555bdc47b5937056e624b5a64054e7c414aae979be7291d	a3d6bdb27de9461fb959f47c3113952ffc3e5702b724490912fd13a3b6e6a206	136ef02eb38cb2f39a6896f614acc27375614a1f44ff1efb8950c217c280ab15	23	true
examples/org.eclipse.swt.snippets/src/org/eclipse/swt/snippets/Snippet302.java	f10e2c95d61f05cea609eb97a8a8bf4d2dc455c2522921dfac7bb6556b6455ad	da57a63eb1ffc6b1ab42ff53c9a89651368afa17423291eae1815413c6ced102	d43fd840910fda3cf2b1514904eeef2aa77e87865f1b097b610890409c2f0c98	23	true
examples/org.eclipse.swt.snippets/src/org/eclipse/swt/snippets/Snippet303.java	16819cc39dc8018ce0703b1ad132df1cacc18c94683ca593bf89fb7b8435e85b	d9cb361779e3170a00d5d697cbbb4b4c22b0ab1888efc30126c12b2b5ac0b863	5f67e3c2a2d1fde8e46ed8b167e877eb8f86acd64be3443794d7f68f366d4503	29	true
examples/org.eclipse.swt.snippets/src/org/eclipse/swt/snippets/Snippet304.java	d9fb27a1c8d3422427ae60bb18eaf3dfd9aee453c99bdb44be8e4abf0a0d764c	d9fb27a1c8d3422427ae60bb18eaf3dfd9aee453c99bdb44be8e4abf0a0d764c	bda81f4028818c020aba94b6e2d55630127ac5cc5710acce7e666f4053c7364b	36	false
examples/org.eclipse.swt.snippets/src/org/eclipse/swt/snippets/Snippet305.java	a2b1b46b73ed3f0441b51d2622ed0a1250d2c8a02d093545fa019b0a812e17eb	3572cb801188bd57714e0b4a90dd78a948b1b70ce399dc1acca8636067b48698	8ea8612354246c7090347626ddca8c366d308369546d041dc69cf7a7fa324f0c	45	true
examples/org.eclipse.swt.snippets/src/org/eclipse/swt/snippets/Snippet307.java	10bad60cb87696ab71b056febc7f9c90fbeedd6646c94b7ec3a0485d1270886c	b693aec0073dc8dff921ceae08a0c993659a696e19176d3264658d55ae712d44	476225f7641749f0257cb8be96e26f1ad80944ca8cbe640cda2c2bc43b9f3a9d	68	true
examples/org.eclipse.swt.snippets/src/org/eclipse/swt/snippets/Snippet308.java	a4ee7e1a1af3c098e82b7122042ed147604e721486503e41cbba237102727f9e	36fe77a20bf432b5ef85170f2caa7075890276afe9cd56a3f3fbdef9bf85806f	d32fd18f7cea8817da243a5c4e6e1e22a666cc848e319492577ee0f31c492ee3	26	true
examples/org.eclipse.swt.snippets/src/org/eclipse/swt/snippets/Snippet309.java	0eaaa2088a06c4621f2da1d47195a2a3df6ae0a8230fa4d8a4715b8f2d1cf83c	0eaaa2088a06c4621f2da1d47195a2a3df6ae0a8230fa4d8a4715b8f2d1cf83c	3d1511c6be758a6e6bc6795ba0e591c83d978776f046abcdaec44bf201de006f	42	false
examples/org.eclipse.swt.snippets/src/org/eclipse/swt/snippets/Snippet31.java	65aebccc95db3603d5441160b512655a688d6d20ac8e8bcd22a77461c022c2a5	dcde06fe60033dda26b8fa15a479b9c0dc178611379fc2432032c814d62b6cf6	0d7ac1edb3fb8133d87e1890689d48a325f82298ad78d60c616fd0f609e602a4	43	true
examples/org.eclipse.swt.snippets/src/org/eclipse/swt/snippets/Snippet310.java	8a6955007a384005ec0ed6d2febe7786c813cae5f8078352ece6cd1cb3413659	8a6955007a384005ec0ed6d2febe7786c813cae5f8078352ece6cd1cb3413659	8d858ea96cc6dc389be374a0ff84de3de2a085bbbafc861d8b0986920bc87bc7	47	false
examples/org.eclipse.swt.snippets/src/org/eclipse/swt/snippets/Snippet311.java	393ea26072d30f0066227ee34abd4be7e6ece6c1547c4182adc22b698393f3f4	393ea26072d30f0066227ee34abd4be7e6ece6c1547c4182adc22b698393f3f4	a5aa435a899b9769c4346220ceeb15a59760b7fe593c8655f12f535373741096	78	false
examples/org.eclipse.swt.snippets/src/org/eclipse/swt/snippets/Snippet312.java	2378e988d731d6a7533d7e3cb27b50de55aef1ef703bbfbfbca9bc7886c843b4	2378e988d731d6a7533d7e3cb27b50de55aef1ef703bbfbfbca9bc7886c843b4	7f1c9e4bf9fe89a4fef6efad41540099522e71f00973558297a97b3e7de19aad	80	false
examples/org.eclipse.swt.snippets/src/org/eclipse/swt/snippets/Snippet313.java	d8001e7b8f059a63d3c4e7776056bc294333b7ac6b32893e96c96c5e3b587560	3dd14598b3a54e07721a233e331a08a52b5dc9e25a9af5630c5522753871ba6d	18925c4e671ebb026ca1b54d0aea632abaf5a24212fa6fdb8f850142139aba1e	41	true
examples/org.eclipse.swt.snippets/src/org/eclipse/swt/snippets/Snippet314.java	47c5d8a79674840c0b9da1f0ffadecb8b41651be9e5c7b3660efdc17a47e7577	d208ea302a5d3082d818aebfa2d918d624f88da9c17121a312aa226ccd718e69	c09f15e1aa2a81b1c469e858f40e38ce6ce84c6839c704ba6b4f1387c5746e59	45	true
examples/org.eclipse.swt.snippets/src/org/eclipse/swt/snippets/Snippet315.java	709dd0430bcc17a14e0aa292c3414223046ccbf7aca87adc901f818cb2edbe79	aef1125bbcb43851b56041d152417e98f0a9ecd124f6bc9a6ea8a46435502cf9	6884999c0d617086cdc0668ee2ba89c809fa2f4ea436ed5155660525b387f870	39	true
examples/org.eclipse.swt.snippets/src/org/eclipse/swt/snippets/Snippet316.java	4c8b694281350b8837486cff7e611f97dc520532975c7a5f322254cf1c6302d9	75e00729eecb046f300fc387bd19b0fdd781b1eaa6b24001ace839420c6b3264	6cc29ae0f3b8082c668f1a0101d9a8cbb9dc0c42c64da75d59351ff6d3fe39ed	24	true
examples/org.eclipse.swt.snippets/src/org/eclipse/swt/snippets/Snippet317.java	c91458c1f6f7e9dd8193f32b63399b4cceb66a4d80ae72fe07a0df231433b053	2db73c6337862dfea3c61b0d6453c7c336e8fff6c5ba66de69076481165b16db	4c96cc39ddaa0865d8bf6345989c3fcb38d40dfa449a81d2dbfbe60c7ba6312e	53	true
examples/org.eclipse.swt.snippets/src/org/eclipse/swt/snippets/Snippet318.java	b67d511c2e5bb76863b2ef086c7349c860354702305c8be8f8621e6fb56ef89c	b67d511c2e5bb76863b2ef086c7349c860354702305c8be8f8621e6fb56ef89c	4dec860330a3801346301336db86f9332912f8e6d538eea5d7d77f16fc9044e9	19	false
examples/org.eclipse.swt.snippets/src/org/eclipse/swt/snippets/Snippet319.java	020d8079692146c75a5322fb282f652df70c2da4f3d5bbbf2d1d34b33fb16a42	d1b075bb6d9d0b08c0939ac54fd3dc3002e082f39f05b1a68f297ff07a2ae9f0	267764d1a9c10002b9c26630a7116a8c0a5e1d09dd2e58c9cfb6c496426d1fa3	100	true
examples/org.eclipse.swt.snippets/src/org/eclipse/swt/snippets/Snippet32.java	c442ff57fd2d804aef98ef85e141a2d83a851cc5d5ba1945a31697f1489dc85a	d471c8d42cea7459e6ea516019fa9b6136f3f7593d4ea129986c8e339466d900	9ea6a35745acee47ffd0ae0fe7e4554e6a32e770f18cbe2a618b3a3cc4a6e365	27	true
examples/org.eclipse.swt.snippets/src/org/eclipse/swt/snippets/Snippet320.java	aff553b7f271db2995bd29f62f1b080c97898c6ebc031bc57e404042efd4534f	1ce06319502e3d6c0d8e53e1f1ed4d2946c4004ce8983a263566979e92abc9a8	2c53cdc562ddefc6fd487eaa8fda6fa965e890d0d6db579292d18ad37727e668	86	true
examples/org.eclipse.swt.snippets/src/org/eclipse/swt/snippets/Snippet322.java	61d611c35a4a61749a24d7ba011075c7200af90c6156e9f47733e0ef8532358c	e6832f3cc465174cd27bbb6103fd0ddaa07d1c9370aedc99b420d62269731c26	7289149ae9fb0c6b7d0968602c78c732acad15880842159c483e0afac1a45057	61	true
examples/org.eclipse.swt.snippets/src/org/eclipse/swt/snippets/Snippet324.java	49b0d5454153193b4de56af3f30b2167719269aa1b73f86afcf1ce42dcf98736	bb218c4fb7dc5219608cf599b6b2d75e916ef7172cc80ee4860c03d2edfe8ad8	1dc7dfd9e78730af344b35eb218954fd9c397128286f0b1810ba3d4c315b9402	98	true
examples/org.eclipse.swt.snippets/src/org/eclipse/swt/snippets/Snippet325.java	b9cba9c0c2dd22bfc026f477780e777889a75980110c9df225e3438b609004e1	701d3fd7e7810d091407671d61e7d558a3c80502c8b8c289a865d32e910d06b4	06e8a2ec1b2fbbcf23b42add79e1d5f79d8500b854c3dd946be8d6941ba66a76	169	true
examples/org.eclipse.swt.snippets/src/org/eclipse/swt/snippets/Snippet326.java	2e17d39c0d73d44fe768084ac83308df25a8c459f426e9ce7029b233f0aa0e5e	48be1c4489dc5d333fd00af1763a74fd28e23bdbe840bda032ee41229de4b390	6e9314680ff38ff1cb108dc4ec089e6ecdbd07c6deae1f3bc25e74b310abcd1f	32	true
examples/org.eclipse.swt.snippets/src/org/eclipse/swt/snippets/Snippet327.java	57d5b2a75a39ab4e29f93f62223b4858469730d048ae467dbea0bc8b09880c9c	83378a5a472f215fe9ddec88a97ca65ccd5d95619e4073da7ac0e0f77d5d3fd0	2d3ca285e79f126364cb92561c89b269bddc97fad670f0700642b0811712b41f	33	true
examples/org.eclipse.swt.snippets/src/org/eclipse/swt/snippets/Snippet328.java	44e4d171c7cecaf44b1e34ebb65aedba8ebf143e7b2ac3e27ef4063fc5000250	862700ca82ee53fd0c4999e348014338512cbfd239af9cd5cc282ed98e764785	3bdfa6bf516ea757845006e6f9838c94c93ce6fc4b11431bb05e68a67d2c495a	178	true
examples/org.eclipse.swt.snippets/src/org/eclipse/swt/snippets/Snippet33.java	da51233863245879686f882fc6f9b5ac1aee23aa3905530ae4ee6a3aa8568eb2	643de360ca12ef41ea145996f855343d5382acf377df5ca1efc50b2ad49f2949	a66576855abfc8e222e23a0976fdecc77d0abc682587f9366e8e68873680a847	15	true
examples/org.eclipse.swt.snippets/src/org/eclipse/swt/snippets/Snippet330.java	77bdef50f49b6ab5951d6a216513aaaea217869db74d6cf75e1966b30726ca67	f45d7a4d551e9ac733d71fd9f939e8975bac0613d8a262b5321baf74b31e229e	cdc3f3e3f7fd7fd124706ccc3d8f41019651e4be0dd3f61027fab29b9d2891e2	48	true
examples/org.eclipse.swt.snippets/src/org/eclipse/swt/snippets/Snippet331.java	cc3ab968f66b617cec9b280fbc6af381543fa6997cbe601f9794aca2b8d83fcd	1d50c243325d7b51c7399641d19f440342fe9b8aa022650ebd2ea8d5641dce0b	93b63b11ac14ddcaa57e00c0231ec52db4a70428f2e53e6739fa270884f6bdb8	25	true
examples/org.eclipse.swt.snippets/src/org/eclipse/swt/snippets/Snippet332.java	dc4c591e9f38fee865cb3a1092f4de43a015702d6ff1e21652ff91b3185adaa9	775ea074e4771195ef06a3317f45d1dde8eee0b4dbcee777c6b497296a552feb	f87a57c8255c0c8d6d76b537c02951e8c85d9aac30cfa53207826eb49b6d473c	40	true
examples/org.eclipse.swt.snippets/src/org/eclipse/swt/snippets/Snippet333.java	96127310e914d70d89f7c1e93e1a8923fe97a64a52466ff0a9423501b17cc3d5	d8ca5013dd88ce6e72c285821a9c762e1731332159e9dd4ea26354830c9441a2	6523ac8c4805326149d1f44392e17bf12458667127f5cdc6f84048f70fd15213	53	true
examples/org.eclipse.swt.snippets/src/org/eclipse/swt/snippets/Snippet334.java	5cb46f89fd0e7c39c031211841f913ff51413a4314b3268c9fa1692242aed4e6	42e93e63de44b4a09e7cfaf2ac4a25f8051b886052c481314dcea34814d96e47	b91e2c4f41475aaa2f7ed0ecec69ee251fc7bbb4e2fce3755b768a5a46f1bc7a	150	true
examples/org.eclipse.swt.snippets/src/org/eclipse/swt/snippets/Snippet335.java	e88238c9bd9d6b2a7582a562113cb97217238a3e173acce42ec1161e8173760d	d9d25a425a13eaccc433dd4bd6e8470b0d0369323ff7b4aeaddc137cfb96298a	e5a4dfea87627bc4e8fc2e7a4db3f1b47fbcd21da9166cfcca4a81b71057a6ac	22	true
examples/org.eclipse.swt.snippets/src/org/eclipse/swt/snippets/Snippet336.java	f0271fe6837c6996bfa2a813c9e3c50c5e3e8da30b21314f26a6db412b222340	7394cfbf0d2970813cef970e015b29b6cf0a893e58d4e276aac407a5d6bcc8ab	0b36ae3b5e3fb3589772d6d70eb2568f4126bf7b47db5e46692464df7726e8d3	141	true
examples/org.eclipse.swt.snippets/src/org/eclipse/swt/snippets/Snippet337.java	e3aa75445adac82e8fadf36f0e3247745bb9db212e6db39b75bf716842b9a29c	968cb9112366375bef129c50d91f025bd860d4a9735db9fa52c735a393879464	2f9a7c402fe886e754cb99dad0d47c1710c8819d13c3d2690928fd2969b1c9b9	50	true
examples/org.eclipse.swt.snippets/src/org/eclipse/swt/snippets/Snippet338.java	36d144949a9ebc1a5c6f2780fcd42b89285d635b16b2d9797f4c135338c06c1e	5c6fc9c5a8c7d35c29885bdaeb50581e382dcdc1d2b5b14e5ca45635911a7aa7	9cb9a665b8fd97b8714e5fa5544763cdeac7474e810587c5b3b47c2f5ce05ba4	112	true
examples/org.eclipse.swt.snippets/src/org/eclipse/swt/snippets/Snippet339.java	295a1a55ed4a34f2c4a28f32c1ee83e8194c769e2b5465e089f446497637ca1c	e333bc35c6044e2dad3723ab5ca4143544822e0083195ec83edf4b81dd78c278	989787d526747bcc439467a7edee2e60edbebb879b7b14c3cb5809d4da4a97ad	26	true
examples/org.eclipse.swt.snippets/src/org/eclipse/swt/snippets/Snippet34.java	c07ca221004f341677cf6da731aaa08384137b72b8a71f8a86f128fa0d2b7fd6	2d664951b857a485e0913e27d60a954d2e68698e0871d42db4f42f7fcfd5f2bf	b82e207d20c9100d350bd2323b072531a8dcd393f6e2e3754c52f5d2d9f2b631	24	true
examples/org.eclipse.swt.snippets/src/org/eclipse/swt/snippets/Snippet340.java	42021fc1cbc413390af923b33bb45cb4f1a06d865b6b32dfbe0980e5d858ad41	c95f6e2e41194090f12d90499c4465167afc0784595fcd7bfd2f0a04cb6d108c	f5253c741c9c0b583864ce5fd38355d238abe72e4dc7e59321d50c42565e4749	50	true
examples/org.eclipse.swt.snippets/src/org/eclipse/swt/snippets/Snippet341.java	5e61b3f79a00727af21e3439907168c07f70fda11b19ed14c0ebd688dd4f0a86	d9fc409a02b12c5be8aa104100b906d0f8cc75a321d39b49b6cfaa08e820d19d	ddce89d6b4eebb25815e9103e7c52afa8478cede0ad35674a42614d4cefe4e2b	126	true
examples/org.eclipse.swt.snippets/src/org/eclipse/swt/snippets/Snippet342.java	e03d843f2ed7af9c2aa62f28df968bf1eef8f777c48c37902d548497e0389ba2	5525d4b91b3164b836198432d1929a191b6e5a7761c5c3bea9439619a6063cdf	c8cff51ef6590909d00f1edef0a97cb9770cead0ccb6059d6f3a478dd893a73c	25	true
examples/org.eclipse.swt.snippets/src/org/eclipse/swt/snippets/Snippet343.java	5dad08588264c3bf9e9e293c680070b0b88587491d8397131f2fc6ad709cdb59	9010ef4d526d71199b19c663d6e900f1cc9c2e58e9bb458b0bd6a5c6fdaf250d	efc80e2addf7b0fa30aec71f9196d2603a2f4ac24757829dee0d7852caa404e1	45	true
examples/org.eclipse.swt.snippets/src/org/eclipse/swt/snippets/Snippet344.java	04000631611d39ebb712aaf380c921edd210be5f4b7a6b79ef023e57ea6a73eb	2450ddc0947045c3cadfe1bd7d37d3209a4740dd6a82edb3fe0afa5f16e3be21	463e7c00dffdf69d2f753c2120fdbac8a0f64e50cb17ebee4fd988fc71887251	27	true
examples/org.eclipse.swt.snippets/src/org/eclipse/swt/snippets/Snippet345.java	c950f9f0b43ce4250b6fe428ed5b6ea4a83d321ac509eacc3cefdbc9d9804b57	c950f9f0b43ce4250b6fe428ed5b6ea4a83d321ac509eacc3cefdbc9d9804b57	3d503bd092d478bd2e787305eb8792f5b3edeb4642943bcbc521f4a18db0bd40	23	false
examples/org.eclipse.swt.snippets/src/org/eclipse/swt/snippets/Snippet346.java	851bd8985425d4b768ddacd4a647a33f25264e2534ccb48d3b19e0bdccd56777	f58cea6f3aaac3c754483872a644079d5af1186a3209badaaab9b4bfe062e9a7	a0285f3e7645b05e2bad18d860bc926ad607a5c105aa9bea56a693e2d2c90acc	15	true
examples/org.eclipse.swt.snippets/src/org/eclipse/swt/snippets/Snippet347.java	726a1c02d37f296baab4dce82d3592ac0146d4ac06e46f0cb61f834b3352b4d5	daa7540d074ca7a7b4218037ed9ec093f0528f97b67f06e97ac8d3a1c1b18deb	03842aeb0c84019ea573344e1a1df14acd1aab8763820f6e8fac74e477456df4	27	true
examples/org.eclipse.swt.snippets/src/org/eclipse/swt/snippets/Snippet348.java	4fe004563c77c7a26f9f3169f634e4a5c3e396a6522bce65cf2b22a657d9411e	07317da20381d0623392b44b531ac0fb3f2da6cbeefdbccf5762983ceab087ec	0d44c073fda8da441c8d76bbca72afbb913e6447092384012c110d094f65637a	67	true
examples/org.eclipse.swt.snippets/src/org/eclipse/swt/snippets/Snippet349.java	b7ae6f122fa5bfdd46fdb4e1cfe7c4d6d93f074eac6218d329cf5ce264d1ae24	d8330b5e85f908a1df61484bd29e65fc1b0a694515d7f69ab107bc2f6ebcc7c2	6db60e1da24057f0b8005331a1c2938b4e66a055739c49eb41298b583ac3ade8	120	true
examples/org.eclipse.swt.snippets/src/org/eclipse/swt/snippets/Snippet35.java	f67aa76b9a532c2752cdd86c6c0aae98cd6f3eb48903458aee2d06bdaf2dcd74	09415d1ab28921d45c82151c3ced84622473af880dc6abd6c491983819c64d4c	b8f83b793364bfaf84e918c5ada5aca55ed0863f890908b7e87e2c10252310ed	21	true
examples/org.eclipse.swt.snippets/src/org/eclipse/swt/snippets/Snippet350.java	5207dfaa170990103b6fe862513c466ba960382a23d28006677ed2748f13affb	306c3f688af5aedd9f74e7bd794385ad7f73aa57c8fe064475da0b0f8ccb9d1b	eb7d3d68a9b57e4cf0984a63c37bf7b2d8e0f8435a3aa4580f6ca3aea160d100	47	true
examples/org.eclipse.swt.snippets/src/org/eclipse/swt/snippets/Snippet351.java	38322f3ae1bd95c61674fc469d60e9a062e39c7154deecfe08b825dce75339bb	2b8e94cf5aeba7c00cd1f3be5b3648325560d417f3ef9fd7a1559dc78ebbb7db	4a338597730738b6dea1cd8cd867f4330c6651f3e6c37790fd1037db6406e5cc	21	true
examples/org.eclipse.swt.snippets/src/org/eclipse/swt/snippets/Snippet352.java	573a088a7b4b981c85e45c658aa2426fafbd0d974cc382a4cbce78a8563c6bea	aeff75d7625a8d359978455a91f912de8d2a128cd78bebfec6946374bb61eb1c	ee6f6216f0dee9ce1fcd16f1210dcc0cdbd77bee6c415a3ad0fd3f8c7c58658f	47	true
examples/org.eclipse.swt.snippets/src/org/eclipse/swt/snippets/Snippet353.java	b0f215a43e1514d3d4758a5f85844bc978e2a3c78cd3dcb53bc88e0946a8feb5	ae6737490d6aaf54f991b3dec46d797e064c8771b901463f2c9a1da9ae42cf63	b7554353a9a48f0e2d20354261c19f4021c67fbb8ca77a2829f1b01dcd8cd784	54	true
examples/org.eclipse.swt.snippets/src/org/eclipse/swt/snippets/Snippet354.java	47c33feb859e6d1a5ed66cd55b2f7f87a1e0d6600a353d6f5739a58cc892579a	333c9940679d95c66801ee79b729b4a4e09ea2eec3571e73da9a4e95044247ea	f6b88ed709065da0db0edc23ad8f38921a9e83a47a3062568c83f48ddb708d21	82	true
examples/org.eclipse.swt.snippets/src/org/eclipse/swt/snippets/Snippet355.java	c7f0acd0dbb4ebb12e61378307bff14bc15fe78c3a52ecbbb55012432f06dc5f	8c43e6cc69352345edc7fdcec731d54a25aad72b6731991ef1c5868b973f6dc7	bce378bd287a5e307412416ba17b9787b200a1f7cab7be89b46be34ec10d781b	23	true
examples/org.eclipse.swt.snippets/src/org/eclipse/swt/snippets/Snippet356.java	f57cb27d46b1aad7329002d167adc5a2dcf458547bafa7163e9d133df607cee5	2298e030d4f08dfbfced1b06bc8791b2a4e0026c5fc8038180b6864ca355fff3	0a778175d875125593c391a252b2025881decd7413c0ec13e4ea36f0f83c480b	41	true
examples/org.eclipse.swt.snippets/src/org/eclipse/swt/snippets/Snippet357.java	7cfb64ea81ec4608f9f21a9ac54d7bf5ef41aaa9378b4e08433e8d737adfd040	d8b2d148b2e82fe06df7ff266e8061085565052d68149bec8e5935326079ed05	5159fa6de92836913524c624041de6cdef0f0b4ea8c77ead53d1d4bbadaefbd5	49	true
examples/org.eclipse.swt.snippets/src/org/eclipse/swt/snippets/Snippet358.java	f709438a3e27c6b6e8d77f6d855b5c14cfb11f9e1d6bce16de881e68356451e6	b7795a207268ef3f0a429f15bbf2f58f1eeef52f7179c728517e03231ae33592	ac61ac9b0abf75cf1fe24532ada5132439ed4fe7d2a0411449ce898ffa5e25f6	42	true
examples/org.eclipse.swt.snippets/src/org/eclipse/swt/snippets/Snippet359.java	89cb229f2b3ab90b817bb967dc1b2e992ddcbcdc78003bfea050c60aca76653f	87f14338ec2f1429868c210fe5023cdfde0fa5f9df798afe4a514b92aa8d6e90	90306a2de373f44e720817a879ddf8a796fd33c554e05e8b38343bacf716b9d3	22	true
examples/org.eclipse.swt.snippets/src/org/eclipse/swt/snippets/Snippet36.java	44d6dcefde4b2d46ca96b21068f727a128882fd2e7ff178bf98038c27f324b01	922aabdbf2774bffc504d778787d0b7d00f98a23472011e5b4149fc83b5890f3	d3fd3b76fc829899ed5e1b87d99e08b19c5b287e82fdb5ec5ae967445543d7f7	29	true
examples/org.eclipse.swt.snippets/src/org/eclipse/swt/snippets/Snippet360.java	fd7b857b8939098e5ddb3c9b628b2882c7866b3327c13279f725d10a75c3664b	b96b438ac9dc05ffd284cb2a1bd4a9174e4d1d092a26539f8971773cc3ddaa39	2dc6f2cf0971df332781cb7b81dd0831fbd759e7965a43c5e9ca8994601977b0	105	true
examples/org.eclipse.swt.snippets/src/org/eclipse/swt/snippets/Snippet361.java	6348a7b626e5e5a862b8512854f9bf4cf08cb0cb0005835d326188149e1a34aa	0f47f3630fe4311202d9d1d058a2d7ea249a6e2e0407797f46470aff6cf45236	63a0a1453425aee07c2522cb2de07ff6b04822ee576c8131a44a01d5b243a939	138	true
examples/org.eclipse.swt.snippets/src/org/eclipse/swt/snippets/Snippet362.java	2209372bfe81ce657f2cc2646160a6b0630bcda03f8e0a2d4552458e558b7a6b	1ed26ac5cdcf43808b590f3da83dea7f3386b15113912b6485f6bfb84dde9e7a	6afadc5a999e3e78a6a1a1bdb9b7c4aa815d7d8ce101f104e9e29a46f1db4fec	35	true
examples/org.eclipse.swt.snippets/src/org/eclipse/swt/snippets/Snippet363.java	598f3c55c05bc057981e85072d0a91e6dc54fb0d7a3a35fe292160b65e2d916a	d34ae565b2fc201427a53d6a2723b84002297731a347c3628b21a0c54c65997f	33e75e8d24436330c52dec1c5c38560a3a574adee938cd7f2b3f79e8c9fb5968	61	true
examples/org.eclipse.swt.snippets/src/org/eclipse/swt/snippets/Snippet364.java	c051c88261466e762d96fe3e11b161f43c56d35b59f48a847e5d84de1ce4fb68	128cc72292826c358745fa4cd9149d0b4379c93e32e4c6cc6096bb73066b8ebd	3bad431150ea204020e268d6a777ceb59f04ed731ffe5496b3f59e58f1facddd	28	true
examples/org.eclipse.swt.snippets/src/org/eclipse/swt/snippets/Snippet365.java	cd0817dcb483107ab4ec518b722a60f1d6bb87ea2e5b1943db8ba230fb72c8d3	f8f0b60cf00ab166e881830735069804b9b59f0d942705a019f6c763339c6d43	272691bccf300045e71fac1dcc0ee4bf36eeb1fd6b616ddff96c09af81e2af52	308	true
examples/org.eclipse.swt.snippets/src/org/eclipse/swt/snippets/Snippet366.java	751494b5ea8e4f69f623756150f438625033dcfc6f9b513d4d9beb97c92fee7e	fe6b3477dabe012cff58dfac97a46bc97f099bfac73cde6f565abff496166837	83e38465656cb04bf6bd9c947025aa3948f4371cc8a16b11569805665edec559	71	true
examples/org.eclipse.swt.snippets/src/org/eclipse/swt/snippets/Snippet367.java	04b74b0e2fb95ac2487cd0345be2f61fa94a6e380c685f9e64915d2fafc2e6ec	0deb3152d75c60be86b4b5f1b7be3c0542a1db21a882511b6c14a3de4351f075	b077ceb8bbf9399e3d8c485e2accbd90159bc9200db4c53e61e4c29cd461aa8b	160	true
examples/org.eclipse.swt.snippets/src/org/eclipse/swt/snippets/Snippet368.java	8490c8e8b96d23810ad4a9dfff7e59565fbed77dac735e9140ccb8bd243915a9	26aac8649c664e14dd605e5a06e884be716137381cc697431815cb10d9be00ab	da48aa741159e932c6d040c5f6910e5ec4ceb195f5efaa9f75febfc6fced4ccc	25	true
examples/org.eclipse.swt.snippets/src/org/eclipse/swt/snippets/Snippet369.java	d2bb25d49054fa3b0b51df448746366690eed1ce65a19cc61d8645abeb5236e4	df6d4907a9db3471f1e02dafb376f813c86152d95afcaf8d0fcf17b27557ae7b	a6c01ca82d128e64d2f4457156281d96a452d524c21f2291167c7ac55777763b	24	true
examples/org.eclipse.swt.snippets/src/org/eclipse/swt/snippets/Snippet37.java	4a8d4763d9fb5b281a4f6f9d6b9d736c6dd7297cb42340e2dc36774e1863b920	829363aa07181f8305e803043e74615781059c69bd3e77087127ed46217c83ca	e55999710c3d28cd8a7b71313e21d79fe0cb40ddf7449579e910ece1189fa61e	15	true
examples/org.eclipse.swt.snippets/src/org/eclipse/swt/snippets/Snippet370.java	5534e401fde763c5dc7f67a21b4e12395a018ba4011b87d27439e45280066bed	721d9248177ab9d848ae760617a20080d8baf81bbba16f557dbdcc58dbfe984a	e3433ed2bcbdce20f8a92d993b331770f8ceacc38ddc9f0c700ca3bb018a91a0	25	true
examples/org.eclipse.swt.snippets/src/org/eclipse/swt/snippets/Snippet371.java	346d022a671b5793187953d7305db1796b9547bb36d510eb35103def6a064fb4	36461b754e1f9e23ea91aad5b2bde1d6e555eff318cdd49f44518ee026ccb0f0	5de0ef8b8f2ba525aa32092c6dbbcd9e3a9d1cf2726b906337039a9d190eabaf	24	true
examples/org.eclipse.swt.snippets/src/org/eclipse/swt/snippets/Snippet372.java	3baf7c50a3b5a9ff8f264e2fbf144be23b112df5a432ef55ab323e00ac68e383	9fc11bb01eeb59a9e1e331ab3c027d2ba35bb4d7841fdd275d43691e0ce56b7f	8cf4b73be714eff31a5fa4036a5e178c0e764a40dbdba718b8a456eb03c18896	41	true
examples/org.eclipse.swt.snippets/src/org/eclipse/swt/snippets/Snippet373.java	39da43dd0d22e7d0e18ef3ce6522fded28871d84b105516be0425a7a87c1bf1f	863663c8f07c89e83260c7437b534ffd410b15540005d98b32befc07784d34cf	3a21f5462b3cade8357cfef6fb28d95b036158f475dc365a97523c581347cb66	186	true
examples/org.eclipse.swt.snippets/src/org/eclipse/swt/snippets/Snippet374.java	52e429137c16a03ceb1d20090fc8b34b16411a973695dcc01296b40d37cfb1bf	c27d503dbe35680deb4434c6f0ef47e7d29289f191049ee67e7cea27948c3eb5	45974bff51996e60452d0615fec42640faf8efd6f831eb7846119b89e6234b1f	18	true
examples/org.eclipse.swt.snippets/src/org/eclipse/swt/snippets/Snippet375.java	b7a9eb9cc3740de277ef3f7e73817bd7566b42718954ffa6974f84b5d8b7686f	b7a9eb9cc3740de277ef3f7e73817bd7566b42718954ffa6974f84b5d8b7686f	d429181f0906111a76be38d0633cbffc660aa33403ba1d0188e90f4eee6b695f	73	false
examples/org.eclipse.swt.snippets/src/org/eclipse/swt/snippets/Snippet376.java	a33fffc5639e4dba284ef4e92d9ccf8eff98761de8580c39c2b275b155538c7c	e6df1131e4e01528ca385c183e3cafc902bda3cbe422413790fb9d8eeb1a6a46	63becbbddbf6961d26f36244c0136c3ff4f758f82e738295bf275f16849571e4	26	true
examples/org.eclipse.swt.snippets/src/org/eclipse/swt/snippets/Snippet377.java	7db8cca0894119dee9609a4468f1b50d1e5cdaba119ef736c7c49054a0867e59	3db95e94b77f6ad78423ff77f9c0467a98d952b71e491c2033d8fde35b9b42ad	d3ee7b9db6bb54a3d8cf4f6b85e42cf010bf7cef53c13e3bbc158fd7cf65e4e7	49	true
examples/org.eclipse.swt.snippets/src/org/eclipse/swt/snippets/Snippet378.java	2b4f1601a56730a0f2bdc2429dd08d2120a687321fbe88baa99cf9edb413df13	2b4f1601a56730a0f2bdc2429dd08d2120a687321fbe88baa99cf9edb413df13	82b584a3da45831ae7d883bec63ce5f64678fc7528a9d50f54ba04b0945e04ac	73	false
examples/org.eclipse.swt.snippets/src/org/eclipse/swt/snippets/Snippet379.java	b989daaee75442fc563e9a8f09bc943f527f015300c0c606022a6c3f30225e54	b989daaee75442fc563e9a8f09bc943f527f015300c0c606022a6c3f30225e54	fc519ead25c92442c0fcaf235a8f3aa450108dfc31159c4f2638ca301b8e1afe	34	false
examples/org.eclipse.swt.snippets/src/org/eclipse/swt/snippets/Snippet38.java	0fc72d37f27c57c628dacfe67a1ecb0a3e01898b8edb3034bf3c291398e221b8	8244af55c418e52491313d9f75bbb6139d718af266db725e271d16cf192e1981	52770a918dfd46ece465218b8939cf00fb04bb8a4a94057fe79082b92843914e	42	true
examples/org.eclipse.swt.snippets/src/org/eclipse/swt/snippets/Snippet380.java	bf81e45b3385978e406fa04a25c2d919114d60e7b842725053c1c23084fbc521	bf81e45b3385978e406fa04a25c2d919114d60e7b842725053c1c23084fbc521	124e37bb6ddc229da4d0cba4c9f8ba49918116ea36e6d4a99fcc9603dc5958bf	36	false
examples/org.eclipse.swt.snippets/src/org/eclipse/swt/snippets/Snippet381.java	0ae9a1b9101d369e8b0eae73aac5bbd6c21b34532ec1a4c94dff0fb264a36ebb	3cc6f43544154254784296bc0a90095771f6ae20c95f7893d7d992022a59ac74	4bea88582613ff276c55bec514c199cc0fabec5298524a0ff695df502af011b1	126	true
examples/org.eclipse.swt.snippets/src/org/eclipse/swt/snippets/Snippet382.java	d8c0d619f2052d180f61236b8c5815382a341d47ebcb1f1309ed94d5962c9f08	6c3d3c32fb00d1d78a947a24689abafdd7a6a3d25e68ec945c39ebb6c2452b7b	37384feaae9f43d86c4b60e0bcd3f4928a43172682482351737492045a9ed588	176	true
examples/org.eclipse.swt.snippets/src/org/eclipse/swt/snippets/Snippet383.java	4508d0684de8512d85d384c6a7a33ead3b3c88690e8b287db574daa04f913531	2e25dfcf7132056134afae61450a02c0cc90b20f6a48e035a07ef6ab6180a2c4	10d69f593108fd1dbbd496e33f37f72dd26c661f310232700d03305aae1f936e	37	true
examples/org.eclipse.swt.snippets/src/org/eclipse/swt/snippets/Snippet384.java	084686d069c812f7796eb7bd762763b03e66196f6e1ef596ba967c20e8b53bab	084686d069c812f7796eb7bd762763b03e66196f6e1ef596ba967c20e8b53bab	bc811f869b9ffcbee39fad471e6a780b34b68b925de543f59aff353cb22f5b1b	235	false
examples/org.eclipse.swt.snippets/src/org/eclipse/swt/snippets/Snippet385.java	431f5de99a573ecba3356790dccf919670c17c3e05ea2ebf2950d6298b4ce4c3	8bfb1d8c354f659b7a270a1182e9bd93701b5c985838889ba25569819d187bde	815740836f5f837a8ad197fa124cb7d38c1f65f1767ac32b5adf22b3e1d730d4	48	true
examples/org.eclipse.swt.snippets/src/org/eclipse/swt/snippets/Snippet386.java	2636d356c1880a6272709b8ee324b2bef2a7fe818d82de4bab9b7b33d0377792	b79723806c1ac0298f55c76abca8b2ea6128f31b967482d5051fd238904a2af5	e04283e0e33f1fbabcc32d72fd87332dd7ac3889968bb0f8bcfee7a20d6a10ad	140	true
examples/org.eclipse.swt.snippets/src/org/eclipse/swt/snippets/Snippet387.java	42fe3911e36000f4266731fd44a343d62f9e27756e69675165344677628e92fa	42fe3911e36000f4266731fd44a343d62f9e27756e69675165344677628e92fa	8bc6c30ca31bb269f99cfbcfd9bd590afea06f61dd8327f2da0a4b349ce5aadf	35	false
examples/org.eclipse.swt.snippets/src/org/eclipse/swt/snippets/Snippet388.java	f8ad99fb5d53523e86692cf2150f9ed850f2c7f45eb0712246101f9e08b12d9e	d125228d6eafeaaf35a948fb4e9bfc3c16f2a16d79b89dc5baa840b98a9616bd	895267e55e54a4fdf8134c5526970b7290c085e31c6866f8d15072b79042e365	197	true
examples/org.eclipse.swt.snippets/src/org/eclipse/swt/snippets/Snippet389.java	341b96c9d0a5d5a76665619c20942766fe3140cb0a380f11da33f0554eb157dd	e4ef1eeaef7d82a6a2dc2696fd92355eed4f9826fa0b7620ae5b173f43596975	114ed935394971929a33b7ccc1971f7c9693328f5ea65c8aab5d4d9806f29176	227	true
examples/org.eclipse.swt.snippets/src/org/eclipse/swt/snippets/Snippet39.java	cecc920f1d56c32cf7107416f661a601a2943ab8fcfcf14ab6d3b3b512728125	0f13a127bae9bfa8f3ab5187f260b7d7b975c16141a7a69848643ec20ef224a9	6f78fe3a3adf769067bb251773a29b766d8579ed2b765de9febc39454897bf38	22	true
examples/org.eclipse.swt.snippets/src/org/eclipse/swt/snippets/Snippet390.java	7659f4233e85e50d03ce50959cca53181dc8b4b9320b9a4c00491a2ffe54bf95	7659f4233e85e50d03ce50959cca53181dc8b4b9320b9a4c00491a2ffe54bf95	2f6c68789f1c9127da31827abb89bbcce7658cb822f8fab986f77bac95301c0b	29	false
examples/org.eclipse.swt.snippets/src/org/eclipse/swt/snippets/Snippet391.java	e77918c5cafc67f1e4dcdad23dd674c0e6636f2d7302e0675d4572e699825365	e77918c5cafc67f1e4dcdad23dd674c0e6636f2d7302e0675d4572e699825365	0c660ec4f63d046be8262cd333f185aca25f721acb1b8ae47a8bd991ebf7e6c2	178	false
examples/org.eclipse.swt.snippets/src/org/eclipse/swt/snippets/Snippet392.java	6ef579424621fc53ec9c0676810f0018326e4193e69679f544001e9ded9777f6	bee5da0088f164876312010a1bdb5039f799a505f2b48fff8e5c6fa72e30c177	4dfeeb7c025f058ccd2393401d406e492efb5e6251f8881940807eeb3640deb0	79	true
examples/org.eclipse.swt.snippets/src/org/eclipse/swt/snippets/Snippet393.java	77a9fd014a8d45ba43a397a33d847e6cc4a4ab216723ba5c8f3ea8ea305521b9	3d579f7d71fb3db1a5cd848ac4472d129b58feb55722574cb780c87599597018	f7d9ea25bc060a0600d18bd34cd74799cd926e9da6ca2f0a3f7ad9f57b893581	23	true
examples/org.eclipse.swt.snippets/src/org/eclipse/swt/snippets/Snippet4.java	59cf8e841673de30e1f21bdcdb31bb6fc8bcccc96d95caf8912fb16a2077a37d	e93caaadf5961470f39ddf97815fd709f243d09907909165856789741f5e4cef	efe26085ae095c72a7f8f63439e48b9d38e7f089e38537a6b642229133357654	25	true
examples/org.eclipse.swt.snippets/src/org/eclipse/swt/snippets/Snippet40.java	81b46aade287f5ba7a9b893b3cc29dccc1b6271313d8019d2bf8ba5652332ac3	41fc32cdd7f7e8f7dd12a2e2a9d8e8051e17c8a3a5fb81eadce20ab85f5190a1	267701960c42107058d835cfe2d20d2c454a1dc9b1e1582ede9fc0639588d34a	23	true
examples/org.eclipse.swt.snippets/src/org/eclipse/swt/snippets/Snippet41.java	d31920a0ca4177fa8d90b29523d8a1b36f626b79a2824fdf6759d1823fac45dd	54500bae009036ae3ff484181bef09880954f44da35dd0497973396a610b1b82	fbd69c2055fff39c3af90fd37c27c8280e27806412a9929017b2456fd99c4ff2	24	true
examples/org.eclipse.swt.snippets/src/org/eclipse/swt/snippets/Snippet42.java	7f053c60b7b4a4aa4c2882395943d189b2b3e8750d366238b0f3de71e9ac960c	7f053c60b7b4a4aa4c2882395943d189b2b3e8750d366238b0f3de71e9ac960c	4f56673d720fc358dc2786a6c6f3acf14aa83afc15b4dfdabfe8e2f163158ff7	4	false
examples/org.eclipse.swt.snippets/src/org/eclipse/swt/snippets/Snippet43.java	7451917ad7223ad319e339bc5e6efba7f46f099167a1dc80719ae52ef2a54b0b	ad90506ea4db2a931898baa9ca326e0fb9ea3e4972967477432153fd0ac00bf2	68158fc315c725670218ed88f8892fcdbb68b340d91f2ffe233912af43c2c1c1	31	true
examples/org.eclipse.swt.snippets/src/org/eclipse/swt/snippets/Snippet44.java	5babecd21f667b4eedecad9cf0b08370ce74b79546b3f894d9aee4d691580671	d168f1827823634e810b395997a7ef73ce6c1e4b73fc122485740451fc4a143c	5fff665340437ddeb2808cb450ec72ce9e3c3b18eca6a44dcbe990d9897165e6	17	true
examples/org.eclipse.swt.snippets/src/org/eclipse/swt/snippets/Snippet45.java	f72f6e6832a556f6858c96c8faf3396972943dfd3549990bb8e54ea439b697a5	2bba662c5c832dbb9c800ad909ee5b3ac14dac7292a50ca08ef5ac331825f00c	22e6333d9638d437ed787bd05665576c9f3e3f1e7955d7c2201bb03479d40e7d	16	true
examples/org.eclipse.swt.snippets/src/org/eclipse/swt/snippets/Snippet46.java	310c762d1558dfd93a6f956d9c6dc7716c05b96f12bb3562d34cfa483f93e892	103717aded0e4921d6f588599530c961445e5e7a085ccba7361e9ad05e6b2fdf	582361c62f3e6efd7c96073c206f939ddce5a521bef0dbf4a0633a8332fdd2af	44	true
examples/org.eclipse.swt.snippets/src/org/eclipse/swt/snippets/Snippet47.java	315a2ced368f8d1f12428e5fca657fc71050822633adc43d83aa924cb74d184a	e349c8743d8a6e72120b9eadcba6c6f095af7ed6564d5e312249b863c13e250a	300d70322093f7ad0b6d6a2f18f6cbb07e94b383a6272efb7f3036e1d62d6c2e	46	true
examples/org.eclipse.swt.snippets/src/org/eclipse/swt/snippets/Snippet48.java	ce5152b8d15a90e4d4c873490d0ec4922323e1bac60e8088df777072075aa9bf	3accfe2c90851d2e52077ecb36c0671f7d3b34dc4108707e0836a49e9de943de	55488ef6cc2f454f3072d5fc2d98478fe3488c1016e2085d20f6f1ebf1de5170	90	true
examples/org.eclipse.swt.snippets/src/org/eclipse/swt/snippets/Snippet49.java	48bc84f0e4cc0cbc969f2274fe2a248876995582293992bff5a0be34abd118b6	7bc19242afc83e8b3a94467f0fc0b734ad202e6701dd4a45589cb4b0b13b548e	709cae61e7cac6d431f3fbfdad0bf120e65fdc50586e54eee40c154c74f1d115	27	true
examples/org.eclipse.swt.snippets/src/org/eclipse/swt/snippets/Snippet5.java	2b72175d0955e6a71b85ea52f31da7e69bccf7f4df15df8777718896703f8aa7	ba9c6e9dde16b80144df348bd0aaf373269554210b5b8a79744aeb1e368acc5d	e3f652f73536d1f73d104dbe7c2ed31c118a50b620fa0cae33eeb905d10a11a9	25	true
examples/org.eclipse.swt.snippets/src/org/eclipse/swt/snippets/Snippet50.java	0d4581facaa0ea20b04f1a3acfb94b27fb91520c4f88b1b7fecc969445949d44	9df3f1e46ab4ccec3009f15f16acd8eb1a71405bb8ff1ab0e8913b3b04ccf9fc	3a6c0c651a5555bc9157648d15518eb54113db41ebc6eb462bc7c794a06209b5	16	true
examples/org.eclipse.swt.snippets/src/org/eclipse/swt/snippets/Snippet51.java	124a626bfb2cda6cf4d1623b8c1fa79c3f9608f541a94f8e14bc044afdd22667	ace2d6705c5b20ba0bc8880c63a27c45b54ed3dd77923d9502cdcf5853727afa	fa4acf00eef98cd6b83da9a0bf029fa1f1fc2156113471e0e33b986899446977	46	true
examples/org.eclipse.swt.snippets/src/org/eclipse/swt/snippets/Snippet52.java	b8893530c8c2a5591ef95579d7240b5e7c071196bb9a1a808c6923b98e9a11d4	8943c859fe02f5bdc7575ce8e7e64904c8a2c1b43edd1d81e0a3eee30f7de3ee	16731dde89247ef66e163836b31a0484f93a987c906622388d72d9089eedb9fb	22	true
examples/org.eclipse.swt.snippets/src/org/eclipse/swt/snippets/Snippet53.java	6f019e54a68b47a2d9eede65a511c122f523dce87c00a29f37dc1754a9a61133	eb8cc6b49f996045303c422a9cf0b0bd3c596c46bd74b451da6202bbe9d733e2	88197a588bf3b711f9cb09a3c8446d6582a267c9ad7388f55f45db2fcc3bb1f3	26	true
examples/org.eclipse.swt.snippets/src/org/eclipse/swt/snippets/Snippet54.java	e0ac939c6118b83f06a8ffe533f379ed01ef526b4f56d4b40969eb99cc7a4c2e	ec7295177530d138fc2489fcc41f35ee61253cf7fd1132b6d51c33b2da6fb3ec	43537659d4d27bbaca8427dab380f280ad141edca4ebff73f51bea3ced6331f9	17	true
examples/org.eclipse.swt.snippets/src/org/eclipse/swt/snippets/Snippet55.java	25d6c36dde0b40423a7f9d07f80d1e6bb4d3a436df4a5e293a861132dc25aaab	906eb6627be17c0d9523f69064b4e49c0a2e3f402b33f84b7627159deb8ac2c0	aace4006f53ebffb27414931f47a3594d47fc2912ceeb998cb5406a105593839	23	true
examples/org.eclipse.swt.snippets/src/org/eclipse/swt/snippets/Snippet56.java	8a27689824d7da0489ec5d1aed3353cb5f8f812b1261ec11bb4c6812924c88f1	49a14449a976778fc2619ace1a9dbe64d381db67e9ce1f559ec10154abdd4cd3	6646ddff43aedfa18f26e2d59feeb0df059c5cf1135b27cbccd787249b412b30	34	true
examples/org.eclipse.swt.snippets/src/org/eclipse/swt/snippets/Snippet57.java	f915d1a28e1a3f201ccbfa63cb361cfd094e20beeb0c242c1936a0d879575b73	a21c41c8313e6ae053fad4264131a559abc58e59b413e5a328856d77b9ad84e1	ea9ffc16761d874ec2e1f1eb2a6dcf9e199af05183e5a977568e2ba698dcf54a	23	true
examples/org.eclipse.swt.snippets/src/org/eclipse/swt/snippets/Snippet58.java	ffa92999283d6f24087a013efd117053c95bc79ffa00945437de5c49590c3060	1a7cf470de57a5c77093c75d64b348feb7168c2cca8609cdeabc20333eef8908	dda5a5ed6dcf1ebb0d275ed3f3617f907a6d48a5f60812ec645b73087988d9c3	39	true
examples/org.eclipse.swt.snippets/src/org/eclipse/swt/snippets/Snippet59.java	12ac80a8de73eb0fdff076385f0b85ff45a8b7dffa036373fdce515bc2bd0911	087f267c2032d000e5fc28fcadb4531d814b6eee2a55945fee4d090378a58101	2bf9cff384b4ebe5ce036220c409ae32491131de405558e709a33a4807b5f3fb	36	true
examples/org.eclipse.swt.snippets/src/org/eclipse/swt/snippets/Snippet6.java	89c987b5d6a9c4a4f2b937d7a7850097b53154510e31a07b9dc583912a919f6c	09cc4b6104dddf0ca2f75ca5166425cb410c8fdb5cedf4eea3c1a2e5869ba1b1	ce7e14ee55eec63a1da968c2603fe68203582947162ca7eca37485b4d81ee48c	33	true
examples/org.eclipse.swt.snippets/src/org/eclipse/swt/snippets/Snippet60.java	c8175bfb0bcd61c4cc69a4e659f77dbf9cde4247805db92eb285a0767c9342bb	7afae7ce86a9589ae1ce752f15b37e93cd0ed3b50fc0c2eb2d018a3678446c0e	006a950a9c46f84d0edb558c145e4247a79ecd3989b05ef9cec584a99ac33bfb	14	true
examples/org.eclipse.swt.snippets/src/org/eclipse/swt/snippets/Snippet61.java	ffd49e43a1ce10d7a856bc40b33b626b54ab74846e94b979e0b80fbf05da2602	9080f26156c35c5ccb0a4cdb0751b48e61cf5b4e6e3d818c10ccfb2dd749efaa	ae20880a08bfda0e7092530f5697c33a31827841747390dee9d00ba2bb5aa730	49	true
examples/org.eclipse.swt.snippets/src/org/eclipse/swt/snippets/Snippet62.java	3560d3f91be72f3448fc1706499dcd225304df0b87603c9c3c857e949d0757f3	d297bfa0e0638a25d1499a58c6438b1e68dd1b4b94797c267dd830018791d908	dc63aaf4f0c4dad3c90c2018cca8e8b9d7a2c24fe905148283394ab96a2efa82	56	true
examples/org.eclipse.swt.snippets/src/org/eclipse/swt/snippets/Snippet63.java	ff70d0d5e180418a350d424ed7f088c36aa9f4dae2d48ccbedef5f951131eece	5d2eba5321a98600149a71987a4ddd9dd937a02575af2655a33b7ab8f737fb95	635483490a7a2f90fffed745d609c464f70daaea2710f9570cbd9e0b8b59f280	34	true
examples/org.eclipse.swt.snippets/src/org/eclipse/swt/snippets/Snippet64.java	3daef7d6846a5710cd6c830d0e2b9cfb42fe4eacd77a7542f11425040da84b3f	1c1f89ea5c341d77736ad4dda928318050a786662fc1be065fc25a514cf3cba7	77c40737b4ad0e60660684adda205263bc7d1d530b6e52183ecbbb433d758a0c	35	true
examples/org.eclipse.swt.snippets/src/org/eclipse/swt/snippets/Snippet65.java	d16db14ba2d4e47cf26ff862d8327e26e075b5caa57205422f476d3d4047a30b	564da29132c9b0cfa3db2880de6fdbb53cfde6fb0de23dec83772bddd2176adb	fe9f9e9555785859f4085721529768ee50e52316dfd09d4ce98d80bd69682e40	49	true
examples/org.eclipse.swt.snippets/src/org/eclipse/swt/snippets/Snippet66.java	f3c91c2b3f2871d1a7d624f96f472f03f36d1aa6f257aa25bb644da41531a00f	88e1253a2a5240ecf768611ff1fb4b10183646d679347be84e041577d339fef8	5480a3864735b7db5f3c9b96494fdabbf300451a196be8d772425833633bc105	28	true
examples/org.eclipse.swt.snippets/src/org/eclipse/swt/snippets/Snippet67.java	de2c24f906fa18a0e7256844fb0b5700b8869495c2348b9ee2dddd45ff867b1f	dcf0cf051a9e5c25de6f977e6847867adcbd484626bbd0fb831e1a83574305d7	91b37b6295cf17eed271d1d26edc810573323d0478550b810dd1c160c19681d8	33	true
examples/org.eclipse.swt.snippets/src/org/eclipse/swt/snippets/Snippet68.java	45614efe9e868f96274bb14e7cf64fd458db8849da5dcb0b8703054f257626bb	7918c952562c4a23ceef79b5b59db525a485bf801068387b92131ec71e65a8ff	ade5a0b1915f4e4253cbd7d43bf400631a9c5d68337928769efc6d4929f7e409	32	true
examples/org.eclipse.swt.snippets/src/org/eclipse/swt/snippets/Snippet69.java	b309ab43b0421574de54101c1e7e1c34d6094f434b852bdac4ff85a9adea8624	d7914e5cf8b7d56f255ea93110eac30cedf4bcadb0dbf24b9e4b99952fb5c8b1	d7a90f52a3f38292e5072b102e153ea5337d96d9b1d01f910b84270a88b6ae96	26	true
examples/org.eclipse.swt.snippets/src/org/eclipse/swt/snippets/Snippet7.java	c74b6f87522ad210aa5f1dec793154a8c2b3d82a1d3acd3e3f0898b56f098981	332391031d5c71782cc675222ffc034eb3a5424683f62475a8749e113005c9cb	bd5fceea9f6d14ffa317bb62487da3eb7c16ab1cf31064041f32aaef530a8d44	40	true
examples/org.eclipse.swt.snippets/src/org/eclipse/swt/snippets/Snippet70.java	713f569bd5deefad519f4f3da46d2d88578aca3ee09888797fc4714700841884	b1233dcc4df30a8d1764d6f2a16d08308b8c9c70241350602e0de82950bb9bca	7b1f7e46a70b7acc728ab1cde071504bb4460b77577ef8d589404942a1b0507c	37	true
examples/org.eclipse.swt.snippets/src/org/eclipse/swt/snippets/Snippet71.java	c00dce6ec2612aa76851658d8eb7260ea0acdc8c730e42426b4c4e2a5d1e8d8d	1b2d2c73ffb1e1ef1baea705ad7d1d17376490e69642b3c7907f41abdcfa5be7	bbc4ce5438f3dba0d857b63e58ba85227d1b9f610affe08c022cca153a4cfd9b	32	true
examples/org.eclipse.swt.snippets/src/org/eclipse/swt/snippets/Snippet72.java	8467dd1bc19eb706937d14b4fe2128dba115a1256b3d06d28b1f481aef11f3e0	e3abdfa8f6a5dbab765996c2e5eae4a90c92f050c38107a6654c789629192ad1	651902c0b2247238d51c31a11a7c9e08e506e53373c7ea585768e1dad5b0bb90	26	true
examples/org.eclipse.swt.snippets/src/org/eclipse/swt/snippets/Snippet73.java	4fbe4c8f6951f3a95823c40d93cfae2e6437dd1bcd9bf598c9cbd68a652d422d	d113b26fdc5b7cfd8b8388903da2ca752bdccbc220f39fcadc33d22d3ea32dbd	dbcdcaef8352c4dbdffc6065992cb25b4f452640b4fdcc3e535fe8d453a4d145	40	true
examples/org.eclipse.swt.snippets/src/org/eclipse/swt/snippets/Snippet74.java	592896108d9b7f6be86915bc8b855d6de77776cb1b3a281e76cbffa0fe4421c1	2fe047a44f8db09664fef0f57f14590730255bdd88801704276733751801edcd	ca0d4c5f5e43de125f0a0545f0aa4ccdee3b0293d324cc6bf5ba31b3588e1377	13	true
examples/org.eclipse.swt.snippets/src/org/eclipse/swt/snippets/Snippet75.java	dda0acbde9178cb7262b26b42ef45c2dd7f628e3e323a18cb41e82492c2157d7	dadb924567c0f938e4cc31c70229a898e7dc11bf6a247eefa0887d58861e524d	4aa1a725d820078acc0d6fe197b19bcdd81bf5b56946f44e08810b0e68b6ba9a	66	true
examples/org.eclipse.swt.snippets/src/org/eclipse/swt/snippets/Snippet76.java	6d8096a982658b3cb92a9de51d5e34cde1f934d69c8dff9d011b76158ebe1efa	69b6a043d5c432ce9cd9e67c8029120623d40c9451e09c54c515e836dc4771b5	b7f4437ae3566982e4d78422ef54b5555fe529b706fd920fd3543afaa5fa4e4e	25	true
examples/org.eclipse.swt.snippets/src/org/eclipse/swt/snippets/Snippet77.java	e83b4bc1bc3721949dcb33b6f56ccc31bca9b004168018ed64657ef8c66f3606	1fb8970da2c5330351b69606e31e40833485ec8585933456c158249d7daec368	59a99dc440b436c860fe862ee52b3a6e40c5fb63df8d47b0b6e599c3cd4b8635	46	true
examples/org.eclipse.swt.snippets/src/org/eclipse/swt/snippets/Snippet78.java	42fb7a586e02cdc0aae98e54ebd626b307ecd931434114db79729abdd46b3bf3	a891cb602f004d6f11717c042c843212ca6120a2c3239a6b02a7637786bc13b5	2604913dba5becd11da2f25dc8ad77fd9df7ea374252cff7945bf5a48ee6d6fa	41	true
examples/org.eclipse.swt.snippets/src/org/eclipse/swt/snippets/Snippet79.java	83b73b9494670b20ad0f32f4d4da2d23a2700f6df4d36bfe20a50c8bbaba6cf8	5432d78f640d429a949862c8afbcc0c8d73c5ebf2a1f057d6793bc0b3b54ae61	1501846405abd344ddb0e6995b31c11269d2dd8bc55ced4775d6f9ca0355ca90	116	true
examples/org.eclipse.swt.snippets/src/org/eclipse/swt/snippets/Snippet8.java	19372219274392de11dd62b1ca96e9e251ecbdac558bc30db38e6e94cfb19b55	876e0cb69e27d527693e967afc1e5c2566369275137d7a8914e0a28d1e9b03ec	9c6d7779fa94ff8430fe25d4319041ccc93ff370035f45646df458954f977c5f	46	true
examples/org.eclipse.swt.snippets/src/org/eclipse/swt/snippets/Snippet80.java	27894fbefaab1ee2f3cc6df2ae818fa9d39f48e7207bdcdb3b7d71d00c129031	4808f4bf1c97293b8f4e8104ef9e1957ebb8d0c11a02e25f22c4161c5963c23d	be8d48dc58620c1cd3b83381c834d72a7a26956b4ccdd4b369fb005232931146	45	true
examples/org.eclipse.swt.snippets/src/org/eclipse/swt/snippets/Snippet81.java	752876786a73074eb32a10b50a4e8ba1f5dbe420ca3dd2f347488e83704b2c36	78a433bc7644a95cc0bf3462973e828c6edeee17117f77f897fff54138030739	646f61a87b2974e56c9ea49c2047a81a54129b6f2f3fce5e2006fd3e22e11013	164	true
examples/org.eclipse.swt.snippets/src/org/eclipse/swt/snippets/Snippet82.java	8b05ed55a92ef7f285d1b2e81369d9eb0cf98a6a5f86f21eacb167eedca4a21e	89ec059178dccd99af618df348847646a536651058de3f02625365a4509b43ff	a8cb706fc67aaf63cb5b5e0529fdbaa73f06d867971435d82dc81c10ac357fe4	38	true
examples/org.eclipse.swt.snippets/src/org/eclipse/swt/snippets/Snippet83.java	5d42e7bd9534f5e3efece8bd2d61e762c3b144507fe8112a6e5ea50f198b7a26	ad815819eaac502727ed1ae17760cc29d98e27656e477a3dde67e20bba800bef	b3b80240fa1f5e774c8c4b72a825effe9be82d0a13ac85d94b1b745c7b61acfa	131	true
examples/org.eclipse.swt.snippets/src/org/eclipse/swt/snippets/Snippet84.java	13b242b903f4f6829b0c63ea2914b1d625ea03bc119f7a0d1f8eb069b15dcb38	db1b8859fef4e78e5a3ea136e38801b268d5df74718e5caa91b16c858dba37cb	0a157d4583d58ab0391794665742094d66176ccdca5856761559244e45ff6c9f	77	true
examples/org.eclipse.swt.snippets/src/org/eclipse/swt/snippets/Snippet88.java	f8f69048f9393bfb1e2985ecd12b47b0fff1bc474a3829f25aaaf9e4165ceeba	2b105d3132732ff3b114d8f4276e801580076ce11c5e2954781887a103b04c3e	04927b74f48f2241ac9d81d830cd7f290972f7af55c982d994cf1021f664b054	48	true
examples/org.eclipse.swt.snippets/src/org/eclipse/swt/snippets/Snippet89.java	eb776fef1ebfc528406f2feee258b74bc76dc55b4dd400e9ffe5de5037798426	0f0420859e346b180854f54bbadc7294b4f773dfd40116110bff45bba43bf190	5ff094dfe3fad5a0784ea9fb37b9370ba0715f6f60d12e1e025c008f3b31a66c	28	true
examples/org.eclipse.swt.snippets/src/org/eclipse/swt/snippets/Snippet9.java	67b59a3ff7de27b4dcd1632349c400599b715673b846fde46e6a1f1fb36ce2ae	881a8edfde3b815dafd543c971da4fd0ef98c30c5621de444e1140472a91ccb5	f09879b5c3f959a74df80fd0532b9b283589d3ecae32f7108c154cf70d247749	57	true
examples/org.eclipse.swt.snippets/src/org/eclipse/swt/snippets/Snippet90.java	cbe059dca72d043c3af1db0932a0719c9ce56c64184bc63aedc7bc7bb28f3849	96ff7a8011f5e3b16ea335b8b47378e6495f9623040a3433eba82413ab36196d	a32be24cf16c1eb946428c0baf4ec85fd11b85bdf736cba6c8242b3c0d9a2e54	28	true
examples/org.eclipse.swt.snippets/src/org/eclipse/swt/snippets/Snippet91.java	53a7b8a8b24cd0d40e5428b957e8744ac043abe30d359c23aa6a801348bb3ab7	e8a18f3e262447d26d44e3f751f321491fd264ebc4d285e0494235857e4502d8	25be123b65a76182cf5a92f748502c100f2e0ce0c771e66423dbebdb99408ed7	131	true
examples/org.eclipse.swt.snippets/src/org/eclipse/swt/snippets/Snippet93.java	2b4ce4fd3a8232cb26680cae6e7334bd3e9e340a853ee658e1d5bd6b06fa6a02	3f5b968214155c8cabd2100ebe6af95c2bee4618c03ee412119475d735525f08	b91dff96840392fef0b1e784fb8e82b261f543c3756c6494d740476c5f765c3f	18	true
examples/org.eclipse.swt.snippets/src/org/eclipse/swt/snippets/Snippet94.java	17be17e2844d02a96a93250c7e3a07e003fc7cfdb700d64b3d2a94b3b38837a7	38b0742549d3616d488f69b434745d658c6987adc7d5a93cd2d3c1bef267d5c1	82d287fb4042404af65aa249b7e004f79448f1dced1f57cfa4c3b46c2ae25e6f	49	true
examples/org.eclipse.swt.snippets/src/org/eclipse/swt/snippets/Snippet95.java	f08e25946addafc7dfe773a95372a81cf1c1db3622411612afa263b83da0b58f	564487e4427dc5748e2cba2b2a8be36c613c628d8e478a9281bd318adbfd4579	a96633977554b7834d634c653c0d88ff6c457ab13ac1a16b29fba8f3c132ec9b	39	true
examples/org.eclipse.swt.snippets/src/org/eclipse/swt/snippets/Snippet96.java	b1ed73aed24cdec2833e898a349e8302a071787aef09b86127b17213c9f9fc73	1180285552314551f8d71cd5e05790e4dd347c7de193cc7bd22fd3efd92567d5	7e796e74cbc662ae94bace6856e5c8614bfece46c33e808362a5e5411abdf907	97	true
examples/org.eclipse.swt.snippets/src/org/eclipse/swt/snippets/Snippet97.java	f5f1b6248cf6de1860cd18cf3828e4a5d354845dfaa0ddab504a8d5d6711c1b3	80f1b7168b987179ea504d4038a176f726cce27ce697f7bb8e3cb6f325045ed9	e0aa0d74be0d916cb2999bb55b904d1faffb3852f575e3312e1ae001d9bc5f13	34	true
examples/org.eclipse.swt.snippets/src/org/eclipse/swt/snippets/Snippet98.java	46b7ff5282b246706154476ee12fa5d2a18dbf994856fd4ac2ab69e0a1b1e81e	275ff39a7ea40d9ad6ba3ba217477cf093cf1daa8df9b82286f1240cf9ea945e	33e14643fcb8ca6ac62b637635fba7d163379cd961be2118632a05b632cb3c30	37	true
examples/org.eclipse.swt.snippets/src/org/eclipse/swt/snippets/Snippet99.java	bceb00ead77dc470aaf40935dbd697b3eb3accabd2201154476b163472eacad0	1b1a6f935da373edf54d7ff0af107665530ef338e8ea84563c3167d4f8ced653	0e839b447ca85d412fc01e79256f6ee8e1fb6d8bfb9262c50885979b21d0d4dc	19	true
examples/org.eclipse.swt.snippets/src/org/eclipse/swt/snippets/SnippetDemo.java	259572736be63c65411ca835edba9378abb4e85b7b2f1d22ea81d130474162fc	259572736be63c65411ca835edba9378abb4e85b7b2f1d22ea81d130474162fc	e0ec0300f7e093795fc97dd5b1f37b23f5cfb895c53e1c4a27b81cda81ebe460	15	false
examples/org.eclipse.swt.snippets/src/org/eclipse/swt/snippets/SnippetExplorer.java	480f9cec2e1f311d29262971bb36ee728d34bd1faab5e3b80c8e9ef7746987ad	480f9cec2e1f311d29262971bb36ee728d34bd1faab5e3b80c8e9ef7746987ad	81970151216db58c35743ef7439c0556e4cbcd7cd55d636838dbcd396c2eec23	699	false
examples/org.eclipse.swt.snippets/src/org/eclipse/swt/snippets/SnippetLauncher.java	f5fdfd19ae1663aa121064423c54fc5c5d4d6f9bb68cd1d336348e6e38843ba5	b447d4e5ed27ea99422d944435bb12cfa280d41d089394c4c06d74e4dec88551	3504a8e2e42353dcb1d674f5003099a2b520d84558d4978e7204cdfa701cfd8a	75	true
examples/org.eclipse.swt.snippets/src/org/eclipse/swt/snippets/SnippetsConfig.java	30175e4f1b23ecbb18dd0d5ab52103be0a030b3c75a6766e39739cbb46af6786	30175e4f1b23ecbb18dd0d5ab52103be0a030b3c75a6766e39739cbb46af6786	ca44d8caecab8364f36f7bfe62dd47b05c0192d956367cb558e5425c83b72388	9	false
tests/org.eclipse.swt.tests.cocoa/JUnit Tests/org/eclipse/swt/tests/cocoa/AllCocoaTests.java	e0fc6dbd397897475c040c7df26b1f8dd7d265c9049478c3109ee7c5d3444d36	e0fc6dbd397897475c040c7df26b1f8dd7d265c9049478c3109ee7c5d3444d36	416c043662d5b0082e420efa8d9a234e8a3c176efce7307fd0fa96ac9fdc6ca8	1	false
tests/org.eclipse.swt.tests.cocoa/ManualTests/org/eclipse/swt/tests/cocoa/snippets/Bug550958_TableLosesHeader.java	d246adbfe0e7343dcb9c6d38bddded2ac6942c9fc2c3530185250e176d446231	d246adbfe0e7343dcb9c6d38bddded2ac6942c9fc2c3530185250e176d446231	2901f42dcfd33c69586ef798fd48eeb4e361b009db521479d3af4c01037fe904	36	false
tests/org.eclipse.swt.tests.cocoa/ManualTests/org/eclipse/swt/tests/cocoa/snippets/Bug569088_macOS_RadioButtonNotRendered.java	08528236ec90d8c72857907dc33f49b375a64dd5a52e19d984e44322a575ba2c	08528236ec90d8c72857907dc33f49b375a64dd5a52e19d984e44322a575ba2c	9d3df91d9130e4113c911568601be374b850b3a061923df68870aa69a515d661	24	false
tests/org.eclipse.swt.tests.cocoa/ManualTests/org/eclipse/swt/tests/cocoa/snippets/Bug569529_macOS_LinkAndTextHogCPU.java	c6cee4d6f6c0192c5bdf77d3c9154c599cf87621f6434c2521c6d9804e6234f8	c6cee4d6f6c0192c5bdf77d3c9154c599cf87621f6434c2521c6d9804e6234f8	ae4bb4f69b9bc601ed7821a344dc77493e9974c0663dbdb999dc534d2d2655c4	133	false
tests/org.eclipse.swt.tests.cocoa/ManualTests/org/eclipse/swt/tests/cocoa/snippets/Bug574618_macOS_SlowTableScrolling.java	fb3be9b5bd02c97fce82ca6a306166d7f1e71b822d37774e53b25922f4b6e052	22c3c8931bb79373773277b5a88e2f536b7b1b14e1abfcf874ff7409c0d70d47	3ff96f015cbcf1706aefa856e6f94ebcd787924b8d09c1c90ac6866598ee361a	283	true
tests/org.eclipse.swt.tests.cocoa/ManualTests/org/eclipse/swt/tests/cocoa/snippets/Bug577767_macOS_TableScrollsPastContent.java	c7a5c9d6f24307754a6507efb3b6ec33b5a8554b89198c068492da595adbba49	30f34f89f167dc4fe8f37d5bcc470dc3687f1134a038307e08421fa537dcf4dc	c54d5b5d0799b79a7a40011076f282b91f9df12a6cc8209bf43d53548b00208c	78	true
tests/org.eclipse.swt.tests.cocoa/ManualTests/org/eclipse/swt/tests/cocoa/snippets/Bug_552223_NPE_Menu_setVisible.java	cbf36d8520cfe344ea70f51f8e593a53bca7d551c8848692676230967c523a0f	cbf36d8520cfe344ea70f51f8e593a53bca7d551c8848692676230967c523a0f	5add6f912efdfda382907c876f17617590e137a79b7a67ff027e14ae90b8ef9c	26	false
tests/org.eclipse.swt.tests.gtk/JUnit Tests/org/eclipse/swt/tests/gtk/AllGTKTests.java	4bbf6505c37d01bddc5d7d4db1ffb3938f50b00cf9c5a4b8036308fb4a092ee3	4bbf6505c37d01bddc5d7d4db1ffb3938f50b00cf9c5a4b8036308fb4a092ee3	a9cd47f9ec2fd87f947797fc806ecce6fb026b50229f6e3396e55620c813f854	0	false
tests/org.eclipse.swt.tests.gtk/JUnit Tests/org/eclipse/swt/tests/gtk/Test_GtkConverter.java	a89172094e746e436b2e1c93a78785c58942838261dda0ce0688c4054a80fca0	a89172094e746e436b2e1c93a78785c58942838261dda0ce0688c4054a80fca0	b73a9b3a058a8de0808fd6781df0d2545db30dcc88c897289e1f3e495fd60c08	46	false
tests/org.eclipse.swt.tests.gtk/ManualTests/org/eclipse/swt/tests/gtk/snippets/Bug103691_TransparentPixel.java	c3e82f3a9f7a09367ba5872dc325f796b4e99ef643765a703ffc26cd5d0c6930	96fa5b7062cac40a9b1e5676ad08f0c7d281986ddce063323bf9af967f1ff2fa	7710bd6878ffe29bdc9f97f9737994b58adeda7a039928398b67a213cbacb709	123	true
tests/org.eclipse.swt.tests.gtk/ManualTests/org/eclipse/swt/tests/gtk/snippets/Bug106798_TreeCheckBoxTest.java	d4efa129b80ffa0f9ee7eb7bc100f65c0118e3ee99ca82ba6cfa32dfea517791	c4250c3ff726645394c4eba66abf573000463c26479e9457e933830cb04c800c	de3cd40a0902cae93aa81c3f8dcc9c4905542c2a14f98ee17b02b55f07970ada	42	true
tests/org.eclipse.swt.tests.gtk/ManualTests/org/eclipse/swt/tests/gtk/snippets/Bug107877_TreeEditorInconsitency.java	75a9bb2ea1143167454a5f6c515bf19c0ab3de0b12e9c5716cc37dbd353a22d0	b9856f801d08293659391fee58a2c3c1953876641d2d028f8d6ba828c2c5ca05	71fe8ad3ad236fbaa6278cc04a1e83c1b4568a50e72b91e6494917c4a83dafb0	23	true
tests/org.eclipse.swt.tests.gtk/ManualTests/org/eclipse/swt/tests/gtk/snippets/Bug113798_ComboSelectionEvent.java	e60a2053e382f45ad7df2ab29b82c06dc556414b84a0cededd173b184bf9ee6e	3cf2139f4620416b2f37bd0710bc1ad1c754a576cdf0e80539235f77d92b9070	0df66bc9957cb427aea2dab79393dccec8fbd0b8e182d2eaae47a1a958cee8d7	15	true
tests/org.eclipse.swt.tests.gtk/ManualTests/org/eclipse/swt/tests/gtk/snippets/Bug114003_MaximizedShellLocation.java	65125c7b09e0bd9e3c3dfc6f75fac0e4e723582285a3f0ef939fd78daa45f6fc	7788cb4790e52cd8d2a8116c0f99e2ad12bf8b10892f441ce4cc63dd5cd6b900	78d1550aefb56e7a4afd0b1672be3f0ddd339eb66362ad381d60b3a94cb328be	26	true
tests/org.eclipse.swt.tests.gtk/ManualTests/org/eclipse/swt/tests/gtk/snippets/Bug119157_ShellWithoutFocus.java	a43060e52235d110c7e71142e00ffeba5bd4562e513b7f9a4d653f1788541d48	67798278f71c8db5f5f0df48d9a8e067b05933fa7d67390f366c0a5bad854b75	2beef5305c04cc3454780cc0d31fdac768a09b68c5a0ae77fc4ce4b92d2bed91	31	true
tests/org.eclipse.swt.tests.gtk/ManualTests/org/eclipse/swt/tests/gtk/snippets/Bug123091_TableEditorRefresh.java	5c441722a861531d18e07b408cd2d1bef4cd3f7e53166fa526568b6b7a6a2fcb	5c441722a861531d18e07b408cd2d1bef4cd3f7e53166fa526568b6b7a6a2fcb	2c8d7c7ae642c413fb7233eb6e996735a71457f278c2c309622a1ee5c42160aa	41	false
tests/org.eclipse.swt.tests.gtk/ManualTests/org/eclipse/swt/tests/gtk/snippets/Bug127132_TableColumnPackVirtual.java	f248de6038d88cae896a049a24c94d994201693da7d99d8154e12ec034096c91	e830781120f1624c0bef1682ef46def4a0de78121854d589e8b787656c2c1a1e	94866221124d033574e1f6fe45ae406fac3ccb59543f8c49fd3cafd89bf84fdb	44	true
tests/org.eclipse.swt.tests.gtk/ManualTests/org/eclipse/swt/tests/gtk/snippets/Bug127132_VirtualTablePackNPE.java	7d2b21cc40e941e4f1adfa30480f7b9f002bc44ce7e04eda4c87d4a420e168b8	7d2b21cc40e941e4f1adfa30480f7b9f002bc44ce7e04eda4c87d4a420e168b8	1b574f6fd2d56f4f841bd105063ef565c6a666d8c663383813babf0268137f27	79	false
tests/org.eclipse.swt.tests.gtk/ManualTests/org/eclipse/swt/tests/gtk/snippets/Bug133037_TreeWarnings.java	8df8d0da3914d44e065b45b42eefe7456389c8618dda3bde2adf4b8db9a5349f	96b609ce044e96d8a7b0a80f75e5ecbc7521e77c103c040b26e9618e0e79cc16	ca83e23b6502f4c5e248a805ea712f917c58dc55ed9b3a483a24480b717aee77	18	true
tests/org.eclipse.swt.tests.gtk/ManualTests/org/eclipse/swt/tests/gtk/snippets/Bug133039_MeasureItemRemoval.java	74d964b0fafd5f05b9247eae373ff5e0c4acd94982f92829751d5a4b74106798	1ecc560c97ad9eae3df11e511ea6f185c5f79661f5b7d820f4cb39cdc84b35f6	d68ea6789465cda61ad66186582d394937f2e94172b32aa7ce08ef161b73a6ea	25	true
tests/org.eclipse.swt.tests.gtk/ManualTests/org/eclipse/swt/tests/gtk/snippets/Bug133691_PaintItemColumnWidth.java	6832f518119acda8ed1f253e8b9a3fd8613d66e01c94ec183a900c1297e7786c	4a3663d5d998783712cb452ddb76c2d43e1d0298f45371fcdf94d749dc550f88	9cb32a3275f8e7025d3078c14b2a857ac37434537e7ba1199a8bd16e5c038952	26	true
tests/org.eclipse.swt.tests.gtk/ManualTests/org/eclipse/swt/tests/gtk/snippets/Bug138265_SystemMemoryUsage.java	83893d5bc6a2d4e03c241471157f38d419723515809db084f1a10935aa2d90c2	83893d5bc6a2d4e03c241471157f38d419723515809db084f1a10935aa2d90c2	17e0b27154be065ef8a757d29adb11533b689142022c6fb617aa115be385d720	54	false
tests/org.eclipse.swt.tests.gtk/ManualTests/org/eclipse/swt/tests/gtk/snippets/Bug144120_GLCanvasMouseEvents.java	d632b690bb4a6e3173200c7f1c2e6b65271571789e66d51ca37d2fc82339062e	9c1f14668795a4451d62929b280fb892b27a33b75771deaba24560f355346bde	14e07e034d9577d1718ecdd146de1a7aa3c1e734e01d24ac5b2cb31274d00007	51	true
tests/org.eclipse.swt.tests.gtk/ManualTests/org/eclipse/swt/tests/gtk/snippets/Bug147320_ShellSetBounds.java	fa6f1cd587c01a929c51b2cbe187f69b1bbc45caccdc45461d3cd86d9df4648c	4f8c1ed570f6febfa3cd9df0bc68632795369ee24a35958d41ee19c63e3d7f91	edc1a3b4f47e19f018ee374d79d229874414aeab6c5fe3954098a5f1c062a841	22	true
tests/org.eclipse.swt.tests.gtk/ManualTests/org/eclipse/swt/tests/gtk/snippets/Bug150015_MeasureEventOverflowTable.java	cb820c937edc82c15cb69a6641e2743b0329eae3e740701ff22e67ad531d99c2	abe0180f6ca3fefe21ea8943c62accc6f88a271501c80395a8d93c3ea6baf964	32c81475aa898fbfd48f40a3dd70d1a75900e8c52e5298bb3acb0352c7432692	16	true
tests/org.eclipse.swt.tests.gtk/ManualTests/org/eclipse/swt/tests/gtk/snippets/Bug150921_TextCaretPosition.java	7e5b6ea53dd6d9c809a8bac54d967133c808738b6dff73b751ad48ef7375b4f1	f1a38624d2037076a9467f5894b3b87ca45b7961cb8c5bdfdfb54fcec1ae7a7f	458e87cda38534595f83f13bdd8441af1eee3e1c311d1f2fd4eff8e4b17e39b8	27	true
tests/org.eclipse.swt.tests.gtk/ManualTests/org/eclipse/swt/tests/gtk/snippets/Bug151308_TableGetClientAreaColumn.java	08d2ef44e60fd8e3a2f5b1686bc19dec8e52f4dff4bcc5f23120ffa7dc1fef30	f3ca7975f4e0133df92dc47c73e86aa62d168a2534b91dceab679df34cd1e4d2	fff3af930535559256a826ce9c2d654d54716978d3ad1e7cca4a7285acc5b7a4	22	true
tests/org.eclipse.swt.tests.gtk/ManualTests/org/eclipse/swt/tests/gtk/snippets/Bug152916_ShellSetVisibleBounds.java	72169c04e61f0f8a513af83b4d861a25ae1c9dcc1fb52c7cc68273d4910d7b70	72169c04e61f0f8a513af83b4d861a25ae1c9dcc1fb52c7cc68273d4910d7b70	63c6bd2401dbe88d2460a960dfa3997ef5f411909e9894ccf0ef199eed742227	11	false
tests/org.eclipse.swt.tests.gtk/ManualTests/org/eclipse/swt/tests/gtk/snippets/Bug160691_SWTAWTShell.java	13e6c0fe8c4593727e661cb0196728e2eb685f457455fd55ff644cf2c2b3eed0	60519db22752c69352d5cf1f67745698fcfbff5b35b50f84d79126809840369c	456cc6f52ace7c5035a70ed721306cd80eb7c2c5ebcc31fc997ac22acb3ab486	20	true
tests/org.eclipse.swt.tests.gtk/ManualTests/org/eclipse/swt/tests/gtk/snippets/Bug164015_G2DDrawImage.java	9365c417ba18a7c6ce3c32142aed312496be37dbb802f08cf8b9b39dac1e8064	12c8ef2ad694b7a4f5cd63fd666148e738e1bc547ca734bbaeef75a9f3e68cda	0867ee5d3ed43d005004f242ddc1c05b6f56f5db8f5708b3c6d5624764e6f7fb	83	true
tests/org.eclipse.swt.tests.gtk/ManualTests/org/eclipse/swt/tests/gtk/snippets/Bug166720_TableEditorFlicker.java	abf85b42d221cff0df56504431899c701df391b8dc963f680e85453d5c34e37b	df53fe4d291298906f6bd47b3d8f8b1cebf3885f194af34c5176608e65113ecc	b874ec94bcfb2717a1576967e02d75fc8dae888798153ee983d35bfe99ab0fd8	36	true
tests/org.eclipse.swt.tests.gtk/ManualTests/org/eclipse/swt/tests/gtk/snippets/Bug170631_NestedCompositeFocus.java	63f27862f104e6d9eb54ccb370408c03a569620c4ae6dbf45129f28f79af7871	b079d1357b96c98f120b872c5998fb6092d8afebe8bba21b6e7a9d32b72eac61	ef223514428b1fe6acf11735c67b7137b3c8edb5aefb576580c8e08ca10a5368	24	true
tests/org.eclipse.swt.tests.gtk/ManualTests/org/eclipse/swt/tests/gtk/snippets/Bug171168_GridDataJVMCrash.java	8b5a1b7e202bbe2c3dc5f4382c39b3459cd3bcadd893a61df3c9034e86947079	8b5a1b7e202bbe2c3dc5f4382c39b3459cd3bcadd893a61df3c9034e86947079	753e14a33a7f481c773f28346ee5b65e8ceb9f255ac82979174968a63260109d	14	false
tests/org.eclipse.swt.tests.gtk/ManualTests/org/eclipse/swt/tests/gtk/snippets/Bug173335_DialogSLED10.java	3f118445f2a3b0be36dce0ce937886ae39af99c58605a3e70210d3f00fc77cc9	3f118445f2a3b0be36dce0ce937886ae39af99c58605a3e70210d3f00fc77cc9	5475c3c52a1118a3d7b08a822600a4b34579e869c55a8e1596da816eb3cbfb2c	0	false
tests/org.eclipse.swt.tests.gtk/ManualTests/org/eclipse/swt/tests/gtk/snippets/Bug175964_LTRClippingGC.java	45122dc648394b35d38be8f942effb1a151dba202283fe46fb95254adffb1943	51bff960def0c627111fee1a1e7e2a46579e86276d372049a9c0a5b500eae9f6	f5a8f4902273e9639900f8833c376672c0937e667f23e002493dd2ee31975c05	78	true
tests/org.eclipse.swt.tests.gtk/ManualTests/org/eclipse/swt/tests/gtk/snippets/Bug182598_GTK_crash_set_item_count_in_SetData_callback.java	793f428b5adc907ffb61360fafe538f2975c7a953986bac1fa913e6b15a9db1c	793f428b5adc907ffb61360fafe538f2975c7a953986bac1fa913e6b15a9db1c	1283a20ca8b2063cc4d05d339829e26db6ab3fff2983ae938bdf9840a4ad3218	33	false
tests/org.eclipse.swt.tests.gtk/ManualTests/org/eclipse/swt/tests/gtk/snippets/Bug182598_TreeAssertionFailed.java	9bb6c453bf776cb4fb17220d3ca8eef8c475c5826b053a56ab3c30526a836e07	9bb6c453bf776cb4fb17220d3ca8eef8c475c5826b053a56ab3c30526a836e07	7bff7dd54c3b3bb9dec801fe0591d5e3a6876c8746975f2c74cc5f76ef5129d6	30	false
tests/org.eclipse.swt.tests.gtk/ManualTests/org/eclipse/swt/tests/gtk/snippets/Bug185538_ComboNoFocus.java	69a3e439e372fd045b6cd2324d7d5ea8be8030292269c8be50efd79da6e27b59	ca85b508da27947e318188f680f97377f0f08715192796ea2c91ed4c91cf7e80	dd8778a91b7d4036d1524d9a435cabbe3b40c7a6a0b7da9cd05f2916e42c1cbf	30	true
tests/org.eclipse.swt.tests.gtk/ManualTests/org/eclipse/swt/tests/gtk/snippets/Bug185817_MouseListener.java	2a9c3ecde7fffc502ebba4e9bd3149e04d402c4868801317c33d10f13e684d2e	ff41be60e6642a8fe0aff85c5597bd2436c8e9369faa4f2ac9f669f31344292c	68d4285b83ab78fccda163f51ea7b3abe29e2e236ab274cc008bde86697bdebb	57	true
tests/org.eclipse.swt.tests.gtk/ManualTests/org/eclipse/swt/tests/gtk/snippets/Bug186038_DNDActivateEvent.java	10a09ddb601658488cd67c058b22ea0d0899d5a8cb64bf4916793b8c34bbd096	12765b9ccb85d82474882b1c1d5e2d2ec6af0f8ac50d02a0f20322fa1fcbd938	307b7ba2affc81c128bbdef48d2140a995e4b621e0de753676d6e18c9d2fdb38	93	true
tests/org.eclipse.swt.tests.gtk/ManualTests/org/eclipse/swt/tests/gtk/snippets/Bug186268_TableItemSetTextBottom.java	ddac72b090a3271ca0e885af5216b1a8103413144217948aeacb39807d8be244	50a3f0b15f01a3dec0831e437fce0d3d784dff78675a7b56b12c53e08ff460ae	f5ff49df393c793e63c3ee64b5aebae449ec8b0ad16d7159a7ffe862aad60047	32	true
tests/org.eclipse.swt.tests.gtk/ManualTests/org/eclipse/swt/tests/gtk/snippets/Bug191137_ActiveSelectionLost.java	1c4470e75476ba1e8984fb823747f2f3f11b7de5b1665149fe99f185cce2590d	a2ec1a8cfb086a6381845726d465082b264c711787dc71aa9354324ecb73af96	060009ffd8cb57014be3ffe27b50cdc338afa139e48b2890b03d535c89dd4c70	24	true
tests/org.eclipse.swt.tests.gtk/ManualTests/org/eclipse/swt/tests/gtk/snippets/Bug197690_CVSWizard.java	2367ffbe8b39cf1896b3417e7c67b356fca8e30db8c27cec5f816e421dcc7895	c1fa99b338147e6d8ef0387ffdd13a436c658aa3353ee47d13d1fa98669f60ac	bd47440a8e08aeee33bf3a3e0729d76b04ce271cc0367e019f36e1f3007b2403	18	true
tests/org.eclipse.swt.tests.gtk/ManualTests/org/eclipse/swt/tests/gtk/snippets/Bug197785_TextSelectionBehavior.java	fa4db4e917a0f03afa4caf2404325c3758b5ae3a97207e819fabd0966482c5c1	974deaa6d1ba73ba98041deb51242ab7b9d0833ab6496f6938158938462fb577	a40a85307e1876a14f45b6c810eccc81284947a06623986d093a492511f6c5ef	27	true
tests/org.eclipse.swt.tests.gtk/ManualTests/org/eclipse/swt/tests/gtk/snippets/Bug202013_ShellControlDisposed.java	1805476e9932cb17868269e43696a7ee182ce66a22a41abb203573a40243a95c	1805476e9932cb17868269e43696a7ee182ce66a22a41abb203573a40243a95c	33ea6acb164faf9e1c89ca498f8705f967d7e98ac8ea7a098d2743496da247a8	19	false
tests/org.eclipse.swt.tests.gtk/ManualTests/org/eclipse/swt/tests/gtk/snippets/Bug202395_TableGetTopIndex.java	bab23d49de7424956e843975151138a05346f5d31944f0609d26271c929636a3	112d7e412b6031c4c29a6f576b4152c86bc59c1d261695254bd69f4f471aa653	c5abdf43fc22fa39e649e91d92f7356602d575256decdd24e1735d0692285c63	27	true
tests/org.eclipse.swt.tests.gtk/ManualTests/org/eclipse/swt/tests/gtk/snippets/Bug205199_LabelSetImageNull.java	9dd320883f518669552e90d7345f0849942a0d276446e7d93c36d74339244778	96e7136b778574ce859b4bb67e4fdfe434f671cdee60d84e5b53995fc44529d2	0233c1469f6b240e17c54c447e8099a872efac134e56de5f2a1e33bfcc0d6013	36	true
tests/org.eclipse.swt.tests.gtk/ManualTests/org/eclipse/swt/tests/gtk/snippets/Bug209975_PopupListOpenFocus.java	43fb436bfe9a2d9c7466b980f5797f6b355df1b2c3f7514840ca3e9c89c633ba	43fb436bfe9a2d9c7466b980f5797f6b355df1b2c3f7514840ca3e9c89c633ba	1ff8ef9c418b6aa478676d8283536485b855d8f13e200fd0d908cbe72fb5af30	30	false
tests/org.eclipse.swt.tests.gtk/ManualTests/org/eclipse/swt/tests/gtk/snippets/Bug209977_GCEraseItemEventBackground.java	81b75374bc557f8b56b69c33a7b617d7e61a53b9931a82977d41fcc1d08a59f7	f9b644af15a90613e2a6e46648882a47217a909ecb7a22b6b3ffd5c2a8fe72b6	22aec1b8e7b79fff3da8e6fb54b023b18d03701d40186e8da833ad0c00ede50a	28	true
tests/org.eclipse.swt.tests.gtk/ManualTests/org/eclipse/swt/tests/gtk/snippets/Bug210915_InvisibleShellLocation.java	3a6c05d4545ee57ccc0fc24f9c55dd8bd0b0284c914001ee2bcf5dec22ed22b0	6694dde94d5ed3ddca529f22e7c5638f9049d714d7d5e94f3845be4714096472	479a0772c3e4829824820354e606ad41983e678284158186229cd5ab08fa1682	43	true
tests/org.eclipse.swt.tests.gtk/ManualTests/org/eclipse/swt/tests/gtk/snippets/Bug215268_ShellSetVisibleFront.java	bfe6514aa5eba1db20cbc502f43446f0821a3e70e09f504869785e43aa73deb4	c141d32a837cef708fb062bb732b5aed6b6db7acce3b35475696f9e0907f2609	319ac39d06db0b71cc404c959381e86a09fc4c12815a5573bd73d70524be080b	20	true
tests/org.eclipse.swt.tests.gtk/ManualTests/org/eclipse/swt/tests/gtk/snippets/Bug216245_ScrollbarInconsistency.java	c7260ea5bdac5c0f52a2809e09f06c8bf9a93db5c8bd4319aefed2251c68a799	750829771a930cc626d8cb94965589fe710d0a889188ac218c7350a013445dff	eab693ef7d574af336f16e54c40774321214b57145dd0004023d6632faeb6018	54	true
tests/org.eclipse.swt.tests.gtk/ManualTests/org/eclipse/swt/tests/gtk/snippets/Bug217324_ActivateEventDialog.java	5bb3f98b17a5b05b937f5cf2ab7266dace2c46ff12c1a346f69a701871e0b5d6	a46c8ab6ad3018ea8e6f2bb5a08aa9d0c62f5c101d6df17544202e43423f551f	da2a6e25d2a8bd81f44a5f819f388b03ce1a71d47a8437ba37173ce7371021ef	25	true
tests/org.eclipse.swt.tests.gtk/ManualTests/org/eclipse/swt/tests/gtk/snippets/Bug218935_SashFlicker.java	f7e78a1e6db6a6b66e83ee8caeea92288679cad543450d5b52861cfddd2e230c	f7e78a1e6db6a6b66e83ee8caeea92288679cad543450d5b52861cfddd2e230c	6923ca43548bd80eac9f6c02f2fde0da7a89f314e8a9e1c1e1e8b001156ca847	72	false
tests/org.eclipse.swt.tests.gtk/ManualTests/org/eclipse/swt/tests/gtk/snippets/Bug221240_AWTJVMCrash.java	77cb85b48f8b10297829eb0d15720d1e30e81a89228e3113ca7a6112c32591ae	77cb85b48f8b10297829eb0d15720d1e30e81a89228e3113ca7a6112c32591ae	b8e6d9fc488cab7e856e0ad47dbff400594922c155a79dcfd12c309f8bc81461	37	false
tests/org.eclipse.swt.tests.gtk/ManualTests/org/eclipse/swt/tests/gtk/snippets/Bug221611_RadioButtonAccessibility.java	759038b1dd377a944c1c77def39504915f5ae384577fda999967ef4d291a4759	dd6e695049d0b0f99a78b3d24bd3079045e43b17ebcbfd3e0cee974a726d16a9	56f634beb50e92d853996182fdffa2755c019867c7e75bc0a3bc243c17467f7c	23	true
tests/org.eclipse.swt.tests.gtk/ManualTests/org/eclipse/swt/tests/gtk/snippets/Bug221955_BackgroundModeQT.java	84a85ae04a8bc95cf54165a4a6ea64cafcb59bcd38ba56a06e0a1abc745bca14	f9f5892b31c7334cabaf98294cb56021da6485a172cfd8fa22775ac6cc6ccd2d	3e1d4bc03a0ca093e8754fe883a87305870800fc0181a3d7fae0037990ab07b8	47	true
tests/org.eclipse.swt.tests.gtk/ManualTests/org/eclipse/swt/tests/gtk/snippets/Bug221962_CTabFolderCorrupted.java	fd580bcbed8804420f18b9647ec0446a959af08c00d7b53190aaed6f811961e3	fd580bcbed8804420f18b9647ec0446a959af08c00d7b53190aaed6f811961e3	7da231bb65c05d706c8f10c023809527dc73c1fa7a3419253c34e1fa20d0668a	18	false
tests/org.eclipse.swt.tests.gtk/ManualTests/org/eclipse/swt/tests/gtk/snippets/Bug223864_ToolTipToolbarButton.java	b78acef576892d32162cdb35e7bcff8dfd01a06aa6d5233ecd68713d675f22d6	5f2d88a10a7914594d38abede3c8a1d09e77a7b778761f1dbcfcb7b805f8678a	a13382e96fea5c15016bc281789d081c091390cfc2884ca04a008d03e807b9b0	23	true
tests/org.eclipse.swt.tests.gtk/ManualTests/org/eclipse/swt/tests/gtk/snippets/Bug225725_GCDrawing.java	bccd950c0699e54d0297a782774fa92cfd6271ccfd40320f1e5c17ce68f07830	bccd950c0699e54d0297a782774fa92cfd6271ccfd40320f1e5c17ce68f07830	46db1b1d0fd5eb7d98601c6b2e3d5f6d2f2f442db396be63675ed7bb851e4939	77	false
tests/org.eclipse.swt.tests.gtk/ManualTests/org/eclipse/swt/tests/gtk/snippets/Bug227261_FocusTraverseException.java	9db57e97ce4c7ba316776e813790b840fa65b85889a3790c736390e43af5a236	9b0aae4d6c8b5688b9df197781a8c5642d46d2135f65d0328bc674b950ecf22e	a2ec11027b084c099442075bd3b8f49d2255d553d3d2ad8ed0733666082da341	21	true
tests/org.eclipse.swt.tests.gtk/ManualTests/org/eclipse/swt/tests/gtk/snippets/Bug228031_BackgroundInheritancePreferences.java	df547f3ee42efe644bd0ce1fe04600de3bb68d80e180cc89b18dc77da53cf944	e69a9fed2abbf85c451d07faf6117271ff79643a1c86a0807470c51df7e6c08c	677629298bbf60d4a3274c09cc03a175718df58efe12cd7436c3cb78d765648c	19	true
tests/org.eclipse.swt.tests.gtk/ManualTests/org/eclipse/swt/tests/gtk/snippets/Bug230385_ControlSetGetSizeDiscrepancy.java	604a0aa851e2f7c501b6f9e388a99b17a19af421df4e5943def385d32ef4ba53	604a0aa851e2f7c501b6f9e388a99b17a19af421df4e5943def385d32ef4ba53	b3a3bde6b389ec903c76c95cdf92463317e2121c64153607791a819fe66b2b7c	13	false
tests/org.eclipse.swt.tests.gtk/ManualTests/org/eclipse/swt/tests/gtk/snippets/Bug230422_TableCheckBox.java	c7f63bc387137bc49d0e59042174164a0ecd83cc7d2b0dbe621f5009e23cf453	01924708c705fa83f5c2a23a14ede246deb22d6cc11851bc165b3f0dc660cbae	f51948b71b057921aca95695f73f4f851ebc8ff92e86b54ace0a06e50e8b49f7	43	true
tests/org.eclipse.swt.tests.gtk/ManualTests/org/eclipse/swt/tests/gtk/snippets/Bug233897_BrowserNeverExits.java	e094de741fd0636f387bc61f333295217d34bedf82b912316789d80d8d811b8b	40f8e52a5016d7a113c0f01e2ca1bd703485b21d6870def1505c014f467a8d33	6b0232990eb6d124de0e8ba85723c19b1079137176a7555278be0ae7dd1c764c	12	true
tests/org.eclipse.swt.tests.gtk/ManualTests/org/eclipse/swt/tests/gtk/snippets/Bug236863_VirtualPerformance.java	32236cbb011c6944e6c45cd8558b3fc684df4305a425eb5d434fe2819d7a554a	0699f08c27e23787f9fed5f55c3f2733bb96d3eb408a30256934aacea8081d62	520ccb8c4a72573d58c5277da2a22d143504ce1e4fd484554b684881c99a220f	23	true
tests/org.eclipse.swt.tests.gtk/ManualTests/org/eclipse/swt/tests/gtk/snippets/Bug244274_ShellNoFocus.java	bf0f052244e058468d65ea3c2b36503dc12be2034f3e807986404ddcdd42fef0	dde43d1d3dba54f00a8a8ac0d5ebbdca700dbb1b1245c4f00017aaed4327072b	269432112e5978052775f456bd96edef7ff0d544c242c20b866fa515f6761eb6	41	true
tests/org.eclipse.swt.tests.gtk/ManualTests/org/eclipse/swt/tests/gtk/snippets/Bug245593_DisposeWidgetParent.java	c15ba9c26d5e6248ede08fc338df90276d170713681893f6e09ead7431269b6d	4523f4ffdc843e6b4c7ac7f33ecde844894f773475328cc46a5f0385c5c8a779	802ed1271cef8a12a5471cdedebe7a14b9bd2f40f5f60c508115a6f433815520	30	true
tests/org.eclipse.swt.tests.gtk/ManualTests/org/eclipse/swt/tests/gtk/snippets/Bug246196_getFontMetrics.java	e421c1f6fc082d5876929ceaf8f8676e87e81a8126692feebaaa8e0b2816ad6d	e421c1f6fc082d5876929ceaf8f8676e87e81a8126692feebaaa8e0b2816ad6d	b8d307c86432f50e45fc8a8b52a65d845031abe1765b9cf96042a2832eca9aac	33	false
tests/org.eclipse.swt.tests.gtk/ManualTests/org/eclipse/swt/tests/gtk/snippets/Bug249689_MeasureEventWrongBounds.java	95b70058c10ceb4226395a75df99cead6bcc6f59db5f8351273a77baac1ffbca	35f4df2840e856982fb139233ddf1f6dfeeb668ccd63d6f4793900c98d380b87	d297110b9388ccc0cfa51640e72c9df39b67128ea8e75fc727d3852639f19b5d	21	true
tests/org.eclipse.swt.tests.gtk/ManualTests/org/eclipse/swt/tests/gtk/snippets/Bug251354_TabItemToolTip.java	48b7ff97a2a2691bbe21162ba53c017e592f4688bb87b0d24036a2ddd401fd6e	48b7ff97a2a2691bbe21162ba53c017e592f4688bb87b0d24036a2ddd401fd6e	33b052027e28c428380a3955bca808f940426dba6890b2dadbd08868f1ef5f10	41	false
tests/org.eclipse.swt.tests.gtk/ManualTests/org/eclipse/swt/tests/gtk/snippets/Bug258196_VirtualTreeResizing.java	f5b699d53021f9c90100f2aa5f5f9bab38c9399144fbd4c0840ed677daa5e053	f3a1622728c3b8fd17a8797086d823c1fe8f16dd024a43261683ef6ca5134292	e770c48d892aff5af5559817806b897ba46a99a68dbce3c7c0b49814a84160d3	31	true
tests/org.eclipse.swt.tests.gtk/ManualTests/org/eclipse/swt/tests/gtk/snippets/Bug261288_TreeBGColor.java	79602de18ddd8d3c419c124c0fcd2ac63d97e58e2920c66e8560bd43ac1d814c	a499b8dc9f388da10160845e0dacfc74316b54981d279be01a69a6e5aa0f81c0	1c8400e54f0d4a20d637167ab6f6b1633875312270d31ced1ee5348b19628000	22	true
tests/org.eclipse.swt.tests.gtk/ManualTests/org/eclipse/swt/tests/gtk/snippets/Bug262971_EraseItemNotSentScrolling.java	de18d2b737855ec305db234bfb2369fc3e8c9792b879a8bf42073dede2c24305	93e9da69f164c7a1929e2b2a953af987dc03a085d606222acef0deb90f93cae6	1539d5426385d6d80f5dbedb9f7ce00b9895c07c4733bba8d700cdf969a5d461	47	true
tests/org.eclipse.swt.tests.gtk/ManualTests/org/eclipse/swt/tests/gtk/snippets/Bug262974_ModalBrowserDialog.java	8f575b7e83fd72ec30a38bf1890dde9f6a69abd51498798d1b19c4da55de36e1	8f575b7e83fd72ec30a38bf1890dde9f6a69abd51498798d1b19c4da55de36e1	64e41df8a1207e10443081e8af152e834ccb7b61121b347df185e1e184c2ea8e	28	false
tests/org.eclipse.swt.tests.gtk/ManualTests/org/eclipse/swt/tests/gtk/snippets/Bug266150_setDefaultButtonAPI.java	43d5f120a406e07edfcceb1be0b8bc594b9e850ade09c4f3f563be1193a05159	240430e6331fe9244f938f7b1fd4436e6ee7909054a3ba52569a9f2e097c0d9c	43a8e53f23132e2173af23b9275226f773068f100cb0fb9efc9a94bdbb90c1a2	24	true
tests/org.eclipse.swt.tests.gtk/ManualTests/org/eclipse/swt/tests/gtk/snippets/Bug268105_JavahelpCrash.java	96f73933ebd82943c8d3c1ca85637ef1834be08fb96cbb77752fad1c1e720ce0	96f73933ebd82943c8d3c1ca85637ef1834be08fb96cbb77752fad1c1e720ce0	eb09aafc4a5006dcf154440fa1e3e751533055b8f938aaff51fd35481a5ff5b2	0	false
tests/org.eclipse.swt.tests.gtk/ManualTests/org/eclipse/swt/tests/gtk/snippets/Bug271024_DeviceLoadFont.java	980da132646839bda4de4334ae18d6ace655d1097f198ea7a3eeb7cf9d97fb53	980da132646839bda4de4334ae18d6ace655d1097f198ea7a3eeb7cf9d97fb53	ab1c74a2458d3d78eb77330edbc71d37ea75b9ef4c5afbb880d2bdbd051a46bd	8	false
tests/org.eclipse.swt.tests.gtk/ManualTests/org/eclipse/swt/tests/gtk/snippets/Bug271032_CustomTablePainting.java	5faa92fb07ae6827bda91d6e681b4add928914f312c43175f0f44a816b284473	5faa92fb07ae6827bda91d6e681b4add928914f312c43175f0f44a816b284473	107b97b72ddacf23f85a7cb5e578fdf8cd392c3e8a22df05b2806a9bd64bd782	31	false
tests/org.eclipse.swt.tests.gtk/ManualTests/org/eclipse/swt/tests/gtk/snippets/Bug271404_DnDCCombo.java	b4908e3a9a32665723176811999d423e68cf1d1f74e929d3a8cfd9d3e1716e23	a062d94c79b9117d71ea6b783698b9fc7f273ae45d6c8843d420b4ee809e8bed	85bf1f003521d0a647329a2785493cef415463fad873a9f7071e78bdab970870	33	true
tests/org.eclipse.swt.tests.gtk/ManualTests/org/eclipse/swt/tests/gtk/snippets/Bug278882_ToolBarBackgroundImageTest.java	dc30781479900b434493c0ae780b9dcebeae30b45d8bed56dd7c6a20599c8658	574bfd4d7edf0b78411b49df58b01538cfa83fd700e9e0e9f48fd682701b79ef	0db2bb201560ccdb0f64e5c7194174317f65f459f5fde42d9106adb8fedb1931	28	true
tests/org.eclipse.swt.tests.gtk/ManualTests/org/eclipse/swt/tests/gtk/snippets/Bug286244_ShellActivateLoop.java	adb0288eaf1c78265a74aa1b6caedc99c210ababfff5628cd074d632b700c777	04338de1bef80781448252789d8e96da9ca397a2887fc9298da3c842c912bd8b	20d8458018ce26288e2ff9dff08a25635b0ce5b516dd68f737470e87df9c6e91	27	true
tests/org.eclipse.swt.tests.gtk/ManualTests/org/eclipse/swt/tests/gtk/snippets/Bug287038_TableKeyEvent.java	507acb1592388ebbd6a35637f548e08950a908b15e1aa5a7060edb9986635c85	a5812b1d34b701afe06df894008c1e806ad142c7667b227fd37c32f861adb1f9	c7d655fcf184d8136e9a44db7001570b917510747a9e2dfb5427dd590a332eb0	31	true
tests/org.eclipse.swt.tests.gtk/ManualTests/org/eclipse/swt/tests/gtk/snippets/Bug288357_ComboBoxCellEditorExceptionError.java	5752c9490ef55a2360e39103c28f239bdf5efa5d26610b2493ef7bdb04382b87	5752c9490ef55a2360e39103c28f239bdf5efa5d26610b2493ef7bdb04382b87	799ea6dbab8a6b8524e8436a611aa8a438ef4b04e02e9fe2ce2a67c13cf960b5	0	false
tests/org.eclipse.swt.tests.gtk/ManualTests/org/eclipse/swt/tests/gtk/snippets/Bug290650_FillLayoutComputeSize.java	48d2aa6db17969b8e9aceb1cd69d836607a7409b2871e78cd63b9bf48ab32d85	5ca483d8a72d33164e174a4cf5f942d1fbb8a2cae52c48a9ab7602649093f1c2	3af50b967b2b258c6d89b2c1db3e478fc1ed2741d143906207700fcef48f1864	32	true
tests/org.eclipse.swt.tests.gtk/ManualTests/org/eclipse/swt/tests/gtk/snippets/Bug291073_CrashWhenPrintingToConsole.java	ba5d05732c711636c1236dc0bd77ce96271ef25db27041f72d52402eab3899fd	4d348c88ce55b713ef16d0525308a04262b69faa8ee376cc51abe8b4df7b2f46	c59d822153a85e276f4b07800dee0976ca6977a903c14c1e54b34257d6dbd0c3	37	true
tests/org.eclipse.swt.tests.gtk/ManualTests/org/eclipse/swt/tests/gtk/snippets/Bug292413_MissingSWTFocused.java	656d49f93bab3e67f46781e39ad29826b972b2d6dc2b71644410b716be5994fd	4210cefa5845ede1d8addaeff67a202e390d2ada6f35b578bfc726f17b8c966e	fba97c79a245d679ae9e5b1186a28c60ddf7c98195a83f77a8529ae056964a6a	30	true
tests/org.eclipse.swt.tests.gtk/ManualTests/org/eclipse/swt/tests/gtk/snippets/Bug292459_ToolTipFlicker.java	ad9301110e028b12d9c902137dc307787c67d01ccec96ba13c4d46ee3ff32629	ad9301110e028b12d9c902137dc307787c67d01ccec96ba13c4d46ee3ff32629	df88d9ccf7db32b3470eccf0bb1c85fec02b93001ac036ea5113ed056cbcbf65	26	false
tests/org.eclipse.swt.tests.gtk/ManualTests/org/eclipse/swt/tests/gtk/snippets/Bug293581_NO_REDRAW_RESIZE_noeffect.java	1cc4cb0b58e2f9428b2b9630fdc8d2b56629935fcb5b2a523140f9306b332932	d5be6f38cb4b8ecddfeef26add78ee5902976c135645e3daae513567a07504e4	37388e9183807b3b23a0f97b877f4b635cbde9601514b0db60c3051956f2047e	19	true
tests/org.eclipse.swt.tests.gtk/ManualTests/org/eclipse/swt/tests/gtk/snippets/Bug294300_TreeRenderingPaintListener.java	88887e3ee8762bff1978bc33a005c04b69706db054f5463cc5c5b9446992260c	81506ae016c58a969069cfb8d135eb2b743b1c95d684aa44a80fa0baad10e9a0	defd9bcb9baa218cef5bb9a7bafe8dc1971ce1ef61e98a80c962a6a2b8bdba71	105	true
tests/org.eclipse.swt.tests.gtk/ManualTests/org/eclipse/swt/tests/gtk/snippets/Bug299045_TableLines.java	5fb158e833ca83bef474a42966187ac1619c305ea036bd9058e1aff23dcd28d6	84200f2e62c0faf9a498aae4580dafd7b7c5048151e250923d18348c5dedeae7	cfbc5d9e9c0f7020db5c1610a7bdb5c6df1c24b6eab96f5508871f63f32a6edd	65	true
tests/org.eclipse.swt.tests.gtk/ManualTests/org/eclipse/swt/tests/gtk/snippets/Bug299492_LabelCenterWrap.java	8517a8b141908393209cc7c82b02edde0aa93cd0b72883d35a70fd106769ade6	8fb49850de277b8f2fcdef72bf831a11eecda67542313e3dbb1d09e89e82a6a3	d5b9c6ea1d6a455167e7f45a32be1cfc08581bcedb9d817efe15bfa66f7fdcb8	36	true
tests/org.eclipse.swt.tests.gtk/ManualTests/org/eclipse/swt/tests/gtk/snippets/Bug302171_AltGr.java	df03b38d31f8ca054af62dd547b475a10a58ad1bf273e0c991edb84d79fa0529	a2c45293f750d891eb19f00c0a06ad92966f34f01e53ca4b7ec4675a9beb83de	fcb8f28c19f04d12cbedb7c5ad7cda37f1a98855c0d559ce2e7ce182b0ac2145	61	true
tests/org.eclipse.swt.tests.gtk/ManualTests/org/eclipse/swt/tests/gtk/snippets/Bug302918_ToolItemDisabled.java	26e13f1cec83bd59776666b66067c41d7631f76e9d3c0b3bafba0ddba38084fc	13a3b406f33c5a1224d8f7e1adea7441d3fa457e30c77363c40b3601087b2b75	e05ec0f6ba624f509467f03e80085788812c4ea87639dcd3f3342018201c2b04	50	true
tests/org.eclipse.swt.tests.gtk/ManualTests/org/eclipse/swt/tests/gtk/snippets/Bug302918_ToolItemSetDisabledImage.java	e40dd37e3212ff11c3bf2c6a13b6e77adac17d26dc95774609c45c229beb51f8	5d1aafaae42dadbed9fbfd98b9aa2409c92e7ca82a68cca6f576ac967841de22	53c0404cba00fa72e27dbd67015b7e3c72e43cab399788b43d07877e4a4d4918	44	true
tests/org.eclipse.swt.tests.gtk/ManualTests/org/eclipse/swt/tests/gtk/snippets/Bug302956_ControlFailedMouseEvent.java	d605828df3d966c97f1e423ce8d154e86b53853aa122b363112ba37a775c9fa9	ddedd74706537af4fe1fac9577baaf358c0acb7ab873992979daa634fb0d9e86	8164f3b58a884ec77f5cd8dac54226fc0c7ff8bd5f35d903d0e167f57c05c217	21	true
tests/org.eclipse.swt.tests.gtk/ManualTests/org/eclipse/swt/tests/gtk/snippets/Bug302961_TableItemTrackerUpdating.java	516598f011d5b9706bcbb105796ffb17216d46e153bcf4976f918c35a08283ac	7968e9f63a06a526dc89405a745ac104838f243c3cceb7f6ad3daa2b79af5490	16bae78e060d749ff33505a7a29d865335793dbfbcb5f8e255b273e99284323a	27	true
tests/org.eclipse.swt.tests.gtk/ManualTests/org/eclipse/swt/tests/gtk/snippets/Bug303710_ForceActive.java	9e20f97204fb701d8f109efa054e1028795c53cc0a8907cae710694f1b5a3512	e9dac609eecdd42195dea49d509474682d66e5cbd7c4c19c55984592303fd799	c480cb2824e4c8a6820ba43284755c2ccea3d0df5f8bc698a3d446e178a15da0	24	true
tests/org.eclipse.swt.tests.gtk/ManualTests/org/eclipse/swt/tests/gtk/snippets/Bug304020_TextLayoutPerformance.java	d2c13ea058b8946db2953db6d7d2aa24bc70584abdb2e9bc07899a156f213bda	9e96f4cd4a8ff8a1c92f3fd0d143ae7b85af5b7125d91c30acb78cc39c58e2c8	3880d84d4475a163294c6093e42fa3fa0b6919673b8d3f6afd7138ba45aef59e	24	true
tests/org.eclipse.swt.tests.gtk/ManualTests/org/eclipse/swt/tests/gtk/snippets/Bug304893_CcomboColor.java	d2d4b927ddfa472fff4b47f5ba69cb9e71dc6cfa90a374b8bb8bd18a0dd08fe6	c2bcdc0e599395d692ca3f239d69eaa6707d15799e01d743720cbe3c0ac715cc	f3a1f2446a11a5f86e0b144d1b4cb7b32fb0886296e0dedb7be100709bb277bb	20	true
tests/org.eclipse.swt.tests.gtk/ManualTests/org/eclipse/swt/tests/gtk/snippets/Bug305864_ListItemHeight.java	ccbd0ed0e76a4100816ed9b41577646bf5ad7ad6f2bc7b72eb15fb1fc16d7a40	ccbd0ed0e76a4100816ed9b41577646bf5ad7ad6f2bc7b72eb15fb1fc16d7a40	03c80fbbc20cbb079c21a9c507bc046618ba04f49133529dfcfe2d128efb219c	107	false
tests/org.eclipse.swt.tests.gtk/ManualTests/org/eclipse/swt/tests/gtk/snippets/Bug306067_DesktopEffectShellEvent.java	b5e973e30b5c6e329301c21ebf464207b5fe1c2abd387221cdd23919d500ddfb	c8caeb47d8131efd65ea5d214126a0419bace9dd74e90ae1cea61a5de2152444	3441cfaa5046990036e9a636af8f61b7f637a3f994fda0aa7376fad9595059b0	54	true
tests/org.eclipse.swt.tests.gtk/ManualTests/org/eclipse/swt/tests/gtk/snippets/Bug306490_SwingDisposeError.java	65861f8c609dd340f3425284cbe207da8162adf9756aaed17d2ccbda20ad4e60	82de7221375b837c92dfef018567da39e4e00466ddd270bc4e885d230d56c1ba	d170466556bd230358f98116a480136461349d99573c4015836f5fefb076d1a4	27	true
tests/org.eclipse.swt.tests.gtk/ManualTests/org/eclipse/swt/tests/gtk/snippets/Bug307441_DnDOverlappingControls.java	d7ce75dc38cf1eba975ade9ea13da06eeb0782241289448d5b43b497cc07133b	2097a2d6423f0c529236e87a4d79990b5f005105235e178322d8ca26c12888d7	8a6f5625badfbe5f907ca25d7844e77ebe40f2d425dc4cd497da177471937dc3	86	true
tests/org.eclipse.swt.tests.gtk/ManualTests/org/eclipse/swt/tests/gtk/snippets/Bug312919_BrowserPaint.java	91878768fbdce10450a723922ae381e70d622726912fb3fcf3755245d3896442	1eddab8342d278ddd55a4b57d72348cb338f569320584096067128869d0b9aa3	8312481a66bb0d505b219e5bb8f7e78d26de70f1d21414a8e45de2570c1e3d62	33	true
tests/org.eclipse.swt.tests.gtk/ManualTests/org/eclipse/swt/tests/gtk/snippets/Bug3138_CTabFolderWrapDiagnostic.java	8fca89118935e251ee3c5e3a97d3b54f4d8bc66b565ae6f91560fb834722a449	6faed78202797b67d6b512731b00f4118c5cc976098551105f02491826315906	4d56bace88c8c42a596e284cfad23350cc8028a1a5b144f853b559e655c7c5d1	76	true
tests/org.eclipse.swt.tests.gtk/ManualTests/org/eclipse/swt/tests/gtk/snippets/Bug319612_getSizeResizeOnTop.java	f52dfca105e2b69578151a8feff9aa173a2944b90ef21162ecfe86a3d10004b6	820a62d5f0d6c77745baf0dc13822e11a42f637fddfc40949fe83be56aeed6d2	43b5f90240876bcaf9149ddb55fb03a17716e594bd7e4b107e74380df3e894c6	29	true
tests/org.eclipse.swt.tests.gtk/ManualTests/org/eclipse/swt/tests/gtk/snippets/Bug321573_ImageScalingLeakTest.java	4db6de5fa377bd9e2ef3761d902c29ab58ecfd791bee3ae8d74a23549b2547ae	12481477f6baf5bb28afdea7bb78c26c886751f24d58741aa78dcc647cd23b0f	f08fe558adf45e66cba25a3f91dc316eba6838b8dfc6b77d8d4e54ec64038397	31	true
tests/org.eclipse.swt.tests.gtk/ManualTests/org/eclipse/swt/tests/gtk/snippets/Bug323044_ReadAndDispatchTrue.java	1bff873eabd77fbc8af654dc9182c945624ab177a62073e39ca2c7109cf97b54	0dd8ee8d6603d4e6bcf694e6f6c97da4a337c58805f2c984ca1d536a82a343eb	cc4f299ee23ccffab892881b7641e89a349094ae696ee6f31a16e7e3b173c90e	37	true
tests/org.eclipse.swt.tests.gtk/ManualTests/org/eclipse/swt/tests/gtk/snippets/Bug323240_VirtualTableSlowScroll.java	eb8b997980c1c957f4fc29457e0d546913141eb339b0525408acd01e040c3984	742482d05c571a0dc69dac71134d05546133db27d7cddf9609a406b3a7db7b34	c4e24a39a231069feab0685b6086d6aa585bb92fff8108e9c075695e199e6f77	47	true
tests/org.eclipse.swt.tests.gtk/ManualTests/org/eclipse/swt/tests/gtk/snippets/Bug326117_EmbeddedBrowser.java	9da8994e7cec15d3ca00ced10145fa03c0590b8371b2bb308b5f24de795c1cc7	cd87c3a335b82d66e8c3c02238558a26322944bd8b7d0fe41d51fc1f1777821e	3b075daa26e8682fc2219c7852f5680330a799a2a8919f3082240906965c1b25	26	true
tests/org.eclipse.swt.tests.gtk/ManualTests/org/eclipse/swt/tests/gtk/snippets/Bug336238_ShellBoundsTest.java	c34e17aaebb4d2b3bbc6695c2494ef384262b8f81efb5ff456fadf3cecb1f458	c34e17aaebb4d2b3bbc6695c2494ef384262b8f81efb5ff456fadf3cecb1f458	e6d8b9ca4646f07a82a0836ebc432a6e8e0906817b267c1a0caa7291ef042134	15	false
tests/org.eclipse.swt.tests.gtk/ManualTests/org/eclipse/swt/tests/gtk/snippets/Bug336238_ShellSetBoundFailTest.java	292356822348345d426b6b2688a48428ae83fe85bdcf68b3d49c2da3b4fecad1	292356822348345d426b6b2688a48428ae83fe85bdcf68b3d49c2da3b4fecad1	62a730603e1806903ea41f1a139b55443f9f5ec9a126c6c5e9f8ebf9f0c7450e	17	false
tests/org.eclipse.swt.tests.gtk/ManualTests/org/eclipse/swt/tests/gtk/snippets/Bug340752_ControlGetSize.java	4e196770791f4c4d684d3c9c93f41574161f6a9b31dfcf3434bce1bbd5a86988	4e196770791f4c4d684d3c9c93f41574161f6a9b31dfcf3434bce1bbd5a86988	2ddc20079a1192b948706190667a0e68a8397a47ca58debdfd083471a419bb20	98	false
tests/org.eclipse.swt.tests.gtk/ManualTests/org/eclipse/swt/tests/gtk/snippets/Bug341117_ToolItemDeactivateNotSent.java	814d77586c7e146db84aa1748e62cbf5f3fc588b5851012294cb4fbcc17a8fc6	814d77586c7e146db84aa1748e62cbf5f3fc588b5851012294cb4fbcc17a8fc6	1028c7f55a08c07a1ecde7337f7bff5ce2a1665058951ce3a1bf3f6128178ada	27	false
tests/org.eclipse.swt.tests.gtk/ManualTests/org/eclipse/swt/tests/gtk/snippets/Bug354351_MenuSizing.java	02120ace4e8977444a57da6d7ebf20b3da3dda92b6aec4e1f9e57884a0acbda7	cca72ef781403fcb2c432d151994587d2db5099e018918eb52e9ef289c4029ff	1a7c9cc002a456871dc942f50c8c0a2432cae3fdef5e648dffd12412527e5701	32	true
tests/org.eclipse.swt.tests.gtk/ManualTests/org/eclipse/swt/tests/gtk/snippets/Bug354842_PecoTestSnippet.java	542609eb29bb280735e30df9c0663d53ad743ac4ef667b24f89d1fcbdfeef046	d7d58acc5271945b9f14f42ab33635eaf5531f2c03126c807ed3abeb29249f1f	5da125accde4ff99e8074ae58878a51b2d2a1b9326c4aafe6a0d2f8d943cffbe	25	true
tests/org.eclipse.swt.tests.gtk/ManualTests/org/eclipse/swt/tests/gtk/snippets/Bug35644_GCPaintListener.java	3c75b956b2108ff6920d2d87b4b1db3cc3cd9331298d478ebebb86edffc705b0	4882f3313f30093f8f3de7f101e8f6d2e6fc5231ab8f6934d556c9e349127186	b1a16300ddfbdb89eafe6d3cc6778a2228deb78daf64598170143abd54263b0f	18	true
tests/org.eclipse.swt.tests.gtk/ManualTests/org/eclipse/swt/tests/gtk/snippets/Bug35783_DnDMouseExit.java	8eb05ae924a2bdc0548f014e339787c2385ed9ac034745b4ffdcec6055a11cbc	1999863872ee43a599fc708dd0e3de614c63edb72874c84cea066e3da4d4b101	5b19fd9220608c8968a66a5a2be2c0876765c211059ae4e05921aeeaa93b2af4	21	true
tests/org.eclipse.swt.tests.gtk/ManualTests/org/eclipse/swt/tests/gtk/snippets/Bug372607_TreeArrowExpand.java	16a5d1ca49ff6bc8b19893730dd23ce36f849d2121c4503ecb2885f474fb6997	3fa5697c5c0cc1cd5fc476dbf9652bc50289c65df676fb1736ccfe4a3252f7ce	53718dc33c12d3f22813f2bfbfd45146e7fa27979fa4270e7b4da584635195b9	49	true
tests/org.eclipse.swt.tests.gtk/ManualTests/org/eclipse/swt/tests/gtk/snippets/Bug373183_gdkwindowprocessupdatesCrash.java	0b03bee1817bca506611df198a3cd1732cf54b68211889da405122d2d32d66ee	e099c80fb534369333d8e8f82d3990aeb024515d81bca06853be893bac04a8a6	141b988fa6fcd4a1c44fc15cae05715ba1d1b78e0294ab645f3b588e5b361a5c	40	true
tests/org.eclipse.swt.tests.gtk/ManualTests/org/eclipse/swt/tests/gtk/snippets/Bug375385_ShellFullScreen.java	d5eec2e99d3442845adedf60d642223d2bd3c8200d14317f2209893928c13995	d5eec2e99d3442845adedf60d642223d2bd3c8200d14317f2209893928c13995	1a3a532ad7f03d94c344e36e7738543681398c401b221c253ef323ea36ed47ab	21	false
tests/org.eclipse.swt.tests.gtk/ManualTests/org/eclipse/swt/tests/gtk/snippets/Bug379271_ComboCaretLocationOffset.java	499b7f9deaefd0f1da65847756902acb632f80c5cbccd6a2f14ecbaf7d9e497c	b3573dedd63815028992d99aafebe1b025fddfb57979853e3db50513cc07aa99	1c6b370fe187a4ac242698d9090c59f536ff7c0dfc58377b6cc863270b2d02cc	40	true
tests/org.eclipse.swt.tests.gtk/ManualTests/org/eclipse/swt/tests/gtk/snippets/Bug386271_setMenuBar.java	ba692e34dda57cf1ea42e5c3e2abaf8572ea8586a52d9f64298e9517571f92d5	6448e5757756eed23a04856769dbeac0355783188bee1c9e6fc9b4213e88dd4c	f8e1bb44b400853dd16f8bdcee4b1cb549250c9b21d050f3acb308e862641137	32	true
tests/org.eclipse.swt.tests.gtk/ManualTests/org/eclipse/swt/tests/gtk/snippets/Bug393723_checkForegroundBug.java	c05dc885fe9d736c005415dc8ea1bc530378a23551eb642bf7e33816fac8b65d	a7163eefb2935d0dda38c3700883eac4ceb21e5a67cad2b120e5d02f734abc01	0d7aea615fcbf22b854589af6813521300ed24ebb36e2f241b6bf00685148206	23	true
tests/org.eclipse.swt.tests.gtk/ManualTests/org/eclipse/swt/tests/gtk/snippets/Bug395296_LongerText.java	9d9a2015cae61e6bafbc4a87266f22632fdc1ecdd21760137a420adf5d24b79c	e91784337a7b47a5fd6246de6feacf4b0b2750de315564250241780e2944c8e7	6026fdef12a57af3b8c5a2d7549900a6dd417893ffa62035094aad88a6340653	33	true
tests/org.eclipse.swt.tests.gtk/ManualTests/org/eclipse/swt/tests/gtk/snippets/Bug395296_ToolBarWidth.java	c67d1f69e779813a4ac7cddebb3028aeb059f6b7cbecc58e9b91974051e8c773	b573a7e0e2c5411a3df669a6ed0650f4a202da8a8392e4e30551dcf97f1cec47	0dce141a68a0584fd660494c42bf60ea637bac12eb75d902e64dffa2ef80545a	47	true
tests/org.eclipse.swt.tests.gtk/ManualTests/org/eclipse/swt/tests/gtk/snippets/Bug396175_LinkAngularBracket.java	bc8375eed460c718eaaa8b6e1a6cacd8a56be7c1ab9fed3f8d590bfcf390fdb2	bc8375eed460c718eaaa8b6e1a6cacd8a56be7c1ab9fed3f8d590bfcf390fdb2	4634c42451a3509ebe9514e174a4048645d839176f5f1b12e85c4157e12f5886	16	false
tests/org.eclipse.swt.tests.gtk/ManualTests/org/eclipse/swt/tests/gtk/snippets/Bug399522_TreeColumnNumber.java	186730d1818c8dd667234147583d2939513498ae121a5e9a66e943e789162bfd	da7f08463e88253bc6c56d5b14463db5feac7af0211b1f3b712a7dc4e55ccc56	1cfe888f45a23990de14fd9f99ff1ec2eb942f4de80b2c696f5be15fcc1519fd	16	true
tests/org.eclipse.swt.tests.gtk/ManualTests/org/eclipse/swt/tests/gtk/snippets/Bug404448_ImageButtons.java	eacacd315f5b9015ca44771211292b9e0bec99fa12feb2bfeae562b583e22354	5c42b1f6f2bde0a9e9644b7a3e022cc6546620d84e821d7600deaa38b86a44cf	8b5c87d393b4714a58bfc4d547526daf1891e38a5d56a4b47c1e36fd205cf4a3	45	true
tests/org.eclipse.swt.tests.gtk/ManualTests/org/eclipse/swt/tests/gtk/snippets/Bug404946_GetActiveShellBug.java	24caa095c2511cb41ed398e745fa046ba62bbeac54a9d4cc60b99c01c60bfe5e	1a257d91bceef1e730622a2d16744a416b9a8c06f55e642e6f8e7ea814f503d6	44d90467e05104cd679678d0588e2a016d1225ba0328731235913367d33dfa28	11	true
tests/org.eclipse.swt.tests.gtk/ManualTests/org/eclipse/swt/tests/gtk/snippets/Bug421127_Clipping_is_wrong.java	e9faddda023969961f55e0f235d394d9da58bc552cfdaae77d869e4875f9d60d	1f65cd7237b06d5669e3a8ccd0bbd6d19c9d120bd33e9e488b567d97ca6023a0	8adefd92f9f7aa0044dbf315926e93b4ef4183d4a2f94af45635600bea0645e2	109	true
tests/org.eclipse.swt.tests.gtk/ManualTests/org/eclipse/swt/tests/gtk/snippets/Bug42416_GCWrongOrigin.java	bfd01362defba5be30936eaa41eebff539ffa0e4b23c7fd42dbefd8f82560685	447b7bb8dec7b78df715d050ed6c2fe600247297fbece7d6545dbc99c21e9d3d	d813d2f46db75972fe1d4f1e8e5192a79d398bfcef489ce9a65773be7b8266c3	33	true
tests/org.eclipse.swt.tests.gtk/ManualTests/org/eclipse/swt/tests/gtk/snippets/Bug430538_JS_Set_Background.java	64f2cda4923f8c46ce64e06459b3a1991264123e922ac7d5fe3901f3b729b165	e0cc1b88ab38ad80682585cdd60a9f5de57b567182f3a25741b5301c9cce5e35	be5874a53d25146fa908f3689dbbe054b578960757c76763d09a9ced57ad2c6e	58	true
tests/org.eclipse.swt.tests.gtk/ManualTests/org/eclipse/swt/tests/gtk/snippets/Bug430600_ExpandItemHeaderHeight.java	115f52c38808f9a9fee3fc4ba2968d8cb3d9c10812406cb6a2e0309abebabd32	115f52c38808f9a9fee3fc4ba2968d8cb3d9c10812406cb6a2e0309abebabd32	af3e9fbecf476256f9732ce95299bd0c795709702845882a5506d41daea2ea1b	9	false
tests/org.eclipse.swt.tests.gtk/ManualTests/org/eclipse/swt/tests/gtk/snippets/Bug430600_ExpanditemGetHeaderHeightIncorrect.java	066f0fbe056f1f4807a30361bb76bd58d751883e5293b7a69822ddc13a3aa9da	77e0b49d8d4996bca883e8a453fbc6b027fb2fc33a3e51efb6f401328cc4ca39	8a7aafd7d5a9d83bb872fe802b38a2c2e473db983a0f72ca8fab5e9f8de2d1ba	37	true
tests/org.eclipse.swt.tests.gtk/ManualTests/org/eclipse/swt/tests/gtk/snippets/Bug436085_TextEntryTabs.java	b9633b77e261104b1d22e399b8c2a065cc0e67201a7bad7590bdd310d53bf494	0da57e58bad3c0627c156a8b5353995f676c3277244317e2be049a8885cfcfe1	971e34ef109b1c67625049b60b9fff65936c7a5f7b8ba211f45a0542348caa61	14	true
tests/org.eclipse.swt.tests.gtk/ManualTests/org/eclipse/swt/tests/gtk/snippets/Bug436841_FocusActivateEventContextMenu.java	654fbf8238430f5193b7882ec6e77cf7993ca182d6f58bf694f379ed324d999a	a1c80e2e4c16b8078db8c7f3cdfea4f2f3385a57f384275f1403820942dfbd3f	f2e5800a482eda241d29320e6ba9083042e9d801e0a05a91ecc0e4274d4988a1	31	true
tests/org.eclipse.swt.tests.gtk/ManualTests/org/eclipse/swt/tests/gtk/snippets/Bug442831_TextLayoutRTL.java	a54577bd8311b432364362e891fa934f9672ef6e8706574440d9e97b42d4a388	a54577bd8311b432364362e891fa934f9672ef6e8706574440d9e97b42d4a388	5c03a586760a24798b95827c2164932785aab5448406c9721341e0ca05283111	57	false
tests/org.eclipse.swt.tests.gtk/ManualTests/org/eclipse/swt/tests/gtk/snippets/Bug443185_ToolbarCroppingIssue.java	018b377ca90fcdc1a876040ba8309364337b30f277df8921d78a9f6b6ba5b605	018b377ca90fcdc1a876040ba8309364337b30f277df8921d78a9f6b6ba5b605	4a60a0d39bed46a58494f3604c49a6599441d0a89a076393c3bcda7213372ff4	33	false
tests/org.eclipse.swt.tests.gtk/ManualTests/org/eclipse/swt/tests/gtk/snippets/Bug443185_ToolbarTestFillLayout.java	2aa96a0610d85c59c0835961051a54cbfafe6087b32e38af6305726b1e5aa102	2aa96a0610d85c59c0835961051a54cbfafe6087b32e38af6305726b1e5aa102	02efe8fa40b8ae3afe6b93289fe7fe1bff8ffe1952944339f1775ff55abe40c9	35	false
tests/org.eclipse.swt.tests.gtk/ManualTests/org/eclipse/swt/tests/gtk/snippets/Bug443185_ToolbarTestGridLayout.java	b9448978d1b323efcda06947abba52f26e65610c6fcf85df952ea5c9e5bb1a9a	b9448978d1b323efcda06947abba52f26e65610c6fcf85df952ea5c9e5bb1a9a	7df34157ac2c4f9f064dd70f6bb2b467a88ada75745ee38c27ff0c296ad38f96	36	false
tests/org.eclipse.swt.tests.gtk/ManualTests/org/eclipse/swt/tests/gtk/snippets/Bug443185_ToolbarTestPlain.java	f0e0b979d21655d59bb5ddde98ea4dcec280a963e49c4feda46b902e425f8aca	f0e0b979d21655d59bb5ddde98ea4dcec280a963e49c4feda46b902e425f8aca	387a5f62f09d6b0fac5ab0c6d5b7a2ff099ab6a811580847f5ca441c22325a45	33	false
tests/org.eclipse.swt.tests.gtk/ManualTests/org/eclipse/swt/tests/gtk/snippets/Bug443185_ToolbarTestRowLayout.java	2ee7a77f9aa3155d6518f6d154984d448054ed5e95cf46c6f853300972bcee8a	2ee7a77f9aa3155d6518f6d154984d448054ed5e95cf46c6f853300972bcee8a	34ba7f4883cb35ddef22ba782e088f18c828e07a657d2cbf2898063833adf720	36	false
tests/org.eclipse.swt.tests.gtk/ManualTests/org/eclipse/swt/tests/gtk/snippets/Bug449000_TableDrawingColumnMoved.java	9ac3090bcd14117c9272bbb6d98989a649b149cd439e84805a4511a992f7d27b	a58aa5f4be86d9c0873d326d85dc6cb34985f2a60db17691d1394f04690e375e	f08e7528d71352f76ed6b981ecc88e88d324dbdd2fd40f3be6d549eb669ec7cc	32	true
tests/org.eclipse.swt.tests.gtk/ManualTests/org/eclipse/swt/tests/gtk/snippets/Bug457196_TableRightPaddingTest.java	43fc3482527948ef59e1ad55686c017032d27bee661b99c37e7c3f3b725ca9f3	43fc3482527948ef59e1ad55686c017032d27bee661b99c37e7c3f3b725ca9f3	b185e87a8c3ee120d4468e45211906365cdd3bb25abe9ad073d24ce1e72822e5	23	false
tests/org.eclipse.swt.tests.gtk/ManualTests/org/eclipse/swt/tests/gtk/snippets/Bug460017_ComboOverwrite.java	8a027d1c635782c2269785c52ec62515385a017a4d172e51c5b34f545f90d75b	8a027d1c635782c2269785c52ec62515385a017a4d172e51c5b34f545f90d75b	7963b42651258b373b15c2e17dc463b5f27f01bc79353b56d95e089fa25b59d4	19	false
tests/org.eclipse.swt.tests.gtk/ManualTests/org/eclipse/swt/tests/gtk/snippets/Bug46059_FocusListenerSelectAll.java	d748ff781cacbed6dc9d395f686554a9104de213bf70f726cd2bbcd505f207dd	212bd4aff160989528c914251ff9616ab2f72780bcc9005f9477278e5354d824	244173bd9c51120c8d9cf8f6b946f32fe3a8d54b5a4639e9180ec9963f0b53ce	18	true
tests/org.eclipse.swt.tests.gtk/ManualTests/org/eclipse/swt/tests/gtk/snippets/Bug461354_ListTopIndexTest.java	2e54bcf2b1c6a490998eaf3942d17a43d0199021082372889a40e1497c833975	65fd0989364fbce7d4e067d2d0ca4a17447b86124d081cc9a2b419fb5004f49d	de14fcd97cd140d96e239871264e74cd83bdb580ae5a82fed84c804aa34de2fe	41	true
tests/org.eclipse.swt.tests.gtk/ManualTests/org/eclipse/swt/tests/gtk/snippets/Bug461354_TopIndexTest.java	f8aa7b26bf5b9083ed1fa0f2e246e5361c069f5f50c88e71708d97b251384c9e	f8aa7b26bf5b9083ed1fa0f2e246e5361c069f5f50c88e71708d97b251384c9e	44703e4fdf473ed490f5bf1075cfa2782dcb1584c9c8db36eeb3fcc378bdb363	23	false
tests/org.eclipse.swt.tests.gtk/ManualTests/org/eclipse/swt/tests/gtk/snippets/Bug465054_PaintItemTestSnippet.java	5b9126fb5096e240255da4516931c1c3d479b6958e0ecbba5fb4d2e1d215fe2f	f2f738f36b770d4d0ed996a41e3fd08a97a9b4de9ff0342e32104923cd040ecd	8d332a9fc306a152408444789ac127424c3f286310acab631604be9a97722164	28	true
tests/org.eclipse.swt.tests.gtk/ManualTests/org/eclipse/swt/tests/gtk/snippets/Bug465280_InvisibleControlAllocation.java	a0c3fdd8bd9db2b00e3daf7a2f322a66e9fef973eb1f188f5c0430260640cac6	9f5af111b493d74c0a1faa17793245c274970758bc5cf2dc70e6a1e7d5f0525e	3366aade307f6d927c6dd5e89e336cae61134f29b6de40f8410d9ccd848bde3e	16	true
tests/org.eclipse.swt.tests.gtk/ManualTests/org/eclipse/swt/tests/gtk/snippets/Bug466314_TextFormsAbbreviated.java	97f66392d075c1c44572c73d1f95a20481a000e77b175cb87e91d859853d19ca	7590157cdad67b563010de37124f46115b47ddf6a177222b611ddbb46e78faac	b0ae9c897c484e3c0b39b3222a4dfd1d0300dec96d6a4f5d5f8ddfb209f4a5c3	25	true
tests/org.eclipse.swt.tests.gtk/ManualTests/org/eclipse/swt/tests/gtk/snippets/Bug466314_TextTest.java	9ea2cf7055d3a853ffd6722dfacada725a83b3a437615a8fa3120a63aa1c9d07	6adc5843f96cc20d12a14669ab06f94736aa5c4611ea7f4d9d87e36dbcf3bbce	d968e9c951e88490ca652f979f014ae5994b8a1307599fb919e135677a79d4d7	25	true
tests/org.eclipse.swt.tests.gtk/ManualTests/org/eclipse/swt/tests/gtk/snippets/Bug475784_TransparentComposite.java	72c17526f8a358d52602c99bdcbfadd8380145efb4e9793f9ea9176dc9921734	72c17526f8a358d52602c99bdcbfadd8380145efb4e9793f9ea9176dc9921734	4fe42ae518dbf581cc87dffdfbdb2f89f3273f71175a87721c86e17095858a8c	151	false
tests/org.eclipse.swt.tests.gtk/ManualTests/org/eclipse/swt/tests/gtk/snippets/Bug476419_TreeWideIcons.java	2a79f723041b1bf49b8de48ca8a5cf331498e0ab4de685498cff73b2f0db347b	9669055a2e19c70f196bb7d90ab8b479650bc1b8cb77f7d46b57ea694b7b136e	95aefdc29a9ad4b08afeaa7483d260ce3388a8ea7dafab0efd9c3af2371e0d83	37	true
tests/org.eclipse.swt.tests.gtk/ManualTests/org/eclipse/swt/tests/gtk/snippets/Bug476441_TreeIconTest.java	8e58d20edbd007ccc08a8c0586191c7959c253a444a6138e0e52dc86f74a57fd	758b1c2a2420019ff86f1a431a40574e70efe3d3f33387ca7078264fc91a5e07	a535d1e3aa2bb9589f3b1a9642384b8afb6b916182f41850ccc894ce4f1d07af	44	true
tests/org.eclipse.swt.tests.gtk/ManualTests/org/eclipse/swt/tests/gtk/snippets/Bug477950_SystemColors.java	382eaa3257a902d7c98aab84df76d5387f23e11bf94df8c51d676a9b3233d8d1	7ed5beff259bed9a467a611d5db5e52c3504994d1601b0bd564919f3a1b3efc4	2922f4f07f974b3d06f317b1d5081a9f94cfd701f567b02a8a40e11c18793b28	82	true
tests/org.eclipse.swt.tests.gtk/ManualTests/org/eclipse/swt/tests/gtk/snippets/Bug479200_MenuTest.java	70040c6ddbadf397bafc9600f9457bffdf26f8c65638bc98cf0ec0690009eb14	e0fd1ab369f1322b825ee2f8452428300fd5dfae909345cb6719dcdace80aa36	d1568bb4635f97ecc6820e90f6706a57f77679384a074539ec2cd3e6d9f97d87	26	true
tests/org.eclipse.swt.tests.gtk/ManualTests/org/eclipse/swt/tests/gtk/snippets/Bug480926_CellEditorPosition.java	1efffec607af71ce6ce72b903afdb8cff3c5f84e44a1c1b01522007507d35f25	1efffec607af71ce6ce72b903afdb8cff3c5f84e44a1c1b01522007507d35f25	ad6ddec088a6417a20048109f2452f63757250a462476cbcf1b5e5bb128d0502	33	false
tests/org.eclipse.swt.tests.gtk/ManualTests/org/eclipse/swt/tests/gtk/snippets/Bug481010_ShellSize.java	f6e215aaaaae7852105aae6d19831989bb5b641319aa6bf513a5b135baf37802	f6e215aaaaae7852105aae6d19831989bb5b641319aa6bf513a5b135baf37802	aabde8835d46745d545b8643d99709d0cf748139af276ac17e84cb567fd18c60	1	false
tests/org.eclipse.swt.tests.gtk/ManualTests/org/eclipse/swt/tests/gtk/snippets/Bug481485_ButtonLabelPaintListener.java	812d072e763b1b22ba4d8ee473ac968e7d531a286e526c6f970d66f3091b909e	3b9f52a93ec545f724de9578675af2597a59ebc1619626413ad4c3e69f758b66	c5ede2be915fd41226945a33192b66a5c2ab09d24cdd73256638ba8a4b2ce6af	15	true
tests/org.eclipse.swt.tests.gtk/ManualTests/org/eclipse/swt/tests/gtk/snippets/Bug482457_JVMCrashMainContextIteration.java	e77b7ebcda928865306f8875c14dac484c839841908c09c7169a50ffbe1e9dd2	643383358e0f47539b79f51e567fab749078f3fa50c38d50674b2e0dc1e55282	38c7ff0424a4b26b6e14dffb74be8ff2b4b04b574e12150b7bc2fdc999e4c735	35	true
tests/org.eclipse.swt.tests.gtk/ManualTests/org/eclipse/swt/tests/gtk/snippets/Bug483097_RegexForegroundTesting.java	fe9eee32aa9df9e0299b5b43ab59ffab817cb3a163a2fbf4f3f67277ee4762e0	fe9eee32aa9df9e0299b5b43ab59ffab817cb3a163a2fbf4f3f67277ee4762e0	2cd7a09e378aebae204f1090b7665023dc8d4d9eadb954852a6c8d4392f18fea	6	false
tests/org.eclipse.swt.tests.gtk/ManualTests/org/eclipse/swt/tests/gtk/snippets/Bug483112_TreeColumnsTest.java	0480bc165bed25fd02dbdd9e77f0e4ae242ded3543e79d41b085b65cd0033056	4cfc08ddee3d1431cae472a8956ebe3ec40e6e6eaef633b53d15e0ea80ed4186	5349ebbc1fb88004ab4b9b1775c2792b49558e4a36b3abebb1db3f7adcadb372	47	true
tests/org.eclipse.swt.tests.gtk/ManualTests/org/eclipse/swt/tests/gtk/snippets/Bug483791_setBackgroundGC.java	b3fcdfe7abfb04c5f3fe809315d117fcd6656587acbdd27d57c756a95fe8369b	b3fcdfe7abfb04c5f3fe809315d117fcd6656587acbdd27d57c756a95fe8369b	f23ec9adfed52e510b30ee7a2ba649eb2d659485b591491c79aabe03922904e4	23	false
tests/org.eclipse.swt.tests.gtk/ManualTests/org/eclipse/swt/tests/gtk/snippets/Bug484682_TreeEditorStackOverflow.java	263ae606e29b7267de112d429e831ec88c4ec30ec676d8a9ba036e3fb8f1cf2d	263ae606e29b7267de112d429e831ec88c4ec30ec676d8a9ba036e3fb8f1cf2d	d1e8fe96e8b30541de29499d8ccf8b7dff459e9a56c3d8c7183040f3107a85e1	26	false
tests/org.eclipse.swt.tests.gtk/ManualTests/org/eclipse/swt/tests/gtk/snippets/Bug486068_AllocationWarnings.java	b3e8e0af1bb0203d9ba7837fa48543e07107224c531677985dda33751f77eee2	901ed1dc9ce069b5f9c94eec43b1c197b395f5514de1d9515e57d2780f194f3c	2ff8f7270b21115f7b6c89ed083b83178a48ca572239c1d45691c1347e8718f9	15	true
tests/org.eclipse.swt.tests.gtk/ManualTests/org/eclipse/swt/tests/gtk/snippets/Bug486068_AllocationWarningsScrollBar.java	8b7cf6210a95cbab8641e704ffe5f58549add3947060e1b37801d027a5800005	2aa782fd01c0dc348f4edc8f98a4eec29ca6803630605d9d357cafb958d29bcd	72499a71f514926040058793c5c449fd9856e5c4b1bff35a54594380a77f8dd4	13	true
tests/org.eclipse.swt.tests.gtk/ManualTests/org/eclipse/swt/tests/gtk/snippets/Bug486068_ExpandBarTest.java	e8c3a8820cf4bcede82b8992528114835bb2f9287a56bee829bd8cb25c8347cb	e8c3a8820cf4bcede82b8992528114835bb2f9287a56bee829bd8cb25c8347cb	6e2230fa7e3a29611f4aa0a7cfe640c5ca5d89d37f33a0c3444bb2d10ff565f7	26	false
tests/org.eclipse.swt.tests.gtk/ManualTests/org/eclipse/swt/tests/gtk/snippets/Bug487467_TextTopIndexTest.java	04922898bc22b90d8b9a241b20416dca85bb1bb9e509b1cbc5174f3ae757c039	879504b26cf082ca2ece8b55976661de36d768d4e8d446dca340629dcc27878d	bb29c34043606453a95038971ef9e20f7fd95f30111018068760c7bf83ab398c	23	true
tests/org.eclipse.swt.tests.gtk/ManualTests/org/eclipse/swt/tests/gtk/snippets/Bug487522_TextPadding.java	0d40ba6000f0a72c80bf06454bb9ec65d73e5886de535d483cd62df48a99445c	0d40ba6000f0a72c80bf06454bb9ec65d73e5886de535d483cd62df48a99445c	3bf7b1ad50d28c11683a3b385e33b95a87b253437b4eac438e259ded96d9f3f4	16	false
tests/org.eclipse.swt.tests.gtk/ManualTests/org/eclipse/swt/tests/gtk/snippets/Bug489640_ComboPerformanceTest.java	ba5b50a15ae0043c45ecb814841bbf363d1b7a9e367a98f9505b65695796a2c5	ba5b50a15ae0043c45ecb814841bbf363d1b7a9e367a98f9505b65695796a2c5	db6b6ef6ce2a45646e6c623cc7666d8e6096001505d020cd0321ff00953ec250	55	false
tests/org.eclipse.swt.tests.gtk/ManualTests/org/eclipse/swt/tests/gtk/snippets/Bug489751_TableItemDisposeSelect.java	9e3ea35d4a8c6d1a37cccdc6fb2d98152c2f3fa1130d524533a3e69afcb2b894	0689f82fe37cd39516abd4fd4d7c3dbda79c61578b663573276f8d800eb297a5	05911cbc907b8df55e2c2bbef4bd401c84bfe5d3704da60e593e5b4753ad170f	41	true
tests/org.eclipse.swt.tests.gtk/ManualTests/org/eclipse/swt/tests/gtk/snippets/Bug489751_TreeItemDisposeSelect.java	4eefb2d3d76a43d68aff3b616c6cffeee5c8c7caadbf9f8c6c2de309d5554a12	185c5e98a5ce0a0c3b22a5d00db67d729dbb2fb119e875623010a8291d077de4	6ef26b970962805ed2ce136ac9e3186d2fb994281453ebd9eb1af120f91b513b	65	true
tests/org.eclipse.swt.tests.gtk/ManualTests/org/eclipse/swt/tests/gtk/snippets/Bug490203_VirtualTreePerf.java	203c83469bb8c7d52874aa20abc02aad9d729c1983de6d514c1f15910b50a4ce	c9a82d8dbe491334dfd0613863156d15bb1b296e91f12fd59569fbacd9944f7a	8d0f95d5d4f4688cca5ff1c1e16cc357347cc488a67a37077917500d8f503ea6	38	true
tests/org.eclipse.swt.tests.gtk/ManualTests/org/eclipse/swt/tests/gtk/snippets/Bug490280_BackgroundInheritanceTest.java	7fadc1657db67cee4e9c69dc5d391028a14e1e64a71d314a9215d7d10b7c2be8	7fadc1657db67cee4e9c69dc5d391028a14e1e64a71d314a9215d7d10b7c2be8	2b237bf22d069c93cd680fcd40cf6f91cfe196b5bdad4daeb68a5693d3c821bb	18	false
tests/org.eclipse.swt.tests.gtk/ManualTests/org/eclipse/swt/tests/gtk/snippets/Bug490280_ColorInheritanceTest.java	137e20729fa4ba455cc7df41013fe63896e1e4dd5dbedece2915b1dbd43d629d	137e20729fa4ba455cc7df41013fe63896e1e4dd5dbedece2915b1dbd43d629d	fc710432fe8823f4ba59deba78a0a626c45162b3551c6f5411cee9b1900fe06f	18	false
tests/org.eclipse.swt.tests.gtk/ManualTests/org/eclipse/swt/tests/gtk/snippets/Bug490713_MaximizedShellTest.java	2444f37132ec93bf1016c7616f5a522b5519ba48c4482364e23a4072acb8e1eb	8d04b888570b0e2dd99d2998a9d2cc703c8e0abcca1d537569be22d83aa3f796	de7ddc768cf931971a75c5fb44c8171acb8a9ebb8236c59da9fe7dff5e35a774	43	true
tests/org.eclipse.swt.tests.gtk/ManualTests/org/eclipse/swt/tests/gtk/snippets/Bug491167_TableCursorScrolling.java	d1f964b88dbde26c0babe2cf126710f30962d41b04653f24a6f37b225dbe9a93	d1f964b88dbde26c0babe2cf126710f30962d41b04653f24a6f37b225dbe9a93	72b5c2086ddd628786f8c447925ea29237b6c8394e0eb4a8e64dbe820dea4948	55	false
tests/org.eclipse.swt.tests.gtk/ManualTests/org/eclipse/swt/tests/gtk/snippets/Bug492783_tracker_glitches.java	2a37057846a912d691e05b18bb735900adaa795d796fe5c139e2773fdf54e5a0	48b5ed3bd63e92614a0ec4e270a8fca39113093e2731c888b0e940201d3b869f	5c3d1a1fc356e81fad336e84e4d9593eb72c28b2b1fb000ee569703108c30524	15	true
tests/org.eclipse.swt.tests.gtk/ManualTests/org/eclipse/swt/tests/gtk/snippets/Bug493552_NativeTestGDK.java	e2f4faf0dbef30b5727996c38ce80e363c871a6912fff22449f3a29ad9b497ae	e2f4faf0dbef30b5727996c38ce80e363c871a6912fff22449f3a29ad9b497ae	38c72bc73e3315be128d3d4d6fda777f0e51ca64b2160eed5e810253c257f5e7	1	false
tests/org.eclipse.swt.tests.gtk/ManualTests/org/eclipse/swt/tests/gtk/snippets/Bug494218_CanvasMouseEvent.java	e5eec7f2d0faeed1f750ea84a5607146e0bc3f41047e9dfb1bbeb66fe062cf6a	e5eec7f2d0faeed1f750ea84a5607146e0bc3f41047e9dfb1bbeb66fe062cf6a	c8a7f6f725b86e4d89aa15b7b5a22c93c029cf661ee3cd463764def95188ecad	28	false
tests/org.eclipse.swt.tests.gtk/ManualTests/org/eclipse/swt/tests/gtk/snippets/Bug494619TreeDefaultSelectionEvent.java	df9e01659668e08b350c5fe04cda29c0fb9efcda2b3e800325d33eadf67dd205	df9e01659668e08b350c5fe04cda29c0fb9efcda2b3e800325d33eadf67dd205	c43ceeb216ce24243a9221f2c180019e2b7981b303dccf95a3b249e0c92030e8	50	false
tests/org.eclipse.swt.tests.gtk/ManualTests/org/eclipse/swt/tests/gtk/snippets/Bug495008_GCsetClippingGTK.java	7564152d3d9c29aa1b93510b86b767b56e77218040ed0854a15bcadfe93b5663	d27998e98fc924587c040851d0ea10a25581836c1b37720f8f8ffc6a04a6e119	ce06e0c8005cb0a2ef746c57d9484cf6ab2040c98d80e3188132a225458480a0	26	true
tests/org.eclipse.swt.tests.gtk/ManualTests/org/eclipse/swt/tests/gtk/snippets/Bug495909_topItemTree.java	0bffa9323e05dc337ee2a634cbe1dcc6c07c8fec28a8e07022094dffd33a14d0	05ba20dcbd8ac7b6f4bdc8f3cc08aeabab656017c23b160edf48ddd641bfc378	3f41604c4d09e9091944f6a54a50221aced5e1ba6c7043fe1d915d1c19e4c918	29	true
tests/org.eclipse.swt.tests.gtk/ManualTests/org/eclipse/swt/tests/gtk/snippets/Bug496302_GroupComputeSizeGTK.java	b7710555bc9b540968eed34ee0e7986524cc6bab3e476558d80d4dc87cd92835	c766d48cde8fa316b9a3747387980cdb794a3d2e838c62f49816fde5a6a574e0	c70df20cdd040ecb25170737dcc45ee6db863f340c40181ad9a30fb0ec46435e	67	true
tests/org.eclipse.swt.tests.gtk/ManualTests/org/eclipse/swt/tests/gtk/snippets/Bug496639_DialogFullScreenShell.java	154d6f4c59704a69f0e693ac42c2785612d524c51abac44496cb4263e783c076	154d6f4c59704a69f0e693ac42c2785612d524c51abac44496cb4263e783c076	1ea445998083053950a41cd1e56758669be2e8da9e641ae5ed6cd1b4cbe2b9dc	33	false
tests/org.eclipse.swt.tests.gtk/ManualTests/org/eclipse/swt/tests/gtk/snippets/Bug497071_LinkColorStyledText.java	725df8d52ac626a89d138407b8756f655a13ed8ef29c1598459a9fb623605816	725df8d52ac626a89d138407b8756f655a13ed8ef29c1598459a9fb623605816	646d5f5000dafcb2159f897e3fb8954d2f2c8e74ff51e9efb0576860937dc592	21	false
tests/org.eclipse.swt.tests.gtk/ManualTests/org/eclipse/swt/tests/gtk/snippets/Bug497705_setBoundsAfterSetVisible.java	dd844d1b625005b1228fcf12881ba4dc3ba60d37e527be9de071d3cc69b7c47e	a10ab252487d1940ed3337fb1fb79fba2500213a428a20bbe196a87d61614ef3	7438a31af2ffa3696ffdebc13cc61d466daf4ceb7d511e362ed22bf7829dff47	123	true
tests/org.eclipse.swt.tests.gtk/ManualTests/org/eclipse/swt/tests/gtk/snippets/Bug497707_ShellAlpha.java	d1099cb897e2e0449186fd1a124886520c6af34dfe752cde90ce12b52db836fb	cd4a088e23c0348102681d74c0489a1dc5128806ed49a7e1790df2ef05c62be4	82a562ae32abe6af0c4cf836dbb1d1c7e931f7f2b3c66cb1cd41b23104ca8cb2	14	true
tests/org.eclipse.swt.tests.gtk/ManualTests/org/eclipse/swt/tests/gtk/snippets/Bug498165_TreeMeasureEventLoop.java	038ac64e75a4c83b0a17f6ea088523cb99eed369d285978445f3d98d409846f9	d417f2aca83a053e6c30a1a23a03ad5306bb770bbce88e923e5131f505844552	ae3d3b0c93970d476cdd40556a0290c888bf7b14d977f784172bf75dc25ca852	20	true
tests/org.eclipse.swt.tests.gtk/ManualTests/org/eclipse/swt/tests/gtk/snippets/Bug499850_VirtualTableHang.java	e7fb8f4c4fc1671ee9caadc9d3f1cde38d05f7064246f431b3514fd2a8e70ed6	3acc40ea591bbd907f8688919532ee933604b19680c7fdb55e5fabb1bacdeae5	045025108003147baed902b059bb8fabce11e51e6cef4815abb6ac3f00c9b22a	53	true
tests/org.eclipse.swt.tests.gtk/ManualTests/org/eclipse/swt/tests/gtk/snippets/Bug500631_RHELIcons.java	bb8fd4fe137255ab8795c7e6bcd507b0bdb99904f413d29d232b0328a7c96109	72cbd66ba0863dc5125afe350c0fd69e0881d04db0c595040a185f492cb3a88f	d8c6536c4f711a6160003b2d6947b42522a8a6739aa9c014d359bcee29d3f149	32	true
tests/org.eclipse.swt.tests.gtk/ManualTests/org/eclipse/swt/tests/gtk/snippets/Bug500664_ToolTipWrongMonitor.java	2ff844286b9e42c4541b32252807f8d4ead773fc9fb5e6d6740aa169b417a96f	52aa7dfdb8e3886a07d54dcd658082c3558e7566c04c5ff5c1e926b2d1e16b31	d65decc6a9e919d236d2c0c1030bbadc93adb3a813897de993c64a589865299f	20	true
tests/org.eclipse.swt.tests.gtk/ManualTests/org/eclipse/swt/tests/gtk/snippets/Bug500703_ComboGarbledResize.java	0d8741c5e375ad71272bf3fec13e7eb97cf477c2554660a2cbbe4c748d2fe1cb	9bf886a50134c7ab6d37bce1835ac888cb62df67c0d2c4a1523fec52d23fe601	ad054e0783b947638008acc1e2711ac265c2e5814e5938fdd4a68ab4eaff825f	19	true
tests/org.eclipse.swt.tests.gtk/ManualTests/org/eclipse/swt/tests/gtk/snippets/Bug500814_GLCanvasCrash.java	88643e81563dbb93d7963d38d956a9f4ed4b684846dd6ebd440786c1ec63d802	88643e81563dbb93d7963d38d956a9f4ed4b684846dd6ebd440786c1ec63d802	4bfe944c84f056079fae6bc1d91b66f158142e6f48e3d44ebbec1467661675da	16	false
tests/org.eclipse.swt.tests.gtk/ManualTests/org/eclipse/swt/tests/gtk/snippets/Bug500924_tabfolder_dispose_crash.java	3bf4eec486d259584c6b51ee127a444ece26cc2746b57f74214e200f19246e5e	f037bfbf453d485ea9aed5d77fcd74e1baa8402211bee14cfa11ec3afe6c0e02	d343495fb976e8bd117cc56edd12fd57437768c5ceb286316a0e670249af6d06	40	true
tests/org.eclipse.swt.tests.gtk/ManualTests/org/eclipse/swt/tests/gtk/snippets/Bug505418_Listeners_evals.java	5ccc9dc41d230f0fe985671e1fc2b698de0a737bb828ff26782dd8f5afcafdef	22054e9f2c80412c75ef7cc589b46be72c7244623e84c14d34b6abdc3791b1b6	007a779486b6a21637be1af25b09390308fb1c7b8a248137997fe56263f88c8b	197	true
tests/org.eclipse.swt.tests.gtk/ManualTests/org/eclipse/swt/tests/gtk/snippets/Bug507020_WaylandIconsDoubleScaled.java	3fbb66ee9c7cddfc9b4fbd630c835268e17204fd02e7b7e7beb8c68640ea3506	3e8b7fe6aefd4f7c8509fb78510345e3afe322827d4408bf6b6937bacaf1146d	fa9aefa76b4dd141d8bdd694224c788b0d2f0574b154dfed2ea3a78c6dfe4929	30	true
tests/org.eclipse.swt.tests.gtk/ManualTests/org/eclipse/swt/tests/gtk/snippets/Bug508245_TableSelectionListener.java	b671f2ab83c4d6268d764e9590532500f350f852833f927c0794f1783d9872b1	a5bbe8f235eb43a0d4ff3de7a9222309ea6407b1e17bef852abad150711b81b4	b00cfbeed46a45222c78662bc2eaa3a248b21afc78706b9ca7d1e14b8c469102	45	true
tests/org.eclipse.swt.tests.gtk/ManualTests/org/eclipse/swt/tests/gtk/snippets/Bug509503_VirtualTableCalculate.java	7ec975c45577fd1bedfefd9d427645209cd16a82327cf10a3885a2e9105548f0	7ec975c45577fd1bedfefd9d427645209cd16a82327cf10a3885a2e9105548f0	98adca67191b4e799fd0a84f180e948c3fba5bf58cd97e8ebd2752528142a3af	47	false
tests/org.eclipse.swt.tests.gtk/ManualTests/org/eclipse/swt/tests/gtk/snippets/Bug509514_IncorrectToDisplayLocation.java	a9990176358b58bf54def8d3f6172c121f768151dff72fe3daa337e5aea4081a	a9990176358b58bf54def8d3f6172c121f768151dff72fe3daa337e5aea4081a	fbe8253be18838159d5d6d5c28dace39a9e14d229e4fb702d225ea501c089211	37	false
tests/org.eclipse.swt.tests.gtk/ManualTests/org/eclipse/swt/tests/gtk/snippets/Bug509615_auto_LocationChangeListener.java	b70f495e3e4e5ee826db93533381b1e3267aec00902e1657de800fb905523da7	ca4da71ea94be1f716c2e573c4b965f27cef8516abe8a4995736a1e4aeb0887c	97f474cdab6e8b7bebaf158bf477268e1b214dccab6e07f12bfdf4cfd284cf3b	25	true
tests/org.eclipse.swt.tests.gtk/ManualTests/org/eclipse/swt/tests/gtk/snippets/Bug509615_auto_executeCloseListener.java	6ca37c2cd5380b6202cf4372d5dbad324c77adc0befdcb94eaf5ccf0638f9810	7bf6b9961c61b5fbb1b78916331ed236a02b4505870615bc4532bc121f74a8a0	d81bb711fecb455f0cbe737bc214a2d6dd8244bc003e2c854f573f40e3bdb913	17	true
tests/org.eclipse.swt.tests.gtk/ManualTests/org/eclipse/swt/tests/gtk/snippets/Bug510183_javadocHang.java	3bacc28f55dc7dc4ff993f4a732535123f99a667cfd0a95db13fa176454ae33b	f6289a2652e2dae28c9d270d24b9a5df49a2ba67d116c47e6796171410aeca3f	b146519caf3ba477b72d7d0a218b5a71e9623599d1a77fe9e7cd2047781b281c	21	true
tests/org.eclipse.swt.tests.gtk/ManualTests/org/eclipse/swt/tests/gtk/snippets/Bug510803_TabFolder_TreeEditor_Regression.java	934fd4d336a55517a178aa41ea685d84e6d43f99518fbf6f7839a4e8abd66006	5b6d23b16503bb56639a19d35354d537e1751124748feaf98e0421863cfaaaa4	b02f5f974642435e0fac6b657e99a8b1d1c0d4c861de18dfe1df33db69c4f79b	65	true
tests/org.eclipse.swt.tests.gtk/ManualTests/org/eclipse/swt/tests/gtk/snippets/Bug510803_TabFolder_editable_table_brokenGtk3.java	a71e95fd88e21f7f01611fadbdd0478d535efcb87a5471f3c7500433d3f04864	3661b1c1fa4bab3fb187ab7535394e563b0f35deb3131f61737628bcdfddf9f2	743995afe39f9e406cd52b9af36a1d31c09c69750870573de39921e536f145c1	34	true
tests/org.eclipse.swt.tests.gtk/ManualTests/org/eclipse/swt/tests/gtk/snippets/Bug510905_Browser_JsConsole.java	dfb02117ad61bf82d4f39cd1f16740a6497251f219d24215b7b64e55b86fdfb6	323d4d91d8b8fee29030a0ccce006b3a4d6b070bd72822f7c13a19e3969095c1	a332ad880f1c081f4ff926e76dd4ffad49d16d47649fa5885911726915bcf5ae	44	true
tests/org.eclipse.swt.tests.gtk/ManualTests/org/eclipse/swt/tests/gtk/snippets/Bug510905_Browser_TwoJsConsoles.java	52657f910d834fb39a190b2e54beff9ddb160f02471395a4fd2b787c55a38da6	37704f0439956cbdcfa879f47e28ac6933ad5336e596245e8ea03a420cccfc82	f536310706742e75657d3aa261d2a91e269c2a6b89556d3cf2a4e8d6b862e936	54	true
tests/org.eclipse.swt.tests.gtk/ManualTests/org/eclipse/swt/tests/gtk/snippets/Bug510972_WinClearedSignal.java	e231c8591eb4288f24256c47559e367c70cba230b6f1b3dc5b4409d67c34de8b	a4dc5033c12450153ec5d9225d66789a05f61b63a3f3f81154736848005e239b	d511efa9e8a264bf0d00b81885b3b47868a9f71fcdfbb83603614185e12095da	27	true
tests/org.eclipse.swt.tests.gtk/ManualTests/org/eclipse/swt/tests/gtk/snippets/Bug510972_WinClearedSignal_auto.java	a5ed2869614ebdc9ac498758c75812cbdf895f8c0ca59e109da2cd9ea2d9b8b4	19cb39a94e6be9b16310cf2586851b2d4b0340292e57c00165ced06cfa3b3492	28e5cff15455bf3df64337b172097739a988666c804200946dc323089f23dad4	31	true
tests/org.eclipse.swt.tests.gtk/ManualTests/org/eclipse/swt/tests/gtk/snippets/Bug511797_locChanged.java	a9c5df628de0b7024d9cf30fec40c8523052a58c6e16d9369926fce2bfebd45c	1af2ae5a17e98fbb0a8194a8167ea7272865a3766dd5e4a4fb05148cf3b0ec1f	5d2940252e91c903a8d5aff3fe581f1803821a5e31cb1cc810134c11ad61030d	18	true
tests/org.eclipse.swt.tests.gtk/ManualTests/org/eclipse/swt/tests/gtk/snippets/Bug514483_SelectionEventLostFocus.java	bc0e0c92655fc25315f7e44ab05999ba1322aa382a6ee2020a37aac1ccd4887c	ad90c530c7dbc1d3463b4ceb352a76402d12e3a20447660c7e41724be6a0b888	53eeaff09f87cd383880e1de5cc97cfba805e6eef84b5de3ce2d81cd2752e31d	66	true
tests/org.eclipse.swt.tests.gtk/ManualTests/org/eclipse/swt/tests/gtk/snippets/Bug514483_getCursorLocation.java	033b9995e087fa2e95d3ec103010d51cad66a968679ff66ccdadd3a8a41cad07	8ca75c8a08fa76f79902f5e13853b5492999816d5e8eed47c633dabca1d019e3	0cddebfd23981c40c298ee5b098c0cb795c3c11150b43bb7affecc59848fcfee	34	true
tests/org.eclipse.swt.tests.gtk/ManualTests/org/eclipse/swt/tests/gtk/snippets/Bug515773_GrabShellON_TOP.java	22c1d16957ad7aeec94ac8b861d8bcfc9959f64a67bd3baaabf71eaa27d0295c	125407d00d928ec80ae395b33c8448ca251b8d038d5089aa0684ee9134f596c0	85709a2996faa1219ce07daca701449c9c16a4fe39d2235d4e25508f380bb8fa	66	true
tests/org.eclipse.swt.tests.gtk/ManualTests/org/eclipse/swt/tests/gtk/snippets/Bug515773_shell_ONTOP.java	9631bfd0745da48fe88e9ac15ac1220c525e201edf449397570a134e6635c44b	d31e4d4429faee332546a79f430b603c019d87290ac3df051b65de948445120d	3a0e8720f6840602c68af3dc1238101792819abac2f21bfb9da808fcf06afeaa	66	true
tests/org.eclipse.swt.tests.gtk/ManualTests/org/eclipse/swt/tests/gtk/snippets/Bug515915_ScrolledCompositeCTabFolder.java	771d428dd024db62ea6a6e5c7851fbd8115f99a410443effcf5c4b829c61a74e	771d428dd024db62ea6a6e5c7851fbd8115f99a410443effcf5c4b829c61a74e	09ab6b47a5b9bced8ffea58807df7580982862bbcaecda78aa3851badf0c549f	25	false
tests/org.eclipse.swt.tests.gtk/ManualTests/org/eclipse/swt/tests/gtk/snippets/Bug516480_KeydownRussianlayout.java	0ed95ba14b26fed9ab73387710d7eb69717ced082d0f0c59a897a9bbccabac29	0ed95ba14b26fed9ab73387710d7eb69717ced082d0f0c59a897a9bbccabac29	1a08359da73ee96249ab5e5f483dd06c6985b1331fd8a3a1318040cddf780cc6	18	false
tests/org.eclipse.swt.tests.gtk/ManualTests/org/eclipse/swt/tests/gtk/snippets/Bug516674_control_focus.java	e87ced645514512414be853f97e98ec103f79552cae58dd14d2aeaec052d8bc5	1a79a6582546be334e8f7b9df5ce823adefff75469e9540fcb5cba5f38629a17	93393a8e67f047c29ae07665f5bc0ac193d0186c4db16e92f84156d537206231	45	true
tests/org.eclipse.swt.tests.gtk/ManualTests/org/eclipse/swt/tests/gtk/snippets/Bug517214_ComboReadOnlyWrongText.java	db4bee3ba6be162f4b21f3a1a929a0ea49f3a34c0669d785c5ec71ecc423359d	29ef5112705cb445e9fd0c37d5036b9e2bc977deae2c27f1e884516f3c8eb70e	2905ccbb14fb7e8ece860df57d3e2f33d77e16f6043c4f8bcc0fd84998a737e1	16	true
tests/org.eclipse.swt.tests.gtk/ManualTests/org/eclipse/swt/tests/gtk/snippets/Bug517633_SpinnerDouble.java	5e66bb9516711deae6f921313094c75e1f6e9be2329b2671986cdef7b226e2b8	5e66bb9516711deae6f921313094c75e1f6e9be2329b2671986cdef7b226e2b8	cb572662f1ae8c4ae078ff252c59708fec3d6b21479bc48defcf7e12e9022a35	40	false
tests/org.eclipse.swt.tests.gtk/ManualTests/org/eclipse/swt/tests/gtk/snippets/Bug517633_SpinnerWrongText.java	a150a93c0c428ef0a4ecb536e59e150edcd64750694294892ee63d575f95d4a5	a150a93c0c428ef0a4ecb536e59e150edcd64750694294892ee63d575f95d4a5	ca2cdcd5aace9caffca0df4d6ddba7423ab305aee5072bfd5a15a10755cb7c28	18	false
tests/org.eclipse.swt.tests.gtk/ManualTests/org/eclipse/swt/tests/gtk/snippets/Bug518961_RTTest.java	755e3833911fffc937f9ec90019874eafdb2c8489d6a842714e577852e7b5883	f5172e61b64891724f968496240d1f2213f527f63c13037895ca675a73c92d9c	943ae6eacf768d6850d237afc7534e1bd1fb964259d0886f8f4c57fcba1fe25c	18	true
tests/org.eclipse.swt.tests.gtk/ManualTests/org/eclipse/swt/tests/gtk/snippets/Bug519295_TableMultipleColumns.java	7c5131412ae3b4590c2aebef6658d1e737bf70d99485aa031f4925486218cb8b	5ea4ad3e0cee1c2819248ea2a832803c135727a35dd313afe1ddd368c3c91a8f	696bd85294c0c32192dab9e9d33c67b49c5858b6dad8dfe09a1fa656836572b2	47	true
tests/org.eclipse.swt.tests.gtk/ManualTests/org/eclipse/swt/tests/gtk/snippets/Bug519996_focusDisposeIssue.java	16768bdcbda6ae96825156ed0222f2f8b5afe2a2d6c0be4d021774df0d0a73db	3c1006beacada114b1536e4447160337155b2bd0daaa181f38f1d17f3fc796d7	9633f519f33d6ae9422df53c07292d2f66ec39801e11387455150da3770b05da	20	true
tests/org.eclipse.swt.tests.gtk/ManualTests/org/eclipse/swt/tests/gtk/snippets/Bug521506_FakeClick.java	8a2ed3d465228926e1b17e1abf5a6f353892b9de1b8bb7aa8e5c6bf67d99a03c	8a2ed3d465228926e1b17e1abf5a6f353892b9de1b8bb7aa8e5c6bf67d99a03c	9d6cc4a2312b26f302ada66eebca0d2ad843b80302b3a969c0738eac60422cc6	152	false
tests/org.eclipse.swt.tests.gtk/ManualTests/org/eclipse/swt/tests/gtk/snippets/Bug525305_Browser_OpenUrl.java	e2be0b8b03a7a558d0e78bd2d6515ba0bde0d28113268231fdc627b5457afaf9	1f9276e2c729c9193e67962cb87769d48de425e1ce76bfdafcbee3b3c268888b	d1fdc076b4c09c7f4c7bf97aebf04fa7f698e44ece940c8368889423984c59fd	22	true
tests/org.eclipse.swt.tests.gtk/ManualTests/org/eclipse/swt/tests/gtk/snippets/Bug525946_DownloadFunction.java	d5463bf05e7651b3bc85e7754c5677dfb0812899855fe148d15cfa012c975e21	2572f0b152767558e1a13a83c6ae0119998bcee32bc4a9623811e4441b18ac0f	1cf556d64031acd3cc93fe977f4d916b7443b4ca606269bf5123572f452e3522	15	true
tests/org.eclipse.swt.tests.gtk/ManualTests/org/eclipse/swt/tests/gtk/snippets/Bug526083_MenuGetBounds.java	66bedd20e2dfb985e2e605035cfa1699aa4291a1e3d2b045f391fcc6c93b61b5	66bedd20e2dfb985e2e605035cfa1699aa4291a1e3d2b045f391fcc6c93b61b5	effb2d826b78ff1b76dcfa976f77226cb59d87a8a4cb4340a118149f830bb3b4	0	false
tests/org.eclipse.swt.tests.gtk/ManualTests/org/eclipse/swt/tests/gtk/snippets/Bug527564_eval_hang.java	1f118cddd22d90cb01c3bff0fea04cafd3c0cd52a899e41cc55705edc3483752	33f6fbf393dced88233fa019d83aaa6011ecad57b2426d4e32c08e5a28d5cb2a	cd73dc5d8e8feb996c01f264bce933461c7ee146f3e281e1521d27d002e70837	48	true
tests/org.eclipse.swt.tests.gtk/ManualTests/org/eclipse/swt/tests/gtk/snippets/Bug527564_exec_hang.java	35b6102a40494ca1a0e99ff0514a955c0f2e60cc6c733cc85f2df762de892a2f	4ffa51f6c7bcdd81416709a60bd67a92edd136be5d1a662c75366674e99e9564	468cbf87ff04ea18eb3ce5eef27b2630c75435e20dfe0177bc808455b53d11e2	66	true
tests/org.eclipse.swt.tests.gtk/ManualTests/org/eclipse/swt/tests/gtk/snippets/Bug528155_TableTreeForegroundDrawing.java	a4a66a6a43fd6139785496653019f5e316bea3381757d56ff63055eb8f454b8d	a4a66a6a43fd6139785496653019f5e316bea3381757d56ff63055eb8f454b8d	c6bdc334e960a0a001315cea6944d8b4cbb680e7a17b2f8d89b25b4c4b5c9831	75	false
tests/org.eclipse.swt.tests.gtk/ManualTests/org/eclipse/swt/tests/gtk/snippets/Bug528284_TCFToolBarIssue.java	b5ea909d9575c137ae07aea55ac80b88aa012ef690d7d289e5cbcd9406bfe38c	b5ea909d9575c137ae07aea55ac80b88aa012ef690d7d289e5cbcd9406bfe38c	0239ebe3c949844e42960417d97c52cf64a57ec9745349ff16406cb611e9d162	46	false
tests/org.eclipse.swt.tests.gtk/ManualTests/org/eclipse/swt/tests/gtk/snippets/Bug528549_browser_MouseFocusEventListeners.java	f49a8b66b109d97c281ebe63dcebbc31f9a020b1ed0e813a8bcfaca1cfb6e5d8	be1ed9e0d3d4405efc35f543dff9b342750fb8d5670c48c4444ecb4ed4d4fb67	d31352eac4ee33161e43d8370cb0e7c83d3b9b0087690e5e882af243feeb1457	47	true
tests/org.eclipse.swt.tests.gtk/ManualTests/org/eclipse/swt/tests/gtk/snippets/Bug528691_StyledTextNull.java	b530cd2e2e3e728ae5c09b4392d9ab2f7e7e7bdd21a0b3a8bea1f4189904a7d1	b530cd2e2e3e728ae5c09b4392d9ab2f7e7e7bdd21a0b3a8bea1f4189904a7d1	5692462192c18dbe16b1a059246adbac2beb93b82a8656c46636ff2af641147a	14	false
tests/org.eclipse.swt.tests.gtk/ManualTests/org/eclipse/swt/tests/gtk/snippets/Bug528819_StyledTextCaretDraw.java	eff592295b4d7f32e98a99113027a0159a81c67ce4672b8cc685246b64c6e298	eff592295b4d7f32e98a99113027a0159a81c67ce4672b8cc685246b64c6e298	08897f7f910ad8ddbc63198e56928440aa47f89a178e67e71d8baa3ef23a4495	19	false
tests/org.eclipse.swt.tests.gtk/ManualTests/org/eclipse/swt/tests/gtk/snippets/Bug529126_TreeMouseDown.java	406f81d779ff4295b06886fec91d5f70cdba4fbe4bf7939d31c38cdc752eca6f	406f81d779ff4295b06886fec91d5f70cdba4fbe4bf7939d31c38cdc752eca6f	7bc775d9e58209d3a264cee3f765706fdb5489d80e1e630fee1b08e713ed0e31	95	false
tests/org.eclipse.swt.tests.gtk/ManualTests/org/eclipse/swt/tests/gtk/snippets/Bug529431_SetRegionTesting.java	2b2ed7916488e1b816c0ccf3885975d52655858a8dba0cdfc9feab05b037b342	c55c11bebd5f6045219725cfb3877257eedecbc8cc9be085aa060fd26b002337	e531988e410c37c23f7c376010a76d7fe78afc06b780e5614442b7933ff9534e	39	true
tests/org.eclipse.swt.tests.gtk/ManualTests/org/eclipse/swt/tests/gtk/snippets/Bug529431_ShellSetRegion.java	a163e0fa895ac905f78a169406661cbca437ee8b1b9680ee5b72114eae43c9e6	a2ccf26e6044cf067a42afdc68599116a481a1bf026b110ebd1f22b7cc4fcff6	70a40af395c2c4d18ad9f08b52d134a8ccd05b2bbad437b1ebb1168efd778b9f	30	true
tests/org.eclipse.swt.tests.gtk/ManualTests/org/eclipse/swt/tests/gtk/snippets/Bug530969_ControlPrint.java	6d63bb1e32cc3d89c2264c5aa2345e8b3b79efc9f8a9cbfff29914c32d9935d7	b2be9fe85345574fa55aad086fb4de0bf11e577d729da4189a0ce146ca678894	e14c15c0070170dc97563a0146647e4d83c4ff08aab9e2508c4ff769e72301b5	68	true
tests/org.eclipse.swt.tests.gtk/ManualTests/org/eclipse/swt/tests/gtk/snippets/Bug531048_VirtualTableCheese.java	f7a946fe6e020d471a66c54e4e544ff97df6b7a5fe6e3a06aee6938869e3421b	f7a946fe6e020d471a66c54e4e544ff97df6b7a5fe6e3a06aee6938869e3421b	50e49ad88a9a3ef8319aee5b99ac6ff9f9c8ffcce6b57bc45e14af1bfc931385	71	false
tests/org.eclipse.swt.tests.gtk/ManualTests/org/eclipse/swt/tests/gtk/snippets/Bug531634_LogoffListener.java	d3873f9e82e3051862f55c9a1ae8c5baa2bb2bad69643088ee1bdf1a72dfcc95	e18dda95c77ab357f2a43c6624eb693bde2ee0d39922190271d0692d8ead6a7f	39f0e0336507ce7df4539fecb2a9c986327359df1221a5245c56b05c33ec8bb6	32	true
tests/org.eclipse.swt.tests.gtk/ManualTests/org/eclipse/swt/tests/gtk/snippets/Bug531667_CTabFolder_right_to_left_tabs_are_not_painted.java	681b0762707bf556c95ccce8f5a6195bc9364ba49c734542c52ceb4c9e87f553	681b0762707bf556c95ccce8f5a6195bc9364ba49c734542c52ceb4c9e87f553	3e522d290e1d291116228f266ccd4fd038d4aaa369f1f1b3198e5692df42ded5	25	false
tests/org.eclipse.swt.tests.gtk/ManualTests/org/eclipse/swt/tests/gtk/snippets/Bug531667_CTabFolder_right_to_left_tabs_are_not_painted_nested.java	78ca219ea13e0983025779bc6a760a80851b8895e7a3d48b35f829f45d74e3d8	78ca219ea13e0983025779bc6a760a80851b8895e7a3d48b35f829f45d74e3d8	6e01940d222aa6d8f27f1f643e8a4abc2d128f38f8c1f0159efe27e7d555a0cd	44	false
tests/org.eclipse.swt.tests.gtk/ManualTests/org/eclipse/swt/tests/gtk/snippets/Bug531667_CanvasPrint_does_not_work.java	6c4b6aaddbf49d1fa200d73b09572a874629b171baf3cf67d1eea73f46f647bd	6c4b6aaddbf49d1fa200d73b09572a874629b171baf3cf67d1eea73f46f647bd	8a353da0064a222b774d0a5a44adb3da1181892f237aaab13f64615f103a146f	40	false
tests/org.eclipse.swt.tests.gtk/ManualTests/org/eclipse/swt/tests/gtk/snippets/Bug531667_GC_transform_is_wrong.java	26f8e902be98adf2e679fbe9f010f58dcf8fbcda018ba0c13c97895939924122	788b7e152cc02386a7e4a1bcd5f30667a0f9bfd61df80441332dd790d55fa979	6a9ff5dc058b88b518c0bb23593358601a7715c46880ceebdfa368d82e41535f	77	true
tests/org.eclipse.swt.tests.gtk/ManualTests/org/eclipse/swt/tests/gtk/snippets/Bug531667_Group_drawing_with_paint_listener_is_wrong.java	b928a5d7403954c95953e91616a287faed516a33d2926bc0da08a7258932fefd	b928a5d7403954c95953e91616a287faed516a33d2926bc0da08a7258932fefd	a260c060dd5b0a91bd060352a0434af3f5b5c8ec5eaf1e1642b5005133342fa3	25	false
tests/org.eclipse.swt.tests.gtk/ManualTests/org/eclipse/swt/tests/gtk/snippets/Bug531667_PaintListener_paints_despite_empty_GC_clipping.java	e805b240c47862fae8445fe6d26bcb51edc5c8f9d0f42bfaec7699827dd6aa31	a7e102d69641e3b14393a5f9a9b1a2bc6a8f25e1cbade1cef03600d1c0916e19	79ab5e30be269bd4a7ec7d1fa233630625d1b9a5014da56d60f8ddf776ea9967	77	true
tests/org.eclipse.swt.tests.gtk/ManualTests/org/eclipse/swt/tests/gtk/snippets/Bug531882_TreeColIconPacking.java	05de87e78e900b86e6f195907c192d1db4011bacf615aefa778a217b9f92aa50	79393fe6153ac59102ddc47edbed439db793085054739341656835bc82de31e8	17391ca4a8fb23707850b861b03785cdd83325cf23604ef15cf9c022ac7e9a85	71	true
tests/org.eclipse.swt.tests.gtk/ManualTests/org/eclipse/swt/tests/gtk/snippets/Bug531928_TableTreeEditorVisibility.java	a69a250418ac12ea815c7e60a38c247807731245830b5920ec1cf816aa9d485d	32dcf76d5c1e5364b837c6b145a1ec884794ca0c6851931549e95b3013db146a	00fe87f86f3b4a7273c42da85280cdccf0f379da480b80fed9f9742d2e494d4f	44	true
tests/org.eclipse.swt.tests.gtk/ManualTests/org/eclipse/swt/tests/gtk/snippets/Bug532941_WaylandWindowNoParent.java	8dd92fd2817fd8aa0305eb74699f2b564647efeaf96d5553988f158973efccd7	8dd92fd2817fd8aa0305eb74699f2b564647efeaf96d5553988f158973efccd7	619d833b7ca5dcd88682d846ddbf7d5f54cc2615321689143d608dc0f66f0078	47	false
tests/org.eclipse.swt.tests.gtk/ManualTests/org/eclipse/swt/tests/gtk/snippets/Bug533395_KeyboardShortcut.java	fe55796f2c3c168f3acac97194a721e16e3cdf655e4c36cddc9e71c410ed410c	7f08f930efc35f782d4d49f15be54d609a98fac19b0beb5f1cca4be7e06b8098	e7191ab60bc58d43fe304a9353a80cd75a4ebd995544f9d9774e92575c1ac66c	15	true
tests/org.eclipse.swt.tests.gtk/ManualTests/org/eclipse/swt/tests/gtk/snippets/Bug533469_GhostButton.java	48301a5b2b6a8372c66e99965a9ef3713f84fcc4accc69f4e4b863ccf4a357e3	de92e75ad36e7503f6259637b68d68c0199ba4028f8851e668bc782cae5de476	a0a1e02dcb6c4e2298e7429fb5a5bf3e1ed4361177319cafc9f4f37c80908483	19	true
tests/org.eclipse.swt.tests.gtk/ManualTests/org/eclipse/swt/tests/gtk/snippets/Bug533728_CustomCursor.java	cfd3b7b133d8250d4ccbaec60ea1be4622a161a501948085925342bbc71bceb3	cfd3b7b133d8250d4ccbaec60ea1be4622a161a501948085925342bbc71bceb3	3a09177eb0f6f1bd3d1b5ee3e0d54f7cec7286f548e44580b9f443618eabae2f	23	false
tests/org.eclipse.swt.tests.gtk/ManualTests/org/eclipse/swt/tests/gtk/snippets/Bug533799_shrinking_table_too_much_causes_pixman_errors_on_standard_error.java	71a1448499bdf7161e892b05e52e9c5811defe46678385dd5449e7cd11688ed7	72c6c3f96f27016bda8720a1402115ee8c49067b0711e0e1fd6c93389020e23c	43e5d4f882864ca5e175cb145e09becf788c1724caecc624d50ebdd2cff1fd84	22	true
tests/org.eclipse.swt.tests.gtk/ManualTests/org/eclipse/swt/tests/gtk/snippets/Bug534204_Scale_has_no_trough.java	8bff01b1a3bc89ff21b71992a9e70184ef0bd1c1abed78b00a20f2ec2e8db3cc	237de51443e0ac75dc85d7ca2bc0e94e3aebd3aec09f1572a9731dc4ee63718a	db89feacf517aef1c022c062ece88f7964c9695ce61bff40902bcf3197100d23	23	true
tests/org.eclipse.swt.tests.gtk/ManualTests/org/eclipse/swt/tests/gtk/snippets/Bug535075_WaylandOffset.java	988158d2e89cad9088d09d12c6c8be2c62d12063f4086ad889bf0a84203905cb	5b3f7686173cadfdfbf30397086631f1e1e08183743e5b1a65152f2d095d649e	a348ea863be8cba44891cd0d7eb4756d2d6f133cd9428ac945fbc2d3ee4cb3fe	16	true
tests/org.eclipse.swt.tests.gtk/ManualTests/org/eclipse/swt/tests/gtk/snippets/Bug535124_TreeSelection.java	f744512f042108d85dff33210345fc9c28fff07781e572311e43ff68beebd6c4	821dc255381005f9dffbd288549820f2d408a654f3b3abfd4460e636d45902fc	1070e8fbe056fd05502dc1fcd8846aaefa0a73becb01e4a059c4933e0da1d31e	43	true
tests/org.eclipse.swt.tests.gtk/ManualTests/org/eclipse/swt/tests/gtk/snippets/Bug535323_ComboSizing.java	6b4c188bac7b037d0e684b65b60f41aeeef56e8e91788edde8680da8d44a7fe5	e3a538cdb22bb57baf9f9396e6953965b7e7e75f8f1ea355e650421f5918ad25	41ca72cde13c956712fedd526a2f104595b75a9a7f646048134c781c708b9a9d	23	true
tests/org.eclipse.swt.tests.gtk/ManualTests/org/eclipse/swt/tests/gtk/snippets/Bug535392_getText.java	b6f726aaab40101b2174e288a7b9c1c74b573cc8f5f31fe2257077432f64e9df	b6f726aaab40101b2174e288a7b9c1c74b573cc8f5f31fe2257077432f64e9df	bc06f26e4c9d8f0e43bfed17f304c24c80095c33e591d22f10a4179cc1b67903	54	false
tests/org.eclipse.swt.tests.gtk/ManualTests/org/eclipse/swt/tests/gtk/snippets/Bug535657_MultipleComboOverlap.java	38b0345553c10bf484ca9a0caede7a2c9fb3b3be7234b26c10aae34f3be76631	c44cfc3ef803434bfe5077a64590ae8d33834fc9e036624c7a0d2b515d946516	fb6e7982c408e7a5493af3b86c047237501b21b5cbb216c494c9f92df586e027	34	true
tests/org.eclipse.swt.tests.gtk/ManualTests/org/eclipse/swt/tests/gtk/snippets/Bug535978_TableEditorHeader.java	b1615b28e6182273ba034713ea4c916c43a6d14064a26a0a8ba3100511855d84	03b1ab25e87ca88d1b28be754500f53cc8a918517fee45a70e0919dddce0852d	91c4f15c2e460ebcce533152f91999c2c0a92d270e9c1484fba86c5af7954353	47	true
tests/org.eclipse.swt.tests.gtk/ManualTests/org/eclipse/swt/tests/gtk/snippets/Bug536141_BrowserFunctionLostReload.java	df62a8fc9d83e8b62fd413c4a26d503e6469d59a703fb0d4c1f190e18d9e4899	7ebd4cd6e9a1274e300b2d2d7f4a498dfd4d8b09af9315fccc7a5788bf7a5179	87dcb618c5e8716ffcd6395c4bd16c9719724e7c554f302fc1ae1691a8ae90dd	62	true
tests/org.eclipse.swt.tests.gtk/ManualTests/org/eclipse/swt/tests/gtk/snippets/Bug536934_TreeFullItem.java	49d44872032d436b76925a6c3b0728abc19cb435b5506913f3c7eda5d7b78b82	49d44872032d436b76925a6c3b0728abc19cb435b5506913f3c7eda5d7b78b82	fabbef3f5db175213dae9bc0e37aa2534e1a476276eb83d65e521bd6e1991e26	41	false
tests/org.eclipse.swt.tests.gtk/ManualTests/org/eclipse/swt/tests/gtk/snippets/Bug537025_SendKeyEvent.java	17ff49956549e137ae7fe1cfd892d40d27e021183c67f9d7f3aabaaca18d3e80	17ff49956549e137ae7fe1cfd892d40d27e021183c67f9d7f3aabaaca18d3e80	6e6e8eeb42241d6fa1780009571a999f305922143b9e525436637e7267ba496b	122	false
tests/org.eclipse.swt.tests.gtk/ManualTests/org/eclipse/swt/tests/gtk/snippets/Bug537713_ComboSizing.java	b4b1907b1a6a44c08b5229e1002fd23306a5f98c12c61df0ff3a6593c43fa0d5	78accc0e4d7d3b3dcd8087ebcdf3accd5bfc365bb188fc60e94caf28b5228277	a7aa603f5b64778805523deb0695c2eb34e4b6cd9ab4c49a9289a2c9814446a2	22	true
tests/org.eclipse.swt.tests.gtk/ManualTests/org/eclipse/swt/tests/gtk/snippets/Bug538114_ExpandBarEmptyAll.java	9a5dd46e9862716c533167326058e640794e952807391d437d63d0b8bfe362ca	3e02c04aa032108376e81bcf0841a3966f7bf1bf91a0b0dabcec1524610b99b2	4f39bf313f109c83b9f4ba78e1882cb038ec1d19ba57fc697153464f4e7b64fe	49	true
tests/org.eclipse.swt.tests.gtk/ManualTests/org/eclipse/swt/tests/gtk/snippets/Bug538579_DateTimeSetValue.java	517c3ca35ad2362b7e6074e147df2405857ab55057b20a86ad115440fcbcb943	78d2732de95f77c917efeb160de0c95cf8f0e2d255274139ebf1f5beb804b5b3	cdeec479a411fa405f3b7cad52cac708237018f97063ba2c11aff3b9bff4979a	16	true
tests/org.eclipse.swt.tests.gtk/ManualTests/org/eclipse/swt/tests/gtk/snippets/Bug539367_ComboLongText.java	4ca34e6eaa83163534bd7c716317f52cf5a7bff013d9eff72d61a84ed570e77a	7bf7128814dd832c765b32a86b60025a11fedbadfc7c37fa36c6e5646c87b97d	c2de317246d6b5cdd09f4c77221e17320adef66ac64bf1ce048046df58d2f77e	21	true
tests/org.eclipse.swt.tests.gtk/ManualTests/org/eclipse/swt/tests/gtk/snippets/Bug539367_ComboLongText2.java	587aae2faf7462db3c360697e17e97013d03b567bc168564931c27fdbbc7eb88	a918bc00eb88712f3a1814bf058f4e2ecb7bdacbad371f79abcd5b8c85f867c3	4200697f6cce14fbaa7bd35015071cb868edd4101657c3f7f5bfa29a088faf2d	24	true
tests/org.eclipse.swt.tests.gtk/ManualTests/org/eclipse/swt/tests/gtk/snippets/Bug541427_TreeNoHeader.java	224ebb5b75135e528087aa0a573c853e94bfab7a9bfb61091e5f3574035420ea	9bc43186dde7b7695189194cc7bd4e70f2bc61d61077327b615117cc38bef84d	88c39d9cfb79c69b6f274016cd66f2e2d128536132e553ffe8f417aa3e1a49b9	40	true
tests/org.eclipse.swt.tests.gtk/ManualTests/org/eclipse/swt/tests/gtk/snippets/Bug541720_PackClear.java	d9f801e1470d2bbda20e286dacac307eda9a4ed399fe3dcd0a10b9d4260b0bbe	d9f801e1470d2bbda20e286dacac307eda9a4ed399fe3dcd0a10b9d4260b0bbe	b7922a59e0a0786848ce016a20164c08ea9c22179a702656686b4a6b536d5832	51	false
tests/org.eclipse.swt.tests.gtk/ManualTests/org/eclipse/swt/tests/gtk/snippets/Bug542475_DateTimeWrongIncrement.java	0a92b906fecfdf0557ae4393cb79df5677887b1e221851a25d0b9ffe448a7486	0a92b906fecfdf0557ae4393cb79df5677887b1e221851a25d0b9ffe448a7486	9a4271e0612e115418cd0e6d00345840d088f868d0ee0210043fbde7d87975b9	14	false
tests/org.eclipse.swt.tests.gtk/ManualTests/org/eclipse/swt/tests/gtk/snippets/Bug542865_ShellChildrenCrash.java	c769ef7c57a02ae12aebcbe16d94f522e53910b2a29a086e2f6b1e932ec8ff6b	118f33025f4a0884a140df8aed85dbc8f20ac7b20411a07115b0207c661c3990	a48dac46101ff4a58cd31c2af5e0b1cc7c80a6eef62fb269adbfe59a956009af	13	true
tests/org.eclipse.swt.tests.gtk/ManualTests/org/eclipse/swt/tests/gtk/snippets/Bug542940_NPETreeSetEditor.java	cf5b5a6e4855cfd9ce5b3b236601a47e723d059989bc1df8d5738371ff5f99c7	cf5b5a6e4855cfd9ce5b3b236601a47e723d059989bc1df8d5738371ff5f99c7	b6c533e737cf3288b0281266eefb20298caf244385ad8457c0901f6ce568a20e	58	false
tests/org.eclipse.swt.tests.gtk/ManualTests/org/eclipse/swt/tests/gtk/snippets/Bug543895_ToolItemExtraSpace.java	64cb4a0587b68acf4e6427c9627f9186c6fe9522ac65225a2811d8779342a15b	64cb4a0587b68acf4e6427c9627f9186c6fe9522ac65225a2811d8779342a15b	4d4413f9aa3099ac366617002e496b0166b6281db0409fc9a289418715d3d349	28	false
tests/org.eclipse.swt.tests.gtk/ManualTests/org/eclipse/swt/tests/gtk/snippets/Bug543984_GTK4EventTypeConstants.java	bf6d88b366c500ce9f4c258a7a54bc408cf44dc91d797250e7c0c4a7c1404998	b261de0429fa16697549d647df7d084b03a1ece04d37ec9fb6f1e7bdaa727324	fa056567d45f61acffdf978f9cc50dc47e2bc81801586a6e5a2cde113af636c3	23	true
tests/org.eclipse.swt.tests.gtk/ManualTests/org/eclipse/swt/tests/gtk/snippets/Bug544282_TablePerformanceMeasure.java	2eadc577c6cdf9f940c9919f558c6e0fd0b259c8715950eda47e6183e0827299	3f974fb96e7b9149de52f65ede42cea33a149e7b1d1b91a005c2ee50816a577a	440064a9f8216ed04468abd6cca83fb8ef18a686dbf6c470e1dbbac991019cad	73	true
tests/org.eclipse.swt.tests.gtk/ManualTests/org/eclipse/swt/tests/gtk/snippets/Bug545032_ImageLoaderTesting.java	fbac2626f92eb12ed2332fae3c93638a6aadd6f2fbcbb107a2f6eeb522ae5d08	fbac2626f92eb12ed2332fae3c93638a6aadd6f2fbcbb107a2f6eeb522ae5d08	0febbe6c7f522aea6a26adc29c367977414c4899cce6a9e734e8f700179903cd	58	false
tests/org.eclipse.swt.tests.gtk/ManualTests/org/eclipse/swt/tests/gtk/snippets/Bug545139_TableColumnEraseString.java	2c16511ec11623dd5de07b35b81165a1b92ea96e6d057a8c32fc3be0d9f7ae8c	9925cca6191c65b76eff030aee725bb4c797383642d0c7e66b5c3713aeac6a10	ca10febea3270a646b45a6eb4b81e3b585ff0d7c79b07c9d9eb0d91ff9302ee2	54	true
tests/org.eclipse.swt.tests.gtk/ManualTests/org/eclipse/swt/tests/gtk/snippets/Bug545226_GC_getClipping_is_wrong.java	28259e7f5622fb20dc40887a5cb08182e0d29fc4d972a86a9c6655ef9754fcf1	03096952d8e4768a6da40ed8e71d1cd13a1678a6dbdab5f1e241def8897b5adf	ab94eed2e4b57e186a6945c2642437a2a2d1bb1e07139c01e1b827a321524ac3	63	true
tests/org.eclipse.swt.tests.gtk/ManualTests/org/eclipse/swt/tests/gtk/snippets/Bug545403_ScrollDirection.java	6fe6c4c9cea2a5a74c7964c668d264efb60667ebd521551cbab138c8b96d0a18	6fe6c4c9cea2a5a74c7964c668d264efb60667ebd521551cbab138c8b96d0a18	4c15407b41a88273a52ff2176f361ac91953112cc4f80648ea8deb0a682f7906	12	false
tests/org.eclipse.swt.tests.gtk/ManualTests/org/eclipse/swt/tests/gtk/snippets/Bug545406_TextForegroundNotApplied.java	3eba99074070c3bf2870db1be5ea233ec1363030323d72f04bf15b70b1989691	3eba99074070c3bf2870db1be5ea233ec1363030323d72f04bf15b70b1989691	7f03fd03154714271f3025bc81e4643f492f4acf56c6ebef2d790b19ab1431b4	15	false
tests/org.eclipse.swt.tests.gtk/ManualTests/org/eclipse/swt/tests/gtk/snippets/Bug545587_TooltipColor.java	87a13db4a3b252eddda6316fcf4d2cb7f15518e78465afc09f8950dbfe0b941c	87a13db4a3b252eddda6316fcf4d2cb7f15518e78465afc09f8950dbfe0b941c	b7802a1de1856bef79ff8e7691dd9a8ff632f0390dbdf0ebe689fde059ef8311	33	false
tests/org.eclipse.swt.tests.gtk/ManualTests/org/eclipse/swt/tests/gtk/snippets/Bug545645_VirtualTableHeaderFocus.java	16d3783422c92a2fc26226b9079d6055782602372b7ef4cffdbb486c07e7a69a	16d3783422c92a2fc26226b9079d6055782602372b7ef4cffdbb486c07e7a69a	33bf150ca40b351fb2941119309dfadf3dbfed6e57148093ca8c62c542ec7c74	68	false
tests/org.eclipse.swt.tests.gtk/ManualTests/org/eclipse/swt/tests/gtk/snippets/Bug545645_VirtualTableHeaderFocus2.java	df85a7c1133a297a47630dcb7a6ef8ed8f9c90877c44bd06b3be7a33a644e669	df85a7c1133a297a47630dcb7a6ef8ed8f9c90877c44bd06b3be7a33a644e669	0fa23d94ed8eb11aa4aea335b531bb711346c3da82e6b88908840d0ffb36ecf6	59	false
tests/org.eclipse.swt.tests.gtk/ManualTests/org/eclipse/swt/tests/gtk/snippets/Bug545804_SVGSupport.java	f7adb48e44f44e7cc017bbd597ed73d5ed2b11ec42cc3aaae33c2874600ff70d	2439d79c8a986a1ccca13048683eff048629ab66edd69d75fc9e52bcd8730604	8cb31b5e447989a05289353e613acac8f77749276434fbc4307bfd6b2919e942	19	true
tests/org.eclipse.swt.tests.gtk/ManualTests/org/eclipse/swt/tests/gtk/snippets/Bug546248_CompositeTooManyPaintEvents.java	7ed1b42ff324246dd4e4dc88874da2c2bab5e7a53811e26b55b3ec2b0a5b9cef	7ed1b42ff324246dd4e4dc88874da2c2bab5e7a53811e26b55b3ec2b0a5b9cef	b4a6db144614213b4b4eafc7321c3211751415d0cd9aec959c93278c35c78f8d	39	false
tests/org.eclipse.swt.tests.gtk/ManualTests/org/eclipse/swt/tests/gtk/snippets/Bug546274_StyledTextVMCrash.java	0885881ae5a8a35aacd9f8b27ba40d2136d670b93e3ba73a5450fa09b05a2dbd	0885881ae5a8a35aacd9f8b27ba40d2136d670b93e3ba73a5450fa09b05a2dbd	ede23a964591ecd7c7a2a1a4b49151a3963c6969892c904564b3725c1248b5dd	46	false
tests/org.eclipse.swt.tests.gtk/ManualTests/org/eclipse/swt/tests/gtk/snippets/Bug546490_TreeSizingIssues.java	2a6bfce05d79c51e0cdfe710fe62ca6c1ff40325939cde13842c2ef9ab1ea422	2a6bfce05d79c51e0cdfe710fe62ca6c1ff40325939cde13842c2ef9ab1ea422	d5dfd21349209e3ddd1c29d89a74f519449140ad077b4b3691b615d68167360c	115	false
tests/org.eclipse.swt.tests.gtk/ManualTests/org/eclipse/swt/tests/gtk/snippets/Bug546552_CheckboxesCustomColor.java	ebc9823207253be6ef95912f44679960ff28ba70e7a29ffc3598035548e42ded	ebc9823207253be6ef95912f44679960ff28ba70e7a29ffc3598035548e42ded	09cd2e08de0865bd0d0edecfb8948d973aec90ff6a0e8f73f6681e3faa12d244	25	false
tests/org.eclipse.swt.tests.gtk/ManualTests/org/eclipse/swt/tests/gtk/snippets/Bug546940_TableSizingIssues.java	9c83cdfae1d60b64e0f26b1bdd0d394814e913d26f1337c97d1874aaae0e2358	9c83cdfae1d60b64e0f26b1bdd0d394814e913d26f1337c97d1874aaae0e2358	5283774de1f74ebca4f62c34b5f4c24898b618a628c5791f3ade7604d7d466ba	113	false
tests/org.eclipse.swt.tests.gtk/ManualTests/org/eclipse/swt/tests/gtk/snippets/Bug546961_Scrollbar_Slider_Popup_Shell.java	e7ff50d748d70213536ef8326d8fb73658ed94b7f34a0eee241f5e7ac9469571	1a2b809bf6728e52b51d63a5c62ac71067502e65863a4b68a05780b077a5d272	faae1703f9e4be6e159f2a6ce2bef8bce415e3e47db0f49d5746113b1280eb1c	35	true
tests/org.eclipse.swt.tests.gtk/ManualTests/org/eclipse/swt/tests/gtk/snippets/Bug547093_LogoffStuck.java	d469f93e79dbb49ab336cba126f51c66cb86e49da5a92789f533be260ea504b7	b31568cf0b9c11fde914306b2b1a1a8418ae1c44804869cd638966d897bdc977	7335d113d5ac8593f44c0f36010c84d8867dec4c8e49f2a742b7c8488ce1558d	20	true
tests/org.eclipse.swt.tests.gtk/ManualTests/org/eclipse/swt/tests/gtk/snippets/Bug547227_GroupMemoryLeak.java	02bcff47cf3c48c655a87c3648700873b6ddff8c74979a48c63ca1a7cfc122f9	02bcff47cf3c48c655a87c3648700873b6ddff8c74979a48c63ca1a7cfc122f9	883d506159ee0b2ec6f743a6c029b32555e94d71c48f97ca12e0d8b712a75ee9	50	false
tests/org.eclipse.swt.tests.gtk/ManualTests/org/eclipse/swt/tests/gtk/snippets/Bug547375_DisplayBounds.java	d25b2667b61e436019a9869c241fd296e0346580d80eee06705c6f66d83595e4	7330aa41bd1b024e145d419bd94b8a79bc99ddc9ce2e510210a91bca6bc4b204	24c44b5e9d702c1ad336a3219fac1dbd848f72b55198e6271efe402deb8a9d7b	12	true
tests/org.eclipse.swt.tests.gtk/ManualTests/org/eclipse/swt/tests/gtk/snippets/Bug547529_ControlPrintBroken.java	c2adf0cb0732a8be26a68d075c5e31896eea6eac3693d9fe7d26aaf3799dadbd	c2adf0cb0732a8be26a68d075c5e31896eea6eac3693d9fe7d26aaf3799dadbd	d1da0ddec8757b77d27e6c607808aebb92eac29ebe8c62d17df483b6e8a499c6	61	false
tests/org.eclipse.swt.tests.gtk/ManualTests/org/eclipse/swt/tests/gtk/snippets/Bug547529_ImageLoaderStriping.java	a0d9a3be8fb5cc477ba98a1b0e94c07e194f44aa1f2ec82cd3561e1c46a19d55	a0d9a3be8fb5cc477ba98a1b0e94c07e194f44aa1f2ec82cd3561e1c46a19d55	a8d69903999dc43a78908c28c08ff64d12be77f9bef4994af34e31c67d22114b	41	false
tests/org.eclipse.swt.tests.gtk/ManualTests/org/eclipse/swt/tests/gtk/snippets/Bug547557_ShellPrintGC.java	b37d8656e454002a2a9c69b68418406fe6f449b9f68aaaea70c6fab6210aa8a5	b37d8656e454002a2a9c69b68418406fe6f449b9f68aaaea70c6fab6210aa8a5	765b8d1d1d5e76f39d67a408bb2bec264209345f9962dd3636d7b02fbf524b78	35	false
tests/org.eclipse.swt.tests.gtk/ManualTests/org/eclipse/swt/tests/gtk/snippets/Bug547811_DateTimePopup.java	0f9f713f0c29ea9078d9423e672014e2242786a8e4d89c881bd9f960a91b89ff	0f9f713f0c29ea9078d9423e672014e2242786a8e4d89c881bd9f960a91b89ff	2959f52842ba0e9a901d15e2154c320211d9b79229786ec852d8186d9769f3e4	25	false
tests/org.eclipse.swt.tests.gtk/ManualTests/org/eclipse/swt/tests/gtk/snippets/Bug548661_AWTDragDrop.java	b8b6917eee9fc68655b0c780139c18663126e7cf0e1a3a426e222433bf3b5919	b8b6917eee9fc68655b0c780139c18663126e7cf0e1a3a426e222433bf3b5919	c45661f1312618cf3fd8fbefe65da1f5cf27b579292b07d5077eee7c29e29c2a	46	false
tests/org.eclipse.swt.tests.gtk/ManualTests/org/eclipse/swt/tests/gtk/snippets/Bug549101_LabelBackgroundNotEqual.java	103aaf13acc53e7bc8b076f8dec2c5f48f42e9013ef83c917183a6a0c4c164f2	103aaf13acc53e7bc8b076f8dec2c5f48f42e9013ef83c917183a6a0c4c164f2	f9d772e9c56175c300de44e9bb4bb5bdf852810f005efb79b7776faef88d60df	19	false
tests/org.eclipse.swt.tests.gtk/ManualTests/org/eclipse/swt/tests/gtk/snippets/Bug549376_JvmCrashMenuRadio.java	0025eaa514e5b6acccf39463876a3c2f0ac0d57200490e5331ca6aee6c506d22	67204116b630493275bc81f2a261f138dd43c7f10cdfcbfe5302356ce422efe6	ef045f773a4b89784ca84693766960ed32c17f944b0e3bf6ba5e2ee3ad890597	25	true
tests/org.eclipse.swt.tests.gtk/ManualTests/org/eclipse/swt/tests/gtk/snippets/Bug549733_GTKDarkAPI.java	435b452e764068ed93f1a31e4aad560b9588ed3101f0532ab55f318587064314	e6d18cc56aeec7daf59794bc5b6ad5e20b713158d0f32eb2100956abf5c44f60	2469a66730c10ef76d64ece3b5a88f901bc118296e484f3985d750a689f41edf	13	true
tests/org.eclipse.swt.tests.gtk/ManualTests/org/eclipse/swt/tests/gtk/snippets/Bug550501_DateTimeDigits.java	a77736b486b5eaa123ef8b5e1c3f4f04a4580237ba454f274a53cc19d3193d15	a77736b486b5eaa123ef8b5e1c3f4f04a4580237ba454f274a53cc19d3193d15	55cdac8bdc7f7bd8062eb7aaa2ee89daf385bd97d3b1e1646b75a3a1c639b9ed	20	false
tests/org.eclipse.swt.tests.gtk/ManualTests/org/eclipse/swt/tests/gtk/snippets/Bug550517_SwingComponentFocus.java	977230a0112481c2d1ac737b72d6e527bfe80ebade55b41d9972548c4835135e	23a3499d60d1ec6f1c03c734ade93c1b2adae5b2f85695a8dfdacb1451e6ce0d	a3b9f433233ed75907abb6c1c4a4ebec93d34c6a50a1ef666fa4cd39c0b582c5	31	true
tests/org.eclipse.swt.tests.gtk/ManualTests/org/eclipse/swt/tests/gtk/snippets/Bug550733_DateTimeStaleValues.java	b185a09ab75869d7bffcb937a3fee34a9dc8cc72bf01c4c2b9d887830141770c	b185a09ab75869d7bffcb937a3fee34a9dc8cc72bf01c4c2b9d887830141770c	48e71ca6a02545478740f19963d03669ac833adeeb44d93be0e0db780fe2a537	20	false
tests/org.eclipse.swt.tests.gtk/ManualTests/org/eclipse/swt/tests/gtk/snippets/Bug551588_TextLayoutBenchmark.java	fd45fc46dc9095fbbbab77c63eed549a9ef70dabab2072f7b2bd838a68a3df94	fd45fc46dc9095fbbbab77c63eed549a9ef70dabab2072f7b2bd838a68a3df94	f2d271355d6a428df2993a63cf6b6463dee1e5bd7490b1f54be37db39cf88580	21	false
tests/org.eclipse.swt.tests.gtk/ManualTests/org/eclipse/swt/tests/gtk/snippets/Bug551588_TextLayoutExample.java	2c7437443ad09c96ea2f524ca565fe97a1a43af901360f2bb424effc0520e79f	8f28ac86bd9659a4837326ddffe806cfa592de67aadb0502ecc7974dc73d3cf0	182c23bd1057f693d205b37ca0745130994b6ef45c118cc25d59c6a586fc71f7	85	true
tests/org.eclipse.swt.tests.gtk/ManualTests/org/eclipse/swt/tests/gtk/snippets/Bug551588_TextLayoutRegressionTest.java	8cbbf93b0f3f1c866b21f01cafcb11f324e13eee0e00b6773421df6e404282fd	8cbbf93b0f3f1c866b21f01cafcb11f324e13eee0e00b6773421df6e404282fd	5f41c5ac7404aeb1d3a96b491a4ccf68511c19dd8ae64fbe5cc204d921a79458	18	false
tests/org.eclipse.swt.tests.gtk/ManualTests/org/eclipse/swt/tests/gtk/snippets/Bug551624_ShellOpenOverflow.java	7b5a0cb8711e3e1a9d53b0fca4879fc9d7edc877e4ef674ca43f0df00c941c49	7b5a0cb8711e3e1a9d53b0fca4879fc9d7edc877e4ef674ca43f0df00c941c49	153d08599a818753ebdab2b734673f5bca123fe069dd643081a7927caf65c35a	19	false
tests/org.eclipse.swt.tests.gtk/ManualTests/org/eclipse/swt/tests/gtk/snippets/Bug551982_BlankCanvas.java	e9c58693cb5d35e4505b59591f6fcc073859885a1eb7fd7ef76d8b059cb730bf	e9c58693cb5d35e4505b59591f6fcc073859885a1eb7fd7ef76d8b059cb730bf	81e1385d2290662927b52d146f4803cad82b5a23e7828e25b3223b37bf57b813	20	false
tests/org.eclipse.swt.tests.gtk/ManualTests/org/eclipse/swt/tests/gtk/snippets/Bug552096_TreeShowItemUnreliable.java	2931f4e9ec23f5f58fe2723e654c42605dd2ac2439e40ffaf871c08a43bba664	2931f4e9ec23f5f58fe2723e654c42605dd2ac2439e40ffaf871c08a43bba664	6f715b2a7411f66add1f8296767dd682dcebc583589b2567b29cb26c88361a7b	25	false
tests/org.eclipse.swt.tests.gtk/ManualTests/org/eclipse/swt/tests/gtk/snippets/Bug552209_TreeWithMeasure.java	64cd0cf35fd9054cc57d5ee24eb38e62ce5fd594b976cdd86146926b6d9f8ffe	64cd0cf35fd9054cc57d5ee24eb38e62ce5fd594b976cdd86146926b6d9f8ffe	2527ef7532adc42e1c28f4c4967640bd7144693bcb97f56c8b93262ca5f9f4b5	25	false
tests/org.eclipse.swt.tests.gtk/ManualTests/org/eclipse/swt/tests/gtk/snippets/Bug552215_TreeFlickering_getClientArea.java	82daff6a593b7628f7e1644fb761d2fe38dd6f9d305416b5fff38cd922295c54	82daff6a593b7628f7e1644fb761d2fe38dd6f9d305416b5fff38cd922295c54	d73632088ce61b1003e9ef21285ce384b35178d097846fd66446a3eca448d82a	28	false
tests/org.eclipse.swt.tests.gtk/ManualTests/org/eclipse/swt/tests/gtk/snippets/Bug553240_ImageLoaderSavingStriped.java	1b86830ceb11a2855ddd9071987263b2ab1c58c12857689b43e8feddcdd208cf	1b86830ceb11a2855ddd9071987263b2ab1c58c12857689b43e8feddcdd208cf	19534794c73e246ad1f9f9e4032216f9ffba538cf91cbcd6af72c58bbd70e5f3	50	false
tests/org.eclipse.swt.tests.gtk/ManualTests/org/eclipse/swt/tests/gtk/snippets/Bug553657_CheckboxesInheritedBackground.java	ea903efda669669a362b70e36a104a250e82cf5f98460914a870b030c5a217a9	ea903efda669669a362b70e36a104a250e82cf5f98460914a870b030c5a217a9	6bd4ad11b28004610285b2d9785730e26cfe8cd90f4228dc96e6f724e31f26b7	27	false
tests/org.eclipse.swt.tests.gtk/ManualTests/org/eclipse/swt/tests/gtk/snippets/Bug55595_CursorMovementMonitor.java	d086aace41618befc2e9293ce100aa848e1a2f6c79c97ed3fd68d95b187a76f4	a257b70abc78f85d7c29ac7e7480f2d2c861276bfe150db9d6c5ee47e4249c2f	b96e002c54a7884b67f225b007b96e9491461707c382319cbbca6940bda3184e	28	true
tests/org.eclipse.swt.tests.gtk/ManualTests/org/eclipse/swt/tests/gtk/snippets/Bug558222_BlackIcon.java	8c3f1976737cf152d19265731289bf4ec259798e2c8ee9013ba775c4b7e81057	8c3f1976737cf152d19265731289bf4ec259798e2c8ee9013ba775c4b7e81057	bbf9e70b0f1668e234c13343725659e9142308ec64fb26de7e198e1f30b83ede	41	false
tests/org.eclipse.swt.tests.gtk/ManualTests/org/eclipse/swt/tests/gtk/snippets/Bug562463_BusyIndicatorIssue.java	dbcab26ea0ecb43a42a8b70c74f068cf313c3b67ade3d2bae2c774d04537fe47	8cb4800e0bf38e73e5882a498ad76e1df32ec1037e0a9aa1b32e213efb979c8c	bab88b682b5366ac78f172a3ec0c76b7a8ae23019d442728640884a83a7db5e4	73	true
tests/org.eclipse.swt.tests.gtk/ManualTests/org/eclipse/swt/tests/gtk/snippets/Bug563253_GraphicsSnippet.java	c89c2c33aca21e1413f86685a76fe1a2348db9252e6f90d65840de23a8b12e2f	5f4cb1c43ad05eed6cbf429d61c1d332540612301bf3b493efc3b893413fb163	77505bf071e1a6dd4a64e0e7245bbdd5a216ea98b7aaeb5be8099b89bd2e8724	19	true
tests/org.eclipse.swt.tests.gtk/ManualTests/org/eclipse/swt/tests/gtk/snippets/Bug563555_IsReadyPopup.java	33a4aa6da1dd62463fbddf76b4ccb2492d090632326c6fc5d9ffe6c33b3cb4dd	c4c6b63320da2a71bb9ff65726ffffd430fa6cba4d8ff24435b186da878207b7	b37c2d575a3096b483fc986a96484e4aa45c04c5e560c5e80761209f1628cf02	49	true
tests/org.eclipse.swt.tests.gtk/ManualTests/org/eclipse/swt/tests/gtk/snippets/Bug567826_CrashClipboardExit.java	2cae0331a064a054e898fd98a028a6710e03460e9633ae5d91dbbb718a5f99ed	3fae1862f381ee9732558c1671cb16148dc70f17e5b83e484344a6c68b68187f	8a51ebc781f3ae2b610755585b42ffbe1736216887984ec04586bef87fc1a11f	37	true
tests/org.eclipse.swt.tests.gtk/ManualTests/org/eclipse/swt/tests/gtk/snippets/Bug568501_JniWarningDisposingAccessible.java	1e4e0524965349e9d176b2021b58672cceee32713d363af01824a71b0599523e	1e4e0524965349e9d176b2021b58672cceee32713d363af01824a71b0599523e	11bc242204c449e84f4c4fb0f420f03a80d9ce7703dbd0aac34a78bbe84aa6d0	26	false
tests/org.eclipse.swt.tests.gtk/ManualTests/org/eclipse/swt/tests/gtk/snippets/Bug569468_GtkLafSync.java	aa19fb5f1003ae06457e398ffe1fb53e14493acc0c4806ce9e17bd09259ff118	3c7115b1b1c67a48d1091d560e0bb47bf0cb6f743041a479a40f1fe29e1a5d81	c82ed22695c1289b306e4274f4b02cf5f9f43e87d4ae9ebf822cf557ff3c0838	36	true
tests/org.eclipse.swt.tests.gtk/ManualTests/org/eclipse/swt/tests/gtk/snippets/Bug569647_GestureMemoryLeaks.java	6ffd5e91b6a5acf154a2fb2a357d56bc39cfa65e86c802d2930925db7480b794	6ffd5e91b6a5acf154a2fb2a357d56bc39cfa65e86c802d2930925db7480b794	5ded58afbcbcaa3d76fa46f508e8e2ca2f250fc28e7783f361eb0ae3ac00938d	27	false
tests/org.eclipse.swt.tests.gtk/ManualTests/org/eclipse/swt/tests/gtk/snippets/Bug569707_SIGTRAP_DisplayPost.java	377b8e614868e19ac389ee0f49c1a346beb2a4bd724b5aacf7b1bcab2eabce61	ddc3625518a7eae96c54e33334eae75ff9924125e1327138b8f2cef1679f27bd	b4e5edbd7e4cc15e1967a85871f2be55687883126a52eb83e581acab74859ed2	46	true
tests/org.eclipse.swt.tests.gtk/ManualTests/org/eclipse/swt/tests/gtk/snippets/Bug570238_FontDescriptionLeak.java	c1be7856092b528c423e69057cb98bf92e1533e17cf20ce8c343acc95d2d7d78	c1be7856092b528c423e69057cb98bf92e1533e17cf20ce8c343acc95d2d7d78	3864f5b81e5ebaf0dcfe4c66e79f74413af8121a253e963127340ca3fa88044b	25	false
tests/org.eclipse.swt.tests.gtk/ManualTests/org/eclipse/swt/tests/gtk/snippets/Bug570286_EnterTest.java	a38b6d19325689279fc6cc7831711136e7f54c8706daf8ecfed61c0c7e657e5a	a38b6d19325689279fc6cc7831711136e7f54c8706daf8ecfed61c0c7e657e5a	73bdb0a90b25ba975aa9d96c5a09d0fe6ca6f8390fa7f755de96b3a231569060	16	false
tests/org.eclipse.swt.tests.gtk/ManualTests/org/eclipse/swt/tests/gtk/snippets/Bug570502_ReadonlyComboBackground.java	8b7f0a7860469d17ba9f10235c1706fc4ef5bea6f3e66449d4465fbabdec3d8d	8b7f0a7860469d17ba9f10235c1706fc4ef5bea6f3e66449d4465fbabdec3d8d	3432e707346849a10e175e79e0b700047d1d6f5eaf9f0bd1e8211acbd83a2799	75	false
tests/org.eclipse.swt.tests.gtk/ManualTests/org/eclipse/swt/tests/gtk/snippets/Bug571740_IAE_AccentChars.java	1617975e6e6991c109153a8e8583236637f09a62fa549607b64cb61053a2bb74	1617975e6e6991c109153a8e8583236637f09a62fa549607b64cb61053a2bb74	8e063be03c6a1c8b81bd74a7958c51d4bea69d06e6c6ebd0ef2a85b0046cb6f0	15	false
tests/org.eclipse.swt.tests.gtk/ManualTests/org/eclipse/swt/tests/gtk/snippets/Bug573697_MenuBar_CrashShellReparent.java	d8d099a5cf647effab22abe901423a913b597b909f743a33325ff58e8e0261fb	d8d099a5cf647effab22abe901423a913b597b909f743a33325ff58e8e0261fb	3ce9361be904360d29ddf645fdf5ee489271ab2cd0b7b8d10d0ceee3ccc81765	32	false
tests/org.eclipse.swt.tests.gtk/ManualTests/org/eclipse/swt/tests/gtk/snippets/Bug573697_MenuBar_MenuDispose.java	fd5b88b50cc18501fe5f6533965da9d80099e1ea79bd9848c316e5b7a04b4c68	fd5b88b50cc18501fe5f6533965da9d80099e1ea79bd9848c316e5b7a04b4c68	e8eb0ed0d5b7a134e7446c50a4767c4772e4cc63ea74e1fc1c74c1cc531da352	20	false
tests/org.eclipse.swt.tests.gtk/ManualTests/org/eclipse/swt/tests/gtk/snippets/Bug573697_MenuBar_MenuLeak.java	0ae053e7a358e31c5d367add5212bd145e679205140fa4efdf2bc1d27db198b2	0ae053e7a358e31c5d367add5212bd145e679205140fa4efdf2bc1d27db198b2	419fc287a00830dfcce4a1d19d975ab0b7dc58d1fead844da0bd348f79efe9ab	36	false
tests/org.eclipse.swt.tests.gtk/ManualTests/org/eclipse/swt/tests/gtk/snippets/Bug573932_JvmCrash_TableColumn.java	f1cacfe18c9a84fa9baeea9d91dff2c8871ffe36404c5bc672c2e367914dbde0	3304d94f6cb21e03088b3be77ae804a4d146f216aaec144165e35c68f296a45f	6d9a9bb930efc4d2f583c612e785c45e6ec39df5f2c7abf3faf79ac5fac5a188	182	true
tests/org.eclipse.swt.tests.gtk/ManualTests/org/eclipse/swt/tests/gtk/snippets/Bug579257_new_webkit_window.java	cb7f654c5d80853dd8a6adf6210064d5d8da45e8adf8af910822e8a9608d0e40	fb2ede279427288640035e0bb72d3287033f3894ec7cc963db7028cbb27eb973	d9ccceb25e98e00f83b7c9e460fc85c90fd248facc7ce21a97d9fffe2a708c26	28	true
tests/org.eclipse.swt.tests.gtk/ManualTests/org/eclipse/swt/tests/gtk/snippets/Bug579283_TestToolbarOverflow_itemEnablement.java	9c5a0bff3e290090fc9dcb6b28afc4e25a432a46df0f3a44a548906b1f2f1333	9c5a0bff3e290090fc9dcb6b28afc4e25a432a46df0f3a44a548906b1f2f1333	b3af0549cc0ae35b6e3e9b2f206076d7432be99da11eda0162560b2c70cbd6be	37	false
tests/org.eclipse.swt.tests.gtk/ManualTests/org/eclipse/swt/tests/gtk/snippets/Bug62247_KDEToolTip.java	6a7048e72ed47f28706748bac19899bcc9d6e19933593f5a29de6ea7bb2cac87	a3b3d4ac248d4fcc09a3b479863e6487ecd32f0bdc81eafb4c13c382fec1f091	11e5f23c911a66d6269cf20b85c7d7e0f296c939e767eb3cc91ca7117277a2cd	13	true
tests/org.eclipse.swt.tests.gtk/ManualTests/org/eclipse/swt/tests/gtk/snippets/Bug66356_DND_move_reported_to_drag_source_even_though_cancelled.java	19099536363121e8dc4738ab2135392c0ca7d5813f6c71f41d53f1047db1e7b7	034a71a7de10e20730bf9faf2830926ba9ec91ef8f3d478ee108910dc47dbf44	577a0655385103b7d38df2719caf0aec27bcb41b6e5e3f8214e361442fcf3739	25	true
tests/org.eclipse.swt.tests.gtk/ManualTests/org/eclipse/swt/tests/gtk/snippets/Bug69650_FocusLostWhenWidgetDisposed.java	88988f4cb68eaa4b3ae6c74c876ceaad63476afcf1049d496a33c11e4c8850c2	ca452a0d2860be64cc513cd9b6d25009eb783f2f6969705a24dc877fe8a99cfe	072fb7c990571f6d1ec1d1242f56186a522b4599bf0915f52b6a8c7307d4dbc2	22	true
tests/org.eclipse.swt.tests.gtk/ManualTests/org/eclipse/swt/tests/gtk/snippets/Bug71990_SlowTablePack.java	b5c4ef98fd9d26899be9bd21f8dcca827d252746f175d3525b086dd200a048c3	5d1317f2b1a20b4d850edba61a0700418eb56c83cf1a27ccb287a14a102e61cd	a7c48b8939016817d5b8ae794d13b837405e7a4b726388d6408d4cfa2b19eff5	85	true
tests/org.eclipse.swt.tests.gtk/ManualTests/org/eclipse/swt/tests/gtk/snippets/Bug74739_TableTopIndex.java	7fafde57069011f22f897b7e4013ddba31bc72a1d71b55d541735159d5eb3d22	0059fa9704c83b1c8d993f792e28d15fb7d39b5602933600229d80af0d2f8a73	d29eb447fdf4e33c53fad30382a6a8abee9b5f2075d0b583ef13e28cd04e9d39	85	true
tests/org.eclipse.swt.tests.gtk/ManualTests/org/eclipse/swt/tests/gtk/snippets/Bug75748_FlashingPageDown.java	7530289ff8d33839228144e7eb6159f8d9ba93e724c0bbd667e927497e63f868	08a73ac57fdbf3f9406555555bf3b47d4d951076972a08ebef50837de1f4cd4b	cda944e03d8ade2cc2048caa6d69b33bf09bc235f347f8ce2e6b67e7a625f74e	27	true
tests/org.eclipse.swt.tests.gtk/ManualTests/org/eclipse/swt/tests/gtk/snippets/Bug78888_ToolBarEventInconsistency.java	b29ad1d6d41c7e18136eca7f27d668636d7698c145de865cda11cf6c1ae07c7f	f308391eb4f98249e54b2a3b4778c7e4b64838dd2ee5aa3cce55d46af3da85a2	91c3c1a9f2f479fa275dbad7b721fdb42fdb6ef6005a3ca7fda17d025a159f31	28	true
tests/org.eclipse.swt.tests.gtk/ManualTests/org/eclipse/swt/tests/gtk/snippets/Bug79462_ChildShellsPositions.java	94ab569022a3627eea33492cd0c7a9d45948ab996fcb179c3c60a3478bb488f9	40e8e25f252503cf416921af05c4a1d2885849e2139297cbf4310c7526300c88	84d8ea6e975a74dc27b52d7e8df226961bc3a42ccf54769559cc07232f6845b2	20	true
tests/org.eclipse.swt.tests.gtk/ManualTests/org/eclipse/swt/tests/gtk/snippets/Bug83833_SetTopIndexSelectionEvent.java	cf7709443f9eb3fa3e828b36b6527db26b2f7e6cbbc03cea462a7b5f5d57a9fd	241e912f211f09eb68777f9be6e01b3de2bae75e83a5f61f4943771f56e95704	83fafbf4f39ff9cfb07fd49a78260b7c23f7a2d6c2eee7510f66df9586c71c31	21	true
tests/org.eclipse.swt.tests.gtk/ManualTests/org/eclipse/swt/tests/gtk/snippets/Bug84054_TableActivateEventScroll.java	3bb2bc69d06eace1680e4e40fa4a989f1a1e3be50c5ca25a8ae74f361f7147f2	8c88b80b902a43c952395149447122d44f54dd30a9e7f9f9b4a2a2fbd820b658	6f5eb140b8d9f02e8fd099114895bbe2398798026741f05bd8a47ab6d3c56ff0	29	true
tests/org.eclipse.swt.tests.gtk/ManualTests/org/eclipse/swt/tests/gtk/snippets/Bug85050_ControlResizeTabFolder.java	c21c83e6c6ba51e6e02c60ec280929e928a91815ac09cbbeda828cc4e826fadc	74ab65614f9791924a11fe8bb727addb6e9be1f1702ae77a2b368631c3c52f2a	de86450ba5141b0f75f870ef91239b8ad8a9bb097fa266bb21ea671dc6a7a1aa	28	true
tests/org.eclipse.swt.tests.gtk/ManualTests/org/eclipse/swt/tests/gtk/snippets/Bug85131_ToolTipSetNull.java	e36c3064ce112e1f061cba3a28ca4bd4571543c5fee3e9120a91dd100a906a21	970023f6ea7193bbd399f45a2a0d67e535a2643dfc43f21ab52e1cb0df32c259	d65a46ddcaf03e7fd77cb8acdf61b78fc1a37899f1c232388b809b2f2835ec0b	40	true
tests/org.eclipse.swt.tests.gtk/ManualTests/org/eclipse/swt/tests/gtk/snippets/Bug92176_TreeScrolling.java	462e4ea1f33ff14905fe315f9e4b845b620d1bab2742253e08a7864c7bdbeced	630459e9f91cf102fa421cae4c508ca79d4fb59e0691323a2a24ced08cc81f30	58531a4ca618cb607918cdb35f003e95975cac69bb86c56693aca9aa838483e9	33	true
tests/org.eclipse.swt.tests.gtk/ManualTests/org/eclipse/swt/tests/gtk/snippets/Bug96500_DoubleBrowserComposite.java	4954596fbdd42ae1c9711b2400d1736a7059029c3ad5273028c99663c72c4812	25148c03fc5affdf22a3c9ae489a88b830c16e10214b16f4e9ce6fe40b81bb05	100877660403fa59d7f691647702a33fd727f42e441d277333f14cfa321ca6bc	21	true
tests/org.eclipse.swt.tests.gtk/ManualTests/org/eclipse/swt/tests/gtk/snippets/Bug97527_LabelSizing.java	dc1236b58d2766814a375db6a1495169fe6d3840b9f5c7ad2de8e60c8ffc6978	6121dee6a1b6a62a9c47cb36f5f11a1035f3d15ece5779d230d7c056d2493f75	de25b15affbcd3f58442bb61054c24796cf855a18ecf257b0628720d12c58dfb	19	true
tests/org.eclipse.swt.tests.gtk/ManualTests/org/eclipse/swt/tests/gtk/snippets/Bug97723_TreeHoverParent.java	49170a02b97a8b3c1b959b3be0ea5c3da5515a234f5d3189ac76a3eb402a980e	a2d7f22049477d547bb896f238221d912da00c3b8c8e19c3c6be57a047cd021a	901a4719ef015aafa2d7a6a56ba04813a881764ecfd0c807bf97786a92ca83c1	16	true
tests/org.eclipse.swt.tests.gtk/ManualTests/org/eclipse/swt/tests/gtk/snippets/Bug97733_TableSetHeaderVisibleRedraw.java	5cd115e137aa4a5b707d47cc0e94be41266c444a9ff0dcedc3bca2141c3ae8cd	a523c261678ba49f90f68e1f64dfa52e871ddd7b039ce17574270a8d52756e9f	c535af96ef74649526db1805e39412329df3f66f9f3eb7865ea46c5ea2644496	42	true
tests/org.eclipse.swt.tests.gtk/ManualTests/org/eclipse/swt/tests/gtk/snippets/Bug97863_TableColumnDragging.java	5c992ab8ef417165df55b3316d09cde882e30c8527666c866f0d447e5d223d18	7bb29d65b6f113c02ef4f7522f599121d537ff5d3389db93b4188dbd506c4fca	5b534053578c6eae80d23deb2074dd9ff7ca122991fe77a9a3cecd6a3e5dfeab	39	true
tests/org.eclipse.swt.tests.gtk/ManualTests/org/eclipse/swt/tests/gtk/snippets/BugTEMPLATE.java	4c4440357a58494b20d2b69a8edbf14a2a54acdafdc3fcd0461f895b2ed1b90d	0a51597712b0b0c9fd2e377b605a775a987c5dde577411619333da2cc5507868	1c996a8d269c7f0cbf9cc89f761c1c6701fdeaa666f35a9a2a739150db0638ff	11	true
tests/org.eclipse.swt.tests.gtk/ManualTests/org/eclipse/swt/tests/gtk/snippets/Bug_514483_getCursorLocation.java	c5f54c8c22fd6f380ed7dcfebf71b625c0baa4b69ffccd1aa8ceb3d8c12282e6	ea46f47c0d556bf01c06cf5dc592e92387f348ca5bcff51b9e3e572ec987de6f	81d13c013e763880ec4ee5be947ee869ea4b68403b5d75279fd26de29a7a5425	34	true
tests/org.eclipse.swt.tests.gtk/ManualTests/org/eclipse/swt/tests/gtk/snippets/Issue1062_FileChooserNativeDialog.java	b35a0deaf28bbf207dc24e54d80255d7b5dcc370da1fea0bd9cd6f52ad4a71fa	ba9b0e2b27eb5917ce6593534f9c5fb53ff1492045a65ed740c79ba3c06f7eda	6ef5e7f2e6eead959e58f4c6eb0c71e1246e9833d446bed26a13ccc199ae324f	31	true
tests/org.eclipse.swt.tests.gtk/ManualTests/org/eclipse/swt/tests/gtk/snippets/Issue1161_InitialWrongShellSizeDialogTrim.java	8d94685dcd93bff5ff499d773db15d809b53283d55b2c297a96ef229aa7bb3e7	8d94685dcd93bff5ff499d773db15d809b53283d55b2c297a96ef229aa7bb3e7	7fbce3e9349d364f0243097c187cc7207f44c146d0a4e81c0195745a969c2310	25	false
tests/org.eclipse.swt.tests.gtk/ManualTests/org/eclipse/swt/tests/gtk/snippets/Issue2702_DoubleClickBehavior.java	1f420b0dd4a5eb7517d3d4d470d93cab69f0f25259c5600446aafc7eae84e8d4	1f420b0dd4a5eb7517d3d4d470d93cab69f0f25259c5600446aafc7eae84e8d4	cb32b682ac41e074838e15c500dff78218ebff15354cd34c21d9917da5382372	27	false
tests/org.eclipse.swt.tests.gtk/ManualTests/org/eclipse/swt/tests/gtk/snippets/Issue3120_GC_setClipping_with_Transform.java	0e89de9a031a4ec2bb3c3e957884a94e6f8754f198ce40841fabbb2ee2ab992f	0e89de9a031a4ec2bb3c3e957884a94e6f8754f198ce40841fabbb2ee2ab992f	74270fb20c2405c479c2594d2006a4bfadb8b9ec701978a8b113f78845865ad9	53	false
tests/org.eclipse.swt.tests.gtk/ManualTests/org/eclipse/swt/tests/gtk/snippets/Issue3329_TreeCrashBug.java	dcc23bdfa86800d8c9a53050c67b4c8bd83dcfa9b20a9730f9507105f0ee403d	dcc23bdfa86800d8c9a53050c67b4c8bd83dcfa9b20a9730f9507105f0ee403d	5b55a6b286eb5ef4eb32bdeee09286f89a78af4ce61452566af99bf9bc91f057	51	false
tests/org.eclipse.swt.tests.gtk/ManualTests/org/eclipse/swt/tests/gtk/snippets/Issue346_JvmCrashRemovingMenuItemAccelerators.java	3efb44a34e595102a4f88e5b4b427d85bb59ef6639d8d3a982de3a3f113b277c	37a7d4ed1472dac15cb6cc621e3d9090d8240e19c5b173dfebb8a4bfcabf35cc	8f07ff1e9e2f33e86e6de8310bb14f7297c0b3589878cf390f0101198c443a05	38	true
tests/org.eclipse.swt.tests.gtk/ManualTests/org/eclipse/swt/tests/gtk/snippets/Issue644_CompleteTableEditor.java	e6968cef823143fdbde25a6ac8256e0ccdc07046f927dae53e5b15d7dcf1126f	2c538c5490b569f685102df12365f51cdc509abf6754c5b0b0395c3c6ad38b8b	11a4380b87dac0f185bfe1fd7a8cc970b76db9a4eac9d176c65713dfb5c826e6	247	true
tests/org.eclipse.swt.tests.gtk/ManualTests/org/eclipse/swt/tests/gtk/snippets/Issue644_TableEditorWithCanvas.java	f1615048d6e184b3c66dc6d9cacac3cbbd060fe52308fabf13b378cbc1276f57	7b9d2a6e995b558f1e2901331dedab273dc9f035afc990703545ed97c39bbfc6	e706ae7ca29f8b09d1046ef6b6635972e7dac5912b9e490bb383903416770605	55	true
tests/org.eclipse.swt.tests.gtk/ManualTests/org/eclipse/swt/tests/gtk/snippets/SimpleTextTransfer.java	c4b6c9f621a59306a0f03610361fed4a1d6ef36dfbc8572b2f10580940b6c90b	c4b6c9f621a59306a0f03610361fed4a1d6ef36dfbc8572b2f10580940b6c90b	8d07e57614f4fdcbfa9394aec174c393d196bb26e26106b5ef3ae6b899653063	21	false
tests/org.eclipse.swt.tests.gtk/ManualTests/org/eclipse/swt/tests/manualJUnit/MJ_Table.java	97546621a0fa857ff251c430fc9a2e1d2e26fb448ed3b220510a01722dd1a834	6e7f904c1b6d4c2e645f965047985787d34cf90eb62f0669618647807d5d7f06	df42e8acd9a5229abbb2559bb7a880c4878c1b591b462f2f45efd208847f4929	1207	true
tests/org.eclipse.swt.tests.gtk/ManualTests/org/eclipse/swt/tests/manualJUnit/MJ_Template.java	3496dd346b731e22351db3648f84d2139b482abde3c4d451eb5decb61684b977	3496dd346b731e22351db3648f84d2139b482abde3c4d451eb5decb61684b977	8cc503a0038414b0aae901576e75d39fe7a592a094d1190cc12a6f1e43743b71	9	false
tests/org.eclipse.swt.tests.gtk/ManualTests/org/eclipse/swt/tests/manualJUnit/MJ_Tree.java	627ab678f327600f9f5a3bdf825bdb7962d5c99ba030469854678ca530d162bd	7726e7b049307cc261bb8a3b6321b1658172c903f2987bd0c5fbb4bc6208ab41	c4d5bbceb3e325455f9c57f41e0715455fb703f1c8682e150fd1d0223d89675a	295	true
tests/org.eclipse.swt.tests.gtk/ManualTests/org/eclipse/swt/tests/manualJUnit/MJ_curr_working_set.java	502e9ea564938071f0232d2a7ccd15f30c2e19977d2b752402842cc846b077c2	502e9ea564938071f0232d2a7ccd15f30c2e19977d2b752402842cc846b077c2	1a9dc23237f4cc398e80b64e0839d04a033673b77baf545d26e00cc7e1581a43	0	false
tests/org.eclipse.swt.tests.gtk/ManualTests/org/eclipse/swt/tests/manualJUnit/MJ_root.java	fdbf637209b0f95d54fd4deb33f4ab291174d15171cdab26c724efd0f2a86ab4	0401edf701994e893ecb326dd466420bfbe6bd5ff8a77336523503aecbad1d08	3bc1a6a788d976eef5e24f952b7ca4a6b03e88acc9a99e0fddac41967be9b43f	43	true
tests/org.eclipse.swt.tests.win32/JUnit Tests/org/eclipse/swt/graphics/ImageWin32Tests.java	9f6b8435a9f7da2a9872715b04d5761e6d0c98fd43d9609dcfe75d6cf2fc939b	9f6b8435a9f7da2a9872715b04d5761e6d0c98fd43d9609dcfe75d6cf2fc939b	63e193f1175f7281f308479a97b923d274a8a070769bd0864955344e99ef8c33	178	false
tests/org.eclipse.swt.tests.win32/JUnit Tests/org/eclipse/swt/tests/win32/AllWin32Tests.java	97dbcc964142ddea0b2df9ce77983079506796df470e628cf3f18bfc33c093a3	97dbcc964142ddea0b2df9ce77983079506796df470e628cf3f18bfc33c093a3	752ae14176f6ead7a1f9b4a85bb41e9a6af74356ab11e9c8a02cf6b0354cda06	0	false
tests/org.eclipse.swt.tests.win32/JUnit Tests/org/eclipse/swt/tests/win32/KeyboardLayoutTest.java	172eea20da175f2388ca9436ae3425cc1343ede280b494f9e2597911020d1a3c	e3b8900b0799314addbd6cba2151482ef9597942ab733a9ab5ddd36e670ec660	32558af9df5f10f491c6c93cd3b13efa6cadf0687000628820bbd801f726638a	322	true
tests/org.eclipse.swt.tests.win32/JUnit Tests/org/eclipse/swt/tests/win32/SwtWin32TestUtil.java	52b3665074f868aa93b9de3b0423fdad992c2a06eb8f0a59681bf7092fd6d566	52b3665074f868aa93b9de3b0423fdad992c2a06eb8f0a59681bf7092fd6d566	aacc997e805940d722aa54a3491eb2b6f5ade919ed99034be48ce9433672eb65	39	false
tests/org.eclipse.swt.tests.win32/JUnit Tests/org/eclipse/swt/tests/win32/Test_org_eclipse_swt_dnd_DND.java	9cda7a69c9880ebeb4e68d0950443e96bf84bdb665a22dc7229a26374e91b21d	9cda7a69c9880ebeb4e68d0950443e96bf84bdb665a22dc7229a26374e91b21d	0a3445333e02aa3ee229fb10c24e953b049b480d4607c61cdbda22fcf3a4e103	146	false
tests/org.eclipse.swt.tests.win32/JUnit Tests/org/eclipse/swt/tests/win32/Test_org_eclipse_swt_events_KeyEvent.java	0ea7bc5be63a1038ce6fb6cfd4858044bf136a7b5204806b0a7b410558ec6d4e	0dda41e29eb17a150cc9a2580290fe68d5717fa149ddaf90d54d693ca51eb3fd	567dc42a1ec8cba568a40cb404b576c2ef4c568b38aaa8b191837ba640ef46a8	504	true
tests/org.eclipse.swt.tests.win32/JUnit Tests/org/eclipse/swt/tests/win32/Win32DPIUtilTests.java	6150b39092ea7c84b6b12f14189d47a2d33c49cb23ccce4f2b9e7974c95d1c73	6150b39092ea7c84b6b12f14189d47a2d33c49cb23ccce4f2b9e7974c95d1c73	e3674c6145ddb45f7f53054f9dd3061d7252b232c4985870ceb9dff5f0c3db37	183	false
tests/org.eclipse.swt.tests.win32/JUnit Tests/org/eclipse/swt/tests/win32/widgets/TestTreeColumn.java	12d4b42d389101df41f6846dae111c158d951de3f4eae4f2cd0804ada28a0af3	12d4b42d389101df41f6846dae111c158d951de3f4eae4f2cd0804ada28a0af3	db9e1e17e7c9dbdef34e24176c6d25563a2117a188e17a8ddbd613e780204c66	119	false
tests/org.eclipse.swt.tests.win32/JUnit Tests/org/eclipse/swt/tests/win32/widgets/Test_org_eclipse_swt_widgets_Display.java	a053b5b1132ca87d490f1699a210be1edc23579bb3b1be6ff9e94e1fa77e9fbf	a053b5b1132ca87d490f1699a210be1edc23579bb3b1be6ff9e94e1fa77e9fbf	f0ad4e9146525002c71715d651e194b78fe92d476caec625bf043b84574a0af1	17	false
tests/org.eclipse.swt.tests.win32/JUnit Tests/org/eclipse/swt/tests/win32/widgets/Test_org_eclipse_swt_widgets_Link.java	ed42fc1f9a3f9a757d4299575ff008b8a3a77efa8949ed45ea9519ad9c7f4cc9	ed42fc1f9a3f9a757d4299575ff008b8a3a77efa8949ed45ea9519ad9c7f4cc9	38876ece9d0847111d2a3486beeb74d582a39a999bbd9e7290fd84831b181ea7	76	false
tests/org.eclipse.swt.tests.win32/ManualTests/org/eclipse/swt/tests/win32/snippets/Bug121220_AlphaTransparencyWithPatterns.java	b347c55aa2536f6085c3cb7f1d1d5193d8855be14ab4a1786f829cb330339876	cd001aa7b4a651c0398229f5dcf955013d15f8be04b85ebb1fb2d638ce5176eb	cd001b6a168ba564ec990bb253b2bd81c9781a6d7274981b87aa3c6e0f49466a	46	true
tests/org.eclipse.swt.tests.win32/ManualTests/org/eclipse/swt/tests/win32/snippets/Bug512629_test_fullscreen_before_open.java	e1eeb5c7c9b83b03ae4f1b69f99494e860584bcbdcfddd8b8dda80b56b7ad0ec	e1eeb5c7c9b83b03ae4f1b69f99494e860584bcbdcfddd8b8dda80b56b7ad0ec	cbd2fdd293c91357ab5f306ad2d91a55c12aa1e27022a75d58da12aacc0d4d67	96	false
tests/org.eclipse.swt.tests.win32/ManualTests/org/eclipse/swt/tests/win32/snippets/Bug536008_DarkDisabledLabel.java	53f7bb00a9c582662ef7dde3c565f8481156643c3a5e85702c567cb80811e6d6	8ddb32b833bcdf47c703c3481c360341a7da0dee903efe4e8f5377ee356a54df	12c227b9517112f45e6c8fff6a7b7383cedd03b84302481fab05785cac36837f	185	true
tests/org.eclipse.swt.tests.win32/ManualTests/org/eclipse/swt/tests/win32/snippets/Bug536020_TableColorTest.java	442e2c878ee9daaee47b75f72aa723706bf03cc2ad793356f318788f88fb5e55	442e2c878ee9daaee47b75f72aa723706bf03cc2ad793356f318788f88fb5e55	004163484befd23c8ea25077c3fe9cae68c8a14b111f1127f05fd264d2c63ded	32	false
tests/org.eclipse.swt.tests.win32/ManualTests/org/eclipse/swt/tests/win32/snippets/Bug543747_JvmCrash_Msctf.java	83a55149aa18c2cfce0386bb4775f68588dc07433a28060ae7f64ea2ef458d57	b8bb266e3ee8d5f272ecd3d8a6ae78cf3864efa66e461a449e63e40dde9ca20a	dd52945e2e6ee656d74f1ad07a384f82aef05af5c6857d1f4a6fc4d38dbacb34	76	true
tests/org.eclipse.swt.tests.win32/ManualTests/org/eclipse/swt/tests/win32/snippets/Bug560284_DarkTableHeaderLineColor.java	d4edc1eb039bfa6ee76eb405fe7039b12e8da08966140f66cfd1eec824e31290	275e42850b44c7c9303ee35d063db689430e02decd41904028d835e5cc3c598a	d7ee34d49ea4d5e313570a5add1d5341e65879fae4777e7d7680e65e40f9d51c	168	true
tests/org.eclipse.swt.tests.win32/ManualTests/org/eclipse/swt/tests/win32/snippets/Bug560316_DarkTextBorders.java	30236add580289b44045a1210df9cb96153415dca42119f6c81f3cdd29a410ab	59c19eff959aeb3cf44118cde004f97c6fa00d50581875e025ce1cfff9a236e8	15d57f98e2e18f639c7aeea5cf5fd4f98727b47fcdaf6317132af2dfa75559a6	118	true
tests/org.eclipse.swt.tests.win32/ManualTests/org/eclipse/swt/tests/win32/snippets/Bug560358_DarkMenuBar.java	2db568007c99c9434e5b55010406db4b357da1a6a15ab2916d7f3dec02a4d3c6	383d44092066ea87d3cfbd8bf316607bb28b6f7967d49d718800c9150898e85f	166f58c9198393fcb322debe742f71d783c299f461dff86e3b8f0ac7bcdc51e0	151	true
tests/org.eclipse.swt.tests.win32/ManualTests/org/eclipse/swt/tests/win32/snippets/Bug560546_GC_drawString_vs_GC_drawText.java	9953378d706ab17562014f2c0f16da9e15818f036e0f9404c0c4f56ace40f7cd	9953378d706ab17562014f2c0f16da9e15818f036e0f9404c0c4f56ace40f7cd	c91dd8599599edef63b6d9ada458cc22d979c690cb665ba6a9031d219f6edf6f	86	false
tests/org.eclipse.swt.tests.win32/ManualTests/org/eclipse/swt/tests/win32/snippets/Bug562043_DarkTableNoHover.java	fabebafd483e0d37e56688d9dcf5f7335026976c9256ccc5c4df83f1a33d342c	fb3e7b9b148fa07beb67e6017a17bdab8feef0d9b823f2e44f6e336a1abcf179	c55a93ad812f9eaa3a844ef3c7bb6cb12071ad465ee30d8f49dab774c904b525	58	true
tests/org.eclipse.swt.tests.win32/ManualTests/org/eclipse/swt/tests/win32/snippets/Bug563473_DarkProgressBar.java	1963727ecbd4dbf2488c886cbf8b841605432a1e0cef80639b1c6d64eba79803	1963727ecbd4dbf2488c886cbf8b841605432a1e0cef80639b1c6d64eba79803	97541398cea47bcf093d78a504adfa6583a4fc3db93fd92eb892e29562b62c17	30	false
tests/org.eclipse.swt.tests.win32/ManualTests/org/eclipse/swt/tests/win32/snippets/Bug563475_DarkDisabledTable.java	b547fbf5a5c4d99c8a6dd03177a8143aaa0d2a7c89082b0a81bd9afd1545dba4	5434c10f3766b8117e6e52260c9c971d3304f4e948b9eca5809b3007035afa86	85f18b2bf6134354ceaf45eec04f75f68a2a813ad870a98213885c073a44f4c7	146	true
tests/org.eclipse.swt.tests.win32/ManualTests/org/eclipse/swt/tests/win32/snippets/Bug565089_TableCtrlA.java	135db0a0fcb66a46e8aa69695e3b13c4e2002dedb6760fbb75e8772e116ef16c	135db0a0fcb66a46e8aa69695e3b13c4e2002dedb6760fbb75e8772e116ef16c	fd1550db248081718b10da38aa208d723db15d9bf97f6163985eb4cd64803f56	33	false
tests/org.eclipse.swt.tests.win32/ManualTests/org/eclipse/swt/tests/win32/snippets/Bug565426_SmoothScrolling.java	3d45ee8f9587f579d163e9f26407d727c8e384d85600d60d72987935e61816a3	be1384cfb62c02c9f0e750ab5268339eb610ba8a6f12f81d2fb16b95bd9c3ab4	14cba881edbc3f413d1f5775d2f8ec719f63a6ee0adea61878300a79d2216deb	65	true
tests/org.eclipse.swt.tests.win32/ManualTests/org/eclipse/swt/tests/win32/snippets/Bug565526_SpaceSizes.java	08648a865c07699e394f81282b8eb686bea7d8ae834c73c349f039e5499ebecd	08648a865c07699e394f81282b8eb686bea7d8ae834c73c349f039e5499ebecd	3b7d2fc074d525d056d10e2b3032455c454c70ba1eb53c84bd222c7901fe7106	20	false
tests/org.eclipse.swt.tests.win32/ManualTests/org/eclipse/swt/tests/win32/snippets/Bug565613_ScrollbarThumbJumps.java	9f04052502b9948c49650bb6f161f558bc433198cd9ba4ab149d292e9dcb3862	9f04052502b9948c49650bb6f161f558bc433198cd9ba4ab149d292e9dcb3862	611953650fb54e96d3e034dc2c36047a1045b847b2f42b99757fc80e610b7318	33	false
tests/org.eclipse.swt.tests.win32/ManualTests/org/eclipse/swt/tests/win32/snippets/Bug565679_WS_BORDER.java	a912b7f8c9899d4396305a3dea07f038d5def29d2300fad48bfcb998774d132c	a912b7f8c9899d4396305a3dea07f038d5def29d2300fad48bfcb998774d132c	2a2be158a76a8aba21561c02abbcdaecc5b1056cd57a1e3271bbbd82d498a171	81	false
tests/org.eclipse.swt.tests.win32/ManualTests/org/eclipse/swt/tests/win32/snippets/Bug566222_DarkCombo.java	463bb669a24fb6370a2ac8369afd1191143b70c0c0f9a92d0da6a6476b5196e1	463bb669a24fb6370a2ac8369afd1191143b70c0c0f9a92d0da6a6476b5196e1	2e52dc52efc8e45da2d666bbffc64c67356d6e6c4c7d477949f99fc0f76e1786	40	false
tests/org.eclipse.swt.tests.win32/ManualTests/org/eclipse/swt/tests/win32/snippets/Bug566545_GrayScaleImage.java	afa56bf8d6bbbada615e9809fe66db127494680c8184d6e0accbb70396128fb6	aba5811ac0c1155cddf1c232b56ae69b8cd53b11f261455dcd5a31dbdec50c2c	e93610f53438460331436bf0ea81f4e65201b7a5a563887ac4367523d076e28e	57	true
tests/org.eclipse.swt.tests.win32/ManualTests/org/eclipse/swt/tests/win32/snippets/Bug567422_DNDCrash.java	fcc820ae112815f6bf48491ae45b07c0343eb98e31259f3e19b67a40434759c3	fcc820ae112815f6bf48491ae45b07c0343eb98e31259f3e19b67a40434759c3	7879d522ca9bd3c13fb84fcdb9ceeeef367a3a4407a9751a29fbf290e91d4451	108	false
tests/org.eclipse.swt.tests.win32/ManualTests/org/eclipse/swt/tests/win32/snippets/Bug568590_SpinnerText.java	1522283cc2c0e76c008aedc49c2a153494a005c4be9319c865025c65ba24059b	1522283cc2c0e76c008aedc49c2a153494a005c4be9319c865025c65ba24059b	1b339bf3e0e062bf25647c6adf66bbb133db2c94dcb6ce2e445794e3aa014d45	30	false
tests/org.eclipse.swt.tests.win32/ManualTests/org/eclipse/swt/tests/win32/snippets/Bug570468_TreeColorTest.java	f380d48ddfce690453fb536fa1b119318e06615ceb06a35e474b46c686d4d843	f380d48ddfce690453fb536fa1b119318e06615ceb06a35e474b46c686d4d843	c0c8caf677642005ddc52601da69cf02d2ae14686a452fccc95666a40ebec0cc	31	false
tests/org.eclipse.swt.tests.win32/ManualTests/org/eclipse/swt/tests/win32/snippets/Bug579626_ArabicTest.java	ead6c18f6f1921c8392c5920726cf822a7471b0608a61580cfdb11cc016c2f6c	0e61d72e180bfa4f2d3560e13e3852620d5ff82722446111e591eb59dc2595ff	3e2db943f80decb498c0b1ca02d2aacf6a29952edd448bc43b036ecf0beccbb2	15	true
tests/org.eclipse.swt.tests.win32/ManualTests/org/eclipse/swt/tests/win32/snippets/Bug579626_English_ArabicTest.java	0f54f00d8b7f00880d4a522c612102a21904f592fc7af5d9f6850ce90010c068	b5871fbcba68cbd4d9e1c94fd6eab81be22d280849f7a8a9314128c19fcbe818	d3bff3fb6ac7618256b0e5ead7da304d6884a998f34c9f484b801e06427e35fc	71	true
tests/org.eclipse.swt.tests.win32/ManualTests/org/eclipse/swt/tests/win32/snippets/Issue0018_DarkCancelSearchIcons.java	d96fecb7f7154af24db49526a954b42c20586221f442bca7bc8e675696e0181d	d96fecb7f7154af24db49526a954b42c20586221f442bca7bc8e675696e0181d	62fc29090d9f13a79a8a16bd66f5ef24e1ee86333e0a6f2df2b43e0d3660d7c2	28	false
tests/org.eclipse.swt.tests.win32/ManualTests/org/eclipse/swt/tests/win32/snippets/Issue0473_WinDarkArrowButton.java	ef3c271f6d2bcd6b9d86514413e0ecf738843ed8570a92c8c8ce7f905427fe93	ef3c271f6d2bcd6b9d86514413e0ecf738843ed8570a92c8c8ce7f905427fe93	d39030e4a6d327e948652ac03c58d44e75a15935831487c06a3bd04623ee55ad	65	false
tests/org.eclipse.swt.tests.win32/ManualTests/org/eclipse/swt/tests/win32/snippets/SWTIssue185.java	879e62a685c8ae1a2e49908ee39e7a61e86a470c04d0b57cc5a19d3ab68a6caf	879e62a685c8ae1a2e49908ee39e7a61e86a470c04d0b57cc5a19d3ab68a6caf	f14dbfd6e88b1b58b8ff1558c64a638ba26ee35c19596e76e36629f91cc7c398	37	false
tests/org.eclipse.swt.tests.win32/ManualTests/org/eclipse/swt/tests/win32/snippets/SWTIssue223.java	e32a8e197648cd07562a3dd909b85a37ceca79ac68803f67c3bef3d041eb26ba	e32a8e197648cd07562a3dd909b85a37ceca79ac68803f67c3bef3d041eb26ba	6835e772e2bd1238e93330d3db5b4e36f26fb91177f4283c464d7f63bae74e88	26	false
tests/org.eclipse.swt.tests.win32/ManualTests/org/eclipse/swt/tests/win32/snippets/SWTIssue3075_TreeItem_setImage_RTL.java	2680392340310e0c3c8f3996449154f1dc5517abce6ede8b19713dd6aac5fc2d	2680392340310e0c3c8f3996449154f1dc5517abce6ede8b19713dd6aac5fc2d	90c22d33fe30bb60c6db2bc5f82be7af48bdc93ffb3d1d5434bd2146bce30547	26	false
tests/org.eclipse.swt.tests.win32/ManualTests/org/eclipse/swt/tests/win32/snippets/SWTIssue3091_GDIPlusTextRendering.java	c86232c414de77505847e191af70d8b2713b4157c30e1b5ec40614ebf42a9573	b522ec857de0a0d38c6cdb47ee379d0de4c8b6ae462f1bf21ee3ae292481b425	c3339e6ed5acc13857f78a06a4d7c189aca56325b2d7ae10084390295dbfb2d5	118	true
tests/org.eclipse.swt.tests.win32/ManualTests/org/eclipse/swt/widgets/PatternWin32ManualTest.java	14e65ce46263ec26df4f9c75aff3f84f92343255c7e36810925b2c8acaf8bab4	14e65ce46263ec26df4f9c75aff3f84f92343255c7e36810925b2c8acaf8bab4	5bc150cb5a7be254931e302a2ad8aa9699e7e4d847b9a806153964d449767d59	32	false
tests/org.eclipse.swt.tests/JUnit Tests/org/eclipse/swt/tests/graphics/ImageDataTestHelper.java	733c8e49be84f29381c46241d23d2f30ccd2907ba3340f7aeef9ef2682d577ab	61f7cc088209bff2f2c906b1af64666f401e5d55968f5a5d472b6d306dab7bea	2ebe8b6d841f4100ef8c22eb211ee2c30da2638f9cf91130ff07ff58730e7824	154	true
tests/org.eclipse.swt.tests/JUnit Tests/org/eclipse/swt/tests/junit/AllBrowserTests.java	0edc46c726b93c12bd9b6864ae674ff4133a6025dce82edf6f099348b3094051	0edc46c726b93c12bd9b6864ae674ff4133a6025dce82edf6f099348b3094051	71d58c688d109f674f41366426f8ac2b08873f48659d9ca046fc637a7e405a9b	0	false
tests/org.eclipse.swt.tests/JUnit Tests/org/eclipse/swt/tests/junit/AllGraphicsTests.java	54f677a6e38daddb2b501494760707946416417ef8ea3ca9d42997c8ad2f7f59	54f677a6e38daddb2b501494760707946416417ef8ea3ca9d42997c8ad2f7f59	422dcd80613a11ee0fd3aa99904b3524d2b2295402a83f20750965fdaf40ca85	0	false
tests/org.eclipse.swt.tests/JUnit Tests/org/eclipse/swt/tests/junit/AllNonBrowserTests.java	c24ccd4beafb1896c0e14a1ed7502a2dbd1df7eb9bfc5e80e9b88be0ff7e9ff8	c24ccd4beafb1896c0e14a1ed7502a2dbd1df7eb9bfc5e80e9b88be0ff7e9ff8	6b1c2e0c2a162455ec60e98298710d94c5c1be948013519f2ebf97b49c0af09f	18	false
tests/org.eclipse.swt.tests/JUnit Tests/org/eclipse/swt/tests/junit/AllNonBrowserTests_AutoscaleOsNonDefaults.java	fb1df653cc9c5eac926029eb42fa817eb475341244d8a6464cab0e34430f5a65	fb1df653cc9c5eac926029eb42fa817eb475341244d8a6464cab0e34430f5a65	e551d52649e1c1e0a5175e1602bfd67659d573b2481acf583870797aa43b2d5d	7	false
tests/org.eclipse.swt.tests/JUnit Tests/org/eclipse/swt/tests/junit/AllTests.java	f03c38e0c92e3b92426c8de59c289193f4093d641cceb2bbf47ee34ca9c80aa5	f03c38e0c92e3b92426c8de59c289193f4093d641cceb2bbf47ee34ca9c80aa5	3ca5dbad5029a8bb37aff113c0d470bbc31d0ceba5a6b5c79109de9b06c01d04	0	false
tests/org.eclipse.swt.tests/JUnit Tests/org/eclipse/swt/tests/junit/AllWidgetTests.java	c884ae8100a2db72e598d251a372a06203731cf6f548cb21f787963fcaaed949	c884ae8100a2db72e598d251a372a06203731cf6f548cb21f787963fcaaed949	ab0825efa0b2d917d0963ef221055c65fef2ad2926401ec72c2d7a97c9b3a345	0	false
tests/org.eclipse.swt.tests/JUnit Tests/org/eclipse/swt/tests/junit/CapturedOutput.java	37c9fff4574b22907c58fdd8a1fb37190deab5226b6be4b621d0ec45de1e0f5b	37c9fff4574b22907c58fdd8a1fb37190deab5226b6be4b621d0ec45de1e0f5b	0982d2612d5ecadcfbb48f6720c6a43e9c48bdfaad9d55bc2d13a75cca9446e4	21	false
tests/org.eclipse.swt.tests/JUnit Tests/org/eclipse/swt/tests/junit/ClipboardBase.java	6da42dd13f1914795c16a6c3e66d5281b1ca0224df6262ecb0cfafc2b6cb8fba	6da42dd13f1914795c16a6c3e66d5281b1ca0224df6262ecb0cfafc2b6cb8fba	16df6159c19d011bb6b8e5375c3d70f243f2c2a07f3a34f3fdb6c9b23e273f34	79	false
tests/org.eclipse.swt.tests/JUnit Tests/org/eclipse/swt/tests/junit/ConsistencyUtility.java	6b3440ec295196748aa913689906e1dab2e704b41b39d17897d6a5f4275623fd	045316ed36a55f9f59a334cbb1f7dd8a3c6554c14589e13d8c94772248ce7db8	d496c21b419a6ea1eec505e1d7fcde9f208c152d476ca7e0dc9729e46a17509e	262	true
tests/org.eclipse.swt.tests/JUnit Tests/org/eclipse/swt/tests/junit/DPIUtilTests.java	250a1282b3a483c0fdbf5c829d9bf06dc1b4838171100e4f1a72dad1367dc1ab	250a1282b3a483c0fdbf5c829d9bf06dc1b4838171100e4f1a72dad1367dc1ab	1f98fd4bf0d814466124d889d88e97d828dd667bd33c753f4f45c1c9d28710be	30	false
tests/org.eclipse.swt.tests/JUnit Tests/org/eclipse/swt/tests/junit/EchoHttpServer.java	78509264c40a4b134d4ca03e8dc26bc7c1b08fd7725379f185dc8dc05cccbe49	860134e2f0499c0361026282bd3ad86d49b720ca913685a8443a181ec927eb89	f1452fa94216d1fa7836c9cd90c229830893595ac94edc37c5e7aa7b60214fc9	62	true
tests/org.eclipse.swt.tests/JUnit Tests/org/eclipse/swt/tests/junit/ImageTestUtil.java	f490a7dd1f36e2c6ae385ccc3b18414356ff912dc0f4f6ef0c96ae9ff71e9798	f490a7dd1f36e2c6ae385ccc3b18414356ff912dc0f4f6ef0c96ae9ff71e9798	dd11c7c3c06a72260f5a227c2b96873225a793dc36a778e865757e0aa432b141	83	false
tests/org.eclipse.swt.tests/JUnit Tests/org/eclipse/swt/tests/junit/RemoteClipboard.java	2fbe862faf0930249ac3e775d65037220ced6fc91e4da76270c4a36889cd30a2	2fbe862faf0930249ac3e775d65037220ced6fc91e4da76270c4a36889cd30a2	95e210374d225a231a3fdaac963ba254bf1f0b0ae8158cf60f9d488a77910a87	143	false
tests/org.eclipse.swt.tests/JUnit Tests/org/eclipse/swt/tests/junit/StyledTextContentSpec.java	05267c00bab15bd0000bffe2a829b5dbf7c68100b7967d3dd244d5133a37d992	b49f23100f0d940cef08bbb483d65db48ce7bba9d0c3e5e5279468dc66e9e7a5	4853d49df98d63cfd6c6f2bcc4f2cdf01e788053a66249ad24bd50e385b93a09	863	true
tests/org.eclipse.swt.tests/JUnit Tests/org/eclipse/swt/tests/junit/SwtTestUtil.java	5d5e878cc5216b91d70096c0e187d2b10a85ab9ff715b73347f3a8b1e88f37b2	2e2b818d4c057bdd4eac4986349ea168ba5a0eb4760a9829b015c9f8cc8a8e23	f4b304cd31047cd05845e3eff53d4368b8aa5d399e3fde1af2c6233b86b37899	422	true
tests/org.eclipse.swt.tests/JUnit Tests/org/eclipse/swt/tests/junit/Test_ViewportRewriteContracts.java	aee6c24ee3d73b1e825d37bdc396d6ecac852c679033d8f4cfebe04702e919e4	9db826acceb460c97088a8d66c09b25964bf5b31cedf1d081293d5cf7d7a60b5	d1ac854efe935a34a23db8c006422fc1b2e21805bf4c174b443a84bd3d2e58a3	285	true
tests/org.eclipse.swt.tests/JUnit Tests/org/eclipse/swt/tests/junit/Test_org_eclipse_swt_SWT.java	86d36a7857bf834b6e6ca9be4dc6fde61a53bb9ca90fee1c632298dd5d4d6f26	86d36a7857bf834b6e6ca9be4dc6fde61a53bb9ca90fee1c632298dd5d4d6f26	746a745a16016f4a4c630886d375b74d760e46441018e6649d13247d564a5fc7	55	false
tests/org.eclipse.swt.tests/JUnit Tests/org/eclipse/swt/tests/junit/Test_org_eclipse_swt_SWTError.java	5c1376c4941b4284834a11ad454b7e9fc17e13e3a7d9b6a34a516a536b80172e	5c1376c4941b4284834a11ad454b7e9fc17e13e3a7d9b6a34a516a536b80172e	4635ebecd0c22e50ac50f495f7d5411cbc4d4f97abf53ddc61218ad5cb245c07	21	false
tests/org.eclipse.swt.tests/JUnit Tests/org/eclipse/swt/tests/junit/Test_org_eclipse_swt_SWTException.java	8022fe4c96c1ca1f575d82bad8a91f2346205e09bfd2fcc6a859485db7a7197f	8022fe4c96c1ca1f575d82bad8a91f2346205e09bfd2fcc6a859485db7a7197f	a8db3db957b69e792d540801b9d5b67af807a9d14836b7c80d6be104f3392b6e	21	false
tests/org.eclipse.swt.tests/JUnit Tests/org/eclipse/swt/tests/junit/Test_org_eclipse_swt_accessibility_Accessible.java	937fd5b8f8f07125f9df2f9d8e98959fdacc7520c90960b95b3761f501e5ca88	937fd5b8f8f07125f9df2f9d8e98959fdacc7520c90960b95b3761f501e5ca88	39befdd5a097f059d691adbd3dc9d7c7ed3160a2046d27795c1538b8b5928a57	38	false
tests/org.eclipse.swt.tests/JUnit Tests/org/eclipse/swt/tests/junit/Test_org_eclipse_swt_accessibility_AccessibleControlEvent.java	329e0d13017f5abfcdb6cd8afbf65218cbeb9c9df09ad343d9416131e0973904	329e0d13017f5abfcdb6cd8afbf65218cbeb9c9df09ad343d9416131e0973904	b0ce7aaf7614caa178c42d849ebdd5ec83759132dea4a0b9ac7373ebabcfcd4e	13	false
tests/org.eclipse.swt.tests/JUnit Tests/org/eclipse/swt/tests/junit/Test_org_eclipse_swt_accessibility_AccessibleEvent.java	64a070cbfb92f469eacb13d0ddf87e4bbecf8c90e42fae8596112628f81200df	64a070cbfb92f469eacb13d0ddf87e4bbecf8c90e42fae8596112628f81200df	4ca0924ecba588c1a10100bbc7837eb6098694024db76d69e4bd9eea570c3400	13	false
tests/org.eclipse.swt.tests/JUnit Tests/org/eclipse/swt/tests/junit/Test_org_eclipse_swt_accessibility_AccessibleTextEvent.java	765366bac5e96faf5beca22857258c9e8b88129d1ed702a33fe80217bd850e40	765366bac5e96faf5beca22857258c9e8b88129d1ed702a33fe80217bd850e40	6eaa95878935f0c76b0b673f9f0001f66907ebe37882d11081792814508082b0	13	false
tests/org.eclipse.swt.tests/JUnit Tests/org/eclipse/swt/tests/junit/Test_org_eclipse_swt_browser_Browser.java	3dbc3df03c8bf909c6cc9f5af00b057e79695313a31b90533bb836b27ba5c400	394f076a04f73af1366b00c3f8b5041aa140fd932512c1a25c0df6f547a64fcb	2d97cd19369285eb91045d61d98c7ceef7446581c7669ca178330eb4a244e97a	2001	true
tests/org.eclipse.swt.tests/JUnit Tests/org/eclipse/swt/tests/junit/Test_org_eclipse_swt_browser_Browser_IE.java	05f7594f52aeb57ba5fc58e3eec3d358b6101f1a6acdee8f52f8cb71ba5f7baa	05f7594f52aeb57ba5fc58e3eec3d358b6101f1a6acdee8f52f8cb71ba5f7baa	8680c9374c65d9b69a9805ca54af6f06062a0ac920fc9548811213979df0792b	3	false
tests/org.eclipse.swt.tests/JUnit Tests/org/eclipse/swt/tests/junit/Test_org_eclipse_swt_custom_BidiSegmentListener.java	b3c11d6be93aab30eb83b0ed007237eed0ae0036e9b1e1544e1ec23ee202363a	b3c11d6be93aab30eb83b0ed007237eed0ae0036e9b1e1544e1ec23ee202363a	a128725aebbe835003a5d58f455567f410e82fb7e0b64a399648727ced3561fd	85	false
tests/org.eclipse.swt.tests/JUnit Tests/org/eclipse/swt/tests/junit/Test_org_eclipse_swt_custom_BusyIndicator.java	2ab27b4c708dfe3a3a727241a660c66a74595edd72681db05229ae3c5bc82aab	2ab27b4c708dfe3a3a727241a660c66a74595edd72681db05229ae3c5bc82aab	9e063b5a54c93b35be99367eca0d2bacca319ced67fbe7ca3f301c9a7028fde3	131	false
tests/org.eclipse.swt.tests/JUnit Tests/org/eclipse/swt/tests/junit/Test_org_eclipse_swt_custom_CCombo.java	2dfc81db48ed5754c6fa394b4446bdbc7fa36b332029072626273a484dd5c2ec	adea51883e0b8608514c02081cefc2afcb53868166d6fdedb107b408a3d768a2	a4f76157d712070868394bd37b6a44d074503fa21f33620f092bae82ed3531b6	682	true
tests/org.eclipse.swt.tests/JUnit Tests/org/eclipse/swt/tests/junit/Test_org_eclipse_swt_custom_CLabel.java	7945d172db7f8cfdccc5dcf88429487dd05656d5b0a576e3d271d9f09481a64b	7945d172db7f8cfdccc5dcf88429487dd05656d5b0a576e3d271d9f09481a64b	59e2308b35575dfee8806a0f49293714360223d06d9134d5d1c5692f82ddbb43	13	false
tests/org.eclipse.swt.tests/JUnit Tests/org/eclipse/swt/tests/junit/Test_org_eclipse_swt_custom_CTabFolder.java	203b7a306092c6e08ab97f1473fec1426ab4af80554d84d350e84f88602be1bb	a1d1ae25ee5238d7038f1971be9d4f888d0bf20d5a79842af3e0d049b9de1e25	ccd38347b5be5068aaac8cde422d67700cd4dc46a031fee8121bd318d01fda3e	821	true
tests/org.eclipse.swt.tests/JUnit Tests/org/eclipse/swt/tests/junit/Test_org_eclipse_swt_custom_CTabItem.java	e5039d04b6cd3a5bb6f0686931e39398071bc99fe191575869627e9488c0b54b	e5039d04b6cd3a5bb6f0686931e39398071bc99fe191575869627e9488c0b54b	7c2129d8598aa6c070cab9dc37b7a1ea9b49cefb3f9a345804078cdd7da4123e	35	false
tests/org.eclipse.swt.tests/JUnit Tests/org/eclipse/swt/tests/junit/Test_org_eclipse_swt_custom_ExtendedModifyListener.java	068457dd2ed7b547d38d66961d0b3b09e7ab69a1ab1704710034afaee0f0fa7a	068457dd2ed7b547d38d66961d0b3b09e7ab69a1ab1704710034afaee0f0fa7a	0e5fd82820eb33bd010b328b1fe4689d441b30bb3da6eafecc645d121b17b352	197	false
tests/org.eclipse.swt.tests/JUnit Tests/org/eclipse/swt/tests/junit/Test_org_eclipse_swt_custom_LineBackgroundListener.java	14d3e7b665b01f3bf9850d8faad0d9ccd6fbcf43f912f3d910dbd32e45534086	14d3e7b665b01f3bf9850d8faad0d9ccd6fbcf43f912f3d910dbd32e45534086	9977f364356a0e5cac5022d47f4f36d3636c876ef943066799eb1ba5688e50b3	14	false
tests/org.eclipse.swt.tests/JUnit Tests/org/eclipse/swt/tests/junit/Test_org_eclipse_swt_custom_LineStyleListener.java	5849f65bb4dac26fd627321dbb176ea0dcbd90d628b60e8f512667df4413cbea	5849f65bb4dac26fd627321dbb176ea0dcbd90d628b60e8f512667df4413cbea	891b569b51899ed39ac4ed486f5279c57b488dc6672d796cf80783a21a0a7eea	13	false
tests/org.eclipse.swt.tests/JUnit Tests/org/eclipse/swt/tests/junit/Test_org_eclipse_swt_custom_StyleRange.java	54c0b5b7917d7130c2ebc529072df744939351cc02de9594ccdf6592d5653ccc	54c0b5b7917d7130c2ebc529072df744939351cc02de9594ccdf6592d5653ccc	f7dc1ee40439da087dde06e41007486a030e6f1a166f687952e3569a60dbe73e	72	false
tests/org.eclipse.swt.tests/JUnit Tests/org/eclipse/swt/tests/junit/Test_org_eclipse_swt_custom_StyledText.java	06359bfe2527b56643152e28b36b27881496014b81c4008f2b891b1a62316553	c9416b8eced6f2034ea301210c95d27349586dd4451bb556968d23ede752a7e3	b3019a4162b5f87d538d1794201c65beeb45a429f00e5f234723bd74812f3d4c	4373	true
tests/org.eclipse.swt.tests/JUnit Tests/org/eclipse/swt/tests/junit/Test_org_eclipse_swt_custom_StyledTextContent.java	9cc062d581ff2b4603bad44eaf91fddde584a15a0a7ac4b89ecd9bd75590efe5	9cc062d581ff2b4603bad44eaf91fddde584a15a0a7ac4b89ecd9bd75590efe5	aaafff7c02b477a793ad9004bf75269af7c6db906bb2f02522d1a5ea1669460d	44	false
tests/org.eclipse.swt.tests/JUnit Tests/org/eclipse/swt/tests/junit/Test_org_eclipse_swt_custom_StyledTextLineSpacingProvider.java	2e593647f14d18852920a7fe974806430235c81557c0f66e4445831598d1a189	2e593647f14d18852920a7fe974806430235c81557c0f66e4445831598d1a189	187256850267eab98da5c3c3b7d7810a1e45329af12b0c4c8c9a0633e0eca946	34	false
tests/org.eclipse.swt.tests/JUnit Tests/org/eclipse/swt/tests/junit/Test_org_eclipse_swt_custom_StyledText_VariableLineHeight.java	84fbbea16111aa4b35559481b6d8055f6c101c1c9a82f21975f2e54f00f1957d	84fbbea16111aa4b35559481b6d8055f6c101c1c9a82f21975f2e54f00f1957d	dff51970b022951dce80e9a502fe52b4d5084617fca4bd093ae8e86f7f083a98	158	false
tests/org.eclipse.swt.tests/JUnit Tests/org/eclipse/swt/tests/junit/Test_org_eclipse_swt_custom_StyledText_multiCaretsSelections.java	bcb325b29ae4cfcf344268ed86afe77c838b583649db6b7310bd60add67a5bb7	bcb325b29ae4cfcf344268ed86afe77c838b583649db6b7310bd60add67a5bb7	ae6bc29ffecbe428c9e4a181abace93654d8132afd5c07c9f7a0bf9d069521c5	145	false
tests/org.eclipse.swt.tests/JUnit Tests/org/eclipse/swt/tests/junit/Test_org_eclipse_swt_custom_TextChangeListener.java	de6a8e16b04934c6d8616471ae9b02e6c0c5a06494457a2d0d93f15adf2935ab	de6a8e16b04934c6d8616471ae9b02e6c0c5a06494457a2d0d93f15adf2935ab	c767b0d3e7288b55177fe99fa468ab3bca3cebbbaef067d8320f1e22435445e4	370	false
tests/org.eclipse.swt.tests/JUnit Tests/org/eclipse/swt/tests/junit/Test_org_eclipse_swt_custom_VerifyKeyListener.java	5efd5432606371acae7d13ef2fea72b2ebf2e67334fea69cfb378202ed90264a	5efd5432606371acae7d13ef2fea72b2ebf2e67334fea69cfb378202ed90264a	7f07ae5bfa24d0c85ef076979f72cd47aa522abdab0f591d4bd943c77fd8eed4	23	false
tests/org.eclipse.swt.tests/JUnit Tests/org/eclipse/swt/tests/junit/Test_org_eclipse_swt_dnd_ByteArrayTransfer.java	3e91881ed83b705fc412eb7cfa7cf494cace2bdb1cb9b4c85fdc2fc3b07013a3	3e91881ed83b705fc412eb7cfa7cf494cace2bdb1cb9b4c85fdc2fc3b07013a3	c5d19b54574cd35381593b09ae74ec2e8c02ae303b6948ef5ff15d316ab92b60	130	false
tests/org.eclipse.swt.tests/JUnit Tests/org/eclipse/swt/tests/junit/Test_org_eclipse_swt_dnd_Clipboard.java	cf4f3391f9644abad81fb3c44453de65b1260580aa0750df965349133411ed9a	cf4f3391f9644abad81fb3c44453de65b1260580aa0750df965349133411ed9a	de19f6faa00a29906d3f6d43a7e6bc25dfcdcc5e45d9dce633a6a7e7ac2fe42c	158	false
tests/org.eclipse.swt.tests/JUnit Tests/org/eclipse/swt/tests/junit/Test_org_eclipse_swt_dnd_FileTransfer.java	46ae443c28549d401d2d5b86eed421fe22e4cf94562b9731feebf94c17abde1b	46ae443c28549d401d2d5b86eed421fe22e4cf94562b9731feebf94c17abde1b	66b42a3a89537a73f359733c055dfaf309a4d50ec2c1ff5482444af32d809be3	65	false
tests/org.eclipse.swt.tests/JUnit Tests/org/eclipse/swt/tests/junit/Test_org_eclipse_swt_dnd_HTMLTransfer.java	cd39ee0099b32460482dced5e40fc9fef6a11108e3df01c88c379582307b16b2	cd39ee0099b32460482dced5e40fc9fef6a11108e3df01c88c379582307b16b2	ccd2193fc68826558091d190810dabe6925e06e09a5b5617eefb6d5ca58e20d7	55	false
tests/org.eclipse.swt.tests/JUnit Tests/org/eclipse/swt/tests/junit/Test_org_eclipse_swt_dnd_ImageTransfer.java	ad1a3bda0dc6ccf577f90a4a73dbaef989e4c21e4a7a27ef56a9b20c7d251cb1	ad1a3bda0dc6ccf577f90a4a73dbaef989e4c21e4a7a27ef56a9b20c7d251cb1	8b8c6cc1394c916f1ab2150d5fd359747462ce0b84bd6dde46e75e185084eec5	66	false
tests/org.eclipse.swt.tests/JUnit Tests/org/eclipse/swt/tests/junit/Test_org_eclipse_swt_dnd_RTFTransfer.java	a1e5a53c85eb5f98c14da8205287f3ffbe782a414aa8d93bb1435399b06517f2	a1e5a53c85eb5f98c14da8205287f3ffbe782a414aa8d93bb1435399b06517f2	527b83197dcf1557c39131d4e2df31fcaf21d5e3bc13f552ab8deef0a847f164	58	false
tests/org.eclipse.swt.tests/JUnit Tests/org/eclipse/swt/tests/junit/Test_org_eclipse_swt_dnd_TextTransfer.java	546024ac415f5204b724bebc556ef0a056736cfff22e4595ef8a14e83a21066d	546024ac415f5204b724bebc556ef0a056736cfff22e4595ef8a14e83a21066d	1e794342894c4780a8443708c9135ade00c9622656632d9870996f9190d0fe55	51	false
tests/org.eclipse.swt.tests/JUnit Tests/org/eclipse/swt/tests/junit/Test_org_eclipse_swt_dnd_URLTransfer.java	7114049ef805d83ea13b063ea31959427c673416aba7289d4c2f97b5b1297996	7114049ef805d83ea13b063ea31959427c673416aba7289d4c2f97b5b1297996	abe9409af71cd763f26c7df35a44e0e006df677f13af5291b5fc4999f69d013e	54	false
tests/org.eclipse.swt.tests/JUnit Tests/org/eclipse/swt/tests/junit/Test_org_eclipse_swt_events_ArmEvent.java	a37f726fd56b500c66f409535f29390cd75bf021e5ecfa16f6ad707115e8c304	a37f726fd56b500c66f409535f29390cd75bf021e5ecfa16f6ad707115e8c304	78b7f345f523f4d4a376372dee35eb51e2b8ad84bf3690d8135cc42a66490397	2	false
tests/org.eclipse.swt.tests/JUnit Tests/org/eclipse/swt/tests/junit/Test_org_eclipse_swt_events_ControlEvent.java	d272f0816f6a55db8eeda588d2139613f975316f3f8def3ab47c0b0e70a43cf5	d272f0816f6a55db8eeda588d2139613f975316f3f8def3ab47c0b0e70a43cf5	8e22b356da027ad2b2b3e1cba2fbcb34ae391ec0437f0077c3533b81f71b151d	2	false
tests/org.eclipse.swt.tests/JUnit Tests/org/eclipse/swt/tests/junit/Test_org_eclipse_swt_events_DisposeEvent.java	d73d95697786a9fa5ec1bbecff4fb9d4c267883eb6e5980ab697fb4409f2349f	d73d95697786a9fa5ec1bbecff4fb9d4c267883eb6e5980ab697fb4409f2349f	4441a805aae7ca0be9dfc3e3d642d497f7f124225d1c168ad27fa6d42eaca875	2	false
tests/org.eclipse.swt.tests/JUnit Tests/org/eclipse/swt/tests/junit/Test_org_eclipse_swt_events_FocusEvent.java	0559f8b0bcaa241f80e61bc378d2e89bfca053f9e53e684f9bf5baa883fc7153	0559f8b0bcaa241f80e61bc378d2e89bfca053f9e53e684f9bf5baa883fc7153	d4a33709960a45c80fbce80fdbc215ba947da6f980f51dba7742f346b9bece6f	2	false
tests/org.eclipse.swt.tests/JUnit Tests/org/eclipse/swt/tests/junit/Test_org_eclipse_swt_events_HelpEvent.java	351a6a466e10b43b4aa9b51aa5bb61a19299554749cd6e13314b6ac2a766a54c	351a6a466e10b43b4aa9b51aa5bb61a19299554749cd6e13314b6ac2a766a54c	6cce81b175259061c8287836e9c7adfa1f23d17e7bc5d809fcec7fed3f1e612e	2	false
tests/org.eclipse.swt.tests/JUnit Tests/org/eclipse/swt/tests/junit/Test_org_eclipse_swt_events_KeyEvent.java	6ae6eb3ce46e88035b3f038acc887c73c44e3d55451ecbc0adaa0a8493b85527	6ae6eb3ce46e88035b3f038acc887c73c44e3d55451ecbc0adaa0a8493b85527	44e686dc9f80a93a4711bb4e13e18b64520fab7105ae72cabca126dfc6d92547	2	false
tests/org.eclipse.swt.tests/JUnit Tests/org/eclipse/swt/tests/junit/Test_org_eclipse_swt_events_MenuEvent.java	5b7d929ae22f864bca507453007125885bf2e220e92610669d0da75f33dad8da	5b7d929ae22f864bca507453007125885bf2e220e92610669d0da75f33dad8da	35242beb02c7712e3f7f2252c15c31af51c279adf637d63bc8899542b41f6185	2	false
tests/org.eclipse.swt.tests/JUnit Tests/org/eclipse/swt/tests/junit/Test_org_eclipse_swt_events_ModifyEvent.java	628739b09cb2d1bf41a8f85e42057f53addaa102f648c92b329c3c7c93b68bf1	628739b09cb2d1bf41a8f85e42057f53addaa102f648c92b329c3c7c93b68bf1	e054ec79e379da942c1f267c507879e554daf688e3d2de6ff34485432f02c52d	2	false
tests/org.eclipse.swt.tests/JUnit Tests/org/eclipse/swt/tests/junit/Test_org_eclipse_swt_events_MouseEvent.java	10b820eda943e73c26db85e68b125b0435be8fb46a3abffe9857ef222fa9560a	10b820eda943e73c26db85e68b125b0435be8fb46a3abffe9857ef222fa9560a	8123e3b2a92a22610bad54862f65259f0522f53d2dea4d53a903e46b7b62b666	2	false
tests/org.eclipse.swt.tests/JUnit Tests/org/eclipse/swt/tests/junit/Test_org_eclipse_swt_events_PaintEvent.java	b565e8855237ce8d71cf0ebaf28305001a1e5698a25c47ced61776186f99fc25	b565e8855237ce8d71cf0ebaf28305001a1e5698a25c47ced61776186f99fc25	0afc792129668ea32af4b02a7aae3c6da99b6796bc559007db3977ac5c7a6371	2	false
tests/org.eclipse.swt.tests/JUnit Tests/org/eclipse/swt/tests/junit/Test_org_eclipse_swt_events_SelectionEvent.java	ed0a6f291bb84fad12326c7a1e985e0033f4f32419a3552e6728ff33e0624f2e	ed0a6f291bb84fad12326c7a1e985e0033f4f32419a3552e6728ff33e0624f2e	3e6782ee1b2ea4c43832285207d0af30e7812d65087817bceffc7043d8efd88e	2	false
tests/org.eclipse.swt.tests/JUnit Tests/org/eclipse/swt/tests/junit/Test_org_eclipse_swt_events_ShellEvent.java	f51bb1fdd0bbe456921536220a59a7d98ebd2e98af4d26b48eb5eee6281e58a5	f51bb1fdd0bbe456921536220a59a7d98ebd2e98af4d26b48eb5eee6281e58a5	4dc92b74c417afd4073c07efb80b59272e395923f6a8d88f83bbd482f93d010c	2	false
tests/org.eclipse.swt.tests/JUnit Tests/org/eclipse/swt/tests/junit/Test_org_eclipse_swt_events_TraverseEvent.java	5db7557a3b3235da0d0e0eed2860ebacfff97444905aeaec21be2d95ce8a9f70	5db7557a3b3235da0d0e0eed2860ebacfff97444905aeaec21be2d95ce8a9f70	e1fb4d5274789d72f9acdd19ffd95ac91090b3be64d8afa8ee02383103f6e9da	2	false
tests/org.eclipse.swt.tests/JUnit Tests/org/eclipse/swt/tests/junit/Test_org_eclipse_swt_events_TreeEvent.java	51da52e7442bbc24a98fec57f79f6ddfef696f90a073181a7c854e90af15b1ad	51da52e7442bbc24a98fec57f79f6ddfef696f90a073181a7c854e90af15b1ad	7c1a58ac8e5c659d13345850b8e632fccad7ca22e63b5dac3b51cbc42fae7e2b	2	false
tests/org.eclipse.swt.tests/JUnit Tests/org/eclipse/swt/tests/junit/Test_org_eclipse_swt_events_TypedEvent.java	bb1beae3cf173a6680b22088e6cb329432e782ec5e8d24ebeec436c4e1f08a1d	bb1beae3cf173a6680b22088e6cb329432e782ec5e8d24ebeec436c4e1f08a1d	1e57d9a7b5a1b34a08287fe1d6b1bfeb2cd0ce6e89e0744c3c309cceb397e5f9	17	false
tests/org.eclipse.swt.tests/JUnit Tests/org/eclipse/swt/tests/junit/Test_org_eclipse_swt_events_VerifyEvent.java	a8007c96a6ec4496af0c73c70860534ab73ef4dfb7b9cdfbaaa9e458f388e4d2	a8007c96a6ec4496af0c73c70860534ab73ef4dfb7b9cdfbaaa9e458f388e4d2	8ca8720f8bec97960d0a24541903f9eece1e2a825a51576e5e77f1030fbef76b	2	false
tests/org.eclipse.swt.tests/JUnit Tests/org/eclipse/swt/tests/junit/Test_org_eclipse_swt_graphics_Color.java	a2286c903e1e7b008a0444ae0adecc8337e5bd4c59e67b983e74f74fe58a5348	a2286c903e1e7b008a0444ae0adecc8337e5bd4c59e67b983e74f74fe58a5348	7ba9c1391f2f1024e405c51a06cc59017e11aec88e16f53e38a43b4c030a56f2	244	false
tests/org.eclipse.swt.tests/JUnit Tests/org/eclipse/swt/tests/junit/Test_org_eclipse_swt_graphics_Cursor.java	20a787b947ab4dff3a1e5bf8673b916581cfbeac7dd02d90e73bc1b277ae2153	20a787b947ab4dff3a1e5bf8673b916581cfbeac7dd02d90e73bc1b277ae2153	16e4b41cae31aeddab132f69fab64fef13a80fb5bd9abba38318445fedcc7226	142	false
tests/org.eclipse.swt.tests/JUnit Tests/org/eclipse/swt/tests/junit/Test_org_eclipse_swt_graphics_DeviceData.java	942ab53fb742af39e56fccc4920dcfc6b45665f8434a44569de134c78b05604c	942ab53fb742af39e56fccc4920dcfc6b45665f8434a44569de134c78b05604c	a8b16068f3c94cc03ac8c697185bf3815981afbe59f5d30916dd8dfd5550ba83	4	false
tests/org.eclipse.swt.tests/JUnit Tests/org/eclipse/swt/tests/junit/Test_org_eclipse_swt_graphics_Font.java	c7c9f11a7a6c199ea1f9ea0ba5ab9b3871077f6528bd8b25dc706dd930550125	c7c9f11a7a6c199ea1f9ea0ba5ab9b3871077f6528bd8b25dc706dd930550125	ce72f6ec7c9ba18606eea95f2f636eb024cefb083411928e1bcc1cfe179beeca	136	false
tests/org.eclipse.swt.tests/JUnit Tests/org/eclipse/swt/tests/junit/Test_org_eclipse_swt_graphics_FontData.java	1d02533d98678da4a93b640ccf21869b2c8648f5703c07349010054f36e25e46	1d02533d98678da4a93b640ccf21869b2c8648f5703c07349010054f36e25e46	d22c1f8f2e81cbeea0d14aa96db3b7516226b0399d0f865947eda45f5804cc6d	99	false
tests/org.eclipse.swt.tests/JUnit Tests/org/eclipse/swt/tests/junit/Test_org_eclipse_swt_graphics_FontMetrics.java	6b83373b4c8f9973a789b8a6fd5836014e07980b214d496f78e543db3532c9fd	6b83373b4c8f9973a789b8a6fd5836014e07980b214d496f78e543db3532c9fd	47fd41680531bf50a3e7307cc453c7f67386060b36d503da58d379766589ba1d	35	false
tests/org.eclipse.swt.tests/JUnit Tests/org/eclipse/swt/tests/junit/Test_org_eclipse_swt_graphics_GC.java	3e75d319bcd51be4e71dcfdd72a0da024a02587fefc70ad23ef1255f005739d1	2cc3711991f6e5f0d7286061dd155432d8a8795144d3d8cda3837067697b51b1	2ab45c9cb99d980be042a3eed59cc33f4106dcf0a835e5316f50614ecf1889e7	894	true
tests/org.eclipse.swt.tests/JUnit Tests/org/eclipse/swt/tests/junit/Test_org_eclipse_swt_graphics_Image.java	9a4d5dff8da8fa9bdc48e06a41958915d14ba2e9b88d00d4306c64a773941761	9977c62a81db0da89e75438113a978dd79df95c4ccd8dfb610a6668180512943	8cebd52a590759d86e362b148d197aef3b722fe932503485c6a7a484035549b8	942	true
tests/org.eclipse.swt.tests/JUnit Tests/org/eclipse/swt/tests/junit/Test_org_eclipse_swt_graphics_ImageData.java	256ed84b5adf283cf9bbbb8f6f65e6cd34dbf8d67c5119efd8c24ed14a42f6ea	256ed84b5adf283cf9bbbb8f6f65e6cd34dbf8d67c5119efd8c24ed14a42f6ea	7e55da82ec6485fb28853420949d52db49cede8e651f2ee657b49157c09dec98	771	false
tests/org.eclipse.swt.tests/JUnit Tests/org/eclipse/swt/tests/junit/Test_org_eclipse_swt_graphics_ImageLoader.java	86de786b14d61296d4698cf7b0f8c6f0236fdd2c680614dd211c6d013c27ae25	86de786b14d61296d4698cf7b0f8c6f0236fdd2c680614dd211c6d013c27ae25	f8f9f42f7db91646686c8b67aa79898451aa4aaf59a02577f8c4983138e6ed2c	129	false
tests/org.eclipse.swt.tests/JUnit Tests/org/eclipse/swt/tests/junit/Test_org_eclipse_swt_graphics_ImageLoaderEvent.java	dca81e76ed94b3282e7af044179a5063c550be25ef0faa37b5cf70cfd739fefd	dca81e76ed94b3282e7af044179a5063c550be25ef0faa37b5cf70cfd739fefd	ab21d0447bc289b28dad8b2fb1da1874898580b71c532515ab7c657477b4bf94	7	false
tests/org.eclipse.swt.tests/JUnit Tests/org/eclipse/swt/tests/junit/Test_org_eclipse_swt_graphics_PaletteData.java	d54eba5f753d2bf07158c131a8676a092d98cbf710ebd40a8be1c92921705532	d54eba5f753d2bf07158c131a8676a092d98cbf710ebd40a8be1c92921705532	93cfdfb248678d6b05ed8c8846f965e4bd76135f63ad4435b8325bcaa584d84c	39	false
tests/org.eclipse.swt.tests/JUnit Tests/org/eclipse/swt/tests/junit/Test_org_eclipse_swt_graphics_Path.java	740708190d835e71d0e6ca35ef7cac922fddf610fc6c53540e8253bed75a992d	740708190d835e71d0e6ca35ef7cac922fddf610fc6c53540e8253bed75a992d	33dc4fe8695fb7d6920190c8d0a201a058b84733abf76fe04532d414d6573b3a	46	false
tests/org.eclipse.swt.tests/JUnit Tests/org/eclipse/swt/tests/junit/Test_org_eclipse_swt_graphics_Pattern.java	07d69329dd5e366dad7dd6af1f48d77c87ca02922ffc6a3e0b46179b0920a56f	07d69329dd5e366dad7dd6af1f48d77c87ca02922ffc6a3e0b46179b0920a56f	e3b79878a7072bb0a8c4827db63cd5343aebea4d132879f09ea46d54f9873cfb	87	false
tests/org.eclipse.swt.tests/JUnit Tests/org/eclipse/swt/tests/junit/Test_org_eclipse_swt_graphics_Point.java	1e7af9676af6b783cd27f503bda475b5dcfd46a4b4b12b86c329de7dc7c1c461	1e7af9676af6b783cd27f503bda475b5dcfd46a4b4b12b86c329de7dc7c1c461	6fa9799247b46d55b08be2ae34ab686d437d340131b74ec845dc51d603d0968d	43	false
tests/org.eclipse.swt.tests/JUnit Tests/org/eclipse/swt/tests/junit/Test_org_eclipse_swt_graphics_RGB.java	686da339f72355f42c5144a5d7c4e8f9caafc03f9d4d4a738438c3371b9f039b	686da339f72355f42c5144a5d7c4e8f9caafc03f9d4d4a738438c3371b9f039b	7bdeee114fce5981e56bd36a328da4f851f4f430fabfc9317522923652b90ce6	160	false
tests/org.eclipse.swt.tests/JUnit Tests/org/eclipse/swt/tests/junit/Test_org_eclipse_swt_graphics_RGBA.java	654063b239f94b056999c35b055717fa223f7e757f59bee3bb1ad028fcfe5c8c	654063b239f94b056999c35b055717fa223f7e757f59bee3bb1ad028fcfe5c8c	15e6f1cca2578338e84ac5173db08df653850051a223c0db2e9b49ce7587941f	170	false
tests/org.eclipse.swt.tests/JUnit Tests/org/eclipse/swt/tests/junit/Test_org_eclipse_swt_graphics_Rectangle.java	59d6acff36bae0523b8c6814e97ac1d75b4bcd47abcd47e5c2f5c362af352822	59d6acff36bae0523b8c6814e97ac1d75b4bcd47abcd47e5c2f5c362af352822	62913b67e768fda6c1b9c08d2128bbc549f2c6e3799176379e4a7801f97e7215	185	false
tests/org.eclipse.swt.tests/JUnit Tests/org/eclipse/swt/tests/junit/Test_org_eclipse_swt_graphics_Region.java	3180d1ac6d839835eb58ec6ff82de79310555ef08011cf3b1033f1788a80e7f9	3180d1ac6d839835eb58ec6ff82de79310555ef08011cf3b1033f1788a80e7f9	bc062d2f6ef55fbd90c8b8d5905ac7d32ba16077191ae45dfa8f74c49800d024	624	false
tests/org.eclipse.swt.tests/JUnit Tests/org/eclipse/swt/tests/junit/Test_org_eclipse_swt_graphics_TextLayout.java	a0ae6fef1f2287eeee52e4ea6befa3c0968865969b4e8c028daeaa6ac2814d4b	af386d2007d5b04e42c13babe14d6cd8bbe8a7b0163765c54244c024dae41c25	6d1dc7a1c8e8eae1856c65a9da6f223eab07f88beda9879c4dd58af6a8703e75	893	true
tests/org.eclipse.swt.tests/JUnit Tests/org/eclipse/swt/tests/junit/Test_org_eclipse_swt_graphics_Transform.java	8bc015664737aecc71dce0e30577c713f4eac3ed0e2618b782681986d25a8e52	8bc015664737aecc71dce0e30577c713f4eac3ed0e2618b782681986d25a8e52	8a16973be975d72ebeb98f8b1c7736b754c96d31552881d9100fca91354368d8	49	false
tests/org.eclipse.swt.tests/JUnit Tests/org/eclipse/swt/tests/junit/Test_org_eclipse_swt_internal_SVGRasterizer.java	0c6503d45ad0f9a810fb21cdcaf7162c5b05d36988a8996dfa252ae2b5d10b61	0c6503d45ad0f9a810fb21cdcaf7162c5b05d36988a8996dfa252ae2b5d10b61	6fcc404f88b98210694e2e48fc20c2fd2a1482b9316b93e80378933d0c6a7b02	35	false
tests/org.eclipse.swt.tests/JUnit Tests/org/eclipse/swt/tests/junit/Test_org_eclipse_swt_internal_ViewportPaintGraph.java	5c33168dabb4ca74c66173d16ae71e29b7a80773ace076ca17003d01fd55954f	f21195122d25c6628d4628bc62b2fba69be74de83490f2639bd8ce6c671048b5	10ade8de496f409bd504b49bc2aec85afc29d4028284ecfbacb574b4265b8f1d	357	true
tests/org.eclipse.swt.tests/JUnit Tests/org/eclipse/swt/tests/junit/Test_org_eclipse_swt_layout_BorderLayout.java	ceb43ff736faf0d14a3ebbb54c1fb637b6d6f43c79a483902b43afff1c26ea21	ceb43ff736faf0d14a3ebbb54c1fb637b6d6f43c79a483902b43afff1c26ea21	8456057a1a9e9a604dba74620a739df6cd1a0a4d453c59066326b9b1a9d20452	102	false
tests/org.eclipse.swt.tests/JUnit Tests/org/eclipse/swt/tests/junit/Test_org_eclipse_swt_layout_FormAttachment.java	93f480e61706b9b397eb9e5a4cfff190edae5d411613e180051d424bbd3bf73e	93f480e61706b9b397eb9e5a4cfff190edae5d411613e180051d424bbd3bf73e	2c4efaaa14e609a253986d5a9603b5c4d760201c3917f23e5ec210463401a0ca	26	false
tests/org.eclipse.swt.tests/JUnit Tests/org/eclipse/swt/tests/junit/Test_org_eclipse_swt_layout_GridData.java	c76f10fe4f334261ef94b00300e51326aecc274faf4a2ec9798e77cf633f85fc	c76f10fe4f334261ef94b00300e51326aecc274faf4a2ec9798e77cf633f85fc	77f460e659dd2c61f154b551013c22abe3dae59501c89be21e57b7056340ca97	24	false
tests/org.eclipse.swt.tests/JUnit Tests/org/eclipse/swt/tests/junit/Test_org_eclipse_swt_printing_PDFDocument.java	1a8974291ea481d3c20e7ebcd6562b99afd41c51a0bb860cf54c919d642e6b4d	1a8974291ea481d3c20e7ebcd6562b99afd41c51a0bb860cf54c919d642e6b4d	b3804c1c9e3af60b974926ecbe6047c3177207c042972d77e024e43ecb5b3240	73	false
tests/org.eclipse.swt.tests/JUnit Tests/org/eclipse/swt/tests/junit/Test_org_eclipse_swt_printing_PrintDialog.java	9147d3ccfd7ce7dc3845a5344de72ea2d4cb4ae72eaa7a73c27423e872b3b52c	9147d3ccfd7ce7dc3845a5344de72ea2d4cb4ae72eaa7a73c27423e872b3b52c	dd2f04a4be1cef1b4c9369e469eb5163349f3c8f233bef4131a7a10473348925	10	false
tests/org.eclipse.swt.tests/JUnit Tests/org/eclipse/swt/tests/junit/Test_org_eclipse_swt_printing_Printer.java	edb5581c3759047df5b8925c2f29ec539420c9300b4f978962d0a0cac95edc0a	edb5581c3759047df5b8925c2f29ec539420c9300b4f978962d0a0cac95edc0a	c3ce3e3afbfe796ac7ced36e731d9f7fcdf172f40a558ced3fde7cc0f752504f	92	false
tests/org.eclipse.swt.tests/JUnit Tests/org/eclipse/swt/tests/junit/Test_org_eclipse_swt_printing_PrinterData.java	97c72971869ca40c825d4d12c59a67bf2842d920c1df2f013378a26dcb00d5e2	97c72971869ca40c825d4d12c59a67bf2842d920c1df2f013378a26dcb00d5e2	5a34d0c196ab2fb4205781f62a8cca34a68455e2536b04cbcace72736c2ceaaf	8	false
tests/org.eclipse.swt.tests/JUnit Tests/org/eclipse/swt/tests/junit/Test_org_eclipse_swt_program_Program.java	a32fbbb21d9adf574d586b2bec138a8530fdba6aed1b835f91f3134ec0082ff0	a32fbbb21d9adf574d586b2bec138a8530fdba6aed1b835f91f3134ec0082ff0	867466628b4bc60bebce2a97e4c93f6342b98244f9bf89ff3a07abf4a212755a	101	false
tests/org.eclipse.swt.tests/JUnit Tests/org/eclipse/swt/tests/junit/Test_org_eclipse_swt_widgets_Button.java	359ff5114ac76bad93fdba57975820aa1ffff7631baf9fbda4d4ca28524b8518	359ff5114ac76bad93fdba57975820aa1ffff7631baf9fbda4d4ca28524b8518	2da8daf41310a02b0ce55dacf2e3c2aeac3892e98f721cd7836f2857776d039e	402	false
tests/org.eclipse.swt.tests/JUnit Tests/org/eclipse/swt/tests/junit/Test_org_eclipse_swt_widgets_Canvas.java	e614361f2c9cbd048354568b97acdc5cad27c9398016179f867206302823c5a7	59b0d67a2a73704ad11ab7d55f98e1a789438f4f0bfd2fd2d6f49f2f34d204c2	5482124cdd8e7e08647a99dc8a9eb76f34220784819d7e592e1341ca1060f44e	58	true
tests/org.eclipse.swt.tests/JUnit Tests/org/eclipse/swt/tests/junit/Test_org_eclipse_swt_widgets_Caret.java	f53280656cb239b32c2a678b03351f3bdb15bfac08e14c5634641aac227ccab0	f53280656cb239b32c2a678b03351f3bdb15bfac08e14c5634641aac227ccab0	3012276c155c2adfbf53b38cb94bd8b2acca78bb9ae173464696c11a9ab6947d	71	false
tests/org.eclipse.swt.tests/JUnit Tests/org/eclipse/swt/tests/junit/Test_org_eclipse_swt_widgets_ColorDialog.java	a8295b9ed3ef34fcd2f53392d7198e31050b4a9377970c2783fe17f40423aab6	a8295b9ed3ef34fcd2f53392d7198e31050b4a9377970c2783fe17f40423aab6	284a5e5e476b9387d034c76d4ef2dab957b15fdaa9cc1ad26527a13d45233cb5	17	false
tests/org.eclipse.swt.tests/JUnit Tests/org/eclipse/swt/tests/junit/Test_org_eclipse_swt_widgets_Combo.java	562b9c5687ba132ab634190dd3153fc5646c619cf13875472f6253e3411bfaf7	bc648a2ba311a99beb769a9dcf4d000e328fb9351457dfcae381bc2293574365	8914ed42aeeb42b2bb0649df2945596e93dd72ad38c9368a2d6d76315f4e1869	954	true
tests/org.eclipse.swt.tests/JUnit Tests/org/eclipse/swt/tests/junit/Test_org_eclipse_swt_widgets_Composite.java	e995aeac6e4eb26ad8be50d5fc724590e72859d61c24bce78bb820bae4dcaa64	79c7812c5f3186c5f0834ac9601d451460357748d37ae45fb5567a31a1802ac2	9e6c8517c5b5f47d888cfb349081a02ab709bf4146fe6f6583ae281294c65e61	105	true
tests/org.eclipse.swt.tests/JUnit Tests/org/eclipse/swt/tests/junit/Test_org_eclipse_swt_widgets_Control.java	926c8ad455d981d97c6abab993ef15307c04848cddb4484c5e306eff1fd0cda8	aaf08ba634d0efe4ad4bf8837b60fe6fbf25691f89348d11645c774d1e583e57	1cc044bca99c6300f89906efc451f0a671a687d6cd60ef730ff601c52f1acc26	690	true
tests/org.eclipse.swt.tests/JUnit Tests/org/eclipse/swt/tests/junit/Test_org_eclipse_swt_widgets_CoolBar.java	49c28aa277a6b884e5fd8384a45defb8b95a0d481de83e3ef09a04288b149333	f703b70a1f9f91508e8e711f90fe83f92ff860de6e0cbc3640af0e79bc31bc2e	95ac39f2e74bec7ecc57af9eae1de20a8e9e2437ff1b483d221f064f7f359fe0	126	true
tests/org.eclipse.swt.tests/JUnit Tests/org/eclipse/swt/tests/junit/Test_org_eclipse_swt_widgets_CoolItem.java	50931399a07508a3724a020ff273ed299961e1af79f668d89a487a04a78395e4	50931399a07508a3724a020ff273ed299961e1af79f668d89a487a04a78395e4	3a11753c04fa70cf4a43d45d63f5410d0140c8f910bf6f508f0c61b3d1f8a0f0	157	false
tests/org.eclipse.swt.tests/JUnit Tests/org/eclipse/swt/tests/junit/Test_org_eclipse_swt_widgets_DateTime.java	8186f5e02c42b953acc03252e7b066cb44786617b49b326d438d231e9b42ac6e	8186f5e02c42b953acc03252e7b066cb44786617b49b326d438d231e9b42ac6e	b2bdeafda39dec7f6d950645d7d3378a00bf1ae6ec377059c7e28deaf2a93383	485	false
tests/org.eclipse.swt.tests/JUnit Tests/org/eclipse/swt/tests/junit/Test_org_eclipse_swt_widgets_DateTime_Style_CALENDAR.java	9108d6151ef82e3a9948292d865ca155f3843fe39a1c98e8c53216022d3b2853	9108d6151ef82e3a9948292d865ca155f3843fe39a1c98e8c53216022d3b2853	263edaabe1592a49eb747938419ae45a0e2cc1597e952f6a34ffd22f49850b10	2	false
tests/org.eclipse.swt.tests/JUnit Tests/org/eclipse/swt/tests/junit/Test_org_eclipse_swt_widgets_DateTime_Style_DATE.java	b1cb105bc7a69805a7ba58a04935938f9eabd089b1bc42cd39c8a31723ea88d6	b1cb105bc7a69805a7ba58a04935938f9eabd089b1bc42cd39c8a31723ea88d6	fa4310d7c3c0f39f070e1dfd1b465ec302f0f52f4693cce198a4c6592154778c	2	false
tests/org.eclipse.swt.tests/JUnit Tests/org/eclipse/swt/tests/junit/Test_org_eclipse_swt_widgets_DateTime_Style_TIME.java	2bf668c003483bfa3d26be5ab37143c79be54c5304c7acd58eca1507b14fce42	2bf668c003483bfa3d26be5ab37143c79be54c5304c7acd58eca1507b14fce42	bbb8ee65836c2ec11acbfc20174fe29f1f6837b0513f488d794c653f4b7a7684	2	false
tests/org.eclipse.swt.tests/JUnit Tests/org/eclipse/swt/tests/junit/Test_org_eclipse_swt_widgets_Decorations.java	68c59cb47862a019771fb5a389f32804113a77a6fd2e5a1ace779dac38256f43	1265fdfd2c9ed9830ad9ae4ba4dd70f029f12d20eb61abd0516cab01d8c853b4	3debc6c3b3c495fd5d2d43fe1a2a690d0b579ec9a7b6725d4e74d29e110aeb7e	102	true
tests/org.eclipse.swt.tests/JUnit Tests/org/eclipse/swt/tests/junit/Test_org_eclipse_swt_widgets_Dialog.java	1c5b3e715b186d127ce402ad3fba6b50009ed039124fc6f342af5b6be7d931a0	1c5b3e715b186d127ce402ad3fba6b50009ed039124fc6f342af5b6be7d931a0	a107e5b66c7f0fccfabd29f6a5af879e1a187108cc83013b0c7f8af8931220ee	18	false
tests/org.eclipse.swt.tests/JUnit Tests/org/eclipse/swt/tests/junit/Test_org_eclipse_swt_widgets_DirectoryDialog.java	d83ace7f8c6fba079844e9f676c0fa2b2c32079f35d88a532e4e965df6b8f876	27fc7dfa852e65474a7f276d825f3b56fc13919e339e91c53d3a473605cbf5cb	e1aa53e876722ebba03bbb7f37b040e0fe16a61be4cf6514467f9b70b9e88153	28	true
tests/org.eclipse.swt.tests/JUnit Tests/org/eclipse/swt/tests/junit/Test_org_eclipse_swt_widgets_Display.java	47d2df1ad35f1aae5cdf282b69f9201ba26d655d82a9b61aed044055b1e52fe5	68bdd1a1d64199bcea531a494e4082177a23acd409718e2ee6e58e497ec603b3	c88bbb4f38b5227808c34f9c9ff32628d5e07c445dda466c3c80bd9e9a0e9376	1176	true
tests/org.eclipse.swt.tests/JUnit Tests/org/eclipse/swt/tests/junit/Test_org_eclipse_swt_widgets_Event.java	35bdabee2a2464e80e8d4c4391929291d2f38fd27c59b0a90b7a9fb6f0fd8dc6	35bdabee2a2464e80e8d4c4391929291d2f38fd27c59b0a90b7a9fb6f0fd8dc6	16f4ee0129c1a3ab28f5cbfa9fa8b2d3669d8ce4ad450df2bc1e86cd29df4890	7	false
tests/org.eclipse.swt.tests/JUnit Tests/org/eclipse/swt/tests/junit/Test_org_eclipse_swt_widgets_ExpandBar.java	47ece29fe6ffbbea56fb552f6dda7f7d608881863cd649d83b2f8bbc45735819	47ece29fe6ffbbea56fb552f6dda7f7d608881863cd649d83b2f8bbc45735819	6c56c856fcd5e54d4b989b6936c22d8d7c07263f1ead6ff4721a5976ee757e56	160	false
tests/org.eclipse.swt.tests/JUnit Tests/org/eclipse/swt/tests/junit/Test_org_eclipse_swt_widgets_ExpandItem.java	69c3771263bf55890e669821333d6d031642beef7ad1936c34f6852af7e8ed88	69c3771263bf55890e669821333d6d031642beef7ad1936c34f6852af7e8ed88	664f74cbb722cc9957ce245342113b559aa96bb7661095b042fa7dc7e9d315e5	58	false
tests/org.eclipse.swt.tests/JUnit Tests/org/eclipse/swt/tests/junit/Test_org_eclipse_swt_widgets_FileDialog.java	946d16b35bb81d578c65b256b92b085da1c743b5235650cf949fc43099def484	50d69bf4d885a8c3fd62408b05cbf7b2309f42fdcab44c6c22c1460298cf77da	4a837b6e4c1aa03134aaed964c98dee658b1b5514890c6d48bac0736ebccf3c6	99	true
tests/org.eclipse.swt.tests/JUnit Tests/org/eclipse/swt/tests/junit/Test_org_eclipse_swt_widgets_FontDialog.java	13d17872b3fbfee12e267a305d7e70a732e157e716f9ea06a2468644ee761d1a	13d17872b3fbfee12e267a305d7e70a732e157e716f9ea06a2468644ee761d1a	7205dd62413d74aad7b63be6ca8fbeb96377c8a0693ebcf7223403336712559a	22	false
tests/org.eclipse.swt.tests/JUnit Tests/org/eclipse/swt/tests/junit/Test_org_eclipse_swt_widgets_Group.java	f53604fdf967dc0e0b2bdc367fe7cf1ac078f928878ee7c247fefa3876e80656	7883002b9be54228c5a3ca0c95e05e135da71389a76933dd86b96515ca7cb4d0	fdca7b3d71be9b8c6f237f234dffef240bce71279077038781e03f8593fef455	24	true
tests/org.eclipse.swt.tests/JUnit Tests/org/eclipse/swt/tests/junit/Test_org_eclipse_swt_widgets_Item.java	51c382861fc21634294624c7d916189e4a85dd0f3a66b76b05f1e279b2dddf49	5dcadb4f3574c09c059917f354fdfb3f84046c01a16da0a3ddf62c9e8adf1e6e	6be37612e3f0c0bf78a2f4f492d14a398b60cc28d352955115b4f1e6157efcaf	47	true
tests/org.eclipse.swt.tests/JUnit Tests/org/eclipse/swt/tests/junit/Test_org_eclipse_swt_widgets_Label.java	6dcb01647026b6568abdb0aed16ac0933da455ae24e0b8dccfa173ce392ef08a	d642b4b808d73ff216c996306af6fcf2c6d74ecd29000943ebe11cbfd0307a61	fa6ab72a48ab539ddf1f045d3cc62ef73f255ed9d26b99a19171863208e76a64	48	true
tests/org.eclipse.swt.tests/JUnit Tests/org/eclipse/swt/tests/junit/Test_org_eclipse_swt_widgets_Link.java	70539f66d7849d42a84bc69d5f6e5ad343930d06e4e30b1ae5a3b4da2ce70d0a	70539f66d7849d42a84bc69d5f6e5ad343930d06e4e30b1ae5a3b4da2ce70d0a	15f81ec2e0c631f791e2209dcad0cb7187a647acfc66a1078f840b04effc2c13	114	false
tests/org.eclipse.swt.tests/JUnit Tests/org/eclipse/swt/tests/junit/Test_org_eclipse_swt_widgets_List.java	f54ece83824c753ba89fe28b823569672be34e6cf4fd83e03b9895148ffb7ea4	6a28359121c13431228e03a0c22ada28313a6fb51aa29f224d52f8f37d942ce6	052eeb278b28de7dcad0c525b9da9d30c8861a9c1f0ecb8e26709aba22899c2c	1444	true
tests/org.eclipse.swt.tests/JUnit Tests/org/eclipse/swt/tests/junit/Test_org_eclipse_swt_widgets_Menu.java	07398a0190c1e429608e09c9464fc8ca78a2762ea7b6ee918c78eba25dce0fca	8687b6712f68330cb9b0cf3003e625b04ae0f83911c7089c5b352cd2d9037319	e971707455651a3963e2873561a05cff5d3805c4da6901cb2a5e2ecfff6b0a94	164	true
tests/org.eclipse.swt.tests/JUnit Tests/org/eclipse/swt/tests/junit/Test_org_eclipse_swt_widgets_MenuItem.java	d7314e86984aac5561b74bf192cb77a729a9ecb5129401abc0b12daf460ecc8d	d7314e86984aac5561b74bf192cb77a729a9ecb5129401abc0b12daf460ecc8d	aa5770eed67197bc9b7c4c26e2a755e25726349947194eab168e845e017bfaa5	145	false
tests/org.eclipse.swt.tests/JUnit Tests/org/eclipse/swt/tests/junit/Test_org_eclipse_swt_widgets_MessageBox.java	fe7585c1c1fe9c34a9cf9c4621d88e8b0bed943988c19e18fd027476c0f471cc	9e5e39a0df2eb0d1af719e1b769ca1fecaad7c3467353c1fdb214dc5418ed3cd	16bad66933eb30c271eb127d3f0992e46bc6052ca6e8fbba1a7e4caa8094b214	19	true
tests/org.eclipse.swt.tests/JUnit Tests/org/eclipse/swt/tests/junit/Test_org_eclipse_swt_widgets_Monitor.java	e96c88f2549bd38a130eb353f0a00c1e90b0b5ea7cace41a520748349eacc334	38dec350404db8f23a7f84f51cef0cb0b01956a82adc1164e5a733acc4c38778	ee6f198b4ff17e5ed943371e82b64a7ee1426a35e4e32b45ebe38b6e28dca3ef	58	true
tests/org.eclipse.swt.tests/JUnit Tests/org/eclipse/swt/tests/junit/Test_org_eclipse_swt_widgets_ProgressBar.java	92ae8d2085468af15a72e785ddb8c09e80729d79cf40ba21ed313ee7f0b754a5	8d71f6feb775f0e7f3db1da947c09b51ec2025d740910088b32d51d52a9facb3	c3f5d01e31848a9b3b27e814c347c2edeb626a53ad9e709a24fb11f2f6f72143	53	true
tests/org.eclipse.swt.tests/JUnit Tests/org/eclipse/swt/tests/junit/Test_org_eclipse_swt_widgets_Sash.java	9bba4bf0e123fd7f3e550b73ad7f158a2c3ec0c117b121c2b0ee34829d6f21f4	9b4f93afd57d9ca6876b124843705d44c06f57d2c85a904e2fcf06d125a60c15	fa139b25d3aa26811550edd0475c73ad88a943a9fa9db8a2be4d72987a7c2d71	28	true
tests/org.eclipse.swt.tests/JUnit Tests/org/eclipse/swt/tests/junit/Test_org_eclipse_swt_widgets_Scale.java	3ce9e7bf42223d557934caf295f77cb945bc97da4ee5c84e32c39b51b05652a3	955435bd1272df18f889d1e5a7d60a6d7a6c1af93682c56dffbda728f85d4e46	d9026f8762916b1af59c4d7a9eb102da6f9beed5cd6197b92c34bc67f3d6ddc3	59	true
tests/org.eclipse.swt.tests/JUnit Tests/org/eclipse/swt/tests/junit/Test_org_eclipse_swt_widgets_ScrollBar.java	34610c373d7f0c87c77d664768bbd07977e4e7c93c932bd517d62d1e22201425	34610c373d7f0c87c77d664768bbd07977e4e7c93c932bd517d62d1e22201425	3cd329929c6833831fe945df3576390a996eddb02678da06b3aa461317ece25e	132	false
tests/org.eclipse.swt.tests/JUnit Tests/org/eclipse/swt/tests/junit/Test_org_eclipse_swt_widgets_Scrollable.java	d0ca518704be699293faa0933859ec8e829dbf481e0be4a07812ba700708ca7c	d0ca518704be699293faa0933859ec8e829dbf481e0be4a07812ba700708ca7c	444db4b0d2176c8112a28645042c3fb76f18b6da80321486555873b44d45867c	12	false
tests/org.eclipse.swt.tests/JUnit Tests/org/eclipse/swt/tests/junit/Test_org_eclipse_swt_widgets_ScrolledComposite.java	930909d690d63994f8bf7af898ae2917a976fcd8abe5fb6dcb7cb117efda770a	930909d690d63994f8bf7af898ae2917a976fcd8abe5fb6dcb7cb117efda770a	dea7f350688c91de65624f9807a6686ac904b6c0ba307dc735b35266bf91d5b5	203	false
tests/org.eclipse.swt.tests/JUnit Tests/org/eclipse/swt/tests/junit/Test_org_eclipse_swt_widgets_Shell.java	4d171659623c245cdc8e8dd6a5c90ad56814e28dd43fb5f7c06f97d6d8702d11	6bfc4eb06861789a1fcfde559d81ce1bc332481deb83c3557447b35c9c9607dc	f220e20e969cd1e21806d09277e2b95b0f54e754ea70e3098ef551943192f018	658	true
tests/org.eclipse.swt.tests/JUnit Tests/org/eclipse/swt/tests/junit/Test_org_eclipse_swt_widgets_Slider.java	7ef9feab248ce9337103a59e3b2b6d9c1026d1ca16e143164e7fc904929920d7	d05eb956c2fc39076b7dbb3c41bd16acc642bd7268aafff19344ebd1fb1d4ad8	94e273f3d991c9092bba8b79aaf9057e7b3f206e91a07315b086cd686804cdd9	155	true
tests/org.eclipse.swt.tests/JUnit Tests/org/eclipse/swt/tests/junit/Test_org_eclipse_swt_widgets_Spinner.java	e0b816d8795ed17d20a5a30c92bfc4bf413a30e96f1c412efaa5f9d345e2b3fe	05111bb52e7d3636d90472a573e9333f6eaf7d874a2899b2146e9b02ad89f817	47c7f0c9afb6448ced2b5fa5563a150458db08e7db19e723cc9ca6be86dde83a	102	true
tests/org.eclipse.swt.tests/JUnit Tests/org/eclipse/swt/tests/junit/Test_org_eclipse_swt_widgets_StyleBits.java	8b7160ccd426f9d36ba502188645164ee09536baf9217aaac80e30e9a1820c61	ae8fae54d01360ec0d017903f0c3968d2e93519043514eba911fb88b141ce6b6	2163f4a4870a4a65e3118bee8ae1c705d1d084aa3a30afe059b0b838917b6c31	67	true
tests/org.eclipse.swt.tests/JUnit Tests/org/eclipse/swt/tests/junit/Test_org_eclipse_swt_widgets_Synchronizer.java	eaec6390c287f9f6bc3c28daf5cdc586583101b668f979c94b3c69159ad20237	eaec6390c287f9f6bc3c28daf5cdc586583101b668f979c94b3c69159ad20237	e0d1be759b3203b18eb025c690fb4b592d437bdaaf9fa19fdb8d49d77f423784	39	false
tests/org.eclipse.swt.tests/JUnit Tests/org/eclipse/swt/tests/junit/Test_org_eclipse_swt_widgets_TabFolder.java	49913202c4028730c565790b9100c8e3afaac8f2d8d0241c58885234c96a9ee6	94324c30dfc91584246c6969c996a86130ba87eae928a20bf9b87519e53c585e	e335b4b1eee08307950cf60032d80fa301d14db6dbd37b68f892f11049ff1e8c	304	true
tests/org.eclipse.swt.tests/JUnit Tests/org/eclipse/swt/tests/junit/Test_org_eclipse_swt_widgets_TabItem.java	40c321fb6e9289b80654c45362fba4170cccab24b08794a2d9b7fbe0f9b118d2	40c321fb6e9289b80654c45362fba4170cccab24b08794a2d9b7fbe0f9b118d2	86e2e661c373d7ce9479ac0f393c470771be8d856e6ad66ae27913224aa6f735	37	false
tests/org.eclipse.swt.tests/JUnit Tests/org/eclipse/swt/tests/junit/Test_org_eclipse_swt_widgets_Table.java	946edbdf351d8636f27fa4f53b33dd7ce2b0c4c4e5d0500e39b52e234b0acf0c	0e353338671d30f146596cd77a9cc1cf47dd1992a5ca4d48a064d13c4048eff7	33b3fc47cec4e26ca1f100d4ad4a6c9ae92096d2aad9797decaa70c33dc75e3b	1759	true
tests/org.eclipse.swt.tests/JUnit Tests/org/eclipse/swt/tests/junit/Test_org_eclipse_swt_widgets_TableColumn.java	bbe93cecfd687c08eb87db917cede1d6753ffd95210e2d03813fbb276089c1eb	bbe93cecfd687c08eb87db917cede1d6753ffd95210e2d03813fbb276089c1eb	6abd72152dff09061117771a788df00f44a962441055a07154817bf6e06db913	78	false
tests/org.eclipse.swt.tests/JUnit Tests/org/eclipse/swt/tests/junit/Test_org_eclipse_swt_widgets_TableItem.java	0fbb04199679df20b68c96a6ae050291e370a765fcd4e6ee855ae1d281606b97	b9683fb3a9a142d437fb44e04322be5908c98bbdbd6b3595571ba8dbf5fbf0ee	7ad60c488e9730546ab5aca77fca7f2c80b3d71bfb142d9f95d849894a12c1c5	534	true
tests/org.eclipse.swt.tests/JUnit Tests/org/eclipse/swt/tests/junit/Test_org_eclipse_swt_widgets_Text.java	ee9caaf0a7f1178df6d31025a0afa9cab125ab0fc715dc3bb3eef243c08ea14b	91c03c18a7ba6b194a77dcd518ac33d6f9805d4c2dc75a8880cd74732eb41778	2f0e8f35a8554379517bd38f3194aeeb06bab19e536c2b0978db40b99f096780	1148	true
tests/org.eclipse.swt.tests/JUnit Tests/org/eclipse/swt/tests/junit/Test_org_eclipse_swt_widgets_ToolBar.java	b18ea23b8f5f75270e4259cdf27af3470995f0562580fc51614437999ffeec6e	b18ea23b8f5f75270e4259cdf27af3470995f0562580fc51614437999ffeec6e	a4329de2633ca1585cd9ecbfea641700b31e6f68ab43fc5781519cf697b1dacc	133	false
tests/org.eclipse.swt.tests/JUnit Tests/org/eclipse/swt/tests/junit/Test_org_eclipse_swt_widgets_ToolItem.java	ea327871e7560763f82218143a192fe33bccadde05c629dfb6a4eab0a5625dc7	ea327871e7560763f82218143a192fe33bccadde05c629dfb6a4eab0a5625dc7	3dd6fa5efb4c17929b253ca1ce6d99d43e8ae9befa51dde3242d0b276c1f44ed	50	false
tests/org.eclipse.swt.tests/JUnit Tests/org/eclipse/swt/tests/junit/Test_org_eclipse_swt_widgets_Tracker.java	7501204afd507077bb9a9874d31ce8d2c60f2a388c392ebfbf58a396c0d81f3b	7501204afd507077bb9a9874d31ce8d2c60f2a388c392ebfbf58a396c0d81f3b	7f9c8f6e1a0f0290c0f1b7c68687fb9210050ea5ab8b226ac6bfa884ac0f5c91	4	false
tests/org.eclipse.swt.tests/JUnit Tests/org/eclipse/swt/tests/junit/Test_org_eclipse_swt_widgets_Tree.java	1406166e72df508d399ff4d4876e436db1c4c9e7464bfedad7907db4c8d15a91	eca61d85f40c56ccbc954c6d99fd03a90eb8e480724884176315235ccce8af94	a5473c67d1e598382bd725bf65f9536658812cfa59fa1be2ccc61aff4248ae68	1776	true
tests/org.eclipse.swt.tests/JUnit Tests/org/eclipse/swt/tests/junit/Test_org_eclipse_swt_widgets_TreeColumn.java	f79215d9c7a02cb1ff37472413b68fcf37257e3592d776712927c4f8d7d109fb	f79215d9c7a02cb1ff37472413b68fcf37257e3592d776712927c4f8d7d109fb	789add13d541ce52ed8389210bf6914d183c5bd0fedfbd2bea159d424143bb73	117	false
tests/org.eclipse.swt.tests/JUnit Tests/org/eclipse/swt/tests/junit/Test_org_eclipse_swt_widgets_TreeItem.java	948c3d81a85331b48ddfc42f2cde23890e5f842cd13568d2a4ec3ba466b70f72	c9ab42a132e9254ab527a452606bf13915725306315017cdb7174c1a20655837	9d4892202679c897df5805f0499b0e7d367b780c30dde4d72729974c09483c3f	802	true
tests/org.eclipse.swt.tests/JUnit Tests/org/eclipse/swt/tests/junit/Test_org_eclipse_swt_widgets_ViewportPaintGraph.java	6fca31b579293f3202a1a40b53882d6c136992300fa4c94557ab99bd0b882a6f	64ec133e90bdf94eec0ab7c3030927e8b0a68f198ce4935128818581093d896f	af911f5fcc791943adf74a431ba3cfcddada7c334f8f3c7bfbb72d94b7461b1b	177	true
tests/org.eclipse.swt.tests/JUnit Tests/org/eclipse/swt/tests/junit/Test_org_eclipse_swt_widgets_Widget.java	2ffdee71ca6ad324e17e20dcb6d2dc0c06e252dc50afc49f2b857c83ec0667ea	dccdf45a3f0f8111620b047c4c0822c96f4c3f008d343db669dbae4f99873bb9	59bad4fddf967b8c9c239b63444396cb7d40a11ed62e35e2b61d649a961d166d	157	true
tests/org.eclipse.swt.tests/JUnit Tests/org/eclipse/swt/tests/junit/ViewportScreenshotRegressionTest.java	4d11153e31d24dd27f8ac1114eecd19fbb9064838aacdfafd64d5ffe0c4ccc58	aff93f4f03edbb599b888d563d6efc084bd33c4b2e90634dd4b299bb8ebd5570	7e45db2c72ebcc5b932864db32f34e0ad1b1f27fdda6bb3e05b54213a4080c30	356	true
tests/org.eclipse.swt.tests/JUnit Tests/org/eclipse/swt/tests/junit/memoryleak/Test_Memory_Leak.java	611b4cb18d41817d7347977c1fc84dab5f22fb9c3730edb8e03cfc6e6b3837e3	af322fecc858d1db27c272988ef597cfcc78e8058927b0e92aa5df6a0b1c0733	669f68f04b5cc0d66586d4a1cee483360b46166aab44b6e2c481a1e00cb9bae1	23	true
tests/org.eclipse.swt.tests/JUnit Tests/org/eclipse/swt/tests/junit/performance/BenchmarkSwtMultithreading.java	a2ce0c23a19e8878c8e5ef7e4e2c56c6200fa0c80a2cdf610c19b95aebb3e999	d8b526b8ab7a275cad51849f57b297112ce08951ec1f53a9ba8916938eebf3ee	0018a3ac8a864fb4dac1793031ff7710455f0a4d8e43bff88c6087bd372c5cf7	40	true
tests/org.eclipse.swt.tests/JUnit Tests/org/eclipse/swt/tests/junit/performance/PerformanceTests.java	03e109f50deb41acf42d944fe94f4e809401f3c402d905f52b8575c243fbb4cd	03e109f50deb41acf42d944fe94f4e809401f3c402d905f52b8575c243fbb4cd	72e9c52c9a3fe2655acb6f2757e6ca409fa496095d0f8239a609ace5d45fbdc1	0	false
tests/org.eclipse.swt.tests/JUnit Tests/org/eclipse/swt/tests/junit/performance/SwtPerformanceTestCase.java	5a84ed2ab977e6879e657809090a6a91ae808f806224dd301bf5bfa48148e278	5a84ed2ab977e6879e657809090a6a91ae808f806224dd301bf5bfa48148e278	b3d5f66af3560c74169500c0a2878d6f3fc5cf4fce1ed845cdd3353a4e1d3d41	18	false
tests/org.eclipse.swt.tests/JUnit Tests/org/eclipse/swt/tests/junit/performance/Test_org_eclipse_swt_widgets_Tree.java	26c4056c1f6559bbec3822d23f68c256758da792b8729b5e4ddd4e88684ec44e	f4435f59c6a9a7f5f86220af5993fd1dfec923d58a06604bbb5a319cdad5a8a4	d87b7aea5fbe8b900071fa39cc471bced4ed9dc06d5c9664b9d02943cd8324ed	225	true
tests/org.eclipse.swt.tests/JUnit Tests/org/eclipse/swt/tests/junit/performance/Test_org_eclipse_swt_widgets_Tree_Binary.java	c0dca1cb1568bd8d7bd732b79d0159db885829543b8eec9dab46aba806e19f83	c0dca1cb1568bd8d7bd732b79d0159db885829543b8eec9dab46aba806e19f83	c0db70c0f10735f647585ccc02afba9a8a6cde1a968eafd2cd4e75f7a9216012	2	false
tests/org.eclipse.swt.tests/JUnit Tests/org/eclipse/swt/tests/junit/performance/Test_org_eclipse_swt_widgets_Tree_Binary_Virtual.java	f0b6c56b774aa37b64fa5199e33d869124557a8173ab3d3a4133cc65009271c5	f0b6c56b774aa37b64fa5199e33d869124557a8173ab3d3a4133cc65009271c5	4299d230c9a873f19f44373b7306a688faff3a25f4ce0678c69b01e3c8288709	2	false
tests/org.eclipse.swt.tests/JUnit Tests/org/eclipse/swt/tests/junit/performance/Test_org_eclipse_swt_widgets_Tree_Star.java	944acc05dc541d4a87f60c89aced04e91dda38c15123c8cc5fd396f70d5e572d	944acc05dc541d4a87f60c89aced04e91dda38c15123c8cc5fd396f70d5e572d	48277bcb6bcb56eddfe5b0e793ba562c5ad265b355bf7f001357bd5110953e29	2	false
tests/org.eclipse.swt.tests/JUnit Tests/org/eclipse/swt/tests/junit/performance/Test_org_eclipse_swt_widgets_Tree_Star_Virtual.java	3b300b871e5d044dc3525da9251c7b3d8f1a2dac71d54c538a51b52705c8740b	3b300b871e5d044dc3525da9251c7b3d8f1a2dac71d54c538a51b52705c8740b	3ce51539954061d9e0df9f04546963b4577bc1e195656803be29df52b01077a8	2	false
tests/org.eclipse.swt.tests/JUnit Tests/org/eclipse/swt/tests/junit/performance/Test_situational.java	17adc5ce76a2efaca867ba7dafeef8ca036fa8807ef51083ccf921e6c078e238	17adc5ce76a2efaca867ba7dafeef8ca036fa8807ef51083ccf921e6c078e238	e92b6cda55eaa44845d03f064227a3059f13a7922cfcc1ce8fa88f1da10104e8	365	false
tests/org.eclipse.swt.tests/ManualTests/org/eclipse/swt/tests/manual/Bug205199_Label_Image_vs_Text.java	07013ec04056e385ad3d06b42539faf460795292b5c131c20bfe80440d0939a1	bb45f2b91bce5862a9df96912c8372a6c3bc131d3a206f32a83c2577e03bafa2	03695a7d9309268a7a6adea576284a00b35de749946bda470ab00df98db78ac3	43	true
tests/org.eclipse.swt.tests/ManualTests/org/eclipse/swt/tests/manual/Bug304893_CCombo_read_only_combo_text_selection.java	60d199678b0df3c670c34a007b52ccb61720097393ac2f393ebccdb0beee9051	173951c5bfbd975a65179b864476baa5d9deaa7730c3149e66950dc14ffccfc8	1bc9b90ae45492f699e2b032d7e2e88e5fb8ef72340d1b0db14003cb14bb783e	20	true
tests/org.eclipse.swt.tests/ManualTests/org/eclipse/swt/tests/manual/Bug427882_StyledText_IME_IllegalArgument.java	062a589f5b2c31b4646801313fe7e60ed493ebde302b54bac5ce234a68ba912f	062a589f5b2c31b4646801313fe7e60ed493ebde302b54bac5ce234a68ba912f	fcc39624c66b54891cb9153504b384ec53ec6b088df84d64b544fdc96e04299a	16	false
tests/org.eclipse.swt.tests/ManualTests/org/eclipse/swt/tests/manual/Bug456602_macOS_AIOOBE_Table_selectedRowIndex.java	21929717fd4e78953f164bfbea2df50f512b1b7cbb0c629a5fd779f356335478	21929717fd4e78953f164bfbea2df50f512b1b7cbb0c629a5fd779f356335478	1b11ea0218fba9183db752b7dc080ce9a67b7935ee21015da3df4b5ab9860f44	38	false
tests/org.eclipse.swt.tests/ManualTests/org/eclipse/swt/tests/manual/Bug497705_BrowserDragDetect.java	cf9c534c7ff584dfa0324e4279dc9c8195c737aebd75adf9ccf9d811f165a237	d1d64b84734da290c6a031b7e2a888c05e661562330fb5fb055f5a2a00ebcab8	ba09d361c5924554480bc689b27dec7bb86883700987aeebfe5d963f18307c58	44	true
tests/org.eclipse.swt.tests/ManualTests/org/eclipse/swt/tests/manual/Bug500475_StyledText_NPE_on_selection_drag.java	f1fff21bd7bd83c2d5e4aab7013921ad7e093494ae93a53cde7b5c62ab8c971f	8c8135e6ab8f7227f98f89fa802b406fab509d17337c9a4c8a9943e77520e01a	6c795213e4cb1ab6135357a7e892cbd53fc58c7dd3f8ffc4dd615b58ae616460	15	true
tests/org.eclipse.swt.tests/ManualTests/org/eclipse/swt/tests/manual/Bug528251_CTabFolder_nested_highlighting.java	b102f46c532062471832db188f405fa322493ab35805529cbc12ef02b2a72208	8a003dbddea26b6dce92d54e39c8759fb2b24c358c3c19703042c7bbd985b638	f4a7fe879e7bdb2026ec0edaf225f07a79434c3c01d7f94dc51de92befaa363b	38	true
tests/org.eclipse.swt.tests/ManualTests/org/eclipse/swt/tests/manual/Bug528415_CTabFolder_tabs_are_painted_wrong.java	d336b67db7e893c4ba4ae02d12cdae6fe31ba7eaa4e8b50a499d59385d04568c	d336b67db7e893c4ba4ae02d12cdae6fe31ba7eaa4e8b50a499d59385d04568c	252cf7da5a99d25841eb4b02cd224704d74e436cea140bb50c7c00691112305f	23	false
tests/org.eclipse.swt.tests/ManualTests/org/eclipse/swt/tests/manual/Bug529534_CTabFolder_topRight_wrapped.java	4da96ea029980ca4a6d6b0d8be1a2be3e85a4ddea0e638ac32d941440152829d	3085edf0bc27444fac690b24d9eb4d3f6fcac0fd389d1dde7b512ef727332b80	6e584ba359234ce7b4f057bf8f0149441dc6c69e728e2d3a039f3f0aa3814ec7	53	true
tests/org.eclipse.swt.tests/ManualTests/org/eclipse/swt/tests/manual/Bug537960_resize_Tree_in_SashForm.java	34a82854f2bb734bbb60fb732dcd66cd2e53f591525d2e0796001a8af8f1ee75	80a40495effc5701d62c42b57d32031333487c10dc3febeadd48032eb5df9547	13cab9525c69b2b2f2fa860b34a67e614f6ad3806740e77fc033767d1a1cabb3	43	true
tests/org.eclipse.swt.tests/ManualTests/org/eclipse/swt/tests/manual/Bug546935_TableFlickeringResizingColumns.java	3ba6f06b35e4e2a39e093a2652e97cfb9b94f3af4e229ff9fe7ee286a2f9128b	3ba6f06b35e4e2a39e093a2652e97cfb9b94f3af4e229ff9fe7ee286a2f9128b	efd400f2bab0eac58338366cf1218f7aea78174aabdfae38d60abbcf2b2610aa	62	false
tests/org.eclipse.swt.tests/ManualTests/org/eclipse/swt/tests/manual/Bug547109_JvmCrashNativeLibraryLoad.java	87c478159eee4395c41b581463493c4c50b84578358329d4b842cde30aa37e69	792c49d5e856793973b12779de850755bd0aa368b087b0c907d0efdb47aa4bb5	42417f72cfe8ae7a72a7342ff794a25f8389e8744a1798ce7e7ad4c94c001d61	74	true
tests/org.eclipse.swt.tests/ManualTests/org/eclipse/swt/tests/manual/Bug548286_DumpSystemColors.java	880f9c6023dcae55b1ac339ae78225c93916c53375f4fa3534751c7a47f33511	50cfb2f8b128fb12d29e792cfd2e7a80ea4aeaa3cdd8b17bf3115b54299427dd	f0c1e479678f6ad1f733912496500bf4f61818c4804c634d9a3c33ec03cc62d8	49	true
tests/org.eclipse.swt.tests/ManualTests/org/eclipse/swt/tests/manual/Bug548982_TreeAddRemoveMany.java	ab4d58762b9ed03daa441140d0275f6d95d7830358a67457ca6b3ada2f0d0af4	d706ea405e753f4d01442a88661c553f0f0c01ce8ea6a9fd680c569c124e6dbd	3e4aab2bb39d8969843a93783b0d569b3e083dbcd28a50c010f10c10ca11c4fb	93	true
tests/org.eclipse.swt.tests/ManualTests/org/eclipse/swt/tests/manual/Bug561444_JvmCrash_SetRedraw.java	db0cba67d477e8c269b31179a4ba33a5fde468df716e5bdff94d9732cd034c60	8391e7cc6a0599b29bd5fe634e997bb5e00af4065275c8ba3ce40d92cac35a21	1fe4d34d13ce7883cee4442f660c147ccee15d0afe835d8c4dd031fa284ab33e	98	true
tests/org.eclipse.swt.tests/ManualTests/org/eclipse/swt/tests/manual/Bug562233_DisposeExceptions.java	98efd9ddeda8ea9787d6e1f1ed9a89e3f69f5b4f43380ab33b926f388adb291b	91a056c651ca9c935ae4e2533fb93fc5dfe58dd90a95262b9beb1f21262f9911	b51b14d102ef454ed7dc385443e2048434d5268db13b907012d3a85e9a7e8e9c	164	true
tests/org.eclipse.swt.tests/ManualTests/org/eclipse/swt/tests/manual/Bug562408_ExceptionFromCallback.java	2047a38c02c0d3b8205dc70addeee7056111ae53323263a76395290735fa6184	1bdeba0fc6aad55e424e27ed712208037940b55eec800a4dcf545e48827734ed	e832cc8dfe91c7139412ca39767e2b656a57906bab695a2a7b8422f856987915	128	true
tests/org.eclipse.swt.tests/ManualTests/org/eclipse/swt/tests/manual/Bug564162_OwnerdrawCheckboxLayout.java	0f3e242d5037a4621c8b4e6b4fe92aacaed1fab53215b1693e5107f67c88d3da	ae9107865a95faaa159ce9022f13442357d3e0ec7de91220d63dba4ab71278ce	aa778f8e4bd0bd40693791b65ff34352ec3a3b9618786164deae8d610f62dd98	40	true
tests/org.eclipse.swt.tests/ManualTests/org/eclipse/swt/tests/manual/Bug564595_PopupMenuSwtShowEvent.java	99e9ba1ee51c040baa396547e438b8e1fb377582f710a76b2c9d2e8aa660de49	4f9271a02c14758cb4f3892ed3cdfebf5085ad25f35720bd2535b017531aeb38	a4c99f067127892db21a2cb9495567f83dcfd62526e332334e4d289dabc900f0	51	true
tests/org.eclipse.swt.tests/ManualTests/org/eclipse/swt/tests/manual/Bug568033_StyledText_CRLF_IAE.java	fd9fc3880ba6d768779526a25a3091fac94851e05b91746d4b6fd130d783bf13	fd9fc3880ba6d768779526a25a3091fac94851e05b91746d4b6fd130d783bf13	7438c216baf72f43ff8bc704755d8ff4450d306ddb737f468c0612d2f9f8a082	47	false
tests/org.eclipse.swt.tests/ManualTests/org/eclipse/swt/tests/manual/Bug568550_ShellActivateOnClose.java	8796066e2e70e157ece4adc41158d4ddb8c83e955df16998646c7fa43d444f38	8796066e2e70e157ece4adc41158d4ddb8c83e955df16998646c7fa43d444f38	bde398266f484c5a21bc112ce256b5dc4b88e61c279d266e2c7a891b7147fb3c	43	false
tests/org.eclipse.swt.tests/ManualTests/org/eclipse/swt/tests/manual/Bug569752_DetectNonDisposedOsResources.java	2187124d3273522bca5a264a0a069c2a039533d996175b0625a3f415779af83a	c9b3272315d9d70569a6e5827688429a246bb2db7e393014a3a966553dddcac7	5b1b2bcfbfebce96593ae24080f936e9875188697015a064625af5802d72f0bd	36	true
tests/org.eclipse.swt.tests/ManualTests/org/eclipse/swt/tests/manual/Bug570489_Gtk_ComboSetBackground.java	615bd2c9f031491656d49921c7a4dc46116ac060c3218d3b950d28a3707918d4	f9ae0e19145e95018b6f71a976ed71f043b71c41b3b2818dfa024985a4185e36	533477a00c56bddb6c0ff752de93bec5c136a7f330a85eeb7c6dbc6df412faf8	31	true
tests/org.eclipse.swt.tests/ManualTests/org/eclipse/swt/tests/manual/Bug572242_LeakInTreeDragSourceEffect.java	416a952e908eb468973ae500955351db2e513c8c05f27e7bd8b04b1b7b7102b3	e37004d96a8cfd9e1997e8b6af78bb60e279639251989f041aec64cfe4c0750b	4f0f5ca7366873d639c4a07233573dd6e5e0ae661dc1de12bf6ae9212a5cd2d3	76	true
tests/org.eclipse.swt.tests/ManualTests/org/eclipse/swt/tests/manual/Bug575787_Tree_SetItemCount_Perf.java	900fb1ffd394826617648b204c848f306ffc4ecf2bc8bd9b3a5fca73bc181ee5	900fb1ffd394826617648b204c848f306ffc4ecf2bc8bd9b3a5fca73bc181ee5	644b9af71e7df2de6192e1169fe9ef920843b9982c3a214df846da6193a75cc3	116	false
tests/org.eclipse.swt.tests/ManualTests/org/eclipse/swt/tests/manual/Bug576334_32bpp_BMP_Colors.java	61ae114fd087e68d5745cd067060914a6b94d450585a834d2bc5dcc69b1b9c1b	b9456c64c2a782e69927d116274c562b449715015c9640afbf985d423d8f99aa	75ec0f6c93f038e02a500f3ad71a0f540ec46031151cd91eaedfee6bf586a2ec	19	true
tests/org.eclipse.swt.tests/ManualTests/org/eclipse/swt/tests/manual/Bug577042_DarkButton.java	fdffeb5d8ae46906727f673eb6bb8dbd0849994a16d9ef1164185bff67aa8d75	2b89ea5b5e38d0b9af1e841a1595118a25e2dab1cb745c4d62818a9776512ad2	4777eb301948b7ad74c067888036ec9ddf095dc3d983ef25888915d5b973eb59	120	true
tests/org.eclipse.swt.tests/ManualTests/org/eclipse/swt/tests/manual/Bug577129_Win11_NoButtonArrows.java	06d5738af92f250dc4152512b32e7da2ea11e983f7c79343e9e279e4327a5b24	06d5738af92f250dc4152512b32e7da2ea11e983f7c79343e9e279e4327a5b24	3a25a11733e16ced3fa27bb2c0bf0900980f9fb03862d0906fe866cd96d7255b	48	false
tests/org.eclipse.swt.tests/ManualTests/org/eclipse/swt/tests/manual/Bug577858_macOS_DragStartsWhenCanceled.java	b5a252d7fe471fc627ea65de8afc759b0f994e73273d84e6426b8d8893e7939a	15c8f286221b339588a0576df0d38bb35b22d931644eadd8523cd29d42ceca7b	7fd3fe45192712ef9f08ff6f0f99ada6c425273a8cabe723a8c9e1b3dbe8f2d3	75	true
tests/org.eclipse.swt.tests/ManualTests/org/eclipse/swt/tests/manual/Bug577878_GTK_TreeTable_NoDragImageWithPaintItem.java	b8defebe5aacf65f21005af575e9610c4af2182693f87c9d086c389655b9b44a	b8defebe5aacf65f21005af575e9610c4af2182693f87c9d086c389655b9b44a	ee33d49e195f76942ce060c295cd8640527732b590de4ac6741608751050651e	159	false
tests/org.eclipse.swt.tests/ManualTests/org/eclipse/swt/tests/manual/Bug577879_JvmCrash_16bppGrayscalePng.java	432baec50204d7d3984afb9d55a536483eaf945983a163a5707c350139f57945	432baec50204d7d3984afb9d55a536483eaf945983a163a5707c350139f57945	633ae0fd4cab426e2b5826e9bd94912f41161e1f53884e40571659f30e860c25	23	false
tests/org.eclipse.swt.tests/ManualTests/org/eclipse/swt/tests/manual/Bug578171_macOS_JvmCrash_ShowMenuWindow.java	a4e223597e9498d337787ab0206b35a73a0fb2fb92e24afd8c6a31987822ce70	a4e223597e9498d337787ab0206b35a73a0fb2fb92e24afd8c6a31987822ce70	81c664d3d92dc48ee47ca5721799be1aaeed59997e44316749e3a65f784f6bfe	43	false
tests/org.eclipse.swt.tests/ManualTests/org/eclipse/swt/tests/manual/BugTemplate.java	5b7a51cd8fbad490813d60eed58b8563de05f1b5ab9c8952484608cfd7b6fd97	20f80489fd784d7d61d742d634758811b3b1f956bbdf21713762982585368ddc	cb26c09b23063ae0ee615b069f562611b3e89a335c5fd26e4154983030f3bf7a	11	true
tests/org.eclipse.swt.tests/ManualTests/org/eclipse/swt/tests/manual/Issue0021_HdcLeak_ImageCreateGdipImage.java	994769f45e32f86c4ea42b219a83f7a95c2611504e54b18d2bcb255e99651534	1abc262333b357abc520c666f2f25c1e412a03e7ba6a5c97e7ef38ceec954cc4	b06d75af673f605554e757a7da7a3b11e26415c9d48fa16ea290af39c3e60d75	63	true
tests/org.eclipse.swt.tests/ManualTests/org/eclipse/swt/tests/manual/Issue0146_CopyImageToClipBoard.java	4fa46a2159231566c47b407ce562cff5fa680e557de7a436e550d71dae92c65c	887b2a5c1cb39f86b2a37153f186cee5f314644714f553fa98f00975ca3dab7b	52a804fe1747f1b161df1a3ffb28d3d58edd1ccb26c422fafc3a44cbe4600282	32	true
tests/org.eclipse.swt.tests/ManualTests/org/eclipse/swt/tests/manual/Issue0232_16bppIndexedImageData.java	1efbe518567097a2f31a79a3fba92cebd1c7d8ac8103c54a475df06e5ccdc3d8	1efbe518567097a2f31a79a3fba92cebd1c7d8ac8103c54a475df06e5ccdc3d8	114e87994e4cedb5c7ac8df556e2d6c3193480a5dc7237edf96ed3a8aef1c99d	36	false
tests/org.eclipse.swt.tests/ManualTests/org/eclipse/swt/tests/manual/Issue0247_WaylandDragDropGetsStuck.java	eed79d2449d8cc5ee25e1dbb8fd11bc460e807bb30eff4c340a5481fcb5658ea	eed79d2449d8cc5ee25e1dbb8fd11bc460e807bb30eff4c340a5481fcb5658ea	6894c4f11ca431ba765da0779a2a4d80ffb9ba6e337f06612826aafbbf230b19	34	false
tests/org.eclipse.swt.tests/ManualTests/org/eclipse/swt/tests/manual/Issue0254_NpeInComboMouseDownTest.java	1352f0937f1edcf7af7525d5e0074d65efed4f76cac2b6d875f16666f86ea2d3	1352f0937f1edcf7af7525d5e0074d65efed4f76cac2b6d875f16666f86ea2d3	4f5e3daf8ffd9e9b103637fa81b927f771c826b41854a6b0d87c0c80f72e748f	16	false
tests/org.eclipse.swt.tests/ManualTests/org/eclipse/swt/tests/manual/Issue0351_EventKeyCode.java	322e5fa14bc5689a8b38b97381f0b8ba3558f11e025361d0152d6a3bb77f1c14	10f2aba668232b50b98b1788956110bfc737d300ee5195b24a7f2d809d1d80a4	22d8f28eaf59f5ea65c3a799db49248e530e7dc91468d22ffc185dd717339cbf	67	true
tests/org.eclipse.swt.tests/ManualTests/org/eclipse/swt/tests/manual/Issue0400_WaylandDifferentDndMouseEvents.java	a454c2652a1e246ef2b85f3548c7196017574d45b36227636bad7f41620ab995	71f9cd78e4965cad4a78775121d278c9de80165b74bf5b5ff38763077021d9f8	92986289adfe4f4209588ddf19bfed65b9ba10f0d8c6e5cda735febb3dda5670	112	true
tests/org.eclipse.swt.tests/ManualTests/org/eclipse/swt/tests/manual/Issue0445_HiDPISmoothScaling.java	cd5487eddadaa9e53c1f58106a7d7f220726965092d0e7170dcd55a1b7faf651	cd5487eddadaa9e53c1f58106a7d7f220726965092d0e7170dcd55a1b7faf651	3a6839017cb056da041e5b3a818d7553aa69d388ec9d1f37d405a73dc27698d4	31	false
tests/org.eclipse.swt.tests/ManualTests/org/eclipse/swt/tests/manual/Issue0448_StyledTextAccessibilityDisposed.java	049a3c84ffb1429d7e22340c7e09d4c2a45d9db492978e3509622a4378182646	5484874dc84b474e8d1ce64fb92a51572a2e1c7cd90f48b59a2e82f15c67470c	43873a0b586d8a011eb09227f61a3428458d420269c7b13832699ae925c7dc07	55	true
tests/org.eclipse.swt.tests/ManualTests/org/eclipse/swt/tests/manual/Issue0519_ButtonAlignmentExample.java	f81192cf28e21fb59f2e95e46a8c7759d99238f1e430d88d72a043c7d9f32ca2	f81192cf28e21fb59f2e95e46a8c7759d99238f1e430d88d72a043c7d9f32ca2	44b2e89cd49fc7ec42a95fe222ebc158860a3ba9ba9a830e8c4f7f593e75dba3	39	false
tests/org.eclipse.swt.tests/ManualTests/org/eclipse/swt/tests/manual/Issue0544_WinTooltipJvmCrash.java	c530545aa1e615fbcbd4c506430a6010edfa5e117dfaa146a0b134189c650347	c530545aa1e615fbcbd4c506430a6010edfa5e117dfaa146a0b134189c650347	7f4381376ccb67e38171dbb08bb93129e1cf1eb6471a48f57bfe52ea3b5e5d7a	113	false
tests/org.eclipse.swt.tests/ManualTests/org/eclipse/swt/tests/manual/Issue0603_WrongTaskBarOverlays.java	2a2bc7fa1376d6694d30638f9768bc1d23ab064c301ed33d2d1828c5874fc43f	2a2bc7fa1376d6694d30638f9768bc1d23ab064c301ed33d2d1828c5874fc43f	c20a7aa54da1422e30a8e59f645496fd65afdc2d6eaf1835286d243c4784fb21	60	false
tests/org.eclipse.swt.tests/ManualTests/org/eclipse/swt/tests/manual/Issue0932_StyledText_FixedLineHeight.java	420f032685cac4d0608e8c80a3c0ed846d3dc98a975cd104b7235faed0f158fe	3b855be16267cbc8a20349fa11dcdea6ee4b5949974544431b38ceddb9664aad	6c5fef692c5161740cc8e5ba3152f73b961bfcf6c25bc4ce7178fb5d5007d698	321	true
tests/org.eclipse.swt.tests/ManualTests/org/eclipse/swt/tests/manual/Issue3522_CTabFolderDirtyIndicatorTextJump.java	6f8f9d3c8648a8eb63c26b6820c48143af32bb33a1fe4d2f6161867e0799d00e	6f8f9d3c8648a8eb63c26b6820c48143af32bb33a1fe4d2f6161867e0799d00e	f1471b0ce86ea2a4c6c9bc23363c462fc0740ef41df0afe45c3d394e93988aa3	35	false
tests/org.eclipse.swt.tests/ManualTests/org/eclipse/swt/tests/manual/Snippet36.java	95c18a2bf589b71c809b2e8c08b1096acd49fb331c37ec057831d23704cf6ddb	36c39b87416cc9c39563c7d4b56bc2b0e27547782f798f373b379ae6508c4645	f0ac995348fb535309899f278a1c4b1e3d301f67ecd73c486cbb071219738a70	38	true
tests/org.eclipse.swt.tests/ManualTests/org/eclipse/swt/tests/manual/SnippetDrawAlpha.java	3b16f6648370a127fd28ae68b8f138976efad9e2930d3e745745843ae9670c33	e1dbbb0767e3107b48987271b5fe5e138629246506a5510be177a57790e8d0f1	878de57863e18c6968871c6c771080caf9a2f57ad1b21e670219e780fadcf5e6	50	true
tests/org.eclipse.swt.tests/ManualTests/org/eclipse/swt/tests/manual/SnippetDrawAlphaTwoPass.java	fb03f05c2ca5b7da1984c4a6e911a74bc378c530c4ae8d5ed17f47f4d9c493b5	39cab1e692f7fbe86012617d3ca15f6399653168d42b3df93ed627ab36bb4860	5936df14c633946a6414f1a1babb1cb2e30078bcfb72599f47529124dad4a0c6	114	true
tests/org.eclipse.swt.tests/ManualTests/org/eclipse/swt/tests/manual/ViewportRewriteStress.java	0c31dc57c351799d690a63473873dd1bb42f2579514860af769c0f5d65af3c2b	2d17845aa1a856920aca1c8b341c321b8378f0656a3c8024565156de6e079849	bbb386e18dd3ea6061edbfb32bd2bbd74c46439da5705422510688323c7a01c5	832	true
tests/org.eclipse.swt.tests/data/clipboard/ClipboardCommands.java	7ad73c980a61dd9aa6556f00384900bb4d1c96e7820e0da8afc5847c297d062f	7ad73c980a61dd9aa6556f00384900bb4d1c96e7820e0da8afc5847c297d062f	15c45901c187a43ca9451a1ce6aad2ee97c7726c47d722406cfba0dd97964ced	0	false
tests/org.eclipse.swt.tests/data/clipboard/ClipboardCommandsImpl.java	d3b630d990781556e0dd9f54416b98209014448036c2b0dd8309ac288a9afb1f	d3b630d990781556e0dd9f54416b98209014448036c2b0dd8309ac288a9afb1f	fb8ff6ac5a4618ca4beebb70d9c9e2293e43c9b78a808d320aadefe0a80cbcf5	190	false
tests/org.eclipse.swt.tests/data/clipboard/ClipboardTest.java	43a446bcd703c742682101d82b34829b56b309bcb67a4e28d3749f29b4b8e26a	43a446bcd703c742682101d82b34829b56b309bcb67a4e28d3749f29b4b8e26a	9a6db335cab4cf5f2b7afbec74de724d10bc64cd518925ae5aa1dc966fb4dda5	76	false
tests/org.eclipse.swt.tests/data/clipboard/FileListSelection.java	a04b1ce0a2980ea5e9db06d94a29ad1c35fe41f8f85272da5dc0031fba940803	0d54c08d204b952850d9e58ffaeb93fc5d0da60335b2f647982e2f1ede5641fc	ff8cd50967c65df54d394c8eedc5f62c18ed0bf42defc5244bebbd22aedea0ed	11	true
tests/org.eclipse.swt.tests/data/clipboard/HtmlSelection.java	8370a051274e62bc193d46a8561a1f05f74ff413dd66b9da2dbb51687651f7de	bd58b8fc2b35bf5a94bf622bc2e4e60c7f79f355b297defde906f6c9edcad3d6	5b4df401d076acacc3d7570933c1291fbf780f492ccfe3188260751b25e93f9c	30	true
tests/org.eclipse.swt.tests/data/clipboard/ImageSelection.java	e7e9ae575f2a6ae83299138dfe347e4ff6f4dbf7eafcd450a204c49f74b3b82e	18987994cb4aeaf5b6eb073fc26d35d41e9c67d0d337bb045d899439ba63ad72	e9dbe3539fb2024fc05e3a93e4bc79a6edf18d3a3eb7c590e2d8bc4d79317c22	11	true
tests/org.eclipse.swt.tests/data/clipboard/MyTypeSelection.java	d2138f73147cfefc71c3402f46ab438cc099a0e6471326623b4fea3b5db914ac	cfe14da8104cf5b3bd6ff8fe7ddc64b5559b14890a10fa963761eb07eb51ac3d	f766829b2982bc857f6193f093aa038d7dc82dddee9aa13972e185d0a007d87a	16	true
tests/org.eclipse.swt.tests/data/clipboard/RtfSelection.java	ffd8d29cfe3e95acae0bb695154a8de51838ce0fd3db5f4141fc4407fd5214e4	277f7a98d97b89445ee29b7c9d0db2116a29cc3fc5a3e0c97c2b18e97aafd64d	20db499f85d68161b38ba7e20e21d1efca1a80d5a6fe44cee23be519c028480a	30	true
tests/org.eclipse.swt.tests/data/clipboard/UrlSelection.java	31c735407459f9755a6c75ae00799afd1d2022a1211cab83ca7bd6cbfd562c24	23c457414268cf1940cc035c99cb9adffd67a8df85187de7a4efb9fbfe808e84	221d9f620ccc31c99f733273d4fbdc81d1481736a78a02bf006f194a8c99a3d7	29	true
